date,ret
2010-01-05,-0.0027181095410496736
2010-01-06,0.0004095278901929955
2010-01-07,-0.0024808412284270664
2010-01-08,0.0030318838571734563
2010-01-11,0.0004786888825538682
2010-01-12,-0.016141047926496177
2010-01-13,0.003388883849697155
2010-01-14,0.004316475129479969
2010-01-15,-0.01885321966346154
2010-01-18,0.007246393069894497
2010-01-19,0.009787900362918212
2010-01-20,-0.020906988013151495
2010-01-21,-0.017868758111381333
2010-01-22,-0.008987412270137218
2010-01-25,-0.011228466355710287
2010-01-26,0.006669790443912138
2010-01-27,-0.004538771808951458
2010-01-28,-0.018229039131546054
2010-01-29,0.01235665745039305
2010-02-01,0.008146131534259915
2010-02-02,0.009758664982783438
2010-02-03,-0.006580131123719135
2010-02-04,-0.024479444649135207
2010-02-05,-0.017873865300585656
2010-02-08,0.009294643941773595
2010-02-09,0.002444855872083096
2010-02-10,0.006931347951358191
2010-02-11,-0.005859424265285518
2010-02-12,-0.0006431838612482865
2010-02-15,0.0019471275075568784
2010-02-16,0.014701242600493769
2010-02-17,0.01005338322217142
2010-02-18,0.0056778298379984715
2010-02-19,0.007330394688433772
2010-02-22,-0.0058737453235231385
2010-02-23,-0.014831855140698291
2010-02-24,0.0020413631102187413
2010-02-25,-0.014812490935227185
2010-02-26,0.011953350916999561
2010-03-01,0.0205502594446052
2010-03-02,0.011035299764093898
2010-03-03,0.0071530156009160795
2010-03-04,-0.003877711305178
2010-03-05,0.014156257385425697
2010-03-08,-0.00024665956568481473
2010-03-09,0.0016984569544744588
2010-03-10,0.008635920301654831
2010-03-11,-0.0013627612113202847
2010-03-12,0.002779728334286302
2010-03-15,-0.006988904434571341
2010-03-16,0.01142195135003199
2010-03-17,0.00892474257861986
2010-03-18,-0.0019869141190941297
2010-03-19,-0.004969784079879691
2010-03-22,0.0008474523011190449
2010-03-23,0.004972028314196297
2010-03-24,0.0036112689638685413
2010-03-25,0.015557243800712106
2010-03-26,-0.002103455957437883
2010-03-29,0.006013070831639933
2010-03-30,-0.0023388424462749136
2010-03-31,0.0018070328650723333
2010-04-01,0.013327308059451815
2010-04-06,0.002670153472550396
2010-04-07,-0.0047662834219712735
2010-04-08,-0.00812869561068641
2010-04-09,0.012617022212503493
2010-04-12,0.0001583669716656022
2010-04-13,-0.0031772273888828195
2010-04-14,0.007634588589690017
2010-04-15,0.0020786017411662527
2010-04-16,-0.017571512057922067
2010-04-19,-0.002986613798825699
2010-04-20,0.016517814377152717
2010-04-21,-0.0054037124693364635
2010-04-22,-0.009896614512840185
2010-04-23,0.01472097406751982
2010-04-26,0.011593572519151829
2010-04-27,-0.027256412464978563
2010-04-28,-0.01220388062285549
2010-04-29,0.009955116587088586
2010-04-30,-0.0014987950520534143
2010-05-03,0.005088209261976395
2010-05-04,-0.025954619262363532
2010-05-05,-0.008059063981943115
2010-05-06,-0.008423403408991281
2010-05-07,-0.032694893172924955
2010-05-10,0.052986098342996835
2010-05-11,0.0032901462756032007
2010-05-12,0.02414496131491295
2010-05-13,0.011074648438524015
2010-05-14,-0.031231795289531794
2010-05-17,0.0016857272353056896
2010-05-18,0.014671407411413595
2010-05-19,-0.02717058984266707
2010-05-20,-0.020169760671111092
2010-05-21,-0.006583277705743407
2010-05-24,-0.0040433716548011756
2010-05-25,-0.02336334979053467
2010-05-26,0.015516641833678735
2010-05-27,0.031107935814728593
2010-05-28,0.0015226251788451606
2010-05-31,0.003052363333636343
2010-06-01,0.002840208570679126
2010-06-02,-1.1673811501911047e-05
2010-06-03,0.012276747994081072
2010-06-04,-0.0191176012803993
2010-06-07,-0.0057131459415764585
2010-06-08,-0.00616438571385336
2010-06-09,0.019800495723779177
2010-06-10,0.012003816993191085
2010-06-11,-0.0014463197692079488
2010-06-14,0.012759935526979183
2010-06-15,0.008171396683673393
2010-06-16,0.0025684572698443375
2010-06-17,0.005270611588436447
2010-06-18,-0.0010540718871534516
2010-06-21,0.012223014166642177
2010-06-22,-0.0038026837827396243
2010-06-23,-0.010291849968930622
2010-06-24,-0.014350834356599784
2010-06-25,-0.007338734319437656
2010-06-28,0.014268789871522358
2010-06-29,-0.0333251731345956
2010-06-30,0.0022664930892388746
2010-07-01,-0.018119098317684212
2010-07-02,-0.003974485864766564
2010-07-05,-0.0030766619527617944
2010-07-06,0.021453832565257125
2010-07-07,0.008732546311055911
2010-07-08,0.007141881162780139
2010-07-09,0.004900885298250168
2010-07-12,0.001970195172736
2010-07-13,0.018748787269249778
2010-07-14,0.0030091248552577277
2010-07-15,-0.00972660853614693
2010-07-16,-0.01774003248718481
2010-07-19,-0.005158735644142265
2010-07-20,-0.0069260888639376406
2010-07-21,0.0038357244902802456
2010-07-22,0.025335625202452805
2010-07-23,0.0039383508691344105
2010-07-26,0.004519718000257189
2010-07-27,0.0021148940282720297
2010-07-28,-0.004570436617423845
2010-07-29,-0.00715976308448818
2010-07-30,0.0021631080751736143
2010-08-02,0.023448335455609204
2010-08-03,0.002507938286621325
2010-08-04,0.0037127862152246394
2010-08-05,0.0003553755644132295
2010-08-06,-0.011675891739003963
2010-08-09,0.01469259629811015
2010-08-10,-0.010288761359576792
2010-08-11,-0.021026872265857977
2010-08-12,-0.003071122506503099
2010-08-13,-0.004035709840198409
2010-08-16,2.6130483006481242e-05
2010-08-17,0.015682674592013557
2010-08-18,-0.003236956056024254
2010-08-19,-0.017971969514654962
2010-08-20,-0.011517404222164074
2010-08-23,0.0009575098499272627
2010-08-24,-0.012555538659195897
2010-08-25,-0.006055143639063565
2010-08-26,0.0022171502881600524
2010-08-27,0.006526735069986245
2010-08-30,-0.006512965708226348
2010-08-31,0.0021666390279451164
2010-09-01,0.0267803865082481
2010-09-02,-8.186309488844579e-06
2010-09-03,0.008345047743830714
2010-09-06,0.003328636734618584
2010-09-07,-0.006035688169042097
2010-09-08,0.007608800362091328
2010-09-09,0.009259572429539897
2010-09-10,-0.0010849438688310675
2010-09-13,0.007548172515245977
2010-09-14,0.002192699097257389
2010-09-15,-0.0021576341187857784
2010-09-16,-0.0019515279964380516
2010-09-17,-0.006382779410377903
2010-09-20,0.01365919386600667
2010-09-21,-0.00295493860200291
2010-09-22,-0.010779177523555061
2010-09-23,-0.003804584629081731
2010-09-24,0.018366236164255145
2010-09-27,-0.0030817313514203137
2010-09-28,-0.0004459853425964333
2010-09-29,-0.004647785898738932
2010-09-30,-0.0028653964782019425
2010-10-01,-0.002838355909246304
2010-10-04,-0.012417591816379137
2010-10-05,0.013305726035994114
2010-10-06,0.008832272062416324
2010-10-07,0.0008802834037573426
2010-10-08,0.002456868651663058
2010-10-11,0.0028354703872772724
2010-10-12,-0.0007829358523483432
2010-10-13,0.020612063778451928
2010-10-14,0.00322479375882212
2010-10-15,0.005736365023339296
2010-10-18,0.003747528434751901
2010-10-19,-0.003980576137163516
2010-10-20,0.005216681675894952
2010-10-21,0.013251483018090093
2010-10-22,-0.0007820169774792607
2010-10-25,0.005051608573143351
2010-10-26,-0.0038272861378844114
2010-10-27,-0.0069248852460033206
2010-10-28,0.004153438665689624
2010-10-29,0.0009234380086433625
2010-11-01,0.000528639665978492
2010-11-02,0.007486940879307902
2010-11-03,-0.0054867076503444245
2010-11-04,0.017662990747461915
2010-11-05,0.002896978788332394
2010-11-08,-0.0005478361916290142
2010-11-09,0.0055270066800607864
2010-11-10,-0.01001357054145846
2010-11-11,0.0005313091655481106
2010-11-12,0.0016657777483408687
2010-11-15,0.00824992979870709
2010-11-16,-0.018693153332008272
2010-11-17,0.005527279303806143
2010-11-18,0.019707263137051845
2010-11-19,0.0016744375654340615
2010-11-22,-0.0031416444116872944
2010-11-23,-0.017157571116979242
2010-11-24,0.017718091675988035
2010-11-25,0.008186106445286834
2010-11-26,-0.00445954815854932
2010-11-29,-0.022048504456960716
2010-11-30,-0.0014153512429393444
2010-12-01,0.02663376071358603
2010-12-02,0.01324958269506804
2010-12-03,-0.0014214146282752749
2010-12-06,0.0009585400336820094
2010-12-07,0.006834581118435823
2010-12-08,-0.0037189907441551595
2010-12-09,-0.001678638039525504
2010-12-10,0.006032280229411269
2010-12-13,0.0033142523094180643
2010-12-14,-0.0002831304474912866
2010-12-15,-0.0015695399876946015
2010-12-16,0.0011444358011529765
2010-12-17,-0.0059719986923371104
2010-12-20,0.005177251728629262
2010-12-21,0.008461820860627522
2010-12-22,-0.0014227643959004999
2010-12-23,-0.0014473820560825246
2010-12-27,-0.01232130649822416
2010-12-28,0.00019655289924291885
2010-12-29,0.003351948030028362
2010-12-30,-0.011618986421388922
2011-01-03,0.010926846616739594
2011-01-04,-0.0020587512892081827
2011-01-05,-0.005093690343863644
2011-01-06,0.005990114088398446
2011-01-07,-0.004805675132276588
2011-01-10,-0.01306590065369917
2011-01-11,0.012324489635917146
2011-01-12,0.018325820262395265
2011-01-13,0.0008954979950419606
2011-01-14,8.343786070574843e-05
2011-01-17,0.00033351657307556515
2011-01-18,0.009238426373531228
2011-01-19,-0.008495954759693669
2011-01-20,-0.00825804460820767
2011-01-21,0.005431155442155999
2011-01-24,0.0007575445407428383
2011-01-25,-0.0012394650479630176
2011-01-26,0.009681291611756127
2011-01-27,0.003960796099806263
2011-01-28,-0.007376099891447274
2011-01-31,-0.003564766699751254
2011-02-01,0.015088709449860849
2011-02-02,-8.35293849783536e-05
2011-02-03,0.001393473533042977
2011-02-04,0.0031318858505970937
2011-02-07,0.009341490424322751
2011-02-08,0.005439618836518667
2011-02-09,-0.0003195760286908156
2011-02-10,0.0026471995343488874
2011-02-11,0.004212429370713977
2011-02-14,0.003449870689466783
2011-02-15,0.000461041893947467
2011-02-16,0.0019269849284229146
2011-02-17,-0.0011855521484230858
2011-02-18,0.002876276399988331
2011-02-21,-0.014137967602726231
2011-02-22,-0.0004725554077217309
2011-02-23,-0.016909549058008566
2011-02-24,-0.008909473325297346
2011-02-25,0.007667053064301266
2011-02-28,0.01212913588562814
2011-03-01,-0.006740630323765484
2011-03-02,-0.005839393163859508
2011-03-03,0.006244129469813453
2011-03-04,-0.006512637607757332
2011-03-07,-0.002363833845483776
2011-03-08,0.00039372405895354845
2011-03-09,-0.004598931618339797
2011-03-10,-0.009634308704562833
2011-03-11,-0.011552962114336651
2011-03-14,-0.016452125220623892
2011-03-15,-0.03188896595556889
2011-03-16,-0.020130438282736973
2011-03-17,0.02195940374551064
2011-03-18,0.0011296612923219485
2011-03-21,0.02276577292283921
2011-03-22,-0.005156878361799455
2011-03-23,0.003462628462421513
2011-03-24,0.018977269155626475
2011-03-25,0.0018431726485095279
2011-03-28,-0.0011128102518286331
2011-03-29,-0.0006038571702216
2011-03-30,0.017695727697457864
2011-03-31,-0.002244510031555347
2011-04-01,0.01966963517406306
2011-04-04,-0.0006239692181533307
2011-04-05,-2.7900502181932296e-06
2011-04-06,0.005546771409527196
2011-04-07,-0.005035277190980736
2011-04-08,0.005326843212835497
2011-04-11,-0.001684927604065245
2011-04-12,-0.01415013046274849
2011-04-13,0.01056750781617355
2011-04-14,-0.0043759106418476135
2011-04-15,0.004439895587331488
2011-04-18,-0.021096938209817506
2011-04-19,0.0017731929334390273
2011-04-20,0.0298154053544315
2011-04-21,0.006386960935357733
2011-04-26,0.008364006980982275
2011-04-27,0.006584702696086797
2011-04-28,0.00948960056149084
2011-04-29,0.00524930971476012
2011-05-02,0.0017539751159449946
2011-05-03,-0.0035788030401241455
2011-05-04,-0.016901091395503887
2011-05-05,0.00041087792859784145
2011-05-06,0.015628394307815707
2011-05-09,-0.010908602952217294
2011-05-10,0.012279839978862395
2011-05-11,-0.0008625205060979191
2011-05-12,-0.006817781163114045
2011-05-13,-0.0054594853071883165
2011-05-16,-0.002130130901777383
2011-05-17,-0.017717688977203938
2011-05-18,0.0064602651972169856
2011-05-19,0.007489555998480668
2011-05-20,-0.012422845778486624
2011-05-23,-0.019994964537753734
2011-05-24,0.004091842280697255
2011-05-25,0.0028360717350726095
2011-05-26,-0.007927844622988345
2011-05-27,0.006941207122529214
2011-05-30,-0.0004425802105912924
2011-05-31,0.018629127321097005
2011-06-01,-0.0104555809525263
2011-06-02,-0.01985610599665244
2011-06-03,0.00493484241014408
2011-06-06,-0.003440689049942214
2011-06-07,0.002636741008239074
2011-06-08,-0.0060563853913701005
2011-06-09,0.014083135543220493
2011-06-10,-0.012536943367052689
2011-06-13,0.002155650657790442
2011-06-14,0.016887443301744298
2011-06-15,-0.012451433067600326
2011-06-16,-0.0006858507225383503
2011-06-17,0.007573571474190244
2011-06-20,-0.0019318463895859894
2011-06-21,0.01892249394446588
2011-06-22,-0.0010047099591146136
2011-06-23,-0.01768983786305578
2011-06-24,-0.003924791147798756
2011-06-27,-0.0018928888348287431
2011-06-28,0.0087972923502877
2011-06-29,0.017252794867920418
2011-06-30,0.011255623845634277
2011-07-01,0.005856602504610509
2011-07-04,0.0031700532273319926
2011-07-05,-0.0004729327511802106
2011-07-06,-0.0011089544461649892
2011-07-07,0.005416360006589072
2011-07-08,-0.009196347889610101
2011-07-11,-0.023299509900241988
2011-07-12,-0.007760431974170978
2011-07-13,0.013064977639483333
2011-07-14,-0.007310241096198933
2011-07-15,0.0007456793505700166
2011-07-18,-0.015539934722887394
2011-07-19,0.011923319470605875
2011-07-20,0.003988774921951599
2011-07-21,0.009524559742165817
2011-07-22,0.004972469571252525
2011-07-25,0.0024773322202411574
2011-07-26,0.0006685450993371145
2011-07-27,-0.01316697398575073
2011-07-28,-0.008634065706717098
2011-07-29,-0.004351846689389149
2011-08-01,-0.0286068749944155
2011-08-02,-0.02261007091052214
2011-08-03,-0.02297570989811304
2011-08-04,-0.034007532981056965
2011-08-05,-0.027841979419411467
2011-08-08,-0.05017352487414317
2011-08-09,-0.0010450209741982297
2011-08-10,-0.051319257512266736
2011-08-11,0.032821388198134294
2011-08-12,0.034510487460930106
2011-08-15,0.004084871808816004
2011-08-16,-0.004539893954278229
2011-08-17,-0.00766651014798958
2011-08-18,-0.058185179229919615
2011-08-19,-0.02191757852650056
2011-08-22,-0.0011350757014142454
2011-08-23,0.010705600144010452
2011-08-24,0.026878160658212913
2011-08-25,-0.017063646361810236
2011-08-26,-0.00835583547468377
2011-08-29,0.023944076406173576
2011-08-30,-0.004611918927709735
2011-08-31,0.0249702649456498
2011-09-01,-0.009372795133570921
2011-09-02,-0.0335564865677771
2011-09-05,-0.05275054000440815
2011-09-06,-0.009951995392480928
2011-09-07,0.0407317642499927
2011-09-08,0.0005420700463618644
2011-09-09,-0.04040517758004636
2011-09-12,-0.02265928320288957
2011-09-13,0.01853778908469783
2011-09-14,0.033646529224659494
2011-09-15,0.03146897297898299
2011-09-16,0.011849434387896762
2011-09-19,-0.028276546736673236
2011-09-20,0.028761559006197812
2011-09-21,-0.024746641361986788
2011-09-22,-0.04961350315435553
2011-09-23,0.006264287838981808
2011-09-26,0.02867281400002164
2011-09-27,0.05291866141466883
2011-09-28,-0.008887013107001795
2011-09-29,0.01096370605055541
2011-09-30,-0.024391897390964035
2011-10-04,-0.051855510808929695
2011-10-05,0.04913438280795024
2011-10-06,0.03146707063623877
2011-10-07,0.005393949836145495
2011-10-10,0.030232365672118178
2011-10-11,0.0030304169015260563
2011-10-12,0.02207335612252881
2011-10-13,-0.013283971433633246
2011-10-14,0.008852370131006593
2011-10-17,-0.01806039951800309
2011-10-18,0.003068554437779092
2011-10-19,0.006145500815157634
2011-10-20,-0.02486667185757896
2011-10-21,0.035460104112271296
2011-10-24,0.014120017408475904
2011-10-25,-0.0014070420482932278
2011-10-26,-0.00507382904556164
2011-10-27,0.053485087263433595
2011-10-28,0.0013174989999920061
2011-10-31,-0.03227922573191333
2011-11-01,-0.04996142306588991
2011-11-02,0.022473202112029522
2011-11-03,0.028085934974188875
2011-11-04,-0.027232204948222427
2011-11-07,-0.006282094259485671
2011-11-08,0.005525642243078721
2011-11-09,-0.02212551055452483
2011-11-10,0.006564843756936334
2011-11-11,0.03224707764447432
2011-11-14,-0.011888626633712707
2011-11-15,-0.008668288935241186
2011-11-16,-0.003333862504794838
2011-11-17,-0.010685962442202324
2011-11-18,-0.008534741412091762
2011-11-21,-0.03348830850554074
2011-11-22,-0.012238648462584711
2011-11-23,-0.01437863600390632
2011-11-24,-0.005434482608072111
2011-11-25,0.01193053485234774
2011-11-28,0.045961392778529175
2011-11-29,0.009499902944273053
2011-11-30,0.049816235030580414
2011-12-01,-0.008697873863747874
2011-12-02,0.007422330105726793
2011-12-05,0.004178754223903125
2011-12-06,-0.0126545828031569
2011-12-07,-0.005654480436296239
2011-12-08,-0.020065964514567547
2011-12-09,0.01911161245175208
2011-12-12,-0.033621101818790966
2011-12-13,-0.0019307829870648385
2011-12-14,-0.01716577239845074
2011-12-15,0.00977596660737734
2011-12-16,-0.005032672109036018
2011-12-19,-0.0054491448967628475
2011-12-20,0.031093077486474163
2011-12-21,-0.009491998850578276
2011-12-22,0.010472257395696571
2011-12-23,0.004570946074200277
2011-12-27,0.0018421021376242575
2011-12-28,-0.02011792514616706
2011-12-29,0.013430278840305565
2011-12-30,0.008475325507348641
2012-01-02,0.03003720005453725
2012-01-03,0.014986339341290567
2012-01-04,-0.008922305446889323
2012-01-05,-0.0025459287430769084
2012-01-06,-0.006245140007824057
2012-01-09,-0.006716817312047874
2012-01-10,0.024222108922725027
2012-01-11,-0.001726459724430418
2012-01-12,0.004367463090452661
2012-01-13,-0.005847006824642453
2012-01-16,0.01252298301855781
2012-01-17,0.018154378274501504
2012-01-18,0.003417004109765198
2012-01-19,0.009707964994126739
2012-01-20,-0.0018499296069404148
2012-01-23,0.005032482372359537
2012-01-24,-0.0027032669362120343
2012-01-25,0.0004096888289357725
2012-01-26,0.01837476711626551
2012-01-27,-0.004261583487592202
2012-01-30,-0.010370084883367436
2012-01-31,0.0022437850397256653
2012-02-01,0.024420525545802985
2012-02-02,0.005892680467444178
2012-02-03,0.016683625895311582
2012-02-06,-0.0002718979603323346
2012-02-07,-0.001571345132063695
2012-02-08,-0.000805488367264573
2012-02-09,0.005932947749369477
2012-02-10,-0.014117347175832906
2012-02-13,0.006799720029981415
2012-02-14,-0.001525609390519267
2012-02-15,0.0044216944317987394
2012-02-16,-0.0008848821564853004
2012-02-17,0.01422843511729166
2012-02-20,0.014634897625735555
2012-02-21,-0.0057668944293527424
2012-02-22,-0.0093092619123063
2012-02-23,-0.005027879790351908
2012-02-24,0.008072624724880795
2012-02-27,-0.0021604237708356955
2012-02-28,0.005552117585559957
2012-02-29,-0.004580647512176794
2012-03-01,0.012498386895983371
2012-03-02,-0.0029387176881909838
2012-03-05,-0.007933422909091936
2012-03-06,-0.033984046944677715
2012-03-07,0.005728836214571986
2012-03-08,0.02449819882007831
2012-03-09,0.006682223180195734
2012-03-12,0.0030726005221894948
2012-03-13,0.013701675361443177
2012-03-14,0.01193694083540997
2012-03-15,0.009185819481700719
2012-03-16,0.0018713306889621695
2012-03-19,-0.0005028918669929272
2012-03-20,-0.013877162074423022
2012-03-21,0.002321760773095205
2012-03-22,-0.012735961720370947
2012-03-23,0.00205698570811097
2012-03-26,0.011951744360136018
2012-03-27,-4.662627516138773e-05
2012-03-28,-0.011315331303064391
2012-03-29,-0.017667300936502595
2012-03-30,0.010425980058531348
2012-04-02,0.015808623931160115
2012-04-03,-0.010539011884775462
2012-04-04,-0.02838896931399093
2012-04-05,-0.001297201512478141
2012-04-10,-0.024918541234437264
2012-04-11,0.010338382889125697
2012-04-12,0.010264123658443314
2012-04-13,-0.02362963894108072
2012-04-16,0.006271364947058489
2012-04-17,0.026536606519756978
2012-04-18,-0.010141187302418753
2012-04-19,-0.009032873034308553
2012-04-20,0.01182690719280921
2012-04-23,-0.03364682601857638
2012-04-24,0.010334226007971736
2012-04-25,0.017311493677188317
2012-04-26,0.005280021231076182
2012-04-27,0.009112883390692827
2012-04-30,-0.005900308153367839
2012-05-02,-0.00745725564759292
2012-05-03,-0.0024334134648441585
2012-05-04,-0.01986271110448834
2012-05-07,0.0012207272703730343
2012-05-08,-0.018987765616853225
2012-05-09,0.004743375699721275
2012-05-10,0.006592725447887027
2012-05-11,0.009501407760240888
2012-05-14,-0.019447008937645283
2012-05-15,-0.007890637209216123
2012-05-16,-0.0026246110511327636
2012-05-17,-0.01179460226429685
2012-05-18,-0.005981928293636196
2012-05-21,0.009538785462701371
2012-05-22,0.016515463170129197
2012-05-23,-0.023284557054877197
2012-05-24,0.004794994506423178
2012-05-25,0.003807825051876934
2012-05-28,-0.0026419808633525443
2012-05-29,0.011647586586236658
2012-05-30,-0.018140213276697348
2012-05-31,-0.0026143042901550784
2012-06-01,-0.034175744088795645
2012-06-04,-0.011910182508360512
2012-06-05,-0.0014770388817172408
2012-06-06,0.020871500329929793
2012-06-07,0.008242543643311562
2012-06-08,-0.002180974990549034
2012-06-11,0.001668615415566066
2012-06-12,0.003287781459138772
2012-06-13,-0.0014201686133226143
2012-06-14,-0.002256057395458866
2012-06-15,0.01479167026265693
2012-06-18,0.0030163432156811165
2012-06-19,0.018430854385098616
2012-06-20,0.00452119951556762
2012-06-21,-0.007665676526967036
2012-06-22,-0.012593133719198235
2012-06-25,-0.02089328436215221
2012-06-26,0.0007011629383710805
2012-06-27,0.015040729424175447
2012-06-28,-0.012695489180347796
2012-06-29,0.04331276752645641
2012-07-02,0.012437159170235024
2012-07-03,0.012642991130769055
2012-07-04,-0.002038572245281256
2012-07-05,-0.004454019461929581
2012-07-06,-0.019195018359221216
2012-07-09,-0.0035163264816434614
2012-07-10,0.007946723918976328
2012-07-11,0.002410565991945779
2012-07-12,-0.005345646316224251
2012-07-13,0.021458558561916252
2012-07-16,0.0013146233943539531
2012-07-17,0.001815478193550213
2012-07-18,0.016233752977784066
2012-07-19,0.011066063429330697
2012-07-20,-0.018994185684850784
2012-07-23,-0.0317781757499348
2012-07-24,-0.004505130834999371
2012-07-25,0.0025209435525033186
2012-07-26,0.02754068368917073
2012-07-27,0.01616900938754795
2012-07-30,0.012655867116023067
2012-07-31,-0.0002657627705066057
2012-08-01,-0.0026283405101867885
2012-08-02,-0.02196624423648319
2012-08-03,0.0392925798224768
2012-08-06,0.007728325810803183
2012-08-07,0.0071154749635820025
2012-08-08,-0.0002583676573867377
2012-08-09,-0.00016647186537854797
2012-08-10,-0.0029332669671837674
2012-08-13,-0.005022619506233061
2012-08-14,0.009365116661160577
2012-08-15,-0.003955949049364582
2012-08-16,0.007124177429383538
2012-08-17,0.006373355521432256
2012-08-20,-0.0010225578551376069
2012-08-21,0.007910460391571617
2012-08-22,-0.010095443003467097
2012-08-23,-0.00971538965925689
2012-08-24,0.0030937166679114725
2012-08-27,0.010956764602814806
2012-08-28,-0.006352654973145855
2012-08-29,0.0011266612553271216
2012-08-30,-0.016415154934509846
2012-08-31,0.010920152466045163
2012-09-03,0.006317797382464629
2012-09-04,-0.011725159281689157
2012-09-05,0.004631733484416367
2012-09-06,0.02909535649448225
2012-09-07,0.006581240344848194
2012-09-10,-0.00011086072319632656
2012-09-11,0.013364801053334263
2012-09-12,0.00457174002854166
2012-09-13,-0.004522343056962641
2012-09-14,0.013926895271593631
2012-09-17,-0.0011386661512530205
2012-09-18,-0.007563795950828678
2012-09-19,0.005861682319505679
2012-09-20,-0.0001717727662999824
2012-09-21,0.008407871293134583
2012-09-24,-0.0051612884624634425
2012-09-25,0.0016119585681924065
2012-09-26,-0.02001318504270344
2012-09-27,0.0018566942588429391
2012-09-28,-0.010133047233010228
2012-10-01,0.015323971871632702
2012-10-02,-0.002848490014390359
2012-10-04,-8.895631122307623e-05
2012-10-05,0.012684119518189485
2012-10-08,-0.01441768435514923
2012-10-09,-0.007773768151639104
2012-10-10,-0.004049994340698859
2012-10-11,0.010613153924446284
2012-10-12,-0.006758031725774494
2012-10-15,0.003976467951288587
2012-10-16,0.01584025058099492
2012-10-17,0.0024781881774729175
2012-10-18,0.005771842358028856
2012-10-19,-0.007608994733067753
2012-10-22,-0.007125443194230918
2012-10-23,-0.021064248660334073
2012-10-24,0.0026708927213885403
2012-10-25,0.001026002587611874
2012-10-26,0.004391542669230253
2012-10-29,-0.0039671648359453915
2012-10-30,0.011278347882250017
2012-10-31,-0.0032631403890390764
2012-11-01,0.01033519684568085
2012-11-02,0.003841527233554576
2012-11-05,-0.005076133044098374
2012-11-06,0.007000581354625002
2012-11-07,-0.019644132108403323
2012-11-08,-0.003853279682567212
2012-11-09,-0.005754363821905972
2012-11-12,0.0007342452188177084
2012-11-13,5.026693239584823e-05
2012-11-14,-0.009373562475455288
2012-11-15,-0.008237209183366234
2012-11-16,-0.013188215064426023
2012-11-19,0.024934798346433418
2012-11-20,0.006899423864521692
2012-11-21,0.0016338690252686305
2012-11-22,0.008390077506988725
2012-11-23,0.008852965478570285
2012-11-26,-0.0023395531247106804
2012-11-27,0.005526622100582523
2012-11-28,0.0015111264777967204
2012-11-29,0.007836931815461634
2012-11-30,0.0006134392141643463
2012-12-03,0.004011877785092155
2012-12-04,-1.208355251192117e-05
2012-12-05,0.002613231150776496
2012-12-06,0.010730391032427011
2012-12-07,-0.002221799112913425
2012-12-10,0.001745207045726227
2012-12-11,0.007811805029836583
2012-12-12,0.003299191549458236
2012-12-13,-0.004308727939370649
2012-12-14,0.0019111412074850342
2012-12-17,0.001114955541581697
2012-12-18,0.006395860729145442
2012-12-19,0.00194940429481405
2012-12-20,0.00046946569162797935
2012-12-21,-0.004675397444105056
2012-12-27,0.002573246535791718
2012-12-28,-0.005680567976436568
2013-01-02,0.02185774053209788
2013-01-03,-0.0028718956400629603
2013-01-04,0.002569500432131999
2013-01-07,-0.00562086941321005
2013-01-08,-0.0047629247090642535
2013-01-09,0.0032017516588351835
2013-01-10,-0.001554309474172677
2013-01-11,0.0009158198858842947
2013-01-14,0.0018132564794079986
2013-01-15,-0.006935729921882183
2013-01-16,0.001982791128698702
2013-01-17,0.00576379268071725
2013-01-18,-0.004295798910026627
2013-01-21,0.00605407562884297
2013-01-22,-0.0067945353603872105
2013-01-23,0.001472163335265897
2013-01-24,0.005266251429676183
2013-01-25,0.014176366903051907
2013-01-28,-0.0031776927324795867
2013-01-29,0.001987721718211377
2013-01-30,-0.00474733186548526
2013-01-31,-0.004514000038630894
2013-02-01,0.007373966663213105
2013-02-04,-0.024913881837085206
2013-02-05,0.003460248755121631
2013-02-06,-0.010891543625802913
2013-02-07,0.0012755166940749962
2013-02-08,0.008074199631662227
2013-02-11,-0.0024045433061867794
2013-02-12,0.0034648424257543997
2013-02-13,0.006749205399338765
2013-02-14,-0.010464386017153049
2013-02-15,-0.004937654031752059
2013-02-18,0.0046381997167090905
2013-02-19,0.0162176686238078
2013-02-20,-0.0030377870705947663
2013-02-21,-0.018803462324687326
2013-02-22,0.010330271079072029
2013-02-25,0.014523765338787742
2013-02-26,-0.022652228937190433
2013-02-27,0.010361863427067686
2013-02-28,0.008581497573170616
2013-03-01,-0.004332386713038594
2013-03-04,-0.0021379914447402504
2013-03-05,0.023223779295315827
2013-03-06,0.006228473740716778
2013-03-07,0.0025810190009265543
2013-03-08,0.005881807054564758
2013-03-11,-0.0002729836489213655
2013-03-12,-0.002275709147100735
2013-03-13,0.0006013013853714
2013-03-14,0.010972393267903335
2013-03-15,-0.0019259501990542827
2013-03-18,-0.003997327061102229
2013-03-19,-0.007853265596784231
2013-03-20,0.00681701146041358
2013-03-21,-0.008680418366204368
2013-03-22,-0.002667461950118688
2013-03-25,-0.005112932029702977
2013-03-26,0.0011142333964428985
2013-03-27,-0.011495415293163225
2013-03-28,0.0007985804463073176
2013-04-02,0.019057620219990357
2013-04-03,-0.008701063356757355
2013-04-04,-0.007284023401536555
2013-04-05,-0.02029323520309012
2013-04-08,0.0005079336339155471
2013-04-09,-0.003279596933350337
2013-04-10,0.022667089470272295
2013-04-11,0.007809869487508614
2013-04-12,-0.016116085889435028
2013-04-15,-0.004149914928099463
2013-04-16,-0.003896181347229688
2013-04-17,-0.023371092932697568
2013-04-18,-0.0039050630913748385
2013-04-19,-0.0018424561185961252
2013-04-22,0.00243297583885016
2013-04-23,0.024083638907282046
2013-04-24,0.013164933415642288
2013-04-25,0.009515375010705984
2013-04-26,-0.0023107904357001496
2013-04-29,0.0075165758304409636
2013-04-30,0.005106999547532798
2013-05-02,0.006065423200613873
2013-05-03,0.020169043950715837
2013-05-06,-0.0012570298386781475
2013-05-07,0.008592088140155552
2013-05-08,0.008302616003487584
2013-05-09,0.0015563994141365445
2013-05-10,0.0019412940849568017
2013-05-13,8.457905581926717e-05
2013-05-14,0.007225294948934202
2013-05-15,0.0027952106795339215
2013-05-16,0.0008909138003236894
2013-05-17,0.003360850576968444
2013-05-20,0.0068861726750417684
2013-05-21,0.0019359562616860782
2013-05-22,0.006927297723378967
2013-05-23,-0.020971925210668818
2013-05-24,-0.00558671759645335
2013-05-27,0.009389101112709186
2013-05-28,0.011638652412913064
2013-05-29,-0.01701358906205619
2013-05-30,0.007631440781626697
2013-05-31,-0.006114181849042111
2013-06-03,-0.007550754385316494
2013-06-04,0.0012262130982518826
2013-06-05,-0.012027574133352537
2013-06-06,-0.011879879726740095
2013-06-07,0.019245991420783426
2013-06-10,0.006421901781092032
2013-06-11,-0.010259225409438577
2013-06-12,-0.009630930619602629
2013-06-13,-0.005879687483979046
2013-06-14,0.004023255663864855
2013-06-17,0.010798590080945303
2013-06-18,0.0016771846310454919
2013-06-19,-0.003940658486786153
2013-06-20,-0.03276777768379313
2013-06-21,-0.017561972337290066
2013-06-24,-0.012426120667758056
2013-06-25,0.01545016299844515
2013-06-26,0.016602925624449094
2013-06-27,0.0062661915147055325
2013-06-28,-0.003945785458968176
2013-07-01,0.003103282276972985
2013-07-02,-0.009162153811604234
2013-07-03,-0.010296114678015389
2013-07-04,0.021073380329237335
2013-07-05,-0.023555511008898078
2013-07-08,0.020822449277799082
2013-07-09,0.011195270463621343
2013-07-10,0.0010834265730197412
2013-07-11,0.011444871175814386
2013-07-12,0.006614910017952891
2013-07-15,0.0026836305315323106
2013-07-16,-0.004099641325855052
2013-07-17,0.006544274593275112
2013-07-18,0.009978548020527667
2013-07-19,-0.0006620453123865611
2013-07-22,-6.130203171106352e-05
2013-07-23,-0.0020200433594869116
2013-07-24,0.007803474182771053
2013-07-25,-0.0095630537671052
2013-07-26,-0.006515295788874664
2013-07-29,0.001712585937251987
2013-07-30,0.0014516544213500904
2013-07-31,0.0005984988058360674
2013-08-01,0.016283377856612047
2013-08-02,-0.0004506194885903758
2013-08-05,-0.0010182713850058756
2013-08-06,-0.011746243375390653
2013-08-07,-0.0047290692327640604
2013-08-08,0.007001995098083302
2013-08-09,0.0024030401645465105
2013-08-12,0.0025113519126294115
2013-08-13,0.006760147815294326
2013-08-14,0.0026569617224381226
2013-08-15,-0.007327470724084462
2013-08-16,0.0018684155577248784
2013-08-19,-0.0030565506082786964
2013-08-20,-0.00791985041346055
2013-08-21,-0.0017614534773793267
2013-08-22,0.013575609422624924
2013-08-23,0.002274450693818597
2013-08-26,0.002157559382192753
2013-08-27,-0.022831936763871963
2013-08-28,-0.010271041082150156
2013-08-29,0.004492565829744999
2013-08-30,-0.011153742978225245
2013-09-02,0.017366112751171947
2013-09-03,-0.007661469110038288
2013-09-04,0.0018592470592559973
2013-09-05,0.004765852673932036
2013-09-06,0.004941050349713372
2013-09-09,7.859069188831391e-05
2013-09-10,0.02056707813802361
2013-09-11,0.0058237372296834344
2013-09-12,-0.00020368687028915478
2013-09-13,0.0018153899075818991
2013-09-16,0.01217240177073986
2013-09-17,-0.0018634395318123387
2013-09-18,0.004549215025268394
2013-09-19,0.00672993472477823
2013-09-20,-0.002122019490409799
2013-09-23,-0.004661328499446449
2013-09-24,0.0033941616529282737
2013-09-25,0.00011890606420927874
2013-09-26,-0.0001765911374238538
2013-09-27,-0.00029891666379244786
2013-09-30,-0.007747999692425123
2013-10-01,0.011023370276749489
2013-10-02,-0.00687291595931927
2013-10-04,-0.0007474656895707366
2013-10-07,-0.0036402364188762304
2013-10-08,-0.004154117096385024
2013-10-09,-0.004581547958272036
2013-10-10,0.019852676689189552
2013-10-11,0.0044970738326024495
2013-10-14,-0.00011696592407672846
2013-10-15,0.009242620293935522
2013-10-16,0.00472029660992046
2013-10-17,-0.0038457530239656146
2013-10-18,0.006028059278317288
2013-10-21,0.00023915322792955607
2013-10-22,0.00904908605508381
2013-10-23,-0.003084630665629473
2013-10-24,0.006812834377990518
2013-10-25,0.0005690415515597902
2013-10-28,-0.0007890105394854352
2013-10-29,0.004832535687413042
2013-10-30,-0.001304639279091857
2013-10-31,0.0026248260990389127
2013-11-01,-0.002887987050541052
2013-11-04,0.0032638704737999458
2013-11-05,-0.003111585710327658
2013-11-06,0.003525294328256434
2013-11-07,0.004442067602945965
2013-11-08,-0.0003028290752475904
2013-11-11,0.0032583349746921897
2013-11-12,-0.0034453627527475383
2013-11-13,-0.0023853288396908923
2013-11-14,0.010472872191615634
2013-11-15,0.002079888554603837
2013-11-18,0.006188370983579272
2013-11-19,-0.0034838104593705177
2013-11-20,0.000955074124735722
2013-11-21,-0.0006509659426164882
2013-11-22,0.002496711723086742
2013-11-25,0.008776418792756147
2013-11-26,-0.0010623586798862439
2013-11-27,0.006572562774938673
2013-11-28,0.003875492569257233
2013-11-29,0.0019099798214168295
2013-12-02,-0.00035510231671032066
2013-12-03,-0.018991739068701108
2013-12-04,-0.00897396885172963
2013-12-05,-0.006091449737473442
2013-12-06,0.009626905933136198
2013-12-09,0.0024813288151415147
2013-12-10,-0.008779554143469093
2013-12-11,-0.004095707071978705
2013-12-12,-0.006622190238345316
2013-12-13,-0.0011689075149716732
2013-12-16,0.01744299203642341
2013-12-17,-0.008559932690253125
2013-12-18,0.010636060015287274
2013-12-19,0.016771338184441875
2013-12-20,0.006902447101915676
2013-12-23,0.009429673468675404
2013-12-27,0.010598718557776499
2013-12-30,-0.003882363065053518
2014-01-02,-0.01592520589051971
2014-01-03,0.0037351278735617832
2014-01-06,-0.0007578459620638522
2014-01-07,0.008294462803616787
2014-01-08,-0.000879463023156446
2014-01-09,-0.008025982059242875
2014-01-10,0.005479942481800615
2014-01-13,0.003898316371836019
2014-01-14,0.0031902525400953063
2014-01-15,0.02026095139947026
2014-01-16,-0.0016539885292293777
2014-01-17,0.0025983487983791687
2014-01-20,-0.0027773459421972513
2014-01-21,0.0014635521146573183
2014-01-22,-0.001028740190711419
2014-01-23,-0.009163508363429385
2014-01-24,-0.024817725483754383
2014-01-27,-0.004557039574406008
2014-01-28,0.006170614380106354
2014-01-29,-0.007460439861155965
2014-01-30,0.003936067354948447
2014-01-31,-0.0071478252100027895
2014-02-03,-0.012890043438313126
2014-02-04,-0.00637993255232594
2014-02-05,-0.001269714923964771
2014-02-06,0.015385567950336299
2014-02-07,0.004898120403792117
2014-02-10,-0.001296460345153072
2014-02-11,0.02033498594580352
2014-02-12,0.006459748657052344
2014-02-13,0.005950684617400448
2014-02-14,0.006838849173285366
2014-02-17,-0.0005837705716970065
2014-02-18,0.0003127868856438454
2014-02-19,2.7902420383307813e-05
2014-02-20,-0.004265008581271212
2014-02-21,0.003961033541928449
2014-02-24,0.005383711557323423
2014-02-25,-0.0009878338817667087
2014-02-26,-0.003878521977250804
2014-02-27,-0.007597023210532239
2014-02-28,0.010820445182284422
2014-03-03,-0.03437759768818971
2014-03-04,0.02460342528196624
2014-03-05,-0.004915019314023716
2014-03-06,8.914108116364616e-05
2014-03-07,-0.020132320237857604
2014-03-10,-0.00911691575542073
2014-03-11,0.0045642479156549065
2014-03-12,-0.012795691445033452
2014-03-13,-0.018598993178923773
2014-03-14,0.004282658724610977
2014-03-17,0.013744904442252404
2014-03-18,0.006716141747820092
2014-03-19,0.0037327361744377008
2014-03-20,0.0020556440788281893
2014-03-21,0.0050365434084092
2014-03-24,-0.016501325208883588
2014-03-25,0.016284101899184833
2014-03-26,0.011798561090892168
2014-03-27,0.00027833629929108206
2014-03-28,0.014387625427010553
2014-03-31,-0.0032627153561733957
2014-04-01,0.005002119516186232
2014-04-02,0.00204612495638945
2014-04-03,0.0005673653212636687
2014-04-04,0.006953003231671806
2014-04-07,-0.01907222745744863
2014-04-08,-0.0021091249611103757
2014-04-09,0.0016394388927012393
2014-04-10,-0.005449996312086647
2014-04-11,-0.014728373820902196
2014-04-14,0.002563514685250068
2014-04-15,-0.01771677379484715
2014-04-16,0.015709059058563568
2014-04-17,0.009861710717283145
2014-04-22,0.02023227959233842
2014-04-23,-0.005822801137521871
2014-04-24,0.0004703654904596455
2014-04-25,-0.01540840070330407
2014-04-28,0.004766293622425755
2014-04-29,0.014583369731625107
2014-04-30,0.00199395993881879
2014-05-02,-0.0049161516693397855
2014-05-05,-0.0027751650321847787
2014-05-06,-0.0065029357849309966
2014-05-07,0.005679361955763573
2014-05-08,0.009042944524770835
2014-05-09,-0.0027010631656220196
2014-05-12,0.012629587709405588
2014-05-13,0.005356345377536487
2014-05-14,-4.10470563450005e-06
2014-05-15,-0.010081598879510878
2014-05-16,-0.0027910166017802718
2014-05-19,0.0031456771963402907
2014-05-20,-0.0021025728386250275
2014-05-21,0.006099133795549383
2014-05-22,0.0023757834229669594
2014-05-23,0.004845185133690144
2014-05-26,0.01277747973944754
2014-05-27,0.0048520036232084784
2014-05-28,-0.0001660215729807346
2014-05-29,-2.7118084520050267e-05
2014-05-30,0.0004396000013362489
2014-06-02,0.0006889671366112626
2014-06-03,-0.003053217695334398
2014-06-04,0.0006985755005948224
2014-06-05,0.0021316470091716777
2014-06-06,0.0039566771098202835
2014-06-09,0.002146695136729271
2014-06-10,0.0020152530477359765
2014-06-11,-0.007876339732904025
2014-06-12,-0.0011165414696123754
2014-06-13,-0.0025989392593995797
2014-06-16,-0.002914357607430862
2014-06-17,0.0036766405867449947
2014-06-18,0.0010090163734317592
2014-06-19,0.0074186780595826285
2014-06-20,-0.0016753064399240847
2014-06-23,-0.0066405043779494966
2014-06-24,0.0017296940591329246
2014-06-25,-0.007076827472924596
2014-06-26,-0.006369193521826189
2014-06-27,0.0010473876164840412
2014-06-30,0.001823747399941178
2014-07-01,0.0070516981518837785
2014-07-02,0.0008946685564632517
2014-07-03,0.01192179830015161
2014-07-04,-0.0020289896842651256
2014-07-07,-0.01029163168053071
2014-07-08,-0.013466529755665868
2014-07-09,0.0036356772224517275
2014-07-10,-0.015198538929827587
2014-07-11,0.0007464400028753815
2014-07-14,0.012069710330993244
2014-07-15,-0.006501026871962523
2014-07-16,0.014389697805896606
2014-07-17,-0.010689397232062303
2014-07-18,-0.003471475143154712
2014-07-21,-0.011107974239699447
2014-07-22,0.012721560533099474
2014-07-23,0.0019754304644663545
2014-07-24,0.004152330203966992
2014-07-25,-0.015320491325407803
2014-07-28,-0.004753193418923218
2014-07-29,0.005778180777056496
2014-07-30,-0.006210119513618051
2014-07-31,-0.01940852986707553
2014-08-01,-0.020983343125795417
2014-08-04,-0.006073826634837243
2014-08-05,0.003889014948944558
2014-08-06,-0.006496396393141368
2014-08-07,-0.009974798808149776
2014-08-08,-0.003280176276657998
2014-08-11,0.019026953857680384
2014-08-12,-0.012119993047605804
2014-08-13,0.014268767651430148
2014-08-14,0.0028503173099900803
2014-08-15,-0.014362988543272448
2014-08-18,0.01679722799984784
2014-08-19,0.0096210946024482
2014-08-20,-0.002111567293901384
2014-08-21,0.009335906866342558
2014-08-22,-0.006633000133891898
2014-08-25,0.01830673689339779
2014-08-26,0.008202901857526035
2014-08-27,-0.0019232520284131471
2014-08-28,-0.011196827392091935
2014-08-29,0.0008042593027763889
2014-09-01,0.0009356063973080531
2014-09-02,0.002952755398506701
2014-09-03,0.0125665780671107
2014-09-04,0.010156300881174474
2014-09-05,0.0023405139489851567
2014-09-08,0.0011296522133970033
2014-09-09,-0.004850372134408976
2014-09-10,-0.001084398985212509
2014-09-11,-0.0009164425478209726
2014-09-12,-0.0041429397862990935
2014-09-15,0.0008807258946061935
2014-09-16,-0.002764101278870723
2014-09-17,0.0029659006581428393
2014-09-18,0.014141684294622925
2014-09-19,0.00011531617012772166
2014-09-22,-0.0050738247328551145
2014-09-23,-0.015847903081165016
2014-09-24,0.006976471279128038
2014-09-25,-0.01572763786660758
2014-09-26,-0.002046260878494577
2014-09-29,-0.007127052681825896
2014-09-30,0.005453691862212562
2014-10-01,-0.009738928802353164
2014-10-02,-0.019862501026573942
2014-10-06,0.0015039756271415516
2014-10-07,-0.013388313582957778
2014-10-08,-0.0100019571640102
2014-10-09,0.0010771648222851482
2014-10-10,-0.024009938033692113
2014-10-13,0.002687521785349256
2014-10-14,0.001450255365512687
2014-10-15,-0.028697307684008466
2014-10-16,0.0012774450461094933
2014-10-17,0.031151374064301685
2014-10-20,-0.014972398880860327
2014-10-21,0.019408678360198994
2014-10-22,0.005984013400955002
2014-10-23,0.011987499758320919
2014-10-24,-0.00657762013806551
2014-10-27,-0.009478343418438229
2014-10-28,0.018599048097835524
2014-10-29,0.0016121342773238734
2014-10-30,0.0035264719786918253
2014-10-31,0.023262095338174138
2014-11-03,-0.008059501304352623
2014-11-04,-0.009212411443378032
2014-11-05,0.016256066580975892
2014-11-06,0.006648040077777084
2014-11-07,-0.009126195473913579
2014-11-10,0.006461594600599474
2014-11-11,0.0018349438171154642
2014-11-12,-0.0168715766612636
2014-11-13,0.004076644003094598
2014-11-14,0.00047906789037166497
2014-11-17,0.005772130502011974
2014-11-18,0.01613744060412392
2014-11-19,0.001720454625487644
2014-11-20,0.0011791573880273187
2014-11-21,0.02621055162468333
2014-11-24,0.005444640452749505
2014-11-25,0.0077328304388859515
2014-11-26,0.005511454435134455
2014-11-27,0.005981563264727763
2014-11-28,0.0005994556437578513
2014-12-01,-0.0017373113941835383
2014-12-02,-0.0029537470421854284
2014-12-03,0.0037960194241375422
2014-12-04,-0.012078115284788304
2014-12-05,0.023932812981089402
2014-12-08,-0.007150691374200768
2014-12-09,-0.022094906560965688
2014-12-10,0.0006147320919767107
2014-12-11,0.006408319584682465
2014-12-12,-0.02715325553004977
2014-12-15,-0.027173322270403144
2014-12-16,0.0246282025179676
2014-12-17,-0.0020347329018668425
2014-12-18,0.027935653731274934
2014-12-19,-0.00245637173052371
2014-12-22,0.008051509866394913
2014-12-23,0.00571173303183814
2014-12-29,0.0005058935117778773
2014-12-30,-0.012247253693688398
2015-01-02,-0.004162880894040932
2015-01-05,-0.029859535133418214
2015-01-06,-0.000369464882074344
2015-01-07,0.005123682418315401
2015-01-08,0.033560058178141006
2015-01-09,-0.01922320002565092
2015-01-12,0.013826023799036191
2015-01-13,0.01626469326220925
2015-01-14,-0.01246553886681423
2015-01-15,0.02195462110141655
2015-01-16,0.01347198535089622
2015-01-19,0.0073349497051229395
2015-01-20,0.00144305496308883
2015-01-21,0.004104519141172824
2015-01-22,0.013242702826326225
2015-01-23,0.02050285067248736
2015-01-26,0.013967686886128261
2015-01-27,-0.01572002326025168
2015-01-28,0.007751707926354934
2015-01-29,0.002511480408565525
2015-01-30,-0.004055720940207008
2015-02-02,0.012500977081146392
2015-02-03,0.005812742235171697
2015-02-04,0.0018703709797762702
2015-02-05,-0.0005416536295088648
2015-02-06,-0.005412039250873524
2015-02-09,-0.016860899224549364
2015-02-10,0.00847003608428798
2015-02-11,-0.0001599175875020009
2015-02-12,0.01558206097077064
2015-02-13,0.004006538527786763
2015-02-16,-0.0036640020836372633
2015-02-17,-0.0025276727101465335
2015-02-18,0.006000565558390347
2015-02-19,0.0037350998711340733
2015-02-20,0.004426420871957326
2015-02-23,0.007264762583119033
2015-02-24,0.006721844467945548
2015-02-25,0.000404194348634368
2015-02-26,0.010429802611932715
2015-02-27,0.0065744217001351135
2015-03-02,0.0007630639041396048
2015-03-03,-0.011393154641448078
2015-03-04,0.009753192967347113
2015-03-05,0.00997595198593526
2015-03-06,0.004082051553695676
2015-03-09,0.0026959316609054262
2015-03-10,-0.007056612851126354
2015-03-11,0.026573935354886835
2015-03-12,-0.0005590878703491953
2015-03-13,0.0086632195537788
2015-03-16,0.022359106636780757
2015-03-17,-0.01535785844734383
2015-03-18,-0.004847742857864823
2015-03-19,-0.001960042971874021
2015-03-20,0.011762754589951907
2015-03-23,-0.011921742752355025
2015-03-24,0.009234369946163667
2015-03-25,-0.011691965406703697
2015-03-26,-0.0018238551029424732
2015-03-27,0.0020813118283684595
2015-03-30,0.018341222907274357
2015-03-31,-0.009915583891951574
2015-04-01,0.002942458712134277
2015-04-02,-0.0028321938566145954
2015-04-07,0.013046277208236923
2015-04-08,-0.007230505915509666
2015-04-09,0.010849251678800576
2015-04-10,0.01712004758222041
2015-04-13,-0.002909154271352521
2015-04-14,-0.009006668851099242
2015-04-15,0.0003058845966898982
2015-04-16,-0.019006870478404103
2015-04-17,-0.02584913459798799
2015-04-20,0.017385163238166745
2015-04-21,0.004008600910085702
2015-04-22,-0.006047948124222491
2015-04-23,-0.012116419867469141
2015-04-24,0.007443931859418607
2015-04-27,0.019330577767561863
2015-04-28,-0.018896666964090203
2015-04-29,-0.03208189405000683
2015-04-30,0.0018945759861213052
2015-05-04,0.01444597859119301
2015-05-05,-0.02514403642877394
2015-05-06,0.001983698669533851
2015-05-07,0.00509414712119205
2015-05-08,0.026451748156806065
2015-05-11,-0.0031068912706480045
2015-05-12,-0.017213521384095598
2015-05-13,-0.010542701460739545
2015-05-14,0.01835537915647034
2015-05-15,-0.009757075457352604
2015-05-18,0.012863598372906404
2015-05-19,0.02234289654710042
2015-05-20,-0.0004100410205795102
2015-05-21,0.0013605231358577718
2015-05-22,-0.004178827821099795
2015-05-26,-0.016071072862330005
2015-05-27,0.012558999466823817
2015-05-28,-0.007948223428331236
2015-05-29,-0.022586033990107945
2015-06-01,0.0019475943705855592
2015-06-02,-0.009378238275601025
2015-06-03,0.00801676382898231
2015-06-04,-0.006919714228809326
2015-06-05,-0.012649174090531679
2015-06-08,-0.011809296484997844
2015-06-09,-0.005750595870712583
2015-06-10,0.024006240035237436
2015-06-11,0.005982094459497711
2015-06-12,-0.012026178552313915
2015-06-15,-0.01889167974827488
2015-06-16,0.005374620097471583
2015-06-17,-0.0059760903331893545
2015-06-18,0.011139545479857516
2015-06-19,-0.005423294539042889
2015-06-22,0.03807940195285964
2015-06-23,0.0071585043464508225
2015-06-24,-0.006175440864512605
2015-06-25,0.00016302631321307715
2015-06-26,0.0016821743399255684
2015-06-29,-0.03560861395850934
2015-06-30,-0.012472071812657748
2015-07-01,0.021519499763063665
2015-07-02,-0.007258207649479043
2015-07-03,-0.0036903027996255666
2015-07-06,-0.015170361233265428
2015-07-07,-0.019636110277927554
2015-07-08,0.006604943573246036
2015-07-09,0.023178878052126928
2015-07-10,0.02902944888619552
2015-07-13,0.014913001021385153
2015-07-14,0.0028317164831137553
2015-07-15,0.0019762058238801394
2015-07-16,0.015347038558937154
2015-07-17,-0.003698961540301582
2015-07-20,0.005336893995456782
2015-07-21,-0.011155678980529604
2015-07-22,-0.007249576401871072
2015-07-23,-0.0007429750501094512
2015-07-24,-0.014303212115027275
2015-07-27,-0.025648916688590484
2015-07-28,0.010628211847740099
2015-07-29,0.0033953604955181405
2015-07-30,0.004040437825006293
2015-07-31,0.004605059180267546
2015-08-03,0.011913485589365447
2015-08-04,0.001079245755104763
2015-08-05,0.015732226432902285
2015-08-06,-0.004400040921245019
2015-08-07,-0.008137136013376511
2015-08-10,0.009916619995053777
2015-08-11,-0.02681049321757978
2015-08-12,-0.032676772017738775
2015-08-13,0.008240067915751714
2015-08-14,-0.0026773695247824802
2015-08-17,-0.004079107935498483
2015-08-18,-0.002231208389115058
2015-08-19,-0.021415467768459595
2015-08-20,-0.023399779238913676
2015-08-21,-0.029492454198491558
2015-08-24,-0.04702345057269308
2015-08-25,0.04971694309064212
2015-08-26,-0.012903720352379855
2015-08-27,0.031827223559805606
2015-08-28,-0.0016566957251097358
2015-08-31,-0.0037937755643416837
2015-09-01,-0.023772172157803695
2015-09-02,0.00324289992223048
2015-09-03,0.026849990227620246
2015-09-04,-0.027118060458845794
2015-09-07,0.007030288006959484
2015-09-08,0.016100135858421183
2015-09-09,0.003092070041157635
2015-09-10,-0.008995303019460388
2015-09-11,-0.008509021718826948
2015-09-14,0.0008080817824680508
2015-09-15,0.005565642933301973
2015-09-16,0.003835844121984344
2015-09-17,0.00023174621392851869
2015-09-18,-0.030638591172009066
2015-09-21,0.0032623121112671516
2015-09-22,-0.03798052354339343
2015-09-23,0.0043842284912916085
2015-09-24,-0.01924350140699438
2015-09-25,0.02767295258715574
2015-09-28,-0.021157024126970403
2015-09-29,-0.0034954647516181048
2015-09-30,0.022225517478694723
2015-10-01,-0.015650469643483045
2015-10-02,0.0046081775639508216
2015-10-05,0.02739639906345559
2015-10-06,0.008970139831020685
2015-10-07,0.006823333528590103
2015-10-08,0.0022737223167401677
2015-10-09,0.010360108919227562
2015-10-12,0.0023008210336903367
2015-10-13,-0.008597947292917518
2015-10-14,-0.011658805747698398
2015-10-15,0.015021425412873768
2015-10-16,0.0039374735296815455
2015-10-19,0.005926102181360804
2015-10-20,-0.0016361055020472914
2015-10-21,0.008910403625213004
2015-10-22,0.024796605510170266
2015-10-23,0.028838275403519686
2015-10-26,0.0006299300074754655
2015-10-27,-0.010105173584150973
2015-10-28,0.013072113910534311
2015-10-29,-0.0028729904190678557
2015-10-30,0.004564441784221884
2015-11-02,0.009265343737025367
2015-11-03,4.387574033626329e-05
2015-11-04,-0.009671144352164762
2015-11-05,0.003918769808832101
2015-11-06,0.00921128139573546
2015-11-09,-0.015706188810035937
2015-11-10,0.0015782362850598197
2015-11-11,0.006955961235068697
2015-11-12,-0.011481639681211409
2015-11-13,-0.006884173248478231
2015-11-16,0.0004510550547986991
2015-11-17,0.024064596674599592
2015-11-18,-0.001010828846719547
2015-11-19,0.011449890933689755
2015-11-20,0.003102235644639073
2015-11-23,-0.002474903628845726
2015-11-24,-0.014272891946797706
2015-11-25,0.02154289510401819
2015-11-26,0.013539455667701095
2015-11-27,-0.002385859508087451
2015-11-30,0.007833591732159917
2015-12-01,-0.01062974736868838
2015-12-02,-0.0063244102463597685
2015-12-03,-0.035815781711171946
2015-12-04,-0.00344237631132438
2015-12-07,0.012461773908620577
2015-12-08,-0.019519426848842003
2015-12-09,-0.007599064792421006
2015-12-10,0.0006079262744187464
2015-12-11,-0.024424175347894095
2015-12-14,-0.019411853983780647
2015-12-15,0.030676557237030444
2015-12-16,0.0018066216754044628
2015-12-17,0.025680932327735606
2015-12-18,-0.012099854172056945
2015-12-21,-0.010409023025122366
2015-12-22,-0.0008591854891794037
2015-12-23,0.0227757977297105
2015-12-28,-0.0068728531721550246
2015-12-29,0.019357164568026386
2015-12-30,-0.010785301718413187
2016-01-04,-0.04277845277661474
2016-01-05,0.002592437800343239
2016-01-06,-0.009319025204919895
2016-01-07,-0.022926324074332594
2016-01-08,-0.013077327889029489
2016-01-11,-0.0024640769467814128
2016-01-12,0.01632144808123992
2016-01-13,-0.002450543174234321
2016-01-14,-0.016741334798950902
2016-01-15,-0.025416129862409598
2016-01-18,-0.002453563181042284
2016-01-19,0.014950913677772792
2016-01-20,-0.02820409672406976
2016-01-21,0.019434360201721068
2016-01-22,0.019920256549917692
2016-01-25,-0.002942124484098141
2016-01-26,0.008894645820013869
2016-01-27,0.005911818228093058
2016-01-28,-0.024414012310781996
2016-01-29,0.016444735759714835
2016-02-01,-0.004105941585316408
2016-02-02,-0.018122773171402207
2016-02-03,-0.015261362646054377
2016-02-04,-0.004394356178948122
2016-02-05,-0.011404851810532302
2016-02-08,-0.033045714105435886
2016-02-09,-0.011132191717877271
2016-02-10,0.015529162147377207
2016-02-11,-0.029323657188528363
2016-02-12,0.024522201925060605
2016-02-15,0.026688577362069976
2016-02-16,-0.007790891707124992
2016-02-17,0.026502100145247898
2016-02-18,0.009216993952363195
2016-02-19,-0.007987396663236224
2016-02-22,0.019763427221046292
2016-02-23,-0.016380512959031535
2016-02-24,-0.026438974187090625
2016-02-25,0.0178538654365914
2016-02-26,0.01948451122481476
2016-02-29,-0.001881514766693293
2016-03-01,0.023354440729423942
2016-03-02,0.006119067709227322
2016-03-03,-0.0025264554637932646
2016-03-04,0.007408797506420539
2016-03-07,-0.004604993066565921
2016-03-08,-0.008805603246137439
2016-03-09,0.003122881707707359
2016-03-10,-0.023134564910926025
2016-03-11,0.035057298367918266
2016-03-14,0.0161863269745528
2016-03-15,-0.005646515463401558
2016-03-16,0.004989057497732485
2016-03-17,-0.00913615282854019
2016-03-18,0.005923819597056568
2016-03-21,-0.00021708368095019193
2016-03-22,0.004157387645354671
2016-03-23,0.0032962650150150097
2016-03-24,-0.017118755042149436
2016-03-29,0.003714295174102711
2016-03-30,0.016046812074090866
2016-03-31,-0.008072432701133558
2016-04-01,-0.01714614918916635
2016-04-04,0.00280157623684274
2016-04-05,-0.026340624847755123
2016-04-06,0.006394134678038066
2016-04-07,-0.009755265538078373
2016-04-08,0.009615287075836365
2016-04-11,0.006311455960371859
2016-04-12,0.008104881889573257
2016-04-13,0.027109635149756173
2016-04-14,0.006737493530069916
2016-04-15,-0.004168965289711668
2016-04-18,0.006838658605115233
2016-04-19,0.02265546047228484
2016-04-20,0.006927829643007533
2016-04-21,0.001385666230703908
2016-04-22,-0.0059641473648039955
2016-04-25,-0.007629122234843244
2016-04-26,-0.00337658686016884
2016-04-27,0.003922206929111605
2016-04-28,0.002069967401236994
2016-04-29,-0.02734003995512102
2016-05-02,0.008397256589433466
2016-05-03,-0.01941072490398632
2016-05-04,-0.009924631667921346
2016-05-05,0.0024022945654109673
2016-05-06,0.0018361855633826085
2016-05-09,0.01119965520342725
2016-05-10,0.006507715932509761
2016-05-11,-0.006980292967570856
2016-05-12,-0.011348026105051479
2016-05-13,0.009204945017784683
2016-05-17,-0.006300672012810371
2016-05-18,0.005362893610550534
2016-05-19,-0.014818204282357583
2016-05-20,0.012263294823013915
2016-05-23,-0.0074353919892093945
2016-05-24,0.021846494098082925
2016-05-25,0.01470576097822196
2016-05-26,0.006614268619496322
2016-05-27,0.001323858010857215
2016-05-30,0.004561490019016956
2016-05-31,-0.006821703492260078
2016-06-01,-0.0056807249678039184
2016-06-02,0.00034882562518023796
2016-06-03,-0.010260602897237514
2016-06-06,0.0017638181055812385
2016-06-07,0.01646065519579043
2016-06-08,-0.006867380809721602
2016-06-09,-0.012543777675122936
2016-06-10,-0.02520103807926488
2016-06-13,-0.01801591575360917
2016-06-14,-0.01431437608975994
2016-06-15,0.00919297460180446
2016-06-16,-0.005854265883292187
2016-06-17,0.00846980591698232
2016-06-20,0.03433151368216203
2016-06-21,0.005372455619526928
2016-06-22,0.005543338754921079
2016-06-23,0.018465852756268664
2016-06-24,-0.06823321161486129
2016-06-27,-0.030186791398628232
2016-06-28,0.01927140645749681
2016-06-29,0.0174642069502684
2016-06-30,0.007055598293359555
2016-07-01,0.009920390718222816
2016-07-04,-0.006856531285827083
2016-07-05,-0.018176728717893664
2016-07-06,-0.016716364150075713
2016-07-07,0.004856422306724006
2016-07-08,0.022389298475006925
2016-07-11,0.02115858677190796
2016-07-12,0.013287369709373387
2016-07-13,-0.0033480646479029375
2016-07-14,0.013854985624513372
2016-07-15,-0.00013899209296974746
2016-07-18,-0.00037454506016676437
2016-07-19,-0.008137592318803843
2016-07-20,0.016107169798029286
2016-07-21,0.001400136229470883
2016-07-22,-0.0008615418580015799
2016-07-25,0.005004234915237715
2016-07-26,0.004855693738522238
2016-07-27,0.007005437354543842
2016-07-28,-0.004323843387744719
2016-07-29,0.0060896097981206765
2016-08-01,-0.0006752569528415409
2016-08-02,-0.01802229664604993
2016-08-03,0.002550202140895186
2016-08-04,0.005668554616515165
2016-08-05,0.013624512320772109
2016-08-08,0.00628427425223177
2016-08-09,0.02497421774962727
2016-08-10,-0.003928844434418655
2016-08-11,0.008633099989538318
2016-08-12,-0.0027376519316827386
2016-08-15,0.0024063511115939296
2016-08-16,-0.005825341951600893
2016-08-17,-0.013017235150083795
2016-08-18,0.0062025430713881224
2016-08-19,-0.005533316454068626
2016-08-22,-0.004742890087219842
2016-08-23,0.009388888030705589
2016-08-24,0.002840572543338471
2016-08-25,-0.008790374557785419
2016-08-26,0.00552535173386004
2016-08-29,-0.004092372943575451
2016-08-30,0.010735441060607753
2016-08-31,-0.006094146630255204
2016-09-01,-0.005511428825615394
2016-09-02,0.014192742408942305
2016-09-05,-0.001085808783579778
2016-09-06,0.001398014870127362
2016-09-07,0.006160752313377538
2016-09-08,-0.007225013559104099
2016-09-09,-0.009540687794178604
2016-09-12,-0.013398751274913745
2016-09-13,-0.00433003449124203
2016-09-14,-0.0007894035640498842
2016-09-15,0.005087470390446214
2016-09-16,-0.01486217027137171
2016-09-19,0.009507452295482555
2016-09-20,0.0019269794347898106
2016-09-21,0.004101448486951487
2016-09-22,0.022774845545499023
2016-09-23,-0.0044228186445826045
2016-09-26,-0.021949791109497463
2016-09-27,-0.003100865072108716
2016-09-28,0.007417798569596901
2016-09-29,-0.0031422434197847515
2016-09-30,0.010136858999295395
2016-10-04,0.010331140570108532
2016-10-05,-0.003185623295493323
2016-10-06,-0.0016040828650684125
2016-10-07,-0.007374484763202016
2016-10-10,0.012698646450160611
2016-10-11,-0.00441637502070491
2016-10-12,-0.005113834238204107
2016-10-13,-0.01035819364150048
2016-10-14,0.01596969919752489
2016-10-17,-0.007259623110250968
2016-10-18,0.012184380013641194
2016-10-19,0.0013290520264759298
2016-10-20,0.005233105125538762
2016-10-21,0.0008728604993710753
2016-10-24,0.004709244927053602
2016-10-25,-0.00035872972832184935
2016-10-26,-0.004427676130465463
2016-10-27,0.0006910001830995327
2016-10-28,-0.0019491921573058235
2016-10-31,-0.002915118636627634
2016-11-01,-0.013019173205310541
2016-11-02,-0.014747112569613585
2016-11-03,-0.004343854027069383
2016-11-04,-0.006464340158663484
2016-11-07,0.01928236748726775
2016-11-08,0.002426148801863093
2016-11-09,0.015615765235660994
2016-11-10,-0.001492544980449484
2016-11-11,0.0035587629968389933
2016-11-14,0.0024128566316621303
2016-11-15,0.0038760443854752857
2016-11-16,-0.006638901177254186
2016-11-17,0.0020320879415132165
2016-11-18,-0.0019634448678590433
2016-11-21,0.0019288478220200744
2016-11-22,0.0026878219429693484
2016-11-23,-0.004798385413447903
2016-11-24,0.0025153093341394595
2016-11-25,0.0009364320677460736
2016-11-28,-0.010897903733936287
2016-11-29,0.003573796856483513
2016-11-30,0.001865221837724862
2016-12-01,-0.009985620889478408
2016-12-02,-0.001965074752474427
2016-12-05,0.016310735885458172
2016-12-06,0.008469038226472048
2016-12-07,0.019616133076090447
2016-12-08,0.017542088167581404
2016-12-09,0.00216558292887159
2016-12-12,-0.0011978191010743044
2016-12-13,0.008439558329751629
2016-12-14,-0.003527849379195036
2016-12-15,0.010810340437402033
2016-12-16,0.0033088201811912743
2016-12-19,0.001989688728248451
2016-12-20,0.0033290484927666064
2016-12-21,0.00034012232137703435
2016-12-22,-0.0010934199213599172
2016-12-23,-0.0005385708998157934
2016-12-27,0.0019485313433282858
2016-12-28,0.0002397090667400903
2016-12-29,-0.0020863137308634316
2016-12-30,0.0026206999477651483
2017-01-02,0.010214258282897237
2017-01-03,-0.0012148165861026738
2017-01-04,5.9853677147891915e-06
2017-01-05,5.4458090158249206e-05
2017-01-06,0.0012144504344144824
2017-01-09,-0.0030191828403993703
2017-01-10,0.0016698016792768833
2017-01-11,0.005427651726847227
2017-01-12,-0.01074429478978045
2017-01-13,0.009386274856336696
2017-01-16,-0.006403695579882185
2017-01-17,-0.0012730705476147186
2017-01-18,0.005146416675693155
2017-01-19,-0.00021552858174189726
2017-01-20,0.0028663059995124307
2017-01-23,-0.007255282930004103
2017-01-24,0.004260479370114645
2017-01-25,0.01820702540734742
2017-01-26,0.0036066320936656293
2017-01-27,-0.00289994302314589
2017-01-30,-0.011205084026764456
2017-01-31,-0.01254763420442051
2017-02-01,0.010766111557779068
2017-02-02,-0.0027059311880869297
2017-02-03,0.0020244358349581493
2017-02-06,-0.012157276689559682
2017-02-07,0.0034405853143997245
2017-02-08,-0.0005247480959702511
2017-02-09,0.008617967160391427
2017-02-10,0.002070743294345645
2017-02-13,0.009210614534538752
2017-02-14,-0.000222526037951698
2017-02-15,0.0018790753499178248
2017-02-16,-0.0031108760266636004
2017-02-17,-1.8771677757767335e-05
2017-02-20,0.0060049730928697365
2017-02-21,0.011825719443275373
2017-02-22,0.0025986743056343187
2017-02-23,-0.004230477604952876
2017-02-24,-0.012035641932235053
2017-02-27,0.0015790918868994197
2017-02-28,0.0009930273324536554
2017-03-01,0.019669782470279173
2017-03-02,-0.0006314740147592701
2017-03-03,-0.002670904526682283
2017-03-06,-0.005733590656784582
2017-03-07,0.0006471816931776786
2017-03-08,9.776936500593969e-05
2017-03-09,0.0009258620795176142
2017-03-10,-0.001269783450355888
2017-03-13,0.002244435563026448
2017-03-14,-0.00010343880263152805
2017-03-15,0.0017583157313052489
2017-03-16,0.006104110169150356
2017-03-17,0.0009981269158378936
2017-03-20,-0.003500537643697954
2017-03-21,-0.007531009538841227
2017-03-22,-0.004849451242654568
2017-03-23,0.01138761781450559
2017-03-24,0.002042400162483471
2017-03-27,-0.0056529919671758355
2017-03-28,0.012783320319088798
2017-03-29,0.004410093524591208
2017-03-30,0.004378405924772677
2017-03-31,0.00460496499605112
2017-04-03,-0.004521279063708361
2017-04-04,0.0020510106742903655
2017-04-05,-0.005275851793050124
2017-04-06,0.0010926593514175575
2017-04-07,-0.00047666836122139955
2017-04-10,-0.002007355376990816
2017-04-11,-0.005013714515871293
2017-04-12,0.001264531167769034
2017-04-13,-0.003759878448513665
2017-04-18,-0.00896519698674536
2017-04-19,0.0013340981707132826
2017-04-20,0.0009046030242558789
2017-04-21,0.0017668108479587108
2017-04-24,0.03373098597668167
2017-04-25,0.0009682528481484987
2017-04-26,0.0004619994487025103
2017-04-27,-0.0023258423192279443
2017-04-28,-0.0004645106851975944
2017-05-02,0.005619116427545867
2017-05-03,0.0015941486982056219
2017-05-04,0.009573911479027863
2017-05-05,0.0054641505075117
2017-05-08,-0.0017567065821589845
2017-05-09,0.004298719792319883
2017-05-10,0.0006541505353578891
2017-05-11,-0.0036371182639078903
2017-05-12,0.004669208385752244
2017-05-15,0.002868340355894672
2017-05-16,-0.0001959676566438695
2017-05-17,-0.01350458924945619
2017-05-18,-0.0032894286708946563
2017-05-19,0.0038626393388694336
2017-05-22,-0.0015215554852763269
2017-05-23,0.0031451765614660676
2017-05-24,-0.001286047873288343
2017-05-25,-0.0016729105360535623
2017-05-26,-0.0015481281066143104
2017-05-29,0.0021242759964019697
2017-05-30,-0.0023969140224922025
2017-05-31,0.0013001269354242506
2017-06-01,0.003952446778756169
2017-06-02,0.012477023841229729
2017-06-06,-0.010358023046921128
2017-06-07,-0.0013892605152430182
2017-06-08,0.003242444301794878
2017-06-09,0.008033901372379137
2017-06-12,-0.009775439815162268
2017-06-13,0.005873715689813652
2017-06-14,0.0032095408733916475
2017-06-15,-0.00891309299654941
2017-06-16,0.004800016743081281
2017-06-19,0.010681612608084201
2017-06-20,-0.00575377785825959
2017-06-21,-0.0031627731171524065
2017-06-22,0.001545313367442347
2017-06-23,-0.00473580144989838
2017-06-26,0.002938719590103833
2017-06-27,-0.007815509740902726
2017-06-28,-0.0018743558828416829
2017-06-29,-0.01827106641410059
2017-06-30,-0.007334803135931933
2017-07-03,0.012185638086849915
2017-07-04,-0.0030604200468785647
2017-07-05,0.0013306771613257329
2017-07-06,-0.005815926643167102
2017-07-07,0.0006000757193336259
2017-07-10,0.004620365996931497
2017-07-11,-0.0007151251720137752
2017-07-12,0.015241637789399576
2017-07-13,0.0011681706296349237
2017-07-14,-0.0007602326260849335
2017-07-17,-0.00352759333464292
2017-07-18,-0.012454795670066798
2017-07-19,0.0017425162736328659
2017-07-20,-0.0003854630171566953
2017-07-21,-0.01664547829339813
2017-07-24,-0.002541603234959222
2017-07-25,0.004534327203763677
2017-07-26,0.0033267899033440074
2017-07-27,-0.007563549601827146
2017-07-28,-0.004040262199614286
2017-07-31,-0.0036546321621601097
2017-08-01,0.010978486090194473
2017-08-02,-0.005698140366436233
2017-08-03,-0.0021968382460696434
2017-08-04,0.011764977162533219
2017-08-07,-0.0032973433765867144
2017-08-08,0.0028456718014695515
2017-08-09,-0.01123082047998658
2017-08-10,-0.011494174371606047
2017-08-11,-1.9995703362307715e-05
2017-08-14,0.012573647233136809
2017-08-15,0.0009798441577373307
2017-08-16,0.0071298371543075945
2017-08-17,-0.004925071624556132
2017-08-18,-0.0031359574557132674
2017-08-21,-0.008154430124695411
2017-08-22,0.013538019358712017
2017-08-23,-0.004500654963041972
2017-08-24,0.0005363982768837872
2017-08-25,-0.001058191301810174
2017-08-28,-0.003654743658713211
2017-08-29,-0.01464843380281644
2017-08-30,0.004737185063397487
2017-08-31,0.004446594609556653
2017-09-01,0.00719981401648262
2017-09-04,-0.0033295633132951474
2017-09-05,0.0017765350352865195
2017-09-06,0.007491937568421925
2017-09-07,0.006720665983940055
2017-09-08,0.0005977723984174066
2017-09-11,0.013919053761501932
2017-09-12,0.003970207863294162
2017-09-13,0.00229950588536898
2017-09-14,-0.0010451303382938981
2017-09-15,-0.0017256657187705304
2017-09-18,0.0032415285093267965
2017-09-19,0.00019112319087088991
2017-09-20,0.0005874865596027234
2017-09-21,0.0024552418142420596
2017-09-22,-0.0006095750482990603
2017-09-25,0.0001953536086440888
2017-09-26,0.0008249926243022454
2017-09-27,0.004141938257903766
2017-09-28,0.003732219608264309
2017-09-29,0.009776731914571846
2017-10-02,0.005751877956447826
2017-10-04,0.005260092970845287
2017-10-05,-0.00019041076624182196
2017-10-06,-0.0009337853557304099
2017-10-09,0.0015791953543269344
2017-10-10,-0.0020922898344455376
2017-10-11,0.00165489796706364
2017-10-12,0.0009413508953788341
2017-10-13,0.000691715711461871
2017-10-16,0.0009105754612916961
2017-10-17,-0.0006644743319378366
2017-10-18,0.0036914569621973037
2017-10-19,-0.004058156958379078
2017-10-20,9.088953110469866e-05
2017-10-23,0.0009128719225808268
2017-10-24,0.0007729503428972606
2017-10-25,-0.004593821458350522
2017-10-26,0.013885927722339098
2017-10-27,0.006415744115003674
2017-10-30,0.0009101749192319541
2017-11-01,0.017834249151846837
2017-11-02,-0.0018254101443487825
2017-11-03,0.0028220268198988485
2017-11-06,-0.0007471189876102624
2017-11-07,-0.006646514464392905
2017-11-08,0.00023546805882346256
2017-11-09,-0.014934544927543869
2017-11-10,-0.0041789944855674666
2017-11-13,-0.004041129463064563
2017-11-14,-0.003131263441868204
2017-11-15,-0.004381818939264259
2017-11-16,0.005459894310594571
2017-11-17,-0.00409966712705867
2017-11-20,0.0049970012581188605
2017-11-21,0.008337752993777814
2017-11-22,-0.011581510255339822
2017-11-23,-0.0004986718715824789
2017-11-24,0.003942794533793315
2017-11-27,-0.004566644702464817
2017-11-28,0.0045637818828661025
2017-11-29,0.00017916752754576493
2017-11-30,-0.0029007828203437835
2017-12-01,-0.012476234494122718
2017-12-04,0.015321674760971016
2017-12-05,-0.0007665296510495079
2017-12-06,-0.003808121792840069
2017-12-07,0.0035619137570916948
2017-12-08,0.00832108495778705
2017-12-11,-0.002284513425219181
2017-12-12,0.004562745960931425
2017-12-13,-0.004391132253599772
2017-12-14,-0.0043852773544146295
2017-12-15,0.002714973582606861
2017-12-18,0.015930040479071206
2017-12-19,-0.007249668880730642
2017-12-20,-0.011094313450359605
2017-12-21,0.0031042761508590644
2017-12-22,-0.002818529936665981
2017-12-27,-0.0002119293436383396
2017-12-28,-0.006892040317699855
2017-12-29,-0.004799774050388339
2018-01-02,-0.003580375460124685
2018-01-03,0.008299050484651183
2018-01-04,0.014615242631372816
2018-01-05,0.011524246029659402
2018-01-08,0.0036142588140999354
2018-01-09,0.0013322758115563715
2018-01-10,-0.007788226086180017
2018-01-11,-0.005905989459483063
2018-01-12,0.0031909566508898646
2018-01-15,-0.0033612990603565374
2018-01-16,0.003471101746337135
2018-01-17,-0.004708482788791324
2018-01-18,0.007393053896651125
2018-01-19,0.011521388240041563
2018-01-22,0.0021765114277025877
2018-01-23,0.007123543146537292
2018-01-24,-0.010683160209232545
2018-01-25,-0.008675522654868817
2018-01-26,0.0031439643089223868
2018-01-29,-0.001176105942944039
2018-01-30,-0.009514105117255145
2018-01-31,-0.0006235545569540646
2018-02-01,-0.014070309938643666
2018-02-02,-0.016821125032047912
2018-02-05,-0.007639319389147747
2018-02-06,-0.023237856556232006
2018-02-07,0.015958602007677847
2018-02-08,-0.026221475885391587
2018-02-09,-0.012463781021952447
2018-02-12,0.014477748938140245
2018-02-13,-0.007023622077293901
2018-02-14,0.011696811072848812
2018-02-15,0.0005680909831977665
2018-02-16,0.008568652442978442
2018-02-19,-0.005329309744865562
2018-02-20,0.008259655121788834
2018-02-21,-0.001394162005253552
2018-02-22,-0.0006880305395973174
2018-02-23,0.0017557406961024036
2018-02-26,0.0034644927433631345
2018-02-27,-0.0028984955902813248
2018-02-28,-0.0043937269731585404
2018-03-01,-0.01969380359045758
2018-03-02,-0.02274069587567551
2018-03-05,0.014870276079480771
2018-03-06,0.0019022617708301937
2018-03-07,0.010854519084568803
2018-03-08,0.009000140279533442
2018-03-09,-0.0007195641136051867
2018-03-12,0.005808036067389111
2018-03-13,-0.01589250946275733
2018-03-14,0.0013673119666366418
2018-03-15,0.008810395863334541
2018-03-16,0.003565695630221244
2018-03-19,-0.013927876956836727
2018-03-20,0.007392191413297944
2018-03-21,0.00014790474363213235
2018-03-22,-0.016984950696453782
2018-03-23,-0.01766686719693389
2018-03-26,-0.008333099865991067
2018-03-27,0.015573620684541378
2018-03-28,-0.0025161260322741352
2018-03-29,0.013066267275807064
2018-04-03,-0.007793864109071347
2018-04-04,-0.0037117258528511776
2018-04-05,0.029042727211106012
2018-04-06,-0.005194628949689806
2018-04-09,0.0016730673806109042
2018-04-10,0.011056359206475408
2018-04-11,-0.008336526227631147
2018-04-12,0.00984548048796463
2018-04-13,0.0022062507816820176
2018-04-16,-0.004098102679079507
2018-04-17,0.015668931445390832
2018-04-18,0.00041792032418075387
2018-04-19,-0.00185930205592022
2018-04-20,-0.002142040453995131
2018-04-23,0.002542932772816142
2018-04-24,-0.0017156114740828343
2018-04-25,-0.01024000859007601
2018-04-26,0.0062927093295157555
2018-04-27,0.0064317895554080184
2018-04-30,0.002483153715443054
2018-05-02,0.015075958197110495
2018-05-03,-0.008756242799117353
2018-05-04,0.01020076317185592
2018-05-07,0.010026837263193311
2018-05-08,-0.0027748918744736617
2018-05-09,0.00238918120665077
2018-05-10,0.006166281352676606
2018-05-11,-0.0016609151913411502
2018-05-14,-0.001809848369333733
2018-05-15,-0.000591007342442218
2018-05-16,0.0020269821051686066
2018-05-17,0.00910105181435683
2018-05-18,-0.002812940988033641
2018-05-22,0.007050173672496607
2018-05-23,-0.014660687329183908
2018-05-24,-0.009382099298901214
2018-05-25,0.006450357242373972
2018-05-28,-0.005762076705612906
2018-05-29,-0.015310825851721055
2018-05-30,0.0092566936093319
2018-05-31,-0.013991980486716793
2018-06-01,0.009470918519885574
2018-06-04,0.0036528987880872776
2018-06-05,0.0012826093074016498
2018-06-06,0.0033580975622384823
2018-06-07,-0.0014824944329392409
2018-06-08,-0.00347356389042508
2018-06-11,0.005981283332671561
2018-06-12,-4.7524397124520945e-05
2018-06-13,0.0037594725377674276
2018-06-14,0.016796725200709073
2018-06-15,-0.007366221938104545
2018-06-18,-0.013561260344388537
2018-06-19,-0.012166065330815101
2018-06-20,0.0013559292267029122
2018-06-21,-0.014434634754078579
2018-06-22,0.005419601760697335
2018-06-25,-0.02459431967981074
2018-06-26,-0.0029331105313263883
2018-06-27,0.009340144974873787
2018-06-28,-0.01387847522379837
2018-06-29,0.010574615597566117
2018-07-02,-0.005511951741020593
2018-07-03,0.00906750987042182
2018-07-04,-0.00255315736744377
2018-07-05,0.011908128550388364
2018-07-06,0.0025576974470740144
2018-07-09,0.0038187482133198447
2018-07-10,0.0052583339606879775
2018-07-11,-0.01528326923258616
2018-07-12,0.006107679026131185
2018-07-13,0.003823009519182019
2018-07-16,0.0016178533260529093
2018-07-17,0.008002575552280566
2018-07-18,0.008245473323380104
2018-07-19,-0.006239288915979246
2018-07-20,-0.0098429183632891
2018-07-23,-0.001022942426486595
2018-07-24,0.011221942614229485
2018-07-25,-0.008673354145607215
2018-07-26,0.018276044049816864
2018-07-27,0.003994769396946651
2018-07-30,-0.004836567558024307
2018-07-31,0.0005703774418355234
2018-08-01,-0.005345374668111358
2018-08-02,-0.014973618654793297
2018-08-03,0.005533864250953702
2018-08-06,-0.001391101686584073
2018-08-07,0.003967267485219805
2018-08-08,-0.0011582993398496777
2018-08-09,0.003369626594634134
2018-08-10,-0.01986104058777516
2018-08-13,-0.005280709015986873
2018-08-14,1.0509389309687478e-05
2018-08-15,-0.015847755474840408
2018-08-16,0.006097187922975422
2018-08-17,-0.0021753491499627575
2018-08-20,0.009888989597638398
2018-08-21,0.004313448746682935
2018-08-22,9.769969652384525e-05
2018-08-23,-0.00162446344334366
2018-08-24,0.002340323134229161
2018-08-27,0.01160109826766309
2018-08-28,-0.0008685100951155711
2018-08-29,0.002734782248751566
2018-08-30,-0.0053686652424442816
2018-08-31,-0.010419254121938337
2018-09-03,-0.001427477274929867
2018-09-04,-0.011031562501878533
2018-09-05,-0.013902299841121346
2018-09-06,-0.007076968920950222
2018-09-07,0.00036635643859384004
2018-09-10,0.0022333434394894436
2018-09-11,-0.00134071891081744
2018-09-12,0.005182028130240601
2018-09-13,0.0019322989268386603
2018-09-14,0.005705278859265084
2018-09-17,-0.0023028012018060373
2018-09-18,0.005064293028568256
2018-09-19,0.005046165076797671
2018-09-20,0.008794563035534164
2018-09-21,0.008469523342625962
2018-09-24,-0.006440378401789126
2018-09-25,0.0019302235112166333
2018-09-26,0.0009074586328601253
2018-09-27,0.004012646384167429
2018-09-28,-0.015187005793289243
2018-10-01,0.007536689479940906
2018-10-02,-0.004169711409433674
2018-10-04,-0.003535312031441862
2018-10-05,-0.010800208230994479
2018-10-08,-0.013601518264013679
2018-10-09,0.002516043136558732
2018-10-10,-0.022101934556265745
2018-10-11,-0.01478338447171823
2018-10-12,-0.0013466997351284649
2018-10-15,0.007840340070375706
2018-10-16,0.013982039704361515
2018-10-17,-0.005223901080562032
2018-10-18,-0.010740075745709565
2018-10-19,-0.003052829565755699
2018-10-22,-0.0025524206410854067
2018-10-23,-0.02169838565183535
2018-10-24,-0.00733087954356848
2018-10-25,0.010319340041110792
2018-10-26,-0.009418843958163503
2018-10-29,0.01204043616795425
2018-10-30,-0.004242503919007046
2018-10-31,0.014185752611957092
2018-11-01,0.001837104651410737
2018-11-02,0.0043990076453204185
2018-11-05,-0.0020861440932373743
2018-11-06,-0.0009238933605327793
2018-11-07,0.008251215735014084
2018-11-08,-0.004471789571019569
2018-11-09,0.00015960723742569627
2018-11-12,-0.01766995373484015
2018-11-13,0.012960140295316558
2018-11-14,-0.005202955883663596
2018-11-15,-0.005157519862137527
2018-11-16,-0.0011159318495413961
2018-11-19,-0.008505419357860866
2018-11-20,-0.015841455692602202
2018-11-21,0.016063001742675054
2018-11-22,-0.009398620639341715
2018-11-23,0.004866027098109793
2018-11-26,0.014476349354328066
2018-11-27,-0.004016776820418011
2018-11-28,-0.0009046218873075551
2018-11-29,-5.7475968346931694e-05
2018-11-30,-0.003628022502141004
2018-12-03,0.018496516217774372
2018-12-04,-0.011350582434623835
2018-12-05,-0.011916741159580746
2018-12-06,-0.034754590748001135
2018-12-07,-0.00211734958417209
2018-12-10,-0.015389149854566853
2018-12-11,0.014916061413992932
2018-12-12,0.01381381076707977
2018-12-13,-0.00043273000721244514
2018-12-14,-0.005394259156675574
2018-12-17,-0.008611386029162005
2018-12-18,-0.002906606478463414
2018-12-19,0.002357375722939592
2018-12-20,-0.014407145330183946
2018-12-21,0.0021412204164896753
2018-12-27,-0.02372717795300816
2018-12-28,0.017092908384103156
2019-01-02,0.002010659082763988
2019-01-03,-0.015456269386101229
2019-01-04,0.03369892731182955
2019-01-07,-0.0018463438844960045
2019-01-08,0.005226264763068977
2019-01-09,0.008269160057111424
2019-01-10,0.0025951253097331595
2019-01-11,-0.003124992176119057
2019-01-14,-0.0028978113169366715
2019-01-15,0.0033051013039051558
2019-01-16,0.0036220121000327676
2019-01-17,-0.0011545000308211817
2019-01-18,0.026278038689462768
2019-01-21,-0.006187996607774471
2019-01-22,-0.004138740588499834
2019-01-23,-0.001674493031296409
2019-01-24,0.005296431050297201
2019-01-25,0.013621554711535255
2019-01-28,-0.006335915533129399
2019-01-29,0.0007600599929071805
2019-01-30,-0.003313172729790703
2019-01-31,-0.000765588182378707
2019-02-01,0.0006766740778589853
2019-02-04,-0.00036492282816769084
2019-02-05,0.017125130342832806
2019-02-06,-0.0038054905448177134
2019-02-07,-0.02672915556598776
2019-02-08,-0.010455366866822358
2019-02-11,0.009884637593283285
2019-02-12,0.0101220504763746
2019-02-13,0.003697586944245046
2019-02-14,-0.0069336584571561
2019-02-15,0.018937217466269862
2019-02-18,-5.306371664670628e-05
2019-02-19,0.0008858826688593613
2019-02-20,0.008202143734654888
2019-02-21,0.001869023281596105
2019-02-22,0.003013138174945862
2019-02-25,0.004162218622591585
2019-02-26,0.0030768528234772496
2019-02-27,-0.004632261808468208
2019-02-28,0.0024644168940883837
2019-03-01,0.007471581404874472
2019-03-04,-0.0007774332245802373
2019-03-05,0.002422229043767876
2019-03-06,-0.002849246338417988
2019-03-07,-0.006026260661688543
2019-03-08,-0.005205851981651688
2019-03-11,0.0074744128184611736
2019-03-12,-0.0016728530816400022
2019-03-13,0.004186005126792791
2019-03-14,0.001301333958023232
2019-03-15,0.008476458229689676
2019-03-18,-0.002450078542407974
2019-03-19,0.01126790037789771
2019-03-20,-0.015652705103297637
2019-03-21,-0.004647552599507998
2019-03-22,-0.016085773430457806
2019-03-25,-0.0015416463648855183
2019-03-26,0.006418641239283707
2019-03-27,-3.856827713877298e-05
2019-03-28,0.0007986763472500602
2019-03-29,0.008564797961723603
2019-04-01,0.013530249312337483
2019-04-02,0.006231798112044551
2019-04-03,0.016981192424464497
2019-04-04,0.002811464724433721
2019-04-05,0.0018134982203084071
2019-04-08,-0.003859331740877159
2019-04-09,-0.009431271581733403
2019-04-10,0.004669804261793864
2019-04-11,0.002460125994409923
2019-04-12,0.005423410678349727
2019-04-15,0.0016958920983261017
2019-04-16,0.006741942552003888
2019-04-17,0.004276392878101554
2019-04-18,0.00570385377151994
2019-04-23,0.0010734494288666685
2019-04-24,0.006346314302584588
2019-04-25,-0.0024819417994402793
2019-04-26,0.002652539296333689
2019-04-29,0.0010426030375367823
2019-04-30,0.00130276779934424
2019-05-02,0.00010854140134552992
2019-05-03,0.005453850784427061
2019-05-06,-0.010140389292260021
2019-05-07,-0.01580056534198504
2019-05-08,0.007210065827524703
2019-05-09,-0.016913871500951583
2019-05-10,0.007174772907329263
2019-05-13,-0.01518924282625378
2019-05-14,0.009680315811371631
2019-05-15,0.009002136013112727
2019-05-16,0.017422090143955238
2019-05-17,-0.0058023996695494295
2019-05-20,-0.016149305714861395
2019-05-21,0.00848577579051124
2019-05-22,0.002080995661167817
2019-05-23,-0.017777524538973855
2019-05-24,0.004905277014932485
2019-05-27,0.005007030885078478
2019-05-28,-0.003655805311074789
2019-05-29,-0.015734551485871773
2019-05-30,0.005429256775145275
2019-05-31,-0.014723496500168576
2019-06-03,0.005625533173599262
2019-06-04,0.015124500272734709
2019-06-05,0.0008052386275032575
2019-06-06,-0.0023095202133555093
2019-06-07,0.007716820608471453
2019-06-11,0.009167804467302254
2019-06-12,-0.003301292487380425
2019-06-13,0.0044050452441857235
2019-06-14,-0.0059700153445436666
2019-06-17,-0.0008746468191644929
2019-06-18,0.020348613593538456
2019-06-19,-0.001882922258600761
2019-06-20,0.003807065015806632
2019-06-21,-0.0012520630269605704
2019-06-24,-0.005295788772433974
2019-06-25,-0.003758166814647912
2019-06-26,0.0013803790360313872
2019-06-27,0.002099574390982184
2019-06-28,0.010412290443661876
2019-07-01,0.00988644708003572
2019-07-02,0.0004264580900807946
2019-07-03,0.007146364712118158
2019-07-04,0.0010827438282905444
2019-07-05,-0.004859113317556618
2019-07-08,-0.001990726621821426
2019-07-09,-0.00852711585003263
2019-07-10,-0.005076942514530947
2019-07-11,-0.003336997524618801
2019-07-12,-0.0007135678702346882
2019-07-15,0.005194990443043501
2019-07-16,0.0035221349670577773
2019-07-17,-0.007235111588504428
2019-07-18,-0.009171087142222367
2019-07-19,0.002635026121052153
2019-07-22,0.0023923254416491346
2019-07-23,0.016383211332555492
2019-07-24,0.00257385979207414
2019-07-25,-0.012839691443145673
2019-07-26,0.004675644354634301
2019-07-29,-0.00019570721069028796
2019-07-30,-0.02176204155420214
2019-07-31,0.00344109475740928
2019-08-01,0.005259671914854991
2019-08-02,-0.031070373642747784
2019-08-05,-0.0180190977018978
2019-08-06,-0.007766842118577255
2019-08-07,0.0071050064112461175
2019-08-08,0.016760278543882734
2019-08-09,-0.012799079944268987
2019-08-12,-0.0012074875081955483
2019-08-13,0.00603186022197999
2019-08-14,-0.021912074941325854
2019-08-15,-0.00696011482872394
2019-08-16,0.013149448247193662
2019-08-19,0.013200148037464832
2019-08-20,-0.005479163615439431
2019-08-21,0.013017559246615962
2019-08-22,-0.0047284827104947524
2019-08-23,-0.011537397760356671
2019-08-26,0.004007254386096282
2019-08-27,0.006174236144868228
2019-08-28,-0.0024722891486020915
2019-08-29,0.01178190936219825
2019-08-30,0.008480565021253383
2019-09-02,0.001214478567209687
2019-09-03,-0.003590489442939826
2019-09-04,0.00958618304050729
2019-09-05,0.008460698180172699
2019-09-06,0.005355930745670978
2019-09-09,0.002819053514437231
2019-09-10,0.0034851958452739584
2019-09-11,0.007365106180698744
2019-09-12,0.004141062895987924
2019-09-13,0.004696140161358553
2019-09-16,-0.007075469296725534
2019-09-17,-0.0006218922641856306
2019-09-18,0.0013747919914774975
2019-09-19,0.005494928616136985
2019-09-20,0.0008275660957373088
2019-09-23,-0.010080172366122575
2019-09-24,-0.002850327877906178
2019-09-25,-0.005929130693047013
2019-09-26,0.004443318060633139
2019-09-27,0.0075192325802153626
2019-09-30,0.003807436818326515
2019-10-01,-0.01321603972355323
2019-10-02,-0.02760802098268844
2019-10-04,0.007342367691453022
2019-10-07,0.0070441570468762205
2019-10-08,-0.01051706812720421
2019-10-09,0.01036403471021985
2019-10-10,0.005782944226672582
2019-10-11,0.028563340765008993
2019-10-14,-0.002005396532762771
2019-10-15,0.011470771267574564
2019-10-16,0.0031924768642466184
2019-10-17,-0.0011965291405793277
2019-10-18,-0.001687133146158759
2019-10-21,0.00905207977919753
2019-10-22,0.0005279643778788312
2019-10-23,0.0034105100582253467
2019-10-24,0.0057749710862291526
2019-10-25,0.001740986857627913
2019-10-28,0.003660487771185217
2019-10-29,-0.00016148126919146577
2019-10-30,-0.002271291442201062
2019-10-31,-0.0033648066773595
2019-11-01,0.007325818276262774
2019-11-04,0.013519774353974556
2019-11-05,0.0009302273024129892
2019-11-06,0.0023873178261779593
2019-11-07,0.008313446881779374
2019-11-08,-0.004582608383185471
2019-11-11,-0.0022821421307842593
2019-11-12,0.0064507698815496894
2019-11-13,-0.004022991970336842
2019-11-14,-0.0037671639358493048
2019-11-15,0.004667561117073227
2019-11-18,-0.0026235380047954227
2019-11-19,0.0010683986619912655
2019-11-20,-0.004763625789022563
2019-11-21,-0.0015533695241961576
2019-11-22,0.001992714638848314
2019-11-25,0.006272490575351508
2019-11-26,-0.0007572046313999437
2019-11-27,0.003826592909861759
2019-11-28,-0.003122602153762033
2019-11-29,-0.0006945860625382494
2019-12-02,-0.0205267752752627
2019-12-03,0.0018982614422959898
2019-12-04,0.01164653903196844
2019-12-05,-0.006527152610028675
2019-12-06,0.008562388938156307
2019-12-09,-0.004630642596690326
2019-12-10,-0.0026622663167946703
2019-12-11,0.005816091952305369
2019-12-12,0.005697185213004996
2019-12-13,0.0046197052520802195
2019-12-16,0.009406238500812902
2019-12-17,-0.008937434028646773
2019-12-18,-0.00494211029858882
2019-12-19,-0.000771446964184519
2019-12-20,0.008094213879218604
2019-12-23,-0.001345450551429428
2019-12-27,0.0027163322957570735
2019-12-30,-0.006605672714343203
2020-01-02,0.010334351343769255
2020-01-03,-0.012460101237365073
2020-01-06,-0.006970908585067548
2020-01-07,0.007605691934511771
2020-01-08,0.007057594965961256
2020-01-09,0.013128943221134781
2020-01-10,-0.0008706890057639249
2020-01-13,-0.002357732639506782
2020-01-14,0.00036952725775352135
2020-01-15,-0.0017976774973391674
2020-01-16,-0.00021367280579143166
2020-01-17,0.007200618161954164
2020-01-20,0.0016864060209849097
2020-01-21,0.0005114560460253159
2020-01-22,-0.0029596120972442685
2020-01-23,-0.009420866627823044
2020-01-24,0.014061387880238696
2020-01-27,-0.027393307112667298
2020-01-28,0.009005904885811544
2020-01-29,0.0015993744694802192
2020-01-30,-0.014078672372611511
2020-01-31,-0.013312213392062677
2020-02-03,0.004869885268307339
2020-02-04,0.01813310476090657
2020-02-05,0.014801512473583633
2020-02-06,0.007158916113176428
2020-02-07,-0.004494405140031188
2020-02-10,-0.0014636359031173773
2020-02-11,0.009916204988505095
2020-02-12,0.008947891308205058
2020-02-13,-0.00031641130628867753
2020-02-14,-8.87368812929612e-05
2020-02-17,0.0028870111568997103
2020-02-18,-0.00745067041084746
2020-02-19,0.007880130816581454
2020-02-20,-0.009065196896076544
2020-02-21,-0.006196569223872905
2020-02-24,-0.04006750263965353
2020-02-25,-0.01877602526684352
2020-02-26,-0.0012204654611710497
2020-02-27,-0.03189227026886954
2020-02-28,-0.03857787719300876
2020-03-02,-0.002731584289320743
2020-03-03,0.010753999663494884
2020-03-04,0.011872853985064324
2020-03-05,-0.01508701959254366
2020-03-06,-0.03372616675794815
2020-03-09,-0.07943691764233063
2020-03-10,-0.01407331971816228
2020-03-11,-0.0035139688980099226
2020-03-12,-0.1223861487212149
2020-03-13,0.0077446992041463325
2020-03-16,-0.053057390531699444
2020-03-17,0.02251704187995074
2020-03-18,-0.05564202997758927
2020-03-19,0.019986439636426878
2020-03-20,0.03699240564903583
2020-03-23,-0.021032685879028734
2020-03-24,0.10975899955959934
2020-03-25,0.017905076457328084
2020-03-26,0.012831361369849414
2020-03-27,-0.036840506424041575
2020-03-30,0.019044881738090158
2020-03-31,0.01221174479207332
2020-04-01,-0.03936152855724717
2020-04-02,0.0027313771968884293
2020-04-03,-0.004707097174435626
2020-04-06,0.057675171420287885
2020-04-07,0.027942980180041266
2020-04-08,-0.002299047614198302
2020-04-09,0.02243811690881259
2020-04-14,0.01247729078170745
2020-04-15,-0.0389657816560286
2020-04-16,0.002118753155140096
2020-04-17,0.031474928325814444
2020-04-20,0.004716841106981118
2020-04-21,-0.039907714165648756
2020-04-22,0.016115423187420985
2020-04-23,0.009482427130036886
2020-04-24,-0.01690163058728389
2020-04-27,0.031336839706444186
2020-04-28,0.01272418130366626
2020-04-29,0.02891080510822297
2020-04-30,-0.02215577432895799
2020-05-04,-0.0363517716044649
2020-05-05,0.02509460017878329
2020-05-06,-0.011487974797776301
2020-05-07,0.014432061729812595
2020-05-08,0.013496356521066621
2020-05-11,-0.007289685611598151
2020-05-12,-0.0005071814621657733
2020-05-13,-0.025587119899255995
2020-05-14,-0.019505572782604563
2020-05-15,0.012397228256905812
2020-05-18,0.05673106120059335
2020-05-19,0.0014847739146046646
2020-05-20,0.013400996393911457
2020-05-21,-0.014057764677333218
2020-05-22,0.0007175564920198774
2020-05-25,0.028662983481931414
2020-05-26,0.00995235956504903
2020-05-27,0.013302450215020079
2020-05-28,0.010588671389887727
2020-05-29,-0.016490801423124535
2020-06-02,0.03749342389936605
2020-06-03,0.038771251274696716
2020-06-04,-0.0045486619790621186
2020-06-05,0.03355602093599175
2020-06-08,-0.0021863748500307034
2020-06-09,-0.015725901673311893
2020-06-10,-0.006960702654985829
2020-06-11,-0.04468180056806681
2020-06-12,-0.001755159278216234
2020-06-15,-0.0031743053300722357
2020-06-16,0.033943302827479815
2020-06-17,0.005397964164654434
2020-06-18,-0.008125362647860013
2020-06-19,0.0040084167926510705
2020-06-22,-0.005497636832685782
2020-06-23,0.021266466841030285
2020-06-24,-0.03432031147046277
2020-06-25,0.006939813205460776
2020-06-26,-0.007265676830065848
2020-06-29,0.011806259281952114
2020-06-30,0.0064428381635792675
2020-07-01,-0.0040906232330392145
2020-07-02,0.0283746709631294
2020-07-03,-0.00636717518921559
2020-07-06,0.01638470335936426
2020-07-07,-0.009160941365910502
2020-07-08,-0.009668872952210639
2020-07-09,-0.00042814653115730295
2020-07-10,0.011549738775828766
2020-07-13,0.013160011282439044
2020-07-14,-0.00801637638150543
2020-07-15,0.01839910900526287
2020-07-16,-0.004331515488934512
2020-07-17,0.0034672411623539734
2020-07-20,0.009853979094431642
2020-07-21,0.009573919131715458
2020-07-22,-0.005130652135972635
2020-07-23,-6.565439170502785e-05
2020-07-24,-0.020248964981106177
2020-07-27,4.67816755491679e-05
2020-07-28,-0.00026325821942208005
2020-07-29,-0.0010144311253915683
2020-07-30,-0.03451882765521441
2020-07-31,-0.005354758573206664
2020-08-03,0.02709415688830763
2020-08-04,-0.003645957363216934
2020-08-05,0.0047123636907824284
2020-08-06,-0.0054161894512351205
2020-08-07,0.006607553350892026
2020-08-10,0.0009980678903438456
2020-08-11,0.02044206945011129
2020-08-12,0.008630662453239069
2020-08-13,-0.004971419088954043
2020-08-14,-0.007108833232786438
2020-08-17,0.001497543102808807
2020-08-18,-0.0030107123130378444
2020-08-19,0.0074190416712343055
2020-08-20,-0.011352880541533272
2020-08-21,-0.005081854661925123
2020-08-24,0.02363846194158059
2020-08-25,-0.00037652828218426304
2020-08-26,0.009840300995155316
2020-08-27,-0.007110611803877731
2020-08-28,-0.0048227258989910204
2020-08-31,-0.006738200225880453
2020-09-01,0.00223014831923396
2020-09-02,0.020747225273137104
2020-09-03,-0.014019038922012617
2020-09-04,-0.01647366914274273
2020-09-07,0.020059716137713623
2020-09-08,-0.010072318496883281
2020-09-09,0.020733577969768602
2020-09-10,-0.0021394472538829312
2020-09-11,-0.0004580100862766612
2020-09-14,-0.0006952812886195092
2020-09-15,0.0018197956700913842
2020-09-16,0.0028522572840246063
2020-09-17,-0.003564593035296215
2020-09-18,-0.006955578566245069
2020-09-21,-0.04374798973124938
2020-09-22,0.0041418748640844605
2020-09-23,0.0038572792712527892
2020-09-24,-0.002879024062362956
2020-09-25,-0.010896708127768218
2020-09-28,0.03221296599488377
2020-09-29,-0.0035001366867452033
2020-09-30,-0.005074906880346952
2020-10-01,-0.0023479014444645063
2020-10-02,-0.003277845230413412
2020-10-05,0.010975576625281924
2020-10-06,0.0060576929884306185
2020-10-07,0.0017473072309706073
2020-10-08,0.008789807820252848
2020-10-09,0.0006916395181120194
2020-10-12,0.0066798059929096265
2020-10-13,-0.009089373862954941
2020-10-14,0.000696623607071567
2020-10-15,-0.024893159918574215
2020-10-16,0.01615587793958473
2020-10-19,-0.004208700846354829
2020-10-20,-0.009156987388754034
2020-10-21,-0.014077981316201638
2020-10-22,-0.0011610524376540754
2020-10-23,0.008187031968703407
2020-10-26,-0.03705358025423566
2020-10-27,-0.009329695209853939
2020-10-28,-0.0417008011594826
2020-10-29,0.0032490389815409415
2020-10-30,-0.0035859278853634935
2020-11-02,0.020057993029479304
2020-11-03,0.02550840227221829
2020-11-04,0.01945898236998511
2020-11-05,0.01978787481871036
2020-11-06,-0.007007454083708398
2020-11-09,0.04935490635813178
2020-11-10,0.005126815837380727
2020-11-11,0.004031671430240635
2020-11-12,-0.012350731909455237
2020-11-13,0.0018210083463381377
2020-11-16,0.004732886097901456
2020-11-17,-0.0003912609372260789
2020-11-18,0.005209584618497409
2020-11-19,-0.008766130854699017
2020-11-20,0.00390411267629176
2020-11-23,-0.0007825285685740813
2020-11-24,0.01260539991877696
2020-11-25,-0.0001986561470008752
2020-11-26,-0.0002430053300246371
2020-11-27,0.003696166418040825
2020-11-30,-0.0033383773675764727
2020-12-01,0.0068571627582594274
2020-12-02,-0.0051605158545551255
2020-12-03,-0.004535325867296991
2020-12-04,0.003478464886228494
2020-12-07,-0.0021024171077758114
2020-12-08,0.0005644061770024855
2020-12-09,0.004651848979795314
2020-12-10,-0.0033379632523905522
2020-12-11,-0.013645783846847004
2020-12-14,0.008300889348555884
2020-12-15,0.010565550086865327
2020-12-16,0.015199605307938846
2020-12-17,0.00746496218856274
2020-12-18,-0.002688195092282686
2020-12-21,-0.028187497573014086
2020-12-22,0.012970455856223362
2020-12-23,0.012603869900936315
2020-12-28,0.014944883048795488
2020-12-29,-0.002096413938220909
2020-12-30,-0.0030955914114546568
2021-01-04,0.0005802236626613055
2021-01-05,-0.005501707362639441
2021-01-06,0.017635786751827753
2021-01-07,0.005490258711596807
2021-01-08,0.005819633518505007
2021-01-11,-0.008033728885647906
2021-01-12,-0.0008323791932529634
2021-01-13,0.0010520881832516427
2021-01-14,0.003514437137665194
2021-01-15,-0.014366576147642585
2021-01-18,0.004396600351478819
2021-01-19,-0.0024038993816247745
2021-01-20,0.0076952651802857375
2021-01-21,-0.0010559445793594247
2021-01-22,-0.0023514037146350475
2021-01-25,-0.016579215306316786
2021-01-26,0.01664034504761691
2021-01-27,-0.01806145554169869
2021-01-28,0.0033383400188322643
2021-01-29,-0.01705405893648615
2021-02-01,0.014081087095488387
2021-02-02,0.015646771355087186
2021-02-03,0.007117353572377416
2021-02-04,0.009090248364228337
2021-02-05,-0.00025392879450425454
2021-02-08,0.00022696829342550018
2021-02-09,-0.0034218107390333596
2021-02-10,-0.005625978048774849
2021-02-11,0.007747122961281994
2021-02-12,0.0006395235129044163
2021-02-15,0.004241372836627733
2021-02-16,-0.0031809009179609715
2021-02-17,-0.01104404550709448
2021-02-18,-0.0016061119313137695
2021-02-19,0.007654736046203592
2021-02-22,-0.0030865231430264872
2021-02-23,-0.006109693485562784
2021-02-24,0.008019614631100458
2021-02-25,-0.006916851880008568
2021-02-26,-0.0067034963891476895
2021-03-01,0.01643156155830483
2021-03-02,0.0019253434773178757
2021-03-03,0.0028654588605008247
2021-03-04,-0.0016825553090032974
2021-03-05,-0.009650407970380304
2021-03-08,0.03306012218912846
2021-03-09,0.003965692909409846
2021-03-10,0.007086160994412394
2021-03-11,0.0020040679106274606
2021-03-12,-0.004598682691363543
2021-03-15,-0.002825032808776773
2021-03-16,0.006649427011281572
2021-03-17,0.002681096255561677
2021-03-18,0.012256899059331916
2021-03-19,-0.010457806977493656
2021-03-22,0.002476572118015108
2021-03-23,0.00032813682312782255
2021-03-24,-0.003521335018171201
2021-03-25,0.0007508836786001005
2021-03-26,0.008725595639352823
2021-03-29,0.004663338170147968
2021-03-30,0.012882591149150135
2021-03-31,-1.8023508250530895e-05
2021-04-01,0.006585010677657044
2021-04-06,0.006984085448871635
2021-04-07,-0.00238743841871214
2021-04-08,0.001734232406704228
2021-04-09,0.0020707184126154132
2021-04-12,-0.0012577100446288236
2021-04-13,0.0012724516307920375
2021-04-14,-0.0016548092834705042
2021-04-15,0.0030363094790926137
2021-04-16,0.013399901596893304
2021-04-19,-0.005909562028008186
2021-04-20,-0.015543585780751434
2021-04-21,0.004392737237825184
2021-04-22,0.008196239327180832
2021-04-23,-0.0026695840163302176
2021-04-26,0.0010942501472070987
2021-04-27,-0.003077227165506069
2021-04-28,0.0028139155231052815
2021-04-29,-0.009022879341411771
2021-04-30,-0.0012069286948022118
2021-05-03,0.006643774260973512
2021-05-04,-0.02493945544026155
2021-05-05,0.021155737750176984
2021-05-06,0.0017111816577393135
2021-05-07,0.013352215877916906
2021-05-10,4.933655022854033e-05
2021-05-11,-0.018224200096131793
2021-05-12,0.0020152268762712033
2021-05-13,0.003264636541923105
2021-05-14,0.01427398243898037
2021-05-17,-0.0012985664649708406
2021-05-18,-0.0006520937053771103
2021-05-19,-0.017744067000349917
2021-05-20,0.016984760877691185
2021-05-21,0.004375332689588118
2021-05-25,0.0017865626350186403
2021-05-26,-0.0009291971357868745
2021-05-27,-0.002847068524379104
2021-05-28,0.007350683535985114
2021-05-31,-0.006369246800054906
2021-06-01,0.00948247436220484
2021-06-02,0.0022707516609552503
2021-06-03,0.0019201767521479507
2021-06-04,0.0038528587279718085
2021-06-07,-0.0010036385631688738
2021-06-08,-0.002331468432672401
2021-06-09,-0.003801642035632713
2021-06-10,-0.0006366621504476644
2021-06-11,0.00783816597740894
2021-06-14,-0.0012508472357153355
2021-06-15,0.003565214210986989
2021-06-16,-0.0012046915172680972
2021-06-17,0.0010884142990910117
2021-06-18,-0.017779485721758026
2021-06-21,0.010046594578992263
2021-06-22,0.0021207033444952117
2021-06-23,-0.011507842875434937
2021-06-24,0.008594556900674899
2021-06-25,0.0012020643257577568
2021-06-28,-0.003446318772066581
2021-06-29,0.008770000025113855
2021-06-30,-0.010168502667925683
2021-07-01,0.004685425513486274
2021-07-02,0.0029659598977387347
2021-07-05,0.0007590935854751013
2021-07-06,-0.009615000308332955
2021-07-07,0.011690131986640706
2021-07-08,-0.017337369592456686
2021-07-09,0.01733326536098545
2021-07-12,0.006538790023181695
2021-07-13,-5.51038060464526e-05
2021-07-14,-4.1747608063080754e-05
2021-07-15,-0.010090601658247156
2021-07-16,-0.005716732484536524
2021-07-19,-0.026196992611892567
2021-07-20,0.0054892114599283115
2021-07-21,0.013553287047555207
2021-07-22,0.005967906569136039
2021-07-23,0.009974514204763363
2021-07-26,-0.0032107115374775397
2021-07-27,-0.006392900364865617
2021-07-28,0.0033011173394932314
2021-07-29,0.004502745820713416
2021-07-30,-0.006143043003486337
2021-08-02,0.0015658910296902917
2021-08-03,-0.0008767825130250317
2021-08-04,0.008810613895857244
2021-08-05,0.0033481776823709453
2021-08-06,0.0010657748635420905
2021-08-09,-0.00101767533213859
2021-08-10,0.0016068050585178462
2021-08-11,0.0035115656143362983
2021-08-12,0.0070402685044153035
2021-08-13,0.0025054518961691308
2021-08-16,-0.0032364358462209086
2021-08-17,-0.00023736891974390772
2021-08-18,0.002764707256964094
2021-08-19,-0.012536673918214558
2021-08-20,0.0026786108611587256
2021-08-23,0.0028308379716537324
2021-08-24,0.0033470177919316946
2021-08-25,-0.002841058744725289
2021-08-26,-0.004226812654836598
2021-08-27,0.003680592693833473
2021-08-30,0.002243258335041798
2021-08-31,-0.0032868829257333143
2021-09-01,-0.000682017266341095
2021-09-02,0.0010300496671422632
2021-09-03,-0.003749206880760969
2021-09-06,0.00956327275537805
2021-09-07,-0.005588099561304127
2021-09-08,-0.014694707447129862
2021-09-09,0.000824464196802488
2021-09-10,-0.0008539135820202493
2021-09-13,0.005868768042931682
2021-09-14,0.0013737810088085833
2021-09-15,-0.006804700173449696
2021-09-16,0.0022893186475410054
2021-09-17,-0.010323451251457505
2021-09-20,-0.023118555404403995
2021-09-21,0.014305435563424007
2021-09-22,0.010307824796182752
2021-09-23,0.008849667313268972
2021-09-24,-0.007173353600394505
2021-09-27,0.0027125007042025917
2021-09-28,-0.020888841762483845
2021-09-29,0.007653835131071762
2021-09-30,-0.006806200265462747
2021-10-01,-0.006831276768264449
2021-10-04,-0.007910209891048403
2021-10-05,0.01050376793473351
2021-10-06,-0.014555286346471963
2021-10-07,0.018534973315184722
2021-10-08,-0.002932980023347853
2021-10-11,-0.0004596984524577463
2021-10-12,-0.0034389796040444898
2021-10-13,0.006767719326296939
2021-10-14,0.013990066834812964
2021-10-15,0.008060718114542675
2021-10-18,-0.007242446601209429
2021-10-19,0.002672812205739339
2021-10-20,0.00045694260083428695
2021-10-21,-0.003244257640698911
2021-10-22,0.004551341238499207
2021-10-25,0.003618997020107706
2021-10-26,0.010117749197864567
2021-10-27,-0.0032525103920124643
2021-10-28,-0.0006035659699719087
2021-10-29,-0.00048167608844673637
2021-11-01,0.00749074091364621
2021-11-02,0.009373493456329651
2021-11-03,0.0003466288947471252
2021-11-04,0.004365288667578016
2021-11-05,0.0015415158993081768
2021-11-08,-0.0004883919471595499
2021-11-09,-0.00037701662816780335
2021-11-10,0.0017057076275759364
2021-11-11,0.00095098550104189
2021-11-12,0.0006814577962797053
2021-11-15,0.003390648535635865
2021-11-16,0.006144214329198983
2021-11-17,0.00020122841895831023
2021-11-18,-0.001809068924714774
2021-11-19,-0.003807284451340043
2021-11-22,-0.002740060632800412
2021-11-23,-0.01108797854284449
2021-11-24,-0.0036776276314550715
2021-11-25,0.0024933775520741275
2021-11-26,-0.041521625873649715
2021-11-29,0.001561266958663765
2021-11-30,-0.011827244316876429
2021-12-01,0.024671313555159502
2021-12-02,-0.013543853218003998
2021-12-03,-0.006101632017812553
2021-12-06,0.013896495829164968
2021-12-07,0.028161777745156824
2021-12-08,-0.008021440734616858
2021-12-09,-0.003049009000484326
2021-12-10,-0.0010198817304357677
2021-12-13,-0.00010176100926917453
2021-12-14,-0.010764509874291783
2021-12-15,0.0014747436639956923
2021-12-16,0.010341636451081992
2021-12-17,-0.006696551528590944
2021-12-20,-0.01880159208261889
2021-12-21,0.013633530704904917
2021-12-22,0.009453300534783438
2021-12-23,0.010442822964064957
2021-12-27,0.005010083696009415
2021-12-28,0.008111661976444973
2021-12-29,-0.006981476346268778
2021-12-30,0.0020571434062988114
2022-01-03,0.008553434791394698
2022-01-04,0.008231827073662101
2022-01-05,0.007375875839534141
2022-01-06,-0.013503140508089206
2022-01-07,-0.006496999898827571
2022-01-10,-0.011253676100025478
2022-01-11,0.011005648953334557
2022-01-12,0.004297551158501056
2022-01-13,0.001328488801900729
2022-01-14,-0.009253580638032277
2022-01-17,0.0031781608439220843
2022-01-18,-0.010114408877252679
2022-01-19,0.0023560003742160163
2022-01-20,0.0064903333732160284
2022-01-21,-0.01938435124196758
2022-01-24,-0.037987347022128026
2022-01-25,0.007510442935017458
2022-01-26,0.02218476677267267
2022-01-27,0.004196794588139374
2022-01-28,-0.01322570028330139
2022-01-31,0.009938670604633604
2022-02-01,0.009578407056609617
2022-02-02,-0.0003598166966826133
2022-02-03,-0.01571047940707382
2022-02-04,-0.01749752324300846
2022-02-07,0.007091602746846393
2022-02-08,0.0023503045512538456
2022-02-09,0.015721290550087197
2022-02-10,0.0005445458432160599
2022-02-11,-0.004216814415090031
2022-02-14,-0.020171667271381533
2022-02-15,0.019765835169695434
2022-02-16,-0.0010796056293586043
2022-02-17,-0.008342416414091058
2022-02-18,-0.0147449289061512
2022-02-21,-0.020700644592505757
2022-02-22,-0.0025877269945699943
2022-02-23,-0.004195171063601677
2022-02-24,-0.03959035443520054
2022-02-25,0.03665863989686824
2022-02-28,-0.0072910865059659935
2022-03-01,-0.038459938503860425
2022-03-02,0.006850900575240404
2022-03-03,-0.02155054162868275
2022-03-04,-0.04408254499377706
2022-03-07,-0.01984717658369206
2022-03-08,-0.0002446989130528987
2022-03-09,0.07921280819174847
2022-03-10,-0.029306191415120142
2022-03-11,0.013837923210877623
2022-03-14,0.022086701107867812
2022-03-15,-0.000850077285170725
2022-03-16,0.037613031920492146
2022-03-17,-0.0036480584241171954
2022-03-18,0.0017396559497950825
2022-03-21,-0.00597513219726753
2022-03-22,0.010206657202526559
2022-03-23,-0.013096606288144241
2022-03-24,-0.0006903243423663774
2022-03-25,0.0022397503728870394
2022-03-28,0.007801777283488631
2022-03-29,0.02794961616870162
2022-03-30,-0.014458535829359187
2022-03-31,-0.013097299218170932
2022-04-01,0.0022012500216792574
2022-04-04,0.0049617405190873765
2022-04-05,-0.006460860307228367
2022-04-06,-0.01890343247320936
2022-04-07,-0.0051965550990450415
2022-04-08,0.014598475335713124
2022-04-11,-0.006363185997339871
2022-04-12,-0.004779195958662719
2022-04-13,-0.0034343317997042044
2022-04-14,0.006209608183554094
2022-04-19,-0.0007335328123382334
2022-04-20,0.014736348078536077
2022-04-21,0.009774375916205447
2022-04-22,-0.024845546955153175
2022-04-25,-0.015409315333356322
2022-04-26,-0.012048799475395167
2022-04-27,0.0027289143959552398
2022-04-28,0.013476889726332653
2022-04-29,0.008443590225768682
2022-05-02,-0.011264783898897734
2022-05-03,0.007202733884803303
2022-05-04,-0.00488974408574816
2022-05-05,-0.004888816814062835
2022-05-06,-0.016416412267897695
2022-05-09,-0.021472421335859693
2022-05-10,0.01151439452580183
2022-05-11,0.02171444807755285
2022-05-12,-0.006435918663196594
2022-05-13,0.020982358085008812
2022-05-16,-0.004530234047589232
2022-05-17,0.015866121427110302
2022-05-18,-0.012560370244443897
2022-05-19,-0.008956461492534928
2022-05-20,0.007175349399158204
2022-05-23,0.013838612336420253
2022-05-24,-0.018034791510656456
2022-05-25,0.0063348614378850865
2022-05-26,0.015945279320028094
2022-05-27,0.01622483906878558
2022-05-30,0.007868105430897554
2022-05-31,-0.012872606393598662
2022-06-01,-0.0033276841411542524
2022-06-02,0.010090338606166815
2022-06-03,-0.0017314314060703495
2022-06-06,0.01339685497502141
2022-06-07,-0.0066323676896892225
2022-06-08,-0.007599970454808758
2022-06-09,-0.01711135240139494
2022-06-10,-0.030775117092519455
2022-06-13,-0.024328145514576405
2022-06-14,-0.0091338607646263
2022-06-15,0.013597045441783528
2022-06-16,-0.03313238375987959
2022-06-17,0.006731571652260904
2022-06-20,0.010615350163563075
2022-06-21,0.0020203218881307272
2022-06-22,-0.011143218142297906
2022-06-23,-0.01762671100035118
2022-06-24,0.015917801273769072
2022-06-27,0.005179124638529098
2022-06-28,0.0034695704569867036
2022-06-29,-0.01726676282847983
2022-06-30,-0.016886424246156495
2022-07-01,0.0022888978181256903
2022-07-04,-0.00309453655995795
2022-07-05,-0.029137134487074556
2022-07-06,0.015588760191983075
2022-07-07,0.019746699720891714
2022-07-08,0.013393116823481988
2022-07-11,-0.014044318270151623
2022-07-12,0.005691827635024405
2022-07-13,-0.011557892525674185
2022-07-14,-0.018552384265397848
2022-07-15,0.027561416684321216
2022-07-18,0.007391520823703868
2022-07-19,0.026898588597787043
2022-07-20,-0.001985938755245553
2022-07-21,-0.0026608095378283236
2022-07-22,0.0005314584867817107
2022-07-25,-0.003271497125503453
2022-07-26,-0.008583487933498946
2022-07-27,0.005302784467017929
2022-07-28,0.008789847306553522
2022-07-29,0.015203868043548008
2022-08-01,-0.00032778890162976637
2022-08-02,-0.0022574571976045066
2022-08-03,0.010287554128923126
2022-08-04,0.0055285952417556405
2022-08-05,-0.006495797459205366
2022-08-08,0.00838082595140155
2022-08-09,-0.011157521709707963
2022-08-10,0.012261568683955115
2022-08-11,-0.0004685756384004147
2022-08-12,0.007400034428715063
2022-08-15,0.0015048541971196538
2022-08-16,0.006767923770422124
2022-08-17,-0.020374385976711706
2022-08-18,0.00518835401319695
2022-08-19,-0.011162009697887165
2022-08-22,-0.02317905910399065
2022-08-23,-0.002746657392060148
2022-08-24,0.0019576057598564844
2022-08-25,0.003925881751815297
2022-08-26,-0.022640984094241756
2022-08-29,-0.00605016192010932
2022-08-30,0.0052857725650641285
2022-08-31,-0.009735230922784721
2022-09-01,-0.015950925660117576
2022-09-02,0.03325664274609008
2022-09-05,-0.022182626735738564
2022-09-06,0.008671895752358383
2022-09-07,0.0034595426299215415
2022-09-08,-0.0009019387865660811
2022-09-09,0.014250238988517072
2022-09-12,0.023995609120714745
2022-09-13,-0.015916657655638433
2022-09-14,-0.012203412169203842
2022-09-15,-0.005475886072305758
2022-09-16,-0.01662468475883394
2022-09-19,0.004864547924626539
2022-09-20,-0.0103419254677809
2022-09-21,0.0076017365796963166
2022-09-22,-0.018447382587851724
2022-09-23,-0.019745193198242306
2022-09-26,-0.004580725782018957
2022-09-27,-0.0072162914820159685
2022-09-28,0.003591576306777977
2022-09-29,-0.01705045472875666
2022-09-30,0.011591162755689721
2022-10-03,0.007851848089959645
2022-10-04,0.03775754432630629
2022-10-05,-0.012099050357884611
2022-10-06,-0.003706858511333455
2022-10-07,-0.0158594946828442
2022-10-10,-4.853769453250223e-06
2022-10-11,-0.004293219704712747
2022-10-12,-0.003927107413923658
2022-10-13,0.015060499531706073
2022-10-14,0.006655251446517241
2022-10-17,0.016982146408573318
2022-10-18,0.009216522974872854
2022-10-19,-0.0018957335094861305
2022-10-20,0.002040590459074565
2022-10-21,-0.0028596062300957348
2022-10-24,0.015752994567075795
2022-10-25,0.009396453127047177
2022-10-26,0.010943847970306564
2022-10-27,0.0011686208682635257
2022-10-28,0.0024297213988453414
2022-10-31,0.0007860678687754419
2022-11-01,0.0064132839860211455
2022-11-02,-0.006147507077818304
2022-11-03,-0.009546072597798494
2022-11-04,0.02510696104925758
2022-11-07,0.005473309436064389
2022-11-08,0.011470073870404551
2022-11-09,-0.0016385489909597206
2022-11-10,0.035105977342794636
2022-11-11,0.0055683590789084025
2022-11-14,0.006217245789361003
2022-11-15,0.004555899885234416
2022-11-16,-0.010048293915194906
2022-11-17,0.002272694995975044
2022-11-18,0.011599331442825545
2022-11-21,-0.0035983347120509546
2022-11-22,0.00294993945011246
2022-11-23,0.00036334123890569003
2022-11-24,0.007760806051123392
2022-11-25,0.000125197224248641
2022-11-28,-0.010866886947694332
2022-11-29,-0.00194044754270295
2022-11-30,0.002897146601754219
2022-12-01,0.006477704123345029
2022-12-02,0.0026976559682605483
2022-12-05,-0.005628543170345446
2022-12-06,-0.007227487406850419
2022-12-07,-0.005716998627465553
2022-12-08,0.0002362453991209268
2022-12-09,0.007442231617928119
2022-12-12,-0.004459751840510617
2022-12-13,0.013368610720458474
2022-12-14,-0.0025996509863807082
2022-12-15,-0.03277753559152974
2022-12-16,-0.006660848071834091
2022-12-19,0.0035845067769284533
2022-12-20,-0.004174890854483637
2022-12-21,0.01535220551682337
2022-12-22,-0.013033929779703302
2022-12-23,0.0019303751092785149
2022-12-27,0.003885674993653554
2022-12-28,-0.004966023961233135
2022-12-29,0.010492913862691244
2022-12-30,-0.010526778936115533
2023-01-02,0.010462095157190321
2023-01-03,0.007989770472832447
2023-01-04,0.02179647060362777
2023-01-05,-0.003758990344008506
2023-01-06,0.012032850922975902
2023-01-09,0.0125126832639737
2023-01-10,-0.0012323854633440323
2023-01-11,0.01173030413392917
2023-01-12,0.007384955307036201
2023-01-13,0.0018740313932197328
2023-01-16,0.0031498655282331534
2023-01-17,0.003504039456789121
2023-01-18,-0.00034703913948186393
2023-01-19,-0.017220583625683017
2023-01-20,0.007586895764092327
2023-01-23,0.0046157149060710445
2023-01-24,-0.0006515179897139678
2023-01-25,-0.0007599959755023589
2023-01-26,0.003395516809261867
2023-01-27,0.0011353224611350132
2023-01-30,-0.0015808678187588798
2023-01-31,0.0001447468950113162
2023-02-01,0.0034683876445096296
2023-02-02,0.02163598021187152
2023-02-03,-0.0021123437961526603
2023-02-06,-0.008433439358136896
2023-02-07,-0.0016310712875707845
2023-02-08,0.005950697516875492
2023-02-09,0.00722617163835193
2023-02-10,-0.013878349887411767
2023-02-13,0.0058374372231804195
2023-02-14,-0.0010898163973637187
2023-02-15,0.008177873689347415
2023-02-16,0.0017605576146650925
2023-02-17,-0.0033243753303299206
2023-02-20,-0.00028744317998319335
2023-02-21,-0.005164233907087312
2023-02-22,0.00014739493718685104
2023-02-23,0.0049221639232779335
2023-02-24,-0.017185029418934294
2023-02-27,0.011288125272315375
2023-02-28,-0.0010590718413996392
2023-03-01,-0.003912760870586229
2023-03-02,0.0014779541536236174
2023-03-03,0.016359335537064368
2023-03-06,0.0048265855062266105
2023-03-07,-0.006008197755280831
2023-03-08,0.00464923056665123
2023-03-09,8.571231336729213e-05
2023-03-10,-0.013128476805968292
2023-03-13,-0.03036692502665328
2023-03-14,0.018273398493337867
2023-03-15,-0.03266433813993186
2023-03-16,0.01573367877034948
2023-03-17,-0.01328910872871547
2023-03-20,0.01118482180058944
2023-03-21,0.017541906989120504
2023-03-22,0.0013721697673036992
2023-03-23,-0.00038122428059805813
2023-03-24,-0.016643832639324008
2023-03-27,0.01139577404427361
2023-03-28,0.0009479209003777633
2023-03-29,0.012333938798722688
2023-03-30,0.012631149624019011
2023-03-31,0.006857151629028113
2023-04-03,-0.003066121500641228
2023-04-04,0.0014472704307941786
2023-04-05,-0.00533854367953146
2023-04-06,0.005007659513634355
2023-04-11,0.0036723091859569568
2023-04-12,0.0030935267864662386
2023-04-13,0.0016467785861695727
2023-04-14,0.0049613934144150384
2023-04-17,-0.0011367848529179048
2023-04-18,0.005898823259751218
2023-04-19,0.0007889273969134969
2023-04-20,-0.006242794524806472
2023-04-21,0.005424828685471672
2023-04-24,-0.0011151202558965512
2023-04-25,0.000515614799548203
2023-04-26,-0.00481343175910065
2023-04-27,0.0002987976131800796
2023-04-28,0.007716848950048982
2023-05-02,-0.012274512639656843
2023-05-03,0.005603069523850923
2023-05-04,-0.0051102770481631365
2023-05-05,0.0144131075601317
2023-05-08,-0.0005130908529349387
2023-05-09,0.00016613921241681595
2023-05-10,-0.00371345758694297
2023-05-11,-0.0038575379628867923
2023-05-12,0.004983303060854816
2023-05-15,0.0002149026322932901
2023-05-16,-0.0012131843580079904
2023-05-17,0.0033570482595266515
2023-05-18,0.013294248711486434
2023-05-19,0.0069304605486426585
2023-05-22,-0.0031575083842908525
2023-05-23,-0.004384240978017373
2023-05-24,-0.01923686963095317
2023-05-25,-0.0030507310874552385
2023-05-26,0.01204079602291519
2023-05-29,-0.0019544117229267632
2023-05-30,-0.0027468847784922756
2023-05-31,-0.015393299892626056
2023-06-01,0.01210676637766328
2023-06-02,0.012462126130672102
2023-06-05,-0.005441378496342852
2023-06-06,0.0017884601985327375
2023-06-07,-0.0019934955840646973
2023-06-08,0.0018420651541368738
2023-06-09,-0.002509081779160871
2023-06-12,0.009280988078103292
2023-06-13,0.008250133051496134
2023-06-14,0.004935736093923282
2023-06-15,-0.0012672544877040393
2023-06-16,0.00414421533661824
2023-06-19,-0.009563102272192037
2023-06-20,-0.00554772990451069
2023-06-21,-0.005473817662173697
2023-06-22,-0.002182452917641964
2023-06-23,-0.009896055894877298
2023-06-26,-0.0010663880543316795
2023-06-27,0.0021375231718887555
2023-06-28,0.006445418598481467
2023-06-29,-0.00014297281569375375
2023-06-30,0.012615802341304994
2023-07-03,-0.004140498141870896
2023-07-04,-0.002603694604689344
2023-07-05,-0.0063338591862815985
2023-07-06,-0.02566512839825197
2023-07-07,0.004820823552902365
2023-07-10,0.004470805329517491
2023-07-11,0.00747645569443578
2023-07-12,0.014734334951130856
2023-07-13,0.007366303029239241
2023-07-14,-0.0022278603241751016
2023-07-17,-0.0022613947761986886
2023-07-18,0.0035373128650033614
2023-07-19,-0.0010269794365506124
2023-07-20,0.005915355080135631
2023-07-21,-0.0016662326514704784
2023-07-24,0.0008487533075571818
2023-07-25,0.001274764494271441
2023-07-26,-0.004942752906087922
2023-07-27,0.017020736908027745
2023-07-28,0.0038839808202182358
2023-07-31,-0.0013916375096768574
2023-08-01,-0.012551335820910614
2023-08-02,-0.013569915400744592
2023-08-03,-0.007905087018805768
2023-08-04,0.003679548917926656
2023-08-07,-6.89942058947901e-05
2023-08-08,-0.011023304263156564
2023-08-09,0.004922392185781277
2023-08-10,0.00907987547866873
2023-08-11,-0.010274085500532437
2023-08-14,0.004552760517394949
2023-08-15,-0.008612146222707784
2023-08-16,0.0014060714016956855
2023-08-17,-0.007128164900948475
2023-08-18,-0.006547252482472898
2023-08-21,0.0018633635401763549
2023-08-22,0.006558867235386456
2023-08-23,0.0014510754043743912
2023-08-24,-0.006797884898272044
2023-08-25,0.0006612735385687074
2023-08-28,0.01028607262929726
2023-08-29,0.00875533101697279
2023-08-30,-0.002444949406374075
2023-08-31,0.003470339455905025
2023-09-01,-0.006693403046330593
2023-09-04,-0.0009778978562200447
2023-09-05,-0.0033579875796114766
2023-09-06,-0.0019236876549939552
2023-09-07,-0.001442692775052934
2023-09-08,0.0013766853041157212
2023-09-11,0.003855735306224961
2023-09-12,-0.005408519318718552
2023-09-13,-0.003913326431240316
2023-09-14,0.009662672358674573
2023-09-15,0.005582955716530114
2023-09-18,-0.010470307942101242
2023-09-19,-0.003982906467983494
2023-09-20,0.007476109739715131
2023-09-21,-0.013289503419109505
2023-09-22,-0.0009356821966707285
2023-09-25,-0.009757470890261022
2023-09-26,-0.009712129566227357
2023-09-27,-0.002518369754060501
2023-09-28,0.006968960195458118
2023-09-29,0.004116558105197843
2023-10-02,-0.009057900877248337
2023-10-03,-0.010624894680078212
2023-10-04,0.0009751247066225321
2023-10-05,-0.0019669107827170462
2023-10-06,0.010587092131528753
2023-10-09,-0.006675030733649945
2023-10-10,0.019527169806570654
2023-10-11,0.002365882462888269
2023-10-12,-0.002262578919275726
2023-10-13,-0.015453461870864715
2023-10-16,0.0033799451358549337
2023-10-17,0.0008990815128357976
2023-10-18,-0.010279534203784135
2023-10-19,-0.0032911548982906824
2023-10-20,-0.01640126036620304
2023-10-23,0.00015204274776881022
2023-10-24,0.005352489918637238
2023-10-25,0.000822534059886415
2023-10-26,-0.010819764882889937
2023-10-27,-0.00296242623683296
2023-10-30,0.0019833233022437113
2023-10-31,0.00637376750503349
2023-11-01,0.007625057135178137
2023-11-02,0.014764196120938378
2023-11-03,0.0030145006340989156
2023-11-06,-0.003507761965699463
2023-11-07,0.0011013448213856858
2023-11-08,0.00507898047621258
2023-11-09,0.008072466305143022
2023-11-10,-0.007695820387009666
2023-11-13,0.007260569941759609
2023-11-14,0.01755814190290006
2023-11-15,0.008565169337056533
2023-11-16,0.002440945829147001
2023-11-17,0.008396343593441546
2023-11-20,-0.0011200388682565121
2023-11-21,-5.029797404176861e-05
2023-11-22,0.003603026947988308
2023-11-23,0.002312982320090917
2023-11-24,0.0021732010860022744
2023-11-27,-0.003937749501985999
2023-11-28,0.0016471999893818978
2023-11-29,0.010866245241502925
2023-11-30,0.0030296998781897955
2023-12-01,0.011229418353950082
2023-12-04,0.00044154448855526773
2023-12-05,0.007823924958898054
2023-12-06,0.007459581578253438
2023-12-07,-0.0016479643700112456
2023-12-08,0.00783153197605424
2023-12-11,0.0021008724092066444
2023-12-12,-0.00016013959241512055
2023-12-13,-0.0015298862873313057
2023-12-14,-0.0008243033902447516
2023-12-15,-4.7218525704662007e-05
2023-12-18,-0.006022686716405046
2023-12-19,0.005637013227556054
2023-12-20,-0.0006783980381512844
2023-12-21,-0.002726989834162863
2023-12-22,0.0011241861062301073
2023-12-27,0.0021483442457437274
2023-12-28,-0.0024202222600717693
2023-12-29,0.002999113340195425
2024-01-02,0.0010577322183928928
2024-01-03,-0.013773260196470738
2024-01-04,0.004770623653110206
2024-01-05,-0.0013888020430529169
2024-01-08,0.00736761549467313
2024-01-09,-0.001681654496588525
2024-01-10,8.695713235740143e-05
2024-01-11,-0.008554995252881059
2024-01-12,0.009520213397443467
2024-01-15,-0.004929183471719889
2024-01-16,-0.0030405693997010985
2024-01-17,-0.008447558546560319
2024-01-18,0.008256007797433185
2024-01-19,-0.0007375198983599063
2024-01-22,0.007745545276217847
2024-01-23,-0.0033727938111984823
2024-01-24,0.015807340947507686
2024-01-25,0.0010065175014821737
2024-01-26,0.003221799321029728
2024-01-29,-0.0011602637976507735
2024-01-30,0.0018078992353838252
2024-01-31,-0.004040696731055338
2024-02-01,-0.002645606879479123
2024-02-02,0.0035098011684200348
2024-02-05,-0.0008363999407073885
2024-02-06,0.007641932371324822
2024-02-07,-0.006533066835423651
2024-02-08,0.002474248745735874
2024-02-09,-0.002200568972518635
2024-02-12,0.006548879530617668
2024-02-13,-0.00918684741691711
2024-02-14,0.003829811112711745
2024-02-15,0.005972624061126197
2024-02-16,0.00415036598129781
2024-02-19,-0.0014709961480484646
2024-02-20,-0.0013942028995443945
2024-02-21,0.002911190662219454
2024-02-22,0.014740525875075017
2024-02-23,0.0028140239068910056
2024-02-26,0.00022391163193447028
2024-02-27,0.0076483959656052924
2024-02-28,0.002547802445298508
2024-02-29,0.004372921134176533
2024-03-01,0.003217572677667313
2024-03-04,-0.0010657071154478448
2024-03-05,-0.0010030120126618414
2024-03-06,0.0010345876729458414
2024-03-07,0.007119756726854387
2024-03-08,-0.0015883025621148406
2024-03-11,-0.0038305984993579623
2024-03-12,0.012331596979558768
2024-03-13,-0.00020754204982398328
2024-03-14,-0.0010768546709427618
2024-03-15,-0.00030033776296156667
2024-03-18,-0.0002213737257807935
2024-03-19,0.0030564616013972756
2024-03-20,0.0015366582352427383
2024-03-21,0.009110072078082787
2024-03-22,0.001468127294855348
2024-03-25,0.0030413752551778916
2024-03-26,0.006737690714156086
2024-03-27,0.005044520820454146
2024-03-28,0.0008334857250373862
2024-04-02,-0.011321318672962155
2024-04-03,0.004626660739925903
2024-04-04,0.0019278470542061221
2024-04-05,-0.012394184371014472
2024-04-08,0.007919192917828166
2024-04-09,-0.013225702138312312
2024-04-10,0.0011402158663205153
2024-04-11,-0.007891801889482353
2024-04-12,-0.0013456338261667034
2024-04-15,0.005368546905316185
2024-04-16,-0.014442540306962126
2024-04-17,0.0002132732943358473
2024-04-18,0.0037918280988102904
2024-04-19,-0.005608497507158083
2024-04-22,0.006959401545642896
2024-04-23,0.015500402964330195
2024-04-24,-0.002698870626611116
2024-04-25,-0.009476630674322473
2024-04-26,0.013603095911582486
2024-04-29,-0.0023506101079138197
2024-04-30,-0.010274152758883104
2024-05-02,-0.0019891581459691166
2024-05-03,0.005872634837817525
2024-05-06,0.009644216730305688
2024-05-07,0.014021286719935855
2024-05-08,0.003707536074426754
2024-05-09,0.010174877003065408
2024-05-10,0.004615607001967836
2024-05-13,-0.001631553380937123
2024-05-14,-0.0013766128175888293
2024-05-15,0.008171405309529867
2024-05-16,-0.0069185617556239976
2024-05-17,-0.0018352618974385448
2024-05-20,0.0034505756337046556
2024-05-21,-0.00224845541612706
2024-05-22,-0.0024863108972256187
2024-05-23,0.0005953412819514892
2024-05-24,0.00010961387910257692
2024-05-27,0.004351371668910531
2024-05-28,-0.005158097890155644
2024-05-29,-0.010953073746513775
2024-05-30,0.001272106982167287
2024-05-31,6.219407169072433e-05
2024-06-03,0.005958539512160632
2024-06-04,-0.010883372109304346
2024-06-05,0.009252534676445157
2024-06-06,0.004130637319508024
2024-06-07,-0.005114570247829131
2024-06-10,-0.0033614269677419983
2024-06-11,-0.006755983282545119
2024-06-12,0.014203635376196733
2024-06-13,-0.019600796729216885
2024-06-14,-0.014434730092767079
2024-06-17,0.003676887814453078
2024-06-18,0.0035288366870163124
2024-06-19,-0.0035330162354585415
2024-06-20,0.010309412081372704
2024-06-21,-0.004966542337264346
2024-06-24,0.008922309720656108
2024-06-25,-0.008074011129209469
2024-06-26,-0.0012311241685103447
2024-06-27,0.0030465334614673267
2024-06-28,0.0013672534015629623
2024-07-01,0.0030276708205922986
2024-07-02,-0.006921544017192804
2024-07-03,0.011587098020118036
2024-07-04,0.0041335029947089375
2024-07-05,0.0013532845414128136
2024-07-08,-0.00018394342999528135
2024-07-09,-0.012768551305868514
2024-07-10,0.00937867258067393
2024-07-11,0.006917928882570701
2024-07-12,0.011525449448059222
2024-07-15,-0.008389564486885548
2024-07-16,-0.003919195136731113
2024-07-17,-0.004359455011696212
2024-07-18,-0.004476849220192869
2024-07-19,-0.009960908258107914
2024-07-22,0.012939771892346075
2024-07-23,0.008183209152393456
2024-07-24,-0.00917345837128336
2024-07-25,-0.0048261276897682
2024-07-26,0.006493900860769175
2024-07-29,-0.0052602466270178505
2024-07-30,0.004940308733848875
2024-07-31,0.005294104168195979
2024-08-01,-0.022994632260738723
2024-08-02,-0.023327373418781105
2024-08-05,-0.018244531821517085
2024-08-06,0.000883575321529495
2024-08-07,0.015029691363776854
2024-08-08,0.00370419772485886
2024-08-09,0.0024026870326152583
2024-08-12,0.00020255418848003082
2024-08-13,0.004827812572409718
2024-08-14,0.004129161152090388
2024-08-15,0.0166413556995868
2024-08-16,0.007653210014072265
2024-08-19,0.005418998623717641
2024-08-20,-0.003483389622775057
2024-08-21,0.004980503348742671
2024-08-22,0.002408885499280089
2024-08-23,0.0075545359533009115
2024-08-26,-0.000862984606002426
2024-08-27,0.0034802034512690927
2024-08-28,0.005378414226655748
2024-08-29,0.006936388294657592
2024-08-30,-0.00029876376037929475
2024-09-02,0.0012656576321727897
2024-09-03,-0.0097058630841379
2024-09-04,-0.008281797610464992
2024-09-05,-0.0008256095922408724
2024-09-06,-0.014782096163163172
2024-09-09,0.0077401883534764515
2024-09-10,-0.009631579788973998
2024-09-11,0.00352293285255989
2024-09-12,0.010262865662137965
2024-09-13,0.00977459484954557
2024-09-16,-0.003545087769671773
2024-09-17,0.004989543143547381
2024-09-18,-0.000779118944762125
2024-09-19,0.015546096080877758
2024-09-20,-0.014859774458772068
2024-09-23,0.006772394804398063
2024-09-24,0.00795052124678075
2024-09-25,-0.004112879802390945
2024-09-26,0.01690722705288472
2024-09-27,0.012229290439429663
2024-09-30,-0.007636027043380622
2024-10-01,-0.005784707334397621
2024-10-02,-0.002518621288652545
2024-10-03,-0.0077924232640654845
2024-10-04,0.005549158833963785
2024-10-07,-0.0008801914132868793
2024-10-08,-0.00196967703369455
2024-10-09,0.009884314056303634
2024-10-10,-0.002286650618287256
2024-10-11,0.008481106256712057
2024-10-14,0.006940237621203105
2024-10-15,-0.0011328317570135082
2024-10-16,-0.0027393198849064992
2024-10-17,0.007748754497542976
2024-10-18,0.0037776152782531547
2024-10-21,-0.009979956427361603
2024-10-22,-0.002018339987368667
2024-10-23,-0.0022804665076028297
2024-10-24,0.0033740398601358468
2024-10-25,0.0010589849174509336
2024-10-28,0.0034952080998997825
2024-10-29,-0.0027416481828493877
2024-10-30,-0.011332255465180574
2024-10-31,-0.009336740313504621
2024-11-01,0.009300551818749447
2024-11-04,-0.005563295597879825
2024-11-05,0.00566225054441194
2024-11-06,-0.0112669270661645
2024-11-07,0.016975876494017772
2024-11-08,-0.007594004605789406
2024-11-11,0.012131840315110498
2024-11-12,-0.021336188348233254
2024-11-13,-0.0016040677977232631
2024-11-14,0.013713010781952528
2024-11-15,-0.0027455096383316446
2024-11-18,-0.001125464940547105
2024-11-19,-0.006716224599523812
2024-11-20,-0.0029134493828645303
2024-11-21,0.007439740435357223
2024-11-22,0.009214371469326466
2024-11-25,0.004275274467243406
2024-11-26,-0.0056283240779341215
2024-11-27,-0.001773968874265619
2024-11-28,0.008513269497838927
2024-11-29,0.010332623029177368
2024-12-02,0.01565081479850905
2024-12-03,0.004170384654614834
2024-12-04,0.010760519315073713
2024-12-05,0.006260343806304469
2024-12-06,0.001267687327328737
2024-12-09,-0.0018959616438566362
2024-12-10,-0.0008257551118676654
2024-12-11,0.003443329653659122
2024-12-12,0.00132894564248498
2024-12-13,-0.0009962469820476993
2024-12-16,-0.004513855555282276
2024-12-17,-0.0033199781052587474
2024-12-18,-0.0001876300930114816
2024-12-19,-0.013472149696898805
2024-12-20,-0.00426189155375567
2024-12-23,-0.001809450395403478
2024-12-27,0.0068291780524021295
2024-12-30,-0.0037619336722187757
