Date,AGG,SPY,TLT
2000-01-03,,91.13275909423828,
2000-01-04,,87.56890106201172,
2000-01-05,,87.7255630493164,
2000-01-06,,86.31568908691406,
2000-01-07,,91.32854461669922,
2000-01-10,,91.64186096191406,
2000-01-11,,90.54532623291016,
2000-01-12,,89.64456176757812,
2000-01-13,,90.85863494873047,
2000-01-14,,92.09223175048828,
2000-01-18,,91.36773681640625,
2000-01-19,,92.11182403564453,
2000-01-20,,90.70195007324219,
2000-01-21,,90.5061264038086,
2000-01-24,,87.94095611572266,
2000-01-25,,88.93962860107422,
2000-01-26,,88.2346420288086,
2000-01-27,,87.88219451904297,
2000-01-28,,85.14079284667969,
2000-01-31,,87.451416015625,
2000-02-01,,88.3130111694336,
2000-02-02,,88.39134216308594,
2000-02-03,,89.72281646728516,
2000-02-04,,89.35086822509766,
2000-02-07,,89.21376037597656,
2000-02-08,,90.42776489257812,
2000-02-09,,88.52841186523438,
2000-02-10,,88.70460510253906,
2000-02-11,,86.90310668945312,
2000-02-14,,87.4122543334961,
2000-02-15,,88.40108489990234,
2000-02-16,,87.09896087646484,
2000-02-17,,86.6485595703125,
2000-02-18,,84.7883071899414,
2000-02-22,,84.57292175292969,
2000-02-23,,85.57159423828125,
2000-02-24,,83.84839630126953,
2000-02-25,,83.5449447631836,
2000-02-28,,85.29740142822266,
2000-02-29,,86.1198959350586,
2000-03-01,,86.74649810791016,
2000-03-02,,86.80522155761719,
2000-03-03,,88.43051147460938,
2000-03-06,,87.56890106201172,
2000-03-07,,85.8750991821289,
2000-03-08,,85.76738739013672,
2000-03-09,,88.27386474609375,
2000-03-10,,87.80389404296875,
2000-03-13,,86.84436798095703,
2000-03-14,,85.61070251464844,
2000-03-15,,87.60807037353516,
2000-03-16,,91.70060729980469,
2000-03-17,,92.30668640136719,
2000-03-20,,91.83553314208984,
2000-03-21,,93.72013854980469,
2000-03-22,,94.28942108154297,
2000-03-23,,95.89920043945312,
2000-03-24,,96.46856689453125,
2000-03-27,,95.44771575927734,
2000-03-28,,94.89801788330078,
2000-03-29,,94.99617004394531,
2000-03-30,,93.4060287475586,
2000-03-31,,94.46614074707031,
2000-04-03,,95.01588439941406,
2000-04-04,,94.30907440185547,
2000-04-05,,93.72013854980469,
2000-04-06,,94.53482818603516,
2000-04-07,,95.13357543945312,
2000-04-10,,94.76060485839844,
2000-04-11,,94.48575592041016,
2000-04-12,,91.89440155029297,
2000-04-13,,90.61843872070312,
2000-04-14,,85.43567657470703,
2000-04-17,,88.419677734375,
2000-04-18,,90.75581359863281,
2000-04-19,,89.91165924072266,
2000-04-20,,90.34352111816406,
2000-04-24,,89.36194610595703,
2000-04-25,,93.0722885131836,
2000-04-26,,92.02200317382812,
2000-04-27,,91.71772003173828,
2000-04-28,,91.14844512939453,
2000-05-01,,92.38518524169922,
2000-05-02,,90.5398178100586,
2000-05-03,,88.419677734375,
2000-05-04,,89.087158203125,
2000-05-05,,90.16688537597656,
2000-05-08,,89.48955535888672,
2000-05-09,,88.7730484008789,
2000-05-10,,86.77064514160156,
2000-05-11,,88.75341796875,
2000-05-12,,89.71539306640625,
2000-05-15,,91.2662124633789,
2000-05-16,,92.14961242675781,
2000-05-17,,91.18769836425781,
2000-05-18,,90.0687255859375,
2000-05-19,,88.6552734375,
2000-05-22,,87.98774719238281,
2000-05-23,,86.692138671875,
2000-05-24,,88.10557556152344,
2000-05-25,,86.59392547607422,
2000-05-26,,86.692138671875,
2000-05-30,,89.5190200805664,
2000-05-31,,89.71539306640625,
2000-06-01,,91.28585052490234,
2000-06-02,,92.87596130371094,
2000-06-05,,92.42450714111328,
2000-06-06,,92.01216888427734,
2000-06-07,,92.65021514892578,
2000-06-08,,92.28699493408203,
2000-06-09,,92.0907211303711,
2000-06-12,,91.01101684570312,
2000-06-13,,92.71888732910156,
2000-06-14,,92.87596130371094,
2000-06-15,,93.0722885131836,
2000-06-16,,92.30755615234375,
2000-06-19,,93.48822021484375,
2000-06-20,,93.15369415283203,
2000-06-21,,93.11434173583984,
2000-06-22,,91.69755554199219,
2000-06-23,,90.91045379638672,
2000-06-26,,92.08122253417969,
2000-06-27,,91.40241241455078,
2000-06-28,,91.6581802368164,
2000-06-29,,90.7923583984375,
2000-06-30,,91.4810791015625,
2000-07-03,,92.74049377441406,
2000-07-05,,91.06787109375,
2000-07-06,,91.77625274658203,
2000-07-07,,93.25205993652344,
2000-07-10,,93.09465026855469,
2000-07-11,,93.29144287109375,
2000-07-12,,93.90141296386719,
2000-07-13,,94.31464385986328,
2000-07-14,,95.23959350585938,
2000-07-17,,95.08211517333984,
2000-07-18,,94.30482482910156,
2000-07-19,,93.54722595214844,
2000-07-20,,94.84591674804688,
2000-07-21,,92.99628448486328,
2000-07-24,,92.46499633789062,
2000-07-25,,92.76012420654297,
2000-07-26,,91.85498809814453,
2000-07-27,,91.54010772705078,
2000-07-28,,89.4739761352539,
2000-07-31,,90.04464721679688,
2000-08-01,,90.59557342529297,
2000-08-02,,91.04816436767578,
2000-08-03,,91.6778564453125,
2000-08-04,,92.16978454589844,
2000-08-07,,93.27174377441406,
2000-08-08,,93.62591552734375,
2000-08-09,,92.83882141113281,
2000-08-10,,92.38626861572266,
2000-08-11,,92.81916809082031,
2000-08-14,,93.99982452392578,
2000-08-15,,93.92112731933594,
2000-08-16,,93.58655548095703,
2000-08-17,,94.57044219970703,
2000-08-18,,94.25562286376953,
2000-08-21,,94.76725769042969,
2000-08-22,,94.6098403930664,
2000-08-23,,94.98369598388672,
2000-08-24,,95.27884674072266,
2000-08-25,,95.23959350585938,
2000-08-28,,95.56419372558594,
2000-08-29,,95.58387756347656,
2000-08-30,,94.6688232421875,
2000-08-31,,95.92816925048828,
2000-09-01,,96.026611328125,
2000-09-05,,95.25924682617188,
2000-09-06,,94.17694091796875,
2000-09-07,,94.98369598388672,
2000-09-08,,94.33432006835938,
2000-09-11,,94.19661712646484,
2000-09-12,,93.5079116821289,
2000-09-13,,93.75386047363281,
2000-09-14,,94.22612762451172,
2000-09-15,,92.16461944580078,
2000-09-18,,91.31635284423828,
2000-09-19,,92.14491271972656,
2000-09-20,,91.46431732177734,
2000-09-21,,90.07354736328125,
2000-09-22,,91.7109146118164,
2000-09-25,,91.05997467041016,
2000-09-26,,89.89601135253906,
2000-09-27,,90.3694839477539,
2000-09-28,,91.53339385986328,
2000-09-29,,90.6653823852539,
2000-10-02,,90.80343627929688,
2000-10-03,,89.9552230834961,
2000-10-04,,90.70484161376953,
2000-10-05,,91.02046966552734,
2000-10-06,,89.04779052734375,
2000-10-09,,88.37705993652344,
2000-10-10,,86.91727447509766,
2000-10-11,,86.1873550415039,
2000-10-12,,84.0371322631836,
2000-10-13,,86.83833312988281,
2000-10-16,,87.2328872680664,
2000-10-17,,85.06290435791016,
2000-10-18,,84.74724578857422,
2000-10-19,,87.94306945800781,
2000-10-20,,88.31787109375,
2000-10-23,,88.71246337890625,
2000-10-24,,88.12059020996094,
2000-10-25,,86.04926300048828,
2000-10-26,,86.28598022460938,
2000-10-27,,87.92333984375,
2000-10-30,,88.71246337890625,
2000-10-31,,90.24128723144531,
2000-11-01,,89.93549346923828,
2000-11-02,,90.08346557617188,
2000-11-03,,90.13280487060547,
2000-11-06,,90.76400756835938,
2000-11-07,,90.74431610107422,
2000-11-08,,88.73210906982422,
2000-11-09,,88.39678192138672,
2000-11-10,,86.24651336669922,
2000-11-13,,85.57579803466797,
2000-11-14,,87.82469177246094,
2000-11-15,,88.10089111328125,
2000-11-16,,86.71997833251953,
2000-11-17,,86.25642395019531,
2000-11-20,,85.02348327636719,
2000-11-21,,85.45744323730469,
2000-11-22,,83.41570281982422,
2000-11-24,,85.12211608886719,
2000-11-27,,85.87171173095703,
2000-11-28,,84.39219665527344,
2000-11-29,,84.234375,
2000-11-30,,83.50448608398438,
2000-12-01,,83.46500396728516,
2000-12-04,,84.17520904541016,
2000-12-05,,86.9369888305664,
2000-12-06,,85.54617309570312,
2000-12-07,,84.37245178222656,
2000-12-08,,84.56970977783203,
2000-12-11,,87.5090560913086,
2000-12-12,,87.1342544555664,
2000-12-13,,85.9407730102539,
2000-12-14,,84.84590148925781,
2000-12-15,,82.92951965332031,
2000-12-18,,84.03762817382812,
2000-12-19,,82.32601928710938,
2000-12-20,,79.94161224365234,
2000-12-21,,80.49567413330078,
2000-12-22,,82.90972900390625,
2000-12-26,,83.8001708984375,
2000-12-27,,84.41358947753906,
2000-12-28,,84.67085266113281,
2000-12-29,,83.06803894042969,
2001-01-02,,81.56420135498047,
2001-01-03,,85.48213195800781,
2001-01-04,,84.56201934814453,
2001-01-05,,81.80164337158203,
2001-01-08,,82.43482971191406,
2001-01-09,,82.21720886230469,
2001-01-10,,83.66166687011719,
2001-01-11,,83.7408447265625,
2001-01-12,,83.58251953125,
2001-01-16,,84.11678314208984,
2001-01-17,,84.50264739990234,
2001-01-18,,85.34361267089844,
2001-01-19,,84.85883331298828,
2001-01-22,,85.42277526855469,
2001-01-23,,86.09552764892578,
2001-01-24,,86.3527603149414,
2001-01-25,,86.13510131835938,
2001-01-26,,86.03620147705078,
2001-01-29,,86.4952392578125,
2001-01-30,,87.25505828857422,
2001-01-31,,86.76119232177734,
2001-02-01,,87.33741760253906,
2001-02-02,,85.35548400878906,
2001-02-05,,85.9823989868164,
2001-02-06,,85.72906494140625,
2001-02-07,,85.2858657836914,
2001-02-08,,84.29170989990234,
2001-02-09,,83.48123931884766,
2001-02-12,,84.4373550415039,
2001-02-13,,83.74718475341797,
2001-02-14,,83.6205062866211,
2001-02-15,,84.43103790283203,
2001-02-16,,82.56938934326172,
2001-02-20,,81.29666900634766,
2001-02-21,,79.54273986816406,
2001-02-22,,79.66302490234375,
2001-02-23,,79.12479400634766,
2001-02-26,,80.80912017822266,
2001-02-27,,80.06194305419922,
2001-02-28,,78.48527526855469,
2001-03-01,,78.89684295654297,
2001-03-02,,78.26998138427734,
2001-03-05,,78.9854965209961,
2001-03-06,,79.8339614868164,
2001-03-07,,80.40385437011719,
2001-03-08,,80.49249267578125,
2001-03-09,,78.11166381835938,
2001-03-12,,74.76837921142578,
2001-03-13,,75.99678039550781,
2001-03-14,,74.49607849121094,
2001-03-15,,74.51509857177734,
2001-03-16,,73.02051544189453,
2001-03-19,,74.50619506835938,
2001-03-20,,72.50621795654297,
2001-03-21,,71.2745590209961,
2001-03-22,,70.55075073242188,
2001-03-23,,72.68401336669922,
2001-03-26,,73.61097717285156,
2001-03-27,,75.11569213867188,
2001-03-28,,73.0395736694336,
2001-03-29,,73.31893157958984,
2001-03-30,,74.0871810913086,
2001-04-02,,72.50621795654297,
2001-04-03,,70.08727264404297,
2001-04-04,,70.37928771972656,
2001-04-05,,73.0459213256836,
2001-04-06,,71.9348373413086,
2001-04-09,,72.73484802246094,
2001-04-10,,74.06175231933594,
2001-04-11,,74.11256408691406,
2001-04-12,,75.45857238769531,
2001-04-16,,74.66490936279297,
2001-04-17,,75.7188720703125,
2001-04-18,,78.72830200195312,
2001-04-19,,79.77593994140625,
2001-04-20,,79.04578399658203,
2001-04-23,,77.61088562011719,
2001-04-24,,77.19184112548828,
2001-04-25,,78.20134735107422,
2001-04-26,,78.55052947998047,
2001-04-27,,79.85845184326172,
2001-04-30,,80.41716766357422,
2001-05-01,,80.664794921875,
2001-05-02,,80.51878356933594,
2001-05-03,,79.49657440185547,
2001-05-04,,80.84891510009766,
2001-05-07,,80.1505126953125,
2001-05-08,,80.1124267578125,
2001-05-09,,79.77593994140625,
2001-05-10,,80.01081085205078,
2001-05-11,,79.4584732055664,
2001-05-14,,79.6171875,
2001-05-15,,79.98541259765625,
2001-05-16,,81.87107849121094,
2001-05-17,,81.99810028076172,
2001-05-18,,82.37267303466797,
2001-05-21,,83.58537292480469,
2001-05-22,,83.4774169921875,
2001-05-23,,82.06155395507812,
2001-05-24,,82.30282592773438,
2001-05-25,,81.33141326904297,
2001-05-29,,80.683837890625,
2001-05-30,,79.55369567871094,
2001-05-31,,79.96635437011719,
2001-06-01,,80.46160888671875,
2001-06-04,,80.84891510009766,
2001-06-05,,81.77586364746094,
2001-06-06,,81.0965347290039,
2001-06-07,,81.38858795166016,
2001-06-08,,80.63304901123047,
2001-06-11,,80.06159210205078,
2001-06-12,,79.92195892333984,
2001-06-13,,79.23624420166016,
2001-06-14,,77.45853424072266,
2001-06-15,,77.58330535888672,
2001-06-18,,77.2076644897461,
2001-06-19,,77.54510498046875,
2001-06-20,,77.95262145996094,
2001-06-21,,78.83763885498047,
2001-06-22,,78.22002410888672,
2001-06-25,,77.50054931640625,
2001-06-26,,77.39225769042969,
2001-06-27,,77.34774017333984,
2001-06-28,,77.77433013916016,
2001-06-29,,78.06086730957031,
2001-07-02,,79.03500366210938,
2001-07-03,,79.01593017578125,
2001-07-05,,77.47503662109375,
2001-07-06,,75.8005142211914,
2001-07-09,,76.21438598632812,
2001-07-10,,75.29750061035156,
2001-07-11,,75.3739242553711,
2001-07-12,,77.16305541992188,
2001-07-13,,77.83160400390625,
2001-07-16,,76.85745239257812,
2001-07-17,,77.57693481445312,
2001-07-18,,77.0484619140625,
2001-07-19,,77.72343444824219,
2001-07-20,,77.25858306884766,
2001-07-23,,75.73682403564453,
2001-07-24,,75.004638671875,
2001-07-25,,75.83235931396484,
2001-07-26,,76.62823486328125,
2001-07-27,,76.92111206054688,
2001-07-30,,76.94659423828125,
2001-07-31,,77.26493835449219,
2001-08-01,,77.74885559082031,
2001-08-02,,78.06722259521484,
2001-08-03,,77.64061737060547,
2001-08-06,,76.5964126586914,
2001-08-07,,76.89566040039062,
2001-08-08,,75.46942901611328,
2001-08-09,,75.6922607421875,
2001-08-10,,75.95332336425781,
2001-08-13,,75.9724349975586,
2001-08-14,,75.9405746459961,
2001-08-15,,75.28480529785156,
2001-08-16,,75.54585266113281,
2001-08-17,,74.3360824584961,
2001-08-20,,75.02371978759766,
2001-08-21,,73.74394226074219,
2001-08-22,,74.50801086425781,
2001-08-23,,74.2406005859375,
2001-08-24,,75.78137969970703,
2001-08-27,,75.32933807373047,
2001-08-28,,74.22782135009766,
2001-08-29,,73.56566619873047,
2001-08-30,,72.15215301513672,
2001-08-31,,72.68064880371094,
2001-09-04,,72.21583557128906,
2001-09-05,,72.39407348632812,
2001-09-06,,70.52852630615234,
2001-09-07,,69.22330474853516,
2001-09-10,,70.07012176513672,
2001-09-17,,66.40900421142578,
2001-09-18,,66.24983978271484,
2001-09-19,,64.9127426147461,
2001-09-20,,62.849822998046875,
2001-09-21,,62.17169952392578,
2001-09-24,,64.3574447631836,
2001-09-25,,65.02851104736328,
2001-09-26,,64.79841613769531,
2001-09-27,,65.36083221435547,
2001-09-28,,66.74766540527344,
2001-10-01,,66.63903045654297,
2001-10-02,,67.47626495361328,
2001-10-03,,68.60746002197266,
2001-10-04,,68.66496276855469,
2001-10-05,,68.5307846069336,
2001-10-08,,68.08338165283203,
2001-10-09,,67.71908569335938,
2001-10-10,,69.22737884521484,
2001-10-11,,70.30106353759766,
2001-10-12,,69.98152160644531,
2001-10-15,,69.85371398925781,
2001-10-16,,70.29472351074219,
2001-10-17,,68.7991943359375,
2001-10-18,,68.6521987915039,
2001-10-19,,68.60746002197266,
2001-10-22,,69.9623794555664,
2001-10-23,,69.60446166992188,
2001-10-24,,69.41910552978516,
2001-10-25,,70.66535186767578,
2001-10-26,,70.50557708740234,
2001-10-29,,68.67138671875,
2001-10-30,,67.84690856933594,
2001-10-31,,67.61683654785156,
2001-11-01,,69.34883880615234,
2001-11-02,,69.82176208496094,
2001-11-05,,70.73568725585938,
2001-11-06,,71.83493041992188,
2001-11-07,,71.73904418945312,
2001-11-08,,71.96273040771484,
2001-11-09,,72.0394287109375,
2001-11-12,,71.59844970703125,
2001-11-13,,73.208984375,
2001-11-14,,73.27931213378906,
2001-11-15,,73.41349792480469,
2001-11-16,,73.08753204345703,
2001-11-19,,73.98867797851562,
2001-11-20,,73.3687744140625,
2001-11-21,,72.88304901123047,
2001-11-23,,73.93114471435547,
2001-11-26,,74.09095001220703,
2001-11-27,,73.77139282226562,
2001-11-28,,72.43569946289062,
2001-11-29,,73.41349792480469,
2001-11-30,,72.8894271850586,
2001-12-03,,72.45486450195312,
2001-12-04,,73.6819076538086,
2001-12-05,,75.03046417236328,
2001-12-06,,74.99205017089844,
2001-12-07,,74.49357604980469,
2001-12-10,,73.1003189086914,
2001-12-11,,72.95335388183594,
2001-12-12,,73.03646087646484,
2001-12-13,,71.61760711669922,
2001-12-14,,72.30145263671875,
2001-12-17,,73.04920196533203,
2001-12-18,,73.48377227783203,
2001-12-19,,74.0014877319336,
2001-12-20,,73.27289581298828,
2001-12-21,,73.7173080444336,
2001-12-24,,73.57621765136719,
2001-12-26,,73.98023223876953,
2001-12-27,,74.42914581298828,
2001-12-28,,74.3906478881836,
2001-12-31,,73.30046844482422,
2002-01-02,,74.0892562866211,
2002-01-03,,74.92937469482422,
2002-01-04,,75.42955780029297,
2002-01-07,,74.89727783203125,
2002-01-08,,74.72415924072266,
2002-01-09,,74.11489868164062,
2002-01-10,,74.44198608398438,
2002-01-11,,73.71088409423828,
2002-01-14,,73.24915313720703,
2002-01-15,,73.84555053710938,
2002-01-16,,72.35135650634766,
2002-01-17,,72.89641571044922,
2002-01-18,,72.56297302246094,
2002-01-22,,72.06278228759766,
2002-01-23,,72.6142578125,
2002-01-24,,72.83872985839844,
2002-01-25,,72.81947326660156,
2002-01-28,,73.0183334350586,
2002-01-29,,70.72244262695312,
2002-01-30,,71.74209594726562,
2002-01-31,,72.58222198486328,
2002-02-01,,72.2422866821289,
2002-02-04,,70.44667053222656,
2002-02-05,,70.01062774658203,
2002-02-06,,69.70919036865234,
2002-02-07,,69.27310180664062,
2002-02-08,,70.6005859375,
2002-02-11,,71.46636199951172,
2002-02-12,,71.24187469482422,
2002-02-13,,71.99860382080078,
2002-02-14,,71.86394500732422,
2002-02-15,,71.11363983154297,
2002-02-19,,69.74766540527344,
2002-02-20,,70.92123413085938,
2002-02-21,,69.45269012451172,
2002-02-22,,70.3120346069336,
2002-02-25,,71.47274017333984,
2002-02-26,,71.32525634765625,
2002-02-27,,71.60100555419922,
2002-02-28,,71.2803955078125,
2002-03-01,,72.94133758544922,
2002-03-04,,74.23035430908203,
2002-03-05,,73.99304962158203,
2002-03-06,,74.87166595458984,
2002-03-07,,74.71128845214844,
2002-03-08,,75.02557373046875,
2002-03-11,,75.1859130859375,
2002-03-12,,75.14098358154297,
2002-03-13,,74.41630554199219,
2002-03-14,,74.31373596191406,
2002-03-15,,75.02180480957031,
2002-03-18,,75.0346450805664,
2002-03-19,,75.53633880615234,
2002-03-20,,74.11497497558594,
2002-03-21,,74.14716339111328,
2002-03-22,,73.98637390136719,
2002-03-25,,73.06671142578125,
2002-03-26,,73.49114990234375,
2002-03-27,,73.68406677246094,
2002-03-28,,73.65190887451172,
2002-04-01,,73.68406677246094,
2002-04-02,,73.27889251708984,
2002-04-03,,72.7643814086914,
2002-04-04,,72.4621353149414,
2002-04-05,,72.47501373291016,
2002-04-08,,72.62935638427734,
2002-04-09,,72.12125396728516,
2002-04-10,,72.93804931640625,
2002-04-11,,71.12440490722656,
2002-04-12,,71.65824127197266,
2002-04-15,,71.11155700683594,
2002-04-16,,72.8030014038086,
2002-04-17,,72.64862060546875,
2002-04-18,,72.33349609375,
2002-04-19,,72.59720611572266,
2002-04-22,,71.38807678222656,
2002-04-23,,71.07942199707031,
2002-04-24,,70.36553955078125,
2002-04-25,,70.40409851074219,
2002-04-26,,69.06635284423828,
2002-04-29,,68.72549438476562,
2002-04-30,,69.36862182617188,
2002-05-01,,70.21759033203125,
2002-05-02,,69.94747161865234,
2002-05-03,,69.18853759765625,
2002-05-06,,67.83155822753906,
2002-05-07,,67.59357452392578,
2002-05-08,,70.10823059082031,
2002-05-09,,69.29789733886719,
2002-05-10,,67.99234008789062,
2002-05-13,,69.3750991821289,
2002-05-14,,70.88645935058594,
2002-05-15,,70.60987854003906,
2002-05-16,,70.97650146484375,
2002-05-17,,71.32377624511719,
2002-05-20,,70.552001953125,
2002-05-21,,69.90890502929688,
2002-05-22,,70.06324768066406,
2002-05-23,,70.80928802490234,
2002-05-24,,69.90245056152344,
2002-05-28,,69.52297973632812,
2002-05-29,,69.00848388671875,
2002-05-30,,68.81554412841797,
2002-05-31,,68.95698547363281,
2002-06-03,,67.12409210205078,
2002-06-04,,67.29131317138672,
2002-06-05,,67.92159271240234,
2002-06-06,,66.53886413574219,
2002-06-07,,66.46165466308594,
2002-06-10,,66.71896362304688,
2002-06-11,,65.57415008544922,
2002-06-12,,65.97288513183594,
2002-06-13,,65.31047821044922,
2002-06-14,,65.21400451660156,
2002-06-17,,66.96329498291016,
2002-06-18,,67.5099868774414,
2002-06-19,,65.93428039550781,
2002-06-20,,65.091796875,
2002-06-21,,64.07402038574219,
2002-06-24,,64.40959167480469,
2002-06-25,,62.96393966674805,
2002-06-26,,63.06721115112305,
2002-06-27,,64.17080688476562,
2002-06-28,,63.86748504638672,
2002-07-01,,62.621891021728516,
2002-07-02,,61.292388916015625,
2002-07-03,,61.64091110229492,
2002-07-05,,64.0933837890625,
2002-07-08,,63.29310989379883,
2002-07-09,,61.69902420043945,
2002-07-10,,59.45307540893555,
2002-07-11,,59.93711471557617,
2002-07-12,,59.278785705566406,
2002-07-15,,59.59505081176758,
2002-07-16,,58.44624328613281,
2002-07-17,,58.56240463256836,
2002-07-18,,56.664947509765625,
2002-07-19,,54.67072677612305,
2002-07-22,,53.050804138183594,
2002-07-23,,51.59869384765625,
2002-07-24,,54.67720413208008,
2002-07-25,,54.212493896484375,
2002-07-26,,55.2451057434082,
2002-07-29,,57.936405181884766,
2002-07-30,,58.69150161743164,35.83565139770508
2002-07-31,,58.8334846496582,36.27969741821289
2002-08-01,,57.297447204589844,36.486305236816406
2002-08-02,,56.013145446777344,36.85991668701172
2002-08-05,,54.064048767089844,37.02259826660156
2002-08-06,,55.884056091308594,36.706077575683594
2002-08-07,,56.85860824584961,36.794010162353516
2002-08-08,,58.69793701171875,36.794010162353516
2002-08-09,,58.9173698425293,37.31270217895508
2002-08-12,,58.484962463378906,37.54130172729492
2002-08-13,,57.42006301879883,38.002872467041016
2002-08-14,,59.517578125,38.1479606628418
2002-08-15,,60.343711853027344,37.81385040283203
2002-08-16,,60.162986755371094,37.391822814941406
2002-08-19,,61.569915771484375,37.50614547729492
2002-08-20,,60.918067932128906,37.923728942871094
2002-08-21,,61.795814514160156,37.72152328491211
2002-08-22,,62.39604187011719,37.391822814941406
2002-08-23,,61.053611755371094,37.761112213134766
2002-08-26,,61.47958755493164,37.79624938964844
2002-08-27,,60.7696418762207,37.558868408203125
2002-08-28,,59.44012451171875,37.747920989990234
2002-08-29,,59.465980529785156,38.05122756958008
2002-08-30,,59.23362350463867,38.279842376708984
2002-09-03,,56.9747314453125,38.86831283569336
2002-09-04,,57.78795623779297,38.859500885009766
2002-09-05,,57.297447204589844,39.07139205932617
2002-09-06,,58.084800720214844,38.61225128173828
2002-09-09,,58.510807037353516,38.554866790771484
2002-09-10,,59.1819953918457,38.74031066894531
2002-09-11,,58.814109802246094,38.537193298339844
2002-09-12,,57.7298583984375,38.83742904663086
2002-09-13,,57.871849060058594,39.19500732421875
2002-09-16,,58.01384735107422,39.26124572753906
2002-09-17,,56.684349060058594,39.33628845214844
2002-09-18,,56.11639404296875,39.34516143798828
2002-09-19,,54.664276123046875,39.61000442504883
2002-09-20,,54.68242645263672,39.42456817626953
2002-09-23,,54.23512268066406,39.77775955200195
2002-09-24,,53.35993194580078,40.03383255004883
2002-09-25,,54.68242645263672,39.54819869995117
2002-09-26,,55.57704162597656,39.45548629760742
2002-09-27,,53.645172119140625,39.75125503540039
2002-09-30,,53.02283477783203,39.91020965576172
2002-10-01,,55.57056427001953,39.41518020629883
2002-10-02,,53.904502868652344,39.64119338989258
2002-10-03,,53.35993194580078,39.54372024536133
2002-10-04,,52.381046295166016,39.66777801513672
2002-10-07,,51.29838943481445,39.734291076660156
2002-10-08,,52.10225296020508,39.7475700378418
2002-10-09,,50.63067626953125,39.95143508911133
2002-10-10,,52.27081298828125,39.63679122924805
2002-10-11,,54.55923843383789,39.167030334472656
2002-10-14,,54.86394119262695,39.10942459106445
2002-10-15,,57.50244140625,38.18318557739258
2002-10-16,,56.10866928100586,38.200923919677734
2002-10-17,,57.22369384765625,37.73561477661133
2002-10-18,,57.46356201171875,37.833099365234375
2002-10-21,,58.455448150634766,37.46528244018555
2002-10-22,,58.034027099609375,37.35891342163086
2002-10-23,,58.47483825683594,37.372188568115234
2002-10-24,,57.282039642333984,37.700138092041016
2002-10-25,,58.47483825683594,37.83750915527344
2002-10-28,,58.092376708984375,37.78436279296875
2002-10-29,,57.418182373046875,38.27629089355469
2002-10-30,,57.975685119628906,38.26299285888672
2002-10-31,,57.3857421875,38.43582534790039
2002-11-01,,58.520240783691406,38.27509689331055
2002-11-04,,59.077762603759766,38.10593032836914
2002-11-05,,59.54450225830078,37.959041595458984
2002-11-06,,60.31599044799805,38.11039352416992
2002-11-07,,58.837921142578125,39.054134368896484
2002-11-08,,58.118324279785156,39.37017822265625
2002-11-11,,57.21723556518555,39.583866119384766
2002-11-12,,57.670997619628906,39.35686111450195
2002-11-13,,57.7293586730957,39.441429138183594
2002-11-14,,58.818458557128906,38.6223258972168
2002-11-15,,59.25277328491211,38.778133392333984
2002-11-18,,58.65635681152344,38.951744079589844
2002-11-19,,58.57858657836914,39.09419250488281
2002-11-20,,59.881622314453125,38.71135711669922
2002-11-21,,60.996681213378906,38.337432861328125
2002-11-22,,60.562355041503906,38.30181884765625
2002-11-25,,60.60123062133789,38.2305793762207
2002-11-26,,59.44725799560547,38.71135711669922
2002-11-27,,61.11979675292969,37.838836669921875
2002-11-29,,60.925323486328125,38.083683013916016
2002-12-02,,61.02260971069336,38.11901092529297
2002-12-03,,60.205787658691406,38.17266082763672
2002-12-04,,59.9334831237793,38.36945724487305
2002-12-05,,59.272247314453125,38.46781921386719
2002-12-06,,59.66123580932617,38.5349006652832
2002-12-09,,58.021080017089844,38.74955368041992
2002-12-10,,58.79899597167969,38.852413177490234
2002-12-11,,58.85087585449219,39.11177444458008
2002-12-12,,58.84438705444336,39.07601547241211
2002-12-13,,57.917335510253906,38.695892333984375
2002-12-16,,59.414859771728516,38.40522384643555
2002-12-17,,58.896244049072266,38.40522384643555
2002-12-18,,58.215576171875,38.7048225402832
2002-12-19,,57.80066680908203,39.0492057800293
2002-12-20,,58.62543487548828,39.07601547241211
2002-12-23,,58.644920349121094,39.08495330810547
2002-12-24,,58.208457946777344,39.30405807495117
2002-12-26,,58.23453140258789,39.38010025024414
2002-12-27,,56.92507553100586,39.81389236450195
2002-12-30,,57.40065383911133,39.90781021118164
2002-12-31,,57.478843688964844,39.80709457397461
2003-01-02,,59.32897186279297,38.777915954589844
2003-01-03,,59.51139831542969,38.86779022216797
2003-01-06,,60.56024932861328,38.76439666748047
2003-01-07,,60.410430908203125,38.90373992919922
2003-01-08,,59.537471771240234,39.09702682495117
2003-01-09,,60.462520599365234,38.346431732177734
2003-01-10,,60.62543487548828,38.445335388183594
2003-01-13,,60.60585403442383,38.508209228515625
2003-01-14,,60.8012809753418,38.643062591552734
2003-01-15,,60.19544982910156,38.83184051513672
2003-01-16,,59.947898864746094,38.88574981689453
2003-01-17,,59.06191635131836,39.079002380371094
2003-01-21,,58.143333435058594,39.30373764038086
2003-01-22,,57.43975067138672,39.49701690673828
2003-01-23,,57.79151916503906,39.30373764038086
2003-01-24,,56.27362823486328,39.537452697753906
2003-01-27,,55.50491714477539,39.39360809326172
2003-01-28,,55.91532516479492,39.39360809326172
2003-01-29,,56.33877944946289,39.177886962890625
2003-01-30,,55.00325393676758,39.47003936767578
2003-01-31,,56.06514358520508,39.577938079833984
2003-02-03,,56.1759033203125,39.635643005371094
2003-02-04,,55.62216567993164,39.81154251098633
2003-02-05,,55.27688980102539,39.4687385559082
2003-02-06,,55.01630401611328,39.78898239135742
2003-02-07,,54.345272064208984,39.879188537597656
2003-02-10,,54.729644775390625,39.59959411621094
2003-02-11,,54.351802825927734,39.590545654296875
2003-02-12,,53.48537063598633,39.73036193847656
2003-02-13,,53.64824295043945,39.946815490722656
2003-02-14,,54.82085418701172,39.604034423828125
2003-02-18,,55.785030364990234,39.6536750793457
2003-02-19,,55.49186706542969,39.92429733276367
2003-02-20,,54.938087463378906,40.05958938598633
2003-02-21,,55.49186706542969,39.8250732421875
2003-02-24,,54.59284973144531,40.01451873779297
2003-02-25,,55.02934646606445,40.199363708496094
2003-02-26,,54.228023529052734,40.47901153564453
2003-02-27,,54.94464111328125,40.546714782714844
2003-02-28,,55.30946731567383,40.80381393432617
2003-03-03,,54.781742095947266,40.85355758666992
2003-03-04,,53.908790588378906,40.880733489990234
2003-03-05,,54.36480712890625,41.01657485961914
2003-03-06,,53.908790588378906,40.85812759399414
2003-03-07,,54.2801513671875,40.99843978881836
2003-03-10,,52.977203369140625,41.21119689941406
2003-03-11,,52.456031799316406,41.1387825012207
2003-03-12,,52.807796478271484,41.28819274902344
2003-03-13,,54.63189697265625,40.527610778808594
2003-03-14,,54.80780792236328,40.726802825927734
2003-03-17,,56.53419494628906,40.23786926269531
2003-03-18,,56.8664436340332,39.85757827758789
2003-03-19,,57.30294418334961,39.56331253051758
2003-03-20,,57.42671585083008,39.49995803833008
2003-03-21,,58.6524658203125,38.956668853759766
2003-03-24,,56.70328140258789,39.57239532470703
2003-03-25,,57.246158599853516,39.52708435058594
2003-03-26,,56.95838165283203,39.60857009887695
2003-03-27,,57.00416564941406,39.63579177856445
2003-03-28,,56.71638488769531,39.72631072998047
2003-03-31,,55.42780303955078,40.24694061279297
2003-04-01,,56.278141021728516,40.13234329223633
2003-04-02,,57.6386604309082,39.714073181152344
2003-04-03,,57.363922119140625,39.691349029541016
2003-04-04,,57.70405960083008,39.57768630981445
2003-04-07,,57.592864990234375,39.486759185791016
2003-04-08,,57.684425354003906,39.80503845214844
2003-04-09,,56.925682067871094,39.923179626464844
2003-04-10,,57.23965835571289,39.73682403564453
2003-04-11,,57.00416564941406,39.67315673828125
2003-04-14,,58.18152618408203,39.56403350830078
2003-04-15,,58.72441101074219,39.77771759033203
2003-04-16,,57.723670959472656,39.941383361816406
2003-04-17,,58.580509185791016,40.00502395629883
2003-04-21,,58.639404296875,39.9187126159668
2003-04-22,,59.74479675292969,39.895931243896484
2003-04-23,,60.29425048828125,39.9777946472168
2003-04-24,,59.75791549682617,40.336944580078125
2003-04-25,,59.01877975463867,40.42786407470703
2003-04-28,,60.03916931152344,40.36423110961914
2003-04-29,,60.24846649169922,40.29603958129883
2003-04-30,,60.117671966552734,40.66886520385742
2003-05-01,,60.11114501953125,40.688507080078125
2003-05-02,,60.96796798706055,40.36855697631836
2003-05-05,,60.8502197265625,40.58339309692383
2003-05-06,,61.425819396972656,40.784481048583984
2003-05-07,,61.085723876953125,41.259830474853516
2003-05-08,,60.47083282470703,41.360416412353516
2003-05-09,,61.30811309814453,41.40153884887695
2003-05-12,,62.06029510498047,41.66205978393555
2003-05-13,,61.94911575317383,41.753456115722656
2003-05-14,,61.818260192871094,42.39334487915039
2003-05-15,,62.21076202392578,42.525943756103516
2003-05-16,,62.05377197265625,42.83674621582031
2003-05-19,,60.60169982910156,42.690494537353516
2003-05-20,,60.4774055480957,43.32123947143555
2003-05-21,,60.60169982910156,43.31666946411133
2003-05-22,,61.20343017578125,43.70061492919922
2003-05-23,,61.32773208618164,43.8103141784668
2003-05-27,,62.40045928955078,43.019554138183594
2003-05-28,,62.577022552490234,42.9464111328125
2003-05-29,,62.413509368896484,43.32123947143555
2003-05-30,,63.41425704956055,43.23896408081055
2003-06-02,,63.675907135009766,42.92134475708008
2003-06-03,,63.93756103515625,43.265586853027344
2003-06-04,,64.85984802246094,43.39408874511719
2003-06-05,,65.18032836914062,43.054466247558594
2003-06-06,,64.92526245117188,43.210514068603516
2003-06-09,,64.26458740234375,43.49968338012695
2003-06-10,,64.9186782836914,44.01836395263672
2003-06-11,,65.60546112060547,43.963253021240234
2003-06-12,,65.80824279785156,44.30751037597656
2003-06-13,,65.12145233154297,44.60591506958008
2003-06-16,,66.49508666992188,44.18360137939453
2003-06-17,,66.49508666992188,43.8347282409668
2003-06-18,,66.43618774414062,43.27476119995117
2003-06-19,,65.42234802246094,43.19212341308594
2003-06-20,,65.27790832519531,43.031490325927734
2003-06-23,,64.60834503173828,43.28850173950195
2003-06-24,,64.6739501953125,43.68784713745117
2003-06-25,,64.02409362792969,42.99018096923828
2003-06-26,,64.85780334472656,42.411827087402344
2003-06-27,,64.10943603515625,42.2603645324707
2003-06-30,,64.08975219726562,42.45773696899414
2003-07-01,,64.68057250976562,42.247154235839844
2003-07-02,,65.49455261230469,42.3531379699707
2003-07-03,,64.81839752197266,41.74494934082031
2003-07-07,,66.10506439208984,41.47770690917969
2003-07-08,,66.40045166015625,41.514556884765625
2003-07-09,,66.02626037597656,41.64818572998047
2003-07-10,,65.18603515625,41.634342193603516
2003-07-11,,65.8031234741211,41.83247756958008
2003-07-14,,66.1247787475586,41.353267669677734
2003-07-15,,65.98033905029297,40.38566207885742
2003-07-16,,65.59300231933594,40.616065979003906
2003-07-17,,64.66085052490234,40.491695404052734
2003-07-18,,65.3238525390625,40.40873718261719
2003-07-21,,64.51643371582031,39.55171585083008
2003-07-22,,65.10066223144531,39.745235443115234
2003-07-23,,65.14666748046875,39.87886047363281
2003-07-24,,64.65426635742188,39.52866744995117
2003-07-25,,65.79650115966797,39.42268753051758
2003-07-28,,65.55362701416016,38.892852783203125
2003-07-29,,65.25164794921875,38.362953186035156
2003-07-30,,65.0941162109375,38.796058654785156
2003-07-31,,65.2451400756836,38.2201042175293
2003-08-01,,64.66740417480469,38.191429138183594
2003-08-04,,64.66740417480469,38.52003479003906
2003-08-05,,63.29541015625,37.96926498413086
2003-08-06,,63.663047790527344,38.71910858154297
2003-08-07,,64.33260345458984,38.88113784790039
2003-08-08,,64.51643371582031,38.723690032958984
2003-08-11,,64.75932312011719,38.52931213378906
2003-08-12,,65.35014343261719,38.348777770996094
2003-08-13,,65.01533508300781,37.60823440551758
2003-08-14,,65.19257354736328,37.978538513183594
2003-08-15,,65.3960952758789,37.95534133911133
2003-08-18,,65.9606704711914,38.13127899169922
2003-08-19,,66.21009826660156,38.71910858154297
2003-08-20,,65.94096374511719,38.510841369628906
2003-08-21,,66.15099334716797,38.41826629638672
2003-08-22,,65.49455261230469,38.5894775390625
2003-08-25,,65.59954833984375,38.28864669799805
2003-08-26,,65.71773529052734,38.5894775390625
2003-08-27,,65.73743438720703,38.413578033447266
2003-08-28,,66.14442443847656,38.811683654785156
2003-08-29,,66.59088134765625,38.71910858154297
2003-09-02,,67.483642578125,38.15280532836914
2003-09-03,,67.85122680664062,38.213226318359375
2003-09-04,,67.88404846191406,38.42711639404297
2003-09-05,,67.50331115722656,39.087318420410156
2003-09-08,,68.06130981445312,38.68281936645508
2003-09-09,,67.6148910522461,38.961795806884766
2003-09-10,,66.93218231201172,39.35700225830078
2003-09-11,,67.12910461425781,39.10126495361328
2003-09-12,,67.25382232666016,39.370941162109375
2003-09-15,,67.01753234863281,39.31047821044922
2003-09-16,,67.99565887451172,39.25003433227539
2003-09-17,,67.86439514160156,39.73826599121094
2003-09-18,,68.66521453857422,39.76614761352539
2003-09-19,,68.31594848632812,39.8126220703125
2003-09-22,,67.57794189453125,39.4964714050293
2003-09-23,,67.83491516113281,39.76614761352539
2003-09-24,,66.62899017333984,40.11020278930664
2003-09-25,,66.08203887939453,40.310115814208984
2003-09-26,,65.86456298828125,40.672760009765625
2003-09-29,49.256736755371094,66.5103759765625,40.34731674194336
2003-09-30,49.512237548828125,65.86456298828125,41.01681137084961
2003-10-01,49.48814010620117,67.26822662353516,40.861324310302734
2003-10-02,49.410987854003906,67.51200866699219,40.67459487915039
2003-10-03,49.05426788330078,68.13146209716797,39.82019805908203
2003-10-06,49.1265754699707,68.44116973876953,39.992950439453125
2003-10-07,48.95785140991211,68.70480346679688,39.53072738647461
2003-10-08,49.07834243774414,68.53343200683594,39.52141571044922
2003-10-09,48.90480041503906,68.71790313720703,39.24125289916992
2003-10-10,49.174739837646484,68.90907287597656,39.4747200012207
2003-10-13,48.95785140991211,69.12653350830078,39.32063293457031
2003-10-14,48.86141586303711,69.37031555175781,39.049842834472656
2003-10-15,48.74089431762695,69.1858139038086,38.8583984375
2003-10-16,48.6107177734375,69.46259307861328,38.70436477661133
2003-10-17,48.84215545654297,68.70480346679688,39.00315856933594
2003-10-20,48.81319046020508,69.21878051757812,39.133853912353516
2003-10-21,48.90963363647461,69.10015869140625,39.27859878540039
2003-10-22,49.1265754699707,68.23031616210938,39.66144561767578
2003-10-23,49.00606918334961,68.10507202148438,39.37197494506836
2003-10-24,49.24710464477539,68.25666046142578,39.81085968017578
2003-10-27,49.150691986083984,68.28961944580078,39.731510162353516
2003-10-28,49.34355163574219,69.21878051757812,39.94159698486328
2003-10-29,49.1265754699707,69.31102752685547,39.58211898803711
2003-10-30,49.1265754699707,69.45598602294922,39.40468215942383
2003-10-31,49.049461364746094,69.39009857177734,39.77348709106445
2003-11-03,48.96185302734375,69.84480285644531,39.58504104614258
2003-11-04,49.05863952636719,69.69322967529297,39.810062408447266
2003-11-05,49.05863952636719,69.74592590332031,39.538169860839844
2003-11-06,48.79255676269531,70.1149673461914,39.16785430908203
2003-11-07,48.81673812866211,69.59439086914062,39.14439010620117
2003-11-10,48.908626556396484,69.31102752685547,39.111576080322266
2003-11-11,48.82155990600586,69.29126739501953,39.116241455078125
2003-11-12,48.913509368896484,70.06886291503906,39.40224075317383
2003-11-13,49.27151107788086,70.08863830566406,40.01165771484375
2003-11-14,49.310184478759766,69.49553680419922,40.27888870239258
2003-11-17,49.51829147338867,69.14628601074219,40.33983612060547
2003-11-18,49.494056701660156,68.42801666259766,40.58826446533203
2003-11-19,49.261837005615234,69.00790405273438,40.138240814208984
2003-11-20,49.431148529052734,68.38844299316406,40.527313232421875
2003-11-21,49.484375,68.67182159423828,40.550758361816406
2003-11-24,49.27635192871094,69.58123016357422,40.21791458129883
2003-11-25,49.469844818115234,69.84480285644531,40.43824768066406
2003-11-26,49.290870666503906,70.0951919555664,40.27421951293945
2003-11-28,49.21345138549805,70.1479263305664,39.908504486083984
2003-12-01,49.0786018371582,70.90572357177734,39.68614196777344
2003-12-02,49.06401062011719,70.72783660888672,39.85574722290039
2003-12-03,49.11254119873047,70.61579132080078,39.69559860229492
2003-12-04,49.1853141784668,70.90572357177734,39.78510665893555
2003-12-05,49.43272018432617,70.41150665283203,40.421085357666016
2003-12-08,49.43272018432617,70.88600158691406,40.1384162902832
2003-12-09,49.156211853027344,70.33902740478516,39.85574722290039
2003-12-10,49.350223541259766,70.33247375488281,39.921714782714844
2003-12-11,49.52489471435547,71.12319946289062,40.20909118652344
2003-12-12,49.55400085449219,71.26161193847656,40.284461975097656
2003-12-15,49.52489471435547,70.90572357177734,40.26093673706055
2003-12-16,49.55400085449219,71.2748031616211,40.39280319213867
2003-12-17,49.67528533935547,71.49880981445312,40.66605758666992
2003-12-18,49.748046875,72.30276489257812,41.033512115478516
2003-12-19,49.77233123779297,72.10147094726562,41.0193977355957
2003-12-22,49.748046875,72.6047134399414,40.90633773803711
2003-12-23,49.55400085449219,72.65103149414062,40.444644927978516
2003-12-24,49.59278869628906,72.57823181152344,40.82624053955078
2003-12-26,49.84019470214844,72.63114166259766,40.976985931396484
2003-12-29,49.71892166137695,73.59782409667969,40.60955047607422
2003-12-30,49.62676239013672,73.61106872558594,40.444644927978516
2003-12-31,49.695369720458984,73.67726135253906,40.44462203979492
2004-01-02,49.41322708129883,73.64420318603516,39.966590881347656
2004-01-05,49.47157287597656,74.44530487060547,39.86247253417969
2004-01-06,49.695369720458984,74.51812744140625,40.30265426635742
2004-01-07,49.80727767944336,74.76976013183594,40.463565826416016
2004-01-08,49.792659759521484,75.06765747070312,40.44938659667969
2004-01-09,50.20618438720703,74.41220092773438,41.154624938964844
2004-01-12,50.065093994140625,74.96172332763672,41.12146759033203
2004-01-13,50.18185806274414,74.5247573852539,41.400718688964844
2004-01-14,50.17697525024414,75.1470947265625,41.604278564453125
2004-01-15,50.24020004272461,75.33245086669922,41.760459899902344
2004-01-16,50.20132064819336,75.63042449951172,41.46696472167969
2004-01-20,50.15755844116211,75.61056518554688,41.45752716064453
2004-01-21,50.191593170166016,76.20645141601562,41.55696487426758
2004-01-22,50.2791748046875,76.00780487060547,41.859867095947266
2004-01-23,50.15755844116211,75.76283264160156,41.35810470581055
2004-01-26,49.96293640136719,76.71623229980469,41.10727310180664
2004-01-27,50.03588104248047,75.92840576171875,41.36288070678711
2004-01-28,49.9337272644043,75.06109619140625,40.99842834472656
2004-01-29,49.81700134277344,75.13387298583984,40.913211822509766
2004-01-30,49.914306640625,75.13387298583984,41.197242736816406
2004-02-02,49.92792892456055,75.45829010009766,41.11073303222656
2004-02-03,50.064510345458984,75.33245086669922,41.3198127746582
2004-02-04,50.069400787353516,74.71676635742188,41.239009857177734
2004-02-05,49.92792892456055,74.93521118164062,41.077457427978516
2004-02-06,50.13283920288086,75.77610778808594,41.5289192199707
2004-02-09,50.16696548461914,75.79596710205078,41.65251541137695
2004-02-10,50.05967330932617,76.0409164428711,41.41962814331055
2004-02-11,50.25477600097656,76.84869384765625,41.72856903076172
2004-02-12,50.259674072265625,76.57058715820312,41.5527229309082
2004-02-13,50.48405838012695,76.22630310058594,41.72856903076172
2004-02-17,50.36207580566406,76.91487121582031,41.700016021728516
2004-02-18,50.32307434082031,76.57721710205078,41.75709533691406
2004-02-19,50.37673568725586,76.29252624511719,41.799842834472656
2004-02-20,50.22064208984375,76.06078338623047,41.509925842285156
2004-02-23,50.35725784301758,75.86876678466797,41.7665901184082
2004-02-24,50.31331253051758,75.73637390136719,41.84263610839844
2004-02-25,50.430389404296875,76.05419158935547,41.90916442871094
2004-02-26,50.34744644165039,76.10052490234375,41.776092529296875
2004-02-27,50.48405838012695,76.15348815917969,42.137306213378906
2004-03-01,50.50654602050781,76.90826416015625,42.121097564697266
2004-03-02,50.33051300048828,76.45806121826172,41.85383987426758
2004-03-03,50.276710510253906,76.59707641601562,41.77748489379883
2004-03-04,50.3989372253418,76.79571533203125,41.96360778808594
2004-03-05,50.770599365234375,77.05392456054688,42.77479934692383
2004-03-08,50.94173812866211,76.11377716064453,43.0277214050293
2004-03-09,51.01511001586914,75.80921173095703,43.314048767089844
2004-03-10,50.95642852783203,74.53804779052734,43.28539276123047
2004-03-11,51.06885528564453,73.57132720947266,43.347442626953125
2004-03-12,50.91239547729492,74.53804779052734,43.08018493652344
2004-03-15,50.92214584350586,73.62428283691406,43.15174865722656
2004-03-16,51.04441833496094,74.01493072509766,43.50971221923828
2004-03-17,51.019954681396484,74.84256744384766,43.438133239746094
2004-03-18,50.971065521240234,74.86243438720703,43.20903015136719
2004-03-19,50.91728591918945,73.78941345214844,43.15174865722656
2004-03-22,51.0493049621582,72.85255432128906,43.414268493652344
2004-03-23,51.05421447753906,72.72633361816406,43.490570068359375
2004-03-24,51.08356475830078,72.78611755371094,43.46674728393555
2004-03-25,51.05421447753906,73.7495346069336,43.299739837646484
2004-03-26,50.87819290161133,73.76947021484375,42.841609954833984
2004-03-29,50.7852897644043,74.80590057373047,42.5552864074707
2004-03-30,50.58477783203125,75.05839538574219,42.52668762207031
2004-03-31,50.82927703857422,75.14476013183594,42.731876373291016
2004-04-01,50.853797912597656,75.59654998779297,42.59197998046875
2004-04-02,50.38808822631836,76.16799926757812,41.538089752197266
2004-04-05,50.079254150390625,76.5865249633789,41.21235275268555
2004-04-06,50.22142791748047,76.3406982421875,41.43748474121094
2004-04-07,50.09886932373047,76.16136169433594,41.34169006347656
2004-04-08,50.128257751464844,75.98860931396484,41.22193145751953
2004-04-12,50.113590240478516,76.28755950927734,41.07343292236328
2004-04-13,50.02535629272461,75.21785736083984,40.62789535522461
2004-04-14,49.878273010253906,75.33744812011719,40.594364166259766
2004-04-15,49.804779052734375,75.0517807006836,40.354820251464844
2004-04-16,49.9420051574707,75.62981414794922,40.50812911987305
2004-04-19,49.878273010253906,75.62981414794922,40.421905517578125
2004-04-20,49.71650695800781,74.3608169555664,40.05305480957031
2004-04-21,49.598846435546875,74.85908508300781,40.249473571777344
2004-04-22,49.780277252197266,75.9088363647461,40.48896789550781
2004-04-23,49.682220458984375,75.98192596435547,40.25904846191406
2004-04-26,49.66749954223633,75.87562561035156,40.326114654541016
2004-04-27,49.790035247802734,75.94205474853516,40.47937774658203
2004-04-28,49.559635162353516,74.95874786376953,40.10093307495117
2004-04-29,49.41748809814453,74.30095672607422,39.904541015625
2004-04-30,49.40280532836914,73.72293853759766,40.067405700683594
2004-05-03,49.329002380371094,74.51362609863281,40.117919921875
2004-05-04,49.41752624511719,74.45378875732422,39.84380340576172
2004-05-05,49.3536376953125,74.93217468261719,39.733131408691406
2004-05-06,49.20125198364258,74.28768157958984,39.62736129760742
2004-05-07,48.783424377441406,73.05854797363281,39.10799789428711
2004-05-10,48.709720611572266,72.30775451660156,39.0166130065918
2004-05-11,48.83259582519531,72.91901397705078,39.194576263427734
2004-05-12,48.76383590698242,73.38411712646484,38.93484115600586
2004-05-13,48.75398254394531,73.07844543457031,38.78578186035156
2004-05-14,48.76383590698242,73.11167907714844,39.10319900512695
2004-05-17,49.00957489013672,72.4871597290039,39.44943618774414
2004-05-18,49.03416442871094,72.85255432128906,39.29557418823242
2004-05-19,48.95058822631836,72.60010528564453,39.16570281982422
2004-05-20,49.08325958251953,72.83267211914062,39.46870422363281
2004-05-21,49.00465393066406,72.95887756347656,39.30997848510742
2004-05-24,49.04396438598633,73.26451873779297,39.43501663208008
2004-05-25,49.02920150756836,74.31425476074219,39.550437927246094
2004-05-26,49.15207290649414,74.57335662841797,39.762020111083984
2004-05-27,49.38800811767578,74.99197387695312,40.07461929321289
2004-05-28,49.21597671508789,74.98536682128906,39.96403503417969
2004-06-01,49.16029357910156,74.88568115234375,39.59806442260742
2004-06-02,49.180015563964844,75.16471862792969,39.49666976928711
2004-06-03,49.16029357910156,74.47369384765625,39.57875442504883
2004-06-04,49.05675506591797,75.06510162353516,39.347042083740234
2004-06-07,49.106056213378906,76.20782470703125,39.356666564941406
2004-06-08,48.98769760131836,76.31415557861328,39.429107666015625
2004-06-09,49.00247573852539,75.6032485961914,39.26011276245117
2004-06-10,48.95317840576172,75.97531127929688,39.33734893798828
2004-06-14,48.815155029296875,75.22452545166016,39.023582458496094
2004-06-15,49.229347229003906,75.75605010986328,39.8491325378418
2004-06-16,49.13068389892578,75.74275970458984,39.69462585449219
2004-06-17,49.18492126464844,75.62981414794922,39.95532989501953
2004-06-18,49.258907318115234,75.77249908447266,39.86840057373047
2004-06-21,49.322967529296875,75.48576354980469,39.89738082885742
2004-06-22,49.30327224731445,75.86585998535156,39.776668548583984
2004-06-23,49.26384353637695,76.51936340332031,39.85392379760742
2004-06-24,49.451210021972656,76.27932739257812,40.09535217285156
2004-06-25,49.436424255371094,75.91255187988281,40.133968353271484
2004-06-28,49.27371597290039,75.65249633789062,39.723628997802734
2004-06-29,49.18492126464844,75.96591186523438,39.97465133666992
2004-06-30,49.574485778808594,76.37265014648438,40.38497543334961
2004-07-01,49.637290954589844,75.3123779296875,40.460609436035156
2004-07-02,49.95389175415039,75.2723617553711,40.887176513671875
2004-07-06,49.91923522949219,74.61222076416016,40.8193473815918
2004-07-07,49.889549255371094,74.83229064941406,40.83384704589844
2004-07-08,49.9439697265625,74.31211853027344,40.85810852050781
2004-07-09,49.79553985595703,74.50550079345703,40.901737213134766
2004-07-12,49.9439697265625,74.53886413574219,40.959869384765625
2004-07-13,49.889549255371094,74.59221649169922,40.83872604370117
2004-07-14,49.91923522949219,74.3655014038086,40.85323715209961
2004-07-15,49.825233459472656,73.88536834716797,40.896881103515625
2004-07-16,50.156681060791016,73.82537078857422,41.43980026245117
2004-07-19,50.082489013671875,73.51191711425781,41.468868255615234
2004-07-20,49.94890213012695,74.44549560546875,41.095611572265625
2004-07-21,49.8301887512207,73.07186126708984,40.984169006347656
2004-07-22,49.93901062011719,73.27185821533203,41.042301177978516
2004-07-23,50.05278778076172,72.65840148925781,41.17805099487305
2004-07-26,49.82029342651367,72.51839447021484,40.984169006347656
2004-07-27,49.70653533935547,73.19852447509766,40.4315299987793
2004-07-28,49.780723571777344,73.41856384277344,40.4364128112793
2004-07-29,49.66696548461914,73.73197174072266,40.528480529785156
2004-07-30,50.03301239013672,73.91204071044922,41.00348663330078
2004-08-02,50.01911163330078,74.06537628173828,41.057071685791016
2004-08-03,50.08858108520508,73.49190521240234,41.222511291503906
2004-08-04,50.197757720947266,73.48526000976562,41.24195098876953
2004-08-05,50.23247146606445,72.28497314453125,41.35874938964844
2004-08-06,50.55502700805664,71.25135803222656,42.054683685302734
2004-08-09,50.589778900146484,71.35135650634766,41.90866470336914
2004-08-10,50.45578384399414,72.27162170410156,41.75779342651367
2004-08-11,50.49052429199219,72.12493133544922,41.93785095214844
2004-08-12,50.59471893310547,71.3380355834961,42.025455474853516
2004-08-13,50.69396209716797,71.47810363769531,42.1617317199707
2004-08-16,50.63444900512695,72.21826934814453,42.01570129394531
2004-08-17,50.783321380615234,72.62506866455078,42.25419235229492
2004-08-18,50.61951446533203,73.37191772460938,42.049766540527344
2004-08-19,50.788230895996094,73.15848541259766,42.15201187133789
2004-08-20,50.639347076416016,73.67198181152344,42.1130485534668
2004-08-23,50.65426254272461,73.48526000976562,41.8697395324707
2004-08-24,50.659236907958984,73.58525848388672,41.894046783447266
2004-08-25,50.66419982910156,74.08538818359375,42.0400505065918
2004-08-26,50.758453369140625,74.08538818359375,42.27849197387695
2004-08-27,50.793209075927734,74.31880187988281,42.24927520751953
2004-08-30,50.842838287353516,73.70529174804688,42.448795318603516
2004-08-31,50.842838287353516,74.0920639038086,42.71161651611328
2004-09-01,51.02605438232422,74.23212432861328,42.755584716796875
2004-09-02,50.82191467285156,75.07235717773438,42.33540725708008
2004-09-03,50.797035217285156,74.76558685302734,42.34028244018555
2004-09-07,50.792091369628906,75.25908660888672,42.296302795410156
2004-09-08,50.946327209472656,75.07235717773438,42.6529541015625
2004-09-09,50.89656448364258,75.00565338134766,42.49174499511719
2004-09-10,51.006103515625,75.39237976074219,42.555240631103516
2004-09-13,51.055870056152344,75.63914489746094,42.74091720581055
2004-09-14,51.11061477661133,75.79252624511719,42.784881591796875
2004-09-15,51.08080291748047,75.21907806396484,42.687156677246094
2004-09-16,51.23503875732422,75.44576263427734,43.17084503173828
2004-09-17,51.020992279052734,75.7665023803711,42.95587921142578
2004-09-20,51.24007034301758,75.3111572265625,43.2392463684082
2004-09-21,51.22514343261719,75.63925170898438,43.366275787353516
2004-09-22,51.39436340332031,74.69512176513672,43.81581115722656
2004-09-23,51.24007034301758,74.2933120727539,43.639915466308594
2004-09-24,51.25497817993164,74.6348648071289,43.693634033203125
2004-09-27,51.24007034301758,74.15943908691406,43.884151458740234
2004-09-28,51.324684143066406,74.51431274414062,43.70832824707031
2004-09-29,51.031028747558594,74.88932037353516,43.283241271972656
2004-09-30,51.10564422607422,74.83572387695312,43.11711883544922
2004-10-01,51.014278411865234,76.10130310058594,42.90176010131836
2004-10-04,51.02924728393555,76.22853088378906,42.96549987792969
2004-10-05,51.02424240112305,76.26876068115234,42.96549987792969
2004-10-06,50.92939376831055,76.791015625,42.76929473876953
2004-10-07,50.92939376831055,75.96737670898438,42.58287048339844
2004-10-08,51.179054260253906,75.33796691894531,43.14703369140625
2004-10-11,51.228981018066406,75.6459732055664,43.19120407104492
2004-10-12,51.179054260253906,75.35137176513672,43.28932571411133
2004-10-13,51.25395202636719,74.68842315673828,43.44630813598633
2004-10-14,51.49861145019531,74.08576965332031,43.65237808227539
2004-10-15,51.40375518798828,74.50096893310547,43.50029373168945
2004-10-18,51.35880661010742,74.78215789794922,43.51988220214844
2004-10-19,51.3837890625,74.1527328491211,43.632720947265625
2004-10-20,51.56349563598633,74.00544738769531,43.9320182800293
2004-10-21,51.433692932128906,74.48751831054688,43.961429595947266
2004-10-22,51.558502197265625,73.65052795410156,44.064414978027344
2004-10-25,51.61845397949219,73.56348419189453,44.09878158569336
2004-10-26,51.468658447265625,74.68842315673828,43.966339111328125
2004-10-27,51.35382843017578,75.58572387695312,43.53462600708008
2004-10-28,51.41373825073242,75.81340026855469,43.676902770996094
2004-10-29,51.5485725402832,75.7999496459961,43.87800979614258
2004-11-01,51.437904357910156,76.00756072998047,43.605098724365234
2004-11-02,51.392818450927734,76.03434753417969,43.669132232666016
2004-11-03,51.50295639038086,76.99189758300781,43.68886184692383
2004-11-04,51.45787048339844,78.04319763183594,43.73320007324219
2004-11-05,51.3277473449707,78.53197479248047,43.255367279052734
2004-11-08,51.14249801635742,78.4181900024414,43.1026496887207
2004-11-09,51.26266860961914,78.26414489746094,43.078033447265625
2004-11-10,51.20260238647461,78.32440948486328,42.915470123291016
2004-11-11,51.252655029296875,78.92035675048828,42.8218994140625
2004-11-12,51.312713623046875,79.54312896728516,43.284889221191406
2004-11-15,51.3377571105957,79.73854064941406,43.32432556152344
2004-11-16,51.287681579589844,79.16768646240234,43.32432556152344
2004-11-17,51.41788864135742,79.6377944946289,43.69375228881836
2004-11-18,51.437904357910156,79.74526977539062,43.826786041259766
2004-11-19,51.332767486572266,78.8587875366211,43.47705078125
2004-11-22,51.4128303527832,79.23486328125,43.70363998413086
2004-11-23,51.3828239440918,79.35572814941406,43.757843017578125
2004-11-24,51.432918548583984,79.54376983642578,43.757843017578125
2004-11-26,51.282684326171875,79.48331451416016,43.47215270996094
2004-11-29,51.14249801635742,79.12066650390625,43.00909423828125
2004-11-30,51.16749954223633,79.17440795898438,42.82680892944336
2004-12-01,50.97569274902344,80.0743408203125,42.7600212097168
2004-12-02,51.071136474609375,80.1415023803711,42.5869140625
2004-12-03,51.367427825927734,80.08778381347656,43.24971389770508
2004-12-06,51.422630310058594,80.0609130859375,43.398101806640625
2004-12-07,51.492950439453125,79.31544494628906,43.45252227783203
2004-12-08,51.668724060058594,79.77885437011719,44.1301155090332
2004-12-09,51.598365783691406,80.0609130859375,43.83828353881836
2004-12-10,51.53316116333008,80.1415023803711,43.94713592529297
2004-12-13,51.608482360839844,80.8399658203125,44.04109573364258
2004-12-14,51.65861511230469,81.12199401855469,44.21421432495117
2004-12-15,51.774139404296875,81.1824722290039,44.6148796081543
2004-12-16,51.573299407958984,81.13543701171875,43.957027435302734
2004-12-17,51.44775390625,80.59429931640625,43.897666931152344
2004-12-20,51.49795913696289,80.61455535888672,43.976802825927734
2004-12-21,51.49795913696289,81.23532104492188,44.11037063598633
2004-12-22,51.608482360839844,81.43101501464844,43.961944580078125
2004-12-23,51.6335563659668,81.49176788330078,43.81854248046875
2004-12-27,51.437740325927734,81.32305145263672,43.47723388671875
2004-12-28,51.41257858276367,81.76840209960938,43.44260025024414
2004-12-29,51.40254592895508,81.88987731933594,43.398101806640625
2004-12-30,51.50798797607422,81.73465728759766,43.68993377685547
2004-12-31,51.57548904418945,81.5592041015625,43.96548080444336
2005-01-03,51.57548904418945,81.17462158203125,44.05984878540039
2005-01-04,51.52516555786133,80.18268585205078,43.59804916381836
2005-01-05,51.5050163269043,79.62938690185547,43.831382751464844
2005-01-06,51.540252685546875,80.03423309326172,43.86121368408203
2005-01-07,51.52516555786133,79.9195556640625,43.96050262451172
2005-01-10,51.49992752075195,80.29742431640625,44.03001022338867
2005-01-11,51.57044982910156,79.74409484863281,44.28824234008789
2005-01-12,51.6460075378418,80.00724792480469,44.34777069091797
2005-01-13,51.77190017700195,79.3662338256836,44.774803161621094
2005-01-14,51.58554458618164,79.7845687866211,44.76985168457031
2005-01-18,51.72159194946289,80.61455535888672,44.91874694824219
2005-01-19,51.7971076965332,79.77107238769531,45.047882080078125
2005-01-20,51.867610931396484,79.28527069091797,45.13725662231445
2005-01-21,51.8928108215332,78.7994155883789,45.186851501464844
2005-01-24,51.90290069580078,78.64423370361328,45.38053512573242
2005-01-25,51.81224822998047,78.86686706542969,44.953556060791016
2005-01-26,51.787017822265625,79.10304260253906,45.03793716430664
2005-01-27,51.716556549072266,79.2380142211914,44.953556060791016
2005-01-28,51.8928108215332,79.2380142211914,45.405303955078125
2005-01-31,51.827327728271484,79.73062133789062,45.53446960449219
2005-02-01,51.88240051269531,80.23665618896484,45.46217346191406
2005-02-02,51.92280578613281,80.47959899902344,45.56684112548828
2005-02-03,51.85712432861328,80.27042388916016,45.54191207885742
2005-02-04,52.074398040771484,81.12738800048828,46.17484664916992
2005-02-07,52.084468841552734,81.0193862915039,46.51872634887695
2005-02-08,52.11478805541992,81.11388397216797,46.78289794921875
2005-02-09,52.25625228881836,80.50657653808594,46.90746307373047
2005-02-10,51.988502502441406,80.7967300415039,46.27450942993164
2005-02-11,52.0591926574707,81.49176788330078,46.24463653564453
2005-02-14,52.069332122802734,81.43101501464844,46.38912582397461
2005-02-15,51.96828842163086,81.73465728759766,46.15492248535156
2005-02-16,51.90765380859375,81.78866577148438,45.98047637939453
2005-02-17,51.88240051269531,81.12738800048828,45.691410064697266
2005-02-18,51.8975715637207,81.23532104492188,45.282772064208984
2005-02-22,51.751041412353516,80.02754211425781,45.08340835571289
2005-02-23,51.77631378173828,80.60102844238281,45.23293685913086
2005-02-24,51.72578048706055,81.1341323852539,45.13325500488281
2005-02-25,51.771305084228516,81.93709564208984,45.352542877197266
2005-02-28,51.6348762512207,81.39727020263672,44.86412048339844
2005-03-01,51.5978889465332,81.80213928222656,44.85007858276367
2005-03-02,51.532012939453125,81.76163482666016,44.79012680053711
2005-03-03,51.57255935668945,81.79537963867188,44.76511764526367
2005-03-04,51.71946716308594,82.8143081665039,45.25010299682617
2005-03-07,51.73469924926758,82.85478973388672,45.43006134033203
2005-03-08,51.62321090698242,82.54438018798828,45.00010299682617
2005-03-09,51.30912780761719,81.62670135498047,44.26518630981445
2005-03-10,51.248321533203125,81.8088607788086,44.53514862060547
2005-03-11,51.288848876953125,81.23532104492188,44.21016311645508
2005-03-14,51.26859664916992,81.74143981933594,44.47515869140625
2005-03-15,51.27873229980469,81.06664276123047,44.195186614990234
2005-03-16,51.314178466796875,80.37837219238281,44.46516418457031
2005-03-17,51.304039001464844,80.54033660888672,44.61019515991211
2005-03-18,51.26859664916992,80.30117797851562,44.33018493652344
2005-03-21,51.26859664916992,80.00314331054688,44.205177307128906
2005-03-22,50.98995590209961,79.19025421142578,43.830238342285156
2005-03-23,51.055782318115234,79.25798034667969,44.04019546508789
2005-03-24,51.086181640625,79.35279846191406,44.13018035888672
2005-03-28,50.98485565185547,79.46797943115234,43.86024856567383
2005-03-29,50.954471588134766,78.9395523071289,44.120216369628906
2005-03-30,51.10645294189453,80.05731201171875,44.34016799926758
2005-03-31,51.13176345825195,79.90828704833984,44.660125732421875
2005-04-01,51.4332275390625,79.54926300048828,44.81067657470703
2005-04-04,51.37223434448242,79.68473052978516,44.80062484741211
2005-04-05,51.27058410644531,80.06410217285156,44.685218811035156
2005-04-06,51.40272903442383,80.34183502197266,44.84081268310547
2005-04-07,51.341766357421875,80.7753677368164,44.4794807434082
2005-04-08,51.341766357421875,79.93537902832031,44.635047912597656
2005-04-11,51.438331604003906,79.99634552001953,44.87593078613281
2005-04-12,51.58063888549805,80.4095687866211,45.29240417480469
2005-04-13,51.65185546875,79.461181640625,45.182010650634766
2005-04-14,51.69758987426758,78.42471313476562,45.11175537109375
2005-04-15,51.88056945800781,77.32731628417969,45.708900451660156
2005-04-18,51.81956481933594,77.56443786621094,45.673763275146484
2005-04-19,51.88566589355469,78.18089294433594,46.11537551879883
2005-04-20,51.921287536621094,77.09022521972656,45.999977111816406
2005-04-21,51.79413604736328,78.58733367919922,45.518211364746094
2005-04-22,51.90084457397461,78.28925323486328,45.89961624145508
2005-04-25,51.88056945800781,78.80411529541016,46.03506088256836
2005-04-26,51.75349044799805,78.0385971069336,45.96479797363281
2005-04-27,51.96704864501953,78.34343719482422,46.12539291381836
2005-04-28,52.09919738769531,77.36119842529297,46.46660232543945
2005-04-29,52.012699127197266,78.41119384765625,46.386329650878906
2005-05-02,52.01477813720703,78.85153198242188,46.37624740600586
2005-05-03,51.97909164428711,78.98699188232422,46.50215530395508
2005-05-04,52.03517150878906,79.5966796875,46.094261169433594
2005-05-05,52.07081604003906,79.569580078125,46.199989318847656
2005-05-06,51.87709426879883,79.31897735595703,45.85757827758789
2005-05-09,51.836307525634766,79.81343841552734,45.90286636352539
2005-05-10,51.89240264892578,78.98699188232422,46.230228424072266
2005-05-11,51.97909164428711,79.42054748535156,46.3712158203125
2005-05-12,52.10145950317383,78.54666137695312,46.552513122558594
2005-05-13,52.15253829956055,78.390869140625,46.73383331298828
2005-05-16,52.07603073120117,79.12248229980469,46.678409576416016
2005-05-17,52.13721466064453,79.65088653564453,46.80934524536133
2005-05-18,52.27483367919922,80.4705581665039,47.12157440185547
2005-05-19,52.14738082885742,80.80928039550781,47.00074005126953
2005-05-20,52.086177825927734,80.69409942626953,47.056156158447266
2005-05-23,52.25954818725586,81.14118957519531,47.4237174987793
2005-05-24,52.35137939453125,80.95150756835938,47.554664611816406
2005-05-25,52.34115219116211,80.89053344726562,47.2222900390625
2005-05-26,52.3360710144043,81.32408142089844,47.207183837890625
2005-05-27,52.30037307739258,81.45957946777344,47.2575569152832
2005-05-31,52.44316864013672,80.9379653930664,47.84175109863281
2005-06-01,52.8310661315918,81.62891387939453,48.427547454833984
2005-06-02,52.79526901245117,81.80506896972656,48.54380798339844
2005-06-03,52.66217041015625,81.39183044433594,48.14448928833008
2005-06-06,52.67245864868164,81.31729888916016,48.3972282409668
2005-06-07,52.81058883666992,81.3782958984375,48.781333923339844
2005-06-08,52.71335220336914,81.229248046875,48.548892974853516
2005-06-09,52.70830154418945,81.6153564453125,48.50839614868164
2005-06-10,52.50357437133789,81.42571258544922,47.96249008178711
2005-06-13,52.457515716552734,81.68311309814453,47.674415588378906
2005-06-14,52.3910026550293,81.87278747558594,47.361026763916016
2005-06-15,52.36024475097656,82.02861022949219,47.446956634521484
2005-06-16,52.51888656616211,82.23860168457031,47.68454360961914
2005-06-17,52.51888656616211,82.5433120727539,47.67947006225586
2005-06-20,52.401248931884766,82.57052612304688,47.59859085083008
2005-06-21,52.61613082885742,82.61813354492188,47.947364807128906
2005-06-22,52.84131622314453,82.68614196777344,48.52865982055664
2005-06-23,52.790164947509766,81.5230941772461,48.47811508178711
2005-06-24,52.87199401855469,80.92456817626953,48.72071075439453
2005-06-27,52.9129524230957,81.0401840209961,48.852134704589844
2005-06-28,52.75944900512695,81.7203369140625,48.518531799316406
2005-06-29,52.733829498291016,81.50270080566406,48.442718505859375
2005-06-30,52.902713775634766,81.0605697631836,48.87738037109375
2005-07-01,52.714298248291016,81.29862976074219,48.28499221801758
2005-07-05,52.519229888916016,81.95159912109375,47.82853698730469
2005-07-06,52.601341247558594,81.26463317871094,48.092262268066406
2005-07-07,52.66809844970703,81.58427429199219,48.193721771240234
2005-07-08,52.58082580566406,82.51611328125,47.995906829833984
2005-07-11,52.58596420288086,82.93781280517578,47.995906829833984
2005-07-12,52.56025314331055,83.15550231933594,47.727081298828125
2005-07-13,52.4884147644043,83.27105712890625,47.65607452392578
2005-07-14,52.4884147644043,83.5975570678711,47.53434753417969
2005-07-15,52.51408386230469,83.5499496459961,47.661163330078125
2005-07-18,52.421695709228516,83.21664428710938,47.306129455566406
2005-07-19,52.4473876953125,83.67237854003906,47.47350311279297
2005-07-20,52.53463363647461,83.95806121826172,47.732147216796875
2005-07-21,52.262516021728516,83.46831512451172,47.08294677734375
2005-07-22,52.339515686035156,84.02605438232422,47.44814682006836
2005-07-25,52.339515686035156,83.78803253173828,47.27568817138672
2005-07-26,52.395999908447266,83.8900146484375,47.35175704956055
2005-07-27,52.365203857421875,84.19607543945312,47.27568817138672
2005-07-28,52.519229888916016,84.72660827636719,47.696659088134766
2005-07-29,52.354942321777344,84.1620864868164,47.22493362426758
2005-08-01,52.32454299926758,84.10087585449219,47.049339294433594
2005-08-02,52.211238861083984,84.60419464111328,46.896610260009766
2005-08-03,52.381229400634766,84.82860565185547,47.12565612792969
2005-08-04,52.329742431640625,84.14847564697266,47.028987884521484
2005-08-05,52.072181701660156,83.57714080810547,46.66242218017578
2005-08-08,52.06186294555664,83.42070770263672,46.57589340209961
2005-08-09,52.15455627441406,83.92401885986328,46.74897384643555
2005-08-10,52.15974426269531,83.88320922851562,46.698089599609375
2005-08-11,52.298770904541016,84.21647644042969,47.02384567260742
2005-08-12,52.448150634765625,83.6995849609375,47.50241470336914
2005-08-15,52.401798248291016,84.21647644042969,47.38025665283203
2005-08-16,52.52545166015625,83.12146759033203,47.711158752441406
2005-08-17,52.417274475097656,83.1146469116211,47.39552307128906
2005-08-18,52.56144714355469,83.10784912109375,47.746795654296875
2005-08-19,52.509944915771484,83.29826354980469,47.74169158935547
2005-08-22,52.556297302246094,83.29826354980469,47.6907844543457
2005-08-23,52.592323303222656,83.141845703125,47.909664154052734
2005-08-24,52.65932846069336,82.4004898071289,47.95550537109375
2005-08-25,52.65932846069336,82.69976043701172,48.10821533203125
2005-08-26,52.618160247802734,82.13523864746094,48.09294509887695
2005-08-29,52.638729095458984,82.76776885986328,48.154022216796875
2005-08-30,52.76748275756836,82.33247375488281,48.459449768066406
2005-08-31,52.973541259765625,83.37306213378906,48.86675262451172
2005-09-01,53.045875549316406,83.31187438964844,48.572513580322266
2005-09-02,53.02003860473633,83.1622085571289,48.61334991455078
2005-09-06,52.91667175292969,84.1348648071289,48.271095275878906
2005-09-07,52.82883071899414,84.2777099609375,47.81642532348633
2005-09-08,52.82363510131836,83.99884796142578,47.86753845214844
2005-09-09,52.80818176269531,84.74699401855469,48.020748138427734
2005-09-12,52.735801696777344,84.57699584960938,47.68871307373047
2005-09-13,52.86502456665039,84.10770416259766,47.93904495239258
2005-09-14,52.80818176269531,83.80159759521484,47.7551155090332
2005-09-15,52.6789436340332,83.76080322265625,47.36175537109375
2005-09-16,52.560096740722656,84.35640716552734,47.05011749267578
2005-09-19,52.60662078857422,84.07634735107422,47.15229034423828
2005-09-20,52.57044219970703,83.36599731445312,47.27494430541992
2005-09-21,52.68929672241211,82.58731842041016,47.714290618896484
2005-09-22,52.735801696777344,82.88106536865234,47.66828536987305
2005-09-23,52.64280700683594,82.9493179321289,47.310691833496094
2005-09-26,52.513587951660156,83.04496765136719,47.09614181518555
2005-09-27,52.47740936279297,83.02445220947266,47.16252899169922
2005-09-28,52.622108459472656,83.10641479492188,47.479244232177734
2005-09-29,52.5032958984375,83.78265380859375,47.264713287353516
2005-09-30,52.47740936279297,84.04219055175781,47.10120391845703
2005-10-03,52.299556732177734,83.74165344238281,46.73298645019531
2005-10-04,52.372196197509766,82.79902648925781,46.886837005615234
2005-10-05,52.45512008666992,81.71302032470703,47.091983795166016
2005-10-06,52.41884994506836,81.41930389404297,46.912471771240234
2005-10-07,52.36699676513672,81.69937896728516,47.10224151611328
2005-10-10,52.43438720703125,81.00947570800781,47.07148361206055
2005-10-11,52.27887725830078,80.8933334350586,46.974029541015625
2005-10-12,52.25814437866211,80.25811767578125,46.51755905151367
2005-10-13,52.12329864501953,80.21031188964844,46.34834671020508
2005-10-14,52.10775375366211,81.0572509765625,46.276554107666016
2005-10-17,52.19069290161133,81.35782623291016,46.26628112792969
2005-10-18,52.16999816894531,80.47669982910156,46.3175048828125
2005-10-19,52.26332092285156,81.81546020507812,46.33803176879883
2005-10-20,52.273651123046875,80.37423706054688,46.461143493652344
2005-10-21,52.39809799194336,80.68844604492188,46.89197540283203
2005-10-24,52.28923797607422,81.93841552734375,46.52784729003906
2005-10-25,52.1336784362793,81.77447509765625,46.12779998779297
2005-10-26,51.92624282836914,81.53543853759766,45.7892951965332
2005-10-27,52.04551696777344,80.66796875,45.953399658203125
2005-10-28,51.96258544921875,81.82914733886719,45.95852279663086
2005-10-31,51.95735168457031,82.05455017089844,46.04570007324219
2005-11-01,51.975093841552734,82.30044555664062,45.9926643371582
2005-11-02,51.928226470947266,83.1610336303711,45.77629470825195
2005-11-03,51.75131607055664,83.5162124633789,45.467220306396484
2005-11-04,51.80337142944336,83.40694427490234,45.395084381103516
2005-11-07,51.80854797363281,83.48889923095703,45.54966735839844
2005-11-08,51.98545837402344,83.48889923095703,45.9926643371582
2005-11-09,51.85015869140625,83.59825897216797,45.51875305175781
2005-11-10,52.03232955932617,84.24712371826172,46.075111389160156
2005-11-11,52.0843391418457,84.53400421142578,46.10087203979492
2005-11-14,51.90742874145508,84.48617553710938,45.755760192871094
2005-11-15,51.98027420043945,84.17877960205078,46.054508209228516
2005-11-16,52.10000991821289,84.3495864868164,46.53871154785156
2005-11-17,52.115543365478516,85.13506317138672,46.652042388916016
2005-11-18,52.09475326538086,85.46976470947266,46.43569564819336
2005-11-21,52.26130676269531,85.90008544921875,46.57480239868164
2005-11-22,52.39658737182617,86.26891326904297,46.636592864990234
2005-11-23,52.360164642333984,86.76753234863281,46.456295013427734
2005-11-25,52.40699005126953,86.83586120605469,46.626312255859375
2005-11-28,52.33413314819336,86.22113037109375,46.858131408691406
2005-11-29,52.26130676269531,86.12552642822266,46.41508865356445
2005-11-30,52.152034759521484,85.66102600097656,46.36357116699219
2005-12-01,52.07830810546875,86.53532409667969,46.29112243652344
2005-12-02,52.07830810546875,86.64459991455078,46.306671142578125
2005-12-05,52.10447692871094,86.46018981933594,46.099708557128906
2005-12-06,52.19327926635742,86.62415313720703,46.57054901123047
2005-12-07,52.12538528442383,86.11869049072266,46.39460754394531
2005-12-08,52.39177703857422,86.06398010253906,46.6947021484375
2005-12-09,52.214141845703125,86.28942108154297,46.32734298706055
2005-12-12,52.10447692871094,86.37142181396484,46.239418029785156
2005-12-13,52.30294418334961,86.95881652832031,46.4101448059082
2005-12-14,52.443992614746094,87.30033111572266,46.88616180419922
2005-12-15,52.39177703857422,87.04761505126953,46.77230453491211
2005-12-16,52.386558532714844,86.76741790771484,46.92750930786133
2005-12-19,52.42835235595703,86.32111358642578,46.97412872314453
2005-12-20,52.443992614746094,86.40353393554688,46.91721725463867
2005-12-21,52.443992614746094,86.54083251953125,46.834407806396484
2005-12-22,52.5589485168457,86.99403381347656,47.20694351196289
2005-12-23,52.694732666015625,87.04212188720703,47.49667739868164
2005-12-27,52.83057403564453,86.1563491821289,47.88471603393555
2005-12-28,52.64384460449219,86.34857177734375,47.751182556152344
2005-12-29,52.68058776855469,85.96405029296875,47.85507583618164
2005-12-30,52.74348068237305,85.4970932006836,47.74596405029297
2006-01-03,52.76971435546875,87.00092315673828,47.683658599853516
2006-01-04,52.89554977416992,87.41292572021484,47.79792022705078
2006-01-05,52.89554977416992,87.46784973144531,47.740814208984375
2006-01-06,52.774967193603516,88.19573211669922,47.65247344970703
2006-01-09,52.832637786865234,88.42229461669922,47.683658599853516
2006-01-10,52.72774887084961,88.5115737915039,47.29918670654297
2006-01-11,52.69106674194336,88.79312896728516,47.22124481201172
2006-01-12,52.827396392822266,88.44288635253906,47.53818130493164
2006-01-13,52.97418212890625,88.36050415039062,47.81351852416992
2006-01-17,53.00040817260742,88.12017822265625,48.026527404785156
2006-01-18,53.06333923339844,87.77000427246094,48.01096725463867
2006-01-19,52.98469924926758,88.10647583007812,47.87065505981445
2006-01-20,53.010929107666016,86.4996337890625,47.99539566040039
2006-01-23,53.010929107666016,86.80867004394531,47.97981643676758
2006-01-24,52.92178726196289,86.89790344238281,47.74596405029297
2006-01-25,52.790679931640625,86.97345733642578,47.226444244384766
2006-01-26,52.628150939941406,87.45413970947266,47.02381134033203
2006-01-27,52.696327209472656,88.26435852050781,47.02381134033203
2006-01-30,52.70158004760742,88.19573211669922,46.97710037231445
2006-01-31,52.7120246887207,87.5502700805664,47.10697555541992
2006-02-01,52.56521987915039,88.16139221191406,46.9458122253418
2006-02-02,52.60203170776367,87.13825225830078,47.034488677978516
2006-02-03,52.749420166015625,86.70563507080078,47.3681755065918
2006-02-06,52.7388801574707,86.9322509765625,47.462039947509766
2006-02-07,52.702030181884766,86.16317749023438,47.23785400390625
2006-02-08,52.67570114135742,86.94600677490234,47.12833786010742
2006-02-09,52.70726776123047,86.80179595947266,47.34211730957031
2006-02-10,52.59675598144531,86.959716796875,47.081417083740234
2006-02-13,52.63359451293945,86.80179595947266,47.08660888671875
2006-02-14,52.5494384765625,87.72188568115234,46.919776916503906
2006-02-15,52.607276916503906,88.03093719482422,47.034488677978516
2006-02-16,52.55473327636719,88.69013977050781,47.0449104309082
2006-02-17,52.77043914794922,88.4498062133789,47.42033004760742
2006-02-21,52.575714111328125,88.23004150390625,47.34211730957031
2006-02-22,52.78624725341797,88.76567077636719,47.66537094116211
2006-02-23,52.75468063354492,88.63516998291016,47.545433044433594
2006-02-24,52.79677200317383,88.86181640625,47.4724235534668
2006-02-27,52.68626022338867,88.89617156982422,47.39424133300781
2006-02-28,52.79677200317383,88.05149841308594,47.628849029541016
2006-03-01,52.79832077026367,88.83431243896484,47.34107971191406
2006-03-02,52.66625213623047,88.82745361328125,47.01145935058594
2006-03-03,52.560630798339844,88.41546630859375,46.739376068115234
2006-03-06,52.270111083984375,88.01029205322266,46.33131790161133
2006-03-07,52.40217590332031,87.87299346923828,46.36267852783203
2006-03-08,52.42854690551758,88.05839538574219,46.34696578979492
2006-03-09,52.35991287231445,87.46784973144531,46.36267852783203
2006-03-10,52.38106155395508,88.2987289428711,46.18998718261719
2006-03-13,52.47612380981445,88.46353149414062,46.15335464477539
2006-03-14,52.65044403076172,89.3905029296875,46.46209716796875
2006-03-15,52.5078125,89.78877258300781,46.210933685302734
2006-03-16,52.72970199584961,89.97418975830078,46.62953186035156
2006-03-17,52.61344528198242,90.04932403564453,46.48822784423828
2006-03-20,52.59230041503906,89.90454864501953,46.561519622802734
2006-03-21,52.455020904541016,89.3392562866211,46.32081985473633
2006-03-22,52.55005645751953,89.88387298583984,46.420230865478516
2006-03-23,52.5078125,89.6977767944336,46.273765563964844
2006-03-24,52.59761428833008,89.76667785644531,46.61379623413086
2006-03-27,52.63986587524414,89.63569641113281,46.44116973876953
2006-03-28,52.5078125,89.08417510986328,46.006874084472656
2006-03-29,52.40217590332031,89.642578125,45.7871208190918
2006-03-30,52.16450500488281,89.48405456542969,45.467952728271484
2006-03-31,52.33877182006836,89.50472259521484,45.452266693115234
2006-04-03,52.28734588623047,89.4357681274414,45.46698760986328
2006-04-04,52.356239318847656,90.00794219970703,45.4196891784668
2006-04-05,52.3934211730957,90.31820678710938,45.48275375366211
2006-04-06,52.350948333740234,90.2216796875,45.136070251464844
2006-04-07,52.175994873046875,89.3048095703125,44.6949348449707
2006-04-10,52.12824249267578,89.44268035888672,44.77894973754883
2006-04-11,52.23430633544922,88.6843032836914,44.93655014038086
2006-04-12,52.186580657958984,88.84976959228516,44.66341018676758
2006-04-13,52.080535888671875,88.73261260986328,44.34828567504883
2006-04-17,52.16536331176758,88.6981430053711,44.51112747192383
2006-04-18,52.12824249267578,90.10449981689453,44.58988952636719
2006-04-19,52.175994873046875,90.27684020996094,44.31676483154297
2006-04-20,52.096458435058594,90.40094757080078,44.28002166748047
2006-04-21,52.09111022949219,90.41472625732422,44.537330627441406
2006-04-24,52.28734588623047,90.24928283691406,44.7159423828125
2006-04-25,52.11231994628906,89.87698364257812,44.18547821044922
2006-04-26,52.02219772338867,89.89764404296875,44.111934661865234
2006-04-27,52.144142150878906,90.33197784423828,44.16972732543945
2006-04-28,52.260868072509766,90.63529968261719,44.201229095458984
2006-05-01,52.055877685546875,89.89764404296875,43.86902618408203
2006-05-02,52.109134674072266,90.57328796386719,43.98503112792969
2006-05-03,52.07184982299805,90.2354736328125,43.89014434814453
2006-05-04,52.045166015625,90.55949401855469,43.8162841796875
2006-05-05,52.14103317260742,91.35920715332031,44.07993698120117
2006-05-08,52.17828369140625,91.24890899658203,44.1063117980957
2006-05-09,52.15166091918945,91.42813110351562,44.07993698120117
2006-05-10,52.093143463134766,91.37989807128906,44.159034729003906
2006-05-11,52.06117248535156,90.27684020996094,43.94287872314453
2006-05-12,51.94940948486328,89.09796142578125,43.579010009765625
2006-05-15,51.98133087158203,89.27721405029297,43.75307846069336
2006-05-16,52.236873626708984,89.14623260498047,44.07993698120117
2006-05-17,52.08778381347656,87.4502944946289,43.80579376220703
2006-05-18,52.30605697631836,87.00907897949219,44.40156936645508
2006-05-19,52.29542922973633,87.62267303466797,44.51760482788086
2006-05-22,52.30605697631836,86.95392608642578,44.61250686645508
2006-05-23,52.1623420715332,86.29212951660156,44.58613586425781
2006-05-24,52.17300033569336,86.98152160644531,44.60721969604492
2006-05-25,52.16767883300781,88.05697631835938,44.43324661254883
2006-05-26,52.39121627807617,88.50508117675781,44.40156936645508
2006-05-30,52.274139404296875,86.93324279785156,44.38050079345703
2006-05-31,52.15699768066406,87.90531158447266,44.11688232421875
2006-06-01,52.11587905883789,88.74635314941406,44.3138313293457
2006-06-02,52.51664352416992,88.93251037597656,44.88552474975586
2006-06-05,52.345645904541016,87.63642883300781,44.8272819519043
2006-06-06,52.484596252441406,87.42274475097656,45.03902053833008
2006-06-07,52.318939208984375,86.7677993774414,45.04960250854492
2006-06-08,52.49530029296875,86.69197082519531,45.139583587646484
2006-06-09,52.57011795043945,86.41619873046875,45.37782669067383
2006-06-12,52.4097900390625,85.47859954833984,45.414894104003906
2006-06-13,52.55944061279297,84.48588562011719,45.446659088134766
2006-06-14,52.361717224121094,85.14081573486328,44.99137496948242
2006-06-15,52.27621841430664,86.94705200195312,44.73201370239258
2006-06-16,52.244140625,86.31346130371094,44.63142013549805
2006-06-19,52.10516357421875,85.63485717773438,44.567901611328125
2006-06-20,52.13726043701172,85.9256820678711,44.493797302246094
2006-06-21,52.15323257446289,86.56275177001953,44.504390716552734
2006-06-22,51.9288215637207,86.18193054199219,44.25027847290039
2006-06-23,51.955589294433594,86.1679916381836,44.160255432128906
2006-06-26,51.80591583251953,86.54888916015625,44.07560348510742
2006-06-27,51.9502067565918,85.80105590820312,44.29264831542969
2006-06-28,51.896751403808594,86.38269805908203,44.05968475341797
2006-06-29,52.07844161987305,88.12765502929688,44.20793151855469
2006-06-30,52.073097229003906,88.13458251953125,44.63668441772461
2006-07-03,52.15254211425781,88.49466705322266,44.59261703491211
2006-07-05,51.996925354003906,87.98916625976562,44.23655319213867
2006-07-06,52.04521179199219,88.24537658691406,44.507568359375
2006-07-07,52.23838424682617,87.67063903808594,44.79457092285156
2006-07-10,52.28664779663086,87.83683013916016,44.837059020996094
2006-07-11,52.3725471496582,88.22460174560547,44.980552673339844
2006-07-12,52.40469741821289,87.28286743164062,44.991153717041016
2006-07-13,52.44761276245117,85.86333465576172,45.16653823852539
2006-07-14,52.51737594604492,85.53101348876953,45.19313049316406
2006-07-17,52.40469741821289,85.40632629394531,45.262210845947266
2006-07-18,52.36713409423828,85.84256744384766,44.87424087524414
2006-07-19,52.571048736572266,87.03359985351562,45.29941177368164
2006-07-20,52.62470245361328,86.43806457519531,45.43224334716797
2006-07-21,52.592491149902344,85.82875061035156,45.34721755981445
2006-07-24,52.67295837402344,87.3936538696289,45.32069396972656
2006-07-25,52.63003921508789,87.70526123046875,45.18779373168945
2006-07-26,52.66220474243164,87.82298278808594,45.35255813598633
2006-07-27,52.74809646606445,87.73987579345703,45.283470153808594
2006-07-28,52.860782623291016,88.61933135986328,45.54385757446289
2006-07-31,52.7963752746582,88.52930450439453,45.60232162475586
2006-08-01,52.925167083740234,88.09302520751953,45.59805679321289
2006-08-02,52.94669723510742,88.68852996826172,45.76878356933594
2006-08-03,52.95747756958008,88.92395782470703,45.779415130615234
2006-08-04,53.1245231628418,88.7716293334961,46.05690002441406
2006-08-07,53.129905700683594,88.56390380859375,46.083614349365234
2006-08-08,53.129905700683594,88.22460174560547,45.9821891784668
2006-08-09,53.17295837402344,87.92684936523438,45.832828521728516
2006-08-10,53.146080017089844,88.1968994140625,45.76346206665039
2006-08-11,53.054439544677734,87.94761657714844,45.56604766845703
2006-08-14,52.99517822265625,88.01688385009766,45.4859733581543
2006-08-15,53.1245231628418,89.06939697265625,45.870174407958984
2006-08-16,53.302330017089844,89.8103256225586,46.17964553833008
2006-08-17,53.30769729614258,90.03880310058594,46.16361999511719
2006-08-18,53.345428466796875,90.49581909179688,46.2970085144043
2006-08-21,53.474674224853516,90.10803985595703,46.4623908996582
2006-08-22,53.485469818115234,90.10112762451172,46.478431701660156
2006-08-23,53.463932037353516,89.85185241699219,46.499755859375
2006-08-24,53.45852279663086,89.77569580078125,46.58515167236328
2006-08-25,53.512420654296875,89.88648986816406,46.65448760986328
2006-08-28,53.463932037353516,90.31578826904297,46.697181701660156
2006-08-29,53.485469818115234,90.41966247558594,46.76120376586914
2006-08-30,53.566314697265625,90.47503662109375,46.883907318115234
2006-08-31,53.63633346557617,90.46119689941406,46.99599838256836
2006-09-01,53.643348693847656,91.00135040283203,47.01204299926758
2006-09-05,53.578495025634766,91.17440795898438,46.717437744140625
2006-09-06,53.58927917480469,90.37116241455078,46.653114318847656
2006-09-07,53.57307434082031,89.95574188232422,46.74420166015625
2006-09-08,53.643348693847656,90.2118911743164,46.78171920776367
2006-09-11,53.60556411743164,90.30193328857422,46.73884963989258
2006-09-12,53.735321044921875,91.1882553100586,46.97452163696289
2006-09-13,53.77861404418945,91.55528259277344,46.995967864990234
2006-09-14,53.70289993286133,91.56218719482422,46.88885498046875
2006-09-15,53.686607360839844,91.77710723876953,46.85136413574219
2006-09-18,53.67583465576172,91.90225982666016,46.77634811401367
2006-09-19,53.80021667480469,91.67277526855469,47.30131912231445
2006-09-20,53.859764099121094,92.15961456298828,47.3709716796875
2006-09-21,54.09233474731445,91.71448516845703,47.804908752441406
2006-09-22,54.124847412109375,91.436279296875,48.04057312011719
2006-09-25,54.23300552368164,92.13872528076172,48.37805938720703
2006-09-26,54.22755432128906,92.90382385253906,48.174503326416016
2006-09-27,54.20594024658203,93.01506042480469,48.03523254394531
2006-09-28,54.22218322753906,92.9803466796875,47.95484161376953
2006-09-29,54.17887878417969,92.90382385253906,47.89598846435547
2006-10-02,54.229915618896484,92.55603790283203,48.02717971801758
2006-10-03,54.21910095214844,92.75079345703125,47.962608337402344
2006-10-04,54.43092346191406,93.83575439453125,48.312217712402344
2006-10-05,54.262535095214844,94.0166015625,47.97335433959961
2006-10-06,54.06156539916992,93.89830017089844,47.47320556640625
2006-10-09,54.175655364990234,93.95401000976562,47.60228729248047
2006-10-10,53.963768005371094,94.07916259765625,47.22580337524414
2006-10-11,53.904022216796875,93.96791076660156,47.085975646972656
2006-10-12,53.95838165283203,94.78162384033203,47.11288833618164
2006-10-13,53.82255935668945,95.02505493164062,46.87624740600586
2006-10-16,53.90950012207031,95.17109680175781,47.085975646972656
2006-10-17,53.990943908691406,94.87203979492188,47.123634338378906
2006-10-18,54.05609130859375,94.9972152709961,47.2204475402832
2006-10-19,54.02900314331055,95.15023040771484,47.13438034057617
2006-10-20,54.0127067565918,95.17109680175781,47.085975646972656
2006-10-23,53.85514450073242,95.6092300415039,46.897762298583984
2006-10-24,53.914939880371094,95.89441680908203,46.897762298583984
2006-10-25,54.0452995300293,96.22129821777344,47.26885223388672
2006-10-26,54.229915618896484,96.5203628540039,47.575439453125
2006-10-27,54.33860397338867,95.91526794433594,47.795894622802734
2006-10-30,54.34943389892578,95.84571075439453,47.93035888671875
2006-10-31,54.55039978027344,95.83181762695312,48.301475524902344
2006-11-01,54.6442756652832,95.18500518798828,48.568702697753906
2006-11-02,54.58423614501953,95.1293716430664,48.36894989013672
2006-11-03,54.30060958862305,94.96243286132812,47.79667663574219
2006-11-06,54.30060958862305,96.03350830078125,47.937042236328125
2006-11-07,54.4370002746582,96.4021224975586,48.158390045166016
2006-11-08,54.58423614501953,96.61075592041016,48.33115768432617
2006-11-09,54.60060501098633,96.10306549072266,48.30416488647461
2006-11-10,54.72062683105469,96.14483642578125,48.51469802856445
2006-11-13,54.65513610839844,96.38125610351562,48.503883361816406
2006-11-14,54.73150634765625,97.10459899902344,48.69287872314453
2006-11-15,54.62788391113281,97.38275146484375,48.5092887878418
2006-11-16,54.57874298095703,97.63314819335938,48.287960052490234
2006-11-17,54.72062683105469,97.66096496582031,48.56332778930664
2006-11-20,54.75878143310547,97.71656036376953,48.638912200927734
2006-11-21,54.82971954345703,97.8139419555664,48.75764846801758
2006-11-22,54.90605163574219,98.00868225097656,48.83865737915039
2006-11-24,54.922420501708984,97.61227416992188,48.92502975463867
2006-11-27,54.8951416015625,96.26997375488281,49.103214263916016
2006-11-28,55.042396545410156,96.68732452392578,49.205772399902344
2006-11-29,54.960609436035156,97.69577026367188,49.0924072265625
2006-11-30,55.12969970703125,97.73748016357422,49.416358947753906
2006-12-01,55.2326774597168,97.5218734741211,49.542049407958984
2006-12-04,55.28739547729492,98.26602935791016,49.62874221801758
2006-12-05,55.25456237792969,98.69029998779297,49.3957633972168
2006-12-06,55.21074676513672,98.60685729980469,49.29819869995117
2006-12-07,55.161468505859375,98.1756362915039,49.260276794433594
2006-12-08,55.04644775390625,98.35645294189453,48.90259552001953
2006-12-11,55.03553009033203,98.64163970947266,49.113948822021484
2006-12-12,55.188865661621094,98.56509399414062,49.21691131591797
2006-12-13,55.01908874511719,98.66938781738281,48.7779655456543
2006-12-14,54.94242477416992,99.53876495361328,48.59912872314453
2006-12-15,54.93143081665039,99.54785919189453,48.62619400024414
2006-12-18,54.96435546875,99.275146484375,48.642486572265625
2006-12-19,55.00267028808594,99.46395111083984,48.577457427978516
2006-12-20,54.98079299926758,99.40800476074219,48.572044372558594
2006-12-21,55.09027099609375,99.0443344116211,48.81587600708008
2006-12-22,55.041015625,98.43588256835938,48.441959381103516
2006-12-26,55.02459716796875,99.0163803100586,48.588294982910156
2006-12-27,54.875579833984375,99.66677856445312,48.23104476928711
2006-12-28,54.80414581298828,99.4569320678711,48.12224578857422
2006-12-29,54.7986946105957,99.0443344116211,48.08424758911133
2007-01-03,54.914093017578125,98.8694839477539,48.426780700683594
2007-01-04,55.029457092285156,99.07930755615234,48.72041702270508
2007-01-05,54.99100875854492,98.2890396118164,48.50835037231445
2007-01-08,55.024017333984375,98.74363708496094,48.59535598754883
2007-01-09,55.024017333984375,98.65968322753906,48.59535598754883
2007-01-10,54.96353530883789,98.9884033203125,48.377830505371094
2007-01-11,54.859134674072266,99.42202758789062,48.095096588134766
2007-01-12,54.78215408325195,100.17729949951172,47.87216567993164
2007-01-16,54.85361862182617,99.98149871826172,47.975460052490234
2007-01-17,54.82069396972656,100.02346801757812,47.82865524291992
2007-01-18,54.897579193115234,99.68771362304688,47.975460052490234
2007-01-19,54.875579833984375,99.88355255126953,47.844947814941406
2007-01-22,54.903106689453125,99.57591247558594,47.95915222167969
2007-01-23,54.7986946105957,99.86956787109375,47.643775939941406
2007-01-24,54.78215408325195,100.6738510131836,47.63832092285156
2007-01-25,54.710731506347656,99.49193572998047,47.295772552490234
2007-01-26,54.70524978637695,99.40100860595703,47.25769805908203
2007-01-29,54.6337776184082,99.34506225585938,47.15440368652344
2007-01-30,54.71621322631836,99.86259460449219,47.20878219604492
2007-01-31,54.760189056396484,100.53402709960938,47.60572814941406
2007-02-01,54.78944778442383,101.13548278808594,47.548404693603516
2007-02-02,54.86671829223633,101.27530670166016,47.60845947265625
2007-02-05,54.95500183105469,101.3033218383789,47.67396545410156
2007-02-06,55.05984115600586,101.33126068115234,47.93606185913086
2007-02-07,55.12604522705078,101.55509185791016,48.077980041503906
2007-02-08,55.15918731689453,101.42215728759766,48.116188049316406
2007-02-09,55.03221130371094,100.66683959960938,47.84320068359375
2007-02-12,54.97704315185547,100.32420349121094,47.7340202331543
2007-02-13,54.971534729003906,101.1703872680664,47.630279541015625
2007-02-14,55.18124771118164,101.8348159790039,48.08344650268555
2007-02-15,55.25846481323242,101.96769714355469,48.22542190551758
2007-02-16,55.29709243774414,101.91873168945312,48.394649505615234
2007-02-20,55.32470703125,102.13554382324219,48.503822326660156
2007-02-21,55.31916809082031,102.09354400634766,48.421939849853516
2007-02-22,55.20878982543945,102.01664733886719,48.15987014770508
2007-02-23,55.3412971496582,101.61801147460938,48.503822326660156
2007-02-26,55.462642669677734,101.52710723876953,48.825958251953125
2007-02-27,55.688865661621094,97.56166076660156,49.44285583496094
2007-02-28,55.650299072265625,98.56175994873047,49.21910095214844
2007-03-01,55.64142608642578,98.26800537109375,49.18778610229492
2007-03-02,55.75769805908203,96.9811782836914,49.434444427490234
2007-03-05,55.7244987487793,96.05805969238281,49.516658782958984
2007-03-06,55.68571472167969,97.70155334472656,49.36867141723633
2007-03-07,55.73005294799805,97.60364532470703,49.56052017211914
2007-03-08,55.68017578125,98.42887878417969,49.516658782958984
2007-03-09,55.52507400512695,98.45686340332031,48.996002197265625
2007-03-12,55.696815490722656,98.60375213623047,49.18778610229492
2007-03-13,55.840816497802734,96.68748474121094,49.483734130859375
2007-03-14,55.77433776855469,97.40785217285156,49.25907897949219
2007-03-15,55.71342849731445,97.54071044921875,49.25360107421875
2007-03-16,55.71895980834961,97.2675552368164,49.242584228515625
2007-03-19,55.68017578125,98.44013214111328,49.13849639892578
2007-03-20,55.7355842590332,98.98076629638672,49.165889739990234
2007-03-21,55.807586669921875,100.6097640991211,49.18778610229492
2007-03-22,55.70232009887695,100.53254699707031,48.79869842529297
2007-03-23,55.62479782104492,100.6799545288086,48.66166687011719
2007-03-26,55.59156036376953,100.54656219482422,48.721961975097656
2007-03-27,55.602657318115234,100.30780792236328,48.63978958129883
2007-03-28,55.63032913208008,99.57759857177734,48.54112243652344
2007-03-29,55.54170608520508,99.68292999267578,48.47530746459961
2007-03-30,55.54170608520508,99.70397186279297,48.382179260253906
2007-04-02,55.61343765258789,99.81636047363281,48.46250915527344
2007-04-03,55.55780029296875,100.89059448242188,48.40198516845703
2007-04-04,55.61894989013672,101.00298309326172,48.45149230957031
2007-04-05,55.56892776489258,101.27681732177734,48.26995086669922
2007-04-09,55.35759735107422,101.41724395751953,47.950889587402344
2007-04-10,55.44102096557617,101.53660583496094,48.093929290771484
2007-04-11,55.40764236450195,101.12227630615234,48.06092071533203
2007-04-12,55.47441864013672,101.5716552734375,48.07194519042969
2007-04-13,55.38543701171875,102.03514099121094,47.92338943481445
2007-04-16,55.49663543701172,103.0040283203125,48.18745803833008
2007-04-17,55.65789794921875,103.2778549194336,48.45695877075195
2007-04-18,55.741329193115234,103.40428924560547,48.698978424072266
2007-04-19,55.71906661987305,103.37615966796875,48.616512298583984
2007-04-20,55.6912727355957,104.35211944580078,48.48998260498047
2007-04-23,55.74690628051758,103.9589614868164,48.66603088378906
2007-04-24,55.774757385253906,104.00106811523438,48.8475227355957
2007-04-25,55.79690933227539,104.95602416992188,48.67705154418945
2007-04-26,55.6912727355957,105.07539367675781,48.32499313354492
2007-04-27,55.680137634277344,104.99109649658203,48.31393814086914
2007-04-30,55.86924362182617,104.12042999267578,48.820068359375
2007-05-01,55.836849212646484,104.38726806640625,48.85540771484375
2007-05-02,55.85362243652344,104.99812316894531,48.82781219482422
2007-05-03,55.79222869873047,105.56688690185547,48.71737289428711
2007-05-04,55.86476135253906,105.96709442138672,48.91613006591797
2007-05-07,55.920616149902344,105.98812866210938,49.048580169677734
2007-05-08,55.85919189453125,105.84772491455078,48.93819808959961
2007-05-09,55.79222869873047,106.13560485839844,48.744972229003906
2007-05-10,55.88711929321289,105.0262451171875,48.86086654663086
2007-05-11,55.77543640136719,105.9249496459961,48.68974304199219
2007-05-14,55.786590576171875,105.6932601928711,48.56277084350586
2007-05-15,55.7642822265625,105.72138214111328,48.54617691040039
2007-05-16,55.77543640136719,106.44456481933594,48.51304244995117
2007-05-17,55.68055725097656,106.23389434814453,48.31430435180664
2007-05-18,55.51865768432617,107.16072082519531,47.9941291809082
2007-05-21,55.63032150268555,107.10456848144531,48.13762664794922
2007-05-22,55.51865768432617,107.02030944824219,47.889198303222656
2007-05-23,55.4740104675293,107.03437805175781,47.751182556152344
2007-05-24,55.49637222290039,106.06539154052734,47.795352935791016
2007-05-25,55.46839141845703,106.50770568847656,47.68492889404297
2007-05-29,55.412593841552734,106.89385986328125,47.67940902709961
2007-05-30,55.47954177856445,107.76459503173828,47.77875518798828
2007-05-31,55.35676193237305,107.65221405029297,47.690460205078125
2007-06-01,55.29957962036133,108.1858139038086,47.43992614746094
2007-06-04,55.36684036254883,108.19993591308594,47.65604782104492
2007-06-05,55.20990753173828,107.77165222167969,47.356781005859375
2007-06-06,55.2322998046875,106.61302947998047,47.33461380004883
2007-06-07,54.851016998291016,104.68919372558594,46.486549377441406
2007-06-08,54.78376388549805,106.05133819580078,46.44774627685547
2007-06-11,54.82298278808594,106.23389434814453,46.31478500366211
2007-06-12,54.49782943725586,105.07539367675781,45.64409637451172
2007-06-13,54.58190155029297,106.6481704711914,46.187294006347656
2007-06-14,54.68848419189453,107.32923126220703,46.070865631103516
2007-06-15,54.884674072265625,107.93993377685547,46.386810302734375
2007-06-18,54.92392349243164,107.81300354003906,46.2926025390625
2007-06-19,55.09775161743164,108.08097076416016,46.724937438964844
2007-06-20,54.92948913574219,106.57896423339844,46.348026275634766
2007-06-21,54.86224365234375,107.17130279541016,46.12629699707031
2007-06-22,54.99119567871094,106.16289520263672,46.425594329833984
2007-06-25,55.04163360595703,105.65514373779297,46.68056106567383
2007-06-26,54.97439193725586,104.56918334960938,46.69163131713867
2007-06-27,55.080989837646484,106.05714416503906,46.73602294921875
2007-06-28,55.04163360595703,106.04302978515625,46.724937438964844
2007-06-29,55.14820098876953,106.07829284667969,47.20712661743164
2007-07-02,55.295166015625,107.03726196289062,47.455265045166016
2007-07-03,55.23324203491211,107.42516326904297,47.16595458984375
2007-07-05,55.002342224121094,107.31233978271484,46.63739776611328
2007-07-06,54.906646728515625,107.8764877319336,46.44816970825195
2007-07-09,55.002342224121094,107.96110534667969,46.6151123046875
2007-07-10,55.2388801574707,106.42381286621094,47.40518569946289
2007-07-11,55.114952087402344,107.1783447265625,46.91560745239258
2007-07-12,55.05862045288086,108.87075805664062,46.75422668457031
2007-07-13,55.12624740600586,109.19515228271484,46.88217544555664
2007-07-16,55.2388801574707,109.18096923828125,47.33290481567383
2007-07-17,55.13750076293945,109.12459564208984,47.23270797729492
2007-07-18,55.278255462646484,108.92723846435547,47.41074752807617
2007-07-19,55.278255462646484,109.35025787353516,47.399627685546875
2007-07-20,55.40778732299805,108.2431411743164,47.828067779541016
2007-07-23,55.37400817871094,108.57455444335938,47.75017166137695
2007-07-24,55.486595153808594,106.6917495727539,47.92823028564453
2007-07-25,55.45281982421875,106.91038513183594,48.02280807495117
2007-07-26,55.64986038208008,104.37882995605469,48.42341232299805
2007-07-27,55.59357452392578,102.32679748535156,48.56249237060547
2007-07-30,55.565452575683594,103.9275131225586,48.42341232299805
2007-07-31,55.739967346191406,102.75692749023438,48.77392578125
2007-08-01,55.61049270629883,103.25756072998047,48.668365478515625
2007-08-02,55.58218002319336,104.08265686035156,48.79127502441406
2007-08-03,55.825443267822266,101.40301513671875,49.11522674560547
2007-08-06,55.734954833984375,103.10245513916016,48.757747650146484
2007-08-07,55.695335388183594,104.2025375366211,48.71863555908203
2007-08-08,55.627471923828125,105.65514373779297,48.12653732299805
2007-08-09,55.695335388183594,102.52421569824219,48.19356155395508
2007-08-10,55.50871658325195,102.04473114013672,48.081871032714844
2007-08-13,55.61049270629883,102.41138458251953,48.22153854370117
2007-08-14,55.76319885253906,100.84590148925781,48.34996795654297
2007-08-15,55.83669662475586,99.45674133300781,48.17681121826172
2007-08-16,55.80278396606445,100.2042236328125,48.673946380615234
2007-08-17,55.92720031738281,102.04473114013672,48.47843551635742
2007-08-20,55.87630081176758,101.99537658691406,48.50636291503906
2007-08-21,56.136451721191406,102.19986724853516,48.74100875854492
2007-08-22,56.091243743896484,103.4127197265625,48.662750244140625
2007-08-23,56.15907287597656,103.32108306884766,48.830326080322266
2007-08-24,56.01770782470703,104.59742736816406,49.070556640625
2007-08-27,56.1873664855957,103.624267578125,49.327484130859375
2007-08-28,56.413551330566406,101.34659576416016,49.41127395629883
2007-08-29,56.30048370361328,103.33515930175781,49.27721405029297
2007-08-30,56.41923522949219,103.06016540527344,49.60679244995117
2007-08-31,56.45317459106445,104.07561492919922,49.64585876464844
2007-09-04,56.39010238647461,105.12631225585938,49.6694450378418
2007-09-05,56.57185745239258,104.21662139892578,50.06766891479492
2007-09-06,56.56048583984375,104.4564208984375,49.93864440917969
2007-09-07,56.91267776489258,103.00372314453125,50.64536666870117
2007-09-10,57.04900360107422,102.80625915527344,51.037906646728516
2007-09-11,56.94673156738281,104.00509643554688,50.99867248535156
2007-09-12,56.86722946166992,104.27305603027344,50.80796813964844
2007-09-13,56.70249938964844,105.0064697265625,50.35365676879883
2007-09-14,56.74230194091797,104.99934387207031,50.42658996582031
2007-09-17,56.76496887207031,104.43523406982422,50.66773223876953
2007-09-18,56.884281158447266,107.50978088378906,50.28636932373047
2007-09-19,56.872901916503906,108.14442443847656,49.82087707519531
2007-09-20,56.46963882446289,107.38282775878906,48.87862014770508
2007-09-21,56.63432312011719,107.67264556884766,49.293636322021484
2007-09-24,56.64005661010742,107.47420501708984,49.4338493347168
2007-09-25,56.68547821044922,107.2616958618164,49.25998306274414
2007-09-26,56.628662109375,107.82850646972656,49.30486297607422
2007-09-27,56.72520065307617,108.46614074707031,49.6469841003418
2007-09-28,56.8104248046875,108.10482025146484,49.75913619995117
2007-10-01,56.618797302246094,109.32344055175781,50.04349136352539
2007-10-02,56.83550262451172,109.17465209960938,50.201133728027344
2007-10-03,56.86403274536133,108.95500183105469,50.054786682128906
2007-10-04,56.84120559692383,109.12506866455078,50.2462158203125
2007-10-05,56.39067077636719,110.42166137695312,49.705665588378906
2007-10-08,56.83550262451172,109.83362579345703,49.66628646850586
2007-10-09,56.71579360961914,110.86801147460938,49.60434341430664
2007-10-10,56.78987503051758,110.68376922607422,49.63249206542969
2007-10-11,56.8298454284668,110.15242004394531,49.58180236816406
2007-10-12,56.72147750854492,110.76171112060547,49.339683532714844
2007-10-15,56.738616943359375,109.82652282714844,49.35096740722656
2007-10-16,56.8298454284668,108.95500183105469,49.36787033081055
2007-10-17,57.023746490478516,109.28802490234375,49.90838623046875
2007-10-18,57.18912887573242,108.89122009277344,50.184242248535156
2007-10-19,57.451507568359375,106.04300689697266,50.933109283447266
2007-10-22,57.43435287475586,106.659423828125,50.93874740600586
2007-10-23,57.417232513427734,107.52379608154297,50.87118148803711
2007-10-24,57.66823959350586,107.325439453125,51.24842071533203
2007-10-25,57.51997756958008,107.58048248291016,51.073875427246094
2007-10-26,57.468605041503906,108.84169006347656,50.95563888549805
2007-10-29,57.468605041503906,109.20304107666016,51.15274429321289
2007-10-30,57.54279327392578,108.4448471069336,51.12457275390625
2007-10-31,57.38308334350586,109.57142639160156,50.662879943847656
2007-11-01,57.524532318115234,107.00657653808594,51.32111358642578
2007-11-02,57.58753967285156,107.12704467773438,51.48516845703125
2007-11-05,57.53596496582031,106.31232452392578,51.46250534057617
2007-11-06,57.461517333984375,107.74345397949219,51.21369171142578
2007-11-07,57.47295379638672,104.79605102539062,51.30415725708008
2007-11-08,57.53022384643555,104.26470947265625,51.21369171142578
2007-11-09,57.73068618774414,102.83346557617188,51.64914321899414
2007-11-12,57.6505126953125,101.81324005126953,51.83576965332031
2007-11-13,57.65619659423828,104.91651153564453,51.64348220825195
2007-11-14,57.63335418701172,104.62602996826172,51.700016021728516
2007-11-15,57.87956237792969,103.11687469482422,52.1864013671875
2007-11-16,57.83953094482422,103.2939682006836,52.259891510009766
2007-11-19,57.965545654296875,101.85572052001953,52.59922409057617
2007-11-20,57.845245361328125,102.47924041748047,52.54264450073242
2007-11-21,58.28624725341797,100.38204193115234,52.848052978515625
2007-11-23,57.988426208496094,102.11788940429688,53.00640106201172
2007-11-26,58.51533508300781,99.86483764648438,54.052589416503906
2007-11-27,58.27478790283203,101.0125732421875,53.53797912597656
2007-11-28,58.131568908691406,104.24347686767578,53.17605972290039
2007-11-29,58.29769515991211,104.27886962890625,53.63407516479492
2007-11-30,58.41796875,105.32740783691406,53.373939514160156
2007-12-03,58.726810455322266,104.63309478759766,53.79756546020508
2007-12-04,58.502479553222656,103.69786834716797,53.791839599609375
2007-12-05,58.39322280883789,105.43376159667969,53.150264739990234
2007-12-06,58.33005142211914,106.94281768798828,52.68467330932617
2007-12-07,57.996463775634766,106.92162322998047,52.09414291381836
2007-12-10,57.88151931762695,107.75054168701172,51.781883239746094
2007-12-11,58.16325759887695,104.79605102539062,52.79823303222656
2007-12-12,58.105716705322266,105.83049011230469,52.2531852722168
2007-12-13,57.88151931762695,105.6108627319336,51.68540954589844
2007-12-14,57.72047424316406,104.27173614501953,51.446929931640625
2007-12-17,57.806705474853516,102.78390502929688,51.90681457519531
2007-12-18,58.11146926879883,103.35778045654297,52.2418212890625
2007-12-19,58.23226547241211,103.35778045654297,52.93454360961914
2007-12-20,58.18053436279297,104.00959777832031,52.820953369140625
2007-12-21,57.92747497558594,105.50899505615234,52.048763275146484
2007-12-24,57.94473648071289,106.29244232177734,51.80464172363281
2007-12-26,57.766456604003906,106.52033996582031,51.35041427612305
2007-12-27,58.08348846435547,105.18134307861328,51.91020202636719
2007-12-28,58.3952751159668,104.91775512695312,52.719661712646484
2007-12-31,58.41255569458008,104.14137268066406,53.0389289855957
2008-01-02,58.68968200683594,103.22970581054688,53.80278396606445
2008-01-03,58.84556198120117,103.1797866821289,53.72867965698242
2008-01-04,58.9668083190918,100.6512451171875,53.74007797241211
2008-01-07,59.04191207885742,100.56576538085938,53.973819732666016
2008-01-08,59.192012786865234,98.94180297851562,53.91111755371094
2008-01-09,59.05343246459961,99.98172760009766,54.01375961303711
2008-01-10,58.932167053222656,100.63697814941406,53.28406524658203
2008-01-11,59.186248779296875,99.82498931884766,53.7001953125
2008-01-14,59.232421875,100.62987518310547,53.89973068237305
2008-01-15,59.4460334777832,98.41471862792969,54.50399398803711
2008-01-16,59.26705551147461,97.56710815429688,54.11064147949219
2008-01-17,59.625003814697266,95.03852081298828,54.81182098388672
2008-01-18,59.613502502441406,94.06270599365234,54.435550689697266
2008-01-22,59.70585632324219,93.1082763671875,55.01703643798828
2008-01-23,59.526885986328125,95.34480285644531,54.891632080078125
2008-01-24,59.376739501953125,96.14972686767578,53.79142379760742
2008-01-25,59.48067855834961,94.7607421875,54.69782257080078
2008-01-28,59.59617233276367,96.32777404785156,54.49260711669922
2008-01-29,59.411434173583984,96.80496978759766,54.122032165527344
2008-01-30,59.50381851196289,96.09272003173828,53.76860427856445
2008-01-31,59.76356887817383,97.84488677978516,54.15058517456055
2008-02-01,59.7027473449707,99.41902160644531,54.47602844238281
2008-02-04,59.667945861816406,98.16541290283203,53.91545867919922
2008-02-05,59.853492736816406,95.53715515136719,54.32731628417969
2008-02-06,59.80709457397461,94.76785278320312,54.161441802978516
2008-02-07,59.279541015625,95.39466857910156,52.994441986083984
2008-02-08,59.5636100769043,94.78215789794922,53.600791931152344
2008-02-11,59.691158294677734,95.26644897460938,53.82392120361328
2008-02-12,59.667945861816406,96.14972686767578,53.5035400390625
2008-02-13,59.31434631347656,97.13260650634766,52.937225341796875
2008-02-14,59.12881851196289,96.27788543701172,52.159210205078125
2008-02-15,59.099884033203125,96.25652313232422,52.5596809387207
2008-02-19,58.81580352783203,96.52719116210938,52.027679443359375
2008-02-20,58.72305679321289,96.81210327148438,52.38808059692383
2008-02-21,59.204227447509766,96.00723266601562,52.94295883178711
2008-02-22,58.891136169433594,96.59844207763672,52.63977813720703
2008-02-25,58.68246841430664,97.81639099121094,52.10206604003906
2008-02-26,58.96650695800781,98.55003356933594,52.11924743652344
2008-02-27,59.08827590942383,98.45030975341797,52.164981842041016
2008-02-28,59.441898345947266,97.48875427246094,53.091678619384766
2008-02-29,59.667945861816406,95.31636810302734,53.90399932861328
2008-03-03,59.65810012817383,95.08842468261719,53.765052795410156
2008-03-04,59.40205001831055,94.72515106201172,53.24254608154297
2008-03-05,59.02384948730469,95.32347106933594,52.605228424072266
2008-03-06,58.936588287353516,93.35047912597656,52.8865966796875
2008-03-07,59.11696243286133,92.38890075683594,52.95548629760742
2008-03-10,59.431156158447266,91.1708984375,53.73635482788086
2008-03-11,59.070350646972656,94.44735717773438,53.27700424194336
2008-03-12,59.675537109375,93.56414794921875,54.30479049682617
2008-03-13,59.41950607299805,93.77069091796875,53.879905700683594
2008-03-14,59.66968536376953,92.3176498413086,54.545921325683594
2008-03-17,59.92568588256836,91.38456726074219,54.9650764465332
2008-03-18,59.78608703613281,95.18101501464844,54.752620697021484
2008-03-19,59.96649932861328,92.82337188720703,55.659793853759766
2008-03-20,60.175865173339844,94.54271697998047,55.797576904296875
2008-03-24,59.73366928100586,96.43241119384766,54.718162536621094
2008-03-25,59.84429168701172,96.52550506591797,54.947845458984375
2008-03-26,59.66968536376953,95.34444427490234,54.718162536621094
2008-03-27,59.692970275878906,95.04376220703125,54.33346176147461
2008-03-28,59.838443756103516,94.13467407226562,54.8617057800293
2008-03-31,59.745323181152344,94.4639892578125,55.056922912597656
2008-04-01,59.33930206298828,97.78527069091797,54.16088104248047
2008-04-02,59.36853790283203,97.84974670410156,54.276161193847656
2008-04-03,59.55546188354492,98.09307098388672,54.39725875854492
2008-04-04,59.859283447265625,97.98568725585938,54.8931770324707
2008-04-07,59.853424072265625,98.03584289550781,54.604862213134766
2008-04-08,59.84751892089844,97.93563842773438,54.41455841064453
2008-04-09,60.110504150390625,97.22696685791016,54.97969055175781
2008-04-10,59.92355728149414,97.36296081542969,54.79514694213867
2008-04-11,60.05205154418945,95.47325897216797,55.16416549682617
2008-04-14,59.98190689086914,95.1511459350586,54.84127426147461
2008-04-15,59.660640716552734,95.37303924560547,54.16088104248047
2008-04-16,59.4444694519043,97.95709228515625,53.63040542602539
2008-04-17,59.43278884887695,98.10021209716797,53.53811264038086
2008-04-18,59.590518951416016,99.12382507324219,53.49199295043945
2008-04-21,59.59634780883789,99.1739501953125,53.7053337097168
2008-04-22,59.68402862548828,98.73728942871094,53.889862060546875
2008-04-23,59.62556457519531,98.57981872558594,53.71107482910156
2008-04-24,59.403560638427734,99.00928497314453,53.25558853149414
2008-04-25,59.345176696777344,99.92554473876953,52.94422912597656
2008-04-28,59.49116897583008,99.947021484375,53.10568618774414
2008-04-29,59.578834533691406,99.55328369140625,53.30752182006836
2008-04-30,59.94100570678711,98.96634674072266,53.68803405761719
2008-05-01,59.83907699584961,101.0135269165039,53.691551208496094
2008-05-02,59.73943328857422,101.29267883300781,53.014469146728516
2008-05-05,59.76290512084961,100.80595397949219,53.014469146728516
2008-05-06,59.569427490234375,101.67921447753906,52.632545471191406
2008-05-07,59.73943328857422,99.86825561523438,52.858192443847656
2008-05-08,59.89183807373047,99.61058807373047,53.33273696899414
2008-05-09,59.915283203125,99.4244613647461,53.52949142456055
2008-05-12,59.80977249145508,100.5411376953125,53.44847106933594
2008-05-13,59.469852447509766,100.55546569824219,52.86397933959961
2008-05-14,59.55776596069336,100.76301574707031,52.88714599609375
2008-05-15,59.874263763427734,102.02281188964844,53.367462158203125
2008-05-16,59.727725982666016,102.11592102050781,53.14756774902344
2008-05-19,59.827369689941406,102.39502716064453,53.21702194213867
2008-05-20,59.95629119873047,101.56468200683594,53.494789123535156
2008-05-21,59.874263763427734,99.84681701660156,53.5063362121582
2008-05-22,59.51673889160156,99.86111450195312,52.87554168701172
2008-05-23,59.745330810546875,98.52256774902344,53.107017517089844
2008-05-27,59.41124725341797,99.2526626586914,52.74825668334961
2008-05-28,59.13579559326172,99.71077728271484,52.27952575683594
2008-05-29,58.9716796875,100.21182250976562,51.903358459472656
2008-05-30,59.18266296386719,100.46239471435547,52.24475860595703
2008-06-02,59.402687072753906,99.4244613647461,52.446327209472656
2008-06-03,59.51451110839844,98.84466552734375,52.823829650878906
2008-06-04,59.30271530151367,98.7945785522461,52.35340118408203
2008-06-05,59.084983825683594,100.7701644897461,52.0397834777832
2008-06-06,59.41447830200195,97.55622863769531,52.713497161865234
2008-06-09,59.114402770996094,97.79242706298828,52.713497161865234
2008-06-10,58.80256652832031,97.30567169189453,52.37083435058594
2008-06-11,58.879024505615234,95.87408447265625,52.24885177612305
2008-06-12,58.514312744140625,96.2391357421875,51.72609329223633
2008-06-13,58.36713790893555,97.45602416992188,51.61581039428711
2008-06-16,58.431884765625,97.51327514648438,51.627384185791016
2008-06-17,58.631919860839844,97.04088592529297,51.73196792602539
2008-06-18,58.879024505615234,96.09600830078125,52.16753387451172
2008-06-19,58.57900619506836,96.21769714355469,51.85973358154297
2008-06-20,58.75550079345703,94.65593719482422,52.161739349365234
2008-06-23,58.67902374267578,94.5624008178711,52.27206802368164
2008-06-24,58.79667663574219,94.37535095214844,52.62057113647461
2008-06-25,58.82609176635742,94.82135009765625,52.643798828125
2008-06-26,58.902610778808594,92.24600219726562,52.99808883666992
2008-06-27,59.04383087158203,91.74243927001953,53.6195182800293
2008-06-30,59.073238372802734,92.06614685058594,53.63117218017578
2008-07-01,58.86883544921875,92.3539047241211,53.50409698486328
2008-07-02,58.79796600341797,90.77125549316406,53.783851623535156
2008-07-03,58.81570816040039,90.86479949951172,53.66730499267578
2008-07-07,59.022457122802734,89.93679809570312,53.9120979309082
2008-07-08,59.252769470214844,91.53379821777344,54.261837005615234
2008-07-09,59.48310470581055,89.77130889892578,54.50083541870117
2008-07-10,59.536312103271484,90.13822174072266,54.495018005371094
2008-07-11,59.1995964050293,89.0879135131836,53.71978759765625
2008-07-14,59.2882194519043,88.28223419189453,54.191917419433594
2008-07-15,59.518585205078125,87.0376968383789,54.17443084716797
2008-07-16,59.063785552978516,89.17422485351562,53.19514465332031
2008-07-17,58.80390930175781,90.06629180908203,52.921165466308594
2008-07-18,58.461299896240234,90.62738800048828,52.72298812866211
2008-07-21,58.76845169067383,90.67776489257812,52.927024841308594
2008-07-22,58.567665100097656,91.7064208984375,52.664695739746094
2008-07-23,58.6385498046875,92.20282745361328,52.55976104736328
2008-07-24,59.046051025390625,90.28927612304688,53.07275390625
2008-07-25,58.74482727050781,90.26768493652344,52.54233932495117
2008-07-28,59.0106086730957,88.94404602050781,53.07275390625
2008-07-29,58.93973159790039,90.84321594238281,52.857086181640625
2008-07-30,59.00471496582031,92.4618148803711,52.90949630737305
2008-07-31,59.30597686767578,91.23885345458984,53.434139251708984
2008-08-01,59.23595428466797,90.75688171386719,53.552276611328125
2008-08-04,59.063961029052734,89.91520690917969,53.42946243286133
2008-08-05,58.96318054199219,92.33952331542969,53.03165054321289
2008-08-06,58.89791488647461,92.74958038330078,52.815162658691406
2008-08-07,59.206268310546875,91.36834716796875,53.67516326904297
2008-08-08,59.117393493652344,93.06608581542969,53.82136154174805
2008-08-11,58.969120025634766,94.0300521850586,53.306583404541016
2008-08-12,59.21817398071289,93.05171966552734,53.80385208129883
2008-08-13,59.117393493652344,92.49058532714844,53.616668701171875
2008-08-14,59.25967788696289,93.1883773803711,53.961814880371094
2008-08-15,59.43169021606445,93.64158630371094,54.42985534667969
2008-08-18,59.53244400024414,92.361083984375,54.64631271362305
2008-08-19,59.48504638671875,91.35394287109375,54.43564987182617
2008-08-20,59.57994079589844,91.77837371826172,54.587799072265625
2008-08-21,59.59178924560547,91.93668365478516,54.48835372924805
2008-08-22,59.526546478271484,93.26752471923828,54.453224182128906
2008-08-25,59.710411071777344,91.37551879882812,54.99728012084961
2008-08-26,59.639198303222656,91.64171600341797,55.04409408569336
2008-08-27,59.710411071777344,92.53373718261719,55.137725830078125
2008-08-28,59.7637825012207,93.65599822998047,55.14357376098633
2008-08-29,59.745948791503906,92.64884185791016,54.89784240722656
2008-09-02,59.9448356628418,92.07334899902344,55.40864181518555
2008-09-03,59.93289566040039,91.99419403076172,55.64353942871094
2008-09-04,60.15318298339844,89.2245864868164,56.0897331237793
2008-09-05,59.97453308105469,89.5051498413086,56.06037902832031
2008-09-08,60.349632263183594,91.35394287109375,56.29527282714844
2008-09-09,60.61752700805664,88.64191436767578,56.85307693481445
2008-09-10,60.5758056640625,89.00160217285156,56.500770568847656
2008-09-11,60.4984245300293,90.28927612304688,56.47136306762695
2008-09-12,60.25441360473633,90.70652770996094,55.743316650390625
2008-09-15,60.49250030517578,86.39026641845703,57.55173873901367
2008-09-16,59.87928009033203,87.83621978759766,57.53998947143555
2008-09-17,60.02815628051758,83.88677215576172,57.82771682739258
2008-09-18,59.86146545410156,86.37583923339844,56.98220443725586
2008-09-19,60.129329681396484,89.80619812011719,55.173770904541016
2008-09-22,59.1887321472168,87.77302551269531,55.16794967651367
2008-09-23,59.099422454833984,85.77605438232422,54.95655822753906
2008-09-24,59.17082977294922,86.05097961425781,55.197265625
2008-09-25,59.06368637084961,87.39674377441406,55.085750579833984
2008-09-26,58.76603698730469,87.44022369384766,55.48500061035156
2008-09-29,58.498104095458984,80.58824157714844,57.099613189697266
2008-09-30,58.694576263427734,83.92378234863281,55.70812225341797
2008-10-01,58.27617263793945,83.97443389892578,56.40896987915039
2008-10-02,58.50328063964844,80.92826843261719,56.86241912841797
2008-10-03,58.94562911987305,79.83575439453125,57.3630256652832
2008-10-06,58.96352005004883,75.76945495605469,58.405479431152344
2008-10-07,57.744239807128906,72.37603759765625,58.228790283203125
2008-10-08,56.58465576171875,70.55268859863281,57.39246368408203
2008-10-09,56.7161865234375,65.6253662109375,56.9095344543457
2008-10-10,52.83707809448242,64.0335464477539,56.5090446472168
2008-10-13,54.88125991821289,73.33113098144531,55.78465270996094
2008-10-14,56.0347900390625,72.24577331542969,55.42536544799805
2008-10-15,56.93136215209961,65.13333892822266,55.95545196533203
2008-10-16,56.0347900390625,67.84664916992188,55.666900634765625
2008-10-17,56.23804473876953,67.44147491455078,55.28406524658203
2008-10-20,57.24217224121094,71.49331665039062,55.725799560546875
2008-10-21,57.744239807128906,69.35885620117188,56.02023696899414
2008-10-22,58.41368865966797,65.58197021484375,57.1568717956543
2008-10-23,57.3856086730957,66.34168243408203,57.58092498779297
2008-10-24,56.901451110839844,62.97721862792969,56.96845245361328
2008-10-27,56.33363342285156,60.74146270751953,57.009674072265625
2008-10-28,56.5308837890625,67.83940124511719,56.17927551269531
2008-10-29,57.60673904418945,67.3474349975586,55.896568298339844
2008-10-30,57.53501510620117,69.67721557617188,55.390079498291016
2008-10-31,57.355709075927734,70.06069946289062,54.67155075073242
2008-11-03,56.44341278076172,70.2632827758789,54.81940460205078
2008-11-04,57.349700927734375,72.65095520019531,55.84823989868164
2008-11-05,58.22004699707031,69.59761810302734,56.51054763793945
2008-11-06,57.979923248291016,65.74111938476562,56.10252380371094
2008-11-07,58.274044036865234,67.9117660522461,55.735904693603516
2008-11-10,57.901939392089844,67.02183532714844,56.007896423339844
2008-11-11,58.34003448486328,64.9524917602539,56.17348098754883
2008-11-12,57.83584976196289,62.094478607177734,56.534141540527344
2008-11-13,58.033966064453125,65.96542358398438,55.18009567260742
2008-11-14,58.20802688598633,62.673343658447266,56.27401351928711
2008-11-17,58.36406707763672,61.841243743896484,56.522308349609375
2008-11-18,58.28001022338867,63.006134033203125,57.249568939208984
2008-11-19,58.44808578491211,58.9687614440918,58.7160758972168
2008-11-20,58.46012878417969,54.59135437011719,61.749454498291016
2008-11-21,57.991920471191406,57.5361442565918,60.8565559387207
2008-11-24,57.98596954345703,61.52287292480469,59.904563903808594
2008-11-25,59.43244552612305,61.97868728637695,61.66661834716797
2008-11-26,59.20431900024414,64.37362670898438,61.749454498291016
2008-11-28,59.09027862548828,65.18400573730469,62.51218795776367
2008-12-01,59.923866271972656,59.410118103027344,64.9061279296875
2008-12-02,59.98408126831055,61.69654846191406,65.15531921386719
2008-12-03,59.99012756347656,63.17977523803711,65.33922576904297
2008-12-04,60.188968658447266,61.71823501586914,66.6266860961914
2008-12-05,59.85749816894531,63.62120056152344,65.54685974121094
2008-12-08,59.77915573120117,65.84243774414062,65.40452575683594
2008-12-09,60.33966827392578,64.75715637207031,66.69786071777344
2008-12-10,60.2312126159668,65.19850158691406,66.53766632080078
2008-12-11,60.544593811035156,63.62837219238281,66.668212890625
2008-12-12,60.562652587890625,64.38807678222656,66.668212890625
2008-12-15,60.70732498168945,63.49092102050781,67.4275894165039
2008-12-16,60.9483757019043,66.47913360595703,69.09477996826172
2008-12-17,61.273841857910156,65.83518981933594,70.96953582763672
2008-12-18,61.659454345703125,64.60518646240234,72.45873260498047
2008-12-19,61.46066665649414,64.3272705078125,72.5358657836914
2008-12-22,61.79212188720703,63.50301742553711,71.97821807861328
2008-12-23,62.39474868774414,62.84657669067383,71.88325500488281
2008-12-24,62.690093994140625,63.211273193359375,71.72897338867188
2008-12-26,62.47920608520508,63.57597351074219,71.9662857055664
2008-12-29,62.96061706542969,63.39359664916992,71.8800048828125
2008-12-30,62.98484802246094,64.89619445800781,72.56453704833984
2008-12-31,63.02713394165039,65.82256317138672,71.04662322998047
2009-01-02,62.634002685546875,67.80659484863281,69.2607421875
2009-01-05,63.631996154785156,67.7263412475586,67.47490692138672
2009-01-06,63.275184631347656,68.1785888671875,66.79627990722656
2009-01-07,62.694454193115234,66.13621520996094,67.05821990966797
2009-01-08,62.216636657714844,66.40611267089844,67.00463104248047
2009-01-09,62.0048942565918,64.98372650146484,67.10585021972656
2009-01-12,62.33150863647461,63.42277145385742,67.80233764648438
2009-01-13,62.43439865112305,63.53948211669922,67.873779296875
2009-01-14,62.34969711303711,61.54087829589844,68.992919921875
2009-01-15,62.34364700317383,61.56276321411133,69.10596466064453
2009-01-16,62.66421127319336,62.0441780090332,68.04046630859375
2009-01-20,62.33762741088867,58.76911544799805,68.0285415649414
2009-01-21,62.0109977722168,61.30746841430664,65.87954711914062
2009-01-22,61.7448616027832,60.3592643737793,64.61166381835938
2009-01-23,61.64805221557617,60.62184524536133,64.10565948486328
2009-01-26,61.58754348754883,61.037574768066406,63.546077728271484
2009-01-27,61.902137756347656,61.657569885253906,65.04022216796875
2009-01-28,61.93838119506836,63.74370574951172,63.41510772705078
2009-01-29,61.387996673583984,61.672183990478516,61.956661224365234
2009-01-30,61.77507781982422,60.417598724365234,61.760223388671875
2009-02-02,61.66944885253906,60.235225677490234,62.90931701660156
2009-02-03,61.39627456665039,61.081363677978516,61.411041259765625
2009-02-04,61.311336517333984,60.78228759765625,61.19614028930664
2009-02-05,61.11703872680664,61.68675994873047,61.24990463256836
2009-02-06,61.28094482421875,63.44463348388672,61.05881881713867
2009-02-09,61.28700256347656,63.53221893310547,61.25581741333008
2009-02-10,61.663360595703125,60.62184524536133,62.586978912353516
2009-02-11,61.6512565612793,60.9792366027832,63.39877700805664
2009-02-12,61.97905731201172,61.02301025390625,62.80192947387695
2009-02-13,61.79084777832031,60.366519927978516,61.1304931640625
2009-02-17,61.83943176269531,57.78437042236328,63.03466033935547
2009-02-18,61.71196365356445,57.645816802978516,62.49742126464844
2009-02-19,61.6148681640625,57.02580642700195,61.434932708740234
2009-02-20,61.29917907714844,56.4714241027832,62.03185272216797
2009-02-23,61.6148681640625,54.450958251953125,62.6048698425293
2009-02-24,61.49345397949219,56.51521682739258,62.53923416137695
2009-02-25,61.438785552978516,56.070281982421875,61.816986083984375
2009-02-26,61.11703872680664,55.158477783203125,61.166290283203125
2009-02-27,61.12312316894531,53.92577362060547,60.81415557861328
2009-03-02,61.32837677001953,51.496829986572266,61.82094192504883
2009-03-03,61.24919509887695,51.110225677490234,61.40791702270508
2009-03-04,60.96297073364258,52.32105255126953,61.1265869140625
2009-03-05,61.163883209228516,50.183876037597656,62.82650375366211
2009-03-06,61.32837677001953,50.27140426635742,62.40748977661133
2009-03-09,60.908138275146484,49.680564880371094,62.04246139526367
2009-03-10,61.0482063293457,52.64199447631836,60.85122299194336
2009-03-11,61.19438934326172,52.984832763671875,61.50967788696289
2009-03-12,61.24919509887695,55.07097625732422,61.80295944213867
2009-03-13,61.3100700378418,55.501312255859375,61.491703033447266
2009-03-16,61.12126922607422,55.33355712890625,60.52202224731445
2009-03-17,60.9385871887207,57.02580642700195,60.19279479980469
2009-03-18,61.90690612792969,58.30228805541992,62.47331237792969
2009-03-19,62.05926513671875,57.58016586303711,62.551212310791016
2009-03-20,61.712039947509766,56.354034423828125,62.20400619506836
2009-03-23,61.712039947509766,60.40189743041992,61.665283203125
2009-03-24,61.291839599609375,59.21179962158203,62.251914978027344
2009-03-25,61.02386474609375,59.83625411987305,61.413875579833984
2009-03-26,61.1456413269043,61.05573272705078,62.126224517822266
2009-03-27,61.19438934326172,59.953765869140625,62.587093353271484
2009-03-30,61.480613708496094,57.882110595703125,62.82650375366211
2009-03-31,61.79729080200195,58.41836166381836,63.275413513183594
2009-04-01,61.76736831665039,59.54972457885742,63.85294723510742
2009-04-02,61.57174301147461,61.29081344604492,63.072593688964844
2009-04-03,61.370094299316406,61.90055465698242,61.781944274902344
2009-04-06,61.35792922973633,61.41568374633789,61.51780700683594
2009-04-07,61.26012420654297,59.983158111572266,61.67384719848633
2009-04-08,61.4618034362793,60.629634857177734,62.22017288208008
2009-04-09,61.370094299316406,63.03925323486328,61.439754486083984
2009-04-13,61.8162841796875,63.05392837524414,62.00408935546875
2009-04-14,61.80405044555664,61.966670989990234,62.32817459106445
2009-04-15,61.97514724731445,62.62785339355469,62.22017288208008
2009-04-16,61.86513900756836,63.54618453979492,61.72791290283203
2009-04-17,61.522865295410156,63.97221374511719,61.04956817626953
2009-04-20,61.87733459472656,61.29081344604492,61.97407150268555
2009-04-21,61.681800842285156,62.488277435302734,61.36170959472656
2009-04-22,61.84685134887695,62.10624694824219,60.989559173583984
2009-04-23,61.9262580871582,62.71598434448242,60.98350524902344
2009-04-24,61.993473052978516,63.663719177246094,60.37128829956055
2009-04-27,62.09127426147461,63.061279296875,60.62938690185547
2009-04-28,62.07296371459961,62.8629264831543,59.6389045715332
2009-04-29,61.8162841796875,64.19998168945312,59.11064147949219
2009-04-30,62.11571502685547,64.22200012207031,58.876564025878906
2009-05-01,61.87595748901367,64.56732177734375,58.471317291259766
2009-05-04,61.92504119873047,66.76387023925781,58.663936614990234
2009-05-05,62.05376052856445,66.53614044189453,58.591739654541016
2009-05-06,62.19483947753906,67.68952941894531,58.45328140258789
2009-05-07,61.91886901855469,66.74919891357422,57.02620315551758
2009-05-08,62.03540802001953,68.30660247802734,57.164737701416016
2009-05-11,62.078338623046875,67.02831268310547,57.9775276184082
2009-05-12,62.42164993286133,66.8299789428711,58.18830490112305
2009-05-13,62.476890563964844,65.14765930175781,58.82051086425781
2009-05-14,62.51363754272461,65.70597076416016,59.04932403564453
2009-05-15,62.6546745300293,65.169677734375,59.031288146972656
2009-05-18,62.47072982788086,67.0209732055664,58.11610412597656
2009-05-19,62.52589416503906,66.94017791748047,57.80898666381836
2009-05-20,62.715980529785156,66.49205780029297,58.41709518432617
2009-05-21,62.519752502441406,65.53701782226562,56.947940826416016
2009-05-22,62.354244232177734,65.39742279052734,56.31571578979492
2009-05-26,62.21321105957031,67.0724105834961,55.46676254272461
2009-05-27,61.869842529296875,65.87496185302734,54.48534393310547
2009-05-28,61.89432144165039,66.7932357788086,55.274112701416016
2009-05-29,62.5565299987793,67.97599792480469,56.70110321044922
2009-06-01,61.78047180175781,69.62157440185547,55.02476119995117
2009-06-02,62.20477294921875,69.68035888671875,55.320804595947266
2009-06-03,62.376991271972656,68.79879760742188,55.840301513671875
2009-06-04,61.860416412353516,69.44527435302734,54.68650817871094
2009-06-05,61.540584564208984,69.4599838256836,54.26970291137695
2009-06-08,61.37454605102539,69.1734848022461,54.13078308105469
2009-06-09,61.65129089355469,69.52609252929688,54.12474822998047
2009-06-10,61.479087829589844,69.34979248046875,53.27297592163086
2009-06-11,61.6943359375,69.6583251953125,53.8649787902832
2009-06-12,61.995662689208984,69.8493423461914,54.348228454589844
2009-06-15,62.22935104370117,68.2478256225586,54.83755874633789
2009-06-16,62.31549835205078,67.32220458984375,55.791969299316406
2009-06-17,62.4384765625,67.25608825683594,55.47783660888672
2009-06-18,62.0326042175293,67.74823760986328,54.6381950378418
2009-06-19,62.26008605957031,67.99798583984375,55.38722610473633
2009-06-22,62.35234069824219,65.95891571044922,55.924869537353516
2009-06-23,62.55533218383789,66.01065826416016,56.58329772949219
2009-06-24,62.38929748535156,66.57951354980469,56.01546096801758
2009-06-25,62.678287506103516,68.02751922607422,57.04240417480469
2009-06-26,62.86278533935547,67.85020446777344,57.139068603515625
2009-06-29,62.80744934082031,68.4856185913086,57.2236213684082
2009-06-30,62.81978225708008,67.93146514892578,57.12697219848633
2009-07-01,62.79625701904297,68.21221923828125,57.01366424560547
2009-07-02,62.94436264038086,66.35049438476562,57.14694595336914
2009-07-06,62.89506912231445,66.34310913085938,57.03787612915039
2009-07-07,63.098655700683594,65.0576171875,57.41964340209961
2009-07-08,63.444210052490234,65.01329040527344,58.48017120361328
2009-07-09,63.2652702331543,65.13887023925781,57.78329086303711
2009-07-10,63.48125076293945,64.98374938964844,58.316593170166016
2009-07-13,63.45037078857422,66.56475067138672,57.98931884765625
2009-07-14,63.25909423828125,66.94151306152344,57.0257453918457
2009-07-15,62.84565353393555,68.8993148803711,55.55922317504883
2009-07-16,63.043094635009766,68.78849792480469,56.159149169921875
2009-07-17,63.043094635009766,69.54203796386719,55.29258728027344
2009-07-20,63.1171875,70.28080749511719,55.583492279052734
2009-07-21,63.555259704589844,70.60591888427734,56.69242858886719
2009-07-22,63.339298248291016,70.59113311767578,56.18338394165039
2009-07-23,63.17885971069336,72.14997100830078,55.153167724609375
2009-07-24,63.17885971069336,72.44546508789062,55.419830322265625
2009-07-27,62.987606048583984,72.65972137451172,54.78350067138672
2009-07-28,63.10480880737305,72.31986999511719,55.268341064453125
2009-07-29,63.21591567993164,72.14257049560547,55.57136535644531
2009-07-30,63.29612731933594,72.89613342285156,56.35913848876953
2009-07-31,63.61698913574219,72.99956512451172,57.456016540527344
2009-08-03,63.483245849609375,74.20381164550781,56.585296630859375
2009-08-04,63.291324615478516,74.3958969116211,56.13532638549805
2009-08-05,63.235679626464844,74.18165588378906,55.29623794555664
2009-08-06,63.266597747802734,73.79749298095703,55.484718322753906
2009-08-07,62.88893127441406,74.7652587890625,55.02262878417969
2009-08-10,63.37799072265625,74.6101303100586,55.70970153808594
2009-08-11,63.60089874267578,73.67925262451172,56.35421371459961
2009-08-12,63.56988525390625,74.46975708007812,55.75223922729492
2009-08-13,63.73088455200195,75.03863525390625,56.54270935058594
2009-08-14,63.84229278564453,74.4623794555664,56.76163864135742
2009-08-17,64.10843658447266,72.63017272949219,57.60074234008789
2009-08-18,63.89802551269531,73.2064437866211,57.26633071899414
2009-08-19,64.02800750732422,73.84918212890625,57.74060821533203
2009-08-20,64.13324737548828,74.6101303100586,58.21487808227539
2009-08-21,63.761844635009766,76.07293701171875,57.01701354980469
2009-08-24,64.02181243896484,76.06555938720703,58.05067825317383
2009-08-25,64.1270751953125,76.21331024169922,58.37903594970703
2009-08-26,64.21993255615234,76.22066497802734,58.646575927734375
2009-08-27,64.1704330444336,76.39060974121094,58.41550827026367
2009-08-28,64.1270751953125,76.37584686279297,58.683040618896484
2009-08-31,64.39321899414062,75.69617462158203,58.73777770996094
2009-09-01,64.28269958496094,74.02649688720703,58.59566879272461
2009-09-02,64.62430572509766,73.7457504272461,59.449649810791016
2009-09-03,64.50625610351562,74.35895538330078,59.08366012573242
2009-09-04,64.3821029663086,75.400634765625,58.077178955078125
2009-09-08,64.28890991210938,76.05074310302734,57.66848373413086
2009-09-09,64.41311645507812,76.6344223022461,57.60137176513672
2009-09-10,64.74227905273438,77.41754150390625,58.66276168823242
2009-09-11,64.73607635498047,77.4027328491211,58.986045837402344
2009-09-14,64.64282989501953,77.77952575683594,58.4005126953125
2009-09-15,64.54351806640625,78.10460662841797,58.10162353515625
2009-09-16,64.59320068359375,79.28665161132812,58.20525360107422
2009-09-17,64.89756774902344,79.16846466064453,58.93726348876953
2009-09-18,64.73607635498047,79.21894073486328,58.412681579589844
2009-09-21,64.6864013671875,79.01852416992188,58.546852111816406
2009-09-22,64.64282989501953,79.47871398925781,58.66886520385742
2009-09-23,64.80439758300781,78.8180923461914,58.84575653076172
2009-09-24,64.8851547241211,77.94957733154297,59.01658248901367
2009-09-25,65.07763671875,77.53388214111328,59.766845703125
2009-09-28,65.07142639160156,78.9220199584961,60.29144287109375
2009-09-29,65.0404052734375,78.6844711303711,60.236541748046875
2009-09-30,65.15836334228516,78.38011169433594,60.18165588378906
2009-10-01,65.30915069580078,76.43527221679688,61.005859375
2009-10-02,65.18455505371094,76.07896423339844,60.583675384521484
2009-10-05,65.22814178466797,77.21468353271484,60.58974838256836
2009-10-06,65.13467407226562,78.32074737548828,59.99014663696289
2009-10-07,65.39640808105469,78.53600311279297,60.69380569458008
2009-10-08,65.35273742675781,79.13727569580078,60.05744934082031
2009-10-09,64.89794921875,79.61978149414062,58.680694580078125
2009-10-12,65.04741668701172,79.9315414428711,58.772457122802734
2009-10-13,65.20941925048828,79.76823425292969,59.078392028808594
2009-10-14,65.05366516113281,81.1415023803711,58.2033805847168
2009-10-15,64.95401763916016,81.43843841552734,57.934146881103516
2009-10-16,64.94773864746094,80.82975006103516,58.40531539916992
2009-10-19,65.07865142822266,81.49781036376953,58.8642463684082
2009-10-20,65.23436737060547,81.06727600097656,59.18246841430664
2009-10-21,65.19082641601562,80.33983612060547,58.827518463134766
2009-10-22,65.09111022949219,81.15634155273438,58.539913177490234
2009-10-23,65.01010131835938,80.22846221923828,58.099365234375
2009-10-26,64.83565521240234,79.35997009277344,57.346744537353516
2009-10-27,65.09111022949219,78.99620819091797,58.12995529174805
2009-10-28,65.18455505371094,77.50421142578125,58.40531539916992
2009-10-29,65.05366516113281,79.1669692993164,57.76894760131836
2009-10-30,65.3028793334961,76.87325286865234,58.607208251953125
2009-11-02,65.19920349121094,77.43739318847656,58.34819793701172
2009-11-03,65.11164855957031,77.682373046875,57.7650146484375
2009-11-04,65.00542449951172,77.8827896118164,57.237056732177734
2009-11-05,65.17412567138672,79.31543731689453,57.237056732177734
2009-11-06,65.23042297363281,79.52326202392578,57.292362213134766
2009-11-09,65.31790924072266,81.33448028564453,57.35987091064453
2009-11-10,65.33662414550781,81.34934997558594,57.25553512573242
2009-11-11,65.3616714477539,81.76505279541016,57.49491882324219
2009-11-12,65.49288940429688,80.93366241455078,57.39055633544922
2009-11-13,65.56163787841797,81.37161254882812,57.65453338623047
2009-11-16,65.7179183959961,82.5519027709961,58.32981872558594
2009-11-17,65.77420043945312,82.64835357666016,58.64285659790039
2009-11-18,65.63666534423828,82.59640502929688,58.299076080322266
2009-11-19,65.70538330078125,81.52009582519531,58.403465270996094
2009-11-20,65.73040771484375,81.23059844970703,58.39115905761719
2009-11-23,65.7179183959961,82.26238250732422,58.31745147705078
2009-11-24,65.91167449951172,82.38858032226562,58.685829162597656
2009-11-25,65.9741439819336,82.67807006835938,58.9559326171875
2009-11-27,66.0304183959961,81.33448028564453,59.17692947387695
2009-11-30,66.14288330078125,81.6091537475586,59.31809616088867
2009-12-01,65.9817886352539,82.6186752319336,58.6573600769043
2009-12-02,65.85633850097656,82.58157348632812,58.70658874511719
2009-12-03,65.86260223388672,81.93576049804688,58.096946716308594
2009-12-04,65.73090362548828,82.40343475341797,57.48107147216797
2009-12-07,65.79360961914062,82.27721405029297,57.55500793457031
2009-12-08,65.88140106201172,81.36418151855469,57.641239166259766
2009-12-09,65.81242370605469,81.66853332519531,57.37640380859375
2009-12-10,65.76222229003906,82.1287612915039,56.71747970581055
2009-12-11,65.60553741455078,82.47765350341797,56.71128463745117
2009-12-14,65.64311218261719,83.04180908203125,56.77906036376953
2009-12-15,65.46127319335938,82.65580749511719,56.52659606933594
2009-12-16,65.58041381835938,82.781982421875,56.45880889892578
2009-12-17,65.6870346069336,81.78729248046875,57.388694763183594
2009-12-18,65.6870346069336,82.25003051757812,57.14237594604492
2009-12-21,65.4111328125,83.08587646484375,56.12628173828125
2009-12-22,65.22296142578125,83.3844223022461,55.812191009521484
2009-12-23,65.24807739257812,83.548583984375,55.824554443359375
2009-12-24,65.13517761230469,83.94414520263672,55.24567794799805
2009-12-28,64.74008178710938,84.12325286865234,55.091678619384766
2009-12-29,64.81680297851562,84.00381469726562,55.45505142211914
2009-12-30,64.9803695678711,83.97393798828125,55.819698333740234
2009-12-31,64.89860534667969,83.16796112060547,55.553993225097656
2010-01-04,64.97409057617188,84.5784683227539,55.50453186035156
2010-01-05,65.26968383789062,84.80233764648438,55.86299514770508
2010-01-06,65.23190307617188,84.86205291748047,55.11514663696289
2010-01-07,65.15644836425781,85.22032165527344,55.20785903930664
2010-01-08,65.1942138671875,85.50386810302734,55.18321228027344
2010-01-11,65.14389038085938,85.62332153320312,54.88035583496094
2010-01-12,65.5589599609375,84.82478332519531,55.819698333740234
2010-01-13,65.28224182128906,85.54120635986328,55.17082214355469
2010-01-14,65.45207977294922,85.77254486083984,55.94334411621094
2010-01-15,65.57779693603516,84.80986022949219,56.2894172668457
2010-01-19,65.47091674804688,85.86959838867188,56.12876510620117
2010-01-20,65.6407470703125,84.99640655517578,56.697322845458984
2010-01-21,65.65962219238281,83.36200714111328,56.9568977355957
2010-01-22,65.6973648071289,81.50371551513672,56.85800552368164
2010-01-25,65.6910400390625,81.92161560058594,56.598411560058594
2010-01-26,65.77281188964844,81.5783462524414,56.61697769165039
2010-01-27,65.72245788574219,81.96643829345703,56.586090087890625
2010-01-28,65.6658935546875,81.02608489990234,56.55515670776367
2010-01-29,65.81687927246094,80.14545440673828,57.04958724975586
2010-02-01,65.72663879394531,81.39173889160156,56.5317497253418
2010-02-02,65.80231475830078,82.37691497802734,56.692996978759766
2010-02-03,65.68244171142578,81.96643829345703,56.03559112548828
2010-02-04,65.84017181396484,79.43644714355469,56.922481536865234
2010-02-05,65.86544799804688,79.60066223144531,57.04648971557617
2010-02-08,65.99154663085938,79.02598571777344,57.120906829833984
2010-02-09,65.87171173095703,80.0185546875,56.55033874511719
2010-02-10,65.72030639648438,79.86185455322266,56.0107307434082
2010-02-11,65.613037109375,80.69771575927734,55.70684814453125
2010-02-12,65.62569427490234,80.63054656982422,55.936302185058594
2010-02-16,65.7896957397461,81.89923858642578,56.04175567626953
2010-02-17,65.58784484863281,82.287353515625,55.40291213989258
2010-02-18,65.56260681152344,82.7724380493164,55.1796989440918
2010-02-19,65.613037109375,82.944091796875,55.47739791870117
2010-02-22,65.49950408935547,82.958984375,55.24790573120117
2010-02-23,65.73287963867188,81.95149993896484,56.11000442504883
2010-02-24,65.80231475830078,82.70527648925781,56.24645233154297
2010-02-25,65.93482971191406,82.59330749511719,56.56269073486328
2010-02-26,65.94742584228516,82.64556121826172,56.854225158691406
2010-03-01,66.04428100585938,83.50382232666016,56.82933807373047
2010-03-02,66.06961059570312,83.73515319824219,56.75470733642578
2010-03-03,66.06961059570312,83.80979919433594,56.611595153808594
2010-03-04,66.18976593017578,84.06352996826172,56.91022491455078
2010-03-05,66.06322479248047,85.26506042480469,56.16360855102539
2010-03-08,66.10755157470703,85.2800064086914,55.871212005615234
2010-03-09,66.18350219726562,85.42180633544922,55.88364028930664
2010-03-10,66.13919830322266,85.80241394042969,55.74055480957031
2010-03-11,66.13919830322266,86.16064453125,55.94582748413086
2010-03-12,66.14549255371094,86.16809844970703,56.29424285888672
2010-03-15,66.22782897949219,86.19047546386719,56.2196044921875
2010-03-16,66.3479995727539,86.87710571289062,56.667545318603516
2010-03-17,66.39861297607422,87.39202880859375,56.91022491455078
2010-03-18,66.34169006347656,87.3472671508789,56.72355270385742
2010-03-19,66.29107666015625,86.90514373779297,56.77957534790039
2010-03-22,66.34169006347656,87.36976623535156,56.841766357421875
2010-03-23,66.35431671142578,87.98423767089844,56.57423400878906
2010-03-24,66.01897430419922,87.55706787109375,55.54144287109375
2010-03-25,65.84812927246094,87.4146728515625,55.18683624267578
2010-03-26,65.95564270019531,87.36224365234375,55.34235763549805
2010-03-29,65.87972259521484,87.91678619384766,55.130821228027344
2010-03-30,65.90499114990234,87.97676086425781,55.30500030517578
2010-03-31,65.9429931640625,87.67701721191406,55.684513092041016
2010-04-01,65.9182357788086,88.27648162841797,55.548397064208984
2010-04-05,65.51194763183594,88.99588775634766,54.62415313720703
2010-04-06,65.59449768066406,89.20574188232422,54.71159362792969
2010-04-07,65.87382507324219,88.69612884521484,55.4110221862793
2010-04-08,65.81029510498047,89.0033950805664,55.43598937988281
2010-04-09,65.88015747070312,89.5879135131836,55.567142486572266
2010-04-12,66.03253173828125,89.73029327392578,55.86064529418945
2010-04-13,66.1404037475586,89.79773712158203,56.0417594909668
2010-04-14,66.06423950195312,90.81685638427734,55.64830780029297
2010-04-15,66.1848373413086,90.89179229736328,55.71079635620117
2010-04-16,66.28641510009766,89.44554138183594,56.1167106628418
2010-04-19,66.1657943725586,89.78273010253906,55.979312896728516
2010-04-20,66.27375793457031,90.58455657958984,56.17913055419922
2010-04-21,66.38804626464844,90.41969299316406,56.6412353515625
2010-04-22,66.25473022460938,90.68949127197266,56.47264862060547
2010-04-23,66.1721420288086,91.28150939941406,56.272796630859375
2010-04-26,66.1657943725586,90.93679809570312,56.335243225097656
2010-04-27,66.37529754638672,88.78604888916016,57.128353118896484
2010-04-28,66.27375793457031,89.46050262451172,56.6412353515625
2010-04-29,66.29910278320312,90.56959533691406,56.87859344482422
2010-04-30,66.58482360839844,89.03338623046875,57.53425598144531
2010-05-03,66.45868682861328,90.18740844726562,57.45906066894531
2010-05-04,66.72607421875,88.06664276123047,58.49305725097656
2010-05-05,66.67517852783203,87.54207611083984,58.83772277832031
2010-05-06,66.77071380615234,84.63452911376953,60.65507125854492
2010-05-07,66.47782897949219,83.37557983398438,59.89681625366211
2010-05-10,66.47148895263672,87.04751586914062,58.656005859375
2010-05-11,66.7197494506836,86.80022430419922,58.505611419677734
2010-05-12,66.64970397949219,88.01420593261719,58.060699462890625
2010-05-13,66.7452163696289,86.92015075683594,58.44297409057617
2010-05-14,66.98717498779297,85.34642028808594,59.45819091796875
2010-05-17,66.93622589111328,85.39140319824219,59.23877716064453
2010-05-18,67.16545867919922,84.22986602783203,60.14748764038086
2010-05-19,67.19725036621094,83.750244140625,60.34803009033203
2010-05-20,67.13999938964844,80.58787536621094,61.6201057434082
2010-05-21,67.426513671875,81.764404296875,61.68281555175781
2010-05-24,67.3883285522461,80.71527099609375,61.46974182128906
2010-05-25,67.4710922241211,80.79771423339844,61.77057647705078
2010-05-26,67.39466094970703,80.31062316894531,61.59508514404297
2010-05-27,67.23551177978516,83.00088500976562,60.197593688964844
2010-05-28,67.30548858642578,81.95925903320312,60.4734001159668
2010-06-01,67.41664123535156,80.58040618896484,60.89844512939453
2010-06-02,67.3464126586914,82.67864227294922,60.319908142089844
2010-06-03,67.31443786621094,82.96340942382812,59.8797721862793
2010-06-04,67.48689270019531,80.04832458496094,61.48944854736328
2010-06-07,67.68492126464844,79.05169677734375,61.9610595703125
2010-06-08,67.60826873779297,79.89848327636719,61.652957916259766
2010-06-09,67.64659118652344,79.47134399414062,61.58377456665039
2010-06-10,67.44221496582031,81.79437255859375,60.483394622802734
2010-06-11,67.48056030273438,82.1915512084961,61.25048065185547
2010-06-14,67.57633209228516,82.06414794921875,60.93612289428711
2010-06-15,67.57633209228516,83.93013000488281,60.68458938598633
2010-06-16,67.67853546142578,83.9001235961914,61.03044128417969
2010-06-17,67.83817291259766,84.03501892089844,61.527156829833984
2010-06-18,67.72956848144531,84.12612915039062,61.42660140991211
2010-06-21,67.87645721435547,83.88518524169922,61.25048065185547
2010-06-22,67.94672393798828,82.4997787475586,61.979949951171875
2010-06-23,68.11917114257812,82.2437744140625,62.40121078491211
2010-06-24,68.06172943115234,80.88094329833984,62.030235290527344
2010-06-25,68.15747833251953,81.21979522705078,62.28174591064453
2010-06-28,68.2852554321289,80.96378326416016,62.866519927978516
2010-06-29,68.48959350585938,78.46399688720703,63.55192184448242
2010-06-30,68.49600982666016,77.7186050415039,63.97945785522461
2010-07-01,68.4601058959961,77.37226104736328,64.08041381835938
2010-07-02,68.3639907836914,76.95060729980469,63.56951141357422
2010-07-06,68.5754165649414,77.45507049560547,64.09298706054688
2010-07-07,68.48575592041016,79.89460754394531,63.34245681762695
2010-07-08,68.47294616699219,80.6851806640625,62.93885040283203
2010-07-09,68.37046813964844,81.28754425048828,62.579307556152344
2010-07-12,68.44728088378906,81.34025573730469,62.55403137207031
2010-07-13,68.27439880371094,82.56754302978516,62.01802444458008
2010-07-14,68.50495147705078,82.56001281738281,62.642391204833984
2010-07-15,68.60102081298828,82.5826187133789,63.26679992675781
2010-07-16,68.81241607666016,80.30873107910156,63.57585906982422
2010-07-19,68.74838256835938,80.78307342529297,63.18476486206055
2010-07-20,68.69713592529297,81.67906951904297,63.27939987182617
2010-07-21,68.99817657470703,80.61741638183594,64.35161590576172
2010-07-22,68.93413543701172,82.41693115234375,63.607364654541016
2010-07-23,68.81241607666016,83.13226318359375,62.93244552612305
2010-07-26,68.79961395263672,83.99815368652344,62.825252532958984
2010-07-27,68.77397918701172,83.99058532714844,62.21977996826172
2010-07-28,68.9020767211914,83.44850158691406,62.42162322998047
2010-07-29,68.96612548828125,83.04187774658203,62.40268325805664
2010-07-30,69.08145904541016,83.02684020996094,63.37403106689453
2010-08-02,68.9876708984375,84.90166473388672,62.484336853027344
2010-08-03,69.03263092041016,84.49507141113281,62.84502410888672
2010-08-04,68.91056823730469,85.05976104736328,62.36415481567383
2010-08-05,68.9940414428711,84.96939849853516,62.65520477294922
2010-08-06,69.12895965576172,84.62305450439453,63.338584899902344
2010-08-09,69.12895965576172,85.0748062133789,63.10447311401367
2010-08-10,69.24458312988281,84.61556243896484,63.23727798461914
2010-08-11,69.30877685546875,82.29647064208984,64.08515167236328
2010-08-12,69.19961547851562,81.7919921875,63.92701721191406
2010-08-13,69.36019134521484,81.55110168457031,64.72431182861328
2010-08-16,69.5914306640625,81.51344299316406,66.34416198730469
2010-08-17,69.50787353515625,82.51482391357422,65.9644546508789
2010-08-18,69.43085479736328,82.66541290283203,66.14167785644531
2010-08-19,69.6556396484375,81.22728729248047,67.17304992675781
2010-08-20,69.55929565429688,80.96378326416016,67.09707641601562
2010-08-23,69.62991333007812,80.65507507324219,67.10973358154297
2010-08-24,69.90617370605469,79.45789337158203,68.18546295166016
2010-08-25,69.74555969238281,79.7666015625,67.96395874023438
2010-08-26,69.83545684814453,79.23201751708984,68.60309600830078
2010-08-27,69.45014190673828,80.45930480957031,66.66047668457031
2010-08-30,69.91895294189453,79.29224395751953,67.93866729736328
2010-08-31,69.97035217285156,79.29224395751953,68.6916732788086
2010-09-01,69.82091522216797,81.66399383544922,67.27142333984375
2010-09-02,69.73076629638672,82.42447662353516,66.56056213378906
2010-09-03,69.56975555419922,83.49365234375,65.73554992675781
2010-09-07,69.76939392089844,82.55247497558594,67.08097839355469
2010-09-08,69.7179183959961,83.13226318359375,66.54783630371094
2010-09-09,69.38294982910156,83.5162353515625,65.23417663574219
2010-09-10,69.23490142822266,83.93790435791016,64.93586730957031
2010-09-13,69.38939666748047,84.87154388427734,65.25316619873047
2010-09-14,69.64059448242188,84.81883239746094,65.88150787353516
2010-09-15,69.51176452636719,85.14259338378906,64.90412902832031
2010-09-16,69.39588165283203,85.12002563476562,64.26316833496094
2010-09-17,69.48601531982422,85.15180206298828,64.52336120605469
2010-09-20,69.51176452636719,86.45379638671875,64.89778137207031
2010-09-21,69.80805969238281,86.27967071533203,65.79895782470703
2010-09-22,69.82737731933594,85.85578155517578,66.38922119140625
2010-09-23,69.9046401977539,85.15937805175781,66.57959747314453
2010-09-24,69.6470718383789,86.91556549072266,65.68475341796875
2010-09-27,69.8853759765625,86.49921417236328,66.82708740234375
2010-09-28,70.0527572631836,86.80200958251953,67.28399658203125
2010-09-29,70.00125885009766,86.65058898925781,67.00477600097656
2010-09-30,69.9754867553711,86.39325714111328,66.96034240722656
2010-10-01,69.8947982788086,86.75657653808594,66.6368179321289
2010-10-04,70.01102447509766,86.1055908203125,66.80876159667969
2010-10-05,70.01102447509766,87.83907318115234,66.40746307373047
2010-10-06,70.08204650878906,87.83148193359375,67.241943359375
2010-10-07,70.11431884765625,87.72550201416016,66.681396484375
2010-10-08,70.2563705444336,88.21754455566406,66.38835144042969
2010-10-11,70.21759796142578,88.30079650878906,66.40106201171875
2010-10-12,70.14659881591797,88.57331085205078,65.74496459960938
2010-10-13,70.14014434814453,89.26213836669922,65.64303588867188
2010-10-14,69.8818588256836,88.91398620605469,64.66204833984375
2010-10-15,69.73987579345703,89.09561920166016,63.8721923828125
2010-10-18,69.98514556884766,89.53466796875,64.38819122314453
2010-10-19,70.04325866699219,88.36138916015625,64.77680206298828
2010-10-20,70.12720489501953,89.22433471679688,64.91685485839844
2010-10-21,70.01747131347656,89.42115020751953,64.14607238769531
2010-10-22,70.04971313476562,89.58766174316406,64.57929229736328
2010-10-25,70.0562515258789,89.85261535644531,64.76403045654297
2010-10-26,69.8947982788086,89.86773681640625,63.76386642456055
2010-10-27,69.75924682617188,89.61038208007812,63.203346252441406
2010-10-28,69.93354034423828,89.62550354003906,63.37531280517578
2010-10-29,70.08204650878906,89.69363403320312,63.967769622802734
2010-11-01,70.05354309082031,89.72391510009766,63.69231414794922
2010-11-02,70.17655944824219,90.43547058105469,64.52947235107422
2010-11-03,70.16357421875,90.798828125,63.2130126953125
2010-11-04,70.50015258789062,92.54743194580078,63.7050895690918
2010-11-05,70.30601501464844,92.89563751220703,62.61231994628906
2010-11-08,70.27361297607422,92.72149658203125,62.89351272583008
2010-11-09,69.93054962158203,92.05537414550781,61.50681686401367
2010-11-10,69.8723373413086,92.42630004882812,61.5898551940918
2010-11-11,69.86582946777344,92.07807922363281,61.5579719543457
2010-11-12,69.58756256103516,90.988037109375,61.22565841674805
2010-11-15,69.20559692382812,90.859375,59.94755172729492
2010-11-16,69.37393951416016,89.44385528564453,61.43657302856445
2010-11-17,69.39331817626953,89.4892578125,61.09785842895508
2010-11-18,69.37393951416016,90.80638122558594,61.347084045410156
2010-11-19,69.45158386230469,91.0561752319336,61.72407531738281
2010-11-22,69.6198959350586,90.98047637939453,61.9860725402832
2010-11-23,69.69110870361328,89.66336822509766,62.2928581237793
2010-11-24,69.35454559326172,90.988037109375,61.180908203125
2010-11-26,69.49689483642578,89.92830657958984,62.030853271484375
2010-11-29,69.54219055175781,90.20083618164062,62.561222076416016
2010-11-30,69.49689483642578,89.69363403320312,62.88713455200195
2010-12-01,69.134521484375,91.6012191772461,61.4892578125
2010-12-02,68.99786376953125,92.77447509765625,61.328914642333984
2010-12-03,69.134521484375,93.02430725097656,60.847965240478516
2010-12-06,69.38825225830078,92.9259262084961,61.70723342895508
2010-12-07,68.84822082519531,92.9789047241211,60.38628387451172
2010-12-08,68.51644134521484,93.31954956054688,59.802738189697266
2010-12-09,68.64009094238281,93.6828842163086,60.097755432128906
2010-12-10,68.50992584228516,94.22789001464844,59.73215103149414
2010-12-13,68.55550384521484,94.2884292602539,59.95663833618164
2010-12-14,68.1716079711914,94.37173461914062,59.08453369140625
2010-12-15,68.05452728271484,93.94024658203125,58.31503677368164
2010-12-16,68.18464660644531,94.48526000976562,58.71900939941406
2010-12-17,68.55550384521484,94.58647918701172,59.78993606567383
2010-12-20,68.60095977783203,94.81478118896484,59.725799560546875
2010-12-21,68.73113250732422,95.41594696044922,60.14261245727539
2010-12-22,68.65308380126953,95.71268463134766,59.71291732788086
2010-12-23,68.52293395996094,95.57572937011719,59.59111404418945
2010-12-27,68.71810913085938,95.61376190185547,60.12335968017578
2010-12-28,68.31600952148438,95.75074005126953,58.945831298828125
2010-12-29,68.79905700683594,95.81920623779297,59.94320297241211
2010-12-30,68.7468490600586,95.66703796386719,59.898101806640625
2010-12-31,69.02751159667969,95.68986511230469,60.56089401245117
2011-01-03,68.94921112060547,96.67911529541016,60.104042053222656
2011-01-04,68.96871948242188,96.62584686279297,60.17482376098633
2011-01-05,68.63587951660156,97.12808990478516,58.849361419677734
2011-01-06,68.64893341064453,96.93783569335938,59.106719970703125
2011-01-07,68.87080383300781,96.74758911132812,59.4219856262207
2011-01-10,69.05367279052734,96.62584686279297,59.74372863769531
2011-01-11,68.91657257080078,96.96825408935547,59.409156799316406
2011-01-12,68.91007995605469,97.84336853027344,58.945831298828125
2011-01-13,69.15809631347656,97.68357849121094,59.473472595214844
2011-01-14,69.01448059082031,98.39128112792969,59.093814849853516
2011-01-18,68.96871948242188,98.55867004394531,58.81718063354492
2011-01-19,68.98181915283203,97.59225463867188,59.2418327331543
2011-01-20,68.72074890136719,97.462890625,58.42464065551758
2011-01-21,68.93612670898438,97.68357849121094,58.887943267822266
2011-01-24,68.8969955444336,98.23908233642578,58.913700103759766
2011-01-25,69.11237335205078,98.29231262207031,59.473472595214844
2011-01-26,68.88388061523438,98.67281341552734,58.572654724121094
2011-01-27,69.00141906738281,98.91629028320312,58.83643341064453
2011-01-28,69.09928894042969,97.18896484375,59.14533996582031
2011-01-31,68.96871948242188,97.9194564819336,58.694915771484375
2011-02-01,68.82212829589844,99.48700714111328,58.40436935424805
2011-02-02,68.7435531616211,99.29679107666016,58.417274475097656
2011-02-03,68.48822021484375,99.51747131347656,57.932960510253906
2011-02-04,68.25907135009766,99.79901123046875,57.34539794921875
2011-02-07,68.28526306152344,100.42303466796875,57.642417907714844
2011-02-08,68.08882141113281,100.87960052490234,57.11296081542969
2011-02-09,68.21326446533203,100.65129089355469,57.61015319824219
2011-02-10,68.01679992675781,100.6893539428711,56.945037841796875
2011-02-11,68.28526306152344,101.29048919677734,57.765071868896484
2011-02-14,68.31800842285156,101.53394317626953,57.80385971069336
2011-02-15,68.40309143066406,101.21440887451172,58.062110900878906
2011-02-16,68.40309143066406,101.85358428955078,57.87484359741211
2011-02-17,68.56681060791016,102.15797424316406,57.96527862548828
2011-02-18,68.54058837890625,102.37101745605469,57.784454345703125
2011-02-22,68.78939819335938,100.31645202636719,58.649658203125
2011-02-23,68.84178161621094,99.70008850097656,58.86284255981445
2011-02-24,68.85486602783203,99.631591796875,59.237300872802734
2011-02-25,69.03820037841797,100.69696807861328,59.58598709106445
2011-02-28,69.16915130615234,101.32091522216797,59.66345977783203
2011-03-01,69.11331939697266,99.631591796875,59.8364143371582
2011-03-02,69.00175476074219,99.84466552734375,58.91658401489258
2011-03-03,68.7587661743164,101.56443786621094,58.34006118774414
2011-03-04,68.9426498413086,100.80348205566406,58.82588195800781
2011-03-07,68.97545623779297,100.01206970214844,58.450138092041016
2011-03-08,68.9229965209961,100.88715362548828,58.0938606262207
2011-03-09,69.0870361328125,100.7425765991211,58.65746307373047
2011-03-10,69.32992553710938,98.87824249267578,59.642086029052734
2011-03-11,69.34309387207031,99.5631103515625,59.305274963378906
2011-03-14,69.38247680664062,98.96194458007812,59.27933883666992
2011-03-15,69.40872955322266,97.82814025878906,60.166770935058594
2011-03-16,69.60563659667969,96.01707458496094,60.847007751464844
2011-03-17,69.5597152709961,97.2878646850586,60.38056564331055
2011-03-18,69.5334701538086,97.64171600341797,60.54258728027344
2011-03-21,69.36935424804688,99.15495300292969,60.186256408691406
2011-03-22,69.37591552734375,98.81103515625,60.38703918457031
2011-03-23,69.34309387207031,99.09381103515625,60.30937576293945
2011-03-24,69.15274047851562,100.04151153564453,59.85587692260742
2011-03-25,69.09362030029297,100.34719848632812,59.706886291503906
2011-03-28,69.06079864501953,100.1026382446289,59.791114807128906
2011-03-29,68.97545623779297,100.77518463134766,59.33113098144531
2011-03-30,69.09362030029297,101.47064971923828,59.804039001464844
2011-03-31,69.01484680175781,101.33308410644531,59.68099594116211
2011-04-01,69.1090087890625,101.7610855102539,59.97109603881836
2011-04-04,69.22090148925781,101.84514617919922,60.03614044189453
2011-04-05,69.07608032226562,101.82984161376953,59.795475006103516
2011-04-06,68.87198638916016,102.15084838867188,58.89778518676758
2011-04-07,68.977294921875,101.8910140991211,58.780670166015625
2011-04-08,68.84566497802734,101.5394287109375,58.4683837890625
2011-04-11,68.9114761352539,101.23375701904297,58.520450592041016
2011-04-12,69.17483520507812,100.47708129882812,59.151424407958984
2011-04-13,69.24727630615234,100.46946716308594,59.52222442626953
2011-04-14,69.18142700195312,100.54589080810547,59.4766960144043
2011-04-15,69.43163299560547,100.9127426147461,60.283329010009766
2011-04-18,69.55015563964844,99.78166961669922,60.419952392578125
2011-04-19,69.68840789794922,100.35484313964844,60.68012619018555
2011-04-20,69.58963012695312,101.72285461425781,60.28986358642578
2011-04-21,69.63575744628906,102.2425308227539,60.23781204223633
2011-04-25,69.67526245117188,102.13555908203125,60.46548843383789
2011-04-26,69.93203735351562,103.01444244384766,61.05096435546875
2011-04-27,69.87274932861328,103.68698120117188,60.42646408081055
2011-04-28,70.03740692138672,104.02330017089844,60.88829803466797
2011-04-29,70.09664154052734,104.26786041259766,61.07700729370117
2011-05-02,70.13360595703125,104.10733795166016,61.17496871948242
2011-05-03,70.15343475341797,103.73285675048828,61.52117156982422
2011-05-04,70.28553009033203,103.04502868652344,61.795589447021484
2011-05-05,70.44404602050781,102.1126480102539,62.38355255126953
2011-05-06,70.43742370605469,102.56354522705078,62.10917282104492
2011-05-09,70.51664733886719,102.9609603881836,62.0438346862793
2011-05-10,70.39114379882812,103.83985137939453,61.59960174560547
2011-05-11,70.51664733886719,102.7469482421875,61.95236587524414
2011-05-12,70.41094207763672,103.23609924316406,61.56039047241211
2011-05-13,70.52323150634766,102.4412612915039,62.115699768066406
2011-05-16,70.67510986328125,101.79166412353516,62.461952209472656
2011-05-17,70.75437927246094,101.77637481689453,63.10216522216797
2011-05-18,70.64215087890625,102.68582153320312,62.2659797668457
2011-05-19,70.58927917480469,102.93040466308594,62.23982620239258
2011-05-20,70.65535736083984,102.1126480102539,62.27250289916992
2011-05-23,70.71480560302734,100.92800903320312,62.57299041748047
2011-05-24,70.74119567871094,100.84397888183594,62.808204650878906
2011-05-25,70.7279281616211,101.18020629882812,62.51419448852539
2011-05-26,70.87986755371094,101.64644622802734,63.04994201660156
2011-05-27,70.9458999633789,102.03618621826172,63.02381896972656
2011-05-31,70.96571350097656,103.0985336303711,63.16752624511719
2011-06-01,71.2723617553711,100.7828140258789,64.02124786376953
2011-06-02,70.98756408691406,100.67581939697266,62.80164337158203
2011-06-03,71.08027648925781,99.67461395263672,63.162288665771484
2011-06-06,71.09349822998047,98.61994934082031,62.68363952636719
2011-06-07,71.23924255371094,98.558837890625,62.97216033935547
2011-06-08,71.29888916015625,98.14613342285156,63.46388626098633
2011-06-09,71.1928939819336,98.89508056640625,63.20819091796875
2011-06-10,71.1863021850586,97.51942443847656,63.69338607788086
2011-06-13,71.09349822998047,97.59585571289062,63.37211608886719
2011-06-14,70.90150451660156,98.83396911621094,62.41484451293945
2011-06-15,71.08027648925781,97.076171875,63.549129486083984
2011-06-16,71.1266860961914,97.29019927978516,63.83762741088867
2011-06-17,71.1928939819336,97.58047485351562,63.5360221862793
2011-06-20,71.10016632080078,98.0797119140625,63.61471939086914
2011-06-21,71.16643524169922,99.42378234863281,63.33277130126953
2011-06-22,71.12004089355469,98.82472229003906,63.37211608886719
2011-06-23,71.35189819335938,98.54053497314453,63.85734939575195
2011-06-24,71.2856216430664,97.39616394042969,63.58847427368164
2011-06-27,71.15975952148438,98.26404571533203,62.716434478759766
2011-06-28,70.87493133544922,99.54669189453125,62.21150588989258
2011-06-29,70.66299438476562,100.39924621582031,61.79843521118164
2011-06-30,70.64976501464844,101.35932159423828,61.70010757446289
2011-07-01,70.67239379882812,102.85697937011719,61.601417541503906
2011-07-05,70.94469451904297,102.7724609375,61.739566802978516
2011-07-06,70.98457336425781,102.89537811279297,62.05539321899414
2011-07-07,70.78529357910156,103.96296691894531,61.87117004394531
2011-07-08,71.15062713623047,103.22564697265625,62.746158599853516
2011-07-11,71.34326934814453,101.35932159423828,63.68704605102539
2011-07-12,71.40301513671875,100.9214859008789,63.904144287109375
2011-07-13,71.5424575805664,101.25945281982422,64.0818099975586
2011-07-14,71.3631362915039,100.56050109863281,63.1672477722168
2011-07-15,71.4627914428711,101.14423370361328,63.272579193115234
2011-07-18,71.35649871826172,100.31471252441406,62.6606559753418
2011-07-19,71.50931549072266,101.94297790527344,63.96336364746094
2011-07-20,71.39634704589844,101.88154602050781,63.20677947998047
2011-07-21,71.28343200683594,103.29476165771484,62.71989059448242
2011-07-22,71.43624877929688,103.36390686035156,63.1936149597168
2011-07-25,71.23030853271484,102.78788757324219,62.502784729003906
2011-07-26,71.39634704589844,102.40384674072266,62.93043899536133
2011-07-27,71.27681732177734,100.30706024169922,62.936988830566406
2011-07-28,71.41638946533203,100.01519775390625,63.17386245727539
2011-07-29,71.8414306640625,99.33163452148438,64.42391204833984
2011-08-01,72.01461791992188,98.90921020507812,65.0740966796875
2011-08-02,72.32093048095703,96.38232421875,67.0280532836914
2011-08-03,72.39422607421875,96.90459442138672,67.1600112915039
2011-08-04,72.78052520751953,92.36543273925781,69.5497055053711
2011-08-05,72.3010025024414,92.2271957397461,67.54296875
2011-08-08,72.33429718017578,86.2210693359375,69.67509460449219
2011-08-09,72.76054382324219,90.23026275634766,69.88636016845703
2011-08-10,73.35332489013672,86.24409484863281,71.96573638916016
2011-08-11,72.44082641601562,90.11504364013672,68.33509063720703
2011-08-12,72.76054382324219,90.72179412841797,69.68832397460938
2011-08-15,72.87381744384766,92.64190673828125,68.98204803466797
2011-08-16,73.0269775390625,91.85086059570312,70.12394714355469
2011-08-17,73.14688873291016,91.91228485107422,71.35183715820312
2011-08-18,73.25341033935547,87.94917297363281,72.81724548339844
2011-08-19,73.28673553466797,86.51289367675781,73.40479278564453
2011-08-22,73.19348907470703,86.58204650878906,73.21987915039062
2011-08-23,73.02030181884766,89.43152618408203,72.20990753173828
2011-08-24,72.60738372802734,90.69107055664062,70.1570053100586
2011-08-25,72.75385284423828,89.3086166381836,70.91614532470703
2011-08-26,72.85379028320312,90.60660552978516,71.61589813232422
2011-08-29,72.77384185791016,93.21029663085938,70.62570190429688
2011-08-30,73.00035095214844,93.4560546875,71.76111602783203
2011-08-31,72.9337387084961,93.8708267211914,70.65211486816406
2011-09-01,73.16868591308594,92.8877182006836,72.1498031616211
2011-09-02,73.38893127441406,90.51444244384766,74.49364471435547
2011-09-06,73.58255767822266,89.85391235351562,75.26829528808594
2011-09-07,73.40894317626953,92.3884506225586,73.83153533935547
2011-09-08,73.42899322509766,91.42842102050781,74.49364471435547
2011-09-09,73.52913665771484,89.03211975097656,75.28816986083984
2011-09-12,73.38227081298828,89.608154296875,75.3675765991211
2011-09-13,73.40894317626953,90.42993927001953,74.29499053955078
2011-09-14,73.42230224609375,91.68186950683594,74.92400360107422
2011-09-15,73.2087631225586,93.26406860351562,73.77853393554688
2011-09-16,73.31553649902344,93.8160400390625,74.31486511230469
2011-09-19,73.47570037841797,92.88191223144531,75.73177337646484
2011-09-20,73.62255096435547,92.7738037109375,76.04961395263672
2011-09-21,73.74268341064453,90.04085540771484,78.56560516357422
2011-09-22,73.95626068115234,87.13033294677734,81.51858520507812
2011-09-23,73.57582092285156,87.65531158447266,80.00235748291016
2011-09-26,73.40894317626953,89.73973846435547,78.71791076660156
2011-09-27,73.30887603759766,90.7433853149414,77.51284790039062
2011-09-28,73.24878692626953,88.89054107666016,77.48634338378906
2011-09-29,73.22209930419922,89.59310913085938,78.02262878417969
2011-09-30,73.49576568603516,87.3542251586914,79.98252868652344
2011-10-03,73.79600524902344,84.86832427978516,82.18360900878906
2011-10-04,73.56863403320312,86.72888946533203,81.14151000976562
2011-10-05,73.32123565673828,88.33470916748047,80.55736541748047
2011-10-06,73.2008056640625,89.93277740478516,79.07048034667969
2011-10-07,73.05364227294922,89.33060455322266,78.48633575439453
2011-10-10,72.90655517578125,92.31831359863281,77.37779998779297
2011-10-11,73.08040618896484,92.41098022460938,77.11894226074219
2011-10-12,72.94000244140625,93.22158813476562,75.99712371826172
2011-10-13,72.98009490966797,93.03629302978516,76.75382995605469
2011-10-14,72.85970306396484,94.62666320800781,75.63868713378906
2011-10-17,73.1473388671875,92.82015991210938,76.94629669189453
2011-10-18,73.06703186035156,94.6343994140625,76.46837615966797
2011-10-19,73.174072265625,93.51494598388672,76.44187927246094
2011-10-20,73.13395690917969,93.92412567138672,75.89757537841797
2011-10-21,73.174072265625,95.7074966430664,75.09436798095703
2011-10-24,73.06036376953125,96.88096618652344,75.22048950195312
2011-10-25,73.43489074707031,94.99722290039062,77.13221740722656
2011-10-26,73.23424530029297,95.96224212646484,75.78470611572266
2011-10-27,72.95330047607422,99.30517578125,73.21585845947266
2011-10-28,73.24091339111328,99.28194427490234,73.98583221435547
2011-10-31,73.58872985839844,96.88866424560547,76.91981506347656
2011-11-01,73.94212341308594,94.1866226196289,79.49459075927734
2011-11-02,73.94212341308594,95.72293853759766,78.50302124023438
2011-11-03,73.78117370605469,97.46768951416016,77.42491912841797
2011-11-04,73.76103210449219,96.8732681274414,77.51803588867188
2011-11-07,73.82141876220703,97.47542572021484,78.0105209350586
2011-11-08,73.7208251953125,98.72611236572266,77.01229095458984
2011-11-09,73.84821319580078,95.08216094970703,78.6094741821289
2011-11-10,73.7074203491211,95.97770690917969,77.43826293945312
2011-11-11,73.62022399902344,97.78423309326172,76.96570587158203
2011-11-14,73.68059539794922,96.85781860351562,78.20352935791016
2011-11-15,73.58668518066406,97.33649444580078,78.09698486328125
2011-11-16,73.55986022949219,95.79242706298828,78.80912780761719
2011-11-17,73.51969146728516,94.27154541015625,79.44137573242188
2011-11-18,73.50619506835938,94.17119598388672,79.42144775390625
2011-11-21,73.4927978515625,92.38009643554688,79.89392852783203
2011-11-22,73.54644775390625,92.01725769042969,80.78570556640625
2011-11-23,73.61354064941406,89.98681640625,81.57770538330078
2011-11-25,73.51297760009766,89.81695556640625,80.39305877685547
2011-11-28,73.50619506835938,92.41869354248047,80.3531494140625
2011-11-29,73.5330581665039,92.68119049072266,79.69427490234375
2011-11-30,73.34528350830078,96.49496459960938,78.44975280761719
2011-12-01,73.37088012695312,96.47948455810547,78.05614471435547
2011-12-02,73.55966186523438,96.39462280273438,79.1502456665039
2011-12-05,73.64056396484375,97.44457244873047,78.99018859863281
2011-12-06,73.5731430053711,97.47542572021484,78.23627471923828
2011-12-07,73.70797729492188,97.8382797241211,78.51646423339844
2011-12-08,73.78214263916016,95.69202423095703,79.49720764160156
2011-12-09,73.74166107177734,97.31327056884766,77.86270141601562
2011-12-12,73.76190185546875,95.89277648925781,78.7299575805664
2011-12-13,73.91024780273438,94.99722290039062,79.46383666992188
2011-12-14,74.09220886230469,93.98587799072266,80.96491241455078
2011-12-15,73.93717193603516,94.3255615234375,80.66471099853516
2011-12-16,74.18660736083984,94.4654541015625,81.60536193847656
2011-12-19,74.2607421875,93.45543670654297,82.63949584960938
2011-12-20,74.1596450805664,96.28340148925781,80.57798767089844
2011-12-21,73.97089385986328,96.46987915039062,79.4571762084961
2011-12-22,74.08544158935547,97.32447814941406,79.7907485961914
2011-12-23,73.99787139892578,98.19463348388672,78.90347290039062
2011-12-27,74.13140869140625,98.27230834960938,79.27825927734375
2011-12-28,74.25945281982422,96.98263549804688,80.74400329589844
2011-12-29,74.43477630615234,97.98486328125,80.89125061035156
2011-12-30,74.34036254882812,97.50318145751953,81.15228271484375
2012-01-03,74.1920166015625,99.0570297241211,79.93415069580078
2012-01-04,74.09091186523438,99.21238708496094,78.98374938964844
2012-01-05,74.1920166015625,99.4765396118164,78.84322357177734
2012-01-06,74.25269317626953,99.22014617919922,79.46562957763672
2012-01-09,74.1920166015625,99.46099090576172,79.32511138916016
2012-01-10,74.17180633544922,100.3233871459961,79.19123840332031
2012-01-11,74.43477630615234,100.37775421142578,80.22196960449219
2012-01-12,74.37406158447266,100.61861419677734,80.1081771850586
2012-01-13,74.54269409179688,100.09806060791016,80.9046401977539
2012-01-17,74.56287384033203,100.48651885986328,81.27943420410156
2012-01-18,74.46846008300781,101.5975341796875,80.29559326171875
2012-01-19,74.34712982177734,102.13359832763672,79.19123840332031
2012-01-20,74.1583023071289,102.5142822265625,78.29440307617188
2012-01-23,74.09765625,102.2501449584961,77.79906463623047
2012-01-24,74.1583023071289,102.13359832763672,77.93964385986328
2012-01-25,74.26618194580078,102.9881820678711,77.75226593017578
2012-01-26,74.41458129882812,102.45989990234375,78.78297424316406
2012-01-27,74.53592681884766,102.41331481933594,79.03057861328125
2012-01-30,74.75172424316406,102.06367492675781,79.96092987060547
2012-01-31,74.87982177734375,102.02487182617188,80.88458251953125
2012-02-01,74.74798583984375,102.91831970214844,79.95808410644531
2012-02-02,74.76828002929688,103.08141326904297,79.92450714111328
2012-02-03,74.7344970703125,104.52648162841797,78.20697021484375
2012-02-06,74.78852081298828,104.45661163330078,78.98522186279297
2012-02-07,74.71421813964844,104.72071075439453,78.00572204589844
2012-02-08,74.6533203125,105.03150939941406,78.06610107421875
2012-02-09,74.53170776367188,105.16358947753906,77.48237609863281
2012-02-10,74.63311004638672,104.38665008544922,78.48875427246094
2012-02-13,74.66009521484375,105.16358947753906,78.58935546875
2012-02-14,74.7209701538086,105.03150939941406,79.00537109375
2012-02-15,74.69392395019531,104.54206848144531,78.86448669433594
2012-02-16,74.68038940429688,105.69965362548828,78.23384094238281
2012-02-17,74.58573913574219,105.97933959960938,78.21368408203125
2012-02-21,74.4708480834961,106.02598571777344,77.34821319580078
2012-02-22,74.68038940429688,105.68411254882812,78.321044921875
2012-02-23,74.74122619628906,106.1502685546875,78.321044921875
2012-02-24,74.76152038574219,106.38333129882812,78.83094024658203
2012-02-27,74.99813079833984,106.5620346069336,79.52865600585938
2012-02-28,74.9439697265625,106.87279510498047,79.26697540283203
2012-02-29,74.86965942382812,106.4532470703125,78.78398895263672
2012-03-01,74.71858978271484,107.00486755371094,78.04229736328125
2012-03-02,74.88121795654297,106.67855834960938,78.77523040771484
2012-03-05,74.7728042602539,106.24349212646484,78.1498794555664
2012-03-06,74.9218521118164,104.68968200683594,79.09798431396484
2012-03-07,74.8541030883789,105.4199447631836,78.61383819580078
2012-03-08,74.6846694946289,106.46878051757812,77.82707977294922
2012-03-09,74.67109680175781,106.88054656982422,77.9817886352539
2012-03-12,74.73888397216797,106.8883056640625,77.9682846069336
2012-03-13,74.48817443847656,108.81507110595703,76.59654998779297
2012-03-14,74.08155822753906,108.69856262207031,74.66667938232422
2012-03-15,74.04765319824219,109.327880859375,74.7810287475586
2012-03-16,74.054443359375,109.47926330566406,74.92890930175781
2012-03-19,73.81727600097656,109.90839385986328,74.03459167480469
2012-03-20,73.92567443847656,109.5884780883789,74.33048248291016
2012-03-21,74.10188293457031,109.40904998779297,75.17102813720703
2012-03-22,74.1696548461914,108.62086486816406,75.41307067871094
2012-03-23,74.33905792236328,108.97203826904297,76.1258773803711
2012-03-26,74.28485870361328,110.50146484375,75.73579406738281
2012-03-27,74.36622619628906,110.15811920166016,76.28048706054688
2012-03-28,74.35258483886719,109.61190795898438,76.17289733886719
2012-03-29,74.5559310913086,109.42462158203125,76.7445068359375
2012-03-30,74.44068145751953,109.87720489501953,75.44669342041016
2012-04-02,74.44953918457031,110.68094635009766,75.86469268798828
2012-04-03,74.13032531738281,110.2283706665039,74.550048828125
2012-04-04,74.28650665283203,109.13590240478516,75.57483673095703
2012-04-05,74.45635986328125,109.08126831054688,76.120849609375
2012-04-09,74.78234100341797,107.856201171875,77.9007339477539
2012-04-10,74.78910064697266,106.04581451416016,78.7838363647461
2012-04-11,74.7958984375,106.9041748046875,77.84002685546875
2012-04-12,74.72120666503906,108.30094909667969,77.51639556884766
2012-04-13,74.9521255493164,107.01339721679688,78.77037811279297
2012-04-16,74.9656982421875,106.94319152832031,78.65576171875
2012-04-17,74.97930908203125,108.52723693847656,78.60859680175781
2012-04-18,75.07439422607422,108.16053009033203,78.8377685546875
2012-04-19,75.02008056640625,107.46602630615234,78.91192626953125
2012-04-20,75.03361511230469,107.64550018310547,78.92538452148438
2012-04-23,75.10831451416016,106.74028778076172,79.49845123291016
2012-04-24,74.99960327148438,107.14606475830078,78.93888854980469
2012-04-25,75.03361511230469,108.61307525634766,78.53439331054688
2012-04-26,75.14906311035156,109.37000274658203,79.0063247680664
2012-04-27,75.14226531982422,109.54947662353516,79.07373046875
2012-04-30,75.11511993408203,109.14371490478516,79.09396362304688
2012-05-01,75.08792114257812,109.8226089477539,78.68375396728516
2012-05-02,75.16275787353516,109.4948501586914,79.2379150390625
2012-05-03,75.24439239501953,108.65991973876953,79.21760559082031
2012-05-04,75.31928253173828,106.9041748046875,79.8393783569336
2012-05-07,75.34654235839844,106.98223114013672,79.8528823852539
2012-05-08,75.40094757080078,106.55307006835938,80.2786636352539
2012-05-09,75.42134857177734,105.92098236083984,80.33270263671875
2012-05-10,75.34654235839844,106.13949584960938,80.09616088867188
2012-05-11,75.40094757080078,105.81953430175781,80.75850677490234
2012-05-14,75.57112121582031,104.64906311035156,81.88710021972656
2012-05-15,75.5302505493164,104.04817962646484,82.21819305419922
2012-05-16,75.51663970947266,103.65023803710938,82.45472717285156
2012-05-17,75.56431579589844,102.11299133300781,83.91446685791016
2012-05-18,75.54390716552734,101.23906707763672,83.93473052978516
2012-05-21,75.5302505493164,102.97919464111328,83.75906372070312
2012-05-22,75.34654235839844,103.15863800048828,82.82644653320312
2012-05-23,75.43500518798828,103.21327209472656,83.40087890625
2012-05-24,75.37374114990234,103.4161605834961,83.08322143554688
2012-05-25,75.48941040039062,103.08061218261719,83.39408111572266
2012-05-29,75.44861602783203,104.32908630371094,83.13726043701172
2012-05-30,75.70040893554688,102.81525421142578,85.2457504272461
2012-05-31,75.92498016357422,102.58895111083984,86.23249053955078
2012-06-01,76.11461639404297,100.00611114501953,88.27967834472656
2012-06-04,75.93728637695312,99.95930480957031,87.58214569091797
2012-06-05,75.78042602539062,100.71623229980469,86.41058349609375
2012-06-06,75.55535125732422,102.97919464111328,84.68375396728516
2012-06-07,75.67127990722656,103.04158782958984,84.81239318847656
2012-06-08,75.63719940185547,103.86090087890625,84.79210662841797
2012-06-11,75.70539093017578,102.54216766357422,85.17805480957031
2012-06-12,75.64403533935547,103.72044372558594,84.39926147460938
2012-06-13,75.8417739868164,103.05718231201172,85.23221588134766
2012-06-14,75.78722381591797,104.1496810913086,85.12387084960938
2012-06-15,75.96454620361328,105.21479797363281,85.59795379638672
2012-06-18,75.94407653808594,105.41873931884766,86.05841064453125
2012-06-19,75.85545349121094,106.43843078613281,84.93427276611328
2012-06-20,75.73947143554688,106.265869140625,85.35411834716797
2012-06-21,75.8417739868164,103.88138580322266,85.80787658691406
2012-06-22,75.73268127441406,104.68144226074219,84.6633529663086
2012-06-25,75.97136688232422,103.00291442871094,85.89592742919922
2012-06-26,75.8895263671875,103.52059936523438,85.55729675292969
2012-06-27,75.92362976074219,104.4540023803711,85.69273376464844
2012-06-28,76.01227569580078,104.15593719482422,85.9027099609375
2012-06-29,75.91001892089844,106.7521743774414,84.78529357910156
2012-07-02,76.05555725097656,107.07374572753906,85.66007232666016
2012-07-03,76.00086212158203,107.77969360351562,85.0018081665039
2012-07-05,76.19910430908203,107.2933578491211,85.43614959716797
2012-07-06,76.25367736816406,106.27369689941406,86.23015594482422
2012-07-09,76.40411376953125,106.14037322998047,86.9902572631836
2012-07-10,76.43826293945312,105.21479797363281,87.16670227050781
2012-07-11,76.431396484375,105.23053741455078,87.27532958984375
2012-07-12,76.56809997558594,104.72066497802734,87.89288330078125
2012-07-13,76.595458984375,106.4776382446289,87.66211700439453
2012-07-16,76.65694427490234,106.22663116455078,88.0693130493164
2012-07-17,76.6296615600586,106.95616912841797,87.3770980834961
2012-07-18,76.77997589111328,107.74832916259766,87.42464447021484
2012-07-19,76.71845245361328,108.03068542480469,87.2006607055664
2012-07-20,76.82777404785156,107.04240417480469,88.26612854003906
2012-07-23,76.89616394042969,105.95996856689453,88.76150512695312
2012-07-24,76.99185180664062,105.05007934570312,89.4605941772461
2012-07-25,77.0191421508789,105.07365417480469,89.69129180908203
2012-07-26,76.97132110595703,106.80705261230469,88.87013244628906
2012-07-27,76.73896789550781,108.77581787109375,87.19384002685547
2012-07-30,76.8687973022461,108.77581787109375,87.84536743164062
2012-07-31,76.94396209716797,108.01499938964844,88.0218276977539
2012-08-01,76.8549575805664,107.92086791992188,87.58182525634766
2012-08-02,76.86865234375,107.17573547363281,88.07823944091797
2012-08-03,76.68377685546875,109.30139923095703,86.6568832397461
2012-08-06,76.80020141601562,109.51314544677734,86.69094848632812
2012-08-07,76.59480285644531,110.06217193603516,85.57554626464844
2012-08-08,76.49894714355469,110.19557189941406,85.11988067626953
2012-08-09,76.47835540771484,110.28968048095703,85.05866241455078
2012-08-10,76.60165405273438,110.47007751464844,85.48713684082031
2012-08-13,76.59480285644531,110.41514587402344,85.34429931640625
2012-08-14,76.41673278808594,110.43085479736328,84.18815612792969
2012-08-15,76.17019653320312,110.55636596679688,83.00477600097656
2012-08-16,76.0743408203125,111.37203979492188,82.29747772216797
2012-08-17,76.16339111328125,111.52111053466797,82.69873046875
2012-08-20,76.13602447509766,111.52897644042969,82.8687515258789
2012-08-21,76.23871612548828,111.19168090820312,83.23602294921875
2012-08-22,76.56736755371094,111.23876190185547,84.60980224609375
2012-08-23,76.62214660644531,110.32890319824219,84.96345520019531
2012-08-24,76.56736755371094,110.99557495117188,84.8818359375
2012-08-27,76.67008209228516,111.0191421508789,85.37834930419922
2012-08-28,76.7317123413086,110.90931701660156,85.58235168457031
2012-08-29,76.65635681152344,110.99557495117188,85.20829772949219
2012-08-30,76.7043228149414,110.19557189941406,85.65036010742188
2012-08-31,76.9439697265625,110.7210693359375,86.86092376708984
2012-09-04,76.92957305908203,110.61907196044922,86.77367401123047
2012-09-05,76.92957305908203,110.52497863769531,86.36470031738281
2012-09-06,76.75119018554688,112.76824188232422,84.92669677734375
2012-09-07,76.76493835449219,113.20750427246094,84.53138732910156
2012-09-10,76.77864074707031,112.56429290771484,84.7358627319336
2012-09-11,76.689453125,112.8780517578125,84.20419311523438
2012-09-12,76.54537963867188,113.25459289550781,83.1546859741211
2012-09-13,76.72377014160156,114.98018646240234,82.82752227783203
2012-09-14,76.408203125,115.49003601074219,80.626220703125
2012-09-17,76.53163146972656,115.09783935546875,81.59393310546875
2012-09-18,76.57968139648438,115.00372314453125,82.00289154052734
2012-09-19,76.7305679321289,115.06643676757812,82.54130554199219
2012-09-20,76.68258666992188,115.07431030273438,82.74575805664062
2012-09-21,76.80606079101562,115.02620697021484,82.84120178222656
2012-09-24,76.88838195800781,114.85269165039062,83.48861694335938
2012-09-25,77.01192474365234,113.6304702758789,84.3133316040039
2012-09-26,77.08734893798828,112.9917221069336,85.21974182128906
2012-09-27,77.03937530517578,114.05632019042969,84.6131820678711
2012-09-28,77.14911651611328,113.5279312133789,84.66089630126953
2012-10-01,77.11958312988281,113.8276138305664,84.97502899169922
2012-10-02,77.18144226074219,113.94587707519531,84.8589859008789
2012-10-03,77.15394592285156,114.41116333007812,84.88629913330078
2012-10-04,77.04391479492188,115.23121643066406,83.82768249511719
2012-10-05,76.88589477539062,115.23908996582031,82.74179077148438
2012-10-08,77.00272369384766,114.84481811523438,83.4383773803711
2012-10-09,76.92023468017578,113.70933532714844,83.28813934326172
2012-10-10,77.04391479492188,112.98380279541016,83.87544250488281
2012-10-11,77.14020538330078,113.04691314697266,84.45604705810547
2012-10-12,77.20204162597656,112.6762924194336,84.66773986816406
2012-10-15,77.2432632446289,113.6146469116211,84.4765396118164
2012-10-16,77.11958312988281,114.76600646972656,83.3086166381836
2012-10-17,76.87899017333984,115.28639221191406,82.5368423461914
2012-10-18,76.85150909423828,114.98677062988281,82.03141021728516
2012-10-19,76.94772338867188,113.0705337524414,83.1446762084961
2012-10-22,76.84465026855469,113.08636474609375,82.61199951171875
2012-10-23,77.01651763916016,111.51716613769531,83.79351806640625
2012-10-24,76.96147155761719,111.20174407958984,82.9671630859375
2012-10-25,76.79654693603516,111.52500915527344,82.54366302490234
2012-10-26,77.00272369384766,111.46196746826172,83.75936126708984
2012-10-31,77.11273193359375,111.46196746826172,84.25111389160156
2012-11-01,77.01143646240234,112.62899017333984,83.56130981445312
2012-11-02,77.05964660644531,111.62752532958984,83.4998779296875
2012-11-05,77.19054412841797,111.856201171875,83.97109985351562
2012-11-06,76.97007751464844,112.73149871826172,83.17886352539062
2012-11-07,77.14920806884766,110.17655944824219,84.688232421875
2012-11-08,77.24565124511719,108.85182189941406,85.94486999511719
2012-11-09,77.2043228149414,108.94645690917969,86.0405044555664
2012-11-12,77.18370819091797,109.03318786621094,86.18388366699219
2012-11-13,77.32139587402344,108.65467834472656,86.4708023071289
2012-11-14,77.3420639038086,107.1879653930664,86.55274963378906
2012-11-15,77.26628112792969,107.0066146850586,86.38200378417969
2012-11-16,77.29390716552734,107.5349349975586,86.30683135986328
2012-11-19,77.34896850585938,109.71136474609375,85.82195281982422
2012-11-20,77.2043228149414,109.75865173339844,84.96146392822266
2012-11-21,77.07345581054688,109.96367645263672,84.91360473632812
2012-11-23,77.12162780761719,111.46196746826172,84.8316650390625
2012-11-26,77.14920806884766,111.22539520263672,85.23457336425781
2012-11-27,77.25252532958984,110.65763092041016,85.56925201416016
2012-11-28,77.26628112792969,111.5486831665039,85.44631958007812
2012-11-29,77.36273956298828,112.06912994384766,85.45996856689453
2012-11-30,77.32139587402344,112.0927734375,85.22779083251953
2012-12-03,77.33245086669922,111.54077911376953,85.30643463134766
2012-12-04,77.3810043334961,111.38308715820312,85.79915618896484
2012-12-05,77.45027160644531,111.58023834228516,85.7580795288086
2012-12-06,77.44337463378906,111.95869445800781,85.94282531738281
2012-12-07,77.37408447265625,112.29779815673828,85.14909362792969
2012-12-10,77.387939453125,112.34512329101562,85.52545928955078
2012-12-11,77.36021423339844,113.10999298095703,84.87532806396484
2012-12-12,77.1453857421875,113.16516876220703,83.88995361328125
2012-12-13,77.02070617675781,112.47129821777344,83.95148468017578
2012-12-14,77.15921783447266,112.05333709716797,84.58108520507812
2012-12-17,76.9721450805664,113.37022399902344,83.31511688232422
2012-12-18,76.7919921875,114.63192749023438,82.466552734375
2012-12-19,76.92365264892578,113.78028106689453,82.74026489257812
2012-12-20,76.93055725097656,114.43476104736328,82.75395965576172
2012-12-21,76.9998779296875,113.39603424072266,83.65727996826172
2012-12-24,77.00674438476562,113.04662322998047,83.50672912597656
2012-12-26,77.11095428466797,112.57012176513672,83.80711364746094
2012-12-27,77.15264892578125,112.41923522949219,84.08826446533203
2012-12-28,77.27066040039062,111.20420837402344,84.56835174560547
2012-12-31,77.1318130493164,113.0942611694336,83.10758209228516
2013-01-02,77.04154205322266,115.99287414550781,81.9965591430664
2013-01-03,76.84705352783203,115.73079681396484,80.88553619384766
2013-01-04,76.93037414550781,116.23908996582031,81.20103454589844
2013-01-07,76.88880157470703,115.92139434814453,81.23526763916016
2013-01-08,76.95818328857422,115.587890625,81.770263671875
2013-01-09,76.90264129638672,115.88169860839844,81.69483184814453
2013-01-10,76.89572143554688,116.80291748046875,81.46847534179688
2013-01-11,76.97209167480469,116.79499053955078,82.19546508789062
2013-01-14,77.04154205322266,116.7155990600586,81.96910095214844
2013-01-15,77.06233978271484,116.79499053955078,82.3462905883789
2013-01-16,77.1040267944336,116.77913665771484,82.51777648925781
2013-01-17,76.93738555908203,117.53352355957031,81.69483184814453
2013-01-18,77.02761840820312,117.79557800292969,82.32573699951172
2013-01-22,76.98594665527344,118.43092346191406,82.48345184326172
2013-01-23,77.06932830810547,118.62149810791016,82.35994720458984
2013-01-24,76.96514892578125,118.65326690673828,82.0719985961914
2013-01-25,76.77762603759766,119.32029724121094,80.94721984863281
2013-01-28,76.66653442382812,119.17740631103516,80.65233612060547
2013-01-29,76.61795806884766,119.64600372314453,80.20655059814453
2013-01-30,76.5832290649414,119.17740631103516,80.06936645507812
2013-01-31,76.65267181396484,118.88358306884766,80.4603271484375
2013-02-01,76.48643493652344,120.10653686523438,79.41553497314453
2013-02-04,76.70206451416016,118.7564926147461,80.43279266357422
2013-02-05,76.54204559326172,119.95570373535156,79.71794891357422
2013-02-06,76.67427825927734,120.04303741455078,80.37098693847656
2013-02-07,76.70206451416016,119.88421630859375,80.19223022460938
2013-02-08,76.72291564941406,120.55130767822266,80.5015869140625
2013-02-11,76.64637756347656,120.5274887084961,80.43970489501953
2013-02-12,76.63247680664062,120.72602081298828,80.2403793334961
2013-02-13,76.55599212646484,120.82926177978516,79.58739471435547
2013-02-14,76.69511413574219,120.94043731689453,80.30908966064453
2013-02-15,76.70206451416016,120.79747009277344,80.07542419433594
2013-02-19,76.61164093017578,121.70284271240234,79.67671966552734
2013-02-20,76.66031646728516,120.18595123291016,79.91730499267578
2013-02-21,76.70206451416016,119.45536041259766,80.38471984863281
2013-02-22,76.74380493164062,120.62271881103516,80.43970489501953
2013-02-25,77.03600311279297,118.32767486572266,82.02056884765625
2013-02-26,77.01506805419922,119.13771057128906,81.54634094238281
2013-02-27,77.03600311279297,120.638671875,81.30574798583984
2013-02-28,77.10559844970703,120.40042877197266,81.45698547363281
2013-03-01,77.1327896118164,120.79747009277344,81.90058898925781
2013-03-04,77.07701873779297,121.44071960449219,81.46664428710938
2013-03-05,77.01428985595703,122.52870178222656,81.2323989868164
2013-03-06,76.93061065673828,122.6954345703125,80.49537658691406
2013-03-07,76.77029418945312,122.9178466796875,79.8753890991211
2013-03-08,76.5472640991211,123.44197082519531,79.04197692871094
2013-03-11,76.58907318115234,123.91055297851562,79.11768341064453
2013-03-12,76.72850799560547,123.6325912475586,79.6894760131836
2013-03-13,76.66578674316406,123.80724334716797,79.60675048828125
2013-03-14,76.74945831298828,124.46639251708984,79.36568450927734
2013-03-15,76.819091796875,124.30209350585938,79.73773193359375
2013-03-18,76.88882446289062,123.6161117553711,80.34388732910156
2013-03-19,77.00035095214844,123.32891082763672,80.88804626464844
2013-03-20,76.91667938232422,124.19044494628906,79.9856948852539
2013-03-21,76.93061065673828,123.12956237792969,80.75714111328125
2013-03-22,76.95842742919922,124.11865234375,80.81909942626953
2013-03-25,76.93061065673828,123.60015106201172,80.74333190917969
2013-03-26,77.02125549316406,124.58930206298828,80.83977508544922
2013-03-27,77.18160247802734,124.58930206298828,81.52862548828125
2013-03-28,77.18160247802734,124.9721450805664,81.11530303955078
2013-04-01,77.25140380859375,124.47760772705078,81.7262191772461
2013-04-02,77.16761016845703,125.09182739257812,81.39488220214844
2013-04-03,77.25140380859375,123.82350158691406,82.12662506103516
2013-04-04,77.46800994873047,124.32601928710938,83.1068344116211
2013-04-05,77.69158935546875,123.76766967773438,84.78431701660156
2013-04-08,77.558837890625,124.60526275634766,84.13544464111328
2013-04-09,77.58676147460938,125.03593444824219,83.92830657958984
2013-04-10,77.42610931396484,126.56748962402344,82.77555084228516
2013-04-11,77.44005584716797,126.98233032226562,82.93425750732422
2013-04-12,77.69158935546875,126.67119598388672,84.16991424560547
2013-04-15,77.72649383544922,123.7357406616211,84.90165710449219
2013-04-16,77.72649383544922,125.56243133544922,84.2044448852539
2013-04-17,77.72649383544922,123.72776794433594,84.76358032226562
2013-04-18,77.71256256103516,122.9539794921875,84.97069549560547
2013-04-19,77.7195053100586,124.02291870117188,84.79125213623047
2013-04-22,77.81734466552734,124.57331848144531,84.85334014892578
2013-04-23,77.78241729736328,125.85759735107422,84.55654907226562
2013-04-24,77.7684326171875,125.93733215332031,84.7705078125
2013-04-25,77.73348999023438,126.44781494140625,84.4046401977539
2013-04-26,77.89419555664062,126.22447967529297,85.17778015136719
2013-04-29,77.94312286376953,127.07010650634766,84.86714172363281
2013-04-30,77.92912292480469,127.37315368652344,84.91547393798828
2013-05-01,77.96554565429688,126.25643157958984,85.78782653808594
2013-05-02,77.97256469726562,127.42902374267578,85.67713928222656
2013-05-03,77.68556213378906,128.7212677001953,83.65709686279297
2013-05-06,77.55955505371094,129.04830932617188,83.44962310791016
2013-05-07,77.51761627197266,129.70233154296875,83.1244888305664
2013-05-08,77.58753204345703,130.2926483154297,83.25587463378906
2013-05-09,77.48255157470703,129.9257049560547,83.04139709472656
2013-05-10,77.32857513427734,130.3484649658203,82.14905548095703
2013-05-13,77.25862121582031,130.45217895507812,81.51952362060547
2013-05-14,77.0766372680664,131.80030822753906,80.63404846191406
2013-05-15,77.1885757446289,132.51016235351562,81.1736068725586
2013-05-16,77.39855194091797,131.8879852294922,82.01762390136719
2013-05-17,77.2095947265625,133.1643524169922,80.97993469238281
2013-05-20,77.13262939453125,133.15631103515625,80.88313293457031
2013-05-21,77.19560241699219,133.3477783203125,81.51952362060547
2013-05-22,76.9366226196289,132.35862731933594,80.30887603759766
2013-05-23,76.90863037109375,131.9757843017578,80.68939971923828
2013-05-24,76.90863037109375,131.86407470703125,80.80008697509766
2013-05-28,76.43270874023438,132.65377807617188,78.7524185180664
2013-05-29,76.53766632080078,131.79226684570312,79.63787078857422
2013-05-30,76.51669311523438,132.2788543701172,79.44417572021484
2013-05-31,76.36972045898438,130.38040161132812,79.17437744140625
2013-06-03,76.40825653076172,131.0983428955078,79.59392547607422
2013-06-04,76.23995971679688,130.46810913085938,78.85887145996094
2013-06-05,76.19792175292969,128.64149475097656,79.94756317138672
2013-06-06,76.3941879272461,129.80609130859375,79.89904022216797
2013-06-07,76.15583801269531,131.45724487304688,78.47055053710938
2013-06-10,76.0016098022461,131.45724487304688,78.09608459472656
2013-06-11,76.0085678100586,130.10118103027344,79.02528381347656
2013-06-12,75.88236236572266,129.0243682861328,77.8949966430664
2013-06-13,76.25399780273438,130.98660278320312,79.11540985107422
2013-06-14,76.27503204345703,130.16500854492188,78.9281997680664
2013-06-17,76.21890258789062,131.1700897216797,78.51213836669922
2013-06-18,76.19091796875,132.2070770263672,78.55377960205078
2013-06-19,75.67898559570312,130.38040161132812,77.742431640625
2013-06-20,75.17415618896484,127.1497802734375,76.46649932861328
2013-06-21,74.75342559814453,127.5579833984375,75.16972351074219
2013-06-24,74.45193481445312,125.94615936279297,75.48178100585938
2013-06-25,74.53608703613281,127.15703582763672,74.80913543701172
2013-06-26,74.85161590576172,128.416015625,75.29450225830078
2013-06-27,75.16712951660156,129.16981506347656,76.06423950195312
2013-06-28,75.17415618896484,128.64053344726562,76.58436584472656
2013-07-01,75.2780990600586,129.39437866210938,76.7386474609375
2013-07-02,75.2780990600586,129.2740478515625,76.68997192382812
2013-07-03,75.17276763916016,129.3301544189453,76.46063232421875
2013-07-05,74.35083770751953,130.72547912597656,73.854248046875
2013-07-08,74.73719787597656,131.47120666503906,74.57014465332031
2013-07-09,74.81450653076172,132.41751098632812,74.64659118652344
2013-07-10,74.61779022216797,132.46554565429688,74.06278991699219
2013-07-11,75.1165771484375,134.26986694335938,74.93163299560547
2013-07-12,75.03228759765625,134.32598876953125,74.86903381347656
2013-07-15,75.19378662109375,134.83921813964844,75.26517486572266
2013-07-16,75.31320190429688,134.33404541015625,75.52230072021484
2013-07-17,75.4748306274414,134.6788330078125,75.6613540649414
2013-07-18,75.33429718017578,135.4165496826172,74.7160873413086
2013-07-19,75.531005859375,135.6571044921875,75.89765930175781
2013-07-22,75.62942504882812,135.92181396484375,76.00886535644531
2013-07-23,75.58721923828125,135.6331024169922,75.68914031982422
2013-07-24,75.3413314819336,135.1359405517578,74.73001861572266
2013-07-25,75.3694839477539,135.46470642089844,74.70217895507812
2013-07-26,75.34837341308594,135.6090545654297,75.16097259521484
2013-07-29,75.34837341308594,135.1920166015625,74.61187744140625
2013-07-30,75.32028198242188,135.1920166015625,74.58406066894531
2013-07-31,75.37647247314453,135.28831481933594,74.85514068603516
2013-08-01,74.95068359375,136.85198974609375,73.4128189086914
2013-08-02,75.20402526855469,137.08457946777344,74.22106170654297
2013-08-05,75.23924255371094,136.884033203125,73.64970397949219
2013-08-06,75.16182708740234,136.106201171875,73.86569213867188
2013-08-07,75.26036834716797,135.6651611328125,74.41612243652344
2013-08-08,75.36593627929688,136.1624298095703,74.61820983886719
2013-08-09,75.41516876220703,135.7694091796875,74.73667907714844
2013-08-12,75.36593627929688,135.6090545654297,74.22799682617188
2013-08-13,75.06331634521484,136.01002502441406,73.15494537353516
2013-08-14,74.96473693847656,135.3123321533203,73.2664794921875
2013-08-15,74.69728088378906,133.4198455810547,72.27704620361328
2013-08-16,74.48612976074219,132.97879028320312,72.02619171142578
2013-08-19,74.25389099121094,132.12881469726562,71.39910125732422
2013-08-20,74.47203826904297,132.77841186523438,71.94955444335938
2013-08-21,74.19754028320312,131.96041870117188,71.16219329833984
2013-08-22,74.28909301757812,133.1632537841797,71.88683319091797
2013-08-23,74.53547668457031,133.6123046875,72.66724395751953
2013-08-26,74.66912841796875,133.1151123046875,73.029541015625
2013-08-27,74.86622619628906,130.97409057617188,73.94928741455078
2013-08-28,74.7254638671875,131.43914794921875,73.35005187988281
2013-08-29,74.87323760986328,131.64761352539062,73.93537139892578
2013-08-30,74.75359344482422,131.23065185546875,73.85176849365234
2013-09-03,74.56884765625,131.8240509033203,72.81009674072266
2013-09-04,74.46305847167969,132.9146270751953,72.64942169189453
2013-09-05,73.9624252319336,133.08309936523438,71.6364517211914
2013-09-06,74.2374038696289,133.1471710205078,71.99272155761719
2013-09-09,74.38544464111328,134.42225646972656,72.02767181396484
2013-09-10,74.25150299072266,135.4165496826172,71.52464294433594
2013-09-11,74.50535583496094,135.8415985107422,72.16034698486328
2013-09-12,74.42078399658203,135.4807586669922,72.0625991821289
2013-09-13,74.52654266357422,135.7854766845703,72.34205627441406
2013-09-16,74.68167114257812,136.57127380371094,71.85994720458984
2013-09-17,74.75216674804688,137.1807403564453,72.45381927490234
2013-09-18,75.37979888916016,138.7685546875,73.34803009033203
2013-09-19,75.28807830810547,138.53599548339844,72.91487121582031
2013-09-20,75.28807830810547,137.56741333007812,73.29914855957031
2013-09-23,75.34446716308594,136.93084716796875,73.83709716796875
2013-09-24,75.52079010009766,136.60850524902344,74.6335220336914
2013-09-25,75.62651824951172,136.21368408203125,74.78719329833984
2013-09-26,75.61244201660156,136.73739624023438,74.26326751708984
2013-09-27,75.65476989746094,136.10885620117188,74.44487762451172
2013-09-30,75.5913314819336,135.38363647460938,74.33309173583984
2013-10-01,75.5355224609375,136.45535278320312,74.10753631591797
2013-10-02,75.63439178466797,136.326416015625,74.21961975097656
2013-10-03,75.69091033935547,135.06939697265625,74.10054016113281
2013-10-04,75.62731170654297,136.09274291992188,74.04456329345703
2013-10-07,75.61316680908203,134.916259765625,74.34568786621094
2013-10-08,75.577880859375,133.34494018554688,74.3667221069336
2013-10-09,75.5213623046875,133.44161987304688,73.7713623046875
2013-10-10,75.60615539550781,136.31837463378906,73.89041137695312
2013-10-11,75.63439178466797,137.19676208496094,73.86939239501953
2013-10-14,75.49311828613281,137.74465942382812,73.27405548095703
2013-10-15,75.4577865600586,136.74549865722656,73.22501373291016
2013-10-16,75.78275299072266,138.6553192138672,74.14259338378906
2013-10-17,75.99462890625,139.58192443847656,74.81504821777344
2013-10-18,76.12178802490234,140.52471923828125,74.97611236572266
2013-10-21,76.05122375488281,140.53277587890625,74.73799133300781
2013-10-22,76.31961059570312,141.34664916992188,75.57150268554688
2013-10-23,76.29840087890625,140.66973876953125,75.86566162109375
2013-10-24,76.2701187133789,141.13710021972656,75.57150268554688
2013-10-25,76.29840087890625,141.78176879882812,75.8516616821289
2013-10-28,76.26311492919922,142.00738525390625,75.5925064086914
2013-10-29,76.35489654541016,142.76480102539062,75.69056701660156
2013-10-30,76.21360778808594,142.05577087402344,75.23529052734375
2013-10-31,76.2206802368164,141.65281677246094,75.39637756347656
2013-11-01,76.03671264648438,141.99124145507812,74.58026123046875
2013-11-04,76.11455535888672,142.49087524414062,74.65048217773438
2013-11-05,75.88807678222656,142.03961181640625,73.75853729248047
2013-11-06,76.0084228515625,142.76480102539062,73.79364776611328
2013-11-07,76.06502532958984,140.9598846435547,74.41873931884766
2013-11-08,75.59089660644531,142.861572265625,72.62783813476562
2013-11-11,75.54846954345703,142.8856964111328,72.35386657714844
2013-11-12,75.52013397216797,142.5956573486328,72.69102478027344
2013-11-13,75.71829986572266,143.73988342285156,72.95789337158203
2013-11-14,75.95181274414062,144.4571075439453,73.40741729736328
2013-11-15,75.97301483154297,145.0856170654297,73.55488586425781
2013-11-18,76.12159729003906,144.57791137695312,73.99735260009766
2013-11-19,75.91642761230469,144.26365661621094,73.43547821044922
2013-11-20,75.7040786743164,143.81240844726562,72.18534851074219
2013-11-21,75.781982421875,144.97279357910156,72.30475616455078
2013-11-22,75.88807678222656,145.697998046875,72.97895050048828
2013-11-25,75.94473266601562,145.552978515625,73.18965148925781
2013-11-26,75.96593475341797,145.59320068359375,73.46359252929688
2013-11-27,76.00135803222656,145.94778442382812,73.3371353149414
2013-11-29,76.0296630859375,145.85107421875,73.35824584960938
2013-12-02,75.74107360839844,145.4723358154297,72.78765106201172
2013-12-03,75.83324432373047,144.84381103515625,73.0552978515625
2013-12-04,75.63472747802734,144.82774353027344,72.35794067382812
2013-12-05,75.47164916992188,144.19110107421875,72.1536865234375
2013-12-06,75.59925079345703,145.802734375,72.49887084960938
2013-12-09,75.69148254394531,146.17340087890625,72.66790008544922
2013-12-10,75.81199645996094,145.64964294433594,73.18914794921875
2013-12-11,75.69148254394531,144.0138702392578,72.6256332397461
2013-12-12,75.57799530029297,143.53839111328125,72.35089874267578
2013-12-13,75.61346435546875,143.5222625732422,72.70310974121094
2013-12-16,75.6701889038086,144.416748046875,72.43547058105469
2013-12-17,75.79779815673828,143.9574432373047,72.7594985961914
2013-12-18,75.76232147216797,146.4151153564453,72.39319610595703
2013-12-19,75.63472747802734,146.24591064453125,72.32270812988281
2013-12-20,75.76232147216797,147.0966033935547,73.43568420410156
2013-12-23,75.72694396972656,147.8824920654297,73.02012634277344
2013-12-24,75.6205825805664,148.20654296875,72.43547058105469
2013-12-26,75.57791900634766,148.9600067138672,72.15629577636719
2013-12-27,75.60633850097656,148.9519500732422,71.95133209228516
2013-12-30,75.6773681640625,148.92762756347656,72.44603729248047
2013-12-31,75.60633850097656,149.63255310058594,71.98663330078125
2014-01-02,75.65607452392578,148.1985321044922,72.20574951171875
2014-01-03,75.68450164794922,148.1741943359375,72.20574951171875
2014-01-06,75.78394317626953,147.74476623535156,72.5096206665039
2014-01-07,75.8194580078125,148.65219116210938,72.69340515136719
2014-01-08,75.59210968017578,148.68455505371094,72.4955825805664
2014-01-09,75.69874572753906,148.78179931640625,72.9195556640625
2014-01-10,76.08226776123047,149.18690490722656,73.788818359375
2014-01-13,76.1533432006836,147.2019500732422,74.15631866455078
2014-01-14,76.03964233398438,148.8060760498047,73.81706237792969
2014-01-15,75.97575378417969,149.60818481445312,73.73934936523438
2014-01-16,76.1533432006836,149.4136962890625,74.23405456542969
2014-01-17,76.18885040283203,148.78179931640625,74.54496765136719
2014-01-21,76.224365234375,149.21932983398438,74.6015396118164
2014-01-22,76.06098175048828,149.31654357910156,74.41780853271484
2014-01-23,76.25987243652344,148.0931396484375,75.47079467773438
2014-01-24,76.42330932617188,144.9334259033203,75.95846557617188
2014-01-27,76.25987243652344,144.22047424316406,75.42840576171875
2014-01-28,76.38774108886719,145.0792999267578,75.6121597290039
2014-01-29,76.61504364013672,143.6857452392578,76.23408508300781
2014-01-30,76.62931060791016,145.20887756347656,76.01496124267578
2014-01-31,76.77135467529297,144.3582305908203,76.5238037109375
2014-02-03,77.03191375732422,141.10939025878906,77.45623016357422
2014-02-04,76.84677124023438,142.09783935546875,76.63432312011719
2014-02-05,76.65465545654297,141.9195556640625,75.92578125
2014-02-06,76.61907958984375,143.79107666015625,75.59992980957031
2014-02-07,76.74008178710938,145.57347106933594,75.66368865966797
2014-02-10,76.8183364868164,145.84083557128906,75.876220703125
2014-02-11,76.66887664794922,147.43692016601562,75.43694305419922
2014-02-12,76.540771484375,147.50982666015625,75.0472412109375
2014-02-13,76.70445251464844,148.27142333984375,75.4723892211914
2014-02-14,76.70445251464844,149.08969116210938,75.51488494873047
2014-02-18,76.75428771972656,149.2678985595703,75.6849594116211
2014-02-19,76.69735717773438,148.27952575683594,75.36604309082031
2014-02-20,76.65465545654297,149.15452575683594,75.18186950683594
2014-02-21,76.72577667236328,148.984375,75.57860565185547
2014-02-24,76.65465545654297,149.8107452392578,75.38733673095703
2014-02-25,76.86103820800781,149.75399780273438,76.06040954589844
2014-02-26,77.02476501464844,149.76211547851562,76.46430969238281
2014-02-27,77.10307312011719,150.5479736328125,76.88233184814453
2014-02-28,77.06035614013672,150.9287567138672,76.92484283447266
2014-03-03,77.25999450683594,149.8673858642578,77.4383544921875
2014-03-04,76.97477722167969,151.97393798828125,76.27356719970703
2014-03-05,77.0175552368164,152.11160278320312,76.4369125366211
2014-03-06,76.84642791748047,152.46005249023438,75.68407440185547
2014-03-07,76.63249206542969,152.52484130859375,75.20817565917969
2014-03-10,76.63249206542969,152.44387817382812,75.31470489501953
2014-03-11,76.62535095214844,151.6903839111328,75.51356506347656
2014-03-12,76.79644775390625,151.73086547851562,76.03917694091797
2014-03-13,76.99617004394531,150.0294952392578,77.0619125366211
2014-03-14,76.96048736572266,149.60818481445312,77.07608795166016
2014-03-17,76.91773223876953,150.961181640625,76.50084686279297
2014-03-18,77.01044464111328,152.0387420654297,76.77779388427734
2014-03-19,76.6681137084961,151.2285614013672,76.18124389648438
2014-03-20,76.61111450195312,152.11160278320312,76.04622650146484
2014-03-21,76.71805572509766,151.5216522216797,76.87017059326172
2014-03-24,76.8321533203125,150.89508056640625,77.4170150756836
2014-03-25,76.75371551513672,151.61123657226562,77.1258316040039
2014-03-26,76.99617004394531,150.52069091796875,77.72960662841797
2014-03-27,77.05321502685547,150.2034149169922,78.12017059326172
2014-03-28,76.93909454345703,150.94390869140625,77.67989349365234
2014-03-31,76.94625091552734,152.18080139160156,77.48802185058594
2014-04-01,76.82836151123047,153.18991088867188,76.82584381103516
2014-04-02,76.69979095458984,153.7025909423828,76.3844223022461
2014-04-03,76.75694274902344,153.49911499023438,76.71906280517578
2014-04-04,76.99980926513672,151.6844482421875,77.23170471191406
2014-04-07,77.11415100097656,150.0081024169922,77.69456481933594
2014-04-08,77.2070083618164,150.6265106201172,77.87973022460938
2014-04-09,77.2141342163086,152.24591064453125,77.49517822265625
2014-04-10,77.39276123046875,149.04782104492188,78.21440124511719
2014-04-11,77.46417999267578,147.7051239013672,78.84813690185547
2014-04-14,77.49278259277344,148.86883544921875,78.64163970947266
2014-04-15,77.49989318847656,149.8941650390625,79.13296508789062
2014-04-16,77.54279327392578,151.46470642089844,79.23265838623047
2014-04-17,77.292724609375,151.67628479003906,78.36393737792969
2014-04-21,77.28559875488281,152.20523071289062,78.29981994628906
2014-04-22,77.27127838134766,152.89694213867188,78.56332397460938
2014-04-23,77.34989929199219,152.5388946533203,79.01189422607422
2014-04-24,77.42134857177734,152.84811401367188,79.1614990234375
2014-04-25,77.43563842773438,151.5948486328125,79.27542114257812
2014-04-28,77.38565063476562,152.07501220703125,78.8908462524414
2014-04-29,77.42134857177734,152.7829132080078,78.78408813476562
2014-04-30,77.57847595214844,153.2386932373047,79.11164093017578
2014-05-01,77.69158172607422,153.25502014160156,79.96035766601562
2014-05-02,77.78463745117188,153.0352783203125,80.45287322998047
2014-05-05,77.7560043334961,153.3282012939453,79.96746826171875
2014-05-06,77.8132553100586,151.99368286132812,80.2886734008789
2014-05-07,77.8132553100586,152.8888397216797,80.00316619873047
2014-05-08,77.86335754394531,152.72605895996094,79.6604995727539
2014-05-09,77.79177856445312,152.95394897460938,79.40357208251953
2014-05-12,77.72736358642578,154.44309997558594,79.08233642578125
2014-05-13,77.85623168945312,154.58139038085938,79.76763153076172
2014-05-14,78.0781021118164,153.8489990234375,80.63128662109375
2014-05-15,78.24269104003906,152.49818420410156,81.27369689941406
2014-05-16,78.15682220458984,153.0271453857422,81.04529571533203
2014-05-19,78.12818908691406,153.58860778808594,80.44572448730469
2014-05-20,78.16400146484375,152.62026977539062,80.62413787841797
2014-05-21,78.13536834716797,153.90599060058594,80.131591796875
2014-05-22,78.09954833984375,154.2803192138672,80.01744842529297
2014-05-23,78.17831420898438,154.8988037109375,80.44572448730469
2014-05-27,78.24986267089844,155.85084533691406,80.91683197021484
2014-05-28,78.46456146240234,155.73696899414062,81.9161376953125
2014-05-29,78.42162322998047,156.54258728027344,81.48075866699219
2014-05-30,78.49322509765625,156.79481506347656,81.44503021240234
2014-06-02,78.25440216064453,156.97390747070312,80.8395767211914
2014-06-03,78.04645538330078,156.8925018310547,79.84485626220703
2014-06-04,78.01776885986328,157.2097930908203,79.82334899902344
2014-06-05,78.11817932128906,158.23513793945312,79.8591537475586
2014-06-06,78.07514190673828,158.99197387695312,79.8591537475586
2014-06-09,78.00346374511719,159.15475463867188,79.74463653564453
2014-06-10,77.88867950439453,159.17098999023438,79.4511947631836
2014-06-11,77.94607543945312,158.61761474609375,79.59436798095703
2014-06-12,78.0966567993164,157.49464416503906,80.30281829833984
2014-06-13,78.07514190673828,157.97476196289062,80.25994873046875
2014-06-16,78.03211975097656,158.10498046875,80.46034240722656
2014-06-17,77.88867950439453,158.54437255859375,79.82334899902344
2014-06-18,78.0966567993164,159.7080841064453,80.43882751464844
2014-06-19,77.98192596435547,159.88706970214844,79.40827941894531
2014-06-20,78.11817932128906,160.2117156982422,80.00943756103516
2014-06-23,78.04645538330078,160.1626739501953,79.75897979736328
2014-06-24,78.18270111083984,159.19781494140625,80.5676498413086
2014-06-25,78.29029083251953,159.9174041748047,80.77518463134766
2014-06-26,78.44088745117188,159.8028564453125,81.1615982055664
2014-06-27,78.44088745117188,160.11358642578125,81.03995513916016
2014-06-30,78.44804382324219,160.03184509277344,81.24031066894531
2014-07-01,78.35173797607422,161.10296630859375,80.56014251708984
2014-07-02,78.07881927490234,161.26651000976562,79.69920349121094
2014-07-03,78.02853393554688,162.0596160888672,79.41217041015625
2014-07-07,78.05001068115234,161.4954071044922,79.99333953857422
2014-07-08,78.2081298828125,160.4569854736328,80.8902587890625
2014-07-09,78.27275085449219,161.17657470703125,80.95478057861328
2014-07-10,78.30867004394531,160.5387420654297,80.97634887695312
2014-07-11,78.41642761230469,160.75953674316406,81.49292755126953
2014-07-14,78.35173797607422,161.56903076171875,81.14134979248047
2014-07-15,78.25117492675781,161.26651000976562,80.97634887695312
2014-07-16,78.31584930419922,161.86334228515625,81.40678405761719
2014-07-17,78.54570007324219,160.0236053466797,82.43282318115234
2014-07-18,78.45953369140625,161.65899658203125,82.16734313964844
2014-07-21,78.48826599121094,161.3564910888672,82.57637023925781
2014-07-22,78.61759185791016,162.0596160888672,82.74858093261719
2014-07-23,78.63192749023438,162.41940307617188,82.64091491699219
2014-07-24,78.38765716552734,162.42758178710938,82.02387237548828
2014-07-25,78.53853607177734,161.66714477539062,82.99250793457031
2014-07-28,78.55291748046875,161.7325439453125,82.87769317626953
2014-07-29,78.63192749023438,161.0375518798828,83.17903900146484
2014-07-30,78.35173797607422,161.0620574951172,82.02387237548828
2014-07-31,78.25117492675781,157.88137817382812,81.77992248535156
2014-08-01,78.5462417602539,157.39895629882812,82.41295623779297
2014-08-04,78.53182220458984,158.53553771972656,82.19718170166016
2014-08-05,78.53182220458984,156.99835205078125,82.46332550048828
2014-08-06,78.5390625,157.04736328125,82.51372528076172
2014-08-07,78.69017028808594,156.19705200195312,83.28346252441406
2014-08-08,78.718994140625,158.00399780273438,83.10358428955078
2014-08-11,78.7261962890625,158.4619140625,83.09637451171875
2014-08-12,78.69017028808594,158.2411346435547,82.55687713623047
2014-08-13,78.84855651855469,159.31227111816406,83.09637451171875
2014-08-14,78.8917007446289,160.06454467773438,83.76544189453125
2014-08-15,79.08602905273438,160.03184509277344,84.67903900146484
2014-08-18,78.92051696777344,161.372802734375,83.83732604980469
2014-08-19,78.81253814697266,162.2149658203125,83.57841491699219
2014-08-20,78.7261962890625,162.64830017089844,83.44168090820312
2014-08-21,78.86296081542969,163.12255859375,83.90931701660156
2014-08-22,78.84855651855469,162.86911010742188,84.37688446044922
2014-08-25,78.9133071899414,163.69491577148438,84.69343566894531
2014-08-26,78.92051696777344,163.80125427246094,84.4200668334961
2014-08-27,79.02125549316406,163.73577880859375,85.13943481445312
2014-08-28,79.17961120605469,163.6458282470703,85.58548736572266
2014-08-29,79.15080261230469,164.11195373535156,85.64301300048828
2014-09-02,78.9093017578125,164.03018188476562,84.16561126708984
2014-09-03,78.99578857421875,163.94021606445312,84.6343002319336
2014-09-04,78.89483642578125,163.7030792236328,83.6032485961914
2014-09-05,78.85160064697266,164.4390411376953,83.444580078125
2014-09-08,78.77226257324219,164.01380920410156,83.48066711425781
2014-09-09,78.66421508789062,162.9753875732422,83.41575622558594
2014-09-10,78.55596923828125,163.58860778808594,82.88941192626953
2014-09-11,78.47673034667969,163.77670288085938,82.61541748046875
2014-09-12,78.31806182861328,162.82003784179688,81.7502212524414
2014-09-15,78.30364990234375,162.6973876953125,81.87275695800781
2014-09-16,78.30364990234375,163.92388916015625,81.5411148071289
2014-09-17,78.21715545654297,164.1446533203125,81.33198547363281
2014-09-18,78.22435760498047,165.01951599121094,81.591552734375
2014-09-19,78.35411071777344,164.87083435058594,82.62983703613281
2014-09-22,78.46228790283203,163.5975799560547,82.73079681396484
2014-09-23,78.53437042236328,162.66104125976562,83.24272918701172
2014-09-24,78.48387908935547,163.93431091308594,82.78124237060547
2014-09-25,78.63530731201172,161.28919982910156,83.7618408203125
2014-09-26,78.62814331054688,162.57070922851562,83.63927459716797
2014-09-29,78.71467590332031,162.2749786376953,84.30982971191406
2014-09-30,78.66421508789062,161.84783935546875,83.83393859863281
2014-10-01,79.10399627685547,159.6544647216797,85.45958709716797
2014-10-02,78.97393798828125,159.67910766601562,84.71510314941406
2014-10-03,78.93790435791016,161.43710327148438,85.07649993896484
2014-10-06,79.01008605957031,161.2480926513672,85.12710571289062
2014-10-07,79.31343841552734,158.75904846191406,86.27638244628906
2014-10-08,79.53730773925781,161.53565979003906,86.298095703125
2014-10-09,79.3784408569336,158.3318634033203,85.92222595214844
2014-10-10,79.43621063232422,156.5246124267578,86.77511596679688
2014-10-13,79.66731262207031,153.953369140625,87.30282592773438
2014-10-14,79.84786987304688,154.19161987304688,87.87386322021484
2014-10-15,79.9923095703125,153.14837646484375,88.56776428222656
2014-10-16,79.92733001708984,153.01690673828125,88.00393676757812
2014-10-17,79.81895446777344,154.8241729736328,87.51242065429688
2014-10-20,79.91285705566406,156.32745361328125,87.83052062988281
2014-10-21,79.84062957763672,159.42442321777344,87.12931060791016
2014-10-22,79.79729461669922,158.29075622558594,87.22329711914062
2014-10-23,79.60957336425781,160.13087463378906,86.44983673095703
2014-10-24,79.63843536376953,161.3631134033203,86.53662109375
2014-10-27,79.66731262207031,161.1413116455078,86.69567108154297
2014-10-28,79.5445327758789,162.98965454101562,86.15355682373047
2014-10-29,79.37120819091797,162.7432098388672,86.3487319946289
2014-10-30,79.50119018554688,163.78648376464844,86.4209976196289
2014-10-31,79.50119018554688,165.6594696044922,86.19689178466797
2014-11-03,79.35069274902344,165.74986267089844,86.19690704345703
2014-11-04,79.35792541503906,165.1748046875,86.46501159667969
2014-11-05,79.38688659667969,166.21803283691406,86.34178924560547
2014-11-06,79.2494125366211,166.88348388671875,85.78385925292969
2014-11-07,79.51710510253906,167.03955078125,86.769287109375
2014-11-10,79.32897186279297,167.56527709960938,85.97228240966797
2014-11-11,79.36516571044922,167.72958374023438,86.03022003173828
2014-11-12,79.3724365234375,167.54888916015625,85.957763671875
2014-11-13,79.40861511230469,167.73780822753906,86.16064453125
2014-11-14,79.48094940185547,167.77890014648438,86.58094787597656
2014-11-17,79.38688659667969,167.88568115234375,86.36354064941406
2014-11-18,79.4592514038086,168.85499572753906,86.60265350341797
2014-11-19,79.27113342285156,168.58392333984375,86.05194854736328
2014-11-20,79.41584014892578,168.8796844482422,86.50117492675781
2014-11-21,79.50985717773438,169.7832794189453,87.02289581298828
2014-11-24,79.538818359375,170.25975036621094,87.0953598022461
2014-11-25,79.71245574951172,170.136474609375,87.81991577148438
2014-11-26,79.7775650024414,170.57191467285156,88.0590591430664
2014-11-28,80.0235595703125,170.21044921875,88.7546615600586
2014-12-01,79.84363555908203,169.02757263183594,88.23686981201172
2014-12-02,79.68408203125,170.12010192871094,87.37989807128906
2014-12-03,79.6115493774414,170.77731323242188,87.72126007080078
2014-12-04,79.85091400146484,170.58836364746094,88.45478057861328
2014-12-05,79.51000213623047,170.86764526367188,87.93909454345703
2014-12-08,79.705810546875,169.7257843017578,89.01395416259766
2014-12-09,79.82917022705078,169.6107940673828,89.47149658203125
2014-12-10,79.96697998046875,166.89170837402344,90.12508392333984
2014-12-11,79.93797302246094,167.73780822753906,90.49542999267578
2014-12-12,80.19186401367188,165.0269012451172,91.72272491455078
2014-12-15,79.97421264648438,163.8933563232422,91.53394317626953
2014-12-16,80.1700668334961,162.57891845703125,92.66688537597656
2014-12-17,80.0685043334961,165.7662811279297,91.83173370361328
2014-12-18,79.85818481445312,169.8654022216797,90.1976547241211
2014-12-19,79.98870849609375,170.5882110595703,91.4104995727539
2014-12-22,80.11195373535156,171.3729248046875,91.53394317626953
2014-12-23,79.74213409423828,171.60418701171875,89.7183837890625
2014-12-24,79.82869720458984,171.62071228027344,90.20671081542969
2014-12-26,79.8651123046875,172.1741485595703,90.54145812988281
2014-12-29,80.03250122070312,172.40545654296875,91.21831512451172
2014-12-30,80.1198501586914,171.48033142089844,91.46576690673828
2014-12-31,80.14166259765625,169.77867126464844,91.64041137695312
2015-01-02,80.36727142333984,169.6878204345703,92.65928649902344
2015-01-05,80.54190826416016,166.62332153320312,94.11480712890625
2015-01-06,80.74567413330078,165.05392456054688,95.81050109863281
2015-01-07,80.73115539550781,167.1106719970703,95.62127685546875
2015-01-08,80.60745239257812,170.07601928710938,94.35496520996094
2015-01-09,80.80396270751953,168.71315002441406,95.38839721679688
2015-01-12,80.86944580078125,167.39149475097656,95.9342269897461
2015-01-13,80.8912582397461,166.92071533203125,95.9342269897461
2015-01-14,81.08778381347656,165.9129180908203,96.66203308105469
2015-01-15,81.45890045166016,164.3931121826172,98.18305206298828
2015-01-16,81.14598083496094,166.54901123046875,96.93123626708984
2015-01-20,81.28425598144531,166.9041748046875,98.21941375732422
2015-01-21,81.13871002197266,167.74671936035156,97.08409881591797
2015-01-22,81.09501647949219,170.24127197265625,96.73473358154297
2015-01-23,81.29883575439453,169.307861328125,98.08113098144531
2015-01-26,81.2624282836914,169.70437622070312,97.78276824951172
2015-01-27,81.21878814697266,167.4658966064453,97.93557739257812
2015-01-28,81.56082153320312,165.31826782226562,99.5367202758789
2015-01-29,81.49528503417969,166.84640502929688,98.88166809082031
2015-01-30,81.78643035888672,164.74830627441406,100.63562774658203
2015-02-02,81.78348541259766,166.78857421875,100.255615234375
2015-02-03,81.47003936767578,169.20050048828125,98.13359069824219
2015-02-04,81.59400177001953,168.5562286376953,98.30133819580078
2015-02-05,81.42633819580078,170.25779724121094,97.22209930419922
2015-02-06,80.95252227783203,169.78695678710938,95.50106811523438
2015-02-09,80.93798828125,169.02708435058594,95.34791564941406
2015-02-10,80.8504867553711,170.82774353027344,94.58946990966797
2015-02-11,80.81405639648438,170.92689514160156,94.76449584960938
2015-02-12,80.82862854003906,172.57058715820312,94.4509506225586
2015-02-13,80.73385620117188,173.28099060058594,93.48104095458984
2015-02-17,80.40584564208984,173.5535888671875,92.07363891601562
2015-02-18,80.63182830810547,173.57005310058594,92.62055206298828
2015-02-19,80.56620788574219,173.4461669921875,92.00800323486328
2015-02-20,80.58082580566406,174.48699951171875,92.27777099609375
2015-02-23,80.7265853881836,174.46224975585938,93.33521270751953
2015-02-24,81.0837631225586,174.95777893066406,94.56033325195312
2015-02-25,81.14202117919922,174.8091583251953,94.96871185302734
2015-02-26,80.8504867553711,174.60267639160156,93.67064666748047
2015-02-27,81.05461883544922,174.0078582763672,94.4582290649414
2015-03-02,80.64279174804688,175.1065216064453,92.69878387451172
2015-03-03,80.54061126708984,174.3878631591797,92.36271667480469
2015-03-04,80.58436584472656,173.65274047851562,92.39191436767578
2015-03-05,80.6208724975586,173.84266662597656,92.2750244140625
2015-03-06,80.09520721435547,171.39767456054688,90.23648071289062
2015-03-09,80.29965209960938,172.10804748535156,91.06941986083984
2015-03-10,80.48947143554688,169.31614685058594,92.2677230834961
2015-03-11,80.6501235961914,168.9197235107422,92.93994140625
2015-03-12,80.71581268310547,171.06732177734375,92.8741226196289
2015-03-13,80.56249237060547,170.01828002929688,92.58919525146484
2015-03-16,80.73768615722656,172.28973388671875,93.4805908203125
2015-03-17,80.72310638427734,171.7776336669922,94.25505828857422
2015-03-18,81.31452178955078,173.84266662597656,96.07442474365234
2015-03-19,81.02978515625,173.04969787597656,95.58493041992188
2015-03-20,81.27800750732422,174.5772247314453,96.08905029296875
2015-03-23,81.29254913330078,174.237060546875,95.97217559814453
2015-03-24,81.51164245605469,173.25796508789062,96.90008544921875
2015-03-25,81.35835266113281,170.71910095214844,96.08175659179688
2015-03-26,81.06627655029297,170.3125457763672,94.58392333984375
2015-03-27,81.18314361572266,170.70248413085938,95.7602767944336
2015-03-30,81.21961212158203,172.7850341796875,95.2852783203125
2015-03-31,81.35835266113281,171.2750244140625,95.48992156982422
2015-04-01,81.6224365234375,170.66934204101562,96.74411010742188
2015-04-02,81.51268005371094,171.2833251953125,95.71912384033203
2015-04-06,81.56388854980469,172.43663024902344,95.18457794189453
2015-04-07,81.57847595214844,171.98025512695312,95.982666015625
2015-04-08,81.58582305908203,172.56101989746094,96.01201629638672
2015-04-09,81.3809814453125,173.32435607910156,94.76722717285156
2015-04-10,81.3809814453125,174.2702178955078,94.9063491821289
2015-04-13,81.46879577636719,173.48196411132812,95.03820037841797
2015-04-14,81.55659484863281,173.8138427734375,95.7117691040039
2015-04-15,81.66627502441406,174.59375,95.63126373291016
2015-04-16,81.6224365234375,174.5439910888672,95.15532684326172
2015-04-17,81.68828582763672,172.53610229492188,96.24627685546875
2015-04-20,81.62969970703125,174.11257934570312,95.3969497680664
2015-04-21,81.54193878173828,173.9051513671875,94.96495819091797
2015-04-22,81.30052947998047,174.75973510742188,93.51521301269531
2015-04-23,81.42488861083984,175.19955444335938,93.91790771484375
2015-04-24,81.56388854980469,175.60606384277344,94.50363159179688
2015-04-27,81.59312438964844,174.87591552734375,94.50363159179688
2015-04-28,81.27857971191406,175.43177795410156,93.20035552978516
2015-04-29,81.09571075439453,174.70994567871094,92.05815124511719
2015-04-30,81.09571075439453,172.95933532714844,92.21923065185547
2015-05-01,80.86559295654297,174.83438110351562,90.97783660888672
2015-05-04,80.71170043945312,175.33224487304688,90.11943817138672
2015-05-05,80.6384048461914,173.32435607910156,89.99464416503906
2015-05-06,80.36724853515625,172.61080932617188,88.45391082763672
2015-05-07,80.56512451171875,173.29945373535156,89.64249420166016
2015-05-08,80.82897186279297,175.58116149902344,89.8846206665039
2015-05-11,80.31592559814453,174.74314880371094,87.69819641113281
2015-05-12,80.30860900878906,174.22042846679688,87.92566680908203
2015-05-13,80.3012466430664,174.25363159179688,87.22132110595703
2015-05-14,80.42585754394531,176.07070922851562,87.4560546875
2015-05-15,80.76295471191406,176.2615509033203,89.20963287353516
2015-05-18,80.45516204833984,176.80914306640625,87.7129135131836
2015-05-19,80.17671966552734,176.75106811523438,86.9351806640625
2015-05-20,80.3012466430664,176.62652587890625,87.08191680908203
2015-05-21,80.55048370361328,177.1409912109375,88.29986572265625
2015-05-22,80.4625015258789,176.71783447265625,88.33653259277344
2015-05-26,80.6603775024414,174.8177947998047,89.84793853759766
2015-05-27,80.74098205566406,176.47723388671875,90.05337524414062
2015-05-28,80.71170043945312,176.27810668945312,89.833251953125
2015-05-29,80.74098205566406,175.18289184570312,90.0313491821289
2015-06-01,80.51780700683594,175.53968811035156,89.06375885009766
2015-06-02,80.20207214355469,175.36541748046875,87.82113647460938
2015-06-03,79.88634490966797,175.83001708984375,86.409423828125
2015-06-04,80.05522918701172,174.34486389160156,87.53437042236328
2015-06-05,79.70278930664062,174.0461883544922,86.4682388305664
2015-06-08,79.82024383544922,172.975830078125,86.3726577758789
2015-06-09,79.59264373779297,172.95101928710938,85.68882751464844
2015-06-10,79.39439392089844,175.0252227783203,84.93885803222656
2015-06-11,79.82024383544922,175.58941650390625,86.72555541992188
2015-06-12,79.72476196289062,174.24534606933594,86.72555541992188
2015-06-15,79.82024383544922,173.49856567382812,86.8652572631836
2015-06-16,79.9524154663086,174.44444274902344,87.54905700683594
2015-06-17,79.95979309082031,174.72654724121094,86.87260437011719
2015-06-18,79.93775939941406,176.54364013671875,86.44617462158203
2015-06-19,80.1874008178711,175.7598876953125,87.55644989013672
2015-06-22,79.79088592529297,176.66030883789062,85.76969146728516
2015-06-23,79.6073226928711,176.78538513183594,85.25506591796875
2015-06-24,79.73214721679688,175.50144958496094,85.99024963378906
2015-06-25,79.64403533935547,174.9678192138672,85.68882751464844
2015-06-26,79.45313262939453,174.93455505371094,84.7256088256836
2015-06-29,79.92308044433594,171.2660369873047,86.96817779541016
2015-06-30,79.87165832519531,171.62460327148438,86.36528778076172
2015-07-01,79.6700210571289,173.00021362304688,85.19953155517578
2015-07-02,79.78043365478516,172.84182739257812,85.47952270507812
2015-07-06,80.06733703613281,172.3499298095703,87.0638427734375
2015-07-07,80.17772674560547,173.4337921142578,87.8818359375
2015-07-08,80.36900329589844,170.52403259277344,88.64078521728516
2015-07-09,80.07469940185547,170.8324737548828,86.89435577392578
2015-07-10,79.73628234863281,172.9835662841797,85.51641082763672
2015-07-13,79.61858367919922,174.89279174804688,85.25112915039062
2015-07-14,79.75098419189453,175.65151977539062,85.5311279296875
2015-07-15,79.96435546875,175.59315490722656,86.43750762939453
2015-07-16,80.03057861328125,177.0021514892578,87.03437805175781
2015-07-17,80.03790283203125,177.1522216796875,87.48384857177734
2015-07-20,79.89813232421875,177.2439727783203,87.11542510986328
2015-07-21,80.03057861328125,176.54360961914062,87.58705139160156
2015-07-22,80.06733703613281,176.22677612304688,88.13233184814453
2015-07-23,80.29545593261719,175.23460388183594,89.23033142089844
2015-07-24,80.28067779541016,173.41705322265625,89.45140838623047
2015-07-27,80.38367462158203,172.4082794189453,89.93038940429688
2015-07-28,80.30281829833984,174.52598571777344,89.27452850341797
2015-07-29,80.2365951538086,175.7265167236328,88.94294738769531
2015-07-30,80.243896484375,175.7682342529297,89.62826538085938
2015-07-31,80.56026458740234,175.50144958496094,90.29145812988281
2015-08-03,80.64360809326172,174.90945434570312,91.24188995361328
2015-08-04,80.40767669677734,174.56764221191406,90.51818084716797
2015-08-05,80.26023864746094,175.1429443359375,89.83873748779297
2015-08-06,80.35608673095703,173.7089080810547,90.6363296508789
2015-08-07,80.49614715576172,173.37539672851562,91.82533264160156
2015-08-10,80.39297485351562,175.55975341796875,90.68803405761719
2015-08-11,80.65830993652344,173.9756622314453,92.12810516357422
2015-08-12,80.60670471191406,174.18409729003906,91.6259536743164
2015-08-13,80.43714141845703,173.9673309326172,91.33052062988281
2015-08-14,80.40029907226562,174.6009521484375,91.54468536376953
2015-08-17,80.54037475585938,175.57644653320312,91.95825958251953
2015-08-18,80.39297485351562,175.06787109375,91.2345199584961
2015-08-19,80.64360809326172,173.68385314941406,92.13548278808594
2015-08-20,80.7688980102539,170.05711364746094,93.06603240966797
2015-08-21,80.90896606445312,164.93795776367188,93.34668731689453
2015-08-24,80.87945556640625,157.9929962158203,93.31708526611328
2015-08-25,80.68781280517578,156.13375854492188,91.81792449951172
2015-08-26,80.31182098388672,162.12832641601562,90.04554748535156
2015-08-27,80.42243957519531,166.13856506347656,90.09722137451172
2015-08-28,80.34869384765625,166.14688110351562,90.36309051513672
2015-08-31,80.2896957397461,164.80455017089844,89.66889953613281
2015-09-01,80.52754211425781,159.8855438232422,90.31499481201172
2015-09-02,80.42415618896484,162.92034912109375,89.53793334960938
2015-09-03,80.54238891601562,163.0370330810547,89.97460174560547
2015-09-04,80.71228790283203,160.56922912597656,90.79607391357422
2015-09-08,80.52019500732422,164.6044921875,89.45648193359375
2015-09-09,80.54979705810547,162.40342712402344,89.88573455810547
2015-09-10,80.46106719970703,163.28720092773438,89.27883911132812
2015-09-11,80.55713653564453,164.02923583984375,89.84134674072266
2015-09-14,80.5793228149414,163.42056274414062,89.98197174072266
2015-09-15,80.21733093261719,165.46322631835938,88.25748443603516
2015-09-16,80.15087127685547,166.8972930908203,87.9244384765625
2015-09-17,80.6531753540039,166.52203369140625,88.99761962890625
2015-09-18,80.71965026855469,163.80088806152344,90.36679077148438
2015-09-21,80.50543212890625,164.64732360839844,88.89401245117188
2015-09-22,80.69749450683594,162.51023864746094,90.12996673583984
2015-09-23,80.6310043334961,162.25045776367188,90.12259674072266
2015-09-24,80.73443603515625,161.663818359375,90.73687744140625
2015-09-25,80.59406280517578,161.62188720703125,89.95235443115234
2015-09-28,80.7861099243164,157.56564331054688,91.4917984008789
2015-09-29,80.91167449951172,157.65780639648438,91.75082397460938
2015-09-30,80.94122314453125,160.5994110107422,91.43256378173828
2015-10-01,81.00415802001953,161.01846313476562,91.8226547241211
2015-10-02,81.24836730957031,163.42373657226562,92.37889862060547
2015-10-05,80.94490814208984,166.33184814453125,91.12551879882812
2015-10-06,81.1447525024414,165.7619171142578,91.51859283447266
2015-10-07,81.08553314208984,167.11961364746094,91.21452331542969
2015-10-08,80.97455596923828,168.6281280517578,90.45062255859375
2015-10-09,80.90792846679688,168.72869873046875,90.68798065185547
2015-10-12,81.1151351928711,168.887939453125,91.37771606445312
2015-10-13,81.12248992919922,167.82357788085938,91.533447265625
2015-10-14,81.42591857910156,167.01910400390625,92.33438110351562
2015-10-15,81.31495666503906,169.58355712890625,91.88200378417969
2015-10-16,81.2335205078125,170.35452270507812,91.91168975830078
2015-10-19,81.31495666503906,170.43838500976562,91.65951538085938
2015-10-20,81.15213012695312,170.2205047607422,91.0958251953125
2015-10-21,81.34455108642578,169.16448974609375,92.00066375732422
2015-10-22,81.35931396484375,172.0222930908203,92.15644836425781
2015-10-23,81.21875,173.90797424316406,91.37025451660156
2015-10-26,81.2557373046875,173.48056030273438,91.97840118408203
2015-10-27,81.3741455078125,173.14529418945312,92.20834350585938
2015-10-28,81.12994384765625,175.1148223876953,91.83746337890625
2015-10-29,80.78211212158203,175.01422119140625,90.37644958496094
2015-10-30,80.9967269897461,174.25994873046875,91.05875396728516
2015-11-02,80.83729553222656,176.32164001464844,90.64028930664062
2015-11-03,80.68904876708984,176.83287048339844,89.89708709716797
2015-11-04,80.68904876708984,176.29647827148438,90.00112915039062
2015-11-05,80.65194702148438,176.1205291748047,89.76324462890625
2015-11-06,80.26631927490234,176.02830505371094,88.44770812988281
2015-11-09,80.2144546508789,174.38572692871094,87.94973754882812
2015-11-10,80.36277770996094,174.7879638671875,88.20983123779297
2015-11-11,80.25894927978516,174.10073852539062,88.02403259277344
2015-11-12,80.33312225341797,171.6703643798828,88.44770812988281
2015-11-13,80.48876953125,169.74281311035156,88.9531478881836
2015-11-16,80.55553436279297,172.32400512695312,88.87136840820312
2015-11-17,80.61491394042969,172.19830322265625,89.0200424194336
2015-11-18,80.55553436279297,174.93043518066406,89.20580291748047
2015-11-19,80.5926742553711,174.77960205078125,89.80049133300781
2015-11-20,80.54068756103516,175.41650390625,89.52544403076172
2015-11-23,80.56295013427734,175.21539306640625,89.80049133300781
2015-11-24,80.63710021972656,175.45001220703125,89.79302978515625
2015-11-25,80.67420196533203,175.4249267578125,90.00112915039062
2015-11-27,80.65194702148438,175.62603759765625,89.91197204589844
2015-11-30,80.68160247802734,174.89688110351562,90.26870727539062
2015-12-01,80.96436309814453,176.5646514892578,91.48796081542969
2015-12-02,80.86766815185547,174.7628631591797,91.51778411865234
2015-12-03,80.27237701416016,172.31568908691406,89.02999877929688
2015-12-04,80.53279876708984,175.6763153076172,89.8121109008789
2015-12-07,80.65187072753906,174.6120147705078,90.6835708618164
2015-12-08,80.68157196044922,173.43862915039062,90.72824096679688
2015-12-09,80.68157196044922,172.08941650390625,90.63145446777344
2015-12-10,80.666748046875,172.5335693359375,90.7506103515625
2015-12-11,80.86766815185547,169.18966674804688,92.18067932128906
2015-12-14,80.48814392089844,170.04446411132812,90.98897552490234
2015-12-15,80.49557495117188,171.82965087890625,90.45267486572266
2015-12-16,80.35419464111328,174.34376525878906,90.25901794433594
2015-12-17,80.46588897705078,171.6871337890625,91.27950286865234
2015-12-18,80.63697052001953,168.62850952148438,91.78591918945312
2015-12-21,80.56255340576172,170.01956176757812,91.76359558105469
2015-12-22,80.5030288696289,171.56236267089844,91.10066223144531
2015-12-23,80.48814392089844,173.68685913085938,90.41545867919922
2015-12-24,80.52693939208984,173.40023803710938,90.93342590332031
2015-12-28,80.52693939208984,173.00392150878906,91.20211791992188
2015-12-29,80.32563018798828,174.8502197265625,89.68694305419922
2015-12-30,80.31071472167969,173.61094665527344,89.59736633300781
2015-12-31,80.52693939208984,171.87429809570312,90.00042724609375
2016-01-04,80.49707794189453,169.47152709960938,90.64979553222656
2016-01-05,80.53441619873047,169.75816345214844,90.28406524658203
2016-01-06,80.84004974365234,167.61683654785156,91.50069427490234
2016-01-07,80.8326416015625,163.5954132080078,91.66485595703125
2016-01-08,81.01155853271484,161.79971313476562,92.07540130615234
2016-01-11,80.78041076660156,161.9599151611328,91.06781005859375
2016-01-12,80.95930480957031,163.2666015625,92.38143920898438
2016-01-13,81.145751953125,159.19473266601562,93.29203796386719
2016-01-14,81.11592102050781,161.8081512451172,92.41875457763672
2016-01-15,81.21282958984375,158.33474731445312,93.85924530029297
2016-01-19,81.13079833984375,158.54556274414062,93.5682373046875
2016-01-20,81.19791412353516,156.5137481689453,94.5534439086914
2016-01-21,81.08609771728516,157.39059448242188,93.9114990234375
2016-01-22,81.145751953125,160.6194610595703,93.55329895019531
2016-01-25,81.10099792480469,158.1914825439453,94.06079864501953
2016-01-26,81.20536804199219,160.34971618652344,94.1055908203125
2016-01-27,81.2203140258789,158.60455322265625,94.08319091796875
2016-01-28,81.28736114501953,159.43069458007812,94.21756744384766
2016-01-29,81.52593231201172,163.31719970703125,95.0162353515625
2016-02-01,81.42732238769531,163.25820922851562,94.72532653808594
2016-02-02,81.67389678955078,160.31588745117188,96.48270416259766
2016-02-03,81.66641235351562,161.27703857421875,95.68251037597656
2016-02-04,81.74858093261719,161.52996826171875,96.14616394042969
2016-02-05,81.67389678955078,158.4528350830078,96.25830078125
2016-02-08,81.9876937866211,156.31983947753906,98.32975769042969
2016-02-09,81.980224609375,156.3283233642578,98.43441772460938
2016-02-10,82.18193054199219,156.1934051513672,99.30192565917969
2016-02-11,82.23423767089844,154.16162109375,99.99739837646484
2016-02-12,82.01008605957031,157.33995056152344,98.3372573852539
2016-02-16,81.80839538574219,159.99557495117188,97.29780578613281
2016-02-17,81.76350402832031,162.60906982421875,96.69955444335938
2016-02-18,82.01008605957031,161.9430694580078,97.88858032226562
2016-02-19,82.02505493164062,161.86715698242188,97.97079467773438
2016-02-22,82.04742431640625,164.21084594726562,97.91849517822266
2016-02-23,82.06236267089844,162.13694763183594,98.3147964477539
2016-02-24,82.09230041503906,162.87879943847656,98.12033081054688
2016-02-25,82.30147552490234,164.85154724121094,98.47180938720703
2016-02-26,82.15203094482422,164.4722137451172,97.52215576171875
2016-02-29,82.24916076660156,163.18234252929688,97.9483642578125
2016-03-01,82.00287628173828,167.0182647705078,96.22362518310547
2016-03-02,81.91304016113281,167.76866149902344,96.62075805664062
2016-03-03,82.01036834716797,168.42620849609375,96.97285461425781
2016-03-04,81.88306427001953,168.97412109375,96.35103607177734
2016-03-07,81.86061096191406,169.10903930664062,96.32102966308594
2016-03-08,82.06269836425781,167.2627410888672,97.38490295410156
2016-03-09,82.02532958984375,168.08895874023438,96.79304504394531
2016-03-10,82.06269836425781,168.2238006591797,96.39598083496094
2016-03-11,81.91304016113281,170.9384765625,95.4219741821289
2016-03-14,81.95795440673828,170.71925354003906,95.7216796875
2016-03-15,81.88306427001953,170.44107055664062,95.81153869628906
2016-03-16,82.23490142822266,171.4274139404297,96.09624481201172
2016-03-17,82.4071273803711,172.51498413085938,96.49337768554688
2016-03-18,82.4744873046875,173.19296264648438,96.69570922851562
2016-03-21,82.2947998046875,173.4386444091797,95.95390319824219
2016-03-22,82.24242401123047,173.34547424316406,95.93141174316406
2016-03-23,82.42210388183594,172.20143127441406,97.01782989501953
2016-03-24,82.42957305908203,172.12518310546875,97.05529022216797
2016-03-28,82.48947143554688,172.22691345214844,97.18268585205078
2016-03-29,82.73651885986328,173.82003784179688,98.20160675048828
2016-03-30,82.7065658569336,174.58267211914062,97.16766357421875
2016-03-31,82.96856689453125,174.1589813232422,97.85698699951172
2016-04-01,82.89509582519531,175.3453369140625,98.11221313476562
2016-04-04,82.97757720947266,174.77755737304688,98.17230224609375
2016-04-05,83.09008026123047,173.0319061279297,99.2459487915039
2016-04-06,83.07508087158203,174.92160034179688,98.52511596679688
2016-04-07,83.255126953125,172.8285369873047,99.74140167236328
2016-04-08,83.17259216308594,173.29464721679688,99.11077117919922
2016-04-11,83.23258972167969,172.88783264160156,98.9831771850586
2016-04-12,83.09760284423828,174.49790954589844,98.29991912841797
2016-04-13,83.13506317138672,176.26051330566406,98.64531707763672
2016-04-14,82.99259185791016,176.2689971923828,98.17230224609375
2016-04-15,83.2251205444336,176.07412719726562,99.01317596435547
2016-04-18,83.21761322021484,177.311279296875,98.58521270751953
2016-04-19,83.21011352539062,177.87059020996094,98.27740478515625
2016-04-20,83.007568359375,178.04010009765625,97.19628143310547
2016-04-21,82.89509582519531,177.08250427246094,96.61817169189453
2016-04-22,82.90259552001953,177.08250427246094,96.37042236328125
2016-04-25,82.8125228881836,176.77743530273438,95.9725112915039
2016-04-26,82.77505493164062,177.04014587402344,95.53704071044922
2016-04-27,83.0225830078125,177.404541015625,96.49053192138672
2016-04-28,83.1875991821289,175.79444885253906,96.88844299316406
2016-04-29,83.18009948730469,174.84535217285156,97.13618469238281
2016-05-02,83.12372589111328,176.23509216308594,96.15823364257812
2016-05-03,83.27407836914062,174.70130920410156,97.36942291259766
2016-05-04,83.31159210205078,173.7267608642578,97.90354919433594
2016-05-05,83.52202606201172,173.69290161132812,98.55802917480469
2016-05-06,83.3942642211914,174.32843017578125,98.13677978515625
2016-05-09,83.4468994140625,174.47247314453125,98.44515228271484
2016-05-10,83.48444366455078,176.64183044433594,98.4527587890625
2016-05-11,83.48444366455078,174.98941040039062,99.00940704345703
2016-05-12,83.40930938720703,175.04025268554688,98.55802917480469
2016-05-13,83.56712341308594,173.5149383544922,99.51348876953125
2016-05-16,83.42436981201172,175.2267303466797,98.6558837890625
2016-05-17,83.31159210205078,173.5911865234375,98.82137298583984
2016-05-18,82.9659423828125,173.64202880859375,97.41458892822266
2016-05-19,83.01854705810547,173.0403594970703,97.8358383178711
2016-05-20,83.07115173339844,174.13352966308594,97.91110229492188
2016-05-23,83.05609130859375,173.89625549316406,98.1292495727539
2016-05-24,83.01104736328125,176.15036010742188,97.69291687011719
2016-05-25,83.02606201171875,177.34521484375,97.32431030273438
2016-05-26,83.1538314819336,177.39605712890625,97.82832336425781
2016-05-27,83.13877868652344,178.15872192382812,97.68540954589844
2016-05-31,83.19137573242188,177.8197479248047,97.91859436035156
2016-06-01,83.14472198486328,178.18417358398438,98.31588745117188
2016-06-02,83.35551452636719,178.72645568847656,99.02448272705078
2016-06-03,83.80731964111328,178.19259643554688,100.43415832519531
2016-06-06,83.69436645507812,179.09933471679688,99.68787384033203
2016-06-07,83.76968383789062,179.37904357910156,99.92902374267578
2016-06-08,83.79976654052734,179.9636993408203,100.46432495117188
2016-06-09,83.86003875732422,179.71792602539062,101.11260986328125
2016-06-10,83.97297668457031,178.0146484375,101.60259246826172
2016-06-13,84.04077911376953,176.64183044433594,102.05496215820312
2016-06-14,84.00309753417969,176.29446411132812,101.97953796386719
2016-06-15,84.18384552001953,176.04873657226562,102.3715591430664
2016-06-16,84.23649597167969,176.57408142089844,102.86908721923828
2016-06-17,84.17628479003906,175.91648864746094,102.228271484375
2016-06-20,83.94286346435547,177.0493621826172,101.13531494140625
2016-06-21,83.88259887695312,177.55194091796875,100.6678695678711
2016-06-22,83.93531799316406,177.26234436035156,100.83370208740234
2016-06-23,83.79230499267578,179.57081604003906,99.68033599853516
2016-06-24,84.2440185546875,173.12257385253906,102.35643005371094
2016-06-27,84.58292388916016,170.02194213867188,104.91190338134766
2016-06-28,84.68834686279297,173.08847045898438,105.130615234375
2016-06-29,84.62808227539062,176.03573608398438,104.32398223876953
2016-06-30,84.80126190185547,178.4378204345703,104.70844268798828
2016-07-01,84.98384094238281,178.8126220703125,106.16224670410156
2016-07-05,85.21015167236328,177.52638244628906,107.49146270751953
2016-07-06,85.36861419677734,178.5911407470703,107.66515350341797
2016-07-07,85.30823516845703,178.48046875,107.6575927734375
2016-07-08,85.43649291992188,181.1381072998047,108.45055389404297
2016-07-11,85.21015167236328,181.77696228027344,107.49897003173828
2016-07-12,84.95365142822266,183.09727478027344,105.73179626464844
2016-07-13,85.07440185546875,183.07176208496094,106.97789001464844
2016-07-14,84.99894714355469,184.09385681152344,105.4221420288086
2016-07-15,84.68958282470703,183.84686279296875,104.51587677001953
2016-07-18,84.70469665527344,184.3408966064453,104.41767120361328
2016-07-19,84.87823486328125,184.15347290039062,105.00678253173828
2016-07-20,84.80280303955078,184.92019653320312,104.43278503417969
2016-07-21,84.87823486328125,184.2216339111328,104.6442642211914
2016-07-22,84.89329528808594,185.04795837402344,104.8255386352539
2016-07-25,84.7952651977539,184.5453338623047,104.74993896484375
2016-07-26,84.7952651977539,184.63050842285156,104.9161605834961
2016-07-27,85.044189453125,184.4346160888672,106.22267150878906
2016-07-28,85.03662109375,184.64755249023438,106.02628326416016
2016-07-29,85.26296997070312,184.9457550048828,106.90992736816406
2016-08-01,85.06417846679688,184.79237365722656,105.75080108642578
2016-08-02,84.8147964477539,183.60830688476562,104.66121673583984
2016-08-03,84.90546417236328,184.14500427246094,104.72183990478516
2016-08-04,85.06417846679688,184.3408966064453,105.5086898803711
2016-08-05,84.77698516845703,185.84861755371094,104.41160583496094
2016-08-08,84.82987213134766,185.73788452148438,104.60832977294922
2016-08-09,85.04908752441406,185.84861755371094,105.6373291015625
2016-08-10,85.14730072021484,185.38864135742188,106.04589080810547
2016-08-11,84.92057037353516,186.2489471435547,105.10010528564453
2016-08-12,85.12461853027344,186.0871124267578,105.98536682128906
2016-08-15,84.97350311279297,186.62371826171875,104.98657989501953
2016-08-16,84.92057037353516,185.66123962402344,104.70671081542969
2016-08-17,85.07929229736328,186.01048278808594,105.33467864990234
2016-08-18,85.2002182006836,186.42782592773438,105.50114440917969
2016-08-19,85.0113296508789,186.15524291992188,104.94882202148438
2016-08-22,85.13975524902344,186.146728515625,105.83407592773438
2016-08-23,85.16246795654297,186.52154541015625,105.94752502441406
2016-08-24,85.13224792480469,185.5675048828125,105.69782257080078
2016-08-25,85.04149627685547,185.43975830078125,105.29679870605469
2016-08-26,84.90546417236328,185.09046936035156,104.68403625488281
2016-08-29,85.13975524902344,186.00189208984375,106.08374786376953
2016-08-30,85.09443664550781,185.6952667236328,105.6751708984375
2016-08-31,85.07929229736328,185.16717529296875,105.82649993896484
2016-09-01,85.15351104736328,185.1756591796875,105.94319152832031
2016-09-02,85.0399169921875,186.01048278808594,105.0791244506836
2016-09-06,85.22166442871094,186.5726318359375,105.84468841552734
2016-09-07,85.26710510253906,186.5555877685547,105.76887512207031
2016-09-08,84.9718017578125,186.1297149658203,104.44241333007812
2016-09-09,84.60075378417969,181.67469787597656,102.72174072265625
2016-09-12,84.6689224243164,184.28126525878906,102.7748031616211
2016-09-13,84.43419647216797,181.6321563720703,101.60755920410156
2016-09-14,84.5401840209961,181.56398010253906,101.75914001464844
2016-09-15,84.59322357177734,183.37835693359375,101.31953430175781
2016-09-16,84.65375518798828,182.66946411132812,102.13813018798828
2016-09-19,84.58562469482422,182.70370483398438,101.8045654296875
2016-09-20,84.61590576171875,182.71226501464844,102.16083526611328
2016-09-21,84.82793426513672,184.76699829101562,102.987060546875
2016-09-22,85.00202178955078,185.93124389648438,103.80565643310547
2016-09-23,84.9793701171875,184.9124755859375,103.70719146728516
2016-09-26,85.08535766601562,183.41429138183594,104.36663055419922
2016-09-27,85.19137573242188,184.5529327392578,105.13214111328125
2016-09-28,85.21408081054688,185.46900939941406,104.90477752685547
2016-09-29,85.21408081054688,183.791015625,105.1700439453125
2016-09-30,85.12318420410156,185.17787170410156,104.23017883300781
2016-10-03,85.0268783569336,184.7327117919922,103.88621520996094
2016-10-04,84.7386474609375,183.791015625,102.67121887207031
2016-10-05,84.62484741210938,184.6043243408203,102.19278717041016
2016-10-06,84.62484741210938,184.7327117919922,101.62330627441406
2016-10-07,84.6400375366211,184.09918212890625,101.69166564941406
2016-10-10,84.60208129882812,185.05801391601562,101.0917739868164
2016-10-11,84.47313690185547,182.7208709716797,100.86399841308594
2016-10-12,84.50347900390625,182.96058654785156,100.96269226074219
2016-10-13,84.62484741210938,182.36123657226562,101.34231567382812
2016-10-14,84.4807357788086,182.45547485351562,99.92240905761719
2016-10-17,84.62484741210938,181.8218536376953,100.56023406982422
2016-10-18,84.76138305664062,182.96058654785156,100.88676452636719
2016-10-19,84.80691528320312,183.44854736328125,100.97027587890625
2016-10-20,84.77653503417969,183.1060791015625,101.07660675048828
2016-10-21,84.8296890258789,183.1916961669922,101.22847747802734
2016-10-24,84.70068359375,183.97079467773438,100.7879867553711
2016-10-25,84.70068359375,183.35440063476562,101.05378723144531
2016-10-26,84.53382873535156,182.9862518310547,100.37037658691406
2016-10-27,84.32145690917969,182.4982452392578,99.27694702148438
2016-10-28,84.32145690917969,181.95889282226562,99.05671691894531
2016-10-31,84.4275894165039,181.96746826171875,99.66423034667969
2016-11-01,84.38204956054688,180.64903259277344,99.67179870605469
2016-11-02,84.48082733154297,179.56179809570312,100.10546875
2016-11-03,84.36681365966797,178.7398681640625,99.33704376220703
2016-11-04,84.54165649414062,178.54299926757812,100.22720336914062
2016-11-07,84.44282531738281,182.48117065429688,99.37509155273438
2016-11-08,84.30601501464844,183.30300903320312,98.97186279296875
2016-11-09,83.52324676513672,185.24639892578125,94.77229309082031
2016-11-10,83.18123626708984,185.70867919921875,93.3724365234375
2016-11-11,83.02925109863281,185.2806396484375,92.84750366210938
2016-11-14,82.69485473632812,185.4261474609375,92.2920913696289
2016-11-15,82.75562286376953,186.87301635742188,92.74859619140625
2016-11-16,82.93802642822266,186.52200317382812,93.58544921875
2016-11-17,82.62644958496094,187.4808807373047,92.20841217041016
2016-11-18,82.36041259765625,187.06134033203125,91.94216918945312
2016-11-21,82.4288101196289,188.4739532470703,92.17041015625
2016-11-22,82.50482940673828,188.84202575683594,92.13996124267578
2016-11-23,82.2160873413086,188.94480895996094,91.78236389160156
2016-11-25,82.20840454101562,189.64683532714844,91.91934204101562
2016-11-28,82.49726104736328,188.7564697265625,92.59640502929688
2016-11-29,82.58843994140625,189.1245880126953,92.98442077636719
2016-11-30,82.26165771484375,188.67086791992188,91.47803497314453
2016-12-01,81.99059295654297,187.97740173339844,90.51219177246094
2016-12-02,82.24943542480469,188.07159423828125,91.1754150390625
2016-12-05,82.31796264648438,189.20162963867188,91.07632446289062
2016-12-06,82.30278778076172,189.8009033203125,91.00765991210938
2016-12-07,82.51594543457031,192.28367614746094,91.7852554321289
2016-12-08,82.36368560791016,192.7545166015625,90.7027816772461
2016-12-09,82.11238098144531,193.9188232421875,89.57453155517578
2016-12-12,82.03628540039062,193.69625854492188,89.74222564697266
2016-12-13,82.1428451538086,194.98898315429688,90.0624008178711
2016-12-14,81.69363403320312,193.3794403076172,89.05609893798828
2016-12-15,81.59464263916016,194.17567443847656,89.50586700439453
2016-12-16,81.64795684814453,193.7959442138672,89.30005645751953
2016-12-19,81.86116027832031,194.21786499023438,90.26060485839844
2016-12-20,81.78498077392578,194.96705627441406,89.81080627441406
2016-12-21,81.96015167236328,194.424560546875,90.20722198486328
2016-12-22,81.9593505859375,194.0887451171875,90.04596710205078
2016-12-23,81.98225402832031,194.37294006347656,90.22937774658203
2016-12-27,81.92121124267578,194.8551483154297,89.93896484375
2016-12-28,82.05091857910156,193.24472045898438,90.59626770019531
2016-12-29,82.30282592773438,193.20169067382812,90.91728973388672
2016-12-30,82.47071838378906,192.4955596923828,91.05487823486328
2017-01-03,82.55463409423828,193.96820068359375,91.44469451904297
2017-01-04,82.57757568359375,195.1221160888672,91.7962875366211
2017-01-05,82.92096710205078,194.96705627441406,93.23324584960938
2017-01-06,82.64620971679688,195.66465759277344,92.37716674804688
2017-01-09,82.78359985351562,195.01881408691406,93.11858367919922
2017-01-10,82.7607192993164,195.01881408691406,93.05743408203125
2017-01-11,82.85993957519531,195.56993103027344,93.37080383300781
2017-01-12,82.89046478271484,195.0790557861328,93.16443634033203
2017-01-13,82.74543762207031,195.52685546875,92.72110748291016
2017-01-17,83.02780151367188,194.8379364013672,93.69181060791016
2017-01-18,82.66911315917969,195.26849365234375,92.49183654785156
2017-01-19,82.45545196533203,194.5450897216797,91.85742950439453
2017-01-20,82.4859619140625,195.25990295410156,91.67401123046875
2017-01-23,82.71489715576172,194.75186157226562,92.59119415283203
2017-01-24,82.58516693115234,196.00045776367188,91.95679473876953
2017-01-25,82.36386108398438,197.697021484375,90.80266571044922
2017-01-26,82.41729736328125,197.4902801513672,91.10839080810547
2017-01-27,82.4859619140625,197.18028259277344,91.43705749511719
2017-01-30,82.44779205322266,195.95745849609375,91.16189575195312
2017-01-31,82.64620971679688,195.94020080566406,91.7962875366211
2017-02-01,82.52998352050781,196.01773071289062,91.22869110107422
2017-02-02,82.57587432861328,196.1469268798828,91.19039154052734
2017-02-03,82.59878540039062,197.4989013671875,91.1520767211914
2017-02-06,82.83589172363281,197.14585876464844,91.7035903930664
2017-02-07,82.91996765136719,197.1543731689453,92.37764739990234
2017-02-08,83.15706634521484,197.41278076171875,93.63389587402344
2017-02-09,82.958251953125,198.58396911621094,92.55384826660156
2017-02-10,82.94291687011719,199.36767578125,92.50023651123047
2017-02-13,82.8205795288086,200.4527130126953,92.20919036865234
2017-02-14,82.6370849609375,201.25357055664062,91.54275512695312
2017-02-15,82.50701141357422,202.30422973632812,91.1214599609375
2017-02-16,82.68289947509766,202.13194274902344,91.61935424804688
2017-02-17,82.86646270751953,202.4505615234375,92.16320037841797
2017-02-21,82.85880279541016,203.65621948242188,92.00233459472656
2017-02-22,82.91233825683594,203.4753875732422,92.15550994873047
2017-02-23,83.05005645751953,203.61317443847656,92.43128967285156
2017-02-24,83.35591125488281,203.87147521972656,93.45773315429688
2017-02-27,83.20294189453125,204.1901397705078,92.90621948242188
2017-02-28,83.1800308227539,203.6389923095703,93.25086975097656
2017-03-01,82.78922271728516,206.48944091796875,91.6883316040039
2017-03-02,82.63592529296875,205.18911743164062,91.35831451416016
2017-03-03,82.6972885131836,205.3182373046875,91.59624481201172
2017-03-06,82.65894317626953,204.70680236816406,91.15878295898438
2017-03-07,82.55168914794922,204.09539794921875,90.88249206542969
2017-03-08,82.35242462158203,203.7164764404297,90.39132690429688
2017-03-09,82.09952545166016,203.974853515625,89.669921875
2017-03-10,82.2221450805664,204.6896209716797,89.98458099365234
2017-03-13,82.084228515625,204.79295349121094,89.41667175292969
2017-03-14,82.11488342285156,204.00930786132812,89.84645080566406
2017-03-15,82.58995819091797,205.77468872070312,90.94390869140625
2017-03-16,82.49800109863281,205.36988830566406,90.48344421386719
2017-03-17,82.67427062988281,205.00924682617188,91.05133056640625
2017-03-20,82.79688262939453,204.78439331054688,91.44271850585938
2017-03-21,82.9654541015625,202.15505981445312,92.20252990722656
2017-03-22,83.08039855957031,202.6307830810547,92.5709228515625
2017-03-23,83.10336303710938,202.41448974609375,92.44044494628906
2017-03-24,83.03443908691406,202.26748657226562,92.77042388916016
2017-03-27,83.23362731933594,202.0598907470703,93.19255828857422
2017-03-28,83.04206848144531,203.53025817871094,92.5709228515625
2017-03-29,83.2259292602539,203.7205047607422,93.12350463867188
2017-03-30,83.07274627685547,204.36923217773438,92.37137603759766
2017-03-31,83.13404846191406,203.89352416992188,92.63999938964844
2017-04-03,83.44270324707031,203.53890991210938,93.57441711425781
2017-04-04,83.3659439086914,203.6686248779297,93.06683349609375
2017-04-05,83.45804595947266,203.06326293945312,93.35138702392578
2017-04-06,83.45040893554688,203.634033203125,93.21293640136719
2017-04-07,83.2660903930664,203.42649841308594,92.83612060546875
2017-04-10,83.37358093261719,203.54757690429688,93.26680755615234
2017-04-11,83.6116714477539,203.3053741455078,94.15123748779297
2017-04-12,83.79590606689453,202.41448974609375,94.66654205322266
2017-04-13,83.90342712402344,201.09988403320312,94.95877075195312
2017-04-17,83.85736846923828,202.88157653808594,94.66654205322266
2017-04-18,84.19519805908203,202.276123046875,95.90474700927734
2017-04-19,84.06465911865234,201.90423583984375,95.38178253173828
2017-04-20,83.93415069580078,203.54757690429688,95.01262664794922
2017-04-21,83.95716857910156,202.8988494873047,95.01262664794922
2017-04-24,83.83433532714844,205.13037109375,94.5434799194336
2017-04-25,83.55790710449219,206.32395935058594,93.40520477294922
2017-04-26,83.66539764404297,206.19418334960938,93.92052459716797
2017-04-27,83.7421875,206.3671875,93.88976287841797
2017-04-28,83.88802337646484,205.9174041748047,94.09740447998047
2017-05-01,83.67182159423828,206.43637084960938,93.31514739990234
2017-05-02,83.78727722167969,206.5142364501953,93.79297637939453
2017-05-03,83.70260620117188,206.26336669921875,93.85458374023438
2017-05-04,83.63331604003906,206.50552368164062,93.3922348022461
2017-05-05,83.64875030517578,207.31858825683594,93.4770278930664
2017-05-08,83.48716735839844,207.283935546875,92.96833038330078
2017-05-09,83.49481201171875,207.09371948242188,92.96065521240234
2017-05-10,83.51792907714844,207.46563720703125,92.85272979736328
2017-05-11,83.51020050048828,207.04180908203125,92.85272979736328
2017-05-12,83.81806945800781,206.69578552246094,93.55406188964844
2017-05-15,83.78727722167969,207.8375244140625,93.29972839355469
2017-05-16,83.8949966430664,207.64723205566406,93.64654541015625
2017-05-17,84.32591247558594,203.96275329589844,95.01066589355469
2017-05-18,84.27974700927734,204.78439331054688,95.11862182617188
2017-05-19,84.27974700927734,206.11631774902344,95.34207916259766
2017-05-22,84.22589111328125,207.1628875732422,95.08004760742188
2017-05-23,84.06428527832031,207.6212921142578,94.44036865234375
2017-05-24,84.21051788330078,208.1056365966797,94.97213745117188
2017-05-25,84.24897766113281,209.1002960205078,95.00294494628906
2017-05-26,84.21820068359375,209.05706787109375,95.16484069824219
2017-05-30,84.37976837158203,208.87539672851562,95.63491821289062
2017-05-31,84.46442413330078,208.82345581054688,95.87384796142578
2017-06-01,84.42589569091797,210.48414611816406,95.88390350341797
2017-06-02,84.70348358154297,211.18472290039062,97.01924133300781
2017-06-05,84.57238006591797,211.02906799316406,96.4167709350586
2017-06-06,84.7420654296875,210.3544158935547,96.94200134277344
2017-06-07,84.6418228149414,210.74359130859375,96.47854614257812
2017-06-08,84.55695343017578,210.84742736816406,96.22368621826172
2017-06-09,84.48759460449219,210.52737426757812,96.07696533203125
2017-06-12,84.48759460449219,210.48414611816406,96.0460433959961
2017-06-13,84.51068115234375,211.5133819580078,96.06149291992188
2017-06-14,84.78060913085938,211.2452392578125,97.54438018798828
2017-06-15,84.72663116455078,210.8387451171875,97.38993072509766
2017-06-16,84.78060913085938,210.88482666015625,97.58299255371094
2017-06-19,84.66495513916016,212.64044189453125,97.44400787353516
2017-06-20,84.79605102539062,211.2063446044922,98.31672668457031
2017-06-21,84.81149291992188,211.15419006347656,98.5174789428711
2017-06-22,84.85001373291016,211.05868530273438,98.73377227783203
2017-06-23,84.86542510986328,211.3107452392578,98.68742370605469
2017-06-26,84.94258117675781,211.4497528076172,99.05813598632812
2017-06-27,84.6880874633789,209.7462615966797,98.00007629394531
2017-06-28,84.71893310546875,211.6235809326172,97.67569732666016
2017-06-29,84.55695343017578,209.7636260986328,96.85699462890625
2017-06-30,84.44905090332031,210.15472412109375,96.6330337524414
2017-07-03,84.2983627319336,210.5110626220703,96.32191467285156
2017-07-05,84.34468841552734,210.99778747558594,96.3451919555664
2017-07-06,84.18244171142578,209.06834411621094,95.54802703857422
2017-07-07,84.15152740478516,210.42417907714844,94.97527313232422
2017-07-10,84.19013977050781,210.650146484375,95.1146011352539
2017-07-11,84.26744079589844,210.49374389648438,95.27716064453125
2017-07-12,84.52245330810547,212.0755157470703,95.93496704101562
2017-07-13,84.42974090576172,212.43182373046875,95.33131408691406
2017-07-14,84.51472473144531,213.42263793945312,95.44735717773438
2017-07-17,84.55333709716797,213.3965606689453,95.71054077148438
2017-07-18,84.7464828491211,213.50958251953125,96.54633331298828
2017-07-19,84.76968383789062,214.66551208496094,96.58505249023438
2017-07-20,84.79292297363281,214.76113891601562,96.86366271972656
2017-07-21,84.93970489501953,214.56988525390625,97.27385711669922
2017-07-24,84.86244201660156,214.51776123046875,96.89462280273438
2017-07-25,84.56110382080078,215.0392608642578,95.63314819335938
2017-07-26,84.72337341308594,215.0479278564453,95.78791046142578
2017-07-27,84.59971618652344,214.84808349609375,95.31584167480469
2017-07-28,84.76968383789062,214.59600830078125,95.88080596923828
2017-07-31,84.73107147216797,214.47430419921875,95.99690246582031
2017-08-01,84.96341705322266,214.95236206054688,96.67088317871094
2017-08-02,84.90142822265625,215.05662536621094,96.72518920898438
2017-08-03,85.07179260253906,214.63946533203125,97.72569274902344
2017-08-04,84.93236541748047,215.03053283691406,96.89576721191406
2017-08-07,84.92462921142578,215.4303436279297,97.00440216064453
2017-08-08,84.84723663330078,214.90016174316406,96.65538787841797
2017-08-09,84.92462921142578,214.89149475097656,97.18279266357422
2017-08-10,85.00985717773438,211.85821533203125,98.0126724243164
2017-08-11,85.07955169677734,212.17112731933594,98.05921173095703
2017-08-14,85.04084014892578,214.27442932128906,97.5550537109375
2017-08-15,84.91690826416016,214.2483367919922,97.14401245117188
2017-08-16,85.07179260253906,214.6220703125,97.50076293945312
2017-08-17,85.19567108154297,211.2759246826172,98.22984313964844
2017-08-18,85.14148712158203,210.94566345214844,98.20658874511719
2017-08-21,85.20343780517578,211.11082458496094,98.44699096679688
2017-08-22,85.1259765625,213.31837463378906,98.06694793701172
2017-08-23,85.3196029663086,212.5535430908203,98.73399353027344
2017-08-24,85.21118927001953,212.0581512451172,98.36941528320312
2017-08-25,85.27310943603516,212.5535430908203,98.74949645996094
2017-08-28,85.30413818359375,212.5622100830078,98.68743133544922
2017-08-29,85.42803192138672,212.80560302734375,99.00543975830078
2017-08-30,85.41252136230469,213.81375122070312,98.97443389892578
2017-08-31,85.52867126464844,215.10009765625,99.26911163330078
2017-09-01,85.33468627929688,215.40426635742188,98.50984954833984
2017-09-05,85.68389129638672,213.8572540283203,100.072021484375
2017-09-06,85.59078216552734,214.58729553222656,99.45799255371094
2017-09-07,85.8002700805664,214.5612335205078,100.47614288330078
2017-09-08,85.69944763183594,214.30918884277344,100.25851440429688
2017-09-11,85.46656036376953,216.59495544433594,99.06166076660156
2017-09-12,85.34246063232422,217.32501220703125,98.54090118408203
2017-09-13,85.25707244873047,217.42938232421875,98.15233612060547
2017-09-14,85.30363464355469,217.35975646972656,98.55646514892578
2017-09-15,85.28813934326172,217.65245056152344,98.59532165527344
2017-09-18,85.24932098388672,218.11537170410156,98.02796936035156
2017-09-19,85.20278930664062,218.3336944580078,97.7870101928711
2017-09-20,85.13292694091797,218.41229248046875,97.8569564819336
2017-09-21,85.11740112304688,217.8270721435547,97.80257415771484
2017-09-22,85.17950439453125,217.87081909179688,98.08235168457031
2017-09-25,85.38125610351562,217.42529296875,98.69634246826172
2017-09-26,85.35018920898438,217.55636596679688,98.51759338378906
2017-09-27,85.10184478759766,218.40353393554688,97.03311157226562
2017-09-28,85.109619140625,218.66561889648438,96.74556732177734
2017-09-29,85.03982543945312,219.4342041015625,96.9632339477539
2017-10-02,85.09191131591797,220.3862762451172,96.78563690185547
2017-10-03,85.16189575195312,220.85794067382812,96.87907409667969
2017-10-04,85.13856506347656,221.1199493408203,96.8868637084961
2017-10-05,85.09970092773438,222.43011474609375,96.52088165283203
2017-10-06,84.97525787353516,222.17681884765625,96.24826049804688
2017-10-09,85.09191131591797,221.80996704101562,96.55205535888672
2017-10-10,85.09970092773438,222.39520263671875,96.70774841308594
2017-10-11,85.11524200439453,222.74459838867188,96.89466857910156
2017-10-12,85.21633911132812,222.41265869140625,97.30741882324219
2017-10-13,85.42626953125,222.68341064453125,98.00830841064453
2017-10-16,85.34072875976562,222.9804229736328,97.93824005126953
2017-10-17,85.30963897705078,223.1376190185547,98.06282806396484
2017-10-18,85.17745971679688,223.35597229003906,97.41642761230469
2017-10-19,85.23963928222656,223.4171142578125,97.58779907226562
2017-10-20,84.99085998535156,224.56997680664062,96.55205535888672
2017-10-23,85.08413696289062,223.6965789794922,96.72335815429688
2017-10-24,84.90531158447266,224.08966064453125,96.12371063232422
2017-10-25,84.8508529663086,222.9804229736328,95.66419982910156
2017-10-26,84.75755310058594,223.26864624023438,95.34490966796875
2017-10-27,84.94414520263672,225.0941162109375,95.97572326660156
2017-10-30,85.17745971679688,224.25563049316406,96.89466857910156
2017-10-31,85.12301635742188,224.6050567626953,96.92583465576172
2017-11-01,85.16041564941406,224.9019317626953,97.35742950439453
2017-11-02,85.20713806152344,224.9893341064453,97.78662872314453
2017-11-03,85.28508758544922,225.7404327392578,98.05196380615234
2017-11-06,85.36298370361328,226.08981323242188,98.41874694824219
2017-11-07,85.38640594482422,225.93264770507812,98.83235931396484
2017-11-08,85.33184051513672,226.31692504882812,98.61388397216797
2017-11-09,85.26953887939453,225.49591064453125,98.33292388916016
2017-11-10,84.92665100097656,225.42604064941406,96.85013580322266
2017-11-13,84.92665100097656,225.63560485839844,97.05301666259766
2017-11-14,85.01238250732422,225.1116180419922,97.70857238769531
2017-11-15,85.17596435546875,223.98484802246094,98.76996612548828
2017-11-16,85.08251953125,225.88893127441406,97.91148376464844
2017-11-17,85.17596435546875,225.22511291503906,98.63723754882812
2017-11-20,85.12924194335938,225.6094207763672,98.5982666015625
2017-11-21,85.21497344970703,227.0855255126953,98.91044616699219
2017-11-22,85.36298370361328,226.8846435546875,99.23040008544922
2017-11-24,85.34740447998047,227.40870666503906,98.95728302001953
2017-11-27,85.34740447998047,227.2952117919922,98.81681060791016
2017-11-28,85.34740447998047,229.60107421875,98.949462890625
2017-11-29,85.13704681396484,229.4613037109375,97.97393798828125
2017-11-30,84.99674987792969,231.47032165527344,97.64612579345703
2017-12-01,85.23966217041016,230.98985290527344,98.96388244628906
2017-12-04,85.23181915283203,230.7102813720703,99.01074981689453
2017-12-05,85.31771850585938,229.88059997558594,99.50341796875
2017-12-06,85.40361785888672,229.9241943359375,99.84749603271484
2017-12-07,85.29430389404297,230.64918518066406,99.06552124023438
2017-12-08,85.26307678222656,231.90692138671875,99.07334899902344
2017-12-11,85.23181915283203,232.6056671142578,98.87003326416016
2017-12-12,85.19278717041016,233.0162353515625,98.8309097290039
2017-12-13,85.43484497070312,232.9900360107422,99.57380676269531
2017-12-14,85.4582748413086,232.0379180908203,99.9961166381836
2017-12-15,85.4817123413086,233.97021484375,100.37145233154297
2017-12-18,85.37236022949219,235.45391845703125,99.4565200805664
2017-12-19,85.12251281738281,234.54965209960938,98.16622161865234
2017-12-20,84.92728424072266,234.42672729492188,97.07919311523438
2017-12-21,85.00225830078125,234.90957641601562,97.64498901367188
2017-12-22,85.04129791259766,234.84817504882812,97.7782211303711
2017-12-26,85.11162567138672,234.56723022460938,98.06817626953125
2017-12-27,85.37722778320312,234.6813507080078,99.3455581665039
2017-12-28,85.31470489501953,235.16412353515625,99.25933074951172
2017-12-29,85.40065002441406,234.2775115966797,99.41604614257812
2018-01-02,85.27567291259766,235.95428466796875,98.34246063232422
2018-01-03,85.28350830078125,237.4467010498047,98.8126449584961
2018-01-04,85.22881317138672,238.4475555419922,98.79695129394531
2018-01-05,85.17411804199219,240.03660583496094,98.51486206054688
2018-01-08,85.15068817138672,240.4755096435547,98.45215606689453
2018-01-09,84.91634368896484,241.01980590820312,97.13558959960938
2018-01-10,84.91634368896484,240.65106201171875,97.01806640625
2018-01-11,84.9554214477539,242.40689086914062,97.41771697998047
2018-01-12,84.93977355957031,243.9871063232422,97.58228302001953
2018-01-16,84.96322631835938,243.15309143066406,97.98979187011719
2018-01-17,84.86945343017578,245.47079467773438,97.8565673828125
2018-01-18,84.68201446533203,245.05812072753906,96.947509765625
2018-01-19,84.50236511230469,246.1730499267578,96.43814849853516
2018-01-22,84.47105407714844,248.17469787597656,96.5322265625
2018-01-23,84.67420196533203,248.7014617919922,96.947509765625
2018-01-24,84.58828735351562,248.6049041748047,96.4224624633789
2018-01-25,84.80699157714844,248.71023559570312,97.21398162841797
2018-01-26,84.65077209472656,251.5897674560547,96.85347747802734
2018-01-29,84.50236511230469,249.92172241210938,96.17951202392578
2018-01-30,84.36956787109375,247.3582763671875,95.6153335571289
2018-01-31,84.43983459472656,247.48118591308594,96.17951202392578
2018-02-01,84.17526245117188,247.20018005371094,94.7856216430664
2018-02-02,83.92472076416016,241.81871032714844,93.90608215332031
2018-02-05,84.26139068603516,231.70521545410156,94.7934799194336
2018-02-06,84.0186996459961,236.2703094482422,94.2044906616211
2018-02-07,83.83078002929688,234.98861694335938,93.30928802490234
2018-02-08,83.68988800048828,226.17442321777344,93.20716857910156
2018-02-09,83.58023834228516,229.57191467285156,92.61821746826172
2018-02-12,83.60374450683594,232.943115234375,93.02655029296875
2018-02-13,83.62722778320312,233.5225067138672,93.44277954101562
2018-02-14,83.34538269042969,236.6741180419922,92.4061508178711
2018-02-15,83.44715881347656,239.6941680908203,92.72029876708984
2018-02-16,83.61157989501953,239.76438903808594,93.22289276123047
2018-02-20,83.52545166015625,238.26316833496094,92.81450653076172
2018-02-21,83.25927734375,237.07801818847656,91.67587280273438
2018-02-22,83.2671127319336,237.38526916503906,91.95074462890625
2018-02-23,83.4784927368164,241.1690216064453,92.7674331665039
2018-02-26,83.54109954833984,243.96957397460938,92.798828125
2018-02-27,83.36104583740234,240.92327880859375,92.66534423828125
2018-02-28,83.58806610107422,238.48269653320312,93.2542953491211
2018-03-01,83.6626205444336,235.01490783691406,93.89088439941406
2018-03-02,83.52924346923828,236.2264404296875,93.12759399414062
2018-03-05,83.482177734375,238.95669555664062,92.87581634521484
2018-03-06,83.49784088134766,239.56251525878906,92.96237182617188
2018-03-07,83.482177734375,239.47470092773438,92.86007690429688
2018-03-08,83.61555480957031,240.63348388671875,93.39513397216797
2018-03-09,83.45863342285156,244.82113647460938,92.7813949584961
2018-03-12,83.50569915771484,244.5138397216797,93.31647491455078
2018-03-13,83.61555480957031,242.9336395263672,93.78858947753906
2018-03-14,83.75676727294922,241.6869659423828,94.61480712890625
2018-03-15,83.76461029052734,241.4236602783203,94.61480712890625
2018-03-16,83.71756744384766,241.6854705810547,94.27648162841797
2018-03-19,83.63124084472656,238.41534423828125,93.97744750976562
2018-03-20,83.49784088134766,238.82089233398438,93.59971618652344
2018-03-21,83.489990234375,238.36248779296875,93.70205688476562
2018-03-22,83.64689636230469,232.40406799316406,94.630615234375
2018-03-23,83.64689636230469,227.45046997070312,94.55976104736328
2018-03-26,83.61555480957031,233.67333984375,94.19775390625
2018-03-27,83.85880279541016,229.69813537597656,95.20497131347656
2018-03-28,83.90586853027344,229.0194091796875,95.456787109375
2018-03-29,84.14904022216797,231.94578552246094,95.92105865478516
2018-04-02,84.06495666503906,226.93927001953125,96.11029052734375
2018-04-03,83.97059631347656,229.8479461669922,95.36904907226562
2018-04-04,84.00202178955078,232.30709838867188,95.17192077636719
2018-04-05,83.88407897949219,234.1405029296875,94.4621810913086
2018-04-06,84.07283782958984,228.9224395751953,95.49522399902344
2018-04-09,84.14361572265625,230.0506591796875,95.65293884277344
2018-04-10,84.08068084716797,233.70852661132812,95.47944641113281
2018-04-11,84.1514892578125,232.48338317871094,95.81851959228516
2018-04-12,83.96266174316406,234.3960723876953,95.11672973632812
2018-04-13,83.986328125,233.70852661132812,95.33753204345703
2018-04-16,84.00202178955078,235.63006591796875,95.36904907226562
2018-04-17,84.02559661865234,238.1509552001953,95.62928771972656
2018-04-18,83.78970336914062,238.3272247314453,94.86436462402344
2018-04-19,83.58523559570312,237.005126953125,94.09159088134766
2018-04-20,83.35719299316406,234.9954071044922,93.41339874267578
2018-04-23,83.31787109375,234.96017456054688,93.43708038330078
2018-04-24,83.20780181884766,231.79588317871094,93.01126861572266
2018-04-25,83.09768676757812,232.3688201904297,92.38826751708984
2018-04-26,83.23924255371094,234.73101806640625,93.03492736816406
2018-04-27,83.34146881103516,234.9513702392578,93.75251770019531
2018-04-30,83.35719299316406,233.14453125,93.91809844970703
2018-05-01,83.2862319946289,233.55874633789062,93.579833984375
2018-05-02,83.2862319946289,231.9897918701172,93.47708892822266
2018-05-03,83.38079833984375,231.4785919189453,93.89593505859375
2018-05-04,83.43598937988281,234.4754180908203,94.0382080078125
2018-05-07,83.3966064453125,235.26870727539062,93.88806915283203
2018-05-08,83.30200958251953,235.26870727539062,93.80110931396484
2018-05-09,83.20745849609375,237.5427703857422,93.24004364013672
2018-05-10,83.3966064453125,239.76393127441406,93.99082946777344
2018-05-11,83.43598937988281,240.49551391601562,94.22789764404297
2018-05-14,83.3572006225586,240.61004638671875,93.72998809814453
2018-05-15,82.9867935180664,238.9530029296875,92.66310119628906
2018-05-16,82.8921890258789,239.9578094482422,92.30742645263672
2018-05-17,82.7818374633789,239.755126953125,91.8411636352539
2018-05-18,82.99465942382812,239.1557159423828,92.63147735595703
2018-05-21,83.0025405883789,240.953857421875,92.67888641357422
2018-05-22,83.0025405883789,240.28399658203125,92.53662872314453
2018-05-23,83.23106384277344,240.94503784179688,93.2083740234375
2018-05-24,83.45964813232422,240.4513702392578,93.95125579833984
2018-05-25,83.64091491699219,239.87847900390625,94.53612518310547
2018-05-29,84.19265747070312,237.1196746826172,96.60669708251953
2018-05-30,83.9798812866211,240.28399658203125,95.95865631103516
2018-05-31,83.9089126586914,238.81201171875,95.80061340332031
2018-06-01,83.80540466308594,241.1565704345703,95.29442596435547
2018-06-04,83.60792541503906,242.30242919921875,94.60525512695312
2018-06-05,83.6711196899414,242.47865295410156,94.82703399658203
2018-06-06,83.48151397705078,244.5059051513672,94.05867767333984
2018-06-07,83.66321563720703,244.47958374023438,94.96967315673828
2018-06-08,83.54472351074219,245.20225524902344,94.68449401855469
2018-06-11,83.45780944824219,245.52842712402344,94.51019287109375
2018-06-12,83.48151397705078,245.84571838378906,94.533935546875
2018-06-13,83.40251159667969,245.06118774414062,94.48644256591797
2018-06-14,83.6158218383789,245.6782989501953,95.27063751220703
2018-06-15,83.64741516113281,245.3647918701172,95.3577651977539
2018-06-18,83.66321563720703,244.8601837158203,95.27063751220703
2018-06-19,83.75010681152344,243.92169189453125,95.82514953613281
2018-06-20,83.59211730957031,244.33775329589844,94.98545837402344
2018-06-21,83.6158218383789,242.80618286132812,95.4845199584961
2018-06-22,83.69480895996094,243.24888610839844,95.47661590576172
2018-06-25,83.64741516113281,239.93740844726562,95.69044494628906
2018-06-26,83.7817153930664,240.46865844726562,95.82514953613281
2018-06-27,83.93182373046875,238.4766387939453,96.72820281982422
2018-06-28,83.92391967773438,239.840087890625,96.7519302368164
2018-06-29,83.99505615234375,240.1853790283203,96.41923522949219
2018-07-02,83.91507720947266,240.69886779785156,96.34383392333984
2018-07-03,84.08927154541016,239.84889221191406,96.85984802246094
2018-07-05,84.16841888427734,241.80563354492188,97.13772583007812
2018-07-06,84.25550842285156,243.85084533691406,97.45531463623047
2018-07-09,84.17636108398438,246.04660034179688,96.82817840576172
2018-07-10,84.11299133300781,246.9319305419922,96.82015991210938
2018-07-11,84.14462280273438,245.12570190429688,97.19332885742188
2018-07-12,84.24760437011719,247.3480987548828,97.18538665771484
2018-07-13,84.3267593383789,247.5428466796875,97.4315185546875
2018-07-16,84.23171997070312,247.32154846191406,97.026611328125
2018-07-17,84.20011138916016,248.32199096679688,96.843994140625
2018-07-18,84.17636108398438,248.8443145751953,96.45497131347656
2018-07-19,84.30302429199219,247.90591430664062,97.06635284423828
2018-07-20,84.13676452636719,247.62252807617188,95.8753890991211
2018-07-23,83.84381103515625,248.0828857421875,94.69246673583984
2018-07-24,83.96255493164062,249.331298828125,95.0179443359375
2018-07-25,83.97049713134766,251.45620727539062,94.86709594726562
2018-07-26,83.92296600341797,250.8630828857422,94.68451690673828
2018-07-27,83.98629760742188,249.16314697265625,94.84331512451172
2018-07-30,83.8992691040039,247.86163330078125,94.51779174804688
2018-07-31,83.97049713134766,249.08340454101562,95.03384399414062
2018-08-01,83.8840103149414,248.6673126220703,94.25961303710938
2018-08-02,83.91571044921875,250.02188110351562,94.39488983154297
2018-08-03,84.0982666015625,251.09327697753906,94.8643569946289
2018-08-06,84.15382385253906,252.01405334472656,94.9200210571289
2018-08-07,84.00301361083984,252.84620666503906,94.42669677734375
2018-08-08,84.00301361083984,252.74008178710938,94.5221939086914
2018-08-09,84.1220932006836,252.39486694335938,95.31790924072266
2018-08-10,84.30458068847656,250.7036590576172,96.01016235351562
2018-08-13,84.35220336914062,249.7651824951172,95.81127166748047
2018-08-14,84.27283477783203,251.3588104248047,95.5964126586914
2018-08-15,84.39183807373047,249.4818572998047,96.15335845947266
2018-08-16,84.43951416015625,251.50047302246094,96.14542388916016
2018-08-17,84.48712921142578,252.38587951660156,96.26480102539062
2018-08-20,84.65380096435547,252.926025390625,96.9093246459961
2018-08-21,84.58238220214844,253.5192108154297,96.58308410644531
2018-08-22,84.65380096435547,253.36868286132812,96.96503448486328
2018-08-23,84.60617065429688,253.03224182128906,97.11618041992188
2018-08-24,84.70137023925781,254.5550537109375,97.30718994140625
2018-08-27,84.59030151367188,256.5648498535156,96.75015258789062
2018-08-28,84.43154907226562,256.6888122558594,96.16930389404297
2018-08-29,84.4156723022461,258.07000732421875,96.2966537475586
2018-08-30,84.45536041259766,257.0252380371094,96.50350952148438
2018-08-31,84.44744873046875,257.03411865234375,96.28072357177734
2018-09-04,84.35362243652344,256.5914306640625,95.72406005859375
2018-09-05,84.3138198852539,255.9008331298828,95.46884155273438
2018-09-06,84.45698547363281,255.130615234375,95.81976318359375
2018-09-07,84.15474700927734,254.63478088378906,95.00633239746094
2018-09-10,84.23429870605469,255.07745361328125,95.3572006225586
2018-09-11,84.09110260009766,255.9185791015625,94.63146209716797
2018-09-12,84.14683532714844,255.98045349121094,94.85480499267578
2018-09-13,84.20245361328125,257.4945068359375,94.99833679199219
2018-09-14,84.04337310791016,257.538818359375,94.54378509521484
2018-09-17,84.04337310791016,256.17535400390625,94.54378509521484
2018-09-18,83.86046600341797,257.5653381347656,93.55487060546875
2018-09-19,83.701416015625,257.8397521972656,92.99662017822266
2018-09-20,83.81273651123047,259.9292297363281,93.42723083496094
2018-09-21,83.8763656616211,259.6917419433594,93.38740539550781
2018-09-24,83.79681396484375,258.8290710449219,93.14811706542969
2018-09-25,83.75708770751953,258.5890197753906,93.05245208740234
2018-09-26,83.95592498779297,257.8152770996094,93.70640563964844
2018-09-27,84.01158905029297,258.5357360839844,93.77019500732422
2018-09-28,83.9240951538086,258.5624084472656,93.52294921875
2018-10-01,83.90176391601562,259.460693359375,92.83636474609375
2018-10-02,83.99745178222656,259.309326171875,93.40384674072266
2018-10-03,83.59881591796875,259.4517517089844,91.78133392333984
2018-10-04,83.35964965820312,257.4239501953125,91.13389587402344
2018-10-05,83.17626190185547,255.9831085205078,90.35061645507812
2018-10-08,83.14437866210938,255.9831085205078,90.0468978881836
2018-10-09,83.26399230957031,255.6095733642578,90.95807647705078
2018-10-10,83.24006652832031,247.5161590576172,90.71025848388672
2018-10-11,83.48724365234375,242.06423950195312,91.81330871582031
2018-10-12,83.5111083984375,245.42608642578125,91.49356842041016
2018-10-15,83.455322265625,244.0474853515625,91.45365905761719
2018-10-16,83.50318908691406,249.38377380371094,91.66146087646484
2018-10-17,83.33573913574219,249.42840576171875,91.117919921875
2018-10-18,83.2799301147461,245.82632446289062,91.08592987060547
2018-10-19,83.20816802978516,245.69285583496094,90.88615417480469
2018-10-22,83.19225311279297,244.590087890625,90.76628875732422
2018-10-23,83.29589080810547,243.3448944091797,91.05397033691406
2018-10-24,83.5111083984375,235.97193908691406,91.74137115478516
2018-10-25,83.43940734863281,240.20533752441406,91.35770416259766
2018-10-26,83.63076782226562,235.98080444335938,91.9092025756836
2018-10-29,83.54305267333984,234.6733856201172,91.70137786865234
2018-10-30,83.4234390258789,238.15089416503906,91.2458267211914
2018-10-31,83.38358306884766,240.69456481933594,90.78226470947266
2018-11-01,83.5942611694336,243.25599670410156,90.86634826660156
2018-11-02,83.34590911865234,241.81521606445312,89.73664855957031
2018-11-05,83.40199279785156,243.14920043945312,90.08919525146484
2018-11-06,83.41001892089844,244.68783569335938,90.03306579589844
2018-11-07,83.48210144042969,249.92637634277344,90.15327453613281
2018-11-08,83.32989501953125,249.47283935546875,90.1452407836914
2018-11-09,83.43408203125,247.03585815429688,90.81825256347656
2018-11-12,83.57022094726562,242.4199981689453,91.41119384765625
2018-11-13,83.602294921875,241.96630859375,91.35508728027344
2018-11-14,83.61026763916016,240.3121337890625,91.41119384765625
2018-11-15,83.71446228027344,242.82017517089844,91.37112426757812
2018-11-16,83.8506851196289,243.45169067382812,91.89990997314453
2018-11-19,83.84264373779297,239.333740234375,92.15628814697266
2018-11-20,83.81058502197266,234.9046173095703,92.18841552734375
2018-11-21,83.86669158935547,235.705078125,92.15628814697266
2018-11-23,83.84264373779297,234.130859375,92.25245666503906
2018-11-26,83.82659912109375,237.91082763671875,92.04415893554688
2018-11-27,83.8506851196289,238.7112274169922,92.14828491210938
2018-11-28,84.0108871459961,244.20762634277344,91.69963836669922
2018-11-29,84.05095672607422,243.674072265625,92.06016540527344
2018-11-30,84.02690887451172,245.1592559814453,92.40472412109375
2018-12-03,84.16426849365234,248.405517578125,93.06078338623047
2018-12-04,84.3891372680664,240.3566131591797,94.61876678466797
2018-12-06,84.59793090820312,239.99192810058594,94.91593933105469
2018-12-07,84.71037292480469,234.41546630859375,95.09261322021484
2018-12-10,84.76654815673828,234.86013793945312,95.48611450195312
2018-12-11,84.7906494140625,234.91357421875,95.47003936767578
2018-12-12,84.72640991210938,236.096435546875,95.04441833496094
2018-12-13,84.7504653930664,236.016357421875,94.81954193115234
2018-12-14,84.77456665039062,231.6584014892578,95.1488265991211
2018-12-17,84.91915130615234,227.11358642578125,95.70292663574219
2018-12-18,85.16860961914062,226.86460876464844,96.27606964111328
2018-12-19,85.2490463256836,223.46714782714844,97.54795837402344
2018-12-20,85.16860961914062,219.8295440673828,97.19376373291016
2018-12-21,85.12836456298828,215.32533264160156,97.17766571044922
2018-12-24,85.18463134765625,209.63577270507812,97.66067504882812
2018-12-26,85.0237808227539,220.2275848388672,96.61416625976562
2018-12-27,85.16055297851562,221.91839599609375,96.63032531738281
2018-12-28,85.47441101074219,221.63211059570312,97.44331359863281
2018-12-31,85.69165802001953,223.57333374023438,97.81360626220703
2019-01-02,85.75605010986328,223.8059539794922,98.32879638671875
2019-01-03,86.11007690429688,218.4652862548828,99.44773864746094
2019-01-04,85.85256958007812,225.78298950195312,98.29656982421875
2019-01-07,85.70774841308594,227.56317138671875,98.00679779052734
2019-01-08,85.64337158203125,229.7012481689453,97.74922180175781
2019-01-09,85.7157974243164,230.77471923828125,97.59627532958984
2019-01-10,85.61924743652344,231.58880615234375,96.96841430664062
2019-01-11,85.73993682861328,231.67823791503906,97.34674072265625
2019-01-14,85.61924743652344,230.26478576660156,96.9844741821289
2019-01-15,85.63532257080078,232.90383911132812,96.63032531738281
2019-01-16,85.70774841308594,233.46746826171875,96.72684478759766
2019-01-17,85.64337158203125,235.23866271972656,96.75102233886719
2019-01-18,85.57901763916016,238.36972045898438,96.24386596679688
2019-01-22,85.65144348144531,235.14923095703125,96.8958969116211
2019-01-23,85.73993682861328,235.64126586914062,96.8556900024414
2019-01-24,85.88477325439453,235.7665557861328,97.49161529541016
2019-01-25,85.84453582763672,237.76138305664062,97.0247802734375
2019-01-28,85.79627227783203,235.954345703125,96.92810821533203
2019-01-29,86.02159881591797,235.64126586914062,97.4191665649414
2019-01-30,86.2147216796875,239.37161254882812,97.34674072265625
2019-01-31,86.47219848632812,241.4739227294922,98.18390655517578
2019-02-01,86.29312133789062,241.59019470214844,97.59091186523438
2019-02-04,86.22052001953125,243.2898712158203,97.15521240234375
2019-02-05,86.40608215332031,244.30975341796875,97.59899139404297
2019-02-06,86.35765075683594,243.9876708984375,97.6473617553711
2019-02-07,86.39797973632812,241.66172790527344,98.2928237915039
2019-02-08,86.59159851074219,241.95693969726562,98.71237182617188
2019-02-11,86.50283813476562,242.0911407470703,98.3250961303711
2019-02-12,86.51898956298828,245.2042999267578,98.0749740600586
2019-02-13,86.36572265625,246.00050354003906,97.70384216308594
2019-02-14,86.49480438232422,245.4547119140625,98.26058959960938
2019-02-15,86.55935668945312,248.1295623779297,98.41383361816406
2019-02-19,86.60774993896484,248.55889892578125,98.66394805908203
2019-02-20,86.6158218383789,249.0599365234375,98.381591796875
2019-02-21,86.42218017578125,248.17430114746094,97.5021743774414
2019-02-22,86.6400146484375,249.71298217773438,98.08308410644531
2019-02-25,86.6158218383789,250.0529327392578,97.7926025390625
2019-02-26,86.71259307861328,249.87403869628906,98.27667999267578
2019-02-27,86.52706146240234,249.76661682128906,97.16327667236328
2019-02-28,86.3738021850586,249.30154418945312,96.83251953125
2019-03-01,86.23388671875,250.8580322265625,95.93748474121094
2019-03-04,86.3390121459961,249.94557189941406,96.68938446044922
2019-03-05,86.39559936523438,249.6056365966797,96.89151000976562
2019-03-06,86.52501678466797,248.09376525878906,97.2472915649414
2019-03-07,86.76764678955078,246.01840209960938,97.87792205810547
2019-03-08,86.8808364868164,245.52639770507812,98.29027557373047
2019-03-11,86.88894653320312,249.08682250976562,97.99918365478516
2019-03-12,87.05072784423828,250.02609252929688,98.6864242553711
2019-03-13,87.0102310180664,251.68109130859375,98.50045776367188
2019-03-14,86.8808364868164,251.5200653076172,97.7889633178711
2019-03-15,87.09919738769531,252.7626190185547,98.435791015625
2019-03-18,87.08304595947266,253.67919921875,98.37919616699219
2019-03-19,87.03450775146484,253.7421417236328,98.16087341308594
2019-03-20,87.39034271240234,252.97830200195312,99.18766021728516
2019-03-21,87.40655517578125,255.83563232421875,99.40592956542969
2019-03-22,87.84325408935547,250.91172790527344,100.95024108886719
2019-03-25,88.0049819946289,250.72308349609375,101.11190032958984
2019-03-26,88.02117156982422,252.5919647216797,101.03917694091797
2019-03-27,88.2071533203125,251.27114868164062,101.96897888183594
2019-03-28,88.21525573730469,252.22357177734375,102.32466888427734
2019-03-29,88.2071533203125,253.81398010253906,102.22765350341797
2019-04-01,87.80348205566406,256.82403564453125,100.77564239501953
2019-04-02,87.90074920654297,256.9497375488281,100.96202850341797
2019-04-03,87.73859405517578,257.3540954589844,100.0869140625
2019-04-04,87.80348205566406,258.0369873046875,100.3705062866211
2019-04-05,87.86830139160156,259.2859802246094,100.5001220703125
2019-04-08,87.82774353027344,259.483642578125,100.14360046386719
2019-04-09,87.87641906738281,258.15374755859375,100.45967102050781
2019-04-10,88.04664611816406,259.0343933105469,100.70270538330078
2019-04-11,87.9412841796875,258.9624938964844,100.11119079589844
2019-04-12,87.77102661132812,260.71453857421875,99.39815521240234
2019-04-15,87.75477600097656,260.5438232421875,99.64933013916016
2019-04-16,87.60076904296875,260.71453857421875,99.025390625
2019-04-17,87.59263610839844,260.07666015625,99.06596374511719
2019-04-18,87.70616912841797,260.58880615234375,99.58454895019531
2019-04-22,87.60076904296875,260.8134460449219,99.10643005371094
2019-04-23,87.75477600097656,263.1586608886719,99.3171157836914
2019-04-24,87.95748901367188,262.5746154785156,100.12742614746094
2019-04-25,87.9493408203125,262.4127197265625,99.9815673828125
2019-04-26,88.12772369384766,263.6347351074219,100.32188415527344
2019-04-29,87.9736557006836,264.048095703125,99.68174743652344
2019-04-30,88.03042602539062,264.182861328125,100.19224548339844
2019-05-01,88.0873031616211,262.1971435546875,100.6055679321289
2019-05-02,87.89229583740234,261.6310729980469,100.12647247314453
2019-05-03,88.03853607177734,264.1918029785156,100.41065216064453
2019-05-06,88.15233612060547,263.10467529296875,100.68670654296875
2019-05-07,88.25794982910156,258.71087646484375,101.4581298828125
2019-05-08,88.24171447753906,258.3514709472656,101.01963806152344
2019-05-09,88.29045867919922,257.5697326660156,101.43375396728516
2019-05-10,88.30672454833984,258.86370849609375,101.29572296142578
2019-05-13,88.45305633544922,252.35838317871094,102.09151458740234
2019-05-14,88.52611541748047,254.64053344726562,101.79105377197266
2019-05-15,88.6805419921875,256.13214111328125,102.416259765625
2019-05-16,88.57487487792969,258.5042724609375,102.07522583007812
2019-05-17,88.59925079345703,256.8330078125,102.30259704589844
2019-05-20,88.47738647460938,255.13478088378906,102.09151458740234
2019-05-21,88.46925354003906,257.43499755859375,101.92906951904297
2019-05-22,88.61550903320312,256.64434814453125,102.51370239257812
2019-05-23,88.87557220458984,253.5084686279297,103.66674041748047
2019-05-24,88.9080581665039,254.08349609375,103.75605773925781
2019-05-28,89.03810119628906,251.7203826904297,104.50309753417969
2019-05-29,89.06246185302734,250.03118896484375,104.81975555419922
2019-05-30,89.2981185913086,250.7140350341797,105.7210693359375
2019-05-31,89.71253204345703,247.33567810058594,107.04461669921875
2019-06-03,89.92431640625,246.7067108154297,107.76061248779297
2019-06-04,89.84284973144531,252.0618438720703,106.531982421875
2019-06-05,89.79401397705078,254.24520874023438,105.92992401123047
2019-06-06,89.7777099609375,255.8985137939453,106.27164459228516
2019-06-07,90.03018951416016,258.45928955078125,107.1910629272461
2019-06-10,89.79401397705078,259.64532470703125,106.1821060180664
2019-06-11,89.7777099609375,259.5825500488281,106.2472152709961
2019-06-12,89.89173126220703,259.1241760253906,106.32858276367188
2019-06-13,90.08720397949219,260.1934814453125,106.69478607177734
2019-06-14,90.06279754638672,259.9059143066406,106.96321105957031
2019-06-17,90.03836059570312,260.0047607421875,107.15040588378906
2019-06-18,90.28272247314453,262.72723388671875,107.68741607666016
2019-06-19,90.59225463867188,263.32037353515625,107.84198760986328
2019-06-20,90.74698638916016,265.836181640625,108.12673950195312
2019-06-21,90.51079559326172,265.4497375488281,106.9388427734375
2019-06-24,90.67369842529297,265.12469482421875,107.7362289428711
2019-06-25,90.6899642944336,262.5243835449219,108.06981658935547
2019-06-26,90.48635864257812,262.2626037597656,107.37825775146484
2019-06-27,90.73886108398438,263.19244384765625,108.13489532470703
2019-06-28,90.69811248779297,264.54681396484375,108.06169891357422
2019-07-01,90.76509094238281,266.9485168457031,107.8089370727539
2019-07-02,90.92835998535156,267.6437683105469,108.64048767089844
2019-07-03,91.07530975341797,269.7835998535156,109.41497802734375
2019-07-05,90.69160461425781,269.4766540527344,107.96382904052734
2019-07-08,90.64259338378906,267.9958801269531,108.11056518554688
2019-07-09,90.61812591552734,268.3299255371094,108.06979370117188
2019-07-10,90.68342590332031,269.6120300292969,107.47467041015625
2019-07-11,90.34871673583984,270.24420166015625,106.03982543945312
2019-07-12,90.44666290283203,271.4539489746094,106.16214752197266
2019-07-15,90.57730102539062,271.5442810058594,106.77356719970703
2019-07-16,90.47930908203125,270.66839599609375,106.45559692382812
2019-07-17,90.71609497070312,268.82647705078125,107.60518646240234
2019-07-18,90.86299896240234,269.8106994628906,107.61329650878906
2019-07-19,90.75688171386719,268.3119812011719,107.360595703125
2019-07-22,90.87117767333984,268.97100830078125,107.56439971923828
2019-07-23,90.78137969970703,270.8941650390625,106.97736358642578
2019-07-24,90.91201782226562,272.1672668457031,107.44209289550781
2019-07-25,90.77322387695312,270.8670654296875,106.92849731445312
2019-07-26,90.78955841064453,272.6819152832031,107.18119049072266
2019-07-29,90.83037567138672,272.1852111816406,107.21381378173828
2019-07-30,90.82221221923828,271.51715087890625,107.47467041015625
2019-07-31,90.86299896240234,268.54656982421875,108.33885192871094
2019-08-01,91.57498168945312,266.20819091796875,110.49052429199219
2019-08-02,91.60769653320312,264.2037353515625,111.51158905029297
2019-08-05,92.0086441040039,256.25830078125,113.43939208984375
2019-08-06,92.2541275024414,259.8518371582031,114.34620666503906
2019-08-07,92.20503234863281,260.0052795410156,114.38699340820312
2019-08-08,92.29505157470703,265.1066589355469,114.63204956054688
2019-08-09,92.17229461669922,263.3009033203125,114.40335845947266
2019-08-12,92.5077896118164,260.09564208984375,116.78862762451172
2019-08-13,92.37688446044922,264.14056396484375,116.38838958740234
2019-08-14,92.6632308959961,256.3304748535156,119.01053619384766
2019-08-15,93.08882141113281,257.0076904296875,120.33390045166016
2019-08-16,93.01514434814453,260.79986572265625,119.36994171142578
2019-08-19,92.76964569091797,263.9418640136719,117.66265106201172
2019-08-20,93.02336120605469,261.9194030761719,118.87980651855469
2019-08-21,92.97422790527344,264.0503234863281,118.08747100830078
2019-08-22,92.7287368774414,263.9689636230469,117.30325317382812
2019-08-23,93.10517120361328,257.18829345703125,119.23111724853516
2019-08-26,93.06421661376953,260.0323486328125,118.7491226196289
2019-08-27,93.35880279541016,259.0122375488281,120.57893371582031
2019-08-28,93.36698913574219,260.8359375,120.7341079711914
2019-08-29,93.30974578857422,264.1676330566406,120.27668762207031
2019-08-30,93.39158630371094,264.0503234863281,120.30939483642578
2019-09-03,93.3694076538086,262.50628662109375,120.4648666381836
2019-09-04,93.53343963623047,265.48583984375,120.64484405517578
2019-09-05,93.13153839111328,268.8988037109375,118.45984649658203
2019-09-06,93.22998809814453,269.10638427734375,119.30282592773438
2019-09-09,92.83631134033203,269.2419738769531,117.18341064453125
2019-09-10,92.33599853515625,269.1787414550781,115.12939453125
2019-09-11,92.3523941040039,271.0928039550781,114.9248046875
2019-09-12,92.20476531982422,272.03179931640625,114.17198181152344
2019-09-13,91.65526580810547,271.8511962890625,111.73335266113281
2019-09-16,91.9012680053711,271.01153564453125,113.1572036743164
2019-09-17,92.04071044921875,271.69775390625,113.77098846435547
2019-09-18,92.1473388671875,271.8602294921875,114.2538070678711
2019-09-19,92.27860260009766,271.8421630859375,114.59748077392578
2019-09-20,92.61481475830078,270.5577697753906,116.11137390136719
2019-09-23,92.65584564208984,270.4942321777344,116.08685302734375
2019-09-24,92.91011810302734,268.3717956542969,117.48614501953125
2019-09-25,92.52462768554688,269.9591369628906,115.7676773071289
2019-09-26,92.6804428100586,269.396728515625,116.51234436035156
2019-09-27,92.79527282714844,267.9454650878906,116.7987289428711
2019-09-30,92.81987762451172,269.18817138671875,117.08516693115234
2019-10-01,92.98838806152344,265.98626708984375,117.43762969970703
2019-10-02,93.05418395996094,261.2876281738281,117.72454833984375
2019-10-03,93.4158706665039,263.4283447265625,118.79846954345703
2019-10-04,93.56381225585938,266.9930114746094,119.67556762695312
2019-10-07,93.30900573730469,265.8410339355469,118.6836929321289
2019-10-08,93.34187316894531,261.71392822265625,119.00336456298828
2019-10-09,93.29259490966797,264.1993103027344,118.33120727539062
2019-10-10,92.97195434570312,265.98626708984375,116.56876373291016
2019-10-11,92.66780853271484,268.7436828613281,115.12596893310547
2019-10-14,92.8239974975586,268.4443054199219,115.96211242675781
2019-10-15,92.51981353759766,271.10198974609375,114.56027221679688
2019-10-16,92.68424987792969,270.6666259765625,114.69962310791016
2019-10-17,92.65960693359375,271.4649353027344,114.42098999023438
2019-10-18,92.72535705566406,270.276611328125,114.42098999023438
2019-10-21,92.47049713134766,272.1089172363281,113.56026458740234
2019-10-22,92.61026000976562,271.2200012207031,114.22420501708984
2019-10-23,92.68424987792969,272.0090637207031,114.3390121459961
2019-10-24,92.70890045166016,272.4535217285156,114.10943603515625
2019-10-25,92.577392578125,273.5691833496094,113.55203247070312
2019-10-28,92.38008117675781,275.11126708984375,112.51914978027344
2019-10-29,92.38832092285156,275.0296325683594,112.59293365478516
2019-10-30,92.65138244628906,275.8731689453125,114.24058532714844
2019-10-31,93.0130615234375,275.1384582519531,115.7817611694336
2019-11-01,93.03860473632812,277.6872863769531,115.42536163330078
2019-11-04,92.80795288085938,278.802978515625,113.90618133544922
2019-11-05,92.4619140625,278.4945068359375,112.6251220703125
2019-11-06,92.60193634033203,278.5581359863281,113.30672454833984
2019-11-07,92.1653060913086,279.5377502441406,111.2537612915039
2019-11-08,92.11587524414062,280.2270812988281,110.78568267822266
2019-11-11,92.13236999511719,279.6918640136719,110.8595962524414
2019-11-12,92.23119354248047,280.281494140625,111.36872863769531
2019-11-13,92.39598846435547,280.3720703125,112.09132385253906
2019-11-14,92.6596450805664,280.7803649902344,113.24925231933594
2019-11-15,92.61016082763672,282.81219482421875,113.1260757446289
2019-11-18,92.78323364257812,283.0207214355469,113.33134460449219
2019-11-19,92.84912109375,282.9391784667969,114.27574920654297
2019-11-20,93.07158660888672,281.8869323730469,115.458251953125
2019-11-21,92.93971252441406,281.4333801269531,114.73560333251953
2019-11-22,92.9891586303711,282.05926513671875,114.8834457397461
2019-11-25,93.07981872558594,284.245361328125,115.22006225585938
2019-11-26,93.21163177490234,284.8893737792969,115.89346313476562
2019-11-27,93.09628295898438,286.1592102050781,115.55679321289062
2019-11-29,92.98091125488281,285.097900390625,115.3104019165039
2019-12-02,92.87854766845703,282.6761169433594,113.77302551269531
2019-12-03,93.29964447021484,280.7803649902344,116.15850830078125
2019-12-04,93.14273834228516,282.51275634765625,114.99868774414062
2019-12-05,93.03538513183594,283.0207214355469,114.43929290771484
2019-12-06,92.90331268310547,285.6058654785156,113.80587768554688
2019-12-09,92.95287322998047,284.70794677734375,114.05269622802734
2019-12-10,92.91986846923828,284.3904724121094,114.06089782714844
2019-12-11,93.16754913330078,285.19775390625,114.9574966430664
2019-12-12,92.77122497558594,287.6558837890625,113.06555938720703
2019-12-13,93.14273834228516,287.8282470703125,114.37349700927734
2019-12-16,92.95287322998047,289.80560302734375,113.34525299072266
2019-12-17,92.96106719970703,289.8690490722656,113.18891143798828
2019-12-18,92.77949523925781,289.88726806640625,112.25941467285156
2019-12-19,92.87953186035156,291.0754699707031,112.43904113769531
2019-12-20,92.8960952758789,292.35162353515625,112.58734130859375
2019-12-23,92.82994842529297,292.79827880859375,112.42253875732422
2019-12-24,92.9457015991211,292.8074035644531,112.74386596679688
2019-12-26,93.02842712402344,294.3661193847656,113.01569366455078
2019-12-27,93.1524887084961,294.2931213378906,113.13934326171875
2019-12-30,93.1524887084961,292.67059326171875,112.72738647460938
2019-12-31,92.93746185302734,293.3815612792969,111.62334442138672
2020-01-02,93.19381713867188,296.1253356933594,112.8839340209961
2020-01-03,93.466796875,293.8829650878906,114.62240600585938
2020-01-06,93.39232635498047,295.0042419433594,113.97149658203125
2020-01-07,93.29307556152344,294.1746826171875,113.41127014160156
2020-01-08,93.185546875,295.742431640625,112.66151428222656
2020-01-09,93.28482055664062,297.747802734375,113.05696105957031
2020-01-10,93.44195556640625,296.89093017578125,114.0621109008789
2020-01-13,93.38407135009766,298.9327697753906,113.71611022949219
2020-01-14,93.466796875,298.4769592285156,114.301025390625
2020-01-15,93.60737609863281,299.1516418457031,115.05899810791016
2020-01-16,93.60737609863281,301.64007568359375,114.6966323852539
2020-01-17,93.49984741210938,302.578857421875,113.71611022949219
2020-01-21,93.7645034790039,301.98638916015625,114.9107437133789
2020-01-22,93.81412506103516,302.0228271484375,115.31446075439453
2020-01-23,93.93819427490234,302.3691101074219,116.12189483642578
2020-01-24,94.11187744140625,299.68017578125,117.0611801147461
2020-01-27,94.40133666992188,294.87652587890625,118.88199615478516
2020-01-28,94.31867218017578,297.9665832519531,117.950927734375
2020-01-29,94.53369140625,297.72039794921875,119.10444641113281
2020-01-30,94.54192352294922,298.6866149902344,119.1208267211914
2020-01-31,94.82315063476562,293.2631530761719,120.2085189819336
2020-02-03,94.7925033569336,295.4416809082031,120.11112213134766
2020-02-04,94.47754669189453,299.9446105957031,118.49351501464844
2020-02-05,94.33660888671875,303.4082946777344,117.19782257080078
2020-02-06,94.39463806152344,304.4292907714844,117.7260513305664
2020-02-07,94.66817474365234,302.8067626953125,119.19506072998047
2020-02-10,94.77588653564453,305.0672302246094,119.52519226074219
2020-02-11,94.6598892211914,305.5959777832031,118.92269897460938
2020-02-12,94.56039428710938,307.56488037109375,118.32022094726562
2020-02-13,94.62671661376953,307.23681640625,118.77415466308594
2020-02-14,94.72616577148438,307.72882080078125,119.2940673828125
2020-02-18,94.85054016113281,306.9358825683594,120.11112213134766
2020-02-19,94.82564544677734,308.4034118652344,120.10292053222656
2020-02-20,95.04112243652344,307.13641357421875,121.04368591308594
2020-02-21,95.23177337646484,303.9735412597656,122.17432403564453
2020-02-24,95.53845977783203,293.89215087890625,123.99815368652344
2020-02-25,95.70419311523438,284.9864807128906,124.65843200683594
2020-02-26,95.60472869873047,283.938232421875,123.99815368652344
2020-02-27,95.62132263183594,271.1861877441406,125.34334564208984
2020-02-28,96.32579803466797,270.04669189453125,128.17408752441406
2020-03-02,96.29174041748047,281.74151611328125,127.23103332519531
2020-03-03,96.94789123535156,273.674560546875,129.20639038085938
2020-03-04,96.87315368652344,285.177978515625,127.83441925048828
2020-03-05,97.17214965820312,275.69805908203125,131.01637268066406
2020-03-06,97.88638305664062,271.1405944824219,137.83499145507812
2020-03-09,97.76179504394531,249.96592712402344,141.5707244873047
2020-03-10,96.65716552734375,262.9004211425781,134.31417846679688
2020-03-11,95.2785415649414,250.0843963623047,129.3717041015625
2020-03-12,91.46636199951172,226.1570587158203,130.17337036132812
2020-03-13,92.90320587158203,245.4903564453125,127.23103332519531
2020-03-16,94.45626831054688,218.6279296875,135.47125244140625
2020-03-17,92.0145263671875,230.43206787109375,126.4376449584961
2020-03-18,88.50968170166016,218.76467895507812,119.30497741699219
2020-03-19,90.48636627197266,219.22952270507812,122.55308532714844
2020-03-20,91.38328552246094,209.78199768066406,131.76856994628906
2020-03-23,93.55099487304688,204.41822814941406,137.19854736328125
2020-03-24,94.3233871459961,222.93923950195312,134.64476013183594
2020-03-25,95.28680419921875,226.27664184570312,134.33889770507812
2020-03-26,95.57747650146484,239.48887634277344,135.00009155273438
2020-03-27,95.98444366455078,232.35556030273438,138.60365295410156
2020-03-30,96.0758285522461,239.90150451660156,137.46304321289062
2020-03-31,95.818359375,236.32566833496094,136.34732055664062
2020-04-01,95.49290466308594,225.68983459472656,138.2576904296875
2020-04-02,95.63442993164062,230.89773559570312,139.13497924804688
2020-04-03,95.70099639892578,227.56027221679688,139.46609497070312
2020-04-06,96.16712951660156,242.8446502685547,139.101806640625
2020-04-07,96.30024719238281,243.09217834472656,137.6451416015625
2020-04-08,96.39180755615234,251.2525177001953,136.64364624023438
2020-04-09,97.59040832519531,255.0758819580078,136.8919219970703
2020-04-13,97.13260650634766,252.74697875976562,135.6421356201172
2020-04-14,97.18253326416016,260.2012023925781,135.6090087890625
2020-04-15,97.58203125,254.67234802246094,139.20115661621094
2020-04-16,97.70691680908203,255.9009552001953,140.78213500976562
2020-04-17,97.59040832519531,262.81427001953125,138.89488220214844
2020-04-20,97.44888305664062,258.18402099609375,140.01231384277344
2020-04-21,97.49882507324219,250.3447723388672,141.77523803710938
2020-04-22,97.49882507324219,255.9009552001953,140.326904296875
2020-04-23,97.73188018798828,255.88265991210938,141.0718231201172
2020-04-24,97.68192291259766,259.4493713378906,141.40286254882812
2020-04-27,97.23248291015625,263.19024658203125,138.77078247070312
2020-04-28,97.61537170410156,261.9799499511719,140.36822509765625
2020-04-29,97.68192291259766,268.83819580078125,139.63983154296875
2020-04-30,97.46553039550781,266.33514404296875,138.0093231201172
2020-05-01,97.47049713134766,259.28436279296875,139.19117736816406
2020-05-04,97.5539321899414,259.9994201660156,138.53639221191406
2020-05-05,97.47887420654297,262.4017333984375,137.6496124267578
2020-05-06,97.0868911743164,260.62298583984375,135.42852783203125
2020-05-07,97.38711547851562,263.7678527832031,137.69110107421875
2020-05-08,97.12857055664062,268.1321716308594,135.90086364746094
2020-05-11,96.83670806884766,268.1872253417969,134.84011840820312
2020-05-12,97.0868911743164,262.8418273925781,136.22413635253906
2020-05-13,97.24533081054688,258.19317626953125,137.1773223876953
2020-05-14,97.54562377929688,261.2831115722656,138.51986694335938
2020-05-15,97.60399627685547,262.48419189453125,138.1634979248047
2020-05-18,97.46218872070312,270.4794006347656,135.13021850585938
2020-05-19,97.57064056396484,267.7012634277344,135.63571166992188
2020-05-20,97.82080841064453,272.2489929199219,136.0418243408203
2020-05-21,97.89586639404297,270.369384765625,136.38157653808594
2020-05-22,97.94588470458984,270.88287353515625,137.2020721435547
2020-05-26,97.78748321533203,274.2202453613281,135.3622283935547
2020-05-27,97.92923736572266,278.3003845214844,135.11361694335938
2020-05-28,97.86248016357422,277.78692626953125,134.6163330078125
2020-05-29,98.12103271484375,279.0247802734375,135.5776824951172
2020-06-01,98.06588745117188,280.1524963378906,134.6648712158203
2020-06-02,98.14947509765625,282.4721374511719,134.17532348632812
2020-06-03,97.90715789794922,286.23138427734375,132.3911590576172
2020-06-04,97.6147232055664,285.4795837402344,130.47427368164062
2020-06-05,97.67323303222656,292.7961730957031,129.544921875
2020-06-08,97.78182983398438,296.33544921875,130.042724609375
2020-06-09,97.90715789794922,294.1257629394531,131.51986694335938
2020-06-10,98.3082046508789,292.4845886230469,133.46994018554688
2020-06-11,98.14110565185547,275.6230773925781,135.99264526367188
2020-06-12,98.24137878417969,278.9237976074219,134.6815185546875
2020-06-15,98.5672607421875,281.5277404785156,134.7561798095703
2020-06-16,98.37503814697266,286.946533203125,132.68988037109375
2020-06-17,98.29151153564453,285.7546081542969,133.2375946044922
2020-06-18,98.3917465209961,285.86468505859375,134.64834594726562
2020-06-19,98.42516326904297,284.2309875488281,134.7561798095703
2020-06-22,98.400146484375,286.0542907714844,134.77279663085938
2020-06-23,98.38338470458984,287.37127685546875,133.8517303466797
2020-06-24,98.36669158935547,280.0408020019531,135.2872772216797
2020-06-25,98.48368835449219,283.0429382324219,135.6772918701172
2020-06-26,98.60064697265625,276.3203125,137.12950134277344
2020-06-29,98.6842041015625,280.3814697265625,136.69796752929688
2020-06-30,98.76775360107422,283.97308349609375,136.03419494628906
2020-07-01,98.82052612304688,285.9622802734375,135.76992797851562
2020-07-02,98.93769073486328,287.5369567871094,135.91114807128906
2020-07-06,98.92932891845703,291.97576904296875,135.35455322265625
2020-07-07,99.07999420166016,288.9645080566406,137.2571563720703
2020-07-08,99.0464859008789,291.1746520996094,136.7087860107422
2020-07-09,99.3060302734375,289.5169677734375,138.88543701171875
2020-07-10,99.18885040283203,292.47314453125,138.18756103515625
2020-07-13,99.1804428100586,289.9405517578125,138.6444854736328
2020-07-14,99.33950805664062,293.69793701171875,138.8439178466797
2020-07-15,99.34786224365234,296.3962097167969,138.19589233398438
2020-07-16,99.41484069824219,295.42010498046875,138.85223388671875
2020-07-17,99.51528930664062,296.2765197753906,138.5614776611328
2020-07-20,99.6241226196289,298.6708679199219,138.90213012695312
2020-07-21,99.68270874023438,299.3062438964844,138.9851531982422
2020-07-22,99.76641082763672,301.010009765625,139.40054321289062
2020-07-23,99.88360595703125,297.4184265136719,141.02890014648438
2020-07-24,99.85013580322266,295.5029602050781,141.02066040039062
2020-07-27,99.78315734863281,297.6578674316406,140.49717712402344
2020-07-28,99.85013580322266,295.7700500488281,141.4693145751953
2020-07-29,99.96732330322266,299.4076843261719,141.2283935546875
2020-07-30,100.04269409179688,298.33935546875,142.15882873535156
2020-07-31,100.08453369140625,300.69683837890625,142.06747436523438
2020-08-03,100.12394714355469,302.7872619628906,141.3521728515625
2020-08-04,100.31680297851562,303.95697021484375,142.69956970214844
2020-08-05,100.12394714355469,305.84478759765625,141.4519805908203
2020-08-06,100.26649475097656,307.8892517089844,142.2421112060547
2020-08-07,100.14907836914062,308.1102600097656,141.2938690185547
2020-08-10,100.05683135986328,309.0311279296875,140.661865234375
2020-08-11,99.78008270263672,306.480224609375,138.99000549316406
2020-08-12,99.5788803100586,310.7532043457031,137.7257843017578
2020-08-13,99.20989990234375,310.19158935546875,136.25364685058594
2020-08-14,99.11766052246094,310.20074462890625,135.7213897705078
2020-08-17,99.25181579589844,311.1861267089844,136.06236267089844
2020-08-18,99.39442443847656,311.85833740234375,137.0354766845703
2020-08-19,99.24345397949219,310.55987548828125,136.17880249023438
2020-08-20,99.41951751708984,311.52679443359375,137.40977478027344
2020-08-21,99.52015686035156,312.6319274902344,138.2330780029297
2020-08-24,99.478271484375,315.7998352050781,138.0086212158203
2020-08-25,99.26860809326172,316.90496826171875,136.9522705078125
2020-08-26,99.25181579589844,320.0821838378906,136.42837524414062
2020-08-27,98.90804290771484,320.7820129394531,134.10781860351562
2020-08-28,99.04219818115234,322.85418701171875,134.00799560546875
2020-08-31,99.26020050048828,321.6845397949219,134.89793395996094
2020-09-01,99.46600341796875,324.7142639160156,136.44085693359375
2020-09-02,99.6675796508789,329.4109191894531,137.73977661132812
2020-09-03,99.69278717041016,318.07452392578125,138.1312255859375
2020-09-04,99.19721221923828,315.4775390625,135.5082550048828
2020-09-08,99.30641174316406,306.8577880859375,136.34092712402344
2020-09-09,99.29801177978516,312.9174499511719,135.974609375
2020-09-10,99.30641174316406,307.4839782714844,136.6656951904297
2020-09-11,99.42401885986328,307.6405944824219,136.9571075439453
2020-09-14,99.43241119384766,311.692626953125,136.94879150390625
2020-09-15,99.44080352783203,313.2673034667969,136.61569213867188
2020-09-16,99.39041137695312,312.02410888671875,136.207763671875
2020-09-17,99.41560363769531,309.27978515625,136.62403869628906
2020-09-18,99.29801177978516,305.71917724609375,136.19937133789062
2020-09-21,99.3148193359375,302.3166809082031,136.89051818847656
2020-09-22,99.39041137695312,305.39556884765625,136.78228759765625
2020-09-23,99.180419921875,298.3131408691406,136.96543884277344
2020-09-24,99.1888427734375,299.10821533203125,137.4900665283203
2020-09-25,99.222412109375,303.94403076171875,137.4900665283203
2020-09-28,99.30641174316406,308.9922180175781,137.0986785888672
2020-09-29,99.32321166992188,307.3094177246094,137.25694274902344
2020-09-30,99.16365051269531,309.6394958496094,135.94134521484375
2020-10-01,99.29993438720703,311.62738037109375,136.1655731201172
2020-10-02,99.198974609375,308.6686706542969,135.6570587158203
2020-10-05,98.87924194335938,314.1423645019531,133.00643920898438
2020-10-06,98.96337890625,309.676513671875,133.7232208251953
2020-10-07,98.89608001708984,315.06689453125,132.7479705810547
2020-10-08,99.02230072021484,317.8591003417969,133.46482849121094
2020-10-09,99.0475082397461,320.6976318359375,133.4398651123047
2020-10-12,99.24103546142578,325.8569641113281,133.8649444580078
2020-10-13,99.26628112792969,323.7303466796875,134.823486328125
2020-10-14,99.32518005371094,321.6962585449219,135.1319122314453
2020-10-15,99.24103546142578,321.2986145019531,134.8985137939453
2020-10-16,99.19053649902344,321.1045837402344,134.5234375
2020-10-19,99.07271575927734,316.22271728515625,134.01492309570312
2020-10-20,98.98859405517578,317.4893493652344,132.73960876464844
2020-10-21,98.870849609375,316.8883361816406,132.28123474121094
2020-10-22,98.69414520263672,318.6265869140625,130.90591430664062
2020-10-23,98.83715057373047,319.7083740234375,131.7061004638672
2020-10-26,98.97179412841797,313.8001708984375,132.93138122558594
2020-10-27,99.198974609375,312.7184143066406,133.8233184814453
2020-10-28,99.055908203125,302.0299987792969,133.9482879638672
2020-10-29,98.87924194335938,305.09967041015625,132.64796447753906
2020-10-30,98.60997009277344,301.9190368652344,131.3393096923828
2020-11-02,98.78865814208984,305.3031005859375,132.32313537597656
2020-11-03,98.74654388427734,310.69354248046875,131.5554656982422
2020-11-04,99.40388488769531,317.63720703125,134.40919494628906
2020-11-05,99.49658966064453,323.83209228515625,134.6428680419922
2020-11-06,99.27747344970703,323.758056640625,133.0157012939453
2020-11-09,98.81396484375,327.82635498046875,130.2204132080078
2020-11-10,98.65381622314453,327.3456115722656,129.469482421875
2020-11-11,98.71280670166016,329.77734375,129.93673706054688
2020-11-12,99.1257553100586,326.5782165527344,132.14791870117188
2020-11-13,99.14263916015625,331.09942626953125,131.9725799560547
2020-11-16,99.13421630859375,335.23248291015625,131.6556396484375
2020-11-17,99.33647155761719,333.4294738769531,132.5150604248047
2020-11-18,99.40388488769531,329.4166564941406,132.8988800048828
2020-11-19,99.58927154541016,330.80352783203125,133.5831298828125
2020-11-20,99.6904067993164,328.5382995605469,134.7680206298828
2020-11-23,99.66514587402344,330.50762939453125,134.1505126953125
2020-11-24,99.53028106689453,335.8333435058594,132.81544494628906
2020-11-25,99.49658966064453,335.3156433105469,132.40658569335938
2020-11-27,99.66514587402344,336.2494812011719,133.6915740966797
2020-11-30,99.7999496459961,334.7608947753906,133.52474975585938
2020-12-01,99.48422241210938,338.4223327636719,131.55593872070312
2020-12-02,99.3744888305664,339.1341857910156,130.51190185546875
2020-12-03,99.54331970214844,339.0417785644531,131.5642852783203
2020-12-04,99.27314758300781,341.9635314941406,129.6348114013672
2020-12-07,99.42513275146484,341.2607727050781,130.80421447753906
2020-12-08,99.43360137939453,342.2593994140625,131.4222869873047
2020-12-09,99.29006958007812,339.1897277832031,130.9879913330078
2020-12-10,99.53490447998047,339.0787353515625,132.14894104003906
2020-12-11,99.64464569091797,338.6811828613281,132.61676025390625
2020-12-14,99.58554077148438,337.16485595703125,132.24923706054688
2020-12-15,99.64464569091797,341.7231140136719,131.80654907226562
2020-12-16,99.60240173339844,342.2593994140625,131.45578002929688
2020-12-17,99.59822845458984,344.1732482910156,131.10791015625
2020-12-18,99.54750061035156,342.799072265625,130.71487426757812
2020-12-21,99.54750061035156,341.5733947753906,131.2332763671875
2020-12-22,99.69116973876953,340.9976501464844,131.91061401367188
2020-12-23,99.62357330322266,341.3040771484375,130.99916076660156
2020-12-24,99.71650695800781,342.6319885253906,131.51756286621094
2020-12-28,99.7334213256836,345.57537841796875,131.57608032226562
2020-12-29,99.75031280517578,344.9161682128906,131.40896606445312
2020-12-30,99.8094711303711,345.40826416015625,131.69325256347656
2020-12-31,99.88555145263672,347.1632080078125,131.88548278808594
2021-01-04,99.7587661743164,342.43695068359375,131.7266387939453
2021-01-05,99.65734100341797,344.7954406738281,130.74835205078125
2021-01-06,99.16718292236328,346.8567810058594,128.0643768310547
2021-01-07,99.06575012207031,352.01019287109375,126.935546875
2021-01-08,98.94745635986328,354.015869140625,126.52583312988281
2021-01-11,98.78689575195312,351.62945556640625,126.31676483154297
2021-01-12,98.87137603759766,351.70379638671875,126.21648406982422
2021-01-13,99.18407440185547,352.6509094238281,127.63788604736328
2021-01-14,98.98967742919922,351.4159240722656,126.4422378540039
2021-01-15,99.09111022949219,348.8531188964844,126.94390869140625
2021-01-19,99.22635650634766,351.5923767089844,127.35366821289062
2021-01-20,99.23480987548828,356.4579162597656,127.47908782958984
2021-01-21,99.09111022949219,356.78289794921875,126.58433532714844
2021-01-22,99.09111022949219,355.5200500488281,126.99406433105469
2021-01-25,99.34465789794922,356.9222106933594,128.4907989501953
2021-01-26,99.31084442138672,356.3650817871094,128.24832153320312
2021-01-27,99.31929779052734,347.6553039550781,128.5743408203125
2021-01-28,99.2516860961914,350.6451721191406,127.86361694335938
2021-01-29,99.14180755615234,343.6254577636719,127.09435272216797
2021-02-01,99.23664093017578,349.34527587890625,127.24166107177734
2021-02-02,99.08425903320312,354.2850646972656,126.42137145996094
2021-02-03,98.96575164794922,354.563720703125,125.29962921142578
2021-02-04,98.92343139648438,358.5935363769531,124.96473693847656
2021-02-05,98.79644775390625,360.0049133300781,123.91835021972656
2021-02-08,98.89802551269531,362.6048583984375,124.46243286132812
2021-02-09,98.94036865234375,362.36346435546875,124.55461120605469
2021-02-10,99.0334701538086,362.20562744140625,125.38330841064453
2021-02-11,98.91495513916016,362.7905578613281,124.6968765258789
2021-02-12,98.68641662597656,364.58270263671875,123.14826202392578
2021-02-16,98.22084045410156,364.26690673828125,121.27307891845703
2021-02-17,98.41552734375,364.3504333496094,122.04322814941406
2021-02-18,98.36476135253906,362.79986572265625,121.54930114746094
2021-02-19,98.05998229980469,362.1591796875,119.9337387084961
2021-02-22,97.75524139404297,359.37353515625,119.0212631225586
2021-02-23,97.7806625366211,359.8099670410156,118.677978515625
2021-02-24,97.74678802490234,363.7747497558594,117.89949798583984
2021-02-25,96.84947204589844,355.0093688964844,115.97417449951172
2021-02-26,97.63675689697266,353.18011474609375,119.80810546875
2021-03-01,97.58585357666016,361.7413635253906,118.22576904296875
2021-03-02,97.60279846191406,358.91864013671875,118.234130859375
2021-03-03,97.2467041015625,354.1643981933594,116.9518051147461
2021-03-04,96.96687316894531,349.7817687988281,116.1974868774414
2021-03-05,96.89906311035156,356.21649169921875,116.42375946044922
2021-03-08,96.51751708984375,354.44293212890625,115.51860809326172
2021-03-09,96.882080078125,359.5035400390625,117.11940002441406
2021-03-10,97.04315948486328,361.7413635253906,117.35408020019531
2021-03-11,97.03472137451172,365.40899658203125,116.50759887695312
2021-03-12,96.48356628417969,365.9011535644531,114.03508758544922
2021-03-15,96.58534240722656,368.0832214355469,114.70560455322266
2021-03-16,96.55143737792969,367.61895751953125,114.24468231201172
2021-03-17,96.5429458618164,368.8725280761719,113.3897476196289
2021-03-18,96.1698226928711,363.5054931640625,112.24150848388672
2021-03-19,96.24615478515625,362.8330078125,112.93716430664062
2021-03-22,96.43269348144531,365.7301330566406,114.20281982421875
2021-03-23,96.6785888671875,362.8515625,115.23365783691406
2021-03-24,96.79729461669922,361.007080078125,115.85382843017578
2021-03-25,96.74642181396484,363.03790283203125,114.94029235839844
2021-03-26,96.58534240722656,368.88824462890625,114.53797912597656
2021-03-29,96.4242172241211,368.70196533203125,113.56581115722656
2021-03-30,96.50054931640625,367.7237243652344,114.16085815429688
2021-03-31,96.51751708984375,369.2142333984375,113.52387237548828
2021-04-01,96.84185028076172,373.2013854980469,115.40802001953125
2021-04-05,96.6465835571289,378.55804443359375,114.90445709228516
2021-04-06,96.98625183105469,378.33447265625,115.68499755859375
2021-04-07,96.83340454101562,378.7723388671875,114.87931060791016
2021-04-08,97.0711898803711,380.5703125,115.8276138305664
2021-04-09,96.96077728271484,383.33709716796875,115.40802001953125
2021-04-12,96.93531036376953,383.476806640625,115.35770416259766
2021-04-13,97.21556091308594,384.6134033203125,116.22212219238281
2021-04-14,97.13910675048828,383.2999267578125,115.85282897949219
2021-04-15,97.52120971679688,387.41741943359375,117.79156494140625
2021-04-16,97.26648712158203,388.7123107910156,116.87680053710938
2021-04-19,97.19003295898438,386.80255126953125,116.54109191894531
2021-04-20,97.34291076660156,383.9705810546875,117.0782241821289
2021-04-21,97.43632507324219,387.6037292480469,117.31320190429688
2021-04-22,97.46180725097656,384.06365966796875,117.82515716552734
2021-04-23,97.44482421875,388.2278747558594,117.54816436767578
2021-04-26,97.35987854003906,389.0384216308594,117.38031005859375
2021-04-27,97.12212371826172,388.9545593261719,116.3564224243164
2021-04-28,97.17311096191406,388.8427734375,116.43196105957031
2021-04-29,97.12212371826172,391.3207092285156,116.08784484863281
2021-04-30,97.22403717041016,388.74957275390625,116.3564224243164
2021-05-03,97.2861099243164,389.5879821777344,116.42617797851562
2021-05-04,97.40518951416016,387.1845397949219,117.21623992919922
2021-05-05,97.4817123413086,387.3056640625,117.4095458984375
2021-05-06,97.49872589111328,390.3984375,117.60283660888672
2021-05-07,97.47322082519531,393.23980712890625,117.0229263305664
2021-05-10,97.32012939453125,389.3457946777344,115.83779907226562
2021-05-11,97.10751342773438,385.8709411621094,115.18222045898438
2021-05-12,96.76731872558594,377.673095703125,113.97190856933594
2021-05-13,96.98844909667969,382.20989990234375,114.14842987060547
2021-05-14,97.20954895019531,388.078857421875,115.21585083007812
2021-05-17,97.1245346069336,387.0913391113281,114.97209167480469
2021-05-18,97.00545501708984,383.7563171386719,114.67796325683594
2021-05-19,96.8693618774414,382.75018310546875,114.40060424804688
2021-05-20,97.20108032226562,386.8678894042969,115.34193420410156
2021-05-21,97.24357604980469,386.5511169433594,115.71177673339844
2021-05-24,97.33708190917969,390.4916076660156,116.14041900634766
2021-05-25,97.57525634765625,389.6252746582031,117.21623992919922
2021-05-26,97.54126739501953,390.3984375,117.01453399658203
2021-05-27,97.42218780517578,390.6034851074219,116.54383850097656
2021-05-28,97.42218780517578,391.3021240234375,116.35894012451172
2021-06-01,97.37704467773438,390.95745849609375,116.33285522460938
2021-06-02,97.50481414794922,391.572265625,116.6021957397461
2021-06-03,97.27481842041016,390.1190490722656,116.16449737548828
2021-06-04,97.67515563964844,393.68701171875,117.75531768798828
2021-06-07,97.60697937011719,393.3050842285156,117.39335632324219
2021-06-08,97.78588104248047,393.38885498046875,118.21829986572266
2021-06-09,97.98176574707031,392.8019714355469,119.26203155517578
2021-06-10,98.1861572265625,394.6279602050781,119.97748565673828
2021-06-11,98.14360046386719,395.27996826171875,119.78388977050781
2021-06-14,97.8965835571289,396.1649475097656,118.86638641357422
2021-06-15,97.9391860961914,395.43841552734375,118.72329711914062
2021-06-16,97.6240234375,393.23052978515625,118.6222915649414
2021-06-17,97.93065643310547,393.1001281738281,120.39830017089844
2021-06-18,98.1946792602539,387.79693603515625,122.66246795654297
2021-06-21,97.9391860961914,393.3486633300781,120.60870361328125
2021-06-22,98.04138946533203,395.45159912109375,120.9033203125
2021-06-23,97.99030303955078,394.9749450683594,120.59193420410156
2021-06-24,98.02435302734375,397.3115539550781,120.78553771972656
2021-06-25,97.82848358154297,398.7228088378906,119.53131103515625
2021-06-28,98.10952758789062,399.52667236328125,120.76023864746094
2021-06-29,98.1606216430664,399.7416076660156,120.96231079101562
2021-06-30,98.22872924804688,400.0780944824219,121.50096893310547
2021-07-01,98.17420959472656,402.2931213378906,121.50767517089844
2021-07-02,98.38739013671875,405.3680114746094,122.24088287353516
2021-07-06,98.7029800415039,404.629638671875,123.67369079589844
2021-07-07,98.87354278564453,406.0596923828125,124.76931762695312
2021-07-08,98.98440551757812,402.7510986328125,125.25821685791016
2021-07-09,98.66031646728516,407.0503845214844,123.49671936035156
2021-07-12,98.60061645507812,408.5083923339844,123.33657836914062
2021-07-13,98.38739013671875,407.1157531738281,122.39266967773438
2021-07-14,98.7199935913086,407.7232360839844,123.78327178955078
2021-07-15,98.93321228027344,406.33074951171875,125.14859771728516
2021-07-16,98.84794616699219,403.14361572265625,124.91262817382812
2021-07-19,99.36820220947266,397.19000244140625,127.65174865722656
2021-07-20,99.27438354492188,402.88189697265625,126.42124938964844
2021-07-21,98.9503173828125,406.14373779296875,124.81993103027344
2021-07-22,99.18058013916016,406.9942626953125,125.99984741210938
2021-07-23,99.11233520507812,411.1814270019531,125.1571044921875
2021-07-26,99.02704620361328,412.1908874511719,124.78624725341797
2021-07-27,99.25731658935547,410.312255859375,126.11786651611328
2021-07-28,99.35113525390625,410.14398193359375,126.12626647949219
2021-07-29,99.1891098022461,411.844970703125,125.42676544189453
2021-07-30,99.32555389404297,409.8449401855469,126.01673126220703
2021-08-02,99.5364990234375,408.9850158691406,127.14065551757812
2021-08-03,99.57068634033203,412.3123474121094,127.20818328857422
2021-08-04,99.56214904785156,410.2842102050781,127.46979522705078
2021-08-05,99.34005737304688,412.8825378417969,126.82002258300781
2021-08-06,98.89592742919922,413.5647277832031,124.70201873779297
2021-08-09,98.71659088134766,413.2283020019531,124.2547836303711
2021-08-10,98.58846282958984,413.7422790527344,123.68098449707031
2021-08-11,98.68241119384766,414.77044677734375,123.60511779785156
2021-08-12,98.69096374511719,416.01348876953125,123.4024887084961
2021-08-13,99.04967498779297,416.77056884765625,125.35173034667969
2021-08-16,99.10092163085938,417.7519226074219,125.65552520751953
2021-08-17,99.02406311035156,415.013427734375,125.60490417480469
2021-08-18,99.0325927734375,410.4710998535156,126.02680969238281
2021-08-19,99.20343017578125,411.106689453125,126.95503997802734
2021-08-20,99.21199035644531,414.37786865234375,127.03948211669922
2021-08-23,99.21199035644531,418.02301025390625,126.95503997802734
2021-08-24,99.06675720214844,418.68658447265625,125.9677505493164
2021-08-25,98.87887573242188,419.56512451171875,124.9213638305664
2021-08-26,98.88741302490234,417.0883483886719,125.267333984375
2021-08-27,99.16072082519531,420.8175048828125,126.1196060180664
2021-08-30,99.27173614501953,422.6681213378906,126.4487533569336
2021-08-31,99.12654113769531,422.04180908203125,125.58799743652344
2021-09-01,99.158203125,422.26617431640625,125.79842376708984
2021-09-02,99.26084899902344,423.5653381347656,126.34761810302734
2021-09-03,99.08975982666016,423.46240234375,125.19852447509766
2021-09-07,98.8246078491211,421.9483337402344,124.1423568725586
2021-09-08,98.98716735839844,421.434326171875,124.98735046386719
2021-09-09,99.3036117553711,419.6304931640625,126.49968719482422
2021-09-10,99.10688018798828,416.3218994140625,125.38440704345703
2021-09-13,99.23516845703125,417.38739013671875,126.14485931396484
2021-09-14,99.45757293701172,415.13494873046875,127.67414093017578
2021-09-15,99.36345672607422,418.6024475097656,127.22632598876953
2021-09-16,99.1924057006836,417.9388427734375,126.64335632324219
2021-09-17,99.10688018798828,413.86767578125,126.03499603271484
2021-09-20,99.2950210571289,406.966796875,127.59803771972656
2021-09-21,99.33782196044922,406.58233642578125,127.4882583618164
2021-09-22,99.37200927734375,410.54840087890625,128.24864196777344
2021-09-23,98.8844985961914,415.5365905761719,125.3506088256836
2021-09-24,98.71340942382812,416.2210998535156,124.12551879882812
2021-09-27,98.57657623291016,415.0303955078125,123.66923522949219
2021-09-28,98.16600036621094,406.6667175292969,121.7428207397461
2021-09-29,98.23442077636719,407.3511962890625,121.9541244506836
2021-09-30,98.21736907958984,402.3724365234375,121.93721771240234
2021-10-01,98.51717376708984,407.1543273925781,122.9633560180664
2021-10-04,98.44864654541016,401.9035949707031,122.65032958984375
2021-10-05,98.21736145019531,406.0853576660156,121.46598052978516
2021-10-06,98.26014709472656,407.7731628417969,122.15118408203125
2021-10-07,97.98603820800781,411.2985534667969,120.87384796142578
2021-10-08,97.77188110351562,410.54840087890625,120.02779388427734
2021-10-11,97.61766815185547,407.57623291015625,119.72332000732422
2021-10-12,97.9774398803711,406.5729675292969,121.77057647705078
2021-10-13,98.2001724243164,408.0356140136719,122.95488739013672
2021-10-14,98.3886489868164,414.8990173339844,123.41177368164062
2021-10-15,98.1488037109375,418.058837890625,122.69268798828125
2021-10-18,98.08026123046875,419.29656982421875,123.2678451538086
2021-10-19,97.79755401611328,422.5313415527344,121.56748962402344
2021-10-20,97.72904968261719,424.1908874511719,120.74689483642578
2021-10-21,97.52340698242188,425.2973327636719,120.60307312011719
2021-10-22,97.71189880371094,424.85662841796875,121.93128204345703
2021-10-25,97.80612182617188,427.1350402832031,121.74514770507812
2021-10-26,97.98603820800781,427.5195007324219,122.75181579589844
2021-10-27,98.31156158447266,425.6255798339844,124.98519134521484
2021-10-28,98.23445892333984,429.7322998046875,124.56229400634766
2021-10-29,98.20879364013672,430.6042785644531,124.94290161132812
2021-11-01,98.1487045288086,431.3450622558594,124.0433349609375
2021-11-02,98.3460464477539,433.0889587402344,124.593994140625
2021-11-03,98.1487045288086,435.73309326171875,123.30646514892578
2021-11-04,98.47476196289062,437.7864990234375,124.6024398803711
2021-11-05,98.86085510253906,439.3054504394531,126.46598052978516
2021-11-08,98.68067932128906,439.6804504394531,126.22876739501953
2021-11-09,98.9552230834961,438.2272033691406,127.87207794189453
2021-11-10,98.28599548339844,434.7017517089844,125.53423309326172
2021-11-11,98.1058120727539,434.84234619140625,125.34788513183594
2021-11-12,98.0886459350586,438.1239929199219,124.79727935791016
2021-11-15,97.72827911376953,438.2740478515625,123.23020935058594
2021-11-16,97.6939697265625,440.0086669921875,122.91682434082031
2021-11-17,97.92562103271484,438.939697265625,123.8908920288086
2021-11-18,98.01140594482422,440.4305419921875,124.35674285888672
2021-11-19,98.20014953613281,439.64306640625,125.66969299316406
2021-11-22,97.72827911376953,438.40533447265625,124.19586944580078
2021-11-23,97.34217834472656,438.9866638183594,122.40005493164062
2021-11-24,97.56526184082031,440.15869140625,124.3652572631836
2021-11-26,98.26025390625,430.3417663574219,127.50788116455078
2021-11-29,98.31172943115234,435.62054443359375,126.48290252685547
2021-11-30,98.47476196289062,427.1444396972656,128.40574645996094
2021-12-01,98.49365997314453,422.400146484375,129.1978759765625
2021-12-02,98.47645568847656,428.86962890625,129.3590087890625
2021-12-03,98.87171173095703,425.1379089355469,130.90245056152344
2021-12-06,98.52803802490234,430.17291259765625,129.10455322265625
2021-12-07,98.37333679199219,439.0710754394531,128.06141662597656
2021-12-08,98.1156005859375,440.233642578125,125.84786987304688
2021-12-09,98.12419891357422,437.261474609375,126.55177307128906
2021-12-10,98.14996337890625,441.3775634765625,126.24649047851562
2021-12-13,98.49365997314453,437.4677429199219,128.11228942871094
2021-12-14,98.30462646484375,434.45794677734375,127.80694580078125
2021-12-15,98.22728729248047,441.2463073730469,126.57727813720703
2021-12-16,98.36234283447266,437.355224609375,126.62651062011719
2021-12-17,98.48274230957031,432.700439453125,128.0614013671875
2021-12-20,98.3365249633789,428.0993957519531,127.10199737548828
2021-12-21,98.2591323852539,435.7019958496094,126.61798095703125
2021-12-22,98.3451156616211,440.05841064453125,127.20393371582031
2021-12-23,98.22470092773438,442.7965087890625,126.10015106201172
2021-12-27,98.27630615234375,449.0631103515625,126.4057388305664
2021-12-28,98.23330688476562,448.69610595703125,125.90482330322266
2021-12-29,97.94088745117188,449.27008056640625,124.52936553955078
2021-12-30,98.15592956542969,448.0281066894531,125.57366943359375
2021-12-31,98.12149810791016,446.89892578125,125.8199462890625
2022-01-03,97.45061492919922,449.4864196777344,122.51715850830078
2022-01-04,97.44198608398438,449.33587646484375,122.00770568847656
2022-01-05,97.14098358154297,440.707763671875,121.34542846679688
2022-01-06,97.03776550292969,440.2936706542969,121.6595687866211
2022-01-07,96.7539291381836,438.5530090332031,120.78510284423828
2022-01-10,96.66792297363281,438.0072937011719,121.08222961425781
2022-01-11,96.84854125976562,441.99676513671875,121.88883209228516
2022-01-12,96.84854125976562,443.19171142578125,121.42182922363281
2022-01-13,97.02056121826172,437.08514404296875,122.50012969970703
2022-01-14,96.47869873046875,437.2640075683594,120.64926147460938
2022-01-18,95.8938217163086,429.5201110839844,118.95117950439453
2022-01-19,96.10025024414062,425.0602111816406,119.77471923828125
2022-01-20,96.15185546875,420.3555908203125,120.51338958740234
2022-01-21,96.53028106689453,412.1037902832031,121.94827270507812
2022-01-24,96.41844940185547,413.85382080078125,120.94635009765625
2022-01-25,96.3238525390625,408.80108642578125,120.75110626220703
2022-01-26,95.7820053100586,407.7755126953125,119.29078674316406
2022-01-27,96.10025024414062,405.7619934082031,121.48128509521484
2022-01-28,96.16903686523438,415.8392333984375,121.52376556396484
2022-01-31,96.16044616699219,423.3289489746094,120.89540100097656
2022-02-01,96.12683868408203,426.1893310546875,120.49413299560547
2022-02-02,96.23019409179688,430.329345703125,120.90225219726562
2022-02-03,95.84263610839844,420.2144470214844,119.95848083496094
2022-02-04,95.23965454101562,422.1904296875,118.19007110595703
2022-02-07,95.32581329345703,420.83544921875,118.26658630371094
2022-02-08,95.0329360961914,424.2980041503906,117.47583770751953
2022-02-09,95.09320831298828,430.5080871582031,117.69691467285156
2022-02-10,94.21466064453125,422.77374267578125,115.82636260986328
2022-02-11,94.83482360839844,414.43719482421875,117.54386901855469
2022-02-14,94.28356170654297,413.082275390625,116.08145904541016
2022-02-15,94.12849426269531,419.7440185546875,114.76358795166016
2022-02-16,94.24049377441406,420.2144470214844,115.44377136230469
2022-02-17,94.43860626220703,411.2380676269531,116.30253601074219
2022-02-18,94.63671112060547,408.5753173828125,117.52684783935547
2022-02-22,94.5333480834961,404.1906433105469,117.83291625976562
2022-02-23,94.11129760742188,397.02081298828125,116.20894622802734
2022-02-24,94.28356170654297,402.99560546875,116.28553009033203
2022-02-25,94.37831115722656,411.88739013671875,116.37054443359375
2022-02-28,95.05875396728516,410.8335876464844,118.92121124267578
2022-03-01,95.5944595336914,404.5764465332031,120.29615020751953
2022-03-02,94.44718170166016,412.0190124511719,116.18411254882812
2022-03-03,94.766357421875,409.9678039550781,117.36749267578125
2022-03-04,95.1458969116211,406.636962890625,119.39369201660156
2022-03-07,94.59383392333984,394.6496276855469,118.48279571533203
2022-03-08,94.25741577148438,391.65753173828125,117.29090118408203
2022-03-09,94.05902099609375,402.1582336425781,116.14156341552734
2022-03-10,93.53282165527344,400.34228515625,114.4729232788086
2022-03-11,93.51557159423828,395.2519226074219,114.85604858398438
2022-03-14,92.60982513427734,392.36322021484375,112.17427825927734
2022-03-15,92.8168716430664,400.9914855957031,111.97846221923828
2022-03-16,92.88585662841797,409.8831787109375,113.07669067382812
2022-03-17,93.04115295410156,415.0111389160156,112.2338638305664
2022-03-18,93.24815368652344,419.5567321777344,113.6045150756836
2022-03-21,92.33380889892578,419.4340515136719,110.9738540649414
2022-03-22,92.08366394042969,424.3420104980469,109.55208587646484
2022-03-23,92.46319580078125,418.87713623046875,111.95289611816406
2022-03-24,92.25616455078125,425.19140625,111.07601928710938
2022-03-25,91.52294158935547,427.2679443359375,109.5350570678711
2022-03-28,91.74722290039062,430.3070983886719,110.47154998779297
2022-03-29,92.17851257324219,435.63031005859375,111.30587768554688
2022-03-30,92.4286880493164,432.9404296875,112.17427825927734
2022-03-31,92.38555908203125,426.2768859863281,112.44670867919922
2022-04-01,92.22142028808594,427.4849548339844,112.8747329711914
2022-04-04,92.29914855957031,431.1470947265625,112.09027099609375
2022-04-05,91.36617279052734,425.7010803222656,109.5578842163086
2022-04-06,91.13288879394531,421.4444274902344,108.6711196899414
2022-04-07,90.9342041015625,423.5679931640625,107.8525619506836
2022-04-08,90.47634887695312,422.43548583984375,106.68441772460938
2022-04-11,90.08755493164062,415.215087890625,104.99616241455078
2022-04-12,90.3726577758789,413.6765441894531,104.85122680664062
2022-04-13,90.5540542602539,418.4146728515625,105.06439208984375
2022-04-14,89.81976318359375,413.2046203613281,102.95832824707031
2022-04-18,89.5433120727539,413.37457275390625,102.44673919677734
2022-04-19,88.99903869628906,420.0474853515625,101.6792984008789
2022-04-20,89.50880432128906,419.7360534667969,103.72572326660156
2022-04-21,89.01631927490234,413.45947265625,102.95832824707031
2022-04-22,88.92994689941406,402.114501953125,102.31028747558594
2022-04-25,89.52603149414062,404.4457702636719,103.33348846435547
2022-04-26,89.802490234375,392.732666015625,104.37374114990234
2022-04-27,89.43965148925781,393.8370056152344,103.03504180908203
2022-04-28,89.40509796142578,403.78509521484375,103.18852233886719
2022-04-29,88.86946868896484,388.8629455566406,101.84986114501953
2022-05-02,88.38571166992188,391.20367431640625,100.08442687988281
2022-05-03,88.58476257324219,392.9970397949219,100.7591781616211
2022-05-04,89.15592956542969,404.9649353027344,101.31434631347656
2022-05-05,88.27318572998047,390.5713195800781,98.53849029541016
2022-05-06,87.90103912353516,388.239990234375,97.08650207519531
2022-05-09,88.33377838134766,375.80963134765625,97.94058990478516
2022-05-10,88.6020736694336,376.677978515625,98.828857421875
2022-05-11,88.93093872070312,370.69403076171875,100.73356628417969
2022-05-12,89.09537506103516,370.3070373535156,100.54562377929688
2022-05-13,88.71453857421875,379.1602478027344,99.05950927734375
2022-05-16,88.91360473632812,377.621826171875,98.95703125
2022-05-17,88.42896270751953,385.3896789550781,97.76126098632812
2022-05-18,88.78378295898438,369.8539733886719,99.84524536132812
2022-05-19,89.0088119506836,367.5887756347656,100.08442687988281
2022-05-20,89.2770767211914,367.749267578125,101.22038269042969
2022-05-23,88.98284149169922,374.62982177734375,99.55487060546875
2022-05-24,89.66654205322266,371.7699890136719,101.51934814453125
2022-05-25,90.0386734008789,375.0545959472656,101.92076873779297
2022-05-26,89.96945190429688,382.54864501953125,101.45954132080078
2022-05-27,90.11654663085938,391.93988037109375,101.70723724365234
2022-05-31,89.54535675048828,389.74078369140625,99.55487060546875
2022-06-01,89.17778778076172,386.5883483886719,99.44111633300781
2022-06-02,89.29047393798828,393.95025634765625,99.49241638183594
2022-06-03,89.14309692382812,387.4849548339844,99.27848815917969
2022-06-06,88.59688568115234,388.6647644042969,97.44747924804688
2022-06-07,88.93502807617188,392.3929443359375,98.49992370605469
2022-06-08,88.57087707519531,388.12677001953125,97.62715911865234
2022-06-09,88.47551727294922,378.89599609375,97.95228576660156
2022-06-10,87.79058074951172,367.9096984863281,97.34481048583984
2022-06-13,86.35142517089844,353.9408264160156,94.29019927978516
2022-06-14,85.83989715576172,352.8742370605469,93.10089111328125
2022-06-15,86.7935562133789,357.9049377441406,94.83778381347656
2022-06-16,87.00163269042969,346.05975341796875,95.59074401855469
2022-06-17,86.99296569824219,346.80572509765625,95.8987808227539
2022-06-21,86.64618682861328,355.5361328125,94.27311706542969
2022-06-22,87.38311767578125,354.8915100097656,96.86563110351562
2022-06-23,87.74726867675781,358.370361328125,97.66136932373047
2022-06-24,87.6085433959961,369.7643127441406,96.30948638916016
2022-06-27,87.21842193603516,368.35198974609375,95.4880599975586
2022-06-28,87.25305938720703,360.825439453125,95.9330062866211
2022-06-29,87.75592803955078,360.5316162109375,97.43037414550781
2022-06-30,88.15471649169922,357.60260009765625,98.28598022460938
2022-07-01,88.88951110839844,361.3847961425781,99.2950439453125
2022-07-05,89.05457305908203,362.0672607421875,100.07523345947266
2022-07-06,88.45523834228516,363.29010009765625,98.39488220214844
2022-07-07,88.25547790527344,368.7311096191406,97.52898406982422
2022-07-08,87.92542266845703,368.4278259277344,96.44876861572266
2022-07-11,88.33364868164062,364.218994140625,98.11193084716797
2022-07-12,88.45523834228516,360.99609375,98.69495391845703
2022-07-13,88.77662658691406,359.10028076171875,99.82660675048828
2022-07-14,88.46394348144531,358.2282409667969,99.01214599609375
2022-07-15,88.8114013671875,365.0721740722656,99.56938934326172
2022-07-18,88.52476501464844,362.0577697753906,98.53205108642578
2022-07-19,88.40318298339844,371.84033203125,98.00049591064453
2022-07-20,88.34233093261719,374.2100830078125,98.25770568847656
2022-07-21,89.08061981201172,378.020751953125,99.95520782470703
2022-07-22,89.77547454833984,374.5133972167969,101.63554382324219
2022-07-25,89.44542694091797,374.9684143066406,100.64104461669922
2022-07-26,89.4280776977539,370.5321960449219,100.71820831298828
2022-07-27,89.74076080322266,380.1535339355469,100.1523666381836
2022-07-28,90.38348388671875,384.921630859375,100.94969177246094
2022-07-29,90.39216613769531,390.53326416015625,100.67534637451172
2022-08-01,90.70548248291016,389.3768615722656,103.09998321533203
2022-08-02,89.77432250976562,386.8079528808594,100.91839599609375
2022-08-03,90.17459869384766,392.86517333984375,102.50733184814453
2022-08-04,90.39215087890625,392.5997619628906,102.47297668457031
2022-08-05,89.38269805908203,391.93621826171875,100.03374481201172
2022-08-08,89.79168701171875,391.481201171875,101.6484603881836
2022-08-09,89.59154510498047,389.9266052246094,101.25337219238281
2022-08-10,89.81781005859375,398.11663818359375,100.59198760986328
2022-08-11,89.33916473388672,398.11663818359375,98.24726104736328
2022-08-12,89.73947143554688,404.8562927246094,99.24356842041016
2022-08-15,89.85262298583984,406.52471923828125,99.15768432617188
2022-08-16,89.72207641601562,407.3209228515625,99.56996154785156
2022-08-17,89.19124603271484,404.42974853515625,98.53072357177734
2022-08-18,89.38269805908203,405.60516357421875,98.67670440673828
2022-08-19,88.7560806274414,400.1546630859375,97.0877914428711
2022-08-22,88.3731918334961,391.8224182128906,96.76142120361328
2022-08-23,88.33838653564453,390.87457275390625,96.22891235351562
2022-08-24,88.10344696044922,392.1257629394531,95.52464294433594
2022-08-25,88.59077453613281,397.66168212890625,96.85589599609375
2022-08-26,88.4254150390625,384.2011413574219,97.58595275878906
2022-08-29,87.9990005493164,381.66070556640625,96.77859497070312
2022-08-30,88.11212158203125,377.4709167480469,97.01908874511719
2022-08-31,87.64217376708984,374.5987548828125,96.09149932861328
2022-09-01,87.26200866699219,375.774169921875,94.33222961425781
2022-09-02,87.51490783691406,371.81182861328125,94.86585998535156
2022-09-06,86.69518280029297,370.4089660644531,92.51618194580078
2022-09-07,87.29689025878906,377.0632629394531,93.9793701171875
2022-09-08,87.0178451538086,379.5279541015625,93.0154037475586
2022-09-09,87.00912475585938,385.4239501953125,93.221923828125
2022-09-12,86.87831115722656,389.5663757324219,92.4559326171875
2022-09-13,86.3899917602539,372.6271057128906,92.67108154296875
2022-09-14,86.50334167480469,374.04888916015625,92.98955535888672
2022-09-15,86.24175262451172,369.80230712890625,92.92929077148438
2022-09-16,86.18070220947266,366.9810791015625,92.15464782714844
2022-09-19,86.0499038696289,369.82696533203125,92.369873046875
2022-09-20,85.66622924804688,365.5819091796875,91.44890594482422
2022-09-21,85.93656158447266,359.2048034667969,92.98094940185547
2022-09-22,85.02091979980469,356.18756103515625,90.60542297363281
2022-09-23,84.75933837890625,350.21966552734375,90.97552490234375
2022-09-26,83.66932678222656,346.7550964355469,89.23690795898438
2022-09-27,83.31180572509766,345.8699035644531,86.88722229003906
2022-09-28,84.65474700927734,352.67535400390625,89.79637145996094
2022-09-29,84.20997619628906,345.3083190917969,89.33159637451172
2022-09-30,84.0094223022461,339.9685974121094,88.17826843261719
2022-10-03,84.69193267822266,348.9442443847656,89.5793685913086
2022-10-04,84.91914367675781,359.75677490234375,89.32917022705078
2022-10-05,84.4734878540039,358.9192199707031,88.47504425048828
2022-10-06,84.1413803100586,355.2167053222656,87.98326873779297
2022-10-07,83.6957015991211,345.3083190917969,87.12915802001953
2022-10-10,83.31988525390625,342.6717834472656,85.7746353149414
2022-10-11,83.37232208251953,340.50164794921875,86.15422821044922
2022-10-12,83.4422378540039,339.3785400390625,86.57699584960938
2022-10-13,83.1800308227539,348.3350830078125,85.74874877929688
2022-10-14,82.72560119628906,340.3969421386719,85.04130554199219
2022-10-17,82.90040588378906,349.14410400390625,84.6271743774414
2022-10-18,83.04022979736328,353.2464599609375,84.8255844116211
2022-10-19,82.32362365722656,350.74322509765625,83.2812728881836
2022-10-20,81.82548522949219,347.8021240234375,81.85773468017578
2022-10-21,81.94782257080078,356.25421142578125,80.38245391845703
2022-10-24,81.83422088623047,360.6134338378906,79.71812438964844
2022-10-25,82.63824462890625,366.3719177246094,82.03888702392578
2022-10-26,83.00530242919922,363.6116943359375,83.22090911865234
2022-10-27,83.42475128173828,361.66998291015625,84.0922622680664
2022-10-28,83.21500396728516,370.27435302734375,83.51422119140625
2022-10-31,82.93534851074219,367.5997619628906,82.9189224243164
2022-11-01,83.08952331542969,365.9911804199219,83.69384765625
2022-11-02,82.94937133789062,356.8061828613281,83.33060455322266
2022-11-03,82.64280700683594,353.1322021484375,82.88089752197266
2022-11-04,82.63404083251953,358.21490478515625,81.4884262084961
2022-11-07,82.37128448486328,361.641357421875,80.67543029785156
2022-11-08,82.72164154052734,363.5926208496094,81.55763244628906
2022-11-09,82.8179702758789,356.10186767578125,81.82572174072266
2022-11-10,84.59608459472656,375.6711730957031,84.97386169433594
2022-11-11,84.5347671508789,379.3070983886719,84.66250610351562
2022-11-14,84.29826354980469,376.08038330078125,84.45494842529297
2022-11-15,84.9201889038086,379.2879638671875,85.82146453857422
2022-11-16,85.44573211669922,376.3945007324219,87.6982650756836
2022-11-17,85.08659362792969,375.2427978515625,86.77281188964844
2022-11-18,84.96397399902344,376.94659423828125,86.17603302001953
2022-11-21,84.91143798828125,375.575927734375,86.5392837524414
2022-11-22,85.3493881225586,380.6300964355469,87.76740264892578
2022-11-23,85.8574447631836,383.0286865234375,89.2982406616211
2022-11-25,85.87492370605469,382.9429931640625,88.99555969238281
2022-11-28,85.73478698730469,376.83245849609375,89.246337890625
2022-11-29,85.42823028564453,376.1850891113281,88.19985961914062
2022-11-30,86.09394073486328,388.03521728515625,88.84854125976562
2022-12-01,86.81029510498047,387.7496643066406,91.68682861328125
2022-12-02,87.17025756835938,387.30230712890625,92.8398666381836
2022-12-05,86.48546600341797,380.3350524902344,91.53943634033203
2022-12-06,86.74007415771484,374.8525390625,92.71849060058594
2022-12-07,87.51264190673828,374.21490478515625,94.90318298339844
2022-12-08,87.24925994873047,377.1464538574219,94.64308166503906
2022-12-09,86.73127746582031,374.32904052734375,92.18098449707031
2022-12-12,86.74884796142578,379.7258605957031,92.47577667236328
2022-12-13,87.32829284667969,382.600341796875,93.36869049072266
2022-12-14,87.52143096923828,380.1541748046875,93.76750946044922
2022-12-15,87.64993286132812,370.85504150390625,94.13333892822266
2022-12-16,87.42112731933594,366.4765625,93.08180236816406
2022-12-19,86.8843765258789,363.3689880371094,91.51758575439453
2022-12-20,86.29478454589844,363.86627197265625,89.89250183105469
2022-12-21,86.53239440917969,369.3069152832031,90.11844635009766
2022-12-22,86.50601196289062,364.038330078125,90.10105895996094
2022-12-23,86.20681762695312,366.13232421875,88.7801284790039
2022-12-27,85.58208465576172,364.6885070800781,87.0246810913086
2022-12-28,85.43248748779297,360.1562805175781,86.5119400024414
2022-12-29,85.749267578125,366.6391906738281,87.49397277832031
2022-12-30,85.34449768066406,365.67333984375,86.5206298828125
2023-01-03,85.8460464477539,364.134033203125,88.17180633544922
2023-01-04,86.32120513916016,366.94512939453125,89.3797607421875
2023-01-05,86.25083923339844,362.7571105957031,89.75342559814453
2023-01-06,87.19232177734375,371.0758361816406,91.40460205078125
2023-01-09,87.41232299804688,370.8654479980469,91.89128112792969
2023-01-10,87.07793426513672,373.46630859375,90.37044525146484
2023-01-11,87.61470031738281,378.1898498535156,91.83911895751953
2023-01-12,88.2482681274414,379.5667724609375,93.6467056274414
2023-01-13,87.92266845703125,381.03924560546875,92.76898956298828
2023-01-17,87.7643051147461,380.34124755859375,92.16931915283203
2023-01-18,88.63542938232422,374.3365173339844,94.40275573730469
2023-01-19,88.43304443359375,371.611328125,93.81182861328125
2023-01-20,88.0722427368164,378.53411865234375,92.29100799560547
2023-01-23,87.8522720336914,383.0759582519531,91.85649871826172
2023-01-24,88.23946380615234,382.66473388671875,93.17739868164062
2023-01-25,88.34504699707031,382.8081970214844,93.40338897705078
2023-01-26,88.1954574584961,387.0154113769531,92.9688491821289
2023-01-27,88.06346130371094,387.90472412109375,92.73419952392578
2023-01-30,87.82587432861328,383.0377197265625,92.39530181884766
2023-01-31,88.18665313720703,388.66961669921875,93.13395690917969
2023-02-01,88.80851745605469,392.80029296875,94.25354766845703
2023-02-02,88.9055404663086,398.5183410644531,94.3755111694336
2023-02-03,88.0499496459961,394.2825012207031,92.96407318115234
2023-02-06,87.56478881835938,391.8728332519531,92.27576446533203
2023-02-07,87.41482543945312,396.9980163574219,91.53519439697266
2023-02-08,87.53833770751953,392.65692138671875,91.97080993652344
2023-02-09,87.1943130493164,389.2528991699219,91.09954071044922
2023-02-10,86.8150405883789,390.1612854003906,90.0801773071289
2023-02-13,87.07962799072266,394.7414245605469,90.83821105957031
2023-02-14,86.77091217041016,394.5596923828125,90.62906646728516
2023-02-15,86.60330200195312,395.841064453125,89.783935546875
2023-02-16,86.24165344238281,390.3907775878906,88.51189422607422
2023-02-17,86.44453430175781,389.4154968261719,89.20018005371094
2023-02-21,85.63302612304688,381.6034240722656,87.46638488769531
2023-02-22,85.86235046386719,381.07757568359375,88.26793670654297
2023-02-23,86.17109680175781,383.1046142578125,89.1305160522461
2023-02-24,85.6771240234375,379.0122375488281,87.97171020507812
2023-02-27,85.84471893310547,380.30303955078125,88.21564483642578
2023-02-28,85.83587646484375,378.8974609375,88.61648559570312
2023-03-01,85.34426879882812,377.4440612792969,87.6644287109375
2023-03-02,85.16744995117188,380.3794860839844,86.88711547851562
2023-03-03,85.8394546508789,386.47998046875,88.99202728271484
2023-03-06,85.6272201538086,386.7477111816406,88.3020248413086
2023-03-07,85.51227569580078,380.8194274902344,88.84352111816406
2023-03-08,85.42386627197266,381.4408874511719,88.93089294433594
2023-03-09,85.73336029052734,374.4033508300781,89.14924621582031
2023-03-10,86.73250579833984,369.0009460449219,92.22362518310547
2023-03-13,87.42216491699219,368.4750061035156,92.43327331542969
2023-03-14,86.90933227539062,374.5659484863281,90.91353607177734
2023-03-15,87.77587890625,372.2232666015625,92.66909790039062
2023-03-16,87.4310302734375,378.7539978027344,91.94412994384766
2023-03-17,87.97921752929688,374.3254089355469,93.32413482666016
2023-03-20,87.62553405761719,377.9246826171875,92.50312805175781
2023-03-21,87.36031341552734,382.88702392578125,91.70831298828125
2023-03-22,88.20027923583984,376.3601989746094,92.93109130859375
2023-03-23,88.41250610351562,377.3775939941406,92.93109130859375
2023-03-24,88.56282806396484,379.8539733886719,93.32413482666016
2023-03-27,87.60784912109375,380.56427001953125,91.13188934326172
2023-03-28,87.47522735595703,379.7100524902344,91.29783630371094
2023-03-29,87.58133697509766,385.2291259765625,91.11441040039062
2023-03-30,87.6785659790039,387.484619140625,91.5336685180664
2023-03-31,88.10302734375,392.9461364746094,92.90492248535156
2023-04-03,88.48600769042969,394.44354248046875,93.34184265136719
2023-04-04,88.81395721435547,392.25506591796875,93.80592346191406
2023-04-05,89.1153564453125,391.2279968261719,94.78662109375
2023-04-06,89.03557586669922,392.754150390625,95.03181457519531
2023-04-10,88.42391967773438,393.1572570800781,93.49944305419922
2023-04-11,88.47711944580078,393.26287841796875,93.69209289550781
2023-04-12,88.5834732055664,391.659912109375,93.5958023071289
2023-04-13,88.54801940917969,396.8622131347656,92.86024475097656
2023-04-14,88.11365509033203,395.89276123046875,92.01087951660156
2023-04-17,87.67045593261719,397.3133850097656,90.91636657714844
2023-04-18,87.79452514648438,397.57244873046875,91.24034118652344
2023-04-19,87.66156005859375,397.5053405761719,91.15277099609375
2023-04-20,88.06047058105469,395.3360900878906,91.9321060180664
2023-04-21,87.90979766845703,395.6432189941406,91.41548156738281
2023-04-24,88.2554702758789,396.05596923828125,92.29986572265625
2023-04-25,88.80509185791016,389.7690734863281,93.65709686279297
2023-04-26,88.47711944580078,388.1181335449219,92.6588363647461
2023-04-27,88.15796661376953,395.8448181152344,91.73944854736328
2023-04-28,88.610107421875,399.22344970703125,93.21927642822266
2023-05-01,87.7027359008789,398.8203125,90.53132629394531
2023-05-02,88.5558853149414,394.33782958984375,92.7873306274414
2023-05-03,88.94685363769531,391.631103515625,93.30528259277344
2023-05-04,88.84024047851562,388.85723876953125,92.38356018066406
2023-05-05,88.5558853149414,396.05596923828125,92.07633209228516
2023-05-08,88.06710052490234,396.1615905761719,90.7859115600586
2023-05-09,87.98712921142578,394.4242858886719,90.46111297607422
2023-05-10,88.5558853149414,396.26708984375,91.33894348144531
2023-05-11,88.82246398925781,395.5760498046875,92.30458068847656
2023-05-12,88.32482147216797,395.0577392578125,91.53205108642578
2023-05-15,88.10264587402344,396.42071533203125,90.58399963378906
2023-05-16,87.89826202392578,393.7715759277344,90.31187438964844
2023-05-17,87.76495361328125,398.551513671875,90.04854583740234
2023-05-18,87.35614776611328,402.390869140625,89.3813705444336
2023-05-19,87.16063690185547,401.80535888671875,88.74929809570312
2023-05-22,87.08068084716797,401.96856689453125,88.43327331542969
2023-05-23,87.17841339111328,397.4573669433594,88.68787384033203
2023-05-24,86.95626068115234,394.57781982421875,88.2489242553711
2023-05-25,86.63634490966797,397.99481201171875,88.02949523925781
2023-05-26,86.70742797851562,403.1491394042969,88.74053955078125
2023-05-30,87.2850570678711,403.302734375,89.62718200683594
2023-05-31,87.59610748291016,401.06634521484375,90.40840911865234
2023-06-01,87.86161041259766,404.8768005371094,90.76315307617188
2023-06-02,87.3982925415039,410.73187255859375,89.7685317993164
2023-06-05,87.3893814086914,409.9447937011719,89.60132598876953
2023-06-06,87.49629211425781,410.8374328613281,90.1294174194336
2023-06-07,87.03302001953125,409.4168701171875,88.79157257080078
2023-06-08,87.49629211425781,411.8932189941406,89.83015441894531
2023-06-09,87.29136657714844,412.6322326660156,89.70694732666016
2023-06-12,87.44286346435547,416.3756103515625,89.97097778320312
2023-06-13,87.03302001953125,419.12078857421875,89.08202362060547
2023-06-14,87.11316680908203,419.6198425292969,89.79497528076172
2023-06-15,87.71907806396484,424.8221740722656,90.65750122070312
2023-06-16,87.44286346435547,423.3751220703125,90.3054428100586
2023-06-20,87.60322570800781,421.1785583496094,90.93037414550781
2023-06-21,87.74578094482422,419.0205383300781,91.1504135131836
2023-06-22,87.29136657714844,420.53314208984375,90.05020141601562
2023-06-23,87.54975128173828,417.3538818359375,90.94796752929688
2023-06-26,87.65669250488281,415.64874267578125,91.0447769165039
2023-06-27,87.48738861083984,420.2055969238281,90.80715942382812
2023-06-28,87.74578094482422,420.41754150390625,91.19440460205078
2023-06-29,87.06864929199219,422.0745544433594,89.54849243164062
2023-06-30,87.27355194091797,427.05535888671875,90.60469055175781
2023-07-03,87.17081451416016,427.5466613769531,90.09107971191406
2023-07-05,86.77778625488281,426.9109191894531,89.23497772216797
2023-07-06,86.21495056152344,423.56781005859375,87.97294616699219
2023-07-07,86.23282623291016,422.4984130859375,87.443359375
2023-07-10,86.47403717041016,423.56781005859375,87.55812072753906
2023-07-11,86.66161346435547,426.26531982421875,88.00823211669922
2023-07-12,87.36734771728516,429.6950378417969,88.98786926269531
2023-07-13,87.91229248046875,433.10546875,89.9233627319336
2023-07-14,87.492431640625,432.8357238769531,89.39384460449219
2023-07-17,87.59069061279297,434.338623046875,89.43795776367188
2023-07-18,87.66214752197266,437.5660095214844,89.8439712524414
2023-07-19,87.93013763427734,438.5390625,90.85888671875
2023-07-20,87.47456359863281,435.6295471191406,89.7557144165039
2023-07-21,87.53710174560547,435.6295471191406,89.78213500976562
2023-07-24,87.37628173828125,437.5756530761719,89.45561981201172
2023-07-25,87.27803039550781,438.770263671875,89.28793334960938
2023-07-26,87.56387329101562,438.83770751953125,89.3761978149414
2023-07-27,86.81351470947266,435.92822265625,87.6375732421875
2023-07-28,87.15296173095703,440.19610595703125,88.08768463134766
2023-07-31,87.26016235351562,441.0342712402344,88.29949188232422
2023-08-01,86.68238067626953,439.7721862792969,86.85253143310547
2023-08-02,86.47637939453125,433.6546325683594,85.92330169677734
2023-08-03,85.89414978027344,432.411865234375,83.94092559814453
2023-08-04,86.60179138183594,430.4561767578125,85.4277114868164
2023-08-07,86.61967468261719,434.21337890625,84.58695983886719
2023-08-08,86.82574462890625,432.32513427734375,85.56932067871094
2023-08-09,86.888427734375,429.4349060058594,86.01178741455078
2023-08-10,86.32410430908203,429.5890197753906,84.59583282470703
2023-08-11,86.0553970336914,429.33856201171875,84.401123046875
2023-08-14,85.99266815185547,431.7085266113281,84.21528625488281
2023-08-15,85.7597427368164,426.67962646484375,83.70197296142578
2023-08-16,85.55374908447266,423.5485534667969,83.04708862304688
2023-08-17,85.46417999267578,420.3211975097656,82.69312286376953
2023-08-18,85.65227508544922,420.5234680175781,82.98513793945312
2023-08-21,85.2223129272461,423.259521484375,81.8789291381836
2023-08-22,85.31190490722656,422.113037109375,82.50727844238281
2023-08-23,86.12702941894531,426.8144836425781,84.55156707763672
2023-08-24,85.92994689941406,420.89923095703125,83.9940185546875
2023-08-25,85.8762435913086,423.866455078125,84.26836395263672
2023-08-28,86.06432342529297,426.55438232421875,84.35688781738281
2023-08-29,86.61967468261719,432.7201232910156,85.23299407958984
2023-08-30,86.5838623046875,434.5024108886719,85.14448547363281
2023-08-31,86.70925903320312,433.8665466308594,85.52505493164062
2023-09-01,86.26017761230469,434.67578125,84.19269561767578
2023-09-05,85.79313659667969,432.7971496582031,83.01211547851562
2023-09-06,85.71229553222656,429.8876953125,83.21631622314453
2023-09-07,85.98172760009766,428.5678405761719,83.44709014892578
2023-09-08,86.02662658691406,429.21331787109375,83.76663208007812
2023-09-11,85.9278564453125,432.0361022949219,83.16301727294922
2023-09-12,85.95481872558594,429.6661071777344,83.64237213134766
2023-09-13,86.08056640625,430.1671447753906,83.62459564208984
2023-09-14,85.96379852294922,433.8761901855469,83.02101135253906
2023-09-15,85.76618194580078,428.648681640625,82.51506042480469
2023-09-18,85.89193725585938,428.90008544921875,82.98550415039062
2023-09-19,85.64044189453125,428.0105895996094,82.3730239868164
2023-09-20,85.59555053710938,424.07574462890625,82.63046264648438
2023-09-21,85.0117416381836,417.0664978027344,80.50897979736328
2023-09-22,85.37100982666016,416.1287841796875,81.156982421875
2023-09-25,84.6973648071289,417.8785705566406,79.15978240966797
2023-09-26,84.58959197998047,411.73944091796875,78.88462829589844
2023-09-27,84.29319763183594,411.90380859375,78.47630310058594
2023-09-28,84.544677734375,414.2917785644531,78.7159423828125
2023-09-29,84.46387481689453,413.2862854003906,78.72484588623047
2023-10-02,83.87574005126953,413.1219787597656,77.40696716308594
2023-10-03,83.21826934814453,407.5919189453125,75.74182891845703
2023-10-04,83.80370330810547,410.5599365234375,76.81037139892578
2023-10-05,83.85774230957031,410.4052734375,76.4274673461914
2023-10-06,83.53348541259766,415.27789306640625,75.50142669677734
2023-10-09,84.39808654785156,417.9366149902344,77.27342987060547
2023-10-10,84.31705474853516,420.11181640625,77.1665267944336
2023-10-11,84.7043228149414,421.8327941894531,78.77825164794922
2023-10-12,83.97482299804688,419.26116943359375,76.64117431640625
2023-10-13,84.33504486083984,417.1728820800781,78.01246643066406
2023-10-16,83.86672973632812,421.5621337890625,76.75694274902344
2023-10-17,83.26332092285156,421.5427551269531,75.9110107421875
2023-10-18,82.87606048583984,415.9256591796875,75.24315643310547
2023-10-19,82.56080627441406,412.2711181640625,73.70268249511719
2023-10-20,82.85801696777344,407.2051696777344,74.1212158203125
2023-10-23,83.18224334716797,406.4994201660156,75.01162719726562
2023-10-24,83.47945404052734,409.56414794921875,76.00004577636719
2023-10-25,82.85801696777344,403.6860046386719,74.30817413330078
2023-10-26,83.41639709472656,398.85205078125,75.44796752929688
2023-10-27,83.38938903808594,397.0440979003906,75.12741088867188
2023-10-30,83.19124603271484,401.7911376953125,74.78903198242188
2023-10-31,83.13721466064453,404.3144226074219,74.4239501953125
2023-11-01,84.0559310913086,408.6263732910156,76.03761291503906
2023-11-02,84.56178283691406,416.4574279785156,77.7710189819336
2023-11-03,85.07667541503906,420.2569274902344,78.29820251464844
2023-11-06,84.65211486816406,421.2237243652344,77.53874206542969
2023-11-07,85.10377502441406,422.4225158691406,78.68242645263672
2023-11-08,85.39288330078125,422.73193359375,80.0226821899414
2023-11-09,84.67922973632812,419.4351806640625,78.18205261230469
2023-11-10,84.87793731689453,425.9803466796875,78.61988067626953
2023-11-13,84.86891174316406,425.57427978515625,78.44114685058594
2023-11-14,85.93488311767578,433.8307189941406,80.21923065185547
2023-11-15,85.40190124511719,434.7491455078125,79.09342956542969
2023-11-16,85.87165069580078,435.28094482421875,80.07628631591797
2023-11-17,86.04325866699219,435.82232666015625,80.4515609741211
2023-11-20,86.17875671386719,439.1771545410156,80.94298553466797
2023-11-21,86.26907348632812,438.2200012207031,80.90725708007812
2023-11-22,86.35040283203125,439.911865234375,81.19316864013672
2023-11-24,85.95294189453125,440.1825256347656,80.23712158203125
2023-11-27,86.44073486328125,439.3898620605469,81.577392578125
2023-11-28,86.82015991210938,439.8248596191406,81.73822021484375
2023-11-29,87.2447280883789,439.5155029296875,82.76573944091797
2023-11-30,86.95562744140625,441.24609375,81.8097152709961
2023-12-01,87.72020721435547,443.8564453125,83.35047149658203
2023-12-04,87.38505554199219,441.5264587402344,83.01885223388672
2023-12-05,87.96483612060547,441.4394226074219,84.80258178710938
2023-12-06,88.19131469726562,439.6605529785156,85.93197631835938
2023-12-07,88.21851348876953,443.01531982421875,85.4389877319336
2023-12-08,87.77460479736328,444.9198913574219,84.73983001708984
2023-12-11,87.7836685180664,446.6504211425781,84.56053924560547
2023-12-12,88.04635620117188,448.6904296875,84.81153869628906
2023-12-13,89.15160369873047,454.8778991699219,86.8014144897461
2023-12-14,89.87114715576172,456.3377990722656,89.05935668945312
2023-12-15,89.66218566894531,455.58636474609375,89.15828704833984
2023-12-18,89.48047637939453,458.149169921875,88.44791412353516
2023-12-19,89.58948516845703,460.9350891113281,88.92449188232422
2023-12-20,89.91657257080078,454.54779052734375,89.5269775390625
2023-12-21,89.9074935913086,458.8577575683594,88.96044921875
2023-12-22,89.78934478759766,459.7799072265625,88.55580139160156
2023-12-26,89.97108459472656,461.7213439941406,88.80760192871094
2023-12-27,90.54344940185547,462.5561828613281,90.38123321533203
2023-12-28,90.34357452392578,462.73089599609375,89.72480010986328
2023-12-29,90.17096710205078,461.3913269042969,88.91548919677734
