Date,GLD,SPY,TIP,IEF
2004-11-18,44.380001068115234,79.74527740478516,53.25224304199219,47.835487365722656
2004-11-19,44.779998779296875,78.85872650146484,53.105995178222656,47.573326110839844
2004-11-22,44.95000076293945,79.23484802246094,53.34303283691406,47.60681915283203
2004-11-23,44.75,79.35575103759766,53.24219512939453,47.56220626831055
2004-11-24,45.04999923706055,79.54377746582031,53.383384704589844,47.629150390625
2004-11-26,45.290000915527344,79.48332214355469,53.17155075073242,47.45623779296875
2004-11-29,45.400001525878906,79.12069702148438,52.92949676513672,47.17182922363281
2004-11-30,45.119998931884766,79.17440032958984,52.863948822021484,47.127193450927734
2004-12-01,45.380001068115234,80.0743179321289,52.77443313598633,47.11152648925781
2004-12-02,44.95000076293945,80.14147186279297,52.64801788330078,47.0052375793457
2004-12-03,45.599998474121094,80.0877456665039,53.092987060546875,47.47516632080078
2004-12-06,45.16999816894531,80.06092071533203,53.21941375732422,47.56468200683594
2004-12-07,45.11000061035156,79.3154296875,53.2396354675293,47.55907440185547
2004-12-08,44.0099983215332,79.77881622314453,53.60366439819336,47.911529541015625
2004-12-09,43.779998779296875,80.06092071533203,53.477264404296875,47.79964065551758
2004-12-10,43.439998626708984,80.14147186279297,53.39635467529297,47.872398376464844
2004-12-13,43.90999984741211,80.8399658203125,53.492454528808594,47.90593719482422
2004-12-14,43.54999923706055,81.12205505371094,53.5986442565918,47.989837646484375
2004-12-15,43.9900016784668,81.18248748779297,53.962703704833984,48.16328811645508
2004-12-16,43.68000030517578,81.1354751586914,53.62392807006836,47.794044494628906
2004-12-17,44.189998626708984,80.59430694580078,53.67448043823242,47.73251724243164
2004-12-20,44.34000015258789,80.61454010009766,53.79583740234375,47.78847122192383
2004-12-21,44.220001220703125,81.23533630371094,54.10930633544922,47.85558319091797
2004-12-22,44.02000045776367,81.43101501464844,53.876792907714844,47.80525588989258
2004-12-23,44.27000045776367,81.49171447753906,53.962703704833984,47.743709564208984
2004-12-27,44.47999954223633,81.32308197021484,53.79079818725586,47.54228591918945
2004-12-28,44.369998931884766,81.76838684082031,53.69474411010742,47.5367317199707
2004-12-29,43.65999984741211,81.88984680175781,53.5632438659668,47.44157791137695
2004-12-30,43.83000183105469,81.73469543457031,53.704803466796875,47.620601654052734
2004-12-31,43.79999923706055,81.55921173095703,53.79380798339844,47.67726135253906
2005-01-03,43.02000045776367,81.17460632324219,53.77853775024414,47.772708892822266
2005-01-04,42.7400016784668,80.18270874023438,53.40739059448242,47.475242614746094
2005-01-05,42.66999816894531,79.62939453125,53.3464241027832,47.5538444519043
2005-01-06,42.150001525878906,80.03424072265625,53.43279266357422,47.5987434387207
2005-01-07,41.84000015258789,79.91954040527344,53.29554748535156,47.55945587158203
2005-01-10,41.95000076293945,80.29740905761719,53.331153869628906,47.5538444519043
2005-01-11,42.209999084472656,79.74409484863281,53.38198471069336,47.64919662475586
2005-01-12,42.599998474121094,80.00724792480469,53.57010269165039,47.72220993041992
2005-01-13,42.599998474121094,79.3662338256836,53.70736312866211,47.913021087646484
2005-01-14,42.31999969482422,79.78459167480469,53.71244430541992,47.88496017456055
2005-01-18,42.31999969482422,80.61454010009766,53.71244430541992,47.86814880371094
2005-01-19,42.2599983215332,79.7711181640625,53.66159439086914,47.89618682861328
2005-01-20,42.25,79.28526306152344,53.687015533447266,47.9803581237793
2005-01-21,42.7400016784668,78.7994155883789,53.7632942199707,48.075801849365234
2005-01-24,42.77000045776367,78.64421081542969,53.85480499267578,48.0701904296875
2005-01-25,42.2400016784668,78.86689758300781,53.50909423828125,47.890602111816406
2005-01-26,42.689998626708984,79.1030502319336,53.57517623901367,47.90182113647461
2005-01-27,42.619998931884766,79.2380142211914,53.55995178222656,47.828857421875
2005-01-28,42.689998626708984,79.2380142211914,53.768367767333984,48.075801849365234
2005-01-31,42.220001220703125,79.7305908203125,53.798885345458984,48.09263610839844
2005-02-01,42.099998474121094,80.23667907714844,53.70821762084961,48.05937957763672
2005-02-02,42.15999984741211,80.4795913696289,53.616580963134766,48.06503677368164
2005-02-03,41.68000030517578,80.27039337158203,53.52494430541992,47.98624038696289
2005-02-04,41.470001220703125,81.12738037109375,53.87120056152344,48.23394012451172
2005-02-07,41.27000045776367,81.01939392089844,54.04941177368164,48.329627990722656
2005-02-08,41.2599983215332,81.11389923095703,54.31413269042969,48.37466049194336
2005-02-09,41.310001373291016,80.50658416748047,54.60947036743164,48.61111068725586
2005-02-10,41.75,80.79673767089844,54.293800354003906,48.307098388671875
2005-02-11,42.08000183105469,81.49171447753906,54.319278717041016,48.24518966674805
2005-02-14,42.54999923706055,81.43101501464844,54.52290344238281,48.307098388671875
2005-02-15,42.58000183105469,81.73469543457031,54.23778533935547,48.23394012451172
2005-02-16,42.52000045776367,81.78862762451172,54.095211029052734,48.05937957763672
2005-02-17,42.72999954223633,81.12738037109375,54.02896499633789,47.952423095703125
2005-02-18,42.75,81.23533630371094,53.9730224609375,47.710384368896484
2005-02-22,43.56999969482422,80.0274887084961,53.82024002075195,47.71602249145508
2005-02-23,43.41999816894531,80.60101318359375,53.9373779296875,47.755409240722656
2005-02-24,43.33000183105469,81.13412475585938,53.82024002075195,47.676612854003906
2005-02-25,43.5,81.93708038330078,53.7947998046875,47.74415969848633
2005-02-28,43.529998779296875,81.39729309082031,53.51472854614258,47.43452072143555
2005-03-01,43.220001220703125,81.80213928222656,53.54016876220703,47.435081481933594
2005-03-02,43.25,81.76162719726562,53.601341247558594,47.429443359375
2005-03-03,42.970001220703125,81.79541015625,53.677696228027344,47.40121841430664
2005-03-04,43.380001068115234,82.81429290771484,53.89662551879883,47.61570739746094
2005-03-07,43.470001220703125,82.85477447509766,54.04941177368164,47.62701416015625
2005-03-08,44.029998779296875,82.5444107055664,53.906822204589844,47.40121841430664
2005-03-09,44.02000045776367,81.62670135498047,53.545326232910156,47.039947509765625
2005-03-10,44.20000076293945,81.80887603759766,53.438392639160156,47.124610900878906
2005-03-11,44.43000030517578,81.23533630371094,53.20924377441406,46.92706298828125
2005-03-14,44.029998779296875,81.74140167236328,53.31106185913086,47.039947509765625
2005-03-15,44.060001373291016,81.06665802001953,53.23978042602539,46.949615478515625
2005-03-16,44.310001373291016,80.37834930419922,53.438392639160156,47.056884765625
2005-03-17,43.81999969482422,80.54029083251953,53.62675094604492,47.23751449584961
2005-03-18,43.88999938964844,80.30123138427734,53.545326232910156,47.118980407714844
2005-03-21,43.09000015258789,80.00310516357422,53.44854736328125,47.0625
2005-03-22,42.650001525878906,79.19024658203125,53.09212112426758,46.71816635131836
2005-03-23,42.41999816894531,79.25798034667969,52.92919158935547,46.825443267822266
2005-03-24,42.38999938964844,79.3528060913086,53.10738754272461,46.86496353149414
2005-03-28,42.540000915527344,79.46797180175781,52.88335418701172,46.712493896484375
2005-03-29,42.560001373291016,78.93960571289062,53.02592849731445,46.90449142456055
2005-03-30,42.61000061035156,80.05731964111328,53.23978042602539,47.01172637939453
2005-03-31,42.81999969482422,79.90831756591797,53.63182830810547,47.243167877197266
2005-04-01,42.619998931884766,79.54928588867188,53.70180892944336,47.33890151977539
2005-04-04,42.400001525878906,79.6847152709961,53.75798416137695,47.316219329833984
2005-04-05,42.45000076293945,80.06407928466797,53.61501693725586,47.3218879699707
2005-04-06,42.630001068115234,80.34183502197266,53.6456298828125,47.46349334716797
2005-04-07,42.56999969482422,80.77537536621094,53.436302185058594,47.28220748901367
2005-04-08,42.689998626708984,79.93536376953125,53.48731994628906,47.333221435546875
2005-04-11,42.779998779296875,79.99629974365234,53.63029861450195,47.47477722167969
2005-04-12,42.84000015258789,80.40959930419922,53.921382904052734,47.72401809692383
2005-04-13,42.900001525878906,79.461181640625,53.870304107666016,47.74668502807617
2005-04-14,42.310001373291016,78.42474365234375,53.97243881225586,47.87129592895508
2005-04-15,42.400001525878906,77.32731628417969,54.27881622314453,48.18278503417969
2005-04-18,42.689998626708984,77.56442260742188,54.27881622314453,48.080875396728516
2005-04-19,43.279998779296875,78.18090057373047,54.585227966308594,48.35837936401367
2005-04-20,43.400001525878906,77.0902328491211,54.677066802978516,48.330078125
2005-04-21,43.189998626708984,78.58735656738281,54.25841522216797,47.984588623046875
2005-04-22,43.38999938964844,78.28925323486328,54.61581802368164,48.18849563598633
2005-04-25,43.439998626708984,78.8040771484375,54.53413391113281,48.18849563598633
2005-04-26,43.63999938964844,78.03862762451172,54.35540771484375,48.16583251953125
2005-04-27,43.20000076293945,78.34344482421875,54.35540771484375,48.31308364868164
2005-04-28,43.0,77.36119842529297,54.77412796020508,48.607566833496094
2005-04-29,43.349998474121094,78.41116333007812,54.585227966308594,48.4320182800293
2005-05-02,42.880001068115234,78.8515396118164,54.61543273925781,48.48143005371094
2005-05-03,42.7599983215332,78.98696899414062,54.594905853271484,48.54393768310547
2005-05-04,42.900001525878906,79.59668731689453,54.46676254272461,48.532615661621094
2005-05-05,42.90999984741211,79.5696029663086,54.523170471191406,48.685997009277344
2005-05-06,42.52000045776367,79.31891632080078,54.33346939086914,48.339447021484375
2005-05-09,42.54999923706055,79.81343841552734,54.359130859375,48.33372497558594
2005-05-10,42.63999938964844,78.98696899414062,54.54365921020508,48.504154205322266
2005-05-11,42.689998626708984,79.42051696777344,54.600040435791016,48.566673278808594
2005-05-12,42.15999984741211,78.54664611816406,54.589820861816406,48.61211013793945
2005-05-13,41.95000076293945,78.39088439941406,54.605186462402344,48.737091064453125
2005-05-16,41.880001068115234,79.12248229980469,54.58468246459961,48.74281692504883
2005-05-17,41.86000061035156,79.65086364746094,54.70259475708008,48.80527114868164
2005-05-18,42.04999923706055,80.47052764892578,54.620609283447266,48.96439743041992
2005-05-19,41.97999954223633,80.80924987792969,54.56415939331055,48.816673278808594
2005-05-20,41.650001525878906,80.694091796875,54.76411819458008,48.81099319458008
2005-05-23,41.619998931884766,81.14117431640625,54.83074188232422,49.03257751464844
2005-05-24,41.72999954223633,80.9515151977539,54.99991226196289,49.16322708129883
2005-05-25,41.869998931884766,80.8905258178711,54.799983978271484,48.98712158203125
2005-05-26,41.689998626708984,81.32410430908203,54.620609283447266,49.015506744384766
2005-05-27,41.880001068115234,81.45958709716797,54.758941650390625,49.06666564941406
2005-05-31,41.650001525878906,80.93799591064453,54.99991226196289,49.322322845458984
2005-06-01,41.529998779296875,81.62892150878906,55.537109375,49.62666320800781
2005-06-02,42.099998474121094,81.80508422851562,55.372154235839844,49.60955810546875
2005-06-03,42.16999816894531,81.3918228149414,55.19170379638672,49.32459259033203
2005-06-06,42.47999954223633,81.31732940673828,55.19170379638672,49.455684661865234
2005-06-07,42.380001068115234,81.37825775146484,55.294830322265625,49.598167419433594
2005-06-08,42.34000015258789,81.22925567626953,55.14011001586914,49.50694274902344
2005-06-09,42.27000045776367,81.6153564453125,55.098873138427734,49.47842788696289
2005-06-10,42.619998931884766,81.42569732666016,54.763771057128906,49.165016174316406
2005-06-13,42.779998779296875,81.68310546875,54.59878921508789,49.03397750854492
2005-06-14,42.599998474121094,81.87281036376953,54.49052047729492,48.97697067260742
2005-06-15,42.7400016784668,82.02861022949219,54.50604248046875,48.95988464355469
2005-06-16,43.459999084472656,82.23857879638672,54.701900482177734,49.11376190185547
2005-06-17,43.630001068115234,82.54334259033203,54.73282241821289,49.05671691894531
2005-06-20,43.65999984741211,82.5705337524414,54.738037109375,48.98265838623047
2005-06-21,43.810001373291016,82.61814880371094,54.804996490478516,49.13655471801758
2005-06-22,43.720001220703125,82.6861572265625,54.98545837402344,49.50694274902344
2005-06-23,44.02000045776367,81.52307891845703,55.062801361083984,49.455684661865234
2005-06-24,43.900001525878906,80.92455291748047,55.165924072265625,49.57530975341797
2005-06-27,43.90999984741211,81.04016876220703,55.32058334350586,49.615257263183594
2005-06-28,43.45000076293945,81.72032928466797,55.19681167602539,49.404415130615234
2005-06-29,43.630001068115234,81.50267028808594,55.05246353149414,49.38731002807617
2005-06-30,43.439998626708984,81.06060028076172,55.28447341918945,49.55824661254883
2005-07-01,42.70000076293945,81.29862976074219,54.91973876953125,49.131805419921875
2005-07-05,42.279998779296875,81.95159149169922,54.613609313964844,48.931739807128906
2005-07-06,42.25,81.26466369628906,54.72251892089844,49.03461837768555
2005-07-07,42.36000061035156,81.58430480957031,54.75886154174805,49.148948669433594
2005-07-08,42.2599983215332,82.51611328125,54.504581451416016,48.97178268432617
2005-07-11,42.540000915527344,82.93779754638672,54.613609313964844,48.948936462402344
2005-07-12,42.63999938964844,83.15545654296875,54.504581451416016,48.823158264160156
2005-07-13,42.349998474121094,83.2710952758789,54.36965560913086,48.77741241455078
2005-07-14,41.900001525878906,83.5975570678711,54.02202606201172,48.71453857421875
2005-07-15,42.04999923706055,83.5499496459961,53.93899154663086,48.72595977783203
2005-07-18,42.0099983215332,83.2166519165039,53.7521858215332,48.64590072631836
2005-07-19,41.88999938964844,83.67234802246094,53.98053741455078,48.71453857421875
2005-07-20,42.20000076293945,83.95805358886719,54.13618469238281,48.805992126464844
2005-07-21,42.459999084472656,83.46831512451172,53.881919860839844,48.44584274291992
2005-07-22,42.45000076293945,84.02607727050781,54.09466552734375,48.674530029296875
2005-07-25,42.5099983215332,83.78803253173828,53.92864990234375,48.58877944946289
2005-07-26,42.25,83.8899917602539,53.98053741455078,48.623085021972656
2005-07-27,42.439998626708984,84.19608306884766,53.959774017333984,48.55446243286133
2005-07-28,42.75,84.72662353515625,54.079097747802734,48.76598358154297
2005-07-29,42.81999969482422,84.16207885742188,53.91825485229492,48.47443389892578
2005-08-01,43.130001068115234,84.10088348388672,53.83625793457031,48.377525329589844
2005-08-02,43.13999938964844,84.60415649414062,53.73701858520508,48.33163070678711
2005-08-03,43.529998779296875,84.82862854003906,53.98244094848633,48.45207977294922
2005-08-04,43.68000030517578,84.14848327636719,53.992923736572266,48.41767883300781
2005-08-05,43.599998474121094,83.5771484375,53.68998336791992,48.15961837768555
2005-08-08,43.349998474121094,83.42069244384766,53.67955780029297,48.03346252441406
2005-08-09,43.34000015258789,83.92399597167969,53.63777542114258,48.17108154296875
2005-08-10,43.650001525878906,83.88320922851562,53.606422424316406,48.148155212402344
2005-08-11,44.45000076293945,84.21649169921875,53.883262634277344,48.35460662841797
2005-08-12,44.4900016784668,83.69960021972656,54.10259246826172,48.54957580566406
2005-08-15,44.130001068115234,84.21649169921875,54.10259246826172,48.486480712890625
2005-08-16,44.54999923706055,83.12144470214844,54.25406265258789,48.71586990356445
2005-08-17,43.90999984741211,83.11466217041016,54.133968353271484,48.5266227722168
2005-08-18,43.83000183105469,83.10785675048828,54.29585647583008,48.784690856933594
2005-08-19,43.599998474121094,83.29829406738281,54.39509963989258,48.75602722167969
2005-08-22,43.70000076293945,83.29829406738281,54.31679916381836,48.79616928100586
2005-08-23,43.7599983215332,83.141845703125,54.46296691894531,48.887939453125
2005-08-24,43.59000015258789,82.40050506591797,54.551780700683594,48.91089630126953
2005-08-25,43.72999954223633,82.69978332519531,54.63533401489258,48.93955993652344
2005-08-26,43.61000061035156,82.13525390625,54.609222412109375,48.859249114990234
2005-08-29,43.56999969482422,82.76774597167969,54.697998046875,48.893680572509766
2005-08-30,43.0099983215332,82.33248138427734,54.98005676269531,49.12303161621094
2005-08-31,43.400001525878906,83.37309265136719,55.28293991088867,49.444175720214844
2005-09-01,44.220001220703125,83.3118667602539,55.42820739746094,49.49251937866211
2005-09-02,44.25,83.1622543334961,55.44918441772461,49.50405502319336
2005-09-06,44.27000045776367,84.1348876953125,55.13978958129883,49.34865951538086
2005-09-07,44.33000183105469,84.27769470214844,55.06638717651367,49.18762969970703
2005-09-08,44.599998474121094,83.99883270263672,55.15555191040039,49.18762969970703
2005-09-09,44.84000015258789,84.74699401855469,55.302364349365234,49.2279052734375
2005-09-12,44.88999938964844,84.57697296142578,55.103118896484375,49.072540283203125
2005-09-13,44.560001373291016,84.1076889038086,55.291847229003906,49.22211837768555
2005-09-14,44.959999084472656,83.80160522460938,55.255191802978516,49.118560791015625
2005-09-15,45.41999816894531,83.76080322265625,55.14503860473633,48.968963623046875
2005-09-16,45.81999969482422,84.35640716552734,55.055885314941406,48.779151916503906
2005-09-19,46.25,84.07635498046875,55.239410400390625,48.876953125
2005-09-20,46.22999954223633,83.36597442626953,55.08736038208008,48.83671188354492
2005-09-21,47.060001373291016,82.58731079101562,55.39674377441406,49.06102752685547
2005-09-22,46.36000061035156,82.88101196289062,55.41244125366211,49.09557342529297
2005-09-23,46.279998779296875,82.9493408203125,55.13978958129883,48.825191497802734
2005-09-26,46.56999969482422,83.04493713378906,55.01398468017578,48.69860076904297
2005-09-27,46.25,83.02445220947266,55.12406539916992,48.72733688354492
2005-09-28,46.79999923706055,83.10643005371094,55.33909225463867,48.825191497802734
2005-09-29,47.099998474121094,83.78266143798828,55.286598205566406,48.71586990356445
2005-09-30,46.70000076293945,84.0422134399414,55.197509765625,48.577789306640625
2005-10-03,46.41999816894531,83.74163055419922,54.8309326171875,48.39131164550781
2005-10-04,46.45000076293945,82.79905700683594,54.788856506347656,48.41443634033203
2005-10-05,46.36000061035156,81.71302032470703,54.77834701538086,48.529876708984375
2005-10-06,47.209999084472656,81.4193115234375,54.631072998046875,48.46641159057617
2005-10-07,47.36000061035156,81.69935607910156,54.72048568725586,48.529876708984375
2005-10-10,47.369998931884766,81.00948333740234,54.7835693359375,48.54143524169922
2005-10-11,47.38999938964844,80.89335632324219,54.615291595458984,48.44906997680664
2005-10-12,46.849998474121094,80.25811004638672,54.436519622802734,48.2644157409668
2005-10-13,47.02000045776367,80.21031188964844,54.41020965576172,48.189327239990234
2005-10-14,46.79999923706055,81.05729675292969,54.525917053222656,48.189327239990234
2005-10-17,47.2599983215332,81.35780334472656,54.631072998046875,48.13163757324219
2005-10-18,47.0,80.47669982910156,54.667911529541016,48.200904846191406
2005-10-19,46.34000015258789,81.81543731689453,54.67317199707031,48.25859832763672
2005-10-20,45.97999954223633,80.3742446899414,54.6363410949707,48.28749084472656
2005-10-21,46.52000045776367,80.68841552734375,54.809913635253906,48.50104522705078
2005-10-24,46.38999938964844,81.93839263916016,54.5732536315918,48.293277740478516
2005-10-25,47.060001373291016,81.77448272705078,54.289268493652344,48.068172454833984
2005-10-26,46.93000030517578,81.53540802001953,54.126190185546875,47.88343048095703
2005-10-27,47.18000030517578,80.6679458618164,54.34707260131836,47.99311065673828
2005-10-28,47.220001220703125,81.82913970947266,54.3260498046875,47.94116973876953
2005-10-31,46.400001525878906,82.05451202392578,54.47331619262695,47.975807189941406
2005-11-01,45.72999954223633,82.30042266845703,54.46910858154297,47.94565200805664
2005-11-02,46.130001068115234,83.16104125976562,54.36345291137695,47.84719467163086
2005-11-03,45.959999084472656,83.51627349853516,54.27898406982422,47.679229736328125
2005-11-04,45.5099983215332,83.40694427490234,54.236732482910156,47.65608596801758
2005-11-07,45.77000045776367,83.48893737792969,54.4110107421875,47.74298095703125
2005-11-08,45.90999984741211,83.48893737792969,54.51133728027344,47.980445861816406
2005-11-09,46.560001373291016,83.59822845458984,54.231422424316406,47.7255744934082
2005-11-10,46.47999954223633,84.24711608886719,54.352901458740234,47.99778747558594
2005-11-11,46.79999923706055,84.53401184082031,54.42683029174805,48.05571365356445
2005-11-14,46.619998931884766,84.48617553710938,54.051883697509766,47.8414192199707
2005-11-15,46.65999984741211,84.1788101196289,54.210330963134766,48.00358581542969
2005-11-16,47.779998779296875,84.34955596923828,54.5272102355957,48.246849060058594
2005-11-17,48.47999954223633,85.13507843017578,54.590572357177734,48.339515686035156
2005-11-18,48.459999084472656,85.46973419189453,54.49018478393555,48.22368621826172
2005-11-21,48.9900016784668,85.90011596679688,54.54829406738281,48.316368103027344
2005-11-22,49.31999969482422,86.26895141601562,54.764827728271484,48.48432540893555
2005-11-23,49.150001525878906,86.76759338378906,54.5535888671875,48.35688400268555
2005-11-25,49.41999816894531,86.83586120605469,54.73842239379883,48.501705169677734
2005-11-28,49.7400016784668,86.2211685180664,54.85462951660156,48.56541061401367
2005-11-29,49.79999923706055,86.12550354003906,54.579994201660156,48.298980712890625
2005-11-30,49.099998474121094,85.66106414794922,54.569427490234375,48.27583312988281
2005-12-01,50.16999816894531,86.53531646728516,54.44120788574219,48.167137145996094
2005-12-02,50.31999969482422,86.64461517333984,54.46257781982422,48.20781326293945
2005-12-05,50.779998779296875,86.46021270751953,54.43054962158203,48.06248092651367
2005-12-06,50.88999938964844,86.6241455078125,54.590782165527344,48.2891731262207
2005-12-07,51.31999969482422,86.11865997314453,54.382442474365234,48.26011657714844
2005-12-08,51.900001525878906,86.06399536132812,54.61212921142578,48.46934127807617
2005-12-09,52.400001525878906,86.28942108154297,54.41986083984375,48.254310607910156
2005-12-12,52.560001373291016,86.37140655517578,54.44120788574219,48.143917083740234
2005-12-13,51.650001525878906,86.95880126953125,54.54269790649414,48.26011657714844
2005-12-14,50.349998474121094,87.30036163330078,54.76175308227539,48.562339782714844
2005-12-15,50.2400016784668,87.04759979248047,54.76175308227539,48.498390197753906
2005-12-16,50.09000015258789,86.76748657226562,54.79918670654297,48.58555221557617
2005-12-19,50.220001220703125,86.32112884521484,54.84193420410156,48.61464309692383
2005-12-20,49.040000915527344,86.40350341796875,54.815216064453125,48.533287048339844
2005-12-21,49.369998931884766,86.54084014892578,54.76175308227539,48.46934127807617
2005-12-22,50.13999938964844,86.99405670166016,54.87928009033203,48.66114044189453
2005-12-23,50.119998931884766,87.04210662841797,55.10905838012695,48.777366638183594
2005-12-27,50.63999938964844,86.15631866455078,55.173160552978516,49.00981903076172
2005-12-28,51.470001220703125,86.34857177734375,55.05304718017578,48.85936737060547
2005-12-29,51.470001220703125,85.96405792236328,55.14951705932617,48.917686462402344
2005-12-30,51.58000183105469,85.49711608886719,55.133419036865234,48.9351692199707
2006-01-03,53.119998931884766,87.00093078613281,55.25144958496094,48.92940139770508
2006-01-04,53.29999923706055,87.41291046142578,55.2568244934082,49.016815185546875
2006-01-05,52.34000015258789,87.46786499023438,55.095951080322266,49.02846908569336
2006-01-06,53.720001220703125,88.19573974609375,55.069122314453125,48.96432113647461
2006-01-09,54.599998474121094,88.42234802246094,55.133419036865234,48.98763656616211
2006-01-10,54.060001373291016,88.51158142089844,55.010093688964844,48.789398193359375
2006-01-11,54.529998779296875,88.79314422607422,54.924346923828125,48.66691207885742
2006-01-12,54.43000030517578,88.44290924072266,55.13880920410156,48.84186935424805
2006-01-13,55.439998626708984,88.36051940917969,55.28892135620117,49.057682037353516
2006-01-17,55.2599983215332,88.12020111083984,55.41766357421875,49.11598587036133
2006-01-18,54.06999969482422,87.76998901367188,55.390846252441406,49.133453369140625
2006-01-19,55.59000015258789,88.10641479492188,55.347930908203125,49.01095962524414
2006-01-20,55.20000076293945,86.49967956542969,55.44985580444336,49.0926513671875
2006-01-23,55.77000045776367,86.80866241455078,55.36402893066406,49.080970764160156
2006-01-24,55.72999954223633,86.89790344238281,55.230018615722656,48.999324798583984
2006-01-25,56.13999938964844,86.97346496582031,54.88147735595703,48.696067810058594
2006-01-26,55.880001068115234,87.45411682128906,54.827816009521484,48.59111785888672
2006-01-27,55.630001068115234,88.26436614990234,54.97260665893555,48.62611389160156
2006-01-30,56.68000030517578,88.19573974609375,54.961875915527344,48.521114349365234
2006-01-31,56.70000076293945,87.55026245117188,55.14951705932617,48.59111785888672
2006-02-01,56.70000076293945,88.161376953125,54.983367919921875,48.44135665893555
2006-02-02,56.97999954223633,87.13825988769531,54.988685607910156,48.44135665893555
2006-02-03,56.5,86.70565032958984,55.2568244934082,48.58760452270508
2006-02-06,56.720001220703125,86.9322509765625,55.2943229675293,48.517356872558594
2006-02-07,54.599998474121094,86.16317749023438,55.0369758605957,48.4588737487793
2006-02-08,54.83000183105469,86.94600677490234,54.93505859375,48.42964553833008
2006-02-09,56.18000030517578,86.80181121826172,55.05842590332031,48.47645568847656
2006-02-10,54.790000915527344,86.95972442626953,54.83319854736328,48.336029052734375
2006-02-13,53.720001220703125,86.80181121826172,54.80634689331055,48.336029052734375
2006-02-14,54.4900016784668,87.721923828125,54.559696197509766,48.265804290771484
2006-02-15,53.7599983215332,88.03093719482422,54.61335754394531,48.353599548339844
2006-02-16,54.52000045776367,88.69013214111328,54.7795524597168,48.33017349243164
2006-02-17,54.959999084472656,88.44979095458984,55.07981491088867,48.494014739990234
2006-02-21,55.119998931884766,88.23005676269531,54.961875915527344,48.435455322265625
2006-02-22,55.34000015258789,88.76564025878906,55.11736297607422,48.61686325073242
2006-02-23,54.63999938964844,88.63520050048828,54.988685607910156,48.49983596801758
2006-02-24,55.63999938964844,88.86178588867188,55.042327880859375,48.44135665893555
2006-02-27,55.220001220703125,88.89617156982422,54.945777893066406,48.34773254394531
2006-02-28,56.06999969482422,88.05150604248047,55.14951705932617,48.54078674316406
2006-03-01,56.099998474121094,88.83433532714844,55.0369758605957,48.44512939453125
2006-03-02,56.7400016784668,88.82747650146484,54.99942398071289,48.251426696777344
2006-03-03,56.279998779296875,88.41545104980469,54.95651626586914,48.13404846191406
2006-03-06,55.22999954223633,88.01033020019531,54.57583236694336,47.981449127197266
2006-03-07,54.95000076293945,87.87296295166016,54.57583236694336,48.00494384765625
2006-03-08,53.970001220703125,88.05839538574219,54.36668395996094,48.0284309387207
2006-03-09,54.2400016784668,87.46786499023438,54.275543212890625,48.075408935546875
2006-03-10,53.83000183105469,88.29875183105469,54.21117401123047,47.981449127197266
2006-03-13,54.310001373291016,88.46353912353516,54.23801803588867,47.940330505371094
2006-03-14,54.869998931884766,89.39048767089844,54.50076675415039,48.21625518798828
2006-03-15,55.119998931884766,89.788818359375,54.39888000488281,48.128170013427734
2006-03-16,55.34000015258789,89.97417449951172,54.69382095336914,48.43336868286133
2006-03-17,55.119998931884766,90.0493392944336,54.634796142578125,48.333560943603516
2006-03-20,55.16999816894531,89.90455627441406,54.60261535644531,48.42749786376953
2006-03-21,54.83000183105469,89.3392562866211,54.334468841552734,48.227962493896484
2006-03-22,54.75,89.88387298583984,54.41497039794922,48.28662872314453
2006-03-23,54.70000076293945,89.69774627685547,54.35596466064453,48.16338348388672
2006-03-24,55.709999084472656,89.76667785644531,54.618709564208984,48.374664306640625
2006-03-27,56.38999938964844,89.63568878173828,54.44178771972656,48.269046783447266
2006-03-28,56.060001373291016,89.08419036865234,54.178993225097656,48.03424072265625
2006-03-29,57.06999969482422,89.64260864257812,54.0771369934082,47.98729705810547
2006-03-30,58.599998474121094,89.4840316772461,53.95916748046875,47.846466064453125
2006-03-31,58.099998474121094,89.50472259521484,53.969871520996094,47.881649017333984
2006-04-03,58.470001220703125,89.4357681274414,53.89712905883789,47.82869338989258
2006-04-04,58.33000183105469,90.00799560546875,53.85397720336914,47.83455276489258
2006-04-05,58.65999984741211,90.31819152832031,54.03728485107422,47.94642639160156
2006-04-06,59.279998779296875,90.2216796875,53.886348724365234,47.81098556518555
2006-04-07,58.59000015258789,89.30479431152344,53.670780181884766,47.593177795410156
2006-04-10,59.599998474121094,89.44266510009766,53.70847702026367,47.652034759521484
2006-04-11,59.0099983215332,88.6843032836914,53.92405319213867,47.74037551879883
2006-04-12,59.43000030517578,88.84979248046875,53.73540115356445,47.628501892089844
2006-04-13,59.5,88.73258209228516,53.40129089355469,47.37529754638672
2006-04-17,61.09000015258789,88.69812774658203,53.681514739990234,47.55784606933594
2006-04-18,61.849998474121094,90.10448455810547,53.859375,47.71090316772461
2006-04-19,63.75,90.27681732177734,53.91328811645508,47.575477600097656
2006-04-20,60.959999084472656,90.40093994140625,53.73003005981445,47.53425979614258
2006-04-21,63.20000076293945,90.41473388671875,53.92405319213867,47.634368896484375
2006-04-24,61.650001525878906,90.24927520751953,53.87014389038086,47.69325637817383
2006-04-25,62.779998779296875,89.8769760131836,53.471351623535156,47.39296340942383
2006-04-26,63.650001525878906,89.89767456054688,53.41205978393555,47.36939239501953
2006-04-27,62.959999084472656,90.33199310302734,53.64922332763672,47.49897384643555
2006-04-28,65.08999633789062,90.63532257080078,53.843238830566406,47.58137512207031
2006-05-01,65.16000366210938,89.89767456054688,53.667198181152344,47.32368850708008
2006-05-02,66.55000305175781,90.57328796386719,53.786346435546875,47.400550842285156
2006-05-03,66.45999908447266,90.23548126220703,53.634674072265625,47.33553695678711
2006-05-04,67.4800033569336,90.55946350097656,53.42884826660156,47.30600357055664
2006-05-05,67.98999786376953,91.35919189453125,53.732173919677734,47.41827392578125
2006-05-08,67.55999755859375,91.24888610839844,53.732173919677734,47.441932678222656
2006-05-09,69.68000030517578,91.42813873291016,53.81344223022461,47.424137115478516
2006-05-10,70.37999725341797,91.3798828125,53.94342041015625,47.447837829589844
2006-05-11,71.02999877929688,90.27681732177734,53.970523834228516,47.36507797241211
2006-05-12,71.12000274658203,89.09795379638672,53.786346435546875,47.187774658203125
2006-05-15,67.41000366210938,89.27722930908203,53.759246826171875,47.288265228271484
2006-05-16,68.61000061035156,89.1462173461914,53.9650764465332,47.46554946899414
2006-05-17,68.1500015258789,87.45032501220703,53.786346435546875,47.32960891723633
2006-05-18,67.45999908447266,87.00907897949219,54.116756439208984,47.666446685791016
2006-05-19,65.58000183105469,87.62264251708984,54.07345962524414,47.63690185546875
2006-05-22,65.30000305175781,86.95393371582031,54.15467834472656,47.70195007324219
2006-05-23,66.37999725341797,86.29209899902344,54.105899810791016,47.68424987792969
2006-05-24,64.05999755859375,86.98152160644531,54.0842399597168,47.755130767822266
2006-05-25,64.69999694824219,88.05697631835938,54.07883071899414,47.678321838378906
2006-05-26,65.0999984741211,88.50508880615234,54.21968460083008,47.71965789794922
2006-05-30,65.11000061035156,86.9332504272461,54.07883071899414,47.678321838378906
2006-05-31,64.2300033569336,87.90528869628906,54.00297546386719,47.53057861328125
2006-06-01,62.560001373291016,88.74639129638672,54.04335403442383,47.61001968383789
2006-06-02,63.5,88.9324951171875,54.457252502441406,47.977787017822266
2006-06-05,63.290000915527344,87.6364517211914,54.32111740112305,47.88288497924805
2006-06-06,62.54999923706055,87.4227294921875,54.24485397338867,47.92437744140625
2006-06-07,62.279998779296875,86.76778411865234,54.059669494628906,47.85918045043945
2006-06-08,60.90999984741211,86.69194793701172,54.09781265258789,47.92437744140625
2006-06-09,60.45000076293945,86.41619873046875,54.315635681152344,48.04301452636719
2006-06-12,60.029998779296875,85.47862243652344,54.304752349853516,48.019287109375
2006-06-13,55.91999816894531,84.48587799072266,54.342899322509766,48.08453369140625
2006-06-14,55.619998931884766,85.14082336425781,54.135929107666016,47.7642822265625
2006-06-15,57.31999969482422,86.94702911376953,54.02152633666992,47.65745544433594
2006-06-16,57.68000030517578,86.31341552734375,54.03788757324219,47.627845764160156
2006-06-19,56.36000061035156,85.63485717773438,53.92351531982422,47.574466705322266
2006-06-20,57.29999923706055,85.9256820678711,53.87449264526367,47.538848876953125
2006-06-21,58.33000183105469,86.56269836425781,53.8962516784668,47.532920837402344
2006-06-22,57.72999954223633,86.18190002441406,53.7818603515625,47.378692626953125
2006-06-23,57.9900016784668,86.16803741455078,53.7110710144043,47.33720397949219
2006-06-26,58.279998779296875,86.54891204833984,53.651153564453125,47.307525634765625
2006-06-27,57.68000030517578,85.80107116699219,53.738319396972656,47.43211364746094
2006-06-28,57.540000915527344,86.38272094726562,53.61846160888672,47.277889251708984
2006-06-29,59.52000045776367,88.12767028808594,53.945289611816406,47.47356033325195
2006-06-30,61.22999954223633,88.13458251953125,54.23396301269531,47.63968276977539
2006-07-03,62.18000030517578,88.49465942382812,54.12222671508789,47.6170654296875
2006-07-05,62.5,87.98915100097656,53.914093017578125,47.44437026977539
2006-07-06,63.02000045776367,88.24539184570312,54.100311279296875,47.593231201171875
2006-07-07,62.630001068115234,87.67066192626953,54.259124755859375,47.74210739135742
2006-07-10,62.02000045776367,87.83685302734375,54.26459503173828,47.77784729003906
2006-07-11,63.810001373291016,88.22462463378906,54.3029670715332,47.8314094543457
2006-07-12,64.91999816894531,87.2828598022461,54.29201889038086,47.87309646606445
2006-07-13,65.55000305175781,85.86334991455078,54.505638122558594,47.98027420043945
2006-07-14,65.8499984741211,85.53095245361328,54.54400634765625,48.016021728515625
2006-07-17,63.95000076293945,85.40635681152344,54.582313537597656,47.97431945800781
2006-07-18,62.900001525878906,85.84259796142578,54.308441162109375,47.78972625732422
2006-07-19,64.02999877929688,87.03359985351562,54.65351104736328,48.09342956542969
2006-07-20,62.540000915527344,86.43807220458984,54.823326110839844,48.19465637207031
2006-07-21,61.709999084472656,85.8287353515625,54.65898132324219,48.16486358642578
2006-07-24,61.13999938964844,87.3936996459961,54.61520004272461,48.16486358642578
2006-07-25,61.54999923706055,87.70526123046875,54.71927261352539,48.11725997924805
2006-07-26,62.0,87.82299041748047,54.9000358581543,48.23631286621094
2006-07-27,62.900001525878906,87.73990631103516,54.910972595214844,48.230377197265625
2006-07-28,63.11000061035156,88.61931610107422,55.075340270996094,48.36134719848633
2006-07-31,63.15999984741211,88.52928161621094,55.053375244140625,48.4387321472168
2006-08-01,64.31999969482422,88.09304809570312,55.14815902709961,48.45008850097656
2006-08-02,64.75,88.68856048583984,55.274810791015625,48.491973876953125
2006-08-03,64.12000274658203,88.9239730834961,55.247283935546875,48.50392532348633
2006-08-04,64.27999877929688,88.7716293334961,55.62185287475586,48.74303436279297
2006-08-07,64.5,88.56392669677734,55.605316162109375,48.67729187011719
2006-08-08,63.970001220703125,88.22462463378906,55.69341278076172,48.68328094482422
2006-08-09,64.62999725341797,87.92684936523438,55.715457916259766,48.659332275390625
2006-08-10,63.25,88.19688415527344,55.62185287475586,48.67127227783203
2006-08-11,62.709999084472656,87.94761657714844,55.4896240234375,48.515907287597656
2006-08-14,62.25,88.01683807373047,55.357418060302734,48.432193756103516
2006-08-15,62.0099983215332,89.06940460205078,55.55024719238281,48.66533660888672
2006-08-16,62.4900016784668,89.8103256225586,55.65488052368164,48.86857223510742
2006-08-17,61.029998779296875,90.03882598876953,55.5887336730957,48.8565788269043
2006-08-18,61.040000915527344,90.49583435058594,55.78157043457031,48.988128662109375
2006-08-21,62.439998626708984,90.10807037353516,55.92476272583008,49.047935485839844
2006-08-22,62.04999923706055,90.10112762451172,56.00741195678711,49.06584930419922
2006-08-23,61.83000183105469,89.85184478759766,55.92476272583008,49.01802444458008
2006-08-24,61.75,89.77565002441406,55.82561111450195,49.06584930419922
2006-08-25,61.77000045776367,89.88648223876953,55.95231246948242,49.13157653808594
2006-08-28,61.0,90.3157730102539,55.78157043457031,49.12559509277344
2006-08-29,60.939998626708984,90.41969299316406,55.79811477661133,49.16742706298828
2006-08-30,61.41999816894531,90.47504425048828,55.84766387939453,49.22724533081055
2006-08-31,62.290000915527344,90.4612045288086,55.968841552734375,49.29302215576172
2006-09-01,62.13999938964844,91.00131225585938,55.947792053222656,49.366207122802734
2006-09-05,63.36000061035156,91.17445373535156,55.709617614746094,49.20420837402344
2006-09-06,62.86000061035156,90.37120819091797,55.6818962097168,49.16819381713867
2006-09-07,61.25,89.95573425292969,55.593257904052734,49.20420837402344
2006-09-08,60.63999938964844,90.21192932128906,55.560054779052734,49.252201080322266
2006-09-11,58.5,90.30194091796875,55.41600036621094,49.16215896606445
2006-09-12,58.31999969482422,91.1882553100586,55.52127456665039,49.30020523071289
2006-09-13,58.619998931884766,91.55524444580078,55.64313507080078,49.34817886352539
2006-09-14,57.189998626708984,91.56219482421875,55.654239654541016,49.252201080322266
2006-09-15,57.400001525878906,91.77708435058594,55.476951599121094,49.2221794128418
2006-09-18,58.22999954223633,91.90227508544922,55.438167572021484,49.15018844604492
2006-09-19,56.91999816894531,91.67277526855469,55.56558609008789,49.44422912597656
2006-09-20,57.2599983215332,92.15965270996094,55.48801803588867,49.45619201660156
2006-09-21,57.95000076293945,91.71450805664062,55.80931091308594,49.810306549072266
2006-09-22,58.5,91.43629455566406,55.9865608215332,49.96026611328125
2006-09-25,58.5,92.13877868652344,56.14166259765625,50.128238677978516
2006-09-26,58.7400016784668,92.90380096435547,56.053043365478516,50.002254486083984
2006-09-27,59.810001373291016,93.01508331298828,56.04192352294922,49.9902458190918
2006-09-28,59.790000915527344,92.98030090332031,56.053043365478516,49.94229507446289
2006-09-29,59.470001220703125,92.90380096435547,56.030879974365234,49.88825607299805
2006-10-02,59.150001525878906,92.55606079101562,56.08986282348633,49.97618103027344
2006-10-03,57.11000061035156,92.75080108642578,55.89509582519531,49.97017288208008
2006-10-04,56.369998931884766,93.83574676513672,56.112098693847656,50.19905090332031
2006-10-05,56.91999816894531,94.01658630371094,56.0230712890625,50.02436828613281
2006-10-06,56.9900016784668,93.89837646484375,55.8616828918457,49.753334045410156
2006-10-09,57.20000076293945,93.95401000976562,55.75045394897461,49.81355667114258
2006-10-10,57.0,94.07916259765625,55.52786636352539,49.512413024902344
2006-10-11,56.880001068115234,93.96792602539062,55.36650466918945,49.4521484375
2006-10-12,57.4900016784668,94.78166961669922,55.37206268310547,49.48225021362305
2006-10-13,58.56999969482422,95.0250244140625,55.27747344970703,49.39793395996094
2006-10-16,59.16999816894531,95.1711196899414,55.32197189331055,49.48225021362305
2006-10-17,58.650001525878906,94.8720474243164,55.31642150878906,49.53645324707031
2006-10-18,58.59000015258789,94.99723815917969,55.199520111083984,49.52442932128906
2006-10-19,59.40999984741211,95.15022277832031,55.21625518798828,49.48225021362305
2006-10-20,58.779998779296875,95.1711196899414,55.2107048034668,49.470211029052734
2006-10-23,57.7599983215332,95.60928344726562,55.04933166503906,49.331668853759766
2006-10-24,58.16999816894531,95.89439392089844,55.1328010559082,49.39793395996094
2006-10-25,58.7599983215332,96.22129821777344,55.38874816894531,49.578636169433594
2006-10-26,59.290000915527344,96.52030181884766,55.661407470703125,49.74728775024414
2006-10-27,59.400001525878906,95.91529846191406,55.78382873535156,49.909934997558594
2006-10-30,59.900001525878906,95.845703125,55.68365478515625,49.93402099609375
2006-10-31,60.2400016784668,95.83181762695312,55.98968505859375,50.15687942504883
2006-11-01,61.36000061035156,95.18501281738281,56.18165588378906,50.330997467041016
2006-11-02,61.91999816894531,95.12939453125,56.036155700683594,50.19194412231445
2006-11-03,62.29999923706055,94.96247863769531,55.72278594970703,49.81105422973633
2006-11-06,61.88999938964844,96.03347778320312,55.88505554199219,49.859439849853516
2006-11-07,62.040000915527344,96.402099609375,56.08651351928711,50.028690338134766
2006-11-08,61.11000061035156,96.61076354980469,56.18727493286133,50.13752365112305
2006-11-09,62.95000076293945,96.10303497314453,56.293575286865234,50.13149642944336
2006-11-10,62.4900016784668,96.14482879638672,56.271202087402344,50.240352630615234
2006-11-13,62.189998626708984,96.38125610351562,56.14248275756836,50.21611404418945
2006-11-14,61.630001068115234,97.10456848144531,56.209632873535156,50.31893539428711
2006-11-15,61.84000015258789,97.3827896118164,56.04175567626953,50.17982482910156
2006-11-16,61.310001373291016,97.63316345214844,55.728370666503906,50.052886962890625
2006-11-17,61.779998779296875,97.66099548339844,55.84032440185547,50.234283447265625
2006-11-20,61.77000045776367,97.71663665771484,55.85710525512695,50.26451873779297
2006-11-21,62.27000045776367,97.81397247314453,55.94660949707031,50.33706283569336
2006-11-22,62.5,98.0086898803711,56.0193977355957,50.415653228759766
2006-11-24,63.5,97.61229705810547,56.153656005859375,50.47007751464844
2006-11-27,63.70000076293945,96.26995849609375,56.24319839477539,50.5184326171875
2006-11-28,63.56999969482422,96.68727111816406,56.43903350830078,50.609100341796875
2006-11-29,63.15999984741211,97.69573211669922,56.36632537841797,50.54866027832031
2006-11-30,64.38999938964844,97.73749542236328,56.59007263183594,50.81465148925781
2006-12-01,64.12000274658203,97.52186584472656,56.769195556640625,50.93239212036133
2006-12-04,64.12000274658203,98.26605224609375,56.785987854003906,50.926307678222656
2006-12-05,63.810001373291016,98.69027709960938,56.74680709838867,50.85953140258789
2006-12-06,62.689998626708984,98.60685729980469,56.550941467285156,50.78071212768555
2006-12-07,62.72999954223633,98.17564392089844,56.47257995605469,50.76253128051758
2006-12-08,62.04999923706055,98.35646057128906,56.299171447753906,50.531898498535156
2006-12-11,62.56999969482422,98.6416015625,56.4278450012207,50.689666748046875
2006-12-12,62.52000045776367,98.56511688232422,56.4334602355957,50.78071212768555
2006-12-13,62.47999954223633,98.66938781738281,56.209632873535156,50.51979064941406
2006-12-14,62.119998931884766,99.53878021240234,56.153656005859375,50.44088363647461
2006-12-15,61.0,99.54788208007812,55.87386703491211,50.453033447265625
2006-12-18,61.040000915527344,99.27513122558594,55.77311706542969,50.477291107177734
2006-12-19,61.79999923706055,99.46395111083984,55.73396682739258,50.465187072753906
2006-12-20,61.619998931884766,99.40800476074219,55.7004508972168,50.453033447265625
2006-12-21,61.380001068115234,99.04430389404297,55.82347869873047,50.635047912597656
2006-12-22,61.650001525878906,98.43587493896484,55.594093322753906,50.404544830322266
2006-12-26,61.97999954223633,99.0163345336914,55.56052017211914,50.44088363647461
2006-12-27,62.220001220703125,99.66680145263672,55.35906982421875,50.30638122558594
2006-12-28,62.900001525878906,99.45695495605469,55.25833511352539,50.1908073425293
2006-12-29,63.209999084472656,99.04430389404297,55.286319732666016,50.166465759277344
2007-01-03,62.279998779296875,98.86946105957031,55.52694320678711,50.312477111816406
2007-01-04,61.650001525878906,99.07933044433594,55.56610870361328,50.49504470825195
2007-01-05,60.16999816894531,98.28897094726562,55.409427642822266,50.33076858520508
2007-01-08,60.47999954223633,98.74356079101562,55.44856643676758,50.367279052734375
2007-01-09,60.849998474121094,98.65970611572266,55.409427642822266,50.355079650878906
2007-01-10,60.59000015258789,98.98837280273438,55.2695426940918,50.26987838745117
2007-01-11,60.630001068115234,99.4220199584961,55.084877014160156,50.13604736328125
2007-01-12,62.16999816894531,100.17729187011719,54.861045837402344,50.0325813293457
2007-01-16,61.970001220703125,99.98149108886719,54.95613098144531,50.12990951538086
2007-01-17,62.63999938964844,100.02342224121094,54.95060348510742,50.0325813293457
2007-01-18,62.2599983215332,99.6877670288086,54.98969268798828,50.09952163696289
2007-01-19,63.0,99.88359069824219,55.084877014160156,50.020389556884766
2007-01-22,62.720001220703125,99.57585144042969,55.17439651489258,50.1116943359375
2007-01-23,64.2300033569336,99.86962127685547,55.1688346862793,49.96567153930664
2007-01-24,64.33000183105469,100.67388916015625,55.2415657043457,49.97175216674805
2007-01-25,64.05999755859375,99.49195861816406,55.07368469238281,49.7769775390625
2007-01-26,64.16999816894531,99.40096282958984,55.02892303466797,49.77090072631836
2007-01-29,63.77000045776367,99.34504699707031,54.97295379638672,49.7343864440918
2007-01-30,64.22000122070312,99.8625717163086,55.12962341308594,49.783103942871094
2007-01-31,64.83000183105469,100.53398895263672,55.415035247802734,49.96567153930664
2007-02-01,65.22000122070312,101.13542175292969,55.23038101196289,49.929588317871094
2007-02-02,64.27999877929688,101.27530670166016,55.331058502197266,49.97237014770508
2007-02-05,64.30999755859375,101.30329132080078,55.35906982421875,50.02735900878906
2007-02-06,64.79000091552734,101.3312759399414,55.35906982421875,50.16780471801758
2007-02-07,64.62999725341797,101.55509948730469,55.454185485839844,50.277767181396484
2007-02-08,65.5199966430664,101.42223358154297,55.398231506347656,50.28998947143555
2007-02-09,66.12000274658203,100.6668472290039,55.25833511352539,50.13726806640625
2007-02-12,65.66999816894531,100.32417297363281,55.11842346191406,50.0700798034668
2007-02-13,65.83999633789062,101.17039489746094,55.12401580810547,50.03342056274414
2007-02-14,66.37000274658203,101.83479309082031,55.48775863647461,50.32050704956055
2007-02-15,66.41000366210938,101.96769714355469,55.47098922729492,50.39994812011719
2007-02-16,66.36000061035156,101.9187240600586,55.655635833740234,50.45490264892578
2007-02-20,65.30999755859375,102.13555145263672,55.66123962402344,50.515987396240234
2007-02-21,67.3499984741211,102.09358978271484,55.73958969116211,50.50987243652344
2007-02-22,67.1500015258789,102.01660919189453,55.70600891113281,50.38160705566406
2007-02-23,67.72000122070312,101.61802673339844,55.86826705932617,50.583221435546875
2007-02-26,68.0999984741211,101.52706146240234,56.103294372558594,50.74202346801758
2007-02-27,65.41000366210938,97.5616683959961,56.601314544677734,51.16958236694336
2007-02-28,66.4800033569336,98.56175994873047,56.51179504394531,50.9924430847168
2007-03-01,65.81999969482422,98.26805114746094,56.594844818115234,51.03841018676758
2007-03-02,63.709999084472656,96.98123168945312,56.70705795288086,51.203887939453125
2007-03-05,62.93000030517578,96.05804443359375,56.66780471801758,51.23451232910156
2007-03-06,64.1500015258789,97.70157623291016,56.589229583740234,51.1671257019043
2007-03-07,64.30000305175781,97.60360717773438,56.67341232299805,51.25906753540039
2007-03-08,64.4800033569336,98.42890167236328,56.6229248046875,51.252906799316406
2007-03-09,64.25,98.45685577392578,56.364768981933594,50.96487808227539
2007-03-12,64.37000274658203,98.60375213623047,56.415283203125,51.10582733154297
2007-03-13,63.720001220703125,96.68744659423828,56.639713287353516,51.33257293701172
2007-03-14,63.939998626708984,97.40776062011719,56.64536666870117,51.26517868041992
2007-03-15,63.97999954223633,97.54069519042969,56.628482818603516,51.21002960205078
2007-03-16,64.62000274658203,97.26752471923828,56.66215133666992,51.203887939453125
2007-03-19,64.73999786376953,98.44013214111328,56.65657424926758,51.136470794677734
2007-03-20,65.2699966430664,98.98079681396484,56.66780471801758,51.21002960205078
2007-03-21,65.81999969482422,100.60973358154297,56.88098907470703,51.28358459472656
2007-03-22,65.76000213623047,100.53256225585938,56.71269989013672,51.111961364746094
2007-03-23,65.1500015258789,100.67996215820312,56.67341232299805,51.032264709472656
2007-03-26,65.83999633789062,100.54656982421875,56.87540817260742,51.07517623901367
2007-03-27,65.69999694824219,100.30783081054688,56.85857391357422,51.06291961669922
2007-03-28,66.05000305175781,99.57756805419922,56.78000259399414,51.05678939819336
2007-03-29,65.6500015258789,99.6829605102539,56.70705795288086,50.983238220214844
2007-03-30,65.73999786376953,99.70401763916016,56.695823669433594,50.92198944091797
2007-04-02,65.8499984741211,99.81632995605469,56.71780014038086,50.97860336303711
2007-04-03,65.83000183105469,100.89060974121094,56.46999740600586,50.93551254272461
2007-04-04,66.80999755859375,101.0029067993164,56.650230407714844,51.015499114990234
2007-04-05,66.86000061035156,101.27680969238281,56.63898468017578,50.886287689208984
2007-04-09,66.52999877929688,101.41720581054688,56.385555267333984,50.652503967285156
2007-04-10,67.16000366210938,101.5365982055664,56.520694732666016,50.75705337524414
2007-04-11,67.08000183105469,101.12228393554688,56.43058776855469,50.695533752441406
2007-04-12,66.98999786376953,101.57166290283203,56.43058776855469,50.74479293823242
2007-04-13,67.83999633789062,102.03514099121094,56.289794921875,50.65864944458008
2007-04-16,68.4000015258789,103.00403594970703,56.46999740600586,50.71403121948242
2007-04-17,68.0,103.27788543701172,56.5037727355957,50.929317474365234
2007-04-18,68.37999725341797,103.40428924560547,56.68960952758789,51.04622268676758
2007-04-19,67.52999877929688,103.37613677978516,56.66147232055664,51.04010772705078
2007-04-20,68.69999694824219,104.3521957397461,56.68403625488281,50.98472595214844
2007-04-23,68.26000213623047,103.9589614868164,56.81355285644531,51.08929443359375
2007-04-24,67.7300033569336,104.0010986328125,56.90928649902344,51.187767028808594
2007-04-25,67.88999938964844,104.95600891113281,56.914913177490234,51.157012939453125
2007-04-26,66.87000274658203,105.07540893554688,56.757240295410156,51.00933074951172
2007-04-27,67.55999755859375,104.99112701416016,56.768470764160156,51.00933074951172
2007-04-30,67.08999633789062,104.12044525146484,57.072608947753906,51.230812072753906
2007-05-01,66.69000244140625,104.38726043701172,57.0647087097168,51.23330307006836
2007-05-02,66.66000366210938,104.99810028076172,57.059051513671875,51.17155838012695
2007-05-03,67.48999786376953,105.56689453125,56.917724609375,51.11597442626953
2007-05-04,68.19000244140625,105.96710968017578,56.946014404296875,51.245635986328125
2007-05-07,68.25,105.98815155029297,56.906436920166016,51.28889846801758
2007-05-08,67.87999725341797,105.84770202636719,56.97427749633789,51.28889846801758
2007-05-09,67.44999694824219,106.13563537597656,56.793357849121094,51.122100830078125
2007-05-10,66.0,105.02616119384766,56.917724609375,51.25185775756836
2007-05-11,66.44999694824219,105.92494201660156,56.81595230102539,51.14684295654297
2007-05-14,66.27999877929688,105.69322967529297,56.7254753112793,51.07270050048828
2007-05-15,66.54000091552734,105.72135162353516,56.572845458984375,51.06654739379883
2007-05-16,65.5999984741211,106.4445571899414,56.516300201416016,51.035640716552734
2007-05-17,65.05999755859375,106.23384857177734,56.493690490722656,50.899803161621094
2007-05-18,65.5199966430664,107.16075897216797,56.34672546386719,50.7515754699707
2007-05-21,65.66999816894531,107.10454559326172,56.4880485534668,50.81951904296875
2007-05-22,65.19999694824219,107.02029418945312,56.26754379272461,50.67744827270508
2007-05-23,65.54000091552734,107.03437042236328,56.26192855834961,50.578697204589844
2007-05-24,64.75,106.06537628173828,56.32974624633789,50.6466178894043
2007-05-25,64.94000244140625,106.50774383544922,56.40891647338867,50.59103775024414
2007-05-29,65.06999969482422,106.8939208984375,56.23929977416992,50.48603439331055
2007-05-30,64.72000122070312,107.7645492553711,56.290218353271484,50.53544616699219
2007-05-31,65.54000091552734,107.6522445678711,56.324092864990234,50.51692199707031
2007-06-01,66.44000244140625,108.18585205078125,56.135013580322266,50.29934310913086
2007-06-04,66.54000091552734,108.19986724853516,56.28268814086914,50.37989044189453
2007-06-05,66.37000274658203,107.77159881591797,56.078208923339844,50.218658447265625
2007-06-06,66.41000366210938,106.613037109375,56.12364959716797,50.24345779418945
2007-06-07,65.26000213623047,104.68917083740234,55.635292053222656,49.74122619628906
2007-06-08,64.22000122070312,106.05127716064453,55.73748779296875,49.834232330322266
2007-06-11,64.69999694824219,106.23384857177734,55.618247985839844,49.70402908325195
2007-06-12,64.0999984741211,105.07540893554688,55.27184295654297,49.35060501098633
2007-06-13,64.52999877929688,106.648193359375,55.47624969482422,49.511802673339844
2007-06-14,64.5999984741211,107.32923126220703,55.51030731201172,49.524200439453125
2007-06-15,64.8499984741211,107.93992614746094,55.675025939941406,49.74122619628906
2007-06-18,64.94999694824219,107.81299591064453,55.62961959838867,49.716407775878906
2007-06-19,65.4800033569336,108.08097076416016,55.924903869628906,49.958221435546875
2007-06-20,64.70999908447266,106.5789566040039,55.71479797363281,49.797019958496094
2007-06-21,64.55999755859375,107.17125701904297,55.69205093383789,49.735023498535156
2007-06-22,64.77999877929688,106.16292572021484,55.91923522949219,49.88385009765625
2007-06-25,64.43000030517578,105.65518188476562,56.049869537353516,50.04506301879883
2007-06-26,63.619998931884766,104.56920623779297,55.93626403808594,50.05744934082031
2007-06-27,63.66999816894531,106.0571060180664,55.964630126953125,50.05123519897461
2007-06-28,64.26000213623047,106.04305267333984,55.873775482177734,50.02028274536133
2007-06-29,64.2699966430664,106.07830047607422,56.203147888183594,50.28065490722656
2007-07-02,65.0199966430664,107.037353515625,56.37259292602539,50.35721206665039
2007-07-03,64.73999786376953,107.42514038085938,56.14440155029297,50.20782470703125
2007-07-05,64.41999816894531,107.31228637695312,55.91050720214844,49.927730560302734
2007-07-06,64.95999908447266,107.87645721435547,55.79075241088867,49.8094482421875
2007-07-09,65.37999725341797,107.96106719970703,55.96757507324219,49.98998260498047
2007-07-10,65.61000061035156,106.423828125,56.41248321533203,50.332313537597656
2007-07-11,65.44000244140625,107.17832946777344,56.167198181152344,50.1580696105957
2007-07-12,66.0199966430664,108.87071990966797,55.978946685791016,50.01485824584961
2007-07-13,66.02999877929688,109.19513702392578,56.064517974853516,50.126914978027344
2007-07-16,65.81999969482422,109.18099975585938,56.235660552978516,50.32612228393555
2007-07-17,65.75,109.12455749511719,56.19002151489258,50.220298767089844
2007-07-18,66.62000274658203,108.92715454101562,56.406776428222656,50.400821685791016
2007-07-19,67.01000213623047,109.35027313232422,56.475215911865234,50.39457321166992
2007-07-20,67.58000183105469,108.24310302734375,56.69198226928711,50.643592834472656
2007-07-23,67.47000122070312,108.57455444335938,56.57220458984375,50.624908447265625
2007-07-24,67.47000122070312,106.69171905517578,56.74900817871094,50.761837005615234
2007-07-25,66.9000015258789,106.91036987304688,56.92013931274414,50.830326080322266
2007-07-26,65.6500015258789,104.37879180908203,57.18821716308594,51.23493576049805
2007-07-27,65.41000366210938,102.3268051147461,57.273780822753906,51.33452606201172
2007-07-30,65.7699966430664,103.9275131225586,57.21106719970703,51.203800201416016
2007-07-31,65.79000091552734,102.75695037841797,57.49623489379883,51.41545486450195
2007-08-01,65.93000030517578,103.25761413574219,57.25846862792969,51.272953033447266
2007-08-02,65.88999938964844,104.08267974853516,57.28710174560547,51.31044387817383
2007-08-03,66.69000244140625,101.40306854248047,57.46477508544922,51.64165496826172
2007-08-06,66.5199966430664,103.10249328613281,57.08662033081055,51.435447692871094
2007-08-07,66.4800033569336,104.20255279541016,57.09231185913086,51.429195404052734
2007-08-08,66.7699966430664,105.65518188476562,56.8803596496582,51.07296371459961
2007-08-09,65.45999908447266,102.52422332763672,57.06371307373047,51.36043167114258
2007-08-10,66.56999969482422,102.04471588134766,56.937652587890625,51.28546905517578
2007-08-13,66.26000213623047,102.41142272949219,57.18972396850586,51.36665344238281
2007-08-14,66.29000091552734,100.845947265625,57.25846862792969,51.554134368896484
2007-08-15,66.12999725341797,99.45675659179688,57.25846862792969,51.64786148071289
2007-08-16,64.68000030517578,100.20423889160156,57.384525299072266,51.847877502441406
2007-08-17,65.01000213623047,102.04471588134766,57.57353210449219,51.88532638549805
2007-08-20,65.12000274658203,101.99536895751953,57.56785202026367,51.99785614013672
2007-08-21,65.06999969482422,102.19987487792969,57.76833724975586,52.222816467285156
2007-08-22,65.4000015258789,103.4127197265625,57.63657760620117,52.0540657043457
2007-08-23,65.30999755859375,103.32107543945312,57.665287017822266,52.07279586791992
2007-08-24,66.11000061035156,104.59745788574219,57.739723205566406,52.0915412902832
2007-08-27,65.9800033569336,103.62432098388672,57.808528900146484,52.23529052734375
2007-08-28,65.58999633789062,101.34658813476562,57.9803581237793,52.50401306152344
2007-08-29,66.06999969482422,103.33511352539062,57.739723205566406,52.30400466918945
2007-08-30,65.80000305175781,103.06011199951172,57.99182891845703,52.56647872924805
2007-08-31,66.5199966430664,104.07561492919922,57.96891784667969,52.57897186279297
2007-09-04,67.44000244140625,105.12628936767578,58.01494216918945,52.481101989746094
2007-09-05,67.55999755859375,104.2166748046875,58.285404205322266,52.80733871459961
2007-09-06,68.86000061035156,104.4564208984375,58.15877914428711,52.694393157958984
2007-09-07,69.38999938964844,103.00375366210938,58.826297760009766,53.2590446472168
2007-09-10,69.62000274658203,102.80632781982422,59.04497528076172,53.37826156616211
2007-09-11,70.5199966430664,104.00511169433594,59.04497528076172,53.26534652709961
2007-09-12,70.45999908447266,104.27306365966797,59.02194595336914,53.13359069824219
2007-09-13,70.08000183105469,105.00646209716797,58.71120834350586,52.819889068603516
2007-09-14,69.98999786376953,104.99934387207031,58.80904769897461,52.88890838623047
2007-09-17,70.97000122070312,104.43521881103516,59.02194595336914,52.92030334472656
2007-09-18,71.69999694824219,107.5097885131836,59.06221389770508,52.86384201049805
2007-09-19,71.43000030517578,108.14439392089844,58.8953742980957,52.675601959228516
2007-09-20,72.72000122070312,107.38282012939453,58.23359298706055,52.07957077026367
2007-09-21,72.33999633789062,107.67262268066406,58.4637565612793,52.34305953979492
2007-09-24,72.27999877929688,107.47425842285156,58.3717155456543,52.41212463378906
2007-09-25,72.33000183105469,107.2617416381836,58.26235580444336,52.41832733154297
2007-09-26,72.0,107.82850646972656,58.31995391845703,52.43720626831055
2007-09-27,72.69999694824219,108.46615600585938,58.66516876220703,52.606590270996094
2007-09-28,73.51000213623047,108.1048355102539,58.71120834350586,52.62543869018555
2007-10-01,73.9000015258789,109.32347869873047,58.8411865234375,52.68839645385742
2007-10-02,72.3499984741211,109.17472076416016,58.898990631103516,52.80174255371094
2007-10-03,71.9000015258789,108.955078125,58.78924560546875,52.763973236083984
2007-10-04,72.87000274658203,109.12507629394531,58.87586975097656,52.85843276977539
2007-10-05,73.4000015258789,110.4216537475586,58.52920913696289,52.39244079589844
2007-10-08,72.52999877929688,109.83362579345703,58.63323211669922,52.58135223388672
2007-10-09,73.08999633789062,110.86802673339844,58.43095016479492,52.417606353759766
2007-10-10,73.36000061035156,110.68383026123047,58.471439361572266,52.467994689941406
2007-10-11,73.91000366210938,110.15243530273438,58.37322235107422,52.4742546081543
2007-10-12,74.58999633789062,110.76175689697266,58.298118591308594,52.29795455932617
2007-10-15,75.13999938964844,109.82646942138672,58.298118591308594,52.34831237792969
2007-10-16,75.12000274658203,108.955078125,58.465660095214844,52.493167877197266
2007-10-17,74.5,109.28799438476562,58.81806182861328,52.814300537109375
2007-10-18,76.0,108.89128875732422,58.991416931152344,53.01582336425781
2007-10-19,75.69999694824219,106.04302978515625,59.494075775146484,53.469215393066406
2007-10-22,74.5999984741211,106.65940856933594,59.34967041015625,53.36848449707031
2007-10-23,75.2300033569336,107.52386474609375,59.3727912902832,53.35593795776367
2007-10-24,75.5199966430664,107.32540130615234,59.59811782836914,53.62666320800781
2007-10-25,76.02999877929688,107.58049011230469,59.765655517578125,53.58257293701172
2007-10-26,77.69000244140625,108.8416748046875,59.71365737915039,53.45033645629883
2007-10-29,78.12000274658203,109.2029800415039,59.97371292114258,53.494384765625
2007-10-30,77.3499984741211,108.44490814208984,59.67901611328125,53.55108642578125
2007-10-31,78.62000274658203,109.57146453857422,59.39588165283203,53.192142486572266
2007-11-01,77.93000030517578,107.00662994384766,59.94066619873047,53.62630081176758
2007-11-02,79.83000183105469,107.1270523071289,60.27687454223633,53.77164077758789
2007-11-05,79.75,106.31232452392578,60.30584716796875,53.70845413208008
2007-11-06,81.43000030517578,107.74346160888672,60.31162643432617,53.613670349121094
2007-11-07,82.23999786376953,104.79608154296875,60.34639358520508,53.8095588684082
2007-11-08,82.2300033569336,104.26467895507812,60.53185272216797,53.92963790893555
2007-11-09,82.18000030517578,102.83352661132812,61.05929183959961,54.25190734863281
2007-11-12,78.30000305175781,101.813232421875,61.25634765625,54.346710205078125
2007-11-13,79.12000274658203,104.9165267944336,60.67097091674805,54.06867218017578
2007-11-14,80.27999877929688,104.62596893310547,60.67676544189453,54.106563568115234
2007-11-15,77.94999694824219,103.11687469482422,60.80425262451172,54.40987777709961
2007-11-16,77.75,103.29402160644531,60.92594909667969,54.40987777709961
2007-11-19,77.23999786376953,101.85570526123047,61.424461364746094,54.80169677734375
2007-11-20,79.47000122070312,102.47921752929688,61.360679626464844,54.656349182128906
2007-11-21,79.36000061035156,100.38204193115234,61.87649154663086,55.086082458496094
2007-11-23,81.25,102.11790466308594,61.835941314697266,54.921775817871094
2007-11-26,81.30000305175781,99.86479949951172,62.53724670410156,55.673824310302734
2007-11-27,80.0999984741211,101.01261138916016,61.97505187988281,55.15556716918945
2007-11-28,79.56999969482422,104.24342346191406,61.511348724365234,54.9597053527832
2007-11-29,78.27999877929688,104.27888488769531,61.88810729980469,55.26939392089844
2007-11-30,77.31999969482422,105.32745361328125,61.84174346923828,55.34521484375
2007-12-03,78.27999877929688,104.63309478759766,62.04829025268555,55.56390380859375
2007-12-04,79.4000015258789,103.69786834716797,61.93777084350586,55.61467361450195
2007-12-05,78.62999725341797,105.4337387084961,61.280181884765625,55.4053840637207
2007-12-06,79.37000274658203,106.94279479980469,61.094024658203125,55.11372756958008
2007-12-07,78.5999984741211,106.9216079711914,60.77980422973633,54.75859832763672
2007-12-10,80.0,107.7505874633789,60.698307037353516,54.631866455078125
2007-12-11,78.83999633789062,104.79608154296875,61.361637115478516,55.38002395629883
2007-12-12,80.48999786376953,105.8304672241211,61.12306594848633,54.91716384887695
2007-12-13,78.5,105.6108169555664,60.75066375732422,54.511383056640625
2007-12-14,78.5199966430664,104.27177429199219,60.709922790527344,54.35282897949219
2007-12-17,78.12999725341797,102.78390502929688,61.15214920043945,54.67625427246094
2007-12-18,79.25,103.35781860351562,61.21620559692383,54.783966064453125
2007-12-19,79.23999786376953,103.35781860351562,61.6002311706543,55.2215576171875
2007-12-20,78.66999816894531,104.00961303710938,61.53041458129883,55.132747650146484
2007-12-21,80.0999984741211,105.50892639160156,61.158050537109375,54.7332649230957
2007-12-24,80.13999938964844,106.29244995117188,60.9718017578125,54.574764251708984
2007-12-26,81.5199966430664,106.52035522460938,60.70411682128906,54.314823150634766
2007-12-27,81.55999755859375,105.18126678466797,61.10829544067383,54.679466247558594
2007-12-28,83.0,104.91775512695312,61.476722717285156,55.118553161621094
2007-12-31,82.45999908447266,104.1413803100586,61.88031005859375,55.37314987182617
2008-01-02,84.86000061035156,103.22967529296875,62.371604919433594,55.767677307128906
2008-01-03,85.56999969482422,103.17981719970703,62.5821533203125,55.88224792480469
2008-01-04,85.12999725341797,100.65122985839844,62.56466293334961,56.02861404418945
2008-01-07,84.7699966430664,100.56575012207031,62.55293273925781,56.130401611328125
2008-01-08,86.77999877929688,98.94178009033203,62.599735260009766,56.25140380859375
2008-01-09,86.55000305175781,99.98173522949219,62.55293273925781,56.16230392456055
2008-01-10,88.25,100.63700103759766,62.27216720581055,56.009517669677734
2008-01-11,88.58000183105469,99.82500457763672,62.734222412109375,56.3659553527832
2008-01-14,89.54000091552734,100.62989807128906,62.9974365234375,56.39134979248047
2008-01-15,87.98999786376953,98.41473388671875,63.319122314453125,56.7604866027832
2008-01-16,86.69999694824219,97.56712341308594,62.94477462768555,56.652278900146484
2008-01-17,86.5,95.03856658935547,63.401023864746094,57.11052703857422
2008-01-18,87.41999816894531,94.06271362304688,63.45951461791992,57.02778244018555
2008-01-22,88.16999816894531,93.10826110839844,63.939117431640625,57.66416549682617
2008-01-23,87.88999938964844,95.34481811523438,63.78704071044922,57.396915435791016
2008-01-24,90.08000183105469,96.14973449707031,63.354209899902344,56.87502670288086
2008-01-25,90.30000305175781,94.7607650756836,63.86885452270508,57.403236389160156
2008-01-28,91.75,96.32780456542969,63.792903900146484,57.193214416503906
2008-01-29,91.1500015258789,96.80497741699219,63.76948547363281,56.96409606933594
2008-01-30,92.05999755859375,96.09271240234375,63.78118896484375,56.938690185546875
2008-01-31,91.4000015258789,97.84489440917969,64.09117126464844,57.23141098022461
2008-02-01,89.3499984741211,99.41900634765625,64.12702178955078,57.41720199584961
2008-02-04,89.0999984741211,98.16541290283203,63.756656646728516,57.09798812866211
2008-02-05,87.68000030517578,95.5371322631836,64.0623550415039,57.50019836425781
2008-02-06,88.94999694824219,94.76787567138672,63.985939025878906,57.39802551269531
2008-02-07,89.8499984741211,95.39463806152344,63.22169494628906,56.7532844543457
2008-02-08,91.0,94.78213500976562,63.85660934448242,57.232086181640625
2008-02-11,91.33000183105469,95.26644897460938,64.02117919921875,57.35970687866211
2008-02-12,89.33000183105469,96.14973449707031,63.903621673583984,57.23844528198242
2008-02-13,89.44000244140625,97.13262939453125,63.32160949707031,56.9958610534668
2008-02-14,89.70999908447266,96.27790069580078,62.89836502075195,56.68303680419922
2008-02-15,89.1500015258789,96.25650024414062,63.215797424316406,56.804344177246094
2008-02-19,91.58000183105469,96.52718353271484,62.85127639770508,56.395782470703125
2008-02-20,93.23999786376953,96.81208801269531,63.06296157836914,56.34473419189453
2008-02-21,93.25,96.00724029541016,63.4567985534668,56.925628662109375
2008-02-22,93.38999938964844,96.59839630126953,63.28044891357422,56.7660026550293
2008-02-25,92.73999786376953,97.81636810302734,62.963035583496094,56.38941192626953
2008-02-26,93.70999908447266,98.55004119873047,63.38041305541992,56.529808044433594
2008-02-27,94.77999877929688,98.45033264160156,63.48616409301758,56.66392517089844
2008-02-28,95.98999786376953,97.48873138427734,64.3268814086914,57.32782745361328
2008-02-29,96.18000030517578,95.31631469726562,65.00298309326172,57.94065475463867
2008-03-03,97.23999786376953,95.08840942382812,64.97697448730469,57.79338455200195
2008-03-04,95.18000030517578,94.72515869140625,64.82933807373047,57.575653076171875
2008-03-05,97.72000122070312,95.32344818115234,64.7879638671875,57.325927734375
2008-03-06,96.5,93.3504409790039,65.13648223876953,57.78704833984375
2008-03-07,96.08999633789062,92.38887786865234,65.3786392211914,57.98552322387695
2008-03-10,95.87000274658203,91.17088317871094,65.86886596679688,58.40172576904297
2008-03-11,95.98999786376953,94.44737243652344,65.23101806640625,57.76776123046875
2008-03-12,97.01000213623047,93.56414794921875,65.8570556640625,58.433780670166016
2008-03-13,98.33999633789062,93.77068328857422,65.43177032470703,58.12637710571289
2008-03-14,98.70999908447266,92.31767272949219,65.5794448852539,58.72835159301758
2008-03-17,99.16999816894531,91.38458251953125,64.87654876708984,59.02290725708008
2008-03-18,96.5,95.18099975585938,64.80567932128906,58.61946487426758
2008-03-19,93.04000091552734,92.82335662841797,65.07737731933594,59.125335693359375
2008-03-20,89.91000366210938,94.54271697998047,65.2191390991211,59.25341033935547
2008-03-24,90.0999984741211,96.43241882324219,64.06739044189453,58.209625244140625
2008-03-25,92.7300033569336,96.52547454833984,63.961090087890625,58.41454315185547
2008-03-26,93.80000305175781,95.34439849853516,64.15009307861328,58.459381103515625
2008-03-27,93.45999908447266,95.04378509521484,64.28001403808594,58.38251876831055
2008-03-28,91.87999725341797,94.13468933105469,64.75848388671875,58.6130256652832
2008-03-31,90.41000366210938,94.46398162841797,64.9120101928711,58.71552276611328
2008-04-01,86.86000061035156,97.78531646728516,64.34886932373047,58.2021369934082
2008-04-02,89.2699966430664,97.8497085571289,64.34886932373047,58.009361267089844
2008-04-03,89.41999816894531,98.09306335449219,64.70259094238281,58.009361267089844
2008-04-04,90.25,97.98566436767578,65.0730972290039,58.452693939208984
2008-04-07,91.16999816894531,98.03582763671875,64.92366790771484,58.067230224609375
2008-04-08,90.3499984741211,97.93563842773438,64.81016540527344,58.07363510131836
2008-04-09,92.29000091552734,97.22696685791016,65.24039459228516,58.420589447021484
2008-04-10,91.7699966430664,97.36292266845703,64.95951843261719,58.189266204833984
2008-04-11,91.30000305175781,95.4732666015625,65.44358825683594,58.439849853515625
2008-04-14,91.11000061035156,95.15116119384766,65.24039459228516,58.29209518432617
2008-04-15,91.66000366210938,95.373046875,65.00135040283203,58.028663635253906
2008-04-16,93.2699966430664,97.95707702636719,64.60102844238281,57.63667297363281
2008-04-17,92.55999755859375,98.1002426147461,64.33211517333984,57.50175094604492
2008-04-18,90.62000274658203,99.12384033203125,64.2723617553711,57.44396209716797
2008-04-21,90.25,99.1739273071289,64.2962417602539,57.45035171508789
2008-04-22,90.2699966430664,98.73731231689453,64.4576187133789,57.495365142822266
2008-04-23,89.22000122070312,98.57984161376953,64.26045989990234,57.437496185302734
2008-04-24,87.22000122070312,99.00930786132812,63.6807746887207,56.987770080566406
2008-04-25,87.2699966430664,99.92555236816406,63.591163635253906,56.910587310791016
2008-04-28,87.69000244140625,99.94700622558594,63.6987190246582,57.01337814331055
2008-04-29,85.80999755859375,99.55331420898438,63.70465087890625,57.11619567871094
2008-04-30,86.6500015258789,98.96633911132812,64.00349426269531,57.29610061645508
2008-05-01,83.98999786376953,101.01350402832031,63.957855224609375,57.28969192504883
2008-05-02,84.58000183105469,101.2927017211914,63.79581069946289,56.825592041015625
2008-05-05,86.2699966430664,100.80594635009766,63.94586181640625,56.90938949584961
2008-05-06,86.62999725341797,101.67923736572266,63.89786911010742,56.728939056396484
2008-05-07,85.81999969482422,99.86827087402344,64.05387115478516,56.95451736450195
2008-05-08,87.23999786376953,99.61058807373047,64.52790832519531,57.32188415527344
2008-05-09,87.41999816894531,99.4244384765625,64.70188903808594,57.386390686035156
2008-05-12,86.98999786376953,100.5411148071289,64.5998764038086,57.28969192504883
2008-05-13,85.38999938964844,100.555419921875,64.1138916015625,56.81266784667969
2008-05-14,85.19999694824219,100.76301574707031,64.17384338378906,56.79336929321289
2008-05-15,87.0,102.02281951904297,64.63591766357422,57.10919189453125
2008-05-16,89.0999984741211,102.11590576171875,64.63591766357422,57.012535095214844
2008-05-19,89.38999938964844,102.39506530761719,64.83991241455078,57.14144515991211
2008-05-20,90.9000015258789,101.56468200683594,65.22991180419922,57.31544876098633
2008-05-21,91.95999908447266,99.8468017578125,65.30196380615234,57.18010330200195
2008-05-22,90.9800033569336,99.86111450195312,64.84591674804688,56.806217193603516
2008-05-23,91.2300033569336,98.52257537841797,65.0979232788086,57.0576286315918
2008-05-27,89.36000061035156,99.25270080566406,64.64791870117188,56.7805061340332
2008-05-28,89.13999938964844,99.71076965332031,64.06587219238281,56.355079650878906
2008-05-29,86.51000213623047,100.21186828613281,63.819854736328125,56.09074401855469
2008-05-30,87.44999694824219,100.46236419677734,64.07185363769531,56.27768325805664
2008-06-02,87.95999908447266,99.4244384765625,64.28713989257812,56.61214065551758
2008-06-03,86.87999725341797,98.84464263916016,64.28713989257812,56.909664154052734
2008-06-04,86.6500015258789,98.79458618164062,63.95454406738281,56.70268249511719
2008-06-05,86.44999694824219,100.77015686035156,63.75497055053711,56.405155181884766
2008-06-06,89.05999755859375,97.55619812011719,64.53507995605469,56.8967399597168
2008-06-09,87.98999786376953,97.79242706298828,64.19644927978516,56.48926544189453
2008-06-10,85.55000305175781,97.30570983886719,63.85177230834961,56.15286636352539
2008-06-11,87.0199966430664,95.8741226196289,63.972713470458984,56.211090087890625
2008-06-12,85.5999984741211,96.2391586303711,63.37403106689453,55.71946334838867
2008-06-13,85.83000183105469,97.45602416992188,63.367958068847656,55.59010696411133
2008-06-16,87.01000213623047,97.51329040527344,63.525184631347656,55.59661102294922
2008-06-17,87.25,97.04084014892578,63.706607818603516,55.784141540527344
2008-06-18,88.27999877929688,96.0959701538086,64.05126953125,56.088191986083984
2008-06-19,88.41999816894531,96.21768188476562,63.652191162109375,55.7647705078125
2008-06-20,88.94999694824219,94.6559066772461,63.8577880859375,56.023529052734375
2008-06-23,87.08999633789062,94.5623779296875,63.8577880859375,55.99762725830078
2008-06-24,87.47000122070312,94.37535095214844,64.24483489990234,56.295196533203125
2008-06-25,87.41999816894531,94.82137298583984,64.29315185546875,56.28871154785156
2008-06-26,90.61000061035156,92.2459945678711,64.84954071044922,56.60566329956055
2008-06-27,91.47000122070312,91.742431640625,65.15795135498047,56.883811950683594
2008-06-30,91.4000015258789,92.06616973876953,65.21839904785156,56.92263412475586
2008-07-01,92.66000366210938,92.35389709472656,65.23481750488281,56.768131256103516
2008-07-02,93.16999816894531,90.77124786376953,65.64274597167969,56.904449462890625
2008-07-03,92.05999755859375,90.86477661132812,65.81322479248047,56.9239501953125
2008-07-07,91.2300033569336,89.93677520751953,65.78276824951172,57.18999481201172
2008-07-08,90.86000061035156,91.5338134765625,65.73411560058594,57.33274841308594
2008-07-09,91.5,89.77136993408203,66.11764526367188,57.60540008544922
2008-07-10,93.52999877929688,90.13819122314453,66.11154174804688,57.62483215332031
2008-07-11,95.16000366210938,89.08790588378906,65.51490783691406,57.08616256713867
2008-07-14,95.91000366210938,88.28223419189453,66.00194549560547,57.39120101928711
2008-07-15,96.16999816894531,87.03768920898438,65.95936584472656,57.598873138427734
2008-07-16,94.44000244140625,89.17425537109375,65.62449645996094,57.07317352294922
2008-07-17,94.22000122070312,90.06626892089844,65.19832611083984,56.80058670043945
2008-07-18,94.16999816894531,90.62739562988281,64.90000915527344,56.60587692260742
2008-07-21,95.12000274658203,90.67776489257812,64.91218566894531,56.73567581176758
2008-07-22,93.05999755859375,91.70647430419922,64.60166931152344,56.540992736816406
2008-07-23,90.56999969482422,92.20281982421875,64.16329956054688,56.450103759765625
2008-07-24,91.33000183105469,90.28925323486328,64.61994171142578,56.93690490722656
2008-07-25,91.69000244140625,90.26770782470703,64.17549896240234,56.60587692260742
2008-07-28,91.7300033569336,88.94403839111328,64.72343444824219,56.93037033081055
2008-07-29,90.58999633789062,90.84320831298828,64.2850570678711,56.768131256103516
2008-07-30,89.5199966430664,92.4618148803711,64.5530014038086,56.87849044799805
2008-07-31,90.08000183105469,91.2388687133789,64.82083892822266,57.33274841308594
2008-08-01,89.56999969482422,90.75687408447266,65.07515716552734,57.36147689819336
2008-08-04,88.13999938964844,89.91519165039062,64.89083862304688,57.322357177734375
2008-08-05,86.08000183105469,92.3394775390625,64.54073333740234,57.029296875
2008-08-06,86.63999938964844,92.74955749511719,64.37491607666016,57.048824310302734
2008-08-07,86.08999633789062,91.36832427978516,65.03828430175781,57.582862854003906
2008-08-08,84.43000030517578,93.06612396240234,64.95230102539062,57.55679702758789
2008-08-11,81.12999725341797,94.0300521850586,64.36878204345703,57.27678298950195
2008-08-12,80.5199966430664,93.05170440673828,64.66974639892578,57.674049377441406
2008-08-13,81.55999755859375,92.49059295654297,64.66358184814453,57.55030822753906
2008-08-14,79.3499984741211,93.1883773803711,64.99527740478516,57.72614669799805
2008-08-15,77.62999725341797,93.6416015625,65.15498352050781,57.94105529785156
2008-08-18,78.80000305175781,92.361083984375,65.21640014648438,58.08431625366211
2008-08-19,80.43000030517578,91.35395812988281,65.1488037109375,57.9996337890625
2008-08-20,80.05999755859375,91.77840423583984,65.41911315917969,58.16897201538086
2008-08-21,82.30000305175781,91.93663787841797,65.52964782714844,58.04521942138672
2008-08-22,81.08000183105469,93.26748657226562,65.27780151367188,57.875885009765625
2008-08-25,80.93000030517578,91.37551879882812,65.52350616455078,58.26014709472656
2008-08-26,81.2300033569336,91.6417236328125,65.5480728149414,58.279685974121094
2008-08-27,81.36000061035156,92.53372955322266,65.7200698852539,58.36436080932617
2008-08-28,82.18000030517578,93.65596771240234,65.5173568725586,58.279685974121094
2008-08-29,81.70999908447266,92.64881896972656,65.32698059082031,58.20800018310547
2008-09-02,79.19999694824219,92.0733642578125,65.29293060302734,58.524959564208984
2008-09-03,78.88999938964844,91.9942398071289,65.18151092529297,58.66873550415039
2008-09-04,78.38999938964844,89.224609375,65.08244323730469,58.96270751953125
2008-09-05,78.9800033569336,89.50516510009766,65.10103607177734,58.83202362060547
2008-09-08,78.86000061035156,91.35395812988281,65.35479736328125,58.83859634399414
2008-09-09,76.48999786376953,88.64192199707031,65.4662094116211,59.10647201538086
2008-09-10,74.22000122070312,89.0016098022461,65.43528747558594,58.9561882019043
2008-09-11,73.08000183105469,90.28925323486328,65.48477935791016,58.851654052734375
2008-09-12,75.55000305175781,90.70655059814453,65.02056884765625,58.5576171875
2008-09-15,77.55999755859375,86.39024353027344,65.40432739257812,59.68146514892578
2008-09-16,76.79000091552734,87.83619689941406,64.75444030761719,59.5115852355957
2008-09-17,85.45999908447266,83.88679504394531,64.98961639404297,60.04736328125
2008-09-18,82.80000305175781,86.3758544921875,64.12928009033203,59.34173583984375
2008-09-19,85.9800033569336,89.80619049072266,64.45731353759766,58.283164978027344
2008-09-22,89.18000030517578,87.77304077148438,64.68013763427734,58.159088134765625
2008-09-23,88.31999969482422,85.77605438232422,64.01789093017578,58.159088134765625
2008-09-24,86.70999908447266,86.05097198486328,63.702205657958984,58.30937194824219
2008-09-25,86.44999694824219,87.3967514038086,63.67747497558594,58.1329345703125
2008-09-26,86.63999938964844,87.44019317626953,63.54127502441406,58.0937385559082
2008-09-29,89.56999969482422,80.5882797241211,63.795082092285156,58.90392303466797
2008-09-30,85.06999969482422,83.92379760742188,62.69949722290039,58.12641906738281
2008-10-01,85.97000122070312,83.97440338134766,63.529296875,58.53620147705078
2008-10-02,82.33000183105469,80.92831420898438,63.39826202392578,58.86398696899414
2008-10-03,82.58999633789062,79.83576202392578,63.547950744628906,59.08692169189453
2008-10-06,84.27999877929688,75.76944732666016,63.498069763183594,59.565513610839844
2008-10-07,87.2699966430664,72.37601470947266,62.95530700683594,59.51960372924805
2008-10-08,89.41999816894531,70.55268859863281,61.09614562988281,58.75907897949219
2008-10-09,89.9000015258789,65.62537384033203,60.728057861328125,58.16899108886719
2008-10-10,83.22000122070312,64.0335922241211,59.50527572631836,57.48712921142578
2008-10-13,81.98999786376953,73.33110046386719,58.644325256347656,57.09375
2008-10-14,82.19999694824219,72.24579620361328,59.98566818237305,56.82490921020508
2008-10-15,83.30999755859375,65.1333236694336,60.1915168762207,57.29043197631836
2008-10-16,79.29000091552734,67.84664916992188,59.80474090576172,57.30352783203125
2008-10-17,77.20999908447266,67.44145202636719,59.561424255371094,57.66416549682617
2008-10-20,78.5,71.49331665039062,60.3786735534668,57.723175048828125
2008-10-21,76.02999877929688,69.35885620117188,60.4722900390625,58.33293151855469
2008-10-22,71.70999908447266,65.58193969726562,60.92146682739258,58.77874755859375
2008-10-23,70.6500015258789,66.34169006347656,60.30384063720703,58.8574333190918
2008-10-24,72.20999908447266,62.97719955444336,58.862693786621094,58.6082763671875
2008-10-27,72.18000030517578,60.74146270751953,58.238792419433594,58.57548141479492
2008-10-28,73.79000091552734,67.83941650390625,57.88942337036133,58.103458404541016
2008-10-29,74.0,67.34738159179688,58.2700309753418,58.18867111206055
2008-10-30,72.70999908447266,69.67716979980469,57.945556640625,57.7427978515625
2008-10-31,71.33999633789062,70.06067657470703,57.62738800048828,57.624813079833984
2008-11-03,71.0999984741211,70.2632827758789,58.1140251159668,57.716957092285156
2008-11-04,75.4800033569336,72.65093994140625,59.01241683959961,58.40791702270508
2008-11-05,72.80000305175781,69.59764099121094,59.4304084777832,58.717166900634766
2008-11-06,72.22000122070312,65.74114227294922,59.18080139160156,58.5395393371582
2008-11-07,72.5,67.9117431640625,58.925071716308594,58.32892608642578
2008-11-10,73.58000183105469,67.02181243896484,59.1309814453125,58.38812255859375
2008-11-11,72.05000305175781,64.95245361328125,59.26820373535156,58.60528564453125
2008-11-12,70.0,62.0944709777832,59.36180877685547,58.967220306396484
2008-11-13,72.1500015258789,65.96543884277344,58.99370193481445,58.5395393371582
2008-11-14,73.30000305175781,62.67325210571289,59.592628479003906,59.11857986450195
2008-11-17,72.6500015258789,61.84124755859375,59.64878463745117,59.36861801147461
2008-11-18,72.51000213623047,63.00613021850586,59.043582916259766,59.829254150390625
2008-11-19,72.26000213623047,58.9687614440918,59.03112030029297,60.47414779663086
2008-11-20,73.44999694824219,54.591312408447266,58.31989669799805,61.691524505615234
2008-11-21,78.8499984741211,57.53614044189453,57.72721481323242,61.12558364868164
2008-11-24,80.91000366210938,61.52287292480469,56.60423278808594,60.55308532714844
2008-11-25,80.87000274658203,61.978694915771484,57.639949798583984,61.59278106689453
2008-11-26,80.37999725341797,64.3736343383789,57.951805114746094,61.96787643432617
2008-11-28,80.30999755859375,65.18399047851562,58.13279342651367,62.09294128417969
2008-12-01,75.6500015258789,59.41014099121094,59.29943084716797,62.93334197998047
2008-12-02,76.94999694824219,61.696502685546875,59.823486328125,63.26353454589844
2008-12-03,76.18000030517578,63.17979049682617,60.61577224731445,63.36248779296875
2008-12-04,75.5,61.71824264526367,61.09614562988281,63.758663177490234
2008-12-05,74.5199966430664,63.621150970458984,60.67189025878906,63.08525466918945
2008-12-08,76.19999694824219,65.84243774414062,59.892066955566406,62.84759521484375
2008-12-09,76.33000183105469,64.75713348388672,60.2476806640625,63.38235855102539
2008-12-10,79.75,65.19843292236328,59.85464859008789,63.322940826416016
2008-12-11,80.6500015258789,63.628414154052734,60.515933990478516,63.70590591430664
2008-12-12,80.80999755859375,64.38811492919922,60.272647857666016,63.88412094116211
2008-12-15,82.5999984741211,63.49092483520508,60.016849517822266,64.02278137207031
2008-12-16,84.45999908447266,66.47916412353516,61.94462966918945,65.03955841064453
2008-12-17,85.43000030517578,65.83518981933594,63.1300163269043,65.48193359375
2008-12-18,83.87000274658203,64.60517883300781,63.47932815551758,65.92422485351562
2008-12-19,82.62999725341797,64.32730102539062,62.393829345703125,65.7063980102539
2008-12-22,83.45999908447266,63.503047943115234,62.843040466308594,65.53475189208984
2008-12-23,82.62999725341797,62.846553802490234,62.68702697753906,65.501708984375
2008-12-24,83.45999908447266,63.21126174926758,62.699527740478516,65.43566131591797
2008-12-26,85.5999984741211,63.575965881347656,62.843040466308594,65.78563690185547
2008-12-29,86.3499984741211,63.39363479614258,62.63713836669922,65.93079376220703
2008-12-30,85.9000015258789,64.89619445800781,61.72626495361328,66.02349090576172
2008-12-31,86.5199966430664,65.82254791259766,61.9134521484375,65.29460144042969
2009-01-02,86.2300033569336,67.80658721923828,60.75302505493164,64.36016845703125
2009-01-05,84.4800033569336,67.72632598876953,60.5284309387207,64.24745178222656
2009-01-06,85.12999725341797,68.17855834960938,60.97762680053711,64.20777893066406
2009-01-07,82.75,66.1362075805664,61.05248260498047,64.22100067138672
2009-01-08,84.45999908447266,66.40609741210938,61.539100646972656,64.3932876586914
2009-01-09,83.91999816894531,64.98373413085938,62.08187484741211,64.6915054321289
2009-01-12,80.76000213623047,63.42279052734375,62.393829345703125,65.09568786621094
2009-01-13,80.87999725341797,63.53950500488281,62.38133239746094,65.14216613769531
2009-01-14,79.79000091552734,61.540889739990234,62.4561767578125,65.5065689086914
2009-01-15,80.38999938964844,61.56276321411133,62.4561767578125,65.4535903930664
2009-01-16,82.70999908447266,62.044193267822266,62.20042037963867,64.85062408447266
2009-01-20,84.5199966430664,58.769107818603516,62.1629638671875,64.75115966796875
2009-01-21,84.1500015258789,61.30747985839844,61.21467208862305,64.17462921142578
2009-01-22,84.58000183105469,60.35922622680664,61.32073211669922,63.75048065185547
2009-01-23,88.52999877929688,60.62181854248047,61.545326232910156,63.76374435424805
2009-01-26,88.94999694824219,61.0375862121582,61.3394775390625,63.60468673706055
2009-01-27,88.37999725341797,61.65760040283203,61.869747161865234,64.0221939086914
2009-01-28,87.41999816894531,63.743709564208984,61.90718078613281,63.611324310302734
2009-01-29,89.5,61.672183990478516,61.60149383544922,62.78297805786133
2009-01-30,91.30999755859375,60.41757583618164,61.888519287109375,62.756465911865234
2009-02-02,88.83999633789062,60.23524856567383,62.1130485534668,63.265499114990234
2009-02-03,88.47000122070312,61.081356048583984,61.888519287109375,62.7205810546875
2009-02-04,89.18000030517578,60.78229904174805,61.763675689697266,62.40157699584961
2009-02-05,90.12000274658203,61.68680953979492,61.695064544677734,62.54782485961914
2009-02-06,89.58999633789062,63.44466781616211,62.050689697265625,62.169002532958984
2009-02-09,88.31999969482422,63.53219223022461,62.699527740478516,62.04273223876953
2009-02-10,90.20999908447266,60.62181854248047,62.98646545410156,62.87340545654297
2009-02-11,92.29000091552734,60.97923278808594,62.81803512573242,63.35856246948242
2009-02-12,93.16999816894531,61.02302932739258,62.593448638916016,63.33860778808594
2009-02-13,92.55000305175781,60.36653137207031,62.33144760131836,62.84020233154297
2009-02-17,95.44999694824219,57.78440475463867,62.711971282958984,63.89690017700195
2009-02-18,96.91000366210938,57.64580154418945,62.318965911865234,63.43162155151367
2009-02-19,95.7699966430664,57.02582550048828,62.1442756652832,63.07942581176758
2009-02-20,97.80000305175781,56.4714241027832,62.3626594543457,63.258880615234375
2009-02-23,97.7300033569336,54.450965881347656,62.300270080566406,63.318660736083984
2009-02-24,94.7300033569336,56.51520538330078,61.763675689697266,63.07942581176758
2009-02-25,93.1500015258789,56.07025146484375,61.39561080932617,62.507904052734375
2009-02-26,93.05999755859375,55.15848922729492,60.90279769897461,62.34845733642578
2009-02-27,92.62999725341797,53.9257698059082,60.5284309387207,62.295291900634766
2009-03-02,90.93000030517578,51.49681854248047,60.90898895263672,62.92026901245117
2009-03-03,90.04000091552734,51.110225677490234,60.77174758911133,62.840309143066406
2009-03-04,88.98999786376953,52.321075439453125,60.65317916870117,62.520450592041016
2009-03-05,91.98999786376953,50.183868408203125,61.21467208862305,63.25345230102539
2009-03-06,92.29000091552734,50.27139663696289,60.80919647216797,62.95358657836914
2009-03-09,90.56999969482422,49.680580139160156,60.578365325927734,62.9802360534668
2009-03-10,88.13999938964844,52.64199447631836,60.1915168762207,62.520450592041016
2009-03-11,89.22000122070312,52.98483657836914,60.490966796875,62.96689224243164
2009-03-12,91.0999984741211,55.07099151611328,61.408103942871094,63.146793365478516
2009-03-13,91.30000305175781,55.50132751464844,61.38937759399414,63.100120544433594
2009-03-16,90.80000305175781,55.333553314208984,61.32699203491211,62.7403450012207
2009-03-17,90.04000091552734,57.02582550048828,61.26462936401367,62.62036895751953
2009-03-18,93.08999633789062,58.30227279663086,63.529296875,64.76595306396484
2009-03-19,94.3499984741211,57.58015441894531,63.822513580322266,64.54609680175781
2009-03-20,93.58999633789062,56.35402297973633,63.50429916381836,64.54609680175781
2009-03-23,92.08000183105469,60.40188980102539,63.49184799194336,64.32616424560547
2009-03-24,90.94999694824219,59.211788177490234,63.853694915771484,64.23290252685547
2009-03-25,91.9800033569336,59.83622360229492,63.760066986083984,63.84645462036133
2009-03-26,91.93000030517578,61.05572509765625,64.47132873535156,64.01301574707031
2009-03-27,90.69000244140625,59.953765869140625,64.30911254882812,63.97301483154297
2009-03-30,89.9800033569336,57.882102966308594,64.42765045166016,64.24626922607422
2009-03-31,90.27999877929688,58.41836166381836,64.10326385498047,64.35946655273438
2009-04-01,91.02999877929688,59.549720764160156,64.33139038085938,64.51721954345703
2009-04-02,88.80000305175781,61.29082107543945,63.93650436401367,64.09622192382812
2009-04-03,87.58999633789062,61.90058898925781,63.51655960083008,63.361167907714844
2009-04-06,85.2699966430664,61.415687561035156,63.46645736694336,63.21416473388672
2009-04-07,86.73999786376953,59.98314666748047,63.37872314453125,63.3745231628418
2009-04-08,86.61000061035156,60.62959671020508,63.69209289550781,63.6885986328125
2009-04-09,86.30999755859375,63.03927230834961,63.49774932861328,63.314456939697266
2009-04-13,87.87999725341797,63.05392837524414,63.78608322143555,63.6885986328125
2009-04-14,87.37000274658203,61.9666633605957,63.817413330078125,64.01607513427734
2009-04-15,87.5,62.62784957885742,63.85502243041992,64.07621002197266
2009-04-16,85.80999755859375,63.546146392822266,63.616878509521484,63.82228088378906
2009-04-17,85.22000122070312,63.97222137451172,62.99008560180664,63.307716369628906
2009-04-20,86.94999694824219,61.29082107543945,63.04647445678711,63.748775482177734
2009-04-21,86.88999938964844,62.48826599121094,62.833404541015625,63.50151443481445
2009-04-22,87.37999725341797,62.106231689453125,62.99008560180664,63.347747802734375
2009-04-23,88.80000305175781,62.716033935546875,63.32229232788086,63.33442306518555
2009-04-24,89.72000122070312,63.66371536254883,63.460147857666016,63.087158203125
2009-04-27,89.01000213623047,63.06129455566406,63.52286148071289,63.347747802734375
2009-04-28,87.75,62.862937927246094,63.52286148071289,63.040443420410156
2009-04-29,88.33000183105469,64.20000457763672,63.259613037109375,62.69961166381836
2009-04-30,87.2699966430664,64.22200012207031,62.9525032043457,62.59273910522461
2009-05-01,86.94999694824219,64.5672836303711,62.342647552490234,62.39167785644531
2009-05-04,88.63999938964844,66.76388549804688,62.45613098144531,62.452030181884766
2009-05-05,88.25,66.5361099243164,62.47508239746094,62.43859100341797
2009-05-06,89.54000091552734,67.68948364257812,62.72734832763672,62.465415954589844
2009-05-07,89.44000244140625,66.74920654296875,62.79037857055664,61.94256591796875
2009-05-08,89.9800033569336,68.30663299560547,62.815635681152344,62.01630783081055
2009-05-11,89.69000244140625,67.02831268310547,63.13100051879883,62.59944534301758
2009-05-12,90.69999694824219,66.82997131347656,63.32649612426758,62.55921173095703
2009-05-13,91.08999633789062,65.14765930175781,63.313846588134766,62.84743881225586
2009-05-14,91.02999877929688,65.70597076416016,63.66704177856445,62.8541259765625
2009-05-15,91.55000305175781,65.16971588134766,63.799495697021484,62.69993209838867
2009-05-18,90.36000061035156,67.02095794677734,63.78055953979492,62.33135223388672
2009-05-19,90.95999908447266,66.94017028808594,63.906734466552734,62.24422073364258
2009-05-20,92.25,66.49205017089844,64.24728393554688,62.43859100341797
2009-05-21,93.8499984741211,65.5370101928711,63.61662673950195,61.75486373901367
2009-05-22,94.1500015258789,65.3974380493164,63.73012924194336,61.39305877685547
2009-05-26,93.76000213623047,67.07242584228516,63.458927154541016,60.98417663574219
2009-05-27,93.44999694824219,65.8749771118164,63.313846588134766,60.29384231567383
2009-05-28,94.23999786376953,66.79325866699219,63.38327407836914,60.60882568359375
2009-05-29,96.19999694824219,67.97601318359375,64.20944213867188,61.292476654052734
2009-06-01,95.7300033569336,69.62158966064453,63.69731140136719,60.2922248840332
2009-06-02,96.36000061035156,69.68036651611328,64.15306091308594,60.493873596191406
2009-06-03,94.41000366210938,68.79881286621094,64.12776947021484,60.86359786987305
2009-06-04,96.2300033569336,69.44527435302734,63.48215103149414,60.15776443481445
2009-06-05,93.70999908447266,69.46000671386719,63.235294342041016,59.559425354003906
2009-06-08,93.55999755859375,69.1734619140625,62.98839569091797,59.25698471069336
2009-06-09,93.83000183105469,69.52606201171875,63.412498474121094,59.512428283691406
2009-06-10,93.86000061035156,69.34976196289062,63.44416809082031,59.15618133544922
2009-06-11,93.69999694824219,69.65833282470703,63.56443786621094,59.559425354003906
2009-06-12,92.16999816894531,69.8493423461914,63.44416809082031,59.87544631958008
2009-06-15,91.0999984741211,68.24781799316406,63.374534606933594,60.14432907104492
2009-06-16,91.93000030517578,67.32219696044922,63.583431243896484,60.48045349121094
2009-06-17,92.3499984741211,67.2560806274414,63.1656494140625,60.31905746459961
2009-06-18,91.61000061035156,67.74826049804688,63.00740051269531,59.58633041381836
2009-06-19,91.9000015258789,67.99801635742188,63.406192779541016,59.8619499206543
2009-06-22,90.54000091552734,65.95893859863281,63.513797760009766,60.18461990356445
2009-06-23,90.91999816894531,66.01065063476562,63.82394790649414,60.37961196899414
2009-06-24,91.44999694824219,66.57950592041016,63.494789123535156,60.15100860595703
2009-06-25,92.30999755859375,68.02753448486328,63.8619499206543,60.903926849365234
2009-06-26,92.29000091552734,67.8502197265625,63.8619499206543,60.984619140625
2009-06-29,92.04000091552734,68.485595703125,63.906219482421875,61.1123046875
2009-06-30,91.18000030517578,67.9314956665039,64.33663177490234,60.951019287109375
2009-07-01,92.38999938964844,68.21224975585938,64.20259857177734,60.911895751953125
2009-07-02,91.25,66.35047149658203,64.04371643066406,61.11412811279297
2009-07-06,90.76000213623047,66.34310150146484,63.89126205444336,61.154605865478516
2009-07-07,90.70999908447266,65.05763244628906,63.992889404296875,61.397193908691406
2009-07-08,89.2699966430664,65.01329803466797,64.22163391113281,62.10499954223633
2009-07-09,89.51000213623047,65.1388931274414,63.70061111450195,61.74102783203125
2009-07-10,89.58000183105469,64.98374938964844,63.95478057861328,62.125282287597656
2009-07-13,90.19000244140625,66.56475067138672,63.694236755371094,61.90280532836914
2009-07-14,90.80999755859375,66.94153594970703,63.643402099609375,61.4915885925293
2009-07-15,92.23999786376953,68.89929962158203,63.471824645996094,60.696224212646484
2009-07-16,91.9800033569336,68.78849029541016,63.8658332824707,61.0601921081543
2009-07-17,91.93000030517578,69.54203033447266,63.84039306640625,60.649009704589844
2009-07-20,93.27999877929688,70.28083038330078,64.20896911621094,60.8714714050293
2009-07-21,93.12999725341797,70.60590362548828,64.3551025390625,61.552303314208984
2009-07-22,93.44000244140625,70.59115600585938,64.18354797363281,61.18830490112305
2009-07-23,93.26000213623047,72.14997863769531,63.8721809387207,60.595054626464844
2009-07-24,93.41000366210938,72.44547271728516,63.9039306640625,60.723167419433594
2009-07-27,93.70999908447266,72.65972900390625,63.783226013183594,60.440025329589844
2009-07-28,92.11000061035156,72.31988525390625,63.72602844238281,60.56135559082031
2009-07-29,91.19999694824219,72.14259338378906,63.694236755371094,60.601837158203125
2009-07-30,91.62000274658203,72.89616394042969,64.05644226074219,60.844459533691406
2009-07-31,93.3499984741211,72.99959564208984,64.3932113647461,61.457916259765625
2009-08-03,93.87000274658203,74.20380401611328,64.06074523925781,60.80478286743164
2009-08-04,94.68000030517578,74.3958740234375,63.83102798461914,60.62907791137695
2009-08-05,94.77999877929688,74.18163299560547,63.88209533691406,60.2842903137207
2009-08-06,94.5999984741211,73.79751586914062,63.77998352050781,60.2842903137207
2009-08-07,93.75,74.76524353027344,63.86296081542969,59.88541030883789
2009-08-10,92.93000030517578,74.610107421875,63.984153747558594,60.270729064941406
2009-08-11,92.79000091552734,73.67927551269531,64.26496887207031,60.689918518066406
2009-08-12,92.94999694824219,74.46974182128906,64.01606750488281,60.52088165283203
2009-08-13,93.72000122070312,75.03862762451172,64.22669219970703,60.99408721923828
2009-08-14,93.0,74.4623794555664,64.15644836425781,61.1834831237793
2009-08-17,91.61000061035156,72.63014221191406,64.38623809814453,61.60258102416992
2009-08-18,92.05999755859375,73.2064437866211,64.52655792236328,61.3862190246582
2009-08-19,92.52999877929688,73.84915161132812,64.85201263427734,61.61612319946289
2009-08-20,92.2699966430664,74.610107421875,65.24126434326172,61.77839279174805
2009-08-21,93.6500015258789,76.07292938232422,64.97965240478516,61.14963912963867
2009-08-24,92.33999633789062,76.0655517578125,65.20940399169922,61.528221130371094
2009-08-25,92.76000213623047,76.2132797241211,65.01793670654297,61.69044494628906
2009-08-26,92.79000091552734,76.22066497802734,65.2030258178711,61.771602630615234
2009-08-27,93.19000244140625,76.39060974121094,64.96688079833984,61.60258102416992
2009-08-28,93.87000274658203,76.37583923339844,64.99237060546875,61.744598388671875
2009-08-31,93.4000015258789,75.6961441040039,64.93496704101562,61.927093505859375
2009-09-01,93.9000015258789,74.0264892578125,65.02509307861328,62.087791442871094
2009-09-02,96.19000244140625,73.74571990966797,65.12814331054688,62.426734924316406
2009-09-03,97.45999908447266,74.35895538330078,65.21187591552734,62.203060150146484
2009-09-04,97.52999877929688,75.400634765625,65.19900512695312,61.83015060424805
2009-09-08,97.43000030517578,76.0507583618164,65.3342056274414,61.687782287597656
2009-09-09,97.08000183105469,76.6344223022461,65.54029846191406,61.74201202392578
2009-09-10,97.69999694824219,77.41749572753906,65.69486999511719,62.203060150146484
2009-09-11,98.77999877929688,77.40274810791016,65.84293365478516,62.38610076904297
2009-09-14,97.95999908447266,77.77951049804688,65.69486999511719,62.01996994018555
2009-09-15,98.9000015258789,78.1045913696289,65.73346710205078,61.89117431640625
2009-09-16,99.91000366210938,79.28662872314453,65.86227416992188,61.84367752075195
2009-09-17,99.33999633789062,79.16846466064453,65.94596862792969,62.14876174926758
2009-09-18,98.66999816894531,79.21891021728516,65.6433334350586,61.816612243652344
2009-09-21,98.36000061035156,79.01851654052734,65.57250213623047,61.77589797973633
2009-09-22,99.66999816894531,79.47871398925781,65.7270278930664,61.93861770629883
2009-09-23,98.83000183105469,78.81809997558594,65.86871337890625,62.07423782348633
2009-09-24,97.55000305175781,77.94960021972656,65.80431365966797,62.243709564208984
2009-09-25,97.0,77.53386688232422,65.90091705322266,62.49457931518555
2009-09-28,97.05000305175781,78.9219970703125,66.03614044189453,62.60304641723633
2009-09-29,97.43000030517578,78.6844711303711,66.01036071777344,62.575870513916016
2009-09-30,98.8499984741211,78.3801040649414,66.24856567382812,62.6234016418457
2009-10-01,97.88999938964844,76.43528747558594,66.43354797363281,63.09452438354492
2009-10-02,98.37000274658203,76.07894897460938,66.3046646118164,63.0672721862793
2009-10-05,99.81999969482422,77.2146987915039,66.34332275390625,63.06053161621094
2009-10-06,102.27999877929688,78.32071685791016,66.33686065673828,62.85657501220703
2009-10-07,102.36000061035156,78.53600311279297,66.62682342529297,63.25760269165039
2009-10-08,103.63999938964844,79.13725280761719,66.56237030029297,63.02650451660156
2009-10-09,102.83999633789062,79.61978149414062,66.22090148925781,62.42145919799805
2009-10-12,103.55999755859375,79.93154907226562,66.3819580078125,62.60500717163086
2009-10-13,104.26000213623047,79.76824951171875,66.7556381225586,62.74775314331055
2009-10-14,104.18000030517578,81.14152526855469,66.46575927734375,62.3194580078125
2009-10-15,102.86000061035156,81.43841552734375,66.51724243164062,62.11552047729492
2009-10-16,103.18000030517578,80.82972717285156,66.7298583984375,62.40107727050781
2009-10-19,104.2300033569336,81.497802734375,67.15510559082031,62.49625015258789
2009-10-20,103.41999816894531,81.0672607421875,67.21302795410156,62.63898468017578
2009-10-21,103.75,80.3398208618164,66.94890594482422,62.49625015258789
2009-10-22,103.91999816894531,81.15635681152344,66.62036895751953,62.31266403198242
2009-10-23,103.48999786376953,80.22845458984375,66.47858428955078,62.00679016113281
2009-10-26,101.86000061035156,79.35997009277344,66.1758804321289,61.65328598022461
2009-10-27,101.8499984741211,78.9962387084961,66.70408630371094,62.183536529541016
2009-10-28,100.7300033569336,77.50424194335938,66.7556381225586,62.37391662597656
2009-10-29,102.69000244140625,79.16697692871094,66.76207733154297,62.074745178222656
2009-10-30,102.52999877929688,76.87325286865234,67.00691986083984,62.5369873046875
2009-11-02,103.94999694824219,77.4373779296875,67.13750457763672,62.37247085571289
2009-11-03,106.45999908447266,77.68238067626953,67.00176239013672,62.2285041809082
2009-11-04,107.0999984741211,77.88275909423828,67.13099670410156,62.0571403503418
2009-11-05,106.9800033569336,79.31544494628906,67.26026153564453,62.07086181640625
2009-11-06,107.43000030517578,79.52325439453125,67.42828369140625,62.255943298339844
2009-11-09,108.19000244140625,81.33450317382812,67.77733612060547,62.28337478637695
2009-11-10,108.38999938964844,81.34934997558594,67.66104125976562,62.33133316040039
2009-11-11,109.5999984741211,81.76505279541016,67.90663146972656,62.50958251953125
2009-11-12,108.20999908447266,80.93367004394531,67.58988189697266,62.5301628112793
2009-11-13,109.73999786376953,81.37162017822266,67.61577606201172,62.57816696166992
2009-11-16,111.62999725341797,82.55187225341797,68.12640380859375,62.914024353027344
2009-11-17,111.97000122070312,82.64837646484375,68.30733489990234,63.051185607910156
2009-11-18,112.25,82.59642791748047,68.28795623779297,62.8935661315918
2009-11-19,112.30000305175781,81.52008056640625,68.2944564819336,62.9688606262207
2009-11-20,112.94000244140625,81.23057556152344,68.2944564819336,62.96205139160156
2009-11-23,114.29000091552734,82.26239013671875,68.35260772705078,62.87298583984375
2009-11-24,114.7300033569336,82.38858795166016,68.42369842529297,63.195133209228516
2009-11-25,116.62000274658203,82.6781005859375,68.69522094726562,63.40764236450195
2009-11-27,115.05999755859375,81.33450317382812,68.84382629394531,63.69566345214844
2009-11-30,115.63999938964844,81.60916900634766,68.88262176513672,63.7984619140625
2009-12-01,117.37999725341797,82.61868286132812,68.76476287841797,63.44666290283203
2009-12-02,119.18000030517578,82.58157348632812,68.69352722167969,63.31615447998047
2009-12-03,118.69999694824219,81.93578338623047,68.46685028076172,63.02070617675781
2009-12-04,113.75,82.40345001220703,67.90992736816406,62.55344772338867
2009-12-07,113.11000061035156,82.27726745605469,68.02001190185547,62.725223541259766
2009-12-08,110.94999694824219,81.36418914794922,67.98760223388672,62.945072174072266
2009-12-09,110.83999633789062,81.66854095458984,67.6896743774414,62.82140350341797
2009-12-10,110.81999969482422,82.12877655029297,67.46949005126953,62.60844039916992
2009-12-11,109.31999969482422,82.47767639160156,67.49537658691406,62.2991828918457
2009-12-14,110.23999786376953,83.04180908203125,67.72856903076172,62.2991828918457
2009-12-15,110.20999908447266,82.65581512451172,67.72208404541016,62.100013732910156
2009-12-16,111.58999633789062,82.781982421875,67.83867645263672,62.100013732910156
2009-12-17,107.33999633789062,81.78730773925781,68.13011169433594,62.64964294433594
2009-12-18,108.94999694824219,82.25,68.02645111083984,62.3404541015625
2009-12-21,106.94999694824219,83.08587646484375,67.70914459228516,61.701473236083984
2009-12-22,106.16999816894531,83.3844223022461,67.48889923095703,61.426578521728516
2009-12-23,106.55000305175781,83.54857635498047,67.39180755615234,61.399105072021484
2009-12-24,108.36000061035156,83.94410705566406,67.21045684814453,61.17926788330078
2009-12-28,108.55000305175781,84.12322998046875,67.19102478027344,61.01438903808594
2009-12-29,107.47000122070312,84.0037841796875,67.39810943603516,61.175453186035156
2009-12-30,106.93000030517578,83.97396850585938,67.5019302368164,61.285545349121094
2009-12-31,107.30999755859375,83.16797637939453,67.44353485107422,60.98953628540039
2010-01-04,109.80000305175781,84.5784683227539,67.61876678466797,61.14097595214844
2010-01-05,109.69999694824219,84.80238342285156,67.83951568603516,61.409481048583984
2010-01-06,111.51000213623047,84.86209106445312,67.66423797607422,61.1616325378418
2010-01-07,110.81999969482422,85.22028350830078,67.76807403564453,61.1616325378418
2010-01-08,111.37000274658203,85.50389099121094,67.91092681884766,61.23738479614258
2010-01-11,112.8499984741211,85.62333679199219,67.76160430908203,61.278648376464844
2010-01-12,110.48999786376953,84.82477569580078,68.07318878173828,61.719146728515625
2010-01-13,111.54000091552734,85.54122161865234,67.76807403564453,61.423213958740234
2010-01-14,112.02999877929688,85.7725601196289,67.94332885742188,61.71236801147461
2010-01-15,110.86000061035156,84.80982971191406,68.16404724121094,61.9876823425293
2010-01-19,111.5199966430664,85.86957550048828,68.11217498779297,61.87754821777344
2010-01-20,108.94000244140625,84.9963607788086,68.21598052978516,62.090946197509766
2010-01-21,107.37000274658203,83.36202239990234,68.34584045410156,62.3181037902832
2010-01-22,107.16999816894531,81.50370788574219,68.28083801269531,62.373207092285156
2010-01-25,107.4800033569336,81.92166137695312,68.10562896728516,62.23548126220703
2010-01-26,107.55999755859375,81.57835388183594,68.31338500976562,62.35944747924805
2010-01-27,106.52999877929688,81.9664306640625,68.13159942626953,62.214874267578125
2010-01-28,106.4800033569336,81.02606964111328,68.22247314453125,62.19422912597656
2010-01-29,105.95999908447266,80.14543914794922,68.47563171386719,62.43510055541992
2010-02-01,108.3499984741211,81.39173126220703,68.44833374023438,62.22104263305664
2010-02-02,109.12999725341797,82.37688446044922,68.57189178466797,62.324615478515625
2010-02-03,108.69999694824219,81.9664306640625,68.29225158691406,62.02766036987305
2010-02-04,104.37000274658203,79.43643188476562,68.47431945800781,62.53877639770508
2010-02-05,104.68000030517578,79.60065460205078,68.35071563720703,62.7390251159668
2010-02-08,104.04000091552734,79.0260009765625,68.24668884277344,62.683753967285156
2010-02-09,105.41000366210938,80.01859283447266,68.01252746582031,62.34539794921875
2010-02-10,105.12000274658203,79.86184692382812,67.81089782714844,62.17268371582031
2010-02-11,107.12999725341797,80.69770050048828,67.64834594726562,62.09672164916992
2010-02-12,107.04000091552734,80.63053894042969,67.64834594726562,62.24170684814453
2010-02-16,109.62000274658203,81.89926147460938,67.84342193603516,62.37989044189453
2010-02-17,109.25,82.28730773925781,67.71337890625,62.04833984375
2010-02-18,109.9800033569336,82.77240753173828,67.65487670898438,61.82737350463867
2010-02-19,109.47000122070312,82.94407653808594,67.53778076171875,61.861881256103516
2010-02-22,109.06999969482422,82.958984375,67.36859893798828,61.81358337402344
2010-02-23,107.88999938964844,81.95149993896484,67.57676696777344,62.28318786621094
2010-02-24,107.36000061035156,82.70525360107422,67.44672393798828,62.31771469116211
2010-02-25,108.30999755859375,82.59330749511719,67.44672393798828,62.545616149902344
2010-02-26,109.43000030517578,82.64553833007812,67.58326721191406,62.64230728149414
2010-03-01,109.43000030517578,83.50381469726562,67.59239959716797,62.707454681396484
2010-03-02,111.0199966430664,83.73516845703125,67.6443862915039,62.742008209228516
2010-03-03,111.62999725341797,83.8097915649414,67.6184310913086,62.67970275878906
2010-03-04,110.83000183105469,84.06352233886719,67.68992614746094,62.790531158447266
2010-03-05,110.80999755859375,85.2651138305664,67.54035949707031,62.49275588989258
2010-03-08,109.87999725341797,85.27999114990234,67.4818115234375,62.326576232910156
2010-03-09,109.72000122070312,85.42179107666016,67.59892272949219,62.48583984375
2010-03-10,108.47000122070312,85.8023910522461,67.52734375,62.381961822509766
2010-03-11,108.5999984741211,86.16065216064453,67.60540008544922,62.326576232910156
2010-03-12,107.94999694824219,86.1681137084961,67.78096008300781,62.42347717285156
2010-03-15,108.36000061035156,86.19046783447266,67.76799774169922,62.42347717285156
2010-03-16,110.4000015258789,86.87710571289062,68.02165222167969,62.66587829589844
2010-03-17,109.58999633789062,87.39205169677734,68.16477966308594,62.742008209228516
2010-03-18,110.33999633789062,87.34725952148438,67.89158630371094,62.57584762573242
2010-03-19,108.27999877929688,86.90513610839844,67.76150512695312,62.49275588989258
2010-03-22,107.75,87.36973571777344,67.91761779785156,62.70050811767578
2010-03-23,108.31999969482422,87.98426055908203,67.86557006835938,62.568939208984375
2010-03-24,106.30000305175781,87.55708312988281,67.31920623779297,61.9456901550293
2010-03-25,106.77999877929688,87.41470336914062,67.2281494140625,61.7171516418457
2010-03-26,108.58999633789062,87.36224365234375,67.31269836425781,61.86257553100586
2010-03-29,108.75,87.91682434082031,67.2281494140625,61.772491455078125
2010-03-30,107.97000122070312,87.97673034667969,67.28669738769531,61.83488845825195
2010-03-31,108.94999694824219,87.67698669433594,67.57936096191406,61.98027420043945
2010-04-01,110.26000213623047,88.2764892578125,67.56759643554688,61.85178756713867
2010-04-05,110.88999938964844,88.99588012695312,67.09080505371094,61.296234130859375
2010-04-06,111.02999877929688,89.20574188232422,67.35861206054688,61.47675323486328
2010-04-07,112.48999786376953,88.69613647460938,67.83545684814453,61.8587532043457
2010-04-08,112.6500015258789,89.00337982177734,67.77011108398438,61.78932189941406
2010-04-09,113.63999938964844,89.58789825439453,67.84198760986328,61.8587532043457
2010-04-12,113.01000213623047,89.73026275634766,68.0313949584961,62.02543258666992
2010-04-13,112.69000244140625,89.79772186279297,68.09017944335938,62.14350128173828
2010-04-14,113.02999877929688,90.8168716430664,68.00530242919922,61.976783752441406
2010-04-15,113.6500015258789,90.89181518554688,68.20124053955078,62.081024169921875
2010-04-16,111.23999786376953,89.44552612304688,68.35799407958984,62.456024169921875
2010-04-19,111.1500015258789,89.78272247314453,68.19467163085938,62.3032112121582
2010-04-20,111.45999908447266,90.58456420898438,68.35799407958984,62.331024169921875
2010-04-21,112.30999755859375,90.41972351074219,68.56707763671875,62.53242111206055
2010-04-22,111.83999633789062,90.6894760131836,68.37109375,62.38654708862305
2010-04-23,113.19000244140625,91.281494140625,68.37759399414062,62.212928771972656
2010-04-26,112.75,90.93678283691406,68.43637084960938,62.25458526611328
2010-04-27,114.62999725341797,88.78605651855469,68.8348159790039,62.83797836303711
2010-04-28,114.30999755859375,89.46052551269531,68.69770812988281,62.51857376098633
2010-04-29,114.27999877929688,90.56957244873047,69.05693054199219,62.622711181640625
2010-04-30,115.36000061035156,89.03337097167969,69.27903747558594,63.004642486572266
2010-05-03,115.7300033569336,90.18739318847656,69.15670776367188,62.839603424072266
2010-05-04,114.87000274658203,88.0666732788086,69.2613754272461,63.26451873779297
2010-05-05,115.08999633789062,87.54209899902344,69.29405975341797,63.508304595947266
2010-05-06,118.48999786376953,84.63450622558594,69.60809326171875,64.20489501953125
2010-05-07,118.2699966430664,83.37557983398438,69.4576187133789,64.03076171875
2010-05-10,117.56999969482422,87.04750061035156,69.2613754272461,63.54316711425781
2010-05-11,120.66000366210938,86.80021667480469,69.3921890258789,63.619720458984375
2010-05-12,121.4000015258789,88.01417541503906,69.47723388671875,63.45955276489258
2010-05-13,120.55999755859375,86.92009735107422,69.53608703613281,63.6336784362793
2010-05-14,120.37000274658203,85.3464126586914,69.7388916015625,64.04466247558594
2010-05-17,119.36000061035156,85.39137268066406,69.49687194824219,63.905357360839844
2010-05-18,119.48999786376953,84.2298583984375,69.856689453125,64.37206268310547
2010-05-19,116.62999725341797,83.750244140625,69.41181182861328,64.42777252197266
2010-05-20,115.83999633789062,80.58788299560547,69.40532684326172,65.05469512939453
2010-05-21,115.22000122070312,81.76439666748047,69.45108032226562,65.0895767211914
2010-05-24,116.83999633789062,80.71528625488281,69.37911987304688,65.0895767211914
2010-05-25,117.36000061035156,80.79768371582031,69.15013885498047,65.31245422363281
2010-05-26,118.47000122070312,80.31065368652344,69.28097534179688,65.18013763427734
2010-05-27,118.69000244140625,83.00091552734375,69.02580261230469,64.56019592285156
2010-05-28,118.87999725341797,81.95925903320312,69.41181182861328,64.85274505615234
2010-06-01,119.91000366210938,80.58041381835938,69.28096771240234,64.93649291992188
2010-06-02,119.77999877929688,82.67865753173828,69.20869445800781,64.56634521484375
2010-06-03,117.95999908447266,82.96337890625,69.24151611328125,64.47553253173828
2010-06-04,119.19000244140625,80.04834747314453,69.68207550048828,65.36962890625
2010-06-07,121.48999786376953,79.05168914794922,69.74126434326172,65.6351089477539
2010-06-08,121.0,79.89849090576172,69.56375122070312,65.43248748779297
2010-06-09,120.55999755859375,79.47132873535156,69.63609313964844,65.43953704833984
2010-06-10,118.97000122070312,81.79438781738281,69.1231689453125,64.83177947998047
2010-06-11,120.01000213623047,82.19155883789062,69.52424621582031,65.24392700195312
2010-06-14,119.5999984741211,82.06416320800781,69.52424621582031,65.18801879882812
2010-06-15,120.98999786376953,83.93011474609375,69.43222045898438,64.98543548583984
2010-06-16,120.33000183105469,83.90010070800781,69.64923095703125,65.16707611083984
2010-06-17,121.9000015258789,84.03501892089844,69.98455810546875,65.47442626953125
2010-06-18,122.83000183105469,84.12615203857422,69.86619567871094,65.34172058105469
2010-06-21,120.38999938964844,83.88519287109375,69.90563201904297,65.29280090332031
2010-06-22,121.44999694824219,82.49979400634766,70.07001495361328,65.68400573730469
2010-06-23,120.94999694824219,82.24375915527344,70.08319854736328,65.92851257324219
2010-06-24,121.30000305175781,80.88094329833984,69.88597869873047,65.8725814819336
2010-06-25,122.76000213623047,81.21979522705078,70.12926483154297,65.97735595703125
2010-06-28,121.08999633789062,80.96379089355469,70.29363250732422,66.44538879394531
2010-06-29,121.2699966430664,78.46400451660156,70.3528060913086,66.7318344116211
2010-06-30,121.68000030517578,77.71859741210938,70.30020141601562,66.82960510253906
2010-07-01,117.04000091552734,77.37224578857422,69.898681640625,66.8001708984375
2010-07-02,118.48999786376953,76.9505844116211,69.76680755615234,66.68109130859375
2010-07-06,116.51000213623047,77.45509338378906,69.84590148925781,66.84219360351562
2010-07-07,117.7300033569336,79.8946304321289,69.55583953857422,66.63211059570312
2010-07-08,117.20999908447266,80.68521881103516,69.66133880615234,66.47100067138672
2010-07-09,118.36000061035156,81.28755187988281,69.71407318115234,66.29593658447266
2010-07-12,117.33999633789062,81.34025573730469,69.66792297363281,66.40802764892578
2010-07-13,118.36000061035156,82.56752014160156,69.58881378173828,66.07881164550781
2010-07-14,118.30000305175781,82.56001281738281,69.78658294677734,66.40802764892578
2010-07-15,118.2300033569336,82.58261108398438,69.87226104736328,66.75116729736328
2010-07-16,116.66999816894531,80.3087158203125,69.70746612548828,67.13632202148438
2010-07-19,115.7300033569336,80.78307342529297,69.43721008300781,66.96128845214844
2010-07-20,116.6500015258789,81.67908477783203,69.51631164550781,67.03129577636719
2010-07-21,115.8499984741211,80.61742401123047,69.87886810302734,67.45853424072266
2010-07-22,116.86000061035156,82.41695404052734,69.81297302246094,67.08733367919922
2010-07-23,116.08999633789062,83.13225555419922,69.63493347167969,66.87022399902344
2010-07-26,115.5199966430664,83.99813842773438,69.66133880615234,66.84916687011719
2010-07-27,113.51000213623047,83.9906005859375,69.56240844726562,66.61808776855469
2010-07-28,113.77999877929688,83.44849395751953,69.79319763183594,66.90525817871094
2010-07-29,114.29000091552734,83.0418930053711,69.87886810302734,67.04534149169922
2010-07-30,115.48999786376953,83.02684020996094,70.12945556640625,67.43750762939453
2010-08-02,115.54000091552734,84.90166473388672,70.25627136230469,67.22895812988281
2010-08-03,115.98999786376953,84.49508666992188,70.62611389160156,67.54497528076172
2010-08-04,116.72000122070312,85.05979919433594,70.3883285522461,67.26409912109375
2010-08-05,116.9800033569336,84.96939849853516,70.64592742919922,67.58709716796875
2010-08-06,117.83999633789062,84.62307739257812,70.71197509765625,68.02947235107422
2010-08-09,117.4000015258789,85.07483673095703,70.67893981933594,68.01547241210938
2010-08-10,117.7300033569336,84.61554718017578,71.11489868164062,68.35948181152344
2010-08-11,117.33999633789062,82.29650115966797,71.1082763671875,68.74573516845703
2010-08-12,118.7699966430664,81.79202270507812,70.63931274414062,68.57014465332031
2010-08-13,118.73999786376953,81.55108642578125,70.82425689697266,68.86506652832031
2010-08-16,119.7300033569336,81.51342010498047,71.05546569824219,69.36369323730469
2010-08-17,119.75,82.51486206054688,70.89690399169922,69.01253509521484
2010-08-18,120.22000122070312,82.6654281616211,70.85730743408203,68.94235229492188
2010-08-19,120.38999938964844,81.22730255126953,70.86392211914062,69.25133514404297
2010-08-20,119.97000122070312,80.96379089355469,70.77802276611328,69.02659606933594
2010-08-23,119.77999877929688,80.65506744384766,70.77802276611328,69.11788177490234
2010-08-24,120.36000061035156,79.45787811279297,71.01580810546875,69.66560363769531
2010-08-25,121.36000061035156,79.76659393310547,71.01580810546875,69.34961700439453
2010-08-26,120.95999908447266,79.23199462890625,71.3989028930664,69.66560363769531
2010-08-27,121.01000213623047,80.45929718017578,70.9761734008789,68.86506652832031
2010-08-30,120.91000366210938,79.29224395751953,71.29322814941406,69.3917465209961
2010-08-31,122.08000183105469,79.29224395751953,71.4913558959961,69.70072174072266
2010-09-01,121.69000244140625,81.66400909423828,71.18746185302734,69.19880676269531
2010-09-02,122.29000091552734,82.42448425292969,71.05533599853516,68.91018676757812
2010-09-03,121.86000061035156,83.49365234375,70.94302368164062,68.51591491699219
2010-09-07,122.69999694824219,82.552490234375,71.33942413330078,69.05801391601562
2010-09-08,122.70999908447266,83.13225555419922,71.12799072265625,68.86795043945312
2010-09-09,121.55999755859375,83.5162353515625,70.96942138671875,68.32588958740234
2010-09-10,121.7300033569336,83.93790435791016,71.04209899902344,68.12873840332031
2010-09-13,121.62000274658203,84.87152862548828,71.52442169189453,68.45259857177734
2010-09-14,124.0199966430664,84.81884002685547,71.45175170898438,68.79752349853516
2010-09-15,123.94000244140625,85.14258575439453,71.29977416992188,68.55821228027344
2010-09-16,124.62999725341797,85.1200180053711,71.1543960571289,68.31889343261719
2010-09-17,124.54000091552734,85.15179443359375,70.94959259033203,68.47371673583984
2010-09-20,124.87000274658203,86.45378875732422,71.22709655761719,68.6849365234375
2010-09-21,126.01000213623047,86.2796859741211,72.13885498046875,69.3255386352539
2010-09-22,126.19999694824219,85.85577392578125,72.23794555664062,69.43109893798828
2010-09-23,126.30000305175781,85.15937042236328,72.18508911132812,69.52967071533203
2010-09-24,126.69000244140625,86.91553497314453,71.82171630859375,69.1846694946289
2010-09-27,126.72000122070312,86.49923706054688,72.0331039428711,69.71969604492188
2010-09-28,127.8499984741211,86.80201721191406,72.53523254394531,69.9520263671875
2010-09-29,127.94999694824219,86.65058135986328,72.21147918701172,69.78308868408203
2010-09-30,127.91000366210938,86.39320373535156,72.05294036865234,69.69865417480469
2010-10-01,128.91000366210938,86.75657653808594,72.24807739257812,69.73605346679688
2010-10-04,128.4600067138672,86.1055908203125,72.36055755615234,69.98298645019531
2010-10-05,130.99000549316406,87.83909606933594,72.82356262207031,69.99705505371094
2010-10-06,131.80999755859375,87.83148193359375,73.46516418457031,70.44866180419922
2010-10-07,130.3699951171875,87.72549438476562,73.29981231689453,70.51921081542969
2010-10-08,131.66000366210938,88.21753692626953,73.78278350830078,70.54745483398438
2010-10-11,132.2899932861328,88.30079650878906,73.78278350830078,70.6180648803711
2010-10-12,131.9600067138672,88.5733413696289,73.55782318115234,70.41339111328125
2010-10-13,134.07000732421875,89.26216888427734,74.00103759765625,70.41339111328125
2010-10-14,134.75,88.91397857666016,74.23255157470703,70.0112075805664
2010-10-15,133.67999267578125,89.09558868408203,73.7562484741211,69.7077865600586
2010-10-18,134.27999877929688,89.53467559814453,73.921630859375,70.03943634033203
2010-10-19,130.11000061035156,88.361328125,73.96133422851562,70.27936553955078
2010-10-20,131.32000732421875,89.22430419921875,73.94149017333984,70.23700714111328
2010-10-21,129.47000122070312,89.4211196899414,73.94149017333984,69.84886932373047
2010-10-22,129.72999572753906,89.58769989013672,73.96133422851562,69.87007141113281
2010-10-25,130.85000610351562,89.85260772705078,74.18628692626953,69.84886932373047
2010-10-26,130.8800048828125,89.86775970458984,73.78278350830078,69.3832015991211
2010-10-27,129.52000427246094,89.61036682128906,73.32630157470703,68.98094177246094
2010-10-28,131.24000549316406,89.62551879882812,73.59093475341797,69.3832015991211
2010-10-29,132.6199951171875,89.69364929199219,73.83561706542969,69.69366455078125
2010-11-01,131.9199981689453,89.72389221191406,73.9516830444336,69.57695007324219
2010-11-02,132.49000549316406,90.43547821044922,74.1307144165039,69.81037139892578
2010-11-03,131.57000732421875,90.79883575439453,73.99808502197266,70.03668212890625
2010-11-04,136.02999877929688,92.54741668701172,74.17711639404297,70.60255432128906
2010-11-05,136.3800048828125,92.89564514160156,73.9251708984375,70.30547332763672
2010-11-08,137.77999877929688,92.72151947021484,74.02464294433594,70.32671356201172
2010-11-09,135.58999633789062,92.05538177490234,73.35498809814453,69.73260498046875
2010-11-10,137.24000549316406,92.42626953125,73.53398895263672,69.99429321289062
2010-11-11,137.66000366210938,92.0781021118164,73.54061889648438,69.91641998291016
2010-11-12,133.69000244140625,90.988037109375,72.93726348876953,69.33645629882812
2010-11-15,132.4199981689453,90.85935974121094,72.02233123779297,68.44526672363281
2010-11-16,130.97000122070312,89.44384765625,72.15492248535156,68.95454406738281
2010-11-17,130.3800048828125,89.48921966552734,72.16820526123047,68.7564926147461
2010-11-18,132.08999633789062,90.80640411376953,72.28754425048828,68.59380340576172
2010-11-19,132.1999969482422,91.05619049072266,72.49307250976562,68.73522186279297
2010-11-22,133.47999572753906,90.98049926757812,72.74503326416016,69.10309600830078
2010-11-23,134.41000366210938,89.66336059570312,72.77151489257812,69.2445297241211
2010-11-24,134.17999267578125,90.988037109375,72.3869857788086,68.50182342529297
2010-11-26,133.11000061035156,89.92826843261719,72.59915161132812,68.7989501953125
2010-11-29,133.50999450683594,90.20082092285156,72.67871856689453,68.94745635986328
2010-11-30,135.4199981689453,89.69364929199219,72.58587646484375,69.06771087646484
2010-12-01,135.3800048828125,91.6011962890625,72.11371612548828,68.1594467163086
2010-12-02,135.1999969482422,92.77450561523438,72.08717346191406,67.9892578125
2010-12-03,138.07000732421875,93.02430725097656,72.08052825927734,67.99632263183594
2010-12-06,139.11000061035156,92.92591094970703,72.3660888671875,68.42176055908203
2010-12-07,136.5,92.97886657714844,71.64884948730469,67.28730010986328
2010-12-08,134.7899932861328,93.31952667236328,70.9515609741211,66.71299743652344
2010-12-09,135.3699951171875,93.6828842163086,70.86524200439453,66.85482025146484
2010-12-10,135.41000366210938,94.22789764404297,70.5198974609375,66.28762817382812
2010-12-13,136.0500030517578,94.2884292602539,70.94491577148438,66.50030517578125
2010-12-14,136.17999267578125,94.37174987792969,70.26753997802734,65.79838562011719
2010-12-15,134.6999969482422,93.94027709960938,70.48670196533203,65.52887725830078
2010-12-16,133.80999755859375,94.48528289794922,70.79879760742188,65.91888427734375
2010-12-17,134.1999969482422,94.58648681640625,71.27694702148438,66.4861068725586
2010-12-20,135.11000061035156,94.81474304199219,71.27031707763672,66.47905731201172
2010-12-21,135.32000732421875,95.41590881347656,71.38985443115234,66.62080383300781
2010-12-22,135.0500030517578,95.71267700195312,71.33673858642578,66.43644714355469
2010-12-23,134.66000366210938,95.57569885253906,71.07107543945312,66.20250701904297
2010-12-27,135.02000427246094,95.6137924194336,71.22381591796875,66.457763671875
2010-12-28,137.22000122070312,95.75074005126953,70.6932373046875,65.75960540771484
2010-12-29,137.7100067138672,95.8192367553711,71.15259552001953,66.49895477294922
2010-12-30,137.02999877929688,95.66704559326172,71.08598327636719,66.36389923095703
2010-12-31,138.72000122070312,95.68986511230469,71.5786361694336,66.69805908203125
2011-01-03,138.0,96.67911529541016,71.27908325195312,66.49181365966797
2011-01-04,134.75,96.62583923339844,71.45880126953125,66.64826202392578
2011-01-05,134.3699951171875,97.1280517578125,71.1858901977539,65.93024444580078
2011-01-06,133.8300018310547,96.93782806396484,71.39228057861328,66.27144622802734
2011-01-07,133.5800018310547,96.74758911132812,71.61860656738281,66.71231079101562
2011-01-10,134.1199951171875,96.62583923339844,71.82498931884766,66.93974304199219
2011-01-11,134.91000366210938,96.96829223632812,71.85162353515625,66.67671203613281
2011-01-12,135.4600067138672,97.84336853027344,71.83162689208984,66.48477935791016
2011-01-13,134.0500030517578,97.68355560302734,72.05135345458984,66.9326171875
2011-01-14,132.69000244140625,98.39124298095703,71.7384262084961,66.74781036376953
2011-01-18,133.42999267578125,98.55867767333984,71.75176239013672,66.58431243896484
2011-01-19,133.72000122070312,97.59225463867188,71.77838134765625,66.75496673583984
2011-01-20,131.1999969482422,97.46290588378906,71.09937286376953,66.23594665527344
2011-01-21,131.02999877929688,97.68355560302734,71.23250579833984,66.45636749267578
2011-01-24,130.36000061035156,98.23904418945312,71.1858901977539,66.46340942382812
2011-01-25,130.10000610351562,98.29232025146484,71.46549224853516,66.79759216308594
2011-01-26,131.16000366210938,98.6728515625,71.34571075439453,66.39234924316406
2011-01-27,127.93000030517578,98.91629791259766,71.29906463623047,66.64112854003906
2011-01-28,130.27999877929688,97.18893432617188,71.57200622558594,66.94684600830078
2011-01-31,129.8699951171875,97.91947174072266,71.59201049804688,66.683837890625
2011-02-01,130.8000030517578,99.4870376586914,71.52796936035156,66.37379455566406
2011-02-02,130.4499969482422,99.29678344726562,71.33466339111328,66.21700286865234
2011-02-03,132.1999969482422,99.51747131347656,70.96125793457031,65.83927917480469
2011-02-04,131.66000366210938,99.79899597167969,70.56121826171875,65.43302917480469
2011-02-07,131.67999267578125,100.42300415039062,70.54786682128906,65.40450286865234
2011-02-08,133.13999938964844,100.87955474853516,70.18114471435547,64.9554672241211
2011-02-09,133.07000732421875,100.65129852294922,70.38121032714844,65.32613372802734
2011-02-10,132.85000610351562,100.6893539428711,69.94782257080078,65.11235046386719
2011-02-11,132.32000732421875,101.29046630859375,70.30786895751953,65.41168975830078
2011-02-14,132.9499969482422,101.53398895263672,70.36119079589844,65.43302917480469
2011-02-15,133.97000122070312,101.21437072753906,70.44782257080078,65.58274841308594
2011-02-16,134.10000610351562,101.85358428955078,70.34783172607422,65.49006652832031
2011-02-17,135.0399932861328,102.15797424316406,70.61455535888672,65.73236846923828
2011-02-18,135.41000366210938,102.37103271484375,70.9812240600586,65.71814727783203
2011-02-22,136.2899932861328,100.31645202636719,71.54134368896484,66.35237121582031
2011-02-23,137.50999450683594,99.70008850097656,71.80134582519531,66.18850708007812
2011-02-24,136.47999572753906,99.6315689086914,72.06136322021484,66.35952758789062
2011-02-25,137.3800048828125,100.69693756103516,72.3013687133789,66.57335662841797
2011-02-28,137.66000366210938,101.32093811035156,72.1080551147461,66.54486083984375
2011-03-01,140.02999877929688,99.6315689086914,72.52511596679688,66.62056732177734
2011-03-02,139.9199981689453,99.84467315673828,72.3112564086914,66.27050018310547
2011-03-03,138.08999633789062,101.56442260742188,72.11738586425781,65.82051849365234
2011-03-04,139.35000610351562,100.80348205566406,72.59866333007812,66.2919921875
2011-03-07,139.72000122070312,100.01205444335938,72.53849029541016,66.12765502929688
2011-03-08,139.36000061035156,100.88714599609375,72.58528137207031,65.97054290771484
2011-03-09,139.41000366210938,100.74259185791016,72.68555450439453,66.35624694824219
2011-03-10,137.77000427246094,98.87825012207031,73.09999084472656,66.92057800292969
2011-03-11,138.22000122070312,99.56311798095703,72.97968292236328,66.76348114013672
2011-03-14,138.86000061035156,98.96196746826172,73.08662414550781,66.91343688964844
2011-03-15,136.27000427246094,97.82813262939453,73.06655883789062,67.1563491821289
2011-03-16,136.24000549316406,96.01705932617188,73.58793640136719,67.72779846191406
2011-03-17,136.97000122070312,97.28788757324219,73.73502349853516,67.52067565917969
2011-03-18,138.3699951171875,97.64171600341797,73.6815185546875,67.47776794433594
2011-03-21,139.13999938964844,99.15497589111328,73.36738586425781,67.12774658203125
2011-03-22,139.0500030517578,98.81102752685547,73.18692779541016,67.16349029541016
2011-03-23,140.33999633789062,99.09381866455078,73.06655883789062,67.07775115966797
2011-03-24,139.22000122070312,100.04151153564453,73.1334457397461,66.73480224609375
2011-03-25,139.25999450683594,100.3471908569336,72.79247283935547,66.5562515258789
2011-03-28,138.5399932861328,100.10264587402344,72.83262634277344,66.57769012451172
2011-03-29,138.2100067138672,100.77519989013672,72.68555450439453,66.38484191894531
2011-03-30,138.6699981689453,101.47065734863281,72.9395980834961,66.61345672607422
2011-03-31,139.86000061035156,101.33309936523438,72.96630859375,66.44196319580078
2011-04-01,139.1999969482422,101.76107788085938,73.15579986572266,66.58380126953125
2011-04-04,139.83999633789062,101.84515380859375,73.485107421875,66.7342529296875
2011-04-05,142.0500030517578,101.82984161376953,73.3507308959961,66.39757537841797
2011-04-06,142.3800048828125,102.15084838867188,72.95423126220703,66.1110610961914
2011-04-07,142.50999450683594,101.8910140991211,73.08191680908203,66.11820983886719
2011-04-08,143.66000366210938,101.5394515991211,73.23646545410156,65.92485046386719
2011-04-11,142.63999938964844,101.23375701904297,73.18268585205078,66.01073455810547
2011-04-12,141.61000061035156,100.47708129882812,73.55235290527344,66.38323211669922
2011-04-13,141.89999389648438,100.4694595336914,73.71360778808594,66.64106750488281
2011-04-14,143.80999755859375,100.54590606689453,73.61949920654297,66.41910552978516
2011-04-15,145.0500030517578,100.9126968383789,74.15709686279297,66.90613555908203
2011-04-18,145.92999267578125,99.78167724609375,74.17728424072266,67.07086181640625
2011-04-19,145.92999267578125,100.35482025146484,74.43936157226562,67.15681457519531
2011-04-20,146.5,101.72290802001953,74.18401336669922,66.89181518554688
2011-04-21,146.74000549316406,102.24256134033203,74.04961395263672,66.94196319580078
2011-04-25,146.8699951171875,102.13556671142578,74.25123596191406,67.17829132080078
2011-04-26,146.3800048828125,103.01445007324219,74.5065689086914,67.4648666381836
2011-04-27,149.1999969482422,103.68701171875,74.32514953613281,67.27139282226562
2011-04-28,149.82000732421875,104.02326965332031,74.54692077636719,67.5292739868164
2011-04-29,152.3699951171875,104.26781463623047,74.70146942138672,67.6653823852539
2011-05-02,150.41000366210938,104.10735321044922,74.82577514648438,67.64453125
2011-05-03,149.8800048828125,103.73287200927734,74.94739532470703,67.82404327392578
2011-05-04,147.72999572753906,103.04501342773438,75.01499938964844,67.99635314941406
2011-05-05,143.47000122070312,102.11260223388672,74.9271240234375,68.33389282226562
2011-05-06,145.3000030517578,102.56356048583984,74.95414733886719,68.36982727050781
2011-05-09,147.3800048828125,102.96098327636719,75.10951232910156,68.47035217285156
2011-05-10,147.89999389648438,103.83988189697266,74.90685272216797,68.14004516601562
2011-05-11,146.5399932861328,102.74696350097656,74.67037200927734,68.3841781616211
2011-05-12,146.58999633789062,103.23609161376953,74.58258819580078,68.2333984375
2011-05-13,145.6300048828125,102.44123077392578,74.56901550292969,68.49909210205078
2011-05-16,145.3699951171875,101.7916259765625,74.58932495117188,68.66424560546875
2011-05-17,144.74000549316406,101.77635955810547,74.65011596679688,68.86526489257812
2011-05-18,145.60000610351562,102.68585968017578,74.60954284667969,68.47035217285156
2011-05-19,145.64999389648438,102.93038177490234,74.41366577148438,68.54216003417969
2011-05-20,147.49000549316406,102.11260223388672,74.38661193847656,68.70734405517578
2011-05-23,147.8300018310547,100.9280014038086,74.39337158203125,68.80064392089844
2011-05-24,148.58999633789062,100.84396362304688,74.77174377441406,68.87248229980469
2011-05-25,148.5800018310547,101.18022155761719,74.7920150756836,68.87965393066406
2011-05-26,148.22000122070312,101.64646911621094,74.97439575195312,69.26026916503906
2011-05-27,149.6999969482422,102.03620910644531,75.09602355957031,69.25303649902344
2011-05-31,149.63999938964844,103.0985107421875,74.90007019042969,69.36074829101562
2011-06-01,149.91000366210938,100.78282928466797,75.43829345703125,69.9323959350586
2011-06-02,149.5,100.67581939697266,75.16545867919922,69.51484680175781
2011-06-03,150.22000122070312,99.67462921142578,75.28134155273438,69.78836059570312
2011-06-06,150.47999572753906,98.6199722290039,75.31543731689453,69.7452163696289
2011-06-07,150.4199981689453,98.55882263183594,75.4245834350586,69.8747787475586
2011-06-08,149.80999755859375,98.14612579345703,75.4178237915039,70.02594757080078
2011-06-09,150.55999755859375,98.89506530761719,75.32909393310547,69.7452163696289
2011-06-10,149.24000549316406,97.5194091796875,75.30184936523438,69.96842956542969
2011-06-13,147.77000427246094,97.59587097167969,75.2950439453125,69.81721496582031
2011-06-14,148.6699981689453,98.83396911621094,75.09038543701172,69.26290893554688
2011-06-15,149.1199951171875,97.07614135742188,75.47917938232422,70.0115966796875
2011-06-16,148.97000122070312,97.2901382446289,75.4245834350586,70.20594024658203
2011-06-17,149.94000244140625,97.58048248291016,75.38369750976562,70.15557861328125
2011-06-20,150.02999877929688,98.07971954345703,75.1790771484375,70.0475845336914
2011-06-21,150.75999450683594,99.42376708984375,75.36323547363281,69.95404052734375
2011-06-22,150.99000549316406,98.82469177246094,75.19271850585938,69.92518615722656
2011-06-23,148.33999633789062,98.54054260253906,75.73833465576172,70.29230499267578
2011-06-24,146.25999450683594,97.39616394042969,76.03166198730469,70.58753204345703
2011-06-27,145.72999572753906,98.26405334472656,75.90888214111328,70.3139419555664
2011-06-28,146.24000549316406,99.54667663574219,75.60880279541016,69.6660385131836
2011-06-29,147.17999267578125,100.39920806884766,75.63605499267578,69.24849700927734
2011-06-30,146.0,101.3592758178711,75.46552276611328,69.0108413696289
2011-07-01,144.92999267578125,102.85697937011719,75.55138397216797,68.83844757080078
2011-07-05,147.6300048828125,102.7724838256836,75.63377380371094,69.2713623046875
2011-07-06,148.91000366210938,102.89539337158203,75.85359191894531,69.3940658569336
2011-07-07,149.14999389648438,103.96297454833984,75.82608795166016,69.1270751953125
2011-07-08,150.25,103.22566223144531,76.16944885253906,69.86320495605469
2011-07-11,151.58999633789062,101.3592758178711,76.5952377319336,70.3971939086914
2011-07-12,152.77000427246094,100.92144012451172,76.9043197631836,70.49823760986328
2011-07-13,154.13999938964844,101.25943756103516,77.04852294921875,70.61371612548828
2011-07-14,154.5399932861328,100.56047821044922,76.58841705322266,70.20954895019531
2011-07-15,155.1999969482422,101.14420318603516,76.82878875732422,70.49823760986328
2011-07-18,156.57000732421875,100.31475067138672,76.8974609375,70.45490264892578
2011-07-19,154.66000366210938,101.94296264648438,77.28205108642578,70.72193145751953
2011-07-20,156.02000427246094,101.88154602050781,76.842529296875,70.37554168701172
2011-07-21,154.8300018310547,103.29475402832031,76.6845703125,69.9858627319336
2011-07-22,156.1199951171875,103.36386108398438,76.93866729736328,70.25286865234375
2011-07-25,157.33999633789062,102.78784942626953,77.0210952758789,70.02914428710938
2011-07-26,157.77000427246094,102.40383911132812,77.04852294921875,70.32503509521484
2011-07-27,157.19000244140625,100.30706024169922,77.19279479980469,70.20954895019531
2011-07-28,157.32000732421875,100.01521301269531,77.50868225097656,70.34663391113281
2011-07-29,158.2899932861328,99.3316650390625,78.40837097167969,71.19824981689453
2011-08-01,157.72000122070312,98.9092025756836,78.6230239868164,71.45719146728516
2011-08-02,161.52000427246094,96.38233184814453,79.1407241821289,72.11549377441406
2011-08-03,161.49000549316406,96.90460968017578,78.65061950683594,72.17341613769531
2011-08-04,160.63999938964844,92.36542510986328,79.34091186523438,73.12825775146484
2011-08-05,161.75,92.2271728515625,78.43663024902344,72.2818832397461
2011-08-08,167.1199951171875,86.22107696533203,79.38237762451172,73.43205261230469
2011-08-09,168.61000061035156,90.23027801513672,80.04503631591797,73.85890197753906
2011-08-10,174.5800018310547,86.24413299560547,81.52220153808594,74.8354721069336
2011-08-11,170.75,90.11505126953125,79.82408905029297,73.73593139648438
2011-08-12,169.97000122070312,90.7218246459961,80.27971649169922,74.24950408935547
2011-08-15,171.8000030517578,92.64193725585938,79.8724365234375,73.97459411621094
2011-08-16,173.9199981689453,91.85083770751953,80.05191802978516,74.3145980834961
2011-08-17,174.4199981689453,91.91231536865234,80.46609497070312,74.8354721069336
2011-08-18,177.72000122070312,87.9491958618164,79.85175323486328,75.22612762451172
2011-08-19,179.9499969482422,86.51290130615234,80.12090301513672,75.30560302734375
2011-08-22,184.58999633789062,86.5820083618164,80.10025024414062,75.1682357788086
2011-08-23,177.6699981689453,89.43148803710938,79.60326385498047,74.86446380615234
2011-08-24,171.64999389648438,90.69110870361328,78.42974090576172,74.06145477294922
2011-08-25,172.36000061035156,89.3085708618164,79.0440673828125,74.5172119140625
2011-08-26,177.47000122070312,90.60663604736328,79.27875518798828,74.75592803955078
2011-08-29,173.88999938964844,93.21028900146484,78.80939483642578,74.26398468017578
2011-08-30,179.10000610351562,93.45608520507812,79.27186584472656,74.77763366699219
2011-08-31,177.72000122070312,93.8708267211914,78.9129409790039,74.50992584228516
2011-09-01,177.8699951171875,92.88773345947266,79.63095092773438,75.10372161865234
2011-09-02,183.24000549316406,90.51444244384766,80.50074768066406,75.79249572753906
2011-09-06,182.89999389648438,89.85392761230469,80.02435302734375,75.89401245117188
2011-09-07,177.0800018310547,92.38848114013672,79.81038665771484,75.48794555664062
2011-09-08,181.80999755859375,91.42840576171875,80.28677368164062,75.85774230957031
2011-09-09,180.6999969482422,89.03211975097656,80.38335418701172,76.22749328613281
2011-09-12,176.6699981689453,89.60814666748047,80.10725402832031,75.99549102783203
2011-09-13,178.5399932861328,90.42994689941406,79.76205444335938,75.77079772949219
2011-09-14,177.2100067138672,91.68184661865234,79.6654052734375,75.81424713134766
2011-09-15,174.39999389648438,93.26407623291016,79.50663757324219,75.24874877929688
2011-09-16,176.02999877929688,93.81604766845703,79.53425598144531,75.39378356933594
2011-09-19,173.30999755859375,92.88191986083984,79.73445129394531,76.01000213623047
2011-09-20,175.77999877929688,92.77381134033203,80.07965087890625,76.11148071289062
2011-09-21,173.58999633789062,90.0408706665039,80.21770477294922,76.43775177001953
2011-09-22,169.0500030517578,87.13031005859375,80.03128051757812,77.14826202392578
2011-09-23,159.8000030517578,87.65530395507812,79.56877899169922,76.51026916503906
2011-09-26,157.5800018310547,89.73975372314453,79.1890640258789,76.19127655029297
2011-09-27,160.6300048828125,90.7433853149414,79.33401489257812,75.68373107910156
2011-09-28,156.22000122070312,88.89051818847656,79.29955291748047,75.69823455810547
2011-09-29,157.6999969482422,89.59308624267578,79.051025390625,75.69823455810547
2011-09-30,158.05999755859375,87.35421752929688,78.90602111816406,76.17672729492188
2011-10-03,160.9600067138672,84.86829376220703,79.6824722290039,76.8821029663086
2011-10-04,157.63999938964844,86.72891998291016,79.73778533935547,76.48989868164062
2011-10-05,159.4600067138672,88.33468627929688,79.6824722290039,76.17019653320312
2011-10-06,160.49000549316406,89.9327621459961,79.67554473876953,75.63987731933594
2011-10-07,159.17999267578125,89.33058166503906,79.40589904785156,75.24761962890625
2011-10-10,163.27000427246094,92.31832122802734,78.85973358154297,74.45578002929688
2011-10-11,162.10000610351562,92.41097259521484,79.04641723632812,74.7027359008789
2011-10-12,163.25999450683594,93.22158813476562,78.71452331542969,74.448486328125
2011-10-13,162.3000030517578,93.03632354736328,78.76287078857422,74.7463607788086
2011-10-14,163.39999389648438,94.62666320800781,78.64539337158203,74.37580871582031
2011-10-17,162.6199951171875,92.82014465332031,78.94268035888672,74.86254119873047
2011-10-18,161.83999633789062,94.63439178466797,79.32291412353516,74.7826156616211
2011-10-19,159.8699951171875,93.51493835449219,79.19847869873047,74.89888000488281
2011-10-20,157.77000427246094,93.92412567138672,79.21231842041016,74.7463607788086
2011-10-21,159.52000427246094,95.70751953125,79.12934112548828,74.6082763671875
2011-10-24,161.02000427246094,96.88097381591797,79.3644790649414,74.57196044921875
2011-10-25,165.58999633789062,94.99722290039062,80.07653045654297,75.21126556396484
2011-10-26,167.39999389648438,95.96227264404297,80.00740051269531,74.65913391113281
2011-10-27,169.5500030517578,99.30512237548828,79.55111694335938,73.75828552246094
2011-10-28,169.6199951171875,99.28194427490234,79.82765197753906,74.20146179199219
2011-10-31,167.33999633789062,96.88870239257812,80.53977966308594,75.19672393798828
2011-11-01,167.3800048828125,94.1866226196289,81.52456665039062,76.09859466552734
2011-11-02,169.05999755859375,95.72293853759766,81.55236053466797,75.9166488647461
2011-11-03,171.72000122070312,97.46772003173828,80.98363494873047,75.5599594116211
2011-11-04,170.85000610351562,96.87324523925781,81.42060089111328,75.7856216430664
2011-11-07,174.97999572753906,97.47542572021484,81.8297348022461,75.87296295166016
2011-11-08,173.52999877929688,98.72608184814453,81.28880310058594,75.53089904785156
2011-11-09,172.07000732421875,95.0821533203125,81.27494812011719,76.20056915283203
2011-11-10,171.13999938964844,95.97770690917969,81.4344253540039,75.82926940917969
2011-11-11,173.9600067138672,97.78424072265625,81.18475341796875,75.47989654541016
2011-11-14,173.1999969482422,96.85780334472656,81.29573059082031,75.95307159423828
2011-11-15,173.36000061035156,97.33646392822266,80.98363494873047,75.8511734008789
2011-11-16,171.50999450683594,95.79241943359375,80.75474548339844,76.12776947021484
2011-11-17,167.10000610351562,94.27156829833984,80.74784088134766,76.28067779541016
2011-11-18,167.6199951171875,94.17119598388672,80.76860046386719,75.99675750732422
2011-11-21,163.5,92.3801040649414,80.6230239868164,76.20783996582031
2011-11-22,165.30999755859375,92.01722717285156,80.8726806640625,76.44080352783203
2011-11-23,164.8300018310547,89.98683166503906,81.21251678466797,76.70286560058594
2011-11-25,163.39999389648438,89.81697845458984,80.95592498779297,76.21513366699219
2011-11-28,166.6300048828125,92.41871643066406,81.21944427490234,76.222412109375
2011-11-29,166.8800048828125,92.68116760253906,81.19864654541016,76.07678985595703
2011-11-30,170.1300048828125,96.49494171142578,80.96284484863281,75.63276672363281
2011-12-01,169.6300048828125,96.47953033447266,80.9356918334961,75.61092376708984
2011-12-02,169.82000732421875,96.39459991455078,81.30408477783203,75.94637298583984
2011-12-05,167.32000732421875,97.44454193115234,81.2901382446289,75.90262603759766
2011-12-06,168.17999267578125,97.47542572021484,81.08861541748047,75.70567321777344
2011-12-07,169.39999389648438,97.8382797241211,80.94966125488281,76.04850769042969
2011-12-08,165.97999572753906,95.69205474853516,80.9843978881836,76.43501281738281
2011-12-09,166.39999389648438,97.31331634521484,80.55349731445312,75.90996551513672
2011-12-12,161.99000549316406,95.89277648925781,80.92877197265625,76.17249298095703
2011-12-13,158.4499969482422,94.99722290039062,81.15113830566406,76.52255249023438
2011-12-14,152.88999938964844,93.98590850830078,81.31101989746094,76.84344482421875
2011-12-15,152.3300018310547,94.32557678222656,81.10946655273438,76.7778091430664
2011-12-16,155.22999572753906,94.4654312133789,81.2901382446289,77.14981079101562
2011-12-19,154.8699951171875,93.45541381835938,81.61679077148438,77.41239929199219
2011-12-20,156.97999572753906,96.28339385986328,81.66545104980469,76.71221923828125
2011-12-21,157.16000366210938,96.46986389160156,81.34575653076172,76.46421813964844
2011-12-22,156.0399932861328,97.32449340820312,81.30408477783203,76.55900573730469
2011-12-23,156.30999755859375,98.19463348388672,81.2068099975586,76.24540710449219
2011-12-27,154.91000366210938,98.27233123779297,80.9843978881836,76.28850555419922
2011-12-28,151.02999877929688,96.9826431274414,81.19288635253906,76.7707748413086
2011-12-29,150.33999633789062,97.9848403930664,81.12340545654297,76.86576843261719
2011-12-30,151.99000549316406,97.50318145751953,81.09558868408203,77.13611602783203
2012-01-03,155.9199981689453,99.05699920654297,81.06779479980469,76.6465835571289
2012-01-04,156.7100067138672,99.21238708496094,81.14421844482422,76.40543365478516
2012-01-05,157.77999877929688,99.47655487060547,81.29713439941406,76.42005920410156
2012-01-06,157.1999969482422,99.22016143798828,81.56815338134766,76.7196273803711
2012-01-09,156.5,99.46100616455078,81.65155792236328,76.73418426513672
2012-01-10,158.63999938964844,100.32339477539062,81.40135192871094,76.580810546875
2012-01-11,159.6699981689453,100.37776184082031,81.60982513427734,77.0265121459961
2012-01-12,160.3800048828125,100.61860656738281,81.48473358154297,76.86576843261719
2012-01-13,159.25999450683594,100.09808349609375,81.7140884399414,77.20915222167969
2012-01-17,160.5,100.48652648925781,81.79749298095703,77.28224182128906
2012-01-18,161.60000610351562,101.59751892089844,81.73491668701172,77.04105377197266
2012-01-19,161.22000122070312,102.13359832763672,81.43608856201172,76.580810546875
2012-01-20,162.07000732421875,102.51429748535156,81.26931762695312,76.31774139404297
2012-01-23,163.16000366210938,102.25013732910156,81.10252380371094,76.1496810913086
2012-01-24,162.00999450683594,102.13359832763672,81.10946655273438,76.23738861083984
2012-01-25,166.4199981689453,102.98820495605469,81.73491668701172,76.60269927978516
2012-01-26,167.27000427246094,102.45991516113281,82.1102294921875,77.01191711425781
2012-01-27,168.97000122070312,102.4133071899414,82.28397369384766,77.24568176269531
2012-01-30,168.02999877929688,102.06366729736328,82.55498504638672,77.5087890625
2012-01-31,169.30999755859375,102.02481079101562,82.95111846923828,77.80099487304688
2012-02-01,169.55999755859375,102.91828918457031,82.90247344970703,77.53087615966797
2012-02-02,171.0500030517578,103.0814208984375,82.90247344970703,77.64070129394531
2012-02-03,167.63999938964844,104.52648162841797,82.20751953125,77.02584075927734
2012-02-06,167.17999267578125,104.45659637451172,82.57584381103516,77.23812103271484
2012-02-07,169.6999969482422,104.72071838378906,82.27008056640625,76.7403564453125
2012-02-08,168.5,105.031494140625,82.24918365478516,76.77701568603516
2012-02-09,168.02000427246094,105.16358184814453,81.93649291992188,76.60133361816406
2012-02-10,167.13999938964844,104.38666534423828,82.31868743896484,77.03311920166016
2012-02-13,167.50999450683594,105.16358184814453,82.4854736328125,76.98191833496094
2012-02-14,167.1199951171875,105.031494140625,82.4854736328125,77.1429214477539
2012-02-15,168.11000061035156,104.54202270507812,82.63844299316406,77.20149230957031
2012-02-16,168.0,105.69966125488281,82.4299087524414,76.85017395019531
2012-02-17,167.35000610351562,105.97933197021484,82.23533630371094,76.76964569091797
2012-02-21,171.02000427246094,106.02592468261719,82.18669128417969,76.49153137207031
2012-02-22,172.94000244140625,105.6841049194336,82.65229797363281,76.79159545898438
2012-02-23,173.02000427246094,106.15026092529297,82.68008422851562,76.9013900756836
2012-02-24,172.22999572753906,106.38334655761719,82.70096588134766,76.95996856689453
2012-02-27,171.6999969482422,106.56202697753906,82.83303833007812,77.2161865234375
2012-02-28,173.49000549316406,106.87278747558594,82.84688568115234,77.25269317626953
2012-02-29,164.2899932861328,106.4532470703125,82.47157287597656,76.94530487060547
2012-03-01,166.61000061035156,107.00489044189453,82.27008056640625,76.69609832763672
2012-03-02,166.33999633789062,106.67854309082031,82.2769775390625,77.00398254394531
2012-03-05,165.64999389648438,106.24348449707031,81.90174865722656,76.84999084472656
2012-03-06,162.6999969482422,104.6896743774414,82.1380386352539,77.1725845336914
2012-03-07,163.6300048828125,105.41998291015625,82.31868743896484,77.02595520019531
2012-03-08,165.27999877929688,106.46879577636719,82.28397369384766,76.79866027832031
2012-03-09,166.3800048828125,106.88056945800781,82.4299087524414,76.74000549316406
2012-03-12,165.07000732421875,106.8883285522461,82.5341567993164,76.7180404663086
2012-03-13,162.3000030517578,108.81510925292969,82.33263397216797,76.16814422607422
2012-03-14,159.57000732421875,108.69855499267578,81.56815338134766,75.29568481445312
2012-03-15,161.0800018310547,109.32787322998047,81.67935180664062,75.27372741699219
2012-03-16,161.3000030517578,109.4792709350586,81.7280044555664,75.2517318725586
2012-03-19,161.58999633789062,109.90843200683594,81.51254272460938,74.78981018066406
2012-03-20,160.1300048828125,109.58850860595703,81.43608856201172,74.82647705078125
2012-03-21,160.2100067138672,109.4090347290039,81.58903503417969,75.20769500732422
2012-03-22,159.57000732421875,108.6208724975586,81.67935180664062,75.30300903320312
2012-03-23,161.52999877929688,108.9720458984375,81.94345092773438,75.5816421508789
2012-03-26,164.39999389648438,110.5014877319336,81.7071533203125,75.4936294555664
2012-03-27,163.24000549316406,110.15808868408203,81.99903869628906,75.91158294677734
2012-03-28,161.50999450683594,109.61193084716797,81.894775390625,75.77957916259766
2012-03-29,161.27999877929688,109.42464447021484,82.03377532958984,76.09483337402344
2012-03-30,162.1199951171875,109.87723541259766,81.76274108886719,75.72098541259766
2012-04-02,162.94000244140625,110.68095397949219,82.17669677734375,75.90233612060547
2012-04-03,159.88999938964844,110.22837829589844,81.57039642333984,75.34416198730469
2012-04-04,157.2100067138672,109.13589477539062,81.58438110351562,75.72610473632812
2012-04-05,158.30999755859375,109.08126831054688,81.80037689208984,76.06388854980469
2012-04-09,159.3699951171875,107.85621643066406,82.17669677734375,76.84242248535156
2012-04-10,161.10000610351562,106.04584503173828,82.65059661865234,77.20223999023438
2012-04-11,161.07000732421875,106.90416717529297,82.782958984375,76.90120697021484
2012-04-12,162.6999969482422,108.30097961425781,82.62966918945312,76.74696350097656
2012-04-13,160.85000610351562,107.01342010498047,82.97810363769531,77.2095718383789
2012-04-16,160.4600067138672,106.94318389892578,82.92937469482422,77.18756866455078
2012-04-17,160.25,108.52725219726562,83.11054992675781,77.10677337646484
2012-04-18,159.30999755859375,108.1604995727539,83.01293182373047,77.26103210449219
2012-04-19,159.42999267578125,107.466064453125,82.79691314697266,77.34912872314453
2012-04-20,159.5399932861328,107.64552307128906,83.0059814453125,77.3564453125
2012-04-23,159.07000732421875,106.74031829833984,83.09656524658203,77.51072692871094
2012-04-24,159.3000030517578,107.14607238769531,83.11751556396484,77.31240844726562
2012-04-25,159.6199951171875,108.61312103271484,83.0826416015625,77.21694946289062
2012-04-26,161.02999877929688,109.3699951171875,83.3962631225586,77.47398376464844
2012-04-27,161.3800048828125,109.54949951171875,83.31260681152344,77.55479431152344
2012-04-30,161.8800048828125,109.14371490478516,83.22196960449219,77.62090301513672
2012-05-01,161.32000732421875,109.8226318359375,83.2541732788086,77.47962188720703
2012-05-02,160.58999633789062,109.49488830566406,83.34508514404297,77.62679290771484
2012-05-03,158.97000122070312,108.65991973876953,83.2402114868164,77.61943054199219
2012-05-04,159.47000122070312,106.90416717529297,83.41504669189453,77.92833709716797
2012-05-07,159.0800018310547,106.98220825195312,83.4080810546875,77.90628814697266
2012-05-08,156.0,106.55303955078125,83.5619125366211,78.08280944824219
2012-05-09,154.47000122070312,105.92098236083984,83.46400451660156,78.14904022216797
2012-05-10,154.77000427246094,106.13946533203125,83.45001983642578,78.0387191772461
2012-05-11,153.55999755859375,105.81954956054688,83.49195861816406,78.29615020751953
2012-05-14,151.3300018310547,104.64903259277344,83.88362121582031,78.64187622070312
2012-05-15,149.74000549316406,104.04821014404297,83.98150634765625,78.66399383544922
2012-05-16,149.4600067138672,103.65021514892578,83.8136978149414,78.72276306152344
2012-05-17,152.8000030517578,102.11302185058594,84.08641815185547,79.01697540283203
2012-05-18,154.5500030517578,101.23906707763672,84.28226470947266,78.96553039550781
2012-05-21,154.64999389648438,102.97916412353516,84.39417266845703,78.75958251953125
2012-05-22,152.0800018310547,103.15860748291016,84.2193603515625,78.59040832519531
2012-05-23,151.6199951171875,103.2132568359375,84.22632598876953,78.79637908935547
2012-05-24,151.41000366210938,103.41614532470703,84.10743713378906,78.62715148925781
2012-05-25,152.67999267578125,103.08061218261719,84.19137573242188,78.85517120361328
2012-05-29,151.02000427246094,104.32911682128906,83.94661712646484,78.78901672363281
2012-05-30,151.91000366210938,102.81526947021484,84.43612670898438,79.53923034667969
2012-05-31,151.6199951171875,102.5889892578125,84.84178161621094,79.84822082519531
2012-06-01,157.5,100.00611877441406,85.19662475585938,80.53413391113281
2012-06-04,157.32000732421875,99.95928955078125,85.0346908569336,80.07003784179688
2012-06-05,157.13999938964844,100.71622467041016,84.96424102783203,79.80480194091797
2012-06-06,157.2100067138672,102.97916412353516,84.56297302246094,79.28167724609375
2012-06-07,154.5,103.04161071777344,84.5489273071289,79.47325134277344
2012-06-08,154.72999572753906,103.86090850830078,84.61222076416016,79.53218078613281
2012-06-11,155.36000061035156,102.54217529296875,84.60523986816406,79.74588775634766
2012-06-12,156.4600067138672,103.72044372558594,84.42220306396484,79.31856536865234
2012-06-13,157.1199951171875,103.05718994140625,84.61222076416016,79.7384262084961
2012-06-14,157.75,104.14968872070312,84.4996109008789,79.52482604980469
2012-06-15,157.83999633789062,105.2148208618164,85.0346908569336,79.8931884765625
2012-06-18,157.92999267578125,105.41874694824219,84.9924545288086,79.87107849121094
2012-06-19,157.16000366210938,106.4384536743164,84.90090942382812,79.5984878540039
2012-06-20,155.97000122070312,106.26586151123047,84.78827667236328,79.43643188476562
2012-06-21,152.02000427246094,103.88137817382812,84.42923736572266,79.6058578491211
2012-06-22,152.63999938964844,104.68144989013672,84.02085876464844,79.25958251953125
2012-06-25,153.75999450683594,103.00291442871094,84.40808868408203,79.69427490234375
2012-06-26,152.6199951171875,103.52057647705078,84.35177612304688,79.51747131347656
2012-06-27,152.8300018310547,104.45398712158203,84.43620300292969,79.62797546386719
2012-06-28,151.0500030517578,104.15592193603516,84.47147369384766,79.88584899902344
2012-06-29,155.19000244140625,106.7521743774414,84.2742919921875,79.51747131347656
2012-07-02,155.08999633789062,107.0737533569336,84.4536361694336,79.88638305664062
2012-07-03,157.4600067138672,107.7796859741211,84.60197448730469,79.68712615966797
2012-07-05,155.67999267578125,107.29337310791016,84.78557586669922,79.90113830566406
2012-07-06,153.7100067138672,106.27372741699219,84.91265869140625,80.1815414428711
2012-07-09,154.0399932861328,106.140380859375,85.07508087158203,80.40287780761719
2012-07-10,152.14999389648438,105.2148208618164,85.29401397705078,80.43974304199219
2012-07-11,152.99000549316406,105.23050689697266,85.20923614501953,80.365966796875
2012-07-12,152.58999633789062,104.72066497802734,85.37870788574219,80.5503921508789
2012-07-13,154.13999938964844,106.4776611328125,85.42106628417969,80.48399353027344
2012-07-16,154.2100067138672,106.22663879394531,85.51993560791016,80.6611099243164
2012-07-17,153.47000122070312,106.9560775756836,85.40695190429688,80.45449829101562
2012-07-18,153.0500030517578,107.7483139038086,85.42813873291016,80.53568267822266
2012-07-19,153.3800048828125,108.03071594238281,85.50581359863281,80.41763305664062
2012-07-20,153.6699981689453,107.04236602783203,85.77415466308594,80.7348861694336
2012-07-23,153.02999877929688,105.9599838256836,85.70350646972656,80.86772155761719
2012-07-24,153.52000427246094,105.05007934570312,85.7529296875,81.02263641357422
2012-07-25,155.6699981689453,105.0736312866211,85.66114807128906,81.06694030761719
2012-07-26,156.77000427246094,106.80706024169922,85.54113006591797,80.81604766845703
2012-07-27,157.5399932861328,108.77581024169922,85.29401397705078,80.23318481445312
2012-07-30,157.42999267578125,108.77581024169922,85.53406524658203,80.49139404296875
2012-07-31,156.49000549316406,108.01498413085938,85.7529296875,80.63156127929688
2012-08-01,155.13999938964844,107.92084503173828,85.78828430175781,80.33753967285156
2012-08-02,154.1300048828125,107.17572021484375,85.77415466308594,80.52960968017578
2012-08-03,155.5500030517578,109.30137634277344,85.61878967285156,80.10841369628906
2012-08-06,156.3000030517578,109.51313781738281,85.67527770996094,80.16016387939453
2012-08-07,156.27999877929688,110.06224822998047,85.49169158935547,79.73899841308594
2012-08-08,156.47999572753906,110.19551849365234,85.23747253417969,79.62808227539062
2012-08-09,156.99000549316406,110.2896499633789,85.07508087158203,79.56902313232422
2012-08-10,157.17999267578125,110.47000885009766,85.1315689086914,79.79808807373047
2012-08-13,155.99000549316406,110.41511535644531,85.01856231689453,79.746337890625
2012-08-14,155.1300048828125,110.43080139160156,84.64432525634766,79.3547134399414
2012-08-15,155.6300048828125,110.55633544921875,84.0158462524414,78.9556655883789
2012-08-16,156.55999755859375,111.37208557128906,83.81108856201172,78.7635498046875
2012-08-17,156.72000122070312,111.52108001708984,83.92406463623047,78.85963439941406
2012-08-20,157.25999450683594,111.52897644042969,83.88165283203125,78.90396118164062
2012-08-21,158.8300018310547,111.1916732788086,83.93816375732422,78.97045135498047
2012-08-22,160.5399932861328,111.23877716064453,84.62315368652344,79.58375549316406
2012-08-23,161.88999938964844,110.32889556884766,85.01856231689453,79.72415924072266
2012-08-24,161.97000122070312,110.99559783935547,85.00448608398438,79.68718719482422
2012-08-27,161.36000061035156,111.01910400390625,85.27983093261719,79.89411926269531
2012-08-28,161.63999938964844,110.90933227539062,85.49876403808594,79.92367553710938
2012-08-29,160.58999633789062,110.99559783935547,85.20923614501953,79.87194061279297
2012-08-30,160.52000427246094,110.19551849365234,85.14569854736328,80.0197525024414
2012-08-31,164.22000122070312,110.72107696533203,85.54113006591797,80.5369873046875
2012-09-04,164.47999572753906,110.61909484863281,85.42813873291016,80.35269165039062
2012-09-05,164.30999755859375,110.52496337890625,85.56938934326172,80.32313537597656
2012-09-06,164.88999938964844,112.76824951171875,85.10331726074219,79.77557373046875
2012-09-07,168.44000244140625,113.20751190185547,85.37870788574219,79.87918853759766
2012-09-10,167.2899932861328,112.5643081665039,85.59761810302734,79.91617584228516
2012-09-11,167.89999389648438,112.87812042236328,85.51287841796875,79.76815032958984
2012-09-12,167.9199981689453,113.2545394897461,85.09626007080078,79.37599182128906
2012-09-13,171.30999755859375,114.98019409179688,85.8094482421875,79.60538482666016
2012-09-14,171.8000030517578,115.49000549316406,86.09894561767578,78.8580093383789
2012-09-17,170.39999389648438,115.0978775024414,86.02129364013672,79.02080535888672
2012-09-18,171.72000122070312,115.00370025634766,85.90831756591797,79.22063446044922
2012-09-19,171.74000549316406,115.06643676757812,86.01422119140625,79.40563201904297
2012-09-20,171.47000122070312,115.07430267333984,85.72472381591797,79.45001220703125
2012-09-21,171.9600067138672,115.0262222290039,85.79534912109375,79.62017059326172
2012-09-24,171.0500030517578,114.85272979736328,85.73880004882812,79.79776000976562
2012-09-25,170.77000427246094,113.63045501708984,85.85182189941406,80.09381103515625
2012-09-26,169.80999755859375,112.99174499511719,86.04953002929688,80.42676544189453
2012-09-27,172.33999633789062,114.05630493164062,86.03540802001953,80.25651550292969
2012-09-28,171.88999938964844,113.52793884277344,85.97895812988281,80.25651550292969
2012-10-01,172.2899932861328,113.82756042480469,86.14837646484375,80.40550994873047
2012-10-02,172.10000610351562,113.94586181640625,86.5014877319336,80.35362243652344
2012-10-03,172.41000366210938,114.41109466552734,86.59325408935547,80.43511199951172
2012-10-04,173.61000061035156,115.231201171875,86.72036743164062,80.11647033691406
2012-10-05,172.6199951171875,115.2391128540039,86.54377746582031,79.75347137451172
2012-10-08,172.0500030517578,114.84485626220703,86.74861907958984,80.01276397705078
2012-10-09,170.99000549316406,113.70931243896484,86.5296859741211,79.84979248046875
2012-10-10,170.83999633789062,112.98381805419922,86.43790435791016,80.04241180419922
2012-10-11,171.32000732421875,113.04692077636719,86.36019897460938,80.11647033691406
2012-10-12,170.05999755859375,112.67630767822266,86.28961181640625,80.12393951416016
2012-10-15,168.35000610351562,113.61463165283203,86.28255462646484,80.14617156982422
2012-10-16,169.4199981689453,114.7659683227539,85.9153823852539,79.76830291748047
2012-10-17,169.5399932861328,115.2863998413086,85.66114807128906,79.26448059082031
2012-10-18,168.7899932861328,114.98677825927734,85.65409088134766,79.12372589111328
2012-10-19,166.97000122070312,113.07060241699219,85.94364166259766,79.45709991455078
2012-10-22,167.5800018310547,113.08636474609375,85.80239868164062,79.19038391113281
2012-10-23,165.42999267578125,111.51709747314453,85.98600006103516,79.56822967529297
2012-10-24,164.86000061035156,111.20171356201172,85.85182189941406,79.39779663085938
2012-10-25,166.02000427246094,111.5250015258789,85.59761810302734,79.10884857177734
2012-10-26,165.92999267578125,111.46192169189453,86.02129364013672,79.61268615722656
2012-10-31,166.8300018310547,111.46192169189453,86.51560974121094,79.9386978149414
2012-11-01,166.07000732421875,112.62904357910156,86.41788482666016,79.7791748046875
2012-11-02,162.60000610351562,111.62754821777344,86.3683853149414,79.84598541259766
2012-11-05,163.22999572753906,111.85617065429688,86.48163604736328,80.03885650634766
2012-11-06,166.3000030517578,112.73146057128906,86.25508880615234,79.67527770996094
2012-11-07,166.49000549316406,110.17657470703125,86.75054168701172,80.34304809570312
2012-11-08,167.99000549316406,108.85182189941406,87.21773529052734,80.6991958618164
2012-11-09,167.82000732421875,108.94644927978516,86.89922332763672,80.70655059814453
2012-11-12,167.4499969482422,109.03318786621094,87.13279724121094,80.7585220336914
2012-11-13,167.10000610351562,108.65470886230469,87.03370666503906,80.85492706298828
2012-11-14,167.13999938964844,107.18795776367188,86.94876098632812,80.87726593017578
2012-11-15,166.08999633789062,107.00658416748047,86.88507843017578,80.84014892578125
2012-11-16,165.8800048828125,107.53495025634766,86.94165802001953,80.89202880859375
2012-11-19,167.8699951171875,109.71134948730469,86.77893829345703,80.7288818359375
2012-11-20,167.38999938964844,109.7586441040039,86.53117370605469,80.39495086669922
2012-11-21,167.55999755859375,109.96372985839844,86.32593536376953,80.27629089355469
2012-11-23,169.61000061035156,111.46192169189453,86.26219940185547,80.23175811767578
2012-11-26,169.42999267578125,111.22532653808594,86.50286865234375,80.3653335571289
2012-11-27,168.7100067138672,110.65763092041016,86.50286865234375,80.5508041381836
2012-11-28,166.5500030517578,111.54863739013672,86.70812225341797,80.65464782714844
2012-11-29,167.17999267578125,112.06912231445312,86.86384582519531,80.73622131347656
2012-11-30,166.0500030517578,112.09276580810547,86.99838256835938,80.7214126586914
2012-12-03,166.1300048828125,111.540771484375,87.25772094726562,80.68952941894531
2012-12-04,164.4199981689453,111.38309478759766,87.28611755371094,80.83062744140625
2012-12-05,164.1199951171875,111.58026123046875,87.44248962402344,80.8974609375
2012-12-06,164.5,111.95875549316406,87.62013244628906,80.9420394897461
2012-12-07,165.16000366210938,112.2978286743164,87.5135498046875,80.71177673339844
2012-12-10,165.8000030517578,112.3451156616211,87.62013244628906,80.78608703613281
2012-12-11,165.64999389648438,113.11000061035156,87.36433410644531,80.63008117675781
2012-12-12,165.77000427246094,113.16521453857422,87.0942153930664,80.2883529663086
2012-12-13,164.3699951171875,112.47129821777344,86.8526611328125,80.13236999511719
2012-12-14,164.1300048828125,112.05335235595703,86.94500732421875,80.31063842773438
2012-12-17,164.44000244140625,113.37019348144531,86.61815643310547,79.8871841430664
2012-12-18,162.0800018310547,114.63188934326172,86.36943817138672,79.5752182006836
2012-12-19,161.69000244140625,113.78028869628906,86.44050598144531,79.6866455078125
2012-12-20,159.72999572753906,114.43474578857422,86.48313903808594,79.7386474609375
2012-12-21,160.3300018310547,113.39602661132812,86.72476959228516,79.9540786743164
2012-12-24,160.6199951171875,113.04664611816406,86.6252670288086,79.8723373413086
2012-12-26,160.77999877929688,112.57011413574219,86.73827362060547,80.0367431640625
2012-12-27,161.16000366210938,112.41923522949219,86.83773040771484,80.20040130615234
2012-12-28,160.5399932861328,111.2042465209961,86.8093490600586,80.38636779785156
2012-12-31,162.02000427246094,113.09427642822266,86.2834243774414,79.96235656738281
2013-01-02,163.1699981689453,115.99288177490234,86.23365020751953,79.59781646728516
2013-01-03,161.1999969482422,115.7308578491211,85.64379119873047,79.1886978149414
2013-01-04,160.44000244140625,116.2391128540039,85.60829162597656,79.22583770751953
2013-01-07,159.42999267578125,115.92139434814453,85.89964294433594,79.2705307006836
2013-01-08,160.55999755859375,115.58782196044922,86.02046203613281,79.46393585205078
2013-01-09,160.49000549316406,115.8817138671875,86.17683410644531,79.50859069824219
2013-01-10,161.97999572753906,116.80294799804688,86.09862518310547,79.27799224853516
2013-01-11,161.05999755859375,116.7950210571289,86.17683410644531,79.53089904785156
2013-01-14,161.5399932861328,116.71553039550781,86.20526885986328,79.50116729736328
2013-01-15,162.55999755859375,116.7950210571289,86.2620849609375,79.694580078125
2013-01-16,162.64999389648438,116.77913665771484,86.24076843261719,79.7987060546875
2013-01-17,163.35000610351562,117.53353881835938,86.0915298461914,79.43418884277344
2013-01-18,163.08999633789062,117.79558563232422,86.23365020751953,79.65736389160156
2013-01-22,163.6699981689453,118.43090057373047,86.219482421875,79.7243423461914
2013-01-23,163.2100067138672,118.62150573730469,86.23365020751953,79.76148986816406
2013-01-24,161.4199981689453,118.6533203125,86.18387603759766,79.62757873535156
2013-01-25,160.64999389648438,119.32038116455078,85.82147979736328,79.09944915771484
2013-01-28,160.2899932861328,119.17747497558594,85.7077407836914,78.93576049804688
2013-01-29,160.99000549316406,119.64600372314453,85.55139923095703,78.8167724609375
2013-01-30,162.19000244140625,119.17747497558594,85.5798568725586,78.86137390136719
2013-01-31,161.1999969482422,118.88359069824219,85.83566284179688,78.92827606201172
2013-02-01,161.4499969482422,120.1065673828125,85.4163818359375,78.66017150878906
2013-02-04,162.0,118.75653076171875,85.970703125,79.11458587646484
2013-02-05,161.9600067138672,119.95565032958984,85.72199249267578,78.83149719238281
2013-02-06,162.38999938964844,120.04303741455078,85.82147979736328,79.06986999511719
2013-02-07,161.83999633789062,119.88418579101562,85.74327850341797,79.10709381103516
2013-02-08,161.57000732421875,120.55128479003906,85.71490478515625,79.16670227050781
2013-02-11,159.6999969482422,120.5274658203125,85.65090942382812,79.0847396850586
2013-02-12,159.88999938964844,120.72602081298828,85.64379119873047,79.00286865234375
2013-02-13,159.0500030517578,120.82927703857422,85.40217590332031,78.72722625732422
2013-02-14,158.35000610351562,120.94039154052734,85.55139923095703,79.06240844726562
2013-02-15,155.75999450683594,120.7974624633789,85.31690216064453,78.9879150390625
2013-02-19,155.3300018310547,121.70279693603516,85.27423858642578,78.86127471923828
2013-02-20,151.44000244140625,120.18598175048828,85.2955551147461,79.03262329101562
2013-02-21,152.6199951171875,119.45535278320312,85.40217590332031,79.18904113769531
2013-02-22,152.97000122070312,120.62275695800781,85.58694458007812,79.2858657836914
2013-02-25,154.33999633789062,118.3276596069336,86.01335906982422,79.89669799804688
2013-02-26,156.22000122070312,119.13768768310547,85.80723571777344,79.7476806640625
2013-02-27,154.57000732421875,120.63864135742188,85.80723571777344,79.71046447753906
2013-02-28,153.0,120.400390625,85.99913024902344,79.822265625
2013-03-01,152.44000244140625,120.7974624633789,86.36158752441406,80.02131652832031
2013-03-04,152.3000030517578,121.44075775146484,86.0915298461914,79.83488464355469
2013-03-05,152.3800048828125,122.52872467041016,86.07018280029297,79.75283813476562
2013-03-06,153.22999572753906,122.6955337524414,85.87831115722656,79.49925231933594
2013-03-07,152.69000244140625,122.91780853271484,85.55853271484375,79.19351196289062
2013-03-08,152.7100067138672,123.44200134277344,85.2813491821289,78.79080963134766
2013-03-11,152.99000549316406,123.9105453491211,85.23870849609375,78.82805633544922
2013-03-12,154.19000244140625,123.63257598876953,85.39505767822266,79.04432678222656
2013-03-13,153.66000366210938,123.80728912353516,85.4163818359375,78.977294921875
2013-03-14,153.67999267578125,124.46640014648438,85.56564331054688,78.99957275390625
2013-03-15,154.0,124.30207824707031,85.6793212890625,79.27557373046875
2013-03-18,155.3800048828125,123.61610412597656,85.8641128540039,79.53657531738281
2013-03-19,156.0800018310547,123.32892608642578,85.94941711425781,79.78266906738281
2013-03-20,155.3699951171875,124.19043731689453,85.7077407836914,79.47692108154297
2013-03-21,156.25,123.12950134277344,85.75040435791016,79.68571472167969
2013-03-22,155.5500030517578,124.11866760253906,85.89964294433594,79.715576171875
2013-03-25,155.24000549316406,123.60016632080078,85.90673828125,79.77521514892578
2013-03-26,154.72000122070312,124.5892562866211,85.95648956298828,79.85723876953125
2013-03-27,155.36000061035156,124.5892562866211,86.219482421875,80.20030212402344
2013-03-28,154.4499969482422,124.97213745117188,86.18387603759766,80.0511474609375
2013-04-01,154.6699981689453,124.47759246826172,86.219482421875,80.263916015625
2013-04-02,152.42999267578125,125.09178161621094,86.17681884765625,80.10714721679688
2013-04-03,150.72999572753906,123.82345581054688,86.3972396850586,80.44320678710938
2013-04-04,150.2899932861328,124.32601928710938,86.80258178710938,80.76431274414062
2013-04-05,152.80999755859375,123.76771545410156,87.16527557373047,81.01824951171875
2013-04-08,152.16000366210938,124.60520935058594,86.78125762939453,80.75685119628906
2013-04-09,153.33999633789062,125.03594970703125,86.70304107666016,80.78672790527344
2013-04-10,150.75,126.56743621826172,86.219482421875,80.45063781738281
2013-04-11,151.0500030517578,126.9823226928711,86.46128845214844,80.54027557373047
2013-04-12,143.9499969482422,126.67118072509766,86.81684112548828,80.98834991455078
2013-04-15,131.30999755859375,123.73575592041016,86.80258178710938,81.16759490966797
2013-04-16,132.8000030517578,125.56243896484375,86.65328979492188,80.93607330322266
2013-04-17,132.8699951171875,123.72781372070312,86.6390609741211,81.08544921875
2013-04-18,134.3000030517578,122.95403289794922,86.0345687866211,81.13031005859375
2013-04-19,135.47000122070312,124.02288055419922,86.36882781982422,81.08544921875
2013-04-22,137.89999389648438,124.57332611083984,86.59635162353516,81.13031005859375
2013-04-23,136.8800048828125,125.85755920410156,86.6390609741211,81.07794189453125
2013-04-24,138.3699951171875,125.93733215332031,86.76703643798828,81.11531829833984
2013-04-25,141.6300048828125,126.4478530883789,86.8310775756836,81.02567291259766
2013-04-26,140.91000366210938,126.22454833984375,87.1511001586914,81.31690216064453
2013-04-29,142.3000030517578,127.07002258300781,86.91637420654297,81.2870101928711
2013-04-30,142.77000427246094,127.37319946289062,86.86666870117188,81.27210235595703
2013-05-01,141.11000061035156,126.25638580322266,86.84595489501953,81.53761291503906
2013-05-02,141.9199981689453,127.42899322509766,86.75328826904297,81.53761291503906
2013-05-03,142.08999633789062,128.72122192382812,86.16153717041016,80.84217834472656
2013-05-06,142.14999389648438,129.04830932617188,86.03316497802734,80.73753356933594
2013-05-07,140.3800048828125,129.7023162841797,86.0260238647461,80.6253433227539
2013-05-08,142.4600067138672,130.29266357421875,85.84068298339844,80.72258758544922
2013-05-09,140.80999755859375,129.92572021484375,85.80506134033203,80.70764923095703
2013-05-10,139.60000610351562,130.34848022460938,85.56261444091797,80.25151062011719
2013-05-13,138.42999267578125,130.45220947265625,85.30594635009766,80.10942840576172
2013-05-14,137.80999755859375,131.8002471923828,84.9423599243164,79.78795623779297
2013-05-15,134.6300048828125,132.51019287109375,84.97086334228516,79.99729919433594
2013-05-16,134.08999633789062,131.8880157470703,85.21327209472656,80.3786392211914
2013-05-17,131.07000732421875,133.16429138183594,84.78548431396484,79.94493865966797
2013-05-20,135.1199951171875,133.1563262939453,84.76407623291016,79.88513946533203
2013-05-21,132.8800048828125,133.34776306152344,84.9423599243164,80.09449768066406
2013-05-22,131.94000244140625,132.35862731933594,84.1794662475586,79.45893859863281
2013-05-23,134.61000061035156,131.97573852539062,84.20087432861328,79.54120635986328
2013-05-24,133.75999450683594,131.86410522460938,84.27217102050781,79.57109832763672
2013-05-28,133.49000549316406,132.6537628173828,83.50931549072266,78.63643646240234
2013-05-29,134.8300018310547,131.7922821044922,83.45223236083984,78.95799255371094
2013-05-30,136.6999969482422,132.2788543701172,83.14568328857422,78.96546936035156
2013-05-31,133.9199981689453,130.38040161132812,83.2240982055664,78.74861145019531
2013-06-03,136.50999450683594,131.09829711914062,83.14762115478516,78.86239624023438
2013-06-04,135.22999572753906,130.46807861328125,82.9903564453125,78.66027069091797
2013-06-05,135.52000427246094,128.64144897460938,83.0904312133789,79.04212951660156
2013-06-06,136.52999877929688,129.8060302734375,82.99749755859375,79.13946533203125
2013-06-07,133.27999877929688,131.45724487304688,82.51148986816406,78.52550506591797
2013-06-10,133.94000244140625,131.45724487304688,81.93968963623047,78.33085632324219
2013-06-11,133.25,130.10118103027344,81.89680480957031,78.52550506591797
2013-06-12,134.25,129.0243682861328,81.267822265625,78.1736068725586
2013-06-13,133.74000549316406,130.98663330078125,81.88965606689453,78.7651138305664
2013-06-14,134.42999267578125,130.16500854492188,81.81816101074219,78.86986541748047
2013-06-17,133.77000427246094,131.17013549804688,81.5537109375,78.68276977539062
2013-06-18,132.1300048828125,132.20713806152344,81.77527618408203,78.63780975341797
2013-06-19,130.58999633789062,130.38040161132812,80.68888092041016,77.5596923828125
2013-06-20,123.5999984741211,127.14987182617188,79.87403106689453,77.20777130126953
2013-06-21,125.05000305175781,127.5579833984375,78.93771362304688,76.39166259765625
2013-06-24,123.93000030517578,125.94615936279297,78.63751220703125,76.20447540283203
2013-06-25,123.47000122070312,127.15701293945312,78.77336120605469,76.11463165283203
2013-06-26,118.27999877929688,128.4159393310547,79.13069152832031,76.42161560058594
2013-06-27,115.94000244140625,129.16981506347656,79.78825378417969,76.83338165283203
2013-06-28,119.11000061035156,128.64053344726562,80.05987548828125,76.74360656738281
2013-07-01,121.12999725341797,129.39431762695312,80.17369079589844,76.77276611328125
2013-07-02,120.05000305175781,129.2740936279297,80.43133544921875,76.80277252197266
2013-07-03,120.73999786376953,129.33016967773438,80.28101348876953,76.65283966064453
2013-07-05,118.08999633789062,130.72549438476562,79.18599700927734,75.36327362060547
2013-07-08,119.51000213623047,131.47119140625,79.68697357177734,75.80565643310547
2013-07-09,120.62000274658203,132.41751098632812,79.65120697021484,75.93307495117188
2013-07-10,120.94999694824219,132.465576171875,79.37924194335938,75.66316223144531
2013-07-11,124.23999786376953,134.26983642578125,79.93030548095703,76.42042541503906
2013-07-12,124.12999725341797,134.3259735107422,79.95899200439453,76.36042022705078
2013-07-15,124.18000030517578,134.8391876220703,80.34545135498047,76.6003646850586
2013-07-16,124.88999938964844,134.3340606689453,80.66751098632812,76.63784790039062
2013-07-17,123.31999969482422,134.6788330078125,80.88937377929688,76.97520446777344
2013-07-18,124.01000213623047,135.4165496826172,80.5959243774414,76.61536407470703
2013-07-19,125.11000061035156,135.6571807861328,81.17565155029297,77.03516387939453
2013-07-22,128.83999633789062,135.92176818847656,81.14707946777344,77.02767944335938
2013-07-23,129.7100067138672,135.63311767578125,80.96095275878906,76.93775177001953
2013-07-24,127.4800033569336,135.13592529296875,80.302490234375,76.42042541503906
2013-07-25,128.6699981689453,135.4646453857422,80.34545135498047,76.53288269042969
2013-07-26,128.77999877929688,135.60903930664062,80.3669204711914,76.6003646850586
2013-07-29,128.47000122070312,135.19203186035156,80.30966186523438,76.4429702758789
2013-07-30,128.1199951171875,135.19203186035156,80.27387237548828,76.42042541503906
2013-07-31,127.95999908447266,135.2882843017578,80.78203582763672,76.4729232788086
2013-08-01,126.61000061035156,136.8520050048828,80.21627044677734,75.79798889160156
2013-08-02,126.36000061035156,137.0845947265625,80.62445831298828,76.44364166259766
2013-08-05,125.69999694824219,136.88404846191406,80.63162231445312,76.2033920288086
2013-08-06,123.97000122070312,136.10623168945312,80.82500457763672,76.22593688964844
2013-08-07,124.1500015258789,135.6652069091797,81.01837921142578,76.50364685058594
2013-08-08,126.86000061035156,136.16233825683594,81.10430145263672,76.61630249023438
2013-08-09,126.86000061035156,135.7694091796875,81.1830825805664,76.66887664794922
2013-08-12,129.1300048828125,135.60903930664062,80.96825408935547,76.51872253417969
2013-08-13,127.73999786376953,136.0099639892578,80.25920867919922,75.8280029296875
2013-08-14,129.0,135.31228637695312,80.0873794555664,75.89555358886719
2013-08-15,131.69000244140625,133.41990661621094,79.51441192626953,75.4751205444336
2013-08-16,132.5800018310547,132.97882080078125,79.14202880859375,75.18234252929688
2013-08-19,132.00999450683594,132.12875366210938,78.66937255859375,74.8595199584961
2013-08-20,132.4499969482422,132.77828979492188,79.15634155273438,75.26490020751953
2013-08-21,132.07000732421875,131.96043395996094,78.59777069091797,74.79194641113281
2013-08-22,132.80999755859375,133.1632843017578,78.6335678100586,74.76187896728516
2013-08-23,134.89999389648438,133.61227416992188,79.18502807617188,75.18234252929688
2013-08-26,135.4499969482422,133.11512756347656,79.46431732177734,75.33251953125
2013-08-27,136.75,130.9740753173828,79.95128631591797,75.76042175292969
2013-08-28,136.7100067138672,131.4391632080078,79.65767669677734,75.45263671875
2013-08-29,135.8699951171875,131.64772033691406,79.5502700805664,75.52766418457031
2013-08-30,134.6199951171875,131.2306365966797,79.30674743652344,75.38502502441406
2013-09-03,136.4199981689453,131.82408142089844,78.89314270019531,74.9571533203125
2013-09-04,134.66000366210938,132.91468811035156,78.49172973632812,74.70906066894531
2013-09-05,132.1999969482422,133.08309936523438,77.92544555664062,74.13761138916016
2013-09-06,134.14999389648438,133.147216796875,78.2480239868164,74.58876037597656
2013-09-09,133.91000366210938,134.42221069335938,78.39136505126953,74.7391357421875
2013-09-10,131.74000549316406,135.4165496826172,78.26234436035156,74.3932876586914
2013-09-11,131.6999969482422,135.84158325195312,78.70679473876953,74.76919555664062
2013-09-12,127.66999816894531,135.480712890625,78.74258422851562,74.77671813964844
2013-09-13,127.81999969482422,135.78546142578125,78.73541259765625,74.87450408935547
2013-09-16,126.44999694824219,136.57131958007812,78.95050811767578,75.03993225097656
2013-09-17,126.5,137.18075561523438,79.25872802734375,75.19029998779297
2013-09-18,132.00999450683594,138.76852416992188,80.31246185302734,76.12261962890625
2013-09-19,131.75,138.5359344482422,80.05439758300781,75.85948181152344
2013-09-20,127.95999908447266,137.5674285888672,80.276611328125,75.9346694946289
2013-09-23,127.55000305175781,136.93077087402344,80.5561752319336,76.22037506103516
2013-09-24,127.66000366210938,136.60850524902344,80.57049560546875,76.49861145019531
2013-09-25,128.7899932861328,136.2136688232422,80.6421890258789,76.7091293334961
2013-09-26,127.79000091552734,136.7374267578125,80.52750396728516,76.54368591308594
2013-09-27,128.97000122070312,136.10890197753906,80.54902648925781,76.6490478515625
2013-09-30,128.17999267578125,135.3836669921875,80.69953155517578,76.77684020996094
2013-10-01,124.58999633789062,136.4553680419922,80.59700012207031,76.6058578491211
2013-10-02,127.05999755859375,136.3264923095703,80.72611236572266,76.73385620117188
2013-10-03,127.18000030517578,135.0693359375,80.783447265625,76.83927154541016
2013-10-04,126.52999877929688,136.09280395507812,80.61134338378906,76.62840270996094
2013-10-07,127.63999938964844,134.916259765625,80.69734191894531,76.69618225097656
2013-10-08,127.4000015258789,133.344970703125,80.48226928710938,76.6585693359375
2013-10-09,126.11000061035156,133.44168090820312,80.48939514160156,76.5230941772461
2013-10-10,124.2699966430664,136.3184814453125,80.42488861083984,76.35736083984375
2013-10-11,122.5999984741211,137.1967010498047,80.4105224609375,76.47026062011719
2013-10-14,122.83000183105469,137.74462890625,80.05912780761719,76.21430969238281
2013-10-15,123.7300033569336,136.74542236328125,80.2169189453125,76.22931671142578
2013-10-16,123.54000091552734,138.6551971435547,80.38182830810547,76.59830474853516
2013-10-17,127.41999816894531,139.5819091796875,80.69734191894531,77.03510284423828
2013-10-18,126.8499984741211,140.52471923828125,80.8121109008789,77.04261016845703
2013-10-21,126.9800033569336,140.5328369140625,80.74759674072266,76.98993682861328
2013-10-22,129.33999633789062,141.3466339111328,81.15632629394531,77.52457427978516
2013-10-23,128.69000244140625,140.66978454589844,81.12049865722656,77.66009521484375
2013-10-24,129.89999389648438,141.1370849609375,81.14916229248047,77.50191497802734
2013-10-25,130.4600067138672,141.78179931640625,81.32844543457031,77.63752746582031
2013-10-28,130.55999755859375,142.0074005126953,81.29259490966797,77.56216430664062
2013-10-29,129.77000427246094,142.7648162841797,81.24239349365234,77.66764831542969
2013-10-30,129.60000610351562,142.05572509765625,81.13482666015625,77.46435546875
2013-10-31,127.73999786376953,141.65281677246094,80.9770736694336,77.37390899658203
2013-11-01,126.94999694824219,141.9912109375,80.43004608154297,76.9448471069336
2013-11-04,126.80999755859375,142.49090576171875,80.47311401367188,77.09565734863281
2013-11-05,126.55999755859375,142.0396270751953,80.15725708007812,76.74870300292969
2013-11-06,127.19999694824219,142.7648162841797,80.61669158935547,76.98253631591797
2013-11-07,126.16000366210938,140.9597930908203,80.7243423461914,77.18616485595703
2013-11-08,124.27999877929688,142.8614959716797,80.03522491455078,76.31877899169922
2013-11-11,123.87000274658203,142.88572692871094,79.88448333740234,76.2811050415039
2013-11-12,122.44999694824219,142.5956268310547,79.92757415771484,76.21326446533203
2013-11-13,122.8499984741211,143.7399139404297,80.06393432617188,76.52993774414062
2013-11-14,124.2699966430664,144.45706176757812,80.50179290771484,76.89958953857422
2013-11-15,124.31999969482422,145.08558654785156,80.5377426147461,76.83919525146484
2013-11-18,122.9000015258789,144.5779266357422,80.75308227539062,77.11074829101562
2013-11-19,122.94999694824219,144.263671875,80.4372329711914,76.82411193847656
2013-11-20,120.12000274658203,143.81239318847656,79.94190216064453,76.4017562866211
2013-11-21,119.94000244140625,144.97279357910156,80.07830810546875,76.46967315673828
2013-11-22,119.91999816894531,145.69798278808594,80.30082702636719,76.68833923339844
2013-11-25,120.45999908447266,145.55299377441406,80.35106658935547,76.74870300292969
2013-11-26,119.81999969482422,145.59317016601562,80.3438949584961,76.91463470458984
2013-11-27,119.45999908447266,145.94773864746094,80.18595886230469,76.74114990234375
2013-11-29,120.69999694824219,145.85113525390625,80.121337890625,76.6958999633789
2013-12-02,117.58000183105469,145.47238159179688,79.76933288574219,76.36656951904297
2013-12-03,117.95999908447266,144.8438262939453,79.8124008178711,76.50252532958984
2013-12-04,119.95999908447266,144.82769775390625,79.36698150634766,76.1550064086914
2013-12-05,118.30000305175781,144.19113159179688,79.27359008789062,75.9661636352539
2013-12-06,118.55000305175781,145.80276489257812,79.26639556884766,76.03416442871094
2013-12-09,119.72000122070312,146.17337036132812,79.33101654052734,76.12480163574219
2013-12-10,121.81999969482422,145.64962768554688,79.53942108154297,76.44207000732422
2013-12-11,120.86000061035156,144.01385498046875,79.41007232666016,76.14752960205078
2013-12-12,118.29000091552734,143.53839111328125,79.18736267089844,75.92842864990234
2013-12-13,119.37999725341797,143.5222625732422,79.41728210449219,76.041748046875
2013-12-16,119.69000244140625,144.41676330566406,79.4747543334961,76.00395202636719
2013-12-17,118.6500015258789,143.9573974609375,79.71180725097656,76.24567413330078
2013-12-18,117.61000061035156,146.41517639160156,79.35979461669922,75.95862579345703
2013-12-19,114.81999969482422,146.24591064453125,79.06523895263672,75.64134216308594
2013-12-20,115.94000244140625,147.0966339111328,79.33101654052734,75.87551879882812
2013-12-23,115.56999969482422,147.88253784179688,79.1945571899414,75.63378143310547
2013-12-24,116.0999984741211,148.2065887451172,78.92874145507812,75.33914947509766
2013-12-26,116.73999786376953,148.96002197265625,78.8928451538086,75.27408599853516
2013-12-27,117.12000274658203,148.9519500732422,78.84972381591797,75.22872924804688
2013-12-30,115.38999938964844,148.9276123046875,79.07245635986328,75.4329833984375
2013-12-31,116.12000274658203,149.63247680664062,78.95751953125,75.0925064086914
2014-01-02,118.0,148.198486328125,79.21614074707031,75.38761901855469
2014-01-03,119.29000091552734,148.1741943359375,79.18016815185547,75.34220123291016
2014-01-06,119.5,147.74478149414062,79.44599914550781,75.55404663085938
2014-01-07,118.81999969482422,148.6521453857422,79.46038818359375,75.67510223388672
2014-01-08,118.12000274658203,148.68460083007812,79.41007232666016,75.30432891845703
2014-01-09,118.45999908447266,148.78179931640625,79.71180725097656,75.5010757446289
2014-01-10,120.26000213623047,149.1868896484375,80.1357421875,76.13670349121094
2014-01-13,121.0199966430664,147.2019500732422,80.17164611816406,76.356201171875
2014-01-14,119.88999938964844,148.80609130859375,79.89863586425781,76.0685806274414
2014-01-15,119.66000366210938,149.60812377929688,79.82681274414062,76.00049591064453
2014-01-16,119.79000091552734,149.41375732421875,79.89148712158203,76.21234130859375
2014-01-17,120.93000030517578,148.78179931640625,80.04235076904297,76.39395904541016
2014-01-21,119.69999694824219,149.2192840576172,79.89148712158203,76.31071472167969
2014-01-22,119.19000244140625,149.3165283203125,79.75494384765625,76.09883117675781
2014-01-23,121.79000091552734,148.09312438964844,80.09980773925781,76.61339569091797
2014-01-24,122.29000091552734,144.93344116210938,80.3297119140625,76.92364501953125
2014-01-27,120.95999908447266,144.22052001953125,80.04953002929688,76.6891098022461
2014-01-28,120.94999694824219,145.0792999267578,80.20756530761719,76.8025894165039
2014-01-29,122.47000122070312,143.68580627441406,80.50933837890625,77.16576385498047
2014-01-30,119.7699966430664,145.2089080810547,80.45903015136719,77.0901107788086
2014-01-31,120.08999633789062,144.35816955566406,80.61707305908203,77.39277648925781
2014-02-03,121.31999969482422,141.10931396484375,81.09123992919922,77.81343078613281
2014-02-04,120.98999786376953,142.09780883789062,80.73921966552734,77.57848358154297
2014-02-05,121.29000091552734,141.9195556640625,80.38719940185547,77.2979965209961
2014-02-06,121.23999786376953,143.7910614013672,80.40152740478516,77.15401458740234
2014-02-07,122.16999816894531,145.57351684570312,80.63147735595703,77.35870361328125
2014-02-10,122.91999816894531,145.8408660888672,80.70329284667969,77.39656829833984
2014-02-11,124.36000061035156,147.43685913085938,80.44464111328125,77.05549621582031
2014-02-12,124.43000030517578,147.50985717773438,80.24348449707031,76.87358856201172
2014-02-13,125.48999786376953,148.2713623046875,80.5165023803711,77.23738861083984
2014-02-14,127.1500015258789,149.08963012695312,80.35124206542969,77.18434143066406
2014-02-18,127.4000015258789,149.26791381835938,80.50214385986328,77.37384033203125
2014-02-19,126.2699966430664,148.27947998046875,80.34407806396484,77.22221374511719
2014-02-20,127.5999984741211,149.154541015625,80.09980773925781,77.13886260986328
2014-02-21,127.58000183105469,148.984375,80.24348449707031,77.23738861083984
2014-02-24,128.99000549316406,149.8107452392578,80.24348449707031,77.16162109375
2014-02-25,129.2100067138672,149.75405883789062,80.55241394042969,77.42689514160156
2014-02-26,128.11000061035156,149.7621307373047,80.73921966552734,77.65425872802734
2014-02-27,128.1999969482422,150.5480194091797,80.85418701171875,77.7452621459961
2014-02-28,127.62000274658203,150.9287872314453,80.96912384033203,77.66944885253906
2014-03-03,130.2899932861328,149.86737060546875,81.34270477294922,78.0535659790039
2014-03-04,128.67999267578125,151.9739227294922,80.81822204589844,77.45384216308594
2014-03-05,128.88999938964844,152.1116180419922,80.93319702148438,77.53740692138672
2014-03-06,130.1699981689453,152.45999145507812,80.7320785522461,77.2032699584961
2014-03-07,129.08999633789062,152.52484130859375,80.55957794189453,76.86923217773438
2014-03-10,129.1300048828125,152.44383239746094,80.59555053710938,76.95278930664062
2014-03-11,129.86000061035156,151.69032287597656,80.57395935058594,77.02870178222656
2014-03-12,131.75999450683594,151.73085021972656,80.74640655517578,77.33233642578125
2014-03-13,132.2100067138672,150.0294647216797,81.07693481445312,77.78782653808594
2014-03-14,133.10000610351562,149.60812377929688,81.06251525878906,77.79547119140625
2014-03-17,131.63999938964844,150.9612274169922,80.87574005126953,77.48419189453125
2014-03-18,130.6199951171875,152.03871154785156,81.03380584716797,77.67399597167969
2014-03-19,128.08999633789062,151.22854614257812,80.2865982055664,76.95278930664062
2014-03-20,127.86000061035156,152.1116180419922,80.03514862060547,76.96794891357422
2014-03-21,128.47000122070312,151.5216827392578,80.33686065673828,77.1122055053711
2014-03-24,126.18000030517578,150.8950958251953,80.43745422363281,77.14261627197266
2014-03-25,126.41000366210938,151.6112060546875,80.4159164428711,77.09701538085938
2014-03-26,125.41000366210938,150.52073669433594,80.69612884521484,77.42349243164062
2014-03-27,124.58999633789062,150.20339965820312,80.72489166259766,77.49938201904297
2014-03-28,124.55999755859375,150.94390869140625,80.52367401123047,77.22607421875
2014-03-31,123.61000061035156,152.1808319091797,80.53807830810547,77.23367309570312
2014-04-01,123.38999938964844,153.18988037109375,80.25788879394531,77.0739517211914
2014-04-02,124.31999969482422,153.70254516601562,80.0782699584961,76.7392578125
2014-04-03,123.91999816894531,153.49913024902344,80.17164611816406,76.79249572753906
2014-04-04,125.56999969482422,151.68441772460938,80.53807830810547,77.26410675048828
2014-04-07,124.91000366210938,150.00807189941406,80.66019439697266,77.4466552734375
2014-04-08,126.08999633789062,150.6265106201172,80.70329284667969,77.55313873291016
2014-04-09,126.31999969482422,152.24594116210938,80.76080322265625,77.53032684326172
2014-04-10,127.01000213623047,149.0478515625,81.04097747802734,77.8573989868164
2014-04-11,126.93000030517578,147.70513916015625,81.24932861328125,78.01708221435547
2014-04-14,127.8499984741211,148.86886596679688,81.09123992919922,77.89537048339844
2014-04-15,125.48999786376953,149.89414978027344,81.29241180419922,77.98667907714844
2014-04-16,125.54000091552734,151.46475219726562,81.34270477294922,77.86499786376953
2014-04-17,124.75,151.67626953125,81.24214935302734,77.42378997802734
2014-04-21,124.23999786376953,152.20523071289062,81.24214935302734,77.40865325927734
2014-04-22,123.77999877929688,152.89691162109375,81.24214935302734,77.3781967163086
2014-04-23,123.76000213623047,152.5389404296875,81.49359130859375,77.57593536376953
2014-04-24,124.55999755859375,152.8480987548828,81.54389953613281,77.55313873291016
2014-04-25,125.43000030517578,151.59486389160156,81.57981872558594,77.65962982177734
2014-04-28,124.87999725341797,152.07501220703125,81.33550262451172,77.54556274414062
2014-04-29,124.86000061035156,152.78297424316406,81.28524780273438,77.61398315429688
2014-04-30,124.22000122070312,153.23867797851562,81.60137176513672,77.81934356689453
2014-05-01,123.80000305175781,153.25502014160156,81.89514923095703,78.0433578491211
2014-05-02,125.05999755859375,153.03524780273438,82.11117553710938,78.15768432617188
2014-05-05,126.22000122070312,153.32821655273438,81.93834686279297,78.11198425292969
2014-05-06,125.9800033569336,151.99368286132812,81.90957641601562,78.20344543457031
2014-05-07,124.16999816894531,152.88877868652344,81.9599609375,78.26437377929688
2014-05-08,124.16999816894531,152.7260284423828,82.07518768310547,78.34822845458984
2014-05-09,124.0999984741211,152.95388793945312,82.02478790283203,78.2872543334961
2014-05-12,124.94000244140625,154.4430694580078,81.8015365600586,78.08142852783203
2014-05-13,124.5999984741211,154.58143615722656,82.0103530883789,78.38632202148438
2014-05-14,125.80999755859375,153.84898376464844,82.47842407226562,78.7445068359375
2014-05-15,124.7699966430664,152.4982147216797,82.86009216308594,79.02647399902344
2014-05-16,124.5,153.02713012695312,82.7736587524414,78.85883331298828
2014-05-19,124.58000183105469,153.58863830566406,82.52886962890625,78.75972747802734
2014-05-20,124.69000244140625,152.62020874023438,82.68727111816406,78.98835754394531
2014-05-21,124.38999938964844,153.906005859375,82.6368637084961,78.86643981933594
2014-05-22,124.66999816894531,154.28030395507812,82.76647186279297,78.78256225585938
2014-05-23,124.51000213623047,154.8987579345703,82.96086120605469,78.9426040649414
2014-05-27,121.8499984741211,155.8508758544922,83.01129150390625,78.96551513671875
2014-05-28,121.19999694824219,155.7369384765625,83.46492004394531,79.39988708496094
2014-05-29,120.94000244140625,156.54254150390625,83.42891693115234,79.3008041381836
2014-05-30,120.43000030517578,156.7948455810547,83.23451232910156,79.2398681640625
2014-06-02,119.69999694824219,156.97381591796875,82.89773559570312,78.87722778320312
2014-06-03,120.01000213623047,156.89244079589844,82.4125747680664,78.48029327392578
2014-06-04,119.76000213623047,157.20980834960938,82.1952896118164,78.4192123413086
2014-06-05,120.66000366210938,158.2351531982422,82.40530395507812,78.53369140625
2014-06-06,120.61000061035156,158.99203491210938,82.40530395507812,78.47265625
2014-06-09,120.6500015258789,159.15469360351562,82.39804077148438,78.35819244384766
2014-06-10,121.38999938964844,159.17100524902344,82.26046752929688,78.22071838378906
2014-06-11,121.41000366210938,158.6176300048828,82.34011840820312,78.32766723632812
2014-06-12,122.63999938964844,157.49465942382812,82.58634185791016,78.63299560546875
2014-06-13,122.95999908447266,157.97476196289062,82.44874572753906,78.48029327392578
2014-06-16,122.41999816894531,158.10494995117188,82.5284423828125,78.48029327392578
2014-06-17,122.27999877929688,158.5443878173828,82.4125747680664,78.15204620361328
2014-06-18,122.66999816894531,159.7080535888672,82.81814575195312,78.56426239013672
2014-06-19,126.94000244140625,159.88711547851562,82.70228576660156,78.36581420898438
2014-06-20,126.5,160.2117156982422,83.00640106201172,78.4574203491211
2014-06-23,126.8499984741211,160.16265869140625,82.93399810791016,78.40396881103516
2014-06-24,126.9800033569336,159.1977996826172,83.31053924560547,78.72460174560547
2014-06-25,126.98999786376953,159.91732788085938,83.34676361083984,78.8009033203125
2014-06-26,126.7300033569336,159.80287170410156,83.50606536865234,79.00704956054688
2014-06-27,126.66000366210938,160.11361694335938,83.53504180908203,79.00704956054688
2014-06-30,128.0399932861328,160.03179931640625,83.54225158691406,79.0680923461914
2014-07-01,127.69999694824219,161.10293579101562,83.2110824584961,78.80961608886719
2014-07-02,127.69999694824219,161.2664337158203,82.81881713867188,78.48837280273438
2014-07-03,127.16000366210938,162.05963134765625,82.88422393798828,78.3277587890625
2014-07-07,127.0199966430664,161.49545288085938,83.04402160644531,78.51898193359375
2014-07-08,127.06999969482422,160.45703125,83.31275939941406,78.87845611572266
2014-07-09,127.83999633789062,161.17654418945312,83.51614379882812,78.89376068115234
2014-07-10,128.5399932861328,160.5387420654297,83.61783599853516,79.06197357177734
2014-07-11,128.77999877929688,160.759521484375,83.74130249023438,79.19196319580078
2014-07-14,125.72000122070312,161.5689697265625,83.57425689697266,79.01609802246094
2014-07-15,124.52999877929688,161.2664337158203,83.39265441894531,78.9472427368164
2014-07-16,124.97000122070312,161.86337280273438,83.3708724975586,79.06197357177734
2014-07-17,127.08999633789062,160.02365112304688,83.89383697509766,79.52084350585938
2014-07-18,126.12999725341797,161.65904235839844,83.73404693603516,79.36022186279297
2014-07-21,126.33999633789062,161.35641479492188,83.8865737915039,79.3831787109375
2014-07-22,125.73999786376953,162.05963134765625,83.8139419555664,79.48259735107422
2014-07-23,125.62000274658203,162.41937255859375,83.80667877197266,79.47490692138672
2014-07-24,124.3499984741211,162.42758178710938,83.65415954589844,79.15377044677734
2014-07-25,125.79000091552734,161.66714477539062,84.01731872558594,79.45967864990234
2014-07-28,125.58000183105469,161.7325439453125,83.92290496826172,79.36785125732422
2014-07-29,125.19999694824219,161.0375213623047,84.04637908935547,79.47490692138672
2014-07-30,124.83000183105469,161.06202697753906,83.4943618774414,78.91663360595703
2014-07-31,123.38999938964844,157.88137817382812,83.46530151367188,78.89376068115234
2014-08-01,124.37999725341797,157.39892578125,83.7829818725586,79.35806274414062
2014-08-04,123.98999786376953,158.5355224609375,83.65911865234375,79.40403747558594
2014-08-05,123.87000274658203,156.99832153320312,83.7538070678711,79.44232940673828
2014-08-06,125.66999816894531,157.0474090576172,83.76110076904297,79.5113296508789
2014-08-07,126.18000030517578,156.197021484375,84.12543487548828,79.87138366699219
2014-08-08,126.19000244140625,158.0040283203125,84.05255889892578,79.8024673461914
2014-08-11,125.95999908447266,158.46189880371094,84.05985260009766,79.76410675048828
2014-08-12,125.98999786376953,158.2411651611328,83.8048095703125,79.64921569824219
2014-08-13,126.19999694824219,159.3123016357422,84.0452651977539,79.90973663330078
2014-08-14,126.30999755859375,160.0645294189453,84.13273620605469,80.07063293457031
2014-08-15,125.4800033569336,160.03179931640625,84.33670043945312,80.39244079589844
2014-08-18,124.95999908447266,161.37277221679688,84.00885009765625,80.13959503173828
2014-08-19,124.68000030517578,162.21493530273438,83.85585021972656,80.05529022216797
2014-08-20,124.22000122070312,162.6483612060547,83.60809326171875,79.81778717041016
2014-08-21,122.87999725341797,163.12252807617188,83.76840209960938,79.98635864257812
2014-08-22,123.19000244140625,162.86911010742188,83.7319564819336,79.99401092529297
2014-08-25,122.73999786376953,163.69496154785156,83.83397674560547,80.05529022216797
2014-08-26,123.3499984741211,163.80120849609375,83.76840209960938,80.0400161743164
2014-08-27,123.31999969482422,163.73577880859375,83.92139434814453,80.26219177246094
2014-08-28,124.0,163.64588928222656,84.05255889892578,80.36946868896484
2014-08-29,123.86000061035156,164.11196899414062,83.97237396240234,80.37712097167969
2014-09-02,121.6500015258789,164.03016662597656,83.52283477783203,79.86361694335938
2014-09-03,122.1500015258789,163.9402313232422,83.67610168457031,79.97872924804688
2014-09-04,121.4800033569336,163.70310974121094,83.36228942871094,79.69475555419922
2014-09-05,122.05999755859375,164.4390106201172,83.2746810913086,79.71781158447266
2014-09-08,120.7300033569336,164.01382446289062,83.07029724121094,79.63337707519531
2014-09-09,120.87000274658203,162.97540283203125,82.82947540283203,79.44918060302734
2014-09-10,120.26000213623047,163.58860778808594,82.51567077636719,79.24957275390625
2014-09-11,119.47000122070312,163.77670288085938,82.55211639404297,79.14988708496094
2014-09-12,118.37999725341797,162.820068359375,82.22372436523438,78.85047149658203
2014-09-15,118.63999938964844,162.69737243652344,82.318603515625,78.99630737304688
2014-09-16,118.83000183105469,163.9238739013672,82.29669952392578,78.97325897216797
2014-09-17,117.54000091552734,164.14463806152344,81.74201202392578,78.77366638183594
2014-09-18,117.77999877929688,165.01951599121094,81.5303726196289,78.72000122070312
2014-09-19,117.08999633789062,164.87088012695312,81.77119445800781,79.0193099975586
2014-09-22,116.8499984741211,163.59759521484375,81.71280670166016,79.18817138671875
2014-09-23,117.5999984741211,162.66102600097656,82.01934051513672,79.35706329345703
2014-09-24,117.05000305175781,163.93438720703125,81.94636535644531,79.13446807861328
2014-09-25,117.38999938964844,161.2891845703125,82.24560546875,79.51823425292969
2014-09-26,117.05999755859375,162.57070922851562,81.82231140136719,79.3493423461914
2014-09-29,117.02999877929688,162.2749786376953,81.88070678710938,79.6026611328125
2014-09-30,116.20999908447266,161.84780883789062,81.79312133789062,79.53362274169922
2014-10-01,116.7699966430664,159.6544647216797,82.37698364257812,80.20182800292969
2014-10-02,116.73999786376953,159.67910766601562,82.17264556884766,79.96342468261719
2014-10-03,114.61000061035156,161.43711853027344,82.04127502441406,79.94027709960938
2014-10-06,116.02999877929688,161.24815368652344,82.11421203613281,80.07106018066406
2014-10-07,116.36000061035156,158.7590789794922,82.4572525024414,80.54013061523438
2014-10-08,117.47000122070312,161.53562927246094,82.90973663330078,80.82467651367188
2014-10-09,117.63999938964844,158.33187866210938,82.82215881347656,80.68624114990234
2014-10-10,117.58999633789062,156.52464294433594,83.04842376708984,81.00154113769531
2014-10-13,118.5199966430664,153.95339965820312,83.43524169921875,81.4244384765625
2014-10-14,118.58999633789062,154.19158935546875,83.23822021484375,81.5859146118164
2014-10-15,118.98999786376953,153.1483917236328,83.33307647705078,82.04728698730469
2014-10-16,119.22000122070312,153.016845703125,83.23088073730469,81.82432556152344
2014-10-17,118.98999786376953,154.82415771484375,83.20169067382812,81.5859146118164
2014-10-20,119.80000305175781,156.32749938964844,83.23088073730469,81.70124053955078
2014-10-21,120.0199966430664,159.42446899414062,83.06301879882812,81.47825622558594
2014-10-22,119.33999633789062,158.29078674316406,83.02655792236328,81.45518493652344
2014-10-23,118.5199966430664,160.130859375,82.727294921875,81.1169204711914
2014-10-24,118.3499984741211,161.36314392089844,82.68351745605469,81.18605041503906
2014-10-27,118.05999755859375,161.14129638671875,82.63973999023438,81.27064514160156
2014-10-28,118.0999984741211,162.98963928222656,82.60326385498047,81.07073974609375
2014-10-29,116.41000366210938,162.7432098388672,82.49375915527344,80.80162048339844
2014-10-30,115.19000244140625,163.78652954101562,82.46456146240234,80.88616180419922
2014-10-31,112.66000366210938,165.65948486328125,82.53023529052734,80.75546264648438
2014-11-03,112.1500015258789,165.74981689453125,82.53023529052734,80.72543334960938
2014-11-04,112.22000122070312,165.17474365234375,82.50102996826172,80.71772766113281
2014-11-05,109.79000091552734,166.21807861328125,82.58134460449219,80.74079895019531
2014-11-06,109.87999725341797,166.88340759277344,82.44266510009766,80.49433135986328
2014-11-07,112.97000122070312,167.03955078125,82.92434692382812,81.01042938232422
2014-11-10,110.45999908447266,167.5653076171875,82.63241577148438,80.6791763305664
2014-11-11,112.04000091552734,167.7296142578125,82.61784362792969,80.6868896484375
2014-11-12,111.5,167.54885864257812,82.50102996826172,80.65606689453125
2014-11-13,111.66999816894531,167.73782348632812,82.40619659423828,80.78703308105469
2014-11-14,114.47000122070312,167.77896118164062,82.61784362792969,80.95648193359375
2014-11-17,114.05000305175781,167.8856964111328,82.33319091796875,80.86406707763672
2014-11-18,115.05000305175781,168.8550567626953,82.40619659423828,80.95648193359375
2014-11-19,113.68000030517578,168.58392333984375,82.05587768554688,80.74079895019531
2014-11-20,114.86000061035156,168.87965393066406,82.26752471923828,80.88715362548828
2014-11-21,115.38999938964844,169.78326416015625,82.51567077636719,81.04893493652344
2014-11-24,115.11000061035156,170.25973510742188,82.58134460449219,81.1413803100586
2014-11-25,115.37999725341797,170.1365509033203,82.65430450439453,81.3416519165039
2014-11-26,115.16000366210938,170.57196044921875,82.6980972290039,81.48030090332031
2014-11-28,112.11000061035156,170.21046447753906,82.66157531738281,81.79609680175781
2014-12-01,116.58000183105469,169.02752685546875,82.46443176269531,81.59544372558594
2014-12-02,115.13999938964844,170.1201171875,81.99711608886719,81.23282623291016
2014-12-03,116.33000183105469,170.77723693847656,82.09937286376953,81.26368713378906
2014-12-04,115.87999725341797,170.5883331298828,82.260009765625,81.5491943359375
2014-12-05,114.43000030517578,170.8676300048828,81.78533935546875,81.09394073486328
2014-12-08,115.77999877929688,169.72576904296875,81.85105895996094,81.36402130126953
2014-12-09,118.19000244140625,169.61077880859375,82.20159149169922,81.66493225097656
2014-12-10,117.95999908447266,166.89169311523438,82.36955261230469,82.03530883789062
2014-12-11,117.69000244140625,167.73782348632812,82.260009765625,81.89640045166016
2014-12-12,117.41000366210938,165.02691650390625,82.35493469238281,82.56769561767578
2014-12-15,114.38999938964844,163.89329528808594,82.03363800048828,82.26676940917969
2014-12-16,114.94999694824219,162.57891845703125,82.54476928710938,82.68339538574219
2014-12-17,114.2699966430664,165.7662353515625,82.15773010253906,82.11243438720703
2014-12-18,115.1500015258789,169.86538696289062,81.6392822265625,81.64948272705078
2014-12-19,114.7699966430664,170.5882110595703,82.04092407226562,81.95037841796875
2014-12-22,112.55000305175781,171.37294006347656,82.12129211425781,81.95037841796875
2014-12-23,112.73999786376953,171.6041259765625,81.52977752685547,81.27144622802734
2014-12-24,112.7699966430664,171.62071228027344,81.4421615600586,81.33013916015625
2014-12-26,114.83000183105469,172.17413330078125,81.47134399414062,81.4383316040039
2014-12-29,113.66999816894531,172.40542602539062,81.59545135498047,81.71646881103516
2014-12-30,115.19999694824219,171.48028564453125,81.57357788085938,81.8092269897461
2014-12-31,113.58000183105469,169.77874755859375,81.79263305664062,81.90193176269531
2015-01-02,114.08000183105469,169.6878662109375,82.31841278076172,82.31927490234375
2015-01-05,115.80000305175781,166.62335205078125,82.3841552734375,82.82154083251953
2015-01-06,117.12000274658203,165.053955078125,82.39142608642578,83.37787628173828
2015-01-07,116.43000030517578,167.1106719970703,82.45716857910156,83.36248016357422
2015-01-08,115.94000244140625,170.07608032226562,82.32568359375,83.02245330810547
2015-01-09,117.26000213623047,168.71316528320312,82.57396697998047,83.43196868896484
2015-01-12,118.55999755859375,167.3915557861328,82.55209350585938,83.72562408447266
2015-01-13,118.16000366210938,166.92071533203125,82.42063903808594,83.80288696289062
2015-01-14,117.97000122070312,165.9129180908203,82.90990447998047,84.1892318725586
2015-01-15,120.94000244140625,164.39312744140625,83.56708526611328,84.90789031982422
2015-01-16,122.5199966430664,166.54901123046875,83.09976196289062,84.28202056884766
2015-01-20,124.19999694824219,166.90420532226562,83.29692077636719,84.47516632080078
2015-01-21,124.2300033569336,167.74671936035156,82.95368194580078,84.07331085205078
2015-01-22,125.2300033569336,170.24122619628906,82.97560119628906,83.86469268798828
2015-01-23,124.2300033569336,169.307861328125,83.4794692993164,84.413330078125
2015-01-26,122.98999786376953,169.7043914794922,83.3406982421875,84.22018432617188
2015-01-27,124.4000015258789,167.46591186523438,83.60359191894531,84.33611297607422
2015-01-28,123.41999816894531,165.3182373046875,83.92488861083984,84.98513793945312
2015-01-29,120.76000213623047,166.84632873535156,83.82998657226562,84.68376922607422
2015-01-30,123.44999694824219,164.748291015625,84.43606567382812,85.42566680908203
2015-02-02,122.41999816894531,166.78855895996094,84.37765502929688,85.31880950927734
2015-02-03,121.05000305175781,169.2004852294922,83.99061584472656,84.59900665283203
2015-02-04,121.58000183105469,168.5561981201172,84.1659164428711,84.73832702636719
2015-02-05,121.79000091552734,170.2577667236328,83.80074310302734,84.42870330810547
2015-02-06,118.63999938964844,169.78695678710938,83.14358520507812,83.48441314697266
2015-02-09,119.16999816894531,169.02706909179688,82.99751281738281,83.44574737548828
2015-02-10,118.47000122070312,170.8277130126953,82.72004699707031,83.23675537109375
2015-02-11,117.06999969482422,170.92689514160156,82.56669616699219,83.20574188232422
2015-02-12,117.33999633789062,172.57057189941406,82.43524169921875,83.23675537109375
2015-02-13,117.9800033569336,173.2809600830078,82.26730346679688,82.95812225341797
2015-02-17,116.01000213623047,173.55355834960938,81.85105895996094,82.36986541748047
2015-02-18,116.33999633789062,173.57009887695312,82.19427490234375,82.76456451416016
2015-02-19,115.94000244140625,173.4462127685547,82.12852478027344,82.55562591552734
2015-02-20,115.27999877929688,174.4869842529297,82.13585662841797,82.50919342041016
2015-02-23,115.43000030517578,174.4622344970703,82.2891845703125,82.88844299316406
2015-02-24,115.26000213623047,174.9578094482422,82.78575134277344,83.43793487548828
2015-02-25,115.69999694824219,174.80917358398438,82.92453002929688,83.51536560058594
2015-02-26,116.06999969482422,174.6026611328125,82.86605072021484,83.02003479003906
2015-02-27,116.16000366210938,174.0078887939453,83.3480224609375,83.31414031982422
2015-03-02,115.68000030517578,175.1065216064453,82.66890716552734,82.69398498535156
2015-03-03,115.47000122070312,174.38784790039062,82.78575134277344,82.51567077636719
2015-03-04,115.11000061035156,173.65274047851562,82.86605072021484,82.5776596069336
2015-03-05,115.0,173.8426971435547,82.72004699707031,82.62417602539062
2015-03-06,111.86000061035156,171.39768981933594,81.76345825195312,81.77921295166016
2015-03-09,111.97000122070312,172.1080780029297,81.6392822265625,82.15904235839844
2015-03-10,111.41999816894531,169.316162109375,81.7342300415039,82.50786590576172
2015-03-11,110.75,168.91966247558594,81.87297821044922,82.65516662597656
2015-03-12,110.72000122070312,171.0673065185547,81.6904296875,82.7326889038086
2015-03-13,110.87999725341797,170.01821899414062,81.42752838134766,82.60868835449219
2015-03-16,110.80999755859375,172.2897491455078,81.54435729980469,82.89551544189453
2015-03-17,110.20999908447266,171.77769470214844,81.62468719482422,83.06608581542969
2015-03-18,112.37000274658203,173.8426971435547,82.87337493896484,84.01961517333984
2015-03-19,112.29000091552734,173.04965209960938,82.8222885131836,83.62425994873047
2015-03-20,113.56999969482422,174.57716369628906,83.07056427001953,83.96530151367188
2015-03-23,114.29000091552734,174.23699951171875,83.03401184082031,84.07386779785156
2015-03-24,114.56999969482422,173.25799560546875,83.4356689453125,84.32967376708984
2015-03-25,114.7300033569336,170.71905517578125,83.41372680664062,83.96530151367188
2015-03-26,115.4800033569336,170.31256103515625,82.96830749511719,83.4924087524414
2015-03-27,115.05999755859375,170.7025146484375,83.00479888916016,83.81806945800781
2015-03-30,113.75,172.78506469726562,82.75654602050781,83.81028747558594
2015-03-31,113.66000366210938,171.2749786376953,82.94640350341797,84.0273666381836
2015-04-01,115.5999984741211,170.6693115234375,83.5889892578125,84.42727661132812
2015-04-02,115.27999877929688,171.28326416015625,83.28236389160156,84.18650817871094
2015-04-06,116.69000244140625,172.43661499023438,83.61090087890625,84.29521179199219
2015-04-07,116.11000061035156,171.980224609375,83.79345703125,84.36515808105469
2015-04-08,115.47000122070312,172.56105041503906,83.5889892578125,84.2874755859375
2015-04-09,114.66999816894531,173.3243408203125,83.28960418701172,83.94584655761719
2015-04-10,115.97000122070312,174.2702178955078,83.20930480957031,83.92252349853516
2015-04-13,115.13999938964844,173.48202514648438,83.2311782836914,84.09337615966797
2015-04-14,114.44000244140625,173.8138885498047,83.45026397705078,84.34184265136719
2015-04-15,115.43000030517578,174.59378051757812,83.70584869384766,84.38842010498047
2015-04-16,115.02999877929688,174.54403686523438,83.80074310302734,84.45055389404297
2015-04-17,115.5999984741211,172.53616333007812,84.33385467529297,84.621337890625
2015-04-20,114.72000122070312,174.11257934570312,84.10746002197266,84.46605682373047
2015-04-21,115.37999725341797,173.90521240234375,83.80806732177734,84.2874755859375
2015-04-22,113.83000183105469,174.75975036621094,83.42101287841797,83.79833221435547
2015-04-23,114.66000366210938,175.19947814941406,83.63284301757812,84.0545425415039
2015-04-24,113.05000305175781,175.6060333251953,83.99061584472656,84.34959411621094
2015-04-27,115.33000183105469,174.8758544921875,84.00524139404297,84.21757507324219
2015-04-28,116.33000183105469,175.43177795410156,83.52330780029297,83.82933044433594
2015-04-29,115.51000213623047,174.70994567871094,83.36996459960938,83.51870727539062
2015-04-30,113.47000122070312,172.9592742919922,83.50872802734375,83.49545288085938
2015-05-01,113.08000183105469,174.8344268798828,83.16547393798828,83.0389633178711
2015-05-04,114.0999984741211,175.33226013183594,82.84416198730469,82.86790466308594
2015-05-05,114.41999816894531,173.3243408203125,82.80766296386719,82.72787475585938
2015-05-06,114.36000061035156,172.61077880859375,82.14313507080078,82.32352447509766
2015-05-07,113.41999816894531,173.29949951171875,82.35493469238281,82.6734619140625
2015-05-08,113.97000122070312,175.58116149902344,82.69811248779297,82.99227142333984
2015-05-11,113.52999877929688,174.74313354492188,81.94599914550781,82.17577362060547
2015-05-12,114.5,174.22042846679688,82.0263442993164,82.23795318603516
2015-05-13,116.55000305175781,174.2535858154297,81.9021987915039,82.1291275024414
2015-05-14,117.18000030517578,176.07064819335938,82.0555191040039,82.40906524658203
2015-05-15,117.52999877929688,176.26148986816406,82.62509155273438,83.00009155273438
2015-05-18,117.5199966430664,176.80914306640625,82.18700408935547,82.44013977050781
2015-05-19,115.88999938964844,176.7509765625,81.79263305664062,82.07464599609375
2015-05-20,116.08000183105469,176.62660217285156,82.01172637939453,82.2535629272461
2015-05-21,115.69000244140625,177.1409912109375,82.32568359375,82.74348449707031
2015-05-22,115.5999984741211,176.71783447265625,82.46443176269531,82.55681610107422
2015-05-26,113.91000366210938,174.81781005859375,82.53018188476562,83.07005310058594
2015-05-27,113.88999938964844,176.4772186279297,82.45716857910156,83.02340698242188
2015-05-28,114.0199966430664,176.2781524658203,82.40605163574219,83.10118103027344
2015-05-29,114.0999984741211,175.18287658691406,82.66890716552734,83.14788055419922
2015-06-01,114.0,175.53970336914062,82.15773010253906,82.78099060058594
2015-06-02,114.45999908447266,175.3654327392578,81.82186126708984,82.20458984375
2015-06-03,113.63999938964844,175.8300323486328,81.31800842285156,81.50361633300781
2015-06-04,112.83999633789062,174.34487915039062,81.54435729980469,81.90079498291016
2015-06-05,112.23999786376953,174.04620361328125,81.31800842285156,81.30888366699219
2015-06-08,112.56999969482422,172.9758758544922,81.42752838134766,81.42572021484375
2015-06-09,112.81999969482422,172.9510040283203,81.2449722290039,81.16085815429688
2015-06-10,113.77999877929688,175.0252685546875,80.9529037475586,80.84931182861328
2015-06-11,113.26000213623047,175.58949279785156,81.35452270507812,81.48804473876953
2015-06-12,113.2300033569336,174.24530029296875,81.3983383178711,81.44127655029297
2015-06-15,113.7300033569336,173.4985809326172,81.66120910644531,81.63599395751953
2015-06-16,113.31999969482422,174.4444122314453,82.14313507080078,81.94757080078125
2015-06-17,113.8499984741211,174.7265167236328,82.23809051513672,81.99430847167969
2015-06-18,115.31999969482422,176.54360961914062,82.04092407226562,81.93199920654297
2015-06-19,115.12000274658203,175.7598876953125,82.23077392578125,82.36820220947266
2015-06-22,113.63999938964844,176.66030883789062,81.86566925048828,81.67501831054688
2015-06-23,112.88999938964844,176.7853546142578,81.68309783935547,81.42572021484375
2015-06-24,112.58999633789062,175.50143432617188,81.82918548583984,81.6671371459961
2015-06-25,112.44000244140625,174.96778869628906,81.74153137207031,81.46466064453125
2015-06-26,112.55999755859375,174.9344940185547,81.37641143798828,81.07518768310547
2015-06-29,113.06999969482422,171.26600646972656,81.97523498535156,82.01766204833984
2015-06-30,112.37000274658203,171.6245880126953,81.82186126708984,81.79176330566406
2015-07-01,111.9800033569336,173.00015258789062,81.52249908447266,81.36429595947266
2015-07-02,111.76000213623047,172.8417510986328,81.88029479980469,81.6529312133789
2015-07-06,112.05999755859375,172.3498992919922,82.20159149169922,82.23023986816406
2015-07-07,110.76000213623047,173.43380737304688,82.47179412841797,82.4486312866211
2015-07-08,111.08999633789062,170.52401733398438,82.57396697998047,82.77623748779297
2015-07-09,111.36000061035156,170.83253479003906,82.04092407226562,82.19903564453125
2015-07-10,111.48999786376953,172.98348999023438,81.65390014648438,81.6295394897461
2015-07-13,110.98999786376953,174.892822265625,81.36912536621094,81.41109466552734
2015-07-14,110.73999786376953,175.65147399902344,81.50057220458984,81.66854095458984
2015-07-15,110.16000366210938,175.59312438964844,81.72692108154297,81.98059844970703
2015-07-16,109.76000213623047,177.00213623046875,81.82918548583984,81.94937896728516
2015-07-17,108.6500015258789,177.15220642089844,81.79996490478516,81.95719909667969
2015-07-20,105.69999694824219,177.24391174316406,81.58090209960938,81.79337310791016
2015-07-21,105.37000274658203,176.54360961914062,81.77072143554688,82.01959228515625
2015-07-22,104.80000305175781,176.22679138183594,81.80724334716797,82.1209945678711
2015-07-23,104.33000183105469,175.234619140625,81.94599914550781,82.45645141601562
2015-07-24,105.3499984741211,173.41709899902344,81.85838317871094,82.5344467163086
2015-07-27,104.86000061035156,172.40823364257812,82.0263442993164,82.8074951171875
2015-07-28,105.0199966430664,174.52593994140625,81.82918548583984,82.57344818115234
2015-07-29,105.16999816894531,175.72653198242188,81.82186126708984,82.45645141601562
2015-07-30,104.2699966430664,175.7682342529297,81.9386978149414,82.5500259399414
2015-07-31,104.93000030517578,175.50143432617188,82.260009765625,83.03369903564453
2015-08-03,104.0999984741211,174.9095001220703,82.18700408935547,83.28685760498047
2015-08-04,104.30999755859375,174.5676727294922,81.72692108154297,82.85713195800781
2015-08-05,103.93000030517578,175.14291381835938,81.47134399414062,82.53678894042969
2015-08-06,104.38999938964844,173.70892333984375,81.61737823486328,82.82588958740234
2015-08-07,104.6500015258789,173.3753662109375,81.84376525878906,83.1540756225586
2015-08-10,105.72000122070312,175.55978393554688,81.72692108154297,82.8102035522461
2015-08-11,106.26000213623047,173.9757080078125,82.06282043457031,83.35717010498047
2015-08-12,107.75,174.1841278076172,81.87297821044922,83.32589721679688
2015-08-13,106.86000061035156,173.9673614501953,81.65390014648438,83.10713195800781
2015-08-14,106.8499984741211,174.6009979248047,81.5662612915039,83.02117919921875
2015-08-17,107.12999725341797,175.57644653320312,81.55892944335938,83.16962432861328
2015-08-18,107.11000061035156,175.06785583496094,81.36182403564453,83.0368423461914
2015-08-19,108.55000305175781,173.6838836669922,81.6392822265625,83.5446548461914
2015-08-20,110.44000244140625,170.05714416503906,81.86566925048828,83.771240234375
2015-08-21,111.12999725341797,164.93797302246094,81.89482879638672,84.10720825195312
2015-08-24,110.52999877929688,157.99295043945312,81.61009216308594,84.24787139892578
2015-08-25,109.16000366210938,156.13375854492188,81.4129409790039,83.78685760498047
2015-08-26,107.66999816894531,162.12831115722656,80.92365264892578,83.27125549316406
2015-08-27,107.7300033569336,166.13856506347656,81.31800842285156,83.22435760498047
2015-08-28,108.69999694824219,166.14691162109375,81.55167388916016,83.23997497558594
2015-08-31,108.81999969482422,164.80458068847656,81.47869873046875,83.09929656982422
2015-09-01,109.19999694824219,159.88558959960938,81.33072662353516,83.47261047363281
2015-09-02,108.62000274658203,162.92034912109375,81.07447052001953,83.24569702148438
2015-09-03,107.83999633789062,163.0370635986328,81.08177185058594,83.4491195678711
2015-09-04,107.48999786376953,160.56918334960938,81.21357727050781,83.70736694335938
2015-09-08,107.5199966430664,164.6044921875,80.84745788574219,83.3395767211914
2015-09-09,106.12999725341797,162.40347290039062,81.03057098388672,83.370849609375
2015-09-10,106.37999725341797,163.28713989257812,81.05250549316406,83.18306732177734
2015-09-11,106.16000366210938,164.0292205810547,81.27951049804688,83.40219116210938
2015-09-14,106.22000122070312,163.42059326171875,81.12570190429688,83.48043060302734
2015-09-15,105.9000015258789,165.4632568359375,80.57652282714844,82.82305908203125
2015-09-16,107.30999755859375,166.89727783203125,80.55458068847656,82.79962921142578
2015-09-17,108.41000366210938,166.5220947265625,81.18431091308594,83.48822784423828
2015-09-18,109.20999908447266,163.80087280273438,81.44055938720703,83.87950134277344
2015-09-21,108.52999877929688,164.6472930908203,80.9279556274414,83.40219116210938
2015-09-22,107.79000091552734,162.51022338867188,81.12570190429688,83.81693267822266
2015-09-23,108.22000122070312,162.2504119873047,81.06710052490234,83.72300720214844
2015-09-24,110.48999786376953,161.66375732421875,81.07447052001953,83.84822845458984
2015-09-25,109.80999755859375,161.6219024658203,80.64242553710938,83.62911987304688
2015-09-28,108.41999816894531,157.5655975341797,80.66436767578125,84.10645294189453
2015-09-29,107.9800033569336,157.65777587890625,80.89139556884766,84.3959732055664
2015-09-30,106.86000061035156,160.59942626953125,81.05250549316406,84.41167449951172
2015-10-01,106.7300033569336,161.0184783935547,81.3470230102539,84.47747802734375
2015-10-02,108.98999786376953,163.4237518310547,81.81591796875,84.8849868774414
2015-10-05,108.7699966430664,166.3318328857422,81.56682586669922,84.41478729248047
2015-10-06,109.86000061035156,165.76194763183594,81.80127716064453,84.58720397949219
2015-10-07,109.69999694824219,167.11961364746094,81.78659057617188,84.3756103515625
2015-10-08,109.13999938964844,168.62815856933594,81.75730895996094,84.15613555908203
2015-10-09,110.87000274658203,168.7287139892578,81.53014373779297,84.20320892333984
2015-10-12,111.30999755859375,168.88796997070312,81.67674255371094,84.48531341552734
2015-10-13,111.86000061035156,167.8236083984375,81.63272857666016,84.56368255615234
2015-10-14,113.80999755859375,167.01910400390625,81.9111557006836,85.02606201171875
2015-10-15,113.29000091552734,169.58352661132812,81.75730895996094,84.73612213134766
2015-10-16,112.48999786376953,170.35459899902344,81.53750610351562,84.6655502319336
2015-10-19,112.0199966430664,170.43841552734375,81.3982925415039,84.62637329101562
2015-10-20,112.7300033569336,170.2205047607422,81.30305480957031,84.33641815185547
2015-10-21,111.7300033569336,169.16448974609375,81.35433197021484,84.62637329101562
2015-10-22,111.69000244140625,172.0223388671875,81.63272857666016,84.71257019042969
2015-10-23,111.5,173.90798950195312,81.5155258178711,84.23453521728516
2015-10-26,111.43000030517578,173.48056030273438,81.49353790283203,84.45401763916016
2015-10-27,111.68000030517578,173.14535522460938,81.67674255371094,84.6655502319336
2015-10-28,110.77999877929688,175.1148223876953,81.26641082763672,84.22669982910156
2015-10-29,109.72000122070312,175.01425170898438,81.04662322998047,83.70941925048828
2015-10-30,109.30000305175781,174.260009765625,81.29572296142578,83.87403106689453
2015-11-02,108.58999633789062,176.32162475585938,81.25910186767578,83.63304138183594
2015-11-03,106.9800033569336,176.83285522460938,81.11988830566406,83.41326141357422
2015-11-04,105.97000122070312,176.2965087890625,81.00997161865234,83.3269271850586
2015-11-05,105.63999938964844,176.1204376220703,80.75360107421875,83.27198791503906
2015-11-06,104.0999984741211,176.0283203125,80.41654205322266,82.706787109375
2015-11-09,104.4000015258789,174.38565063476562,80.38725280761719,82.5655288696289
2015-11-10,104.18000030517578,174.7879638671875,80.35794067382812,82.72254180908203
2015-11-11,103.83000183105469,174.10073852539062,80.35055541992188,82.68333435058594
2015-11-12,103.8499984741211,171.67027282714844,80.35055541992188,82.73039245605469
2015-11-13,103.55999755859375,169.7427978515625,80.46048736572266,83.04431915283203
2015-11-16,103.70999908447266,172.32403564453125,80.41654205322266,83.15424346923828
2015-11-17,102.33999633789062,172.19837951660156,80.56304931640625,83.13069915771484
2015-11-18,102.43000030517578,174.93040466308594,80.68030548095703,83.09143829345703
2015-11-19,103.55999755859375,174.77960205078125,80.96601104736328,83.27198791503906
2015-11-20,103.08999633789062,175.41651916503906,81.03196716308594,83.16207885742188
2015-11-23,102.26000213623047,175.2153778076172,81.127197265625,83.27198791503906
2015-11-24,102.94000244140625,175.4500274658203,81.21514129638672,83.35042572021484
2015-11-25,102.45999908447266,175.4249267578125,81.17115783691406,83.39755249023438
2015-11-27,101.25,175.62599182128906,81.21514129638672,83.48390197753906
2015-11-30,101.91999816894531,174.89694213867188,81.1784896850586,83.51531982421875
2015-12-01,102.27999877929688,176.56466674804688,81.47891235351562,83.95948028564453
2015-12-02,100.69000244140625,174.76284790039062,81.20045471191406,83.72364807128906
2015-12-03,101.76000213623047,172.315673828125,80.6949462890625,82.8431625366211
2015-12-04,104.0199966430664,175.67636108398438,80.90009307861328,83.14974975585938
2015-12-07,102.66999816894531,174.61199951171875,80.87078094482422,83.4170913696289
2015-12-08,102.83999633789062,173.43869018554688,80.89273834228516,83.46419525146484
2015-12-09,102.63999938964844,172.08941650390625,80.73890686035156,83.5899887084961
2015-12-10,102.55000305175781,172.53355407714844,80.56304931640625,83.40912628173828
2015-12-11,103.11000061035156,169.18963623046875,80.82684326171875,84.07740020751953
2015-12-14,101.79000091552734,170.0444793701172,80.2480239868164,83.45633697509766
2015-12-15,101.5199966430664,171.8295135498047,80.20404815673828,83.24407196044922
2015-12-16,102.75,174.34378051757812,79.9696273803711,83.0239486694336
2015-12-17,100.5,171.68710327148438,80.2480239868164,83.36985778808594
2015-12-18,102.04000091552734,168.6285400390625,80.46781921386719,83.66864776611328
2015-12-21,103.1500015258789,170.01956176757812,80.32130432128906,83.70793914794922
2015-12-22,102.61000061035156,171.56236267089844,80.21142578125,83.47203826904297
2015-12-23,102.30999755859375,173.68682861328125,80.28465270996094,83.28340911865234
2015-12-24,103.05000305175781,173.40020751953125,80.42388153076172,83.4361572265625
2015-12-28,102.2699966430664,173.0039520263672,80.44588470458984,83.451904296875
2015-12-29,102.19999694824219,174.8502655029297,80.13813018798828,83.01093292236328
2015-12-30,101.41999816894531,173.6109619140625,80.22606658935547,83.04248046875
2015-12-31,101.45999908447266,171.874267578125,80.35794067382812,83.13690948486328
2016-01-04,102.88999938964844,169.47158813476562,80.67295837402344,83.49127197265625
2016-01-05,103.18000030517578,169.75816345214844,80.6216812133789,83.46760559082031
2016-01-06,104.66999816894531,167.61683654785156,80.87812042236328,83.97151947021484
2016-01-07,106.1500015258789,163.59548950195312,80.81217956542969,84.15261840820312
2016-01-08,105.68000030517578,161.7997283935547,80.87812042236328,84.36524200439453
2016-01-11,104.73999786376953,161.9598846435547,80.4531478881836,84.09748840332031
2016-01-12,104.20999908447266,163.26666259765625,80.67295837402344,84.47547149658203
2016-01-13,104.72000122070312,159.19467163085938,80.84146118164062,84.8061294555664
2016-01-14,103.0199966430664,161.80810546875,80.76824951171875,84.63292694091797
2016-01-15,104.08000183105469,158.33474731445312,80.76824951171875,85.02659606933594
2016-01-19,103.9800033569336,158.54556274414062,80.68760681152344,84.9164047241211
2016-01-20,105.37000274658203,156.51376342773438,80.7315444946289,85.33364868164062
2016-01-21,105.48999786376953,157.3905487060547,80.43852233886719,85.12110137939453
2016-01-22,105.0,160.6194305419922,80.55571746826172,84.93212127685547
2016-01-25,106.08000183105469,158.19139099121094,80.7095947265625,85.21554565429688
2016-01-26,107.29000091552734,160.34962463378906,80.91473388671875,85.278564453125
2016-01-27,107.69000244140625,158.60447692871094,81.11988830566406,85.34154510498047
2016-01-28,106.54000091552734,159.4307861328125,81.28840637207031,85.45169830322266
2016-01-29,106.94999694824219,163.3172149658203,81.61809539794922,85.9084243774414
2016-02-01,108.05000305175781,163.2582550048828,81.4715576171875,85.71052551269531
2016-02-02,108.08999633789062,160.31597900390625,81.72065734863281,86.31766510009766
2016-02-03,109.25,161.27699279785156,81.82328796386719,86.22305297851562
2016-02-04,110.56999969482422,161.52993774414062,81.83788299560547,86.42803955078125
2016-02-05,112.31999969482422,158.45278930664062,81.61075592041016,86.53845977783203
2016-02-08,113.83000183105469,156.31985473632812,81.66938018798828,87.18499755859375
2016-02-09,113.58000183105469,156.3282470703125,81.4862060546875,87.20081329345703
2016-02-10,114.45999908447266,156.1934051513672,81.78659057617188,87.46100616455078
2016-02-11,119.05999755859375,154.16159057617188,82.07237243652344,87.86316680908203
2016-02-12,118.36000061035156,157.33990478515625,81.7646255493164,87.19290924072266
2016-02-16,114.7699966430664,159.99559020996094,81.4275894165039,86.93274688720703
2016-02-17,115.4800033569336,162.60902404785156,81.28840637207031,86.7198486328125
2016-02-18,118.29000091552734,161.9430694580078,81.5155258178711,87.1219482421875
2016-02-19,117.58000183105469,161.8671417236328,81.58146667480469,87.1219482421875
2016-02-22,115.48999786376953,164.2108917236328,81.7793197631836,87.03522491455078
2016-02-23,117.22000122070312,162.1369171142578,82.02835845947266,87.2086410522461
2016-02-24,117.61000061035156,162.87884521484375,82.21155548095703,87.2086410522461
2016-02-25,117.91999816894531,164.85162353515625,82.5485610961914,87.46890258789062
2016-02-26,117.11000061035156,164.4722137451172,82.33609008789062,87.04310607910156
2016-02-29,118.63999938964844,163.18231201171875,82.61451721191406,87.18499755859375
2016-03-01,117.7699966430664,167.0182647705078,82.38738250732422,86.50360107421875
2016-03-02,118.68000030517578,167.7686004638672,82.56319427490234,86.35356140136719
2016-03-03,120.7300033569336,168.42617797851562,82.73174285888672,86.45616912841797
2016-03-04,120.54000091552734,168.97418212890625,82.47526550292969,86.1640625
2016-03-07,121.13999938964844,169.10910034179688,82.14558410644531,85.9903564453125
2016-03-08,120.58000183105469,167.2627410888672,82.46065521240234,86.48780059814453
2016-03-09,119.58000183105469,168.08892822265625,82.40937805175781,86.14824676513672
2016-03-10,121.5,168.2238311767578,82.12362670898438,85.84031677246094
2016-03-11,119.41000366210938,170.93846130371094,82.09429931640625,85.59547424316406
2016-03-14,117.87000274658203,170.71923828125,81.99909973144531,85.65868377685547
2016-03-15,117.95999908447266,170.4410858154297,81.83788299560547,85.64286804199219
2016-03-16,120.58999633789062,171.42739868164062,82.7097396850586,86.09297943115234
2016-03-17,120.12999725341797,172.51502990722656,82.89292907714844,86.18775177001953
2016-03-18,119.80000305175781,173.1929473876953,83.17131042480469,86.33773040771484
2016-03-21,118.95999908447266,173.4386749267578,83.19331359863281,86.09297943115234
2016-03-22,119.30999755859375,173.34539794921875,82.98082733154297,85.91136932373047
2016-03-23,116.61000061035156,172.20143127441406,83.06876373291016,86.30615997314453
2016-03-24,116.33000183105469,172.12515258789062,82.87826538085938,86.21932220458984
2016-03-28,116.5999984741211,172.2268524169922,82.98082733154297,86.34565734863281
2016-03-29,118.76000213623047,173.8199920654297,83.85270690917969,86.92996978759766
2016-03-30,117.0999984741211,174.5826416015625,83.90400695800781,86.81151580810547
2016-03-31,117.63999938964844,174.15896606445312,83.99189758300781,87.12737274169922
2016-04-01,116.93000030517578,175.34535217285156,84.05785369873047,87.10208129882812
2016-04-04,116.1500015258789,174.77757263183594,84.16044616699219,87.20487976074219
2016-04-05,117.66000366210938,173.0319366455078,84.24834442138672,87.55284881591797
2016-04-06,116.94000244140625,174.9215850830078,84.02852630615234,87.363037109375
2016-04-07,118.61000061035156,172.8285369873047,84.32160186767578,87.81378936767578
2016-04-08,118.43000030517578,173.29457092285156,84.15306854248047,87.67937469482422
2016-04-11,120.02999877929688,172.88784790039062,83.94062805175781,87.66356658935547
2016-04-12,120.05000305175781,174.49794006347656,83.58894348144531,87.31558990478516
2016-04-13,118.7699966430664,176.26055908203125,83.6622314453125,87.37887573242188
2016-04-14,117.11000061035156,176.26898193359375,83.46438598632812,87.1732406616211
2016-04-15,117.91999816894531,176.0740966796875,83.76477813720703,87.43423461914062
2016-04-18,117.73999786376953,177.31130981445312,83.7501220703125,87.34723663330078
2016-04-19,119.58000183105469,177.87057495117188,83.89665985107422,87.20487976074219
2016-04-20,118.97000122070312,178.04005432128906,83.54495239257812,86.76200103759766
2016-04-21,119.41999816894531,177.08250427246094,83.44241333007812,86.61968231201172
2016-04-22,117.88999938964844,177.08250427246094,83.39111328125,86.52474975585938
2016-04-25,118.2300033569336,176.77745056152344,83.29589080810547,86.42987823486328
2016-04-26,118.69999694824219,177.04013061523438,83.2592544555664,86.24799346923828
2016-04-27,119.04000091552734,177.4044952392578,83.76477813720703,86.72247314453125
2016-04-28,121.29000091552734,175.79446411132812,84.20438385009766,87.02297973632812
2016-04-29,123.6500015258789,174.84536743164062,84.16773223876953,86.9913558959961
2016-05-02,123.23999786376953,176.23513793945312,83.88933563232422,86.73870086669922
2016-05-03,122.95999908447266,174.70127868652344,83.92595672607422,87.25350189208984
2016-05-04,122.20999908447266,173.7267303466797,84.0212173461914,87.41189575195312
2016-05-05,122.06999969482422,173.69290161132812,84.29232788085938,87.64955139160156
2016-05-06,123.18000030517578,174.3284149169922,83.9992446899414,87.4435806274414
2016-05-09,120.6500015258789,174.4724884033203,84.05049896240234,87.60990142822266
2016-05-10,120.9800033569336,176.6417999267578,84.30694580078125,87.59403228759766
2016-05-11,122.12000274658203,174.9893798828125,84.29232788085938,87.72870635986328
2016-05-12,121.16000366210938,175.04026794433594,84.23369598388672,87.49108123779297
2016-05-13,121.70999908447266,173.51492309570312,84.4388198852539,87.82374572753906
2016-05-16,121.80000305175781,175.22666931152344,84.34358215332031,87.50697326660156
2016-05-17,122.22000122070312,173.59115600585938,84.4022216796875,87.38815307617188
2016-05-18,120.0999984741211,173.6420440673828,83.66952514648438,86.68325805664062
2016-05-19,119.87000274658203,173.04037475585938,83.63291931152344,86.77039337158203
2016-05-20,119.70999908447266,174.13351440429688,83.58894348144531,86.82584381103516
2016-05-23,119.37000274658203,173.89622497558594,83.63291931152344,86.88127899169922
2016-05-24,117.30000305175781,176.15037536621094,83.55229949951172,86.73870086669922
2016-05-25,116.9800033569336,177.34519958496094,83.61824798583984,86.69911193847656
2016-05-26,116.58000183105469,177.3960723876953,83.86001586914062,86.96841430664062
2016-05-27,115.62000274658203,178.15869140625,83.7501220703125,86.80203247070312
2016-05-31,116.05999755859375,177.8197479248047,83.62559509277344,86.90504455566406
2016-06-01,115.94000244140625,178.18409729003906,83.498046875,86.8757095336914
2016-06-02,115.66999816894531,178.72650146484375,83.78385925292969,87.14535522460938
2016-06-03,118.87999725341797,178.192626953125,84.32623291015625,87.95439910888672
2016-06-06,118.91999816894531,179.09933471679688,84.42150115966797,87.724365234375
2016-06-07,118.81999969482422,179.3789825439453,84.64866638183594,87.85127258300781
2016-06-08,120.58000183105469,179.96371459960938,84.84656524658203,87.95439910888672
2016-06-09,121.25,179.7179412841797,84.8758773803711,88.0892105102539
2016-06-10,121.73999786376953,178.01466369628906,84.8758773803711,88.39855194091797
2016-06-13,122.63999938964844,176.6417999267578,84.76598358154297,88.57311248779297
2016-06-14,122.7699966430664,176.29437255859375,84.55340576171875,88.54928588867188
2016-06-15,123.68000030517578,176.04867553710938,84.94915008544922,88.81893920898438
2016-06-16,122.37999725341797,176.57400512695312,84.78060913085938,88.91413116455078
2016-06-17,123.94999694824219,175.9164581298828,84.56810760498047,88.61273956298828
2016-06-20,123.20999908447266,177.04937744140625,84.32623291015625,88.23199462890625
2016-06-21,120.83999633789062,177.5519561767578,84.0697021484375,88.03369903564453
2016-06-22,120.9000015258789,177.26235961914062,84.2968978881836,88.20821380615234
2016-06-23,120.11000061035156,179.5707244873047,84.32623291015625,87.78781127929688
2016-06-24,126.0,173.1225128173828,84.85391235351562,89.00135803222656
2016-06-27,126.68000030517578,170.02191162109375,85.10307312011719,89.77070617675781
2016-06-28,125.31999969482422,173.08843994140625,85.396240234375,89.75493621826172
2016-06-29,125.83999633789062,176.0357208251953,85.34494018554688,89.39002990722656
2016-06-30,126.47000122070312,178.43785095214844,85.50621032714844,89.58831024169922
2016-07-01,128.41000366210938,178.81265258789062,86.17015075683594,89.82498168945312
2016-07-05,129.47000122070312,177.52639770507812,86.31000518798828,90.31745147705078
2016-07-06,130.22999572753906,178.5911407470703,86.51611328125,90.33336639404297
2016-07-07,129.74000549316406,178.4804229736328,86.33946228027344,90.21422576904297
2016-07-08,130.52000427246094,181.1380615234375,86.53085327148438,90.38896942138672
2016-07-11,129.2899932861328,181.77694702148438,86.11129760742188,89.91239929199219
2016-07-12,127.1500015258789,183.0972442626953,85.82420349121094,89.38021087646484
2016-07-13,128.32000732421875,183.07167053222656,86.00819396972656,89.61054992675781
2016-07-14,127.33000183105469,184.09384155273438,85.78736114501953,89.23723602294922
2016-07-15,126.83999633789062,183.8468780517578,85.69168090820312,88.89569854736328
2016-07-18,127.04000091552734,184.34091186523438,85.63276672363281,88.87185668945312
2016-07-19,127.20999908447266,184.15353393554688,85.64012908935547,89.11014556884766
2016-07-20,125.38999938964844,184.92010498046875,85.48555755615234,88.92748260498047
2016-07-21,127.30000305175781,184.2216796875,85.52237701416016,89.1260757446289
2016-07-22,126.3499984741211,185.04783630371094,85.44878387451172,89.05458068847656
2016-07-25,125.47000122070312,184.54534912109375,85.26469421386719,88.98307800292969
2016-07-26,126.0,184.63050842285156,85.41194915771484,89.0386734008789
2016-07-27,128.02999877929688,184.4346160888672,85.74322509765625,89.41993713378906
2016-07-28,127.66000366210938,184.6475372314453,85.8609848022461,89.46761322021484
2016-07-29,128.97999572753906,184.9456787109375,86.0523910522461,89.80915069580078
2016-08-01,129.22000122070312,184.7923583984375,85.54318237304688,89.49730682373047
2016-08-02,130.27000427246094,183.6083526611328,85.12194061279297,89.28258514404297
2016-08-03,129.64999389648438,184.14495849609375,85.3658447265625,89.3302993774414
2016-08-04,129.8699951171875,184.34091186523438,85.72054290771484,89.5450668334961
2016-08-05,127.55000305175781,185.84860229492188,85.51361083984375,88.98828125
2016-08-08,127.44000244140625,185.73785400390625,85.5727310180664,88.94058227539062
2016-08-09,127.95999908447266,185.84860229492188,85.77965545654297,89.25871276855469
2016-08-10,128.55999755859375,185.38865661621094,85.8018569946289,89.49730682373047
2016-08-11,127.66999816894531,186.24891662597656,85.5727310180664,89.06780242919922
2016-08-12,127.4000015258789,186.087158203125,85.79441833496094,89.38597106933594
2016-08-15,127.83999633789062,186.62376403808594,85.5727310180664,89.12348937988281
2016-08-16,128.47000122070312,185.66119384765625,85.45447540283203,88.97239685058594
2016-08-17,128.5,186.0104217529297,85.71315002441406,89.11554718017578
2016-08-18,129.11000061035156,186.4277801513672,85.86097717285156,89.27462005615234
2016-08-19,127.97000122070312,186.1552276611328,85.72054290771484,88.97239685058594
2016-08-22,127.77999877929688,186.146728515625,85.89788055419922,89.17123413085938
2016-08-23,127.76000213623047,186.52157592773438,86.01619720458984,89.16324615478516
2016-08-24,126.33999633789062,185.56747436523438,85.88314819335938,89.1314697265625
2016-08-25,126.2300033569336,185.4397735595703,85.83879852294922,88.98828125
2016-08-26,126.05000305175781,185.0904541015625,85.50623321533203,88.64629364013672
2016-08-29,126.30000305175781,186.00189208984375,85.81664276123047,89.01215362548828
2016-08-30,125.02999877929688,185.6953125,85.74272155761719,89.00421142578125
2016-08-31,124.77999877929688,185.16712951660156,85.75749969482422,88.90077209472656
2016-09-01,125.29000091552734,185.17568969726562,85.83020782470703,89.04015350341797
2016-09-02,126.56999969482422,186.0104217529297,85.73375701904297,88.8092269897461
2016-09-06,128.7100067138672,186.57264709472656,86.14169311523438,89.223388671875
2016-09-07,128.27000427246094,186.5556182861328,86.25298309326172,89.27118682861328
2016-09-08,127.58999633789062,186.1296844482422,85.9488525390625,88.83312225341797
2016-09-09,126.75,181.6747283935547,85.35548400878906,88.41095733642578
2016-09-12,126.58999633789062,184.28128051757812,85.38518524169922,88.4906005859375
2016-09-13,125.75,181.6321563720703,85.00689697265625,88.1640396118164
2016-09-14,126.18000030517578,181.56396484375,85.14037322998047,88.36317443847656
2016-09-15,125.37000274658203,183.37835693359375,85.11817169189453,88.38703155517578
2016-09-16,125.05999755859375,182.6694793701172,85.25907135009766,88.4826431274414
2016-09-19,125.31999969482422,182.70372009277344,85.15522766113281,88.33132934570312
2016-09-20,125.44000244140625,182.7123260498047,85.14037322998047,88.46669006347656
2016-09-21,127.2699966430664,184.76695251464844,85.54092407226562,88.6100845336914
2016-09-22,127.56999969482422,185.9312744140625,85.9637222290039,88.8729019165039
2016-09-23,127.6500015258789,184.91250610351562,86.20103454589844,88.91275787353516
2016-09-26,127.55000305175781,183.41429138183594,86.23811340332031,89.16761779785156
2016-09-27,126.62000274658203,184.55294799804688,86.3122787475586,89.3189697265625
2016-09-28,126.22000122070312,185.46897888183594,86.4161376953125,89.27914428710938
2016-09-29,126.06999969482422,183.79100036621094,86.40129089355469,89.33487701416016
2016-09-30,125.63999938964844,185.17788696289062,86.40129089355469,89.11185455322266
2016-10-03,125.31999969482422,184.73272705078125,86.3197021484375,88.90449523925781
2016-10-04,120.97000122070312,183.79100036621094,85.89692687988281,88.4977798461914
2016-10-05,120.77999877929688,184.60433959960938,85.75602722167969,88.29835510253906
2016-10-06,119.66000366210938,184.73272705078125,85.80052947998047,88.11492919921875
2016-10-07,119.73999786376953,184.0991973876953,85.77828979492188,88.24254608154297
2016-10-10,120.16000366210938,185.05804443359375,85.65958404541016,88.01119995117188
2016-10-11,119.55000305175781,182.72088623046875,85.59285736083984,87.9873275756836
2016-10-12,119.73999786376953,182.96058654785156,85.56315612792969,87.9873275756836
2016-10-13,120.02999877929688,182.36123657226562,85.69667053222656,88.17073822021484
2016-10-14,119.36000061035156,182.45542907714844,85.61511993408203,87.89960479736328
2016-10-17,119.68000030517578,181.82191467285156,86.00079345703125,88.0910415649414
2016-10-18,120.41999816894531,182.96058654785156,86.05268859863281,88.26643371582031
2016-10-19,121.11000061035156,183.44850158691406,86.17135620117188,88.30632781982422
2016-10-20,120.73999786376953,183.1060791015625,86.03787231445312,88.2265625
2016-10-21,120.83000183105469,183.19168090820312,86.13430786132812,88.322265625
2016-10-24,120.55999755859375,183.97079467773438,86.00079345703125,88.20262908935547
2016-10-25,121.47000122070312,183.3543701171875,86.13430786132812,88.18669128417969
2016-10-26,120.79000091552734,182.98623657226562,86.0452880859375,87.99530029296875
2016-10-27,121.01000213623047,182.49826049804688,85.67443084716797,87.69219970703125
2016-10-28,121.58000183105469,181.9588623046875,85.77088165283203,87.70817565917969
2016-10-31,121.94000244140625,181.96749877929688,85.93399047851562,87.77995300292969
2016-11-01,122.7300033569336,180.64903259277344,85.94144439697266,87.78315734863281
2016-11-02,123.63999938964844,179.56179809570312,85.97853088378906,88.04666900634766
2016-11-03,124.30000305175781,178.7399139404297,85.73375701904297,87.99076080322266
2016-11-04,124.38999938964844,178.54302978515625,85.95626068115234,88.26231384277344
2016-11-07,122.1500015258789,182.48114013671875,85.91177368164062,87.8949203491211
2016-11-08,121.63999938964844,183.30300903320312,85.76343536376953,87.5834732055664
2016-11-09,121.55999755859375,185.2463836669922,85.12554931640625,86.24967956542969
2016-11-10,119.75,185.70864868164062,84.97722625732422,85.73051452636719
2016-11-11,117.0999984741211,185.28062438964844,84.73986053466797,85.55480194091797
2016-11-14,116.11000061035156,185.4261932373047,84.08714294433594,85.05961608886719
2016-11-15,117.12000274658203,186.8730010986328,84.13908386230469,85.05961608886719
2016-11-16,116.7699966430664,186.52203369140625,84.31712341308594,85.13949584960938
2016-11-17,116.16999816894531,187.48086547851562,84.17618560791016,84.76410675048828
2016-11-18,115.1500015258789,187.06134033203125,84.05008697509766,84.38874816894531
2016-11-21,115.58000183105469,188.4739227294922,84.2503662109375,84.46060943603516
2016-11-22,115.54000091552734,188.84207153320312,84.32453918457031,84.54048156738281
2016-11-23,113.25,188.94479370117188,84.04267120361328,84.23701477050781
2016-11-25,112.61000061035156,189.64682006835938,83.90178680419922,84.16510009765625
2016-11-28,113.80000305175781,188.7565155029297,84.02783203125,84.54845428466797
2016-11-29,113.2699966430664,189.12457275390625,84.10942840576172,84.63634490966797
2016-11-30,111.75,188.67086791992188,84.1539306640625,84.0693130493164
2016-12-01,111.54000091552734,187.97740173339844,83.91163635253906,83.74853515625
2016-12-02,112.13999938964844,188.07154846191406,83.95619201660156,84.12444305419922
2016-12-05,111.54000091552734,189.20164489746094,84.07513427734375,84.09245300292969
2016-12-06,111.43000030517578,189.80091857910156,84.23868560791016,84.12444305419922
2016-12-07,111.83000183105469,192.2836456298828,84.31298828125,84.40434265136719
2016-12-08,111.56999969482422,192.75453186035156,84.23123168945312,84.0844955444336
2016-12-09,110.4000015258789,193.91885375976562,83.84471130371094,83.652587890625
2016-12-12,110.81999969482422,193.69627380371094,83.82984161376953,83.66857147216797
2016-12-13,110.44999694824219,194.98904418945312,83.80012512207031,83.716552734375
2016-12-14,108.83000183105469,193.37945556640625,83.1385726928711,83.02068328857422
2016-12-15,107.33999633789062,194.17572021484375,82.61824035644531,82.78874969482422
2016-12-16,108.05000305175781,193.7959442138672,82.57368469238281,82.8927230834961
2016-12-19,108.58999633789062,194.21792602539062,82.91561889648438,83.27662658691406
2016-12-20,107.79000091552734,194.96707153320312,82.99739074707031,83.10066223144531
2016-12-21,107.8499984741211,194.42454528808594,83.20547485351562,83.23666381835938
2016-12-22,107.58999633789062,194.08868408203125,83.46562957763672,83.2005844116211
2016-12-23,107.93000030517578,194.37289428710938,83.56228637695312,83.28070831298828
2016-12-27,108.55999755859375,194.85508728027344,83.52509307861328,83.16056823730469
2016-12-28,108.86000061035156,193.24478149414062,83.74061584472656,83.46497344970703
2016-12-29,110.29000091552734,193.20175170898438,83.84471130371094,83.7213134765625
2016-12-30,109.61000061035156,192.4955596923828,84.11975860595703,83.96964263916016
2017-01-03,110.47000122070312,193.96810913085938,84.2015151977539,83.9295883178711
2017-01-04,110.86000061035156,195.12208557128906,84.3873291015625,84.02569580078125
2017-01-05,112.58000183105469,194.96707153320312,84.67723083496094,84.57044219970703
2017-01-06,111.75,195.66464233398438,84.32783508300781,84.18592834472656
2017-01-09,112.66999816894531,195.018798828125,84.46163940429688,84.50635528564453
2017-01-10,113.1500015258789,195.018798828125,84.52857971191406,84.46630096435547
2017-01-11,113.5,195.56991577148438,84.7961654663086,84.56243133544922
2017-01-12,113.91000366210938,195.0790252685547,84.8704833984375,84.6104965209961
2017-01-13,114.20999908447266,195.52687072753906,84.72183227539062,84.42623901367188
2017-01-17,115.8499984741211,194.83790588378906,84.98938751220703,84.85083770751953
2017-01-18,114.87000274658203,195.26852416992188,84.57315063476562,84.25001525878906
2017-01-19,114.7699966430664,194.54510498046875,84.50626373291016,83.9295883178711
2017-01-20,115.05000305175781,195.25990295410156,84.5210952758789,83.96964263916016
2017-01-23,115.79000091552734,194.75181579589844,84.8630599975586,84.41023254394531
2017-01-24,115.2699966430664,196.00047302246094,84.72183227539062,84.08982849121094
2017-01-25,114.31999969482422,197.697021484375,84.44677734375,83.67327880859375
2017-01-26,113.26000213623047,197.4902801513672,84.57315063476562,83.7854232788086
2017-01-27,113.48999786376953,197.1802978515625,84.71440124511719,83.88957214355469
2017-01-30,113.97000122070312,195.95745849609375,84.69206237792969,83.86552429199219
2017-01-31,115.55000305175781,195.94021606445312,84.8704833984375,84.15386962890625
2017-02-01,115.19999694824219,196.0177459716797,84.69206237792969,83.99264526367188
2017-02-02,115.83999633789062,196.14691162109375,84.69953155517578,84.0247573852539
2017-02-03,116.12999725341797,197.49893188476562,84.61032104492188,84.08890533447266
2017-02-06,117.69999694824219,197.14581298828125,84.8184585571289,84.49005126953125
2017-02-07,117.45999908447266,197.15447998046875,84.78125762939453,84.64249420166016
2017-02-08,118.19000244140625,197.41282653808594,84.98197174072266,84.98747253417969
2017-02-09,117.29000091552734,198.583984375,84.8184585571289,84.48206329345703
2017-02-10,117.5999984741211,199.36770629882812,84.8853759765625,84.42588806152344
2017-02-13,116.80000305175781,200.4527130126953,84.75154876708984,84.2975082397461
2017-02-14,116.93000030517578,201.2535858154297,84.55084991455078,83.99264526367188
2017-02-15,117.44999694824219,202.30421447753906,84.66233825683594,83.83216094970703
2017-02-16,118.08000183105469,202.1319580078125,84.66233825683594,84.16913604736328
2017-02-17,117.68000030517578,202.45059204101562,84.8555908203125,84.39378356933594
2017-02-21,117.75,203.65623474121094,84.84814453125,84.3536376953125
2017-02-22,117.91000366210938,203.4753875732422,85.00428771972656,84.49005126953125
2017-02-23,118.94000244140625,203.6131591796875,85.20496368408203,84.71463012695312
2017-02-24,119.69999694824219,203.87152099609375,85.45024108886719,85.10785675048828
2017-02-27,119.12000274658203,204.1901397705078,85.21984100341797,84.80294799804688
2017-02-28,119.2300033569336,203.63902282714844,85.21984100341797,84.76285552978516
2017-03-01,119.05999755859375,206.48944091796875,84.70693969726562,84.1723403930664
2017-03-02,117.58000183105469,205.18905639648438,84.43934631347656,83.93132019042969
2017-03-03,117.51000213623047,205.31822204589844,84.63257598876953,84.01165008544922
2017-03-06,116.72000122070312,204.70684814453125,84.54341125488281,83.9955825805664
2017-03-07,115.77999877929688,204.0953826904297,84.39479064941406,83.87506103515625
2017-03-08,115.05999755859375,203.71649169921875,84.03054809570312,83.59387969970703
2017-03-09,114.47000122070312,203.97479248046875,83.80754852294922,83.36089324951172
2017-03-10,114.72000122070312,204.68959045410156,83.96366882324219,83.5376205444336
2017-03-13,114.73999786376953,204.79295349121094,83.77037048339844,83.3287582397461
2017-03-14,114.12000274658203,204.0093231201172,83.7109146118164,83.41716766357422
2017-03-15,116.25,205.7747039794922,84.46910095214844,84.14824676513672
2017-03-16,116.7300033569336,205.36988830566406,84.40965270996094,83.91527557373047
2017-03-17,116.98999786376953,205.00927734375,84.595458984375,84.1402359008789
2017-03-20,117.51000213623047,204.78439331054688,84.72183227539062,84.3410873413086
2017-03-21,118.54000091552734,202.15504455566406,84.78125762939453,84.62226104736328
2017-03-22,118.83000183105469,202.63075256347656,84.92250061035156,84.78288269042969
2017-03-23,118.66999816894531,202.4145050048828,84.82587432861328,84.69456481933594
2017-03-24,118.86000061035156,202.26756286621094,85.0711669921875,84.74278259277344
2017-03-27,119.52999877929688,202.05992126464844,85.23471069335938,84.95161437988281
2017-03-28,119.04000091552734,203.5302734375,84.95223236083984,84.66242218017578
2017-03-29,119.33000183105469,203.72052001953125,85.17524719238281,84.90342712402344
2017-03-30,118.47000122070312,204.3692169189453,84.96710205078125,84.66242218017578
2017-03-31,118.72000122070312,203.8936004638672,85.21984100341797,84.83106231689453
2017-04-03,119.3499984741211,203.5388946533203,85.42450714111328,85.24876403808594
2017-04-04,119.62000274658203,203.66867065429688,85.32774353027344,85.12802124023438
2017-04-05,119.62000274658203,203.06321716308594,85.49150085449219,85.28894805908203
2017-04-06,119.18000030517578,203.63404846191406,85.4468765258789,85.23262786865234
2017-04-07,119.45999908447266,203.42648315429688,85.1119155883789,84.97513580322266
2017-04-10,119.45999908447266,203.54751586914062,85.15657043457031,85.12802124023438
2017-04-11,121.19000244140625,203.30535888671875,85.32032012939453,85.52227020263672
2017-04-12,122.0199966430664,202.4145050048828,85.64036560058594,85.78780364990234
2017-04-13,122.5999984741211,201.0998992919922,85.76692199707031,86.04528045654297
2017-04-17,122.23999786376953,202.88160705566406,85.56591033935547,85.90850830078125
2017-04-18,122.81999969482422,202.27613830566406,85.75199127197266,86.39934539794922
2017-04-19,121.7300033569336,201.90426635742188,85.59571838378906,86.17400360107422
2017-04-20,121.95999908447266,203.54751586914062,85.50638580322266,85.98092651367188
2017-04-21,122.30999755859375,202.89891052246094,85.38723754882812,86.02116394042969
2017-04-24,121.4800033569336,205.1304168701172,85.36499786376953,85.84413146972656
2017-04-25,120.25,206.3239288330078,85.22356414794922,85.40159606933594
2017-04-26,120.83999633789062,206.19419860839844,85.40216064453125,85.62688446044922
2017-04-27,120.38999938964844,206.36717224121094,85.47660827636719,85.68316650390625
2017-04-28,120.7699966430664,205.91741943359375,85.60315704345703,85.77168273925781
2017-05-01,119.66999816894531,206.4364013671875,85.31513214111328,85.58637237548828
2017-05-02,119.6500015258789,206.51419067382812,85.31513214111328,85.76367950439453
2017-05-03,117.9800033569336,206.26333618164062,85.12859344482422,85.58637237548828
2017-05-04,116.79000091552734,206.50550842285156,84.80775451660156,85.39299011230469
2017-05-05,117.01000213623047,207.31854248046875,84.87489318847656,85.4090576171875
2017-05-08,116.75,207.28396606445312,84.54661560058594,85.19954681396484
2017-05-09,116.05000305175781,207.09371948242188,84.47200012207031,85.10284423828125
2017-05-10,116.04000091552734,207.46560668945312,84.50183868408203,85.07063293457031
2017-05-11,116.5,207.04180908203125,84.75550842285156,85.13518524169922
2017-05-12,116.83000183105469,206.69581604003906,84.88981628417969,85.57027435302734
2017-05-15,117.13999938964844,207.8375244140625,84.66603088378906,85.51387023925781
2017-05-16,117.6500015258789,207.64723205566406,84.7256851196289,85.62669372558594
2017-05-17,119.79000091552734,203.96273803710938,85.21815490722656,86.3116455078125
2017-05-18,118.80999755859375,204.78439331054688,85.3524398803711,86.28740692138672
2017-05-19,119.4000015258789,206.1163330078125,85.50167846679688,86.26329803466797
2017-05-22,119.9000015258789,207.1628875732422,85.36736297607422,86.16658782958984
2017-05-23,119.13999938964844,207.62127685546875,85.2405014038086,85.94095611572266
2017-05-24,119.61000061035156,208.1056671142578,85.29277801513672,86.11820220947266
2017-05-25,119.4800033569336,209.10028076171875,85.1584243774414,86.16658782958984
2017-05-26,120.54000091552734,209.05706787109375,85.35993194580078,86.22297668457031
2017-05-30,120.13999938964844,208.87539672851562,85.54645538330078,86.44056701660156
2017-05-31,120.62000274658203,208.82350158691406,85.56883239746094,86.48084259033203
2017-06-01,120.72000122070312,210.48414611816406,85.52997589111328,86.43567657470703
2017-06-02,121.61000061035156,211.1846923828125,85.87393951416016,86.8149642944336
2017-06-05,121.7300033569336,211.0290069580078,85.64960479736328,86.66969299316406
2017-06-06,123.0999984741211,210.35440063476562,85.7468032836914,86.94413757324219
2017-06-07,122.44999694824219,210.7436065673828,85.54491424560547,86.78266906738281
2017-06-08,121.6500015258789,210.8473663330078,85.45515441894531,86.64546203613281
2017-06-09,120.54000091552734,210.52740478515625,85.38037109375,86.56478118896484
2017-06-12,120.36000061035156,210.48414611816406,85.20088958740234,86.54865264892578
2017-06-13,120.4800033569336,211.51339721679688,85.34297180175781,86.58092498779297
2017-06-14,119.81999969482422,211.24525451660156,85.35795593261719,87.03285217285156
2017-06-15,119.31999969482422,210.83877563476562,84.93916320800781,86.8795394897461
2017-06-16,119.33999633789062,210.8848114013672,85.01392364501953,86.927978515625
2017-06-19,118.43000030517578,212.64048767089844,84.91676330566406,86.68585205078125
2017-06-20,118.18000030517578,211.2063446044922,85.00646209716797,86.90372467041016
2017-06-21,118.5199966430664,211.15428161621094,85.14107513427734,86.8956527709961
2017-06-22,118.91999816894531,211.0586395263672,85.41773986816406,86.9764175415039
2017-06-23,119.43000030517578,211.31069946289062,85.48507690429688,87.00057220458984
2017-06-26,118.36000061035156,211.44976806640625,85.61967468261719,87.0732192993164
2017-06-27,118.80999755859375,209.74627685546875,85.21585083007812,86.64546203613281
2017-06-28,118.9000015258789,211.62355041503906,85.2831802368164,86.56478118896484
2017-06-29,118.31999969482422,209.76365661621094,84.94660186767578,86.24197387695312
2017-06-30,118.0199966430664,210.15475463867188,84.82695007324219,86.04020690917969
2017-07-03,116.08999633789062,210.51113891601562,84.67101287841797,85.7241439819336
2017-07-05,116.5199966430664,210.99777221679688,84.79846954345703,85.78883361816406
2017-07-06,116.47000122070312,209.068359375,84.58104705810547,85.6272201538086
2017-07-07,115.27999877929688,210.42416381835938,84.31864929199219,85.48976135253906
2017-07-10,115.47000122070312,210.65011596679688,84.28114318847656,85.60292053222656
2017-07-11,115.62000274658203,210.49366760253906,84.55104064941406,85.71607971191406
2017-07-12,116.02999877929688,212.07553100585938,84.79846954345703,85.96662902832031
2017-07-13,115.81999969482422,212.431884765625,84.76850128173828,85.87771606445312
2017-07-14,116.7699966430664,213.4226531982422,84.76102447509766,85.99896240234375
2017-07-17,117.29000091552734,213.39657592773438,84.93345642089844,86.10403442382812
2017-07-18,118.11000061035156,213.5095672607422,85.17337036132812,86.41922760009766
2017-07-19,118.08000183105469,214.66549682617188,85.24085235595703,86.41922760009766
2017-07-20,118.23999786376953,214.7611541748047,85.03091430664062,86.44355773925781
2017-07-21,119.26000213623047,214.56988525390625,85.15837860107422,86.59709167480469
2017-07-24,119.30999755859375,214.5177459716797,85.15837860107422,86.5405044555664
2017-07-25,118.91999816894531,215.0392303466797,84.8284912109375,86.05553436279297
2017-07-26,119.87999725341797,215.0479278564453,85.07589721679688,86.33035278320312
2017-07-27,119.79000091552734,214.84805297851562,85.01593780517578,86.19295501708984
2017-07-28,120.69000244140625,214.59597778320312,85.2183609008789,86.33843994140625
2017-07-31,120.75,214.4743194580078,85.2183609008789,86.36270904541016
2017-08-01,120.6500015258789,214.95236206054688,85.29124450683594,86.57721710205078
2017-08-02,120.4000015258789,215.056640625,85.24618530273438,86.49625396728516
2017-08-03,120.58999633789062,214.6394500732422,85.47903442382812,86.79580688476562
2017-08-04,119.6500015258789,215.03053283691406,85.35880279541016,86.56098937988281
2017-08-07,119.51000213623047,215.43031311035156,85.45649719238281,86.60960388183594
2017-08-08,119.86000061035156,214.90017700195312,85.51657104492188,86.5367660522461
2017-08-09,121.30999755859375,214.89146423339844,85.67434692382812,86.64195251464844
2017-08-10,122.20999908447266,211.8582305908203,85.89216613769531,86.96582794189453
2017-08-11,122.79000091552734,212.17111206054688,85.83960723876953,87.06291961669922
2017-08-14,121.91999816894531,214.27444458007812,85.50155639648438,86.85244750976562
2017-08-15,120.9800033569336,214.24832153320312,85.24618530273438,86.59342193603516
2017-08-16,121.87000274658203,214.6220703125,85.39637756347656,86.75531005859375
2017-08-17,122.48999786376953,211.2759246826172,85.60672760009766,87.06291961669922
2017-08-18,122.30000305175781,210.94564819335938,85.62175750732422,87.07911682128906
2017-08-21,122.76000213623047,211.1107635498047,85.65178680419922,87.13577270507812
2017-08-22,122.20999908447266,213.31834411621094,85.546630859375,86.96582794189453
2017-08-23,122.66999816894531,212.55355834960938,85.77951049804688,87.2652816772461
2017-08-24,122.29000091552734,212.05812072753906,85.5616226196289,87.12771606445312
2017-08-25,122.73999786376953,212.55355834960938,85.70438385009766,87.27340698242188
2017-08-28,124.69000244140625,212.562255859375,85.7719955444336,87.35433959960938
2017-08-29,124.41999816894531,212.80557250976562,85.90718841552734,87.55671691894531
2017-08-30,124.36000061035156,213.8137664794922,85.88463592529297,87.48383331298828
2017-08-31,125.81999969482422,215.10009765625,86.10252380371094,87.62150573730469
2017-09-01,126.05999755859375,215.40428161621094,85.904541015625,87.36369323730469
2017-09-05,127.45999908447266,213.8572540283203,86.46160125732422,87.97168731689453
2017-09-06,126.80999755859375,214.58726501464844,86.35615539550781,87.76091003417969
2017-09-07,128.1300048828125,214.56121826171875,86.71749114990234,88.14198303222656
2017-09-08,127.97000122070312,214.30918884277344,86.7325668334961,88.0771255493164
2017-09-11,126.19000244140625,216.594970703125,86.40135192871094,87.5744400024414
2017-09-12,126.55999755859375,217.3250274658203,86.2583236694336,87.36369323730469
2017-09-13,125.61000061035156,217.42935180664062,86.10026550292969,87.18531036376953
2017-09-14,126.16000366210938,217.35980224609375,86.23576354980469,87.20152282714844
2017-09-15,125.52999877929688,217.65243530273438,86.19058227539062,87.30694580078125
2017-09-18,124.36000061035156,218.11532592773438,86.15294647216797,86.96641540527344
2017-09-19,124.62000274658203,218.33367919921875,86.05508422851562,86.8691177368164
2017-09-20,123.62000274658203,218.41232299804688,85.81421661376953,86.69889831542969
2017-09-21,122.68000030517578,217.8271026611328,85.61845397949219,86.58536529541016
2017-09-22,123.23999786376953,217.87075805664062,85.83678436279297,86.73943328857422
2017-09-25,124.52999877929688,217.42530822753906,86.07766723632812,86.99883270263672
2017-09-26,123.13999938964844,217.5563507080078,86.00994110107422,86.9259033203125
2017-09-27,121.9800033569336,218.40359497070312,85.74644470214844,86.4799575805664
2017-09-28,122.20999908447266,218.6656036376953,85.68624877929688,86.46380615234375
2017-09-29,121.58000183105469,219.43423461914062,85.49803161621094,86.35836029052734
2017-10-02,120.7699966430664,220.38632202148438,85.38355255126953,86.2601547241211
2017-10-03,120.83000183105469,220.85792541503906,85.46641540527344,86.38190460205078
2017-10-04,121.16999816894531,221.11997985839844,85.54171752929688,86.3575439453125
2017-10-05,120.5199966430664,222.4301300048828,85.45137023925781,86.26824951171875
2017-10-06,121.08999633789062,222.17678833007812,85.38355255126953,86.16271209716797
2017-10-09,122.08000183105469,221.80999755859375,85.4137191772461,86.2601547241211
2017-10-10,122.4000015258789,222.39517211914062,85.56430053710938,86.29261779785156
2017-10-11,122.79000091552734,222.7445526123047,85.66976165771484,86.39006042480469
2017-10-12,122.88999938964844,222.41265869140625,85.82787322998047,86.47118377685547
2017-10-13,123.81999969482422,222.68344116210938,85.94839477539062,86.76350402832031
2017-10-16,122.97000122070312,222.98036193847656,85.75260925292969,86.61740112304688
2017-10-17,122.12999725341797,223.13763427734375,85.59439086914062,86.58490753173828
2017-10-18,121.66999816894531,223.3560028076172,85.489013671875,86.3656997680664
2017-10-19,122.38999938964844,223.41712951660156,85.60198974609375,86.45499420166016
2017-10-20,121.61000061035156,224.57005310058594,85.40618896484375,86.0977554321289
2017-10-23,121.80000305175781,223.6966094970703,85.4137191772461,86.178955078125
2017-10-24,121.33000183105469,224.08969116210938,85.29320526123047,85.91911315917969
2017-10-25,121.3499984741211,222.98036193847656,85.20287322998047,85.78111267089844
2017-10-26,120.33000183105469,223.2686309814453,85.16519165039062,85.66741943359375
2017-10-27,120.9000015258789,225.09413146972656,85.4363021850586,85.94349670410156
2017-10-30,121.12999725341797,224.25559997558594,85.66221618652344,86.25202178955078
2017-10-31,120.66999816894531,224.60496520996094,85.69986724853516,86.19522094726562
2017-11-01,121.11000061035156,224.9019775390625,85.7889175415039,86.24722290039062
2017-11-02,121.19000244140625,224.9893035888672,85.91719818115234,86.36109161376953
2017-11-03,120.62000274658203,225.740478515625,85.97754669189453,86.49932098388672
2017-11-06,121.6500015258789,226.08985900878906,86.12089538574219,86.60499572753906
2017-11-07,121.20999908447266,225.9326171875,86.24161529541016,86.63753509521484
2017-11-08,121.62999725341797,226.31690979003906,86.18878173828125,86.53185272216797
2017-11-09,122.12999725341797,225.4959259033203,86.1737060546875,86.49932098388672
2017-11-10,121.12999725341797,225.42605590820312,85.79642486572266,86.0602035522461
2017-11-13,121.30999755859375,225.6356201171875,85.7889175415039,86.01948547363281
2017-11-14,121.55999755859375,225.11155700683594,85.89453887939453,86.1415023803711
2017-11-15,121.41000366210938,223.98486328125,86.1359634399414,86.45050048828125
2017-11-16,121.4000015258789,225.8889617919922,85.9549331665039,86.23095703125
2017-11-17,122.86000061035156,225.2251434326172,86.10577392578125,86.34481048583984
2017-11-20,121.30999755859375,225.6094207763672,85.97754669189453,86.20658111572266
2017-11-21,121.51000213623047,227.08551025390625,85.96997833251953,86.22281646728516
2017-11-22,122.62999725341797,226.88465881347656,86.2265625,86.49932098388672
2017-11-24,122.31999969482422,227.40872192382812,86.12089538574219,86.4261474609375
2017-11-27,122.83000183105469,227.295166015625,86.10577392578125,86.48302459716797
2017-11-28,122.80999755859375,229.60108947753906,86.09827423095703,86.49932098388672
2017-11-29,122.04000091552734,229.46128845214844,85.86436462402344,86.22281646728516
2017-11-30,121.0999984741211,231.47021484375,85.77381134033203,85.95448303222656
2017-12-01,121.58999633789062,230.98983764648438,86.1004638671875,86.27210998535156
2017-12-04,121.18000030517578,230.71035766601562,86.1307601928711,86.2313461303711
2017-12-05,120.31999969482422,229.88063049316406,86.22172546386719,86.29651641845703
2017-12-06,120.06999969482422,229.92422485351562,86.31263732910156,86.47573852539062
2017-12-07,118.48999786376953,230.64918518066406,86.19896697998047,86.32096862792969
2017-12-08,118.4800033569336,231.90696716308594,86.16107940673828,86.25578308105469
2017-12-11,118.01000213623047,232.605712890625,86.09284973144531,86.19881439208984
2017-12-12,118.1500015258789,233.01626586914062,86.16107940673828,86.12549591064453
2017-12-13,119.16999816894531,232.99000549316406,86.31263732910156,86.47573852539062
2017-12-14,118.93000030517578,232.03799438476562,86.31263732910156,86.4431381225586
2017-12-15,119.18000030517578,233.9702606201172,86.31263732910156,86.4268569946289
2017-12-18,119.7300033569336,235.4539031982422,86.16107940673828,86.2313461303711
2017-12-19,119.81999969482422,234.54966735839844,85.90339660644531,85.84046173095703
2017-12-20,120.13999938964844,234.42677307128906,85.61542510986328,85.58795928955078
2017-12-21,120.30999755859375,234.90960693359375,85.84004974365234,85.64830780029297
2017-12-22,120.94000244140625,234.84812927246094,85.89317321777344,85.68099975585938
2017-12-26,121.7699966430664,234.5672607421875,85.96908569335938,85.71358489990234
2017-12-27,122.2300033569336,234.6813201904297,86.32574462890625,86.08065032958984
2017-12-28,122.8499984741211,235.1641387939453,86.35613250732422,85.9746322631836
2017-12-29,123.6500015258789,234.2775115966797,86.5761947631836,86.11328887939453
2018-01-02,125.1500015258789,235.9542236328125,86.36370086669922,85.82781982421875
2018-01-03,124.81999969482422,237.4467010498047,86.44718933105469,85.91751098632812
2018-01-04,125.45999908447266,238.447509765625,86.469970703125,85.87673950195312
2018-01-05,125.33000183105469,240.0365447998047,86.45480346679688,85.77071380615234
2018-01-08,125.30999755859375,240.47561645507812,86.36370086669922,85.72985076904297
2018-01-09,124.7300033569336,241.019775390625,86.08289337158203,85.32205200195312
2018-01-10,125.02999877929688,240.65103149414062,86.05255126953125,85.29759979248047
2018-01-11,125.44000244140625,242.4069366455078,85.96149444580078,85.35466766357422
2018-01-12,126.95999908447266,243.98712158203125,86.04497528076172,85.29759979248047
2018-01-16,127.16999816894531,243.1531219482422,86.18917846679688,85.33837890625
2018-01-17,126.13999938964844,245.4707794189453,86.1284408569336,85.15077209472656
2018-01-18,125.86000061035156,245.05821228027344,86.05255126953125,84.88156127929688
2018-01-19,126.41999816894531,246.1730499267578,85.9083480834961,84.66136169433594
2018-01-22,126.6500015258789,248.17469787597656,85.86286163330078,84.62872314453125
2018-01-23,127.27999877929688,248.701416015625,85.99183654785156,84.87342071533203
2018-01-24,128.8300018310547,248.60487365722656,85.93112182617188,84.71028137207031
2018-01-25,127.97000122070312,248.71023559570312,86.09049224853516,84.89788818359375
2018-01-26,128.07000732421875,251.58978271484375,86.03736114501953,84.64503479003906
2018-01-29,127.3499984741211,249.92173767089844,85.83246612548828,84.43295288085938
2018-01-30,126.80000305175781,247.3583221435547,85.6275634765625,84.2371826171875
2018-01-31,127.6500015258789,247.48118591308594,85.84004974365234,84.26165008544922
2018-02-01,128.07000732421875,247.20028686523438,85.40059661865234,83.82697296142578
2018-02-02,126.38999938964844,241.8187255859375,85.29434204101562,83.51651763916016
2018-02-05,126.70999908447266,231.70516967773438,85.61310577392578,84.20281219482422
2018-02-06,125.37999725341797,236.2703399658203,85.26396942138672,83.83517456054688
2018-02-07,124.79000091552734,234.9885711669922,85.07418060302734,83.59001922607422
2018-02-08,124.9800033569336,226.1744384765625,84.89960479736328,83.6635971069336
2018-02-09,124.7699966430664,229.5719451904297,84.63392639160156,83.51651763916016
2018-02-12,125.37000274658203,232.94308471679688,84.69464874267578,83.49203491210938
2018-02-13,126.08000183105469,233.5225067138672,84.75537872314453,83.63094329833984
2018-02-14,128.22999572753906,236.67416381835938,84.67945861816406,83.12437438964844
2018-02-15,128.3800048828125,239.6941375732422,84.72501373291016,83.14879608154297
2018-02-16,127.95999908447266,239.7643585205078,84.86162567138672,83.34496307373047
2018-02-20,126.23999786376953,238.26318359375,84.79332733154297,83.25508117675781
2018-02-21,125.66000366210938,237.07798767089844,84.5504379272461,83.0099868774414
2018-02-22,126.30000305175781,237.38525390625,84.62632751464844,83.12437438964844
2018-02-23,126.13999938964844,241.1690216064453,84.93756103515625,83.4429931640625
2018-02-26,126.44999694824219,243.96963500976562,85.04381561279297,83.541015625
2018-02-27,125.12999725341797,240.92327880859375,84.83131408691406,83.27960968017578
2018-02-28,125.0,238.48263549804688,84.95272064208984,83.4756851196289
2018-03-01,124.72000122070312,235.01492309570312,85.21080780029297,83.83492279052734
2018-03-02,125.38999938964844,236.22645568847656,85.14248657226562,83.52391815185547
2018-03-05,125.18000030517578,238.95677185058594,85.08935546875,83.4175796508789
2018-03-06,126.52999877929688,239.56251525878906,85.06663513183594,83.40938568115234
2018-03-07,125.72000122070312,239.474609375,85.06663513183594,83.40938568115234
2018-03-08,125.41999816894531,240.6334686279297,85.15007019042969,83.58122253417969
2018-03-09,125.54000091552734,244.82119750976562,85.02104949951172,83.4012222290039
2018-03-12,125.54000091552734,244.51385498046875,85.08174896240234,83.59752655029297
2018-03-13,125.77999877929688,242.93362426757812,85.15007019042969,83.73668670654297
2018-03-14,125.69999694824219,241.6870574951172,85.29434204101562,83.900390625
2018-03-15,124.9000015258789,241.4237060546875,85.30189514160156,83.8676528930664
2018-03-16,124.5999984741211,241.68539428710938,85.1576919555664,83.76942443847656
2018-03-19,124.87000274658203,238.4153289794922,85.10456085205078,83.68758392333984
2018-03-20,124.30999755859375,238.82081604003906,84.97552490234375,83.52391815185547
2018-03-21,126.4800033569336,238.36245727539062,85.1576919555664,83.58122253417969
2018-03-22,125.9800033569336,232.40403747558594,85.4081802368164,83.9249038696289
2018-03-23,127.61000061035156,227.45046997070312,85.45372772216797,84.0394287109375
2018-03-26,128.27999877929688,233.67324829101562,85.30189514160156,83.81037902832031
2018-03-27,127.48999786376953,229.69813537597656,85.62825012207031,84.28496551513672
2018-03-28,125.7300033569336,229.01939392089844,85.62825012207031,84.26860809326172
2018-03-29,125.79000091552734,231.94573974609375,85.81047058105469,84.44041442871094
2018-04-02,127.26000213623047,226.9392547607422,85.89567565917969,84.52651977539062
2018-04-03,126.30000305175781,229.847900390625,85.8424072265625,84.25599670410156
2018-04-04,126.44999694824219,232.30711364746094,85.7967529296875,84.20682525634766
2018-04-05,125.80000305175781,234.14051818847656,85.55326843261719,83.99368286132812
2018-04-06,126.38999938964844,228.92247009277344,85.89567565917969,84.36257934570312
2018-04-09,126.81999969482422,230.05062866210938,85.88048553466797,84.3789291381836
2018-04-10,127.12000274658203,233.70855712890625,85.8424072265625,84.23139953613281
2018-04-11,128.11000061035156,232.48333740234375,86.09355163574219,84.31338500976562
2018-04-12,126.62000274658203,234.3961181640625,85.9565658569336,84.0101089477539
2018-04-13,127.44999694824219,233.70855712890625,86.07833099365234,84.0838851928711
2018-04-16,127.62999725341797,235.6300506591797,86.00223541259766,84.04291534423828
2018-04-17,127.75,238.15093994140625,86.13162231445312,84.09207153320312
2018-04-18,127.8499984741211,238.3272247314453,85.9565658569336,83.7641830444336
2018-04-19,127.5999984741211,237.00509643554688,85.819580078125,83.5346908569336
2018-04-20,126.62999725341797,234.99546813964844,85.5228042602539,83.25598907470703
2018-04-23,125.62000274658203,234.96018981933594,85.49995422363281,83.17399597167969
2018-04-24,126.2300033569336,231.7958984375,85.26406860351562,83.07564544677734
2018-04-25,125.41000366210938,232.3688201904297,85.13467407226562,82.89532470703125
2018-04-26,124.97000122070312,234.73101806640625,85.35539245605469,83.13300323486328
2018-04-27,125.5,234.95135498046875,85.62934112548828,83.27237701416016
2018-04-30,124.58999633789062,233.14439392089844,85.69783020019531,83.362548828125
2018-05-01,123.70999908447266,233.5587158203125,85.45247650146484,83.23197174072266
2018-05-02,123.6500015258789,231.9898681640625,85.55944061279297,83.24840545654297
2018-05-03,124.27999877929688,231.47854614257812,85.66650390625,83.46192932128906
2018-05-04,124.54000091552734,234.47544860839844,85.68939971923828,83.47010040283203
2018-05-07,124.56999969482422,235.26870727539062,85.70472717285156,83.42906188964844
2018-05-08,124.58999633789062,235.26870727539062,85.55184173583984,83.2894515991211
2018-05-09,124.33000183105469,237.54273986816406,85.49834442138672,83.10057830810547
2018-05-10,125.18000030517578,239.76393127441406,85.66650390625,83.27301788330078
2018-05-11,125.0,240.4954833984375,85.66650390625,83.28125
2018-05-14,124.48999786376953,240.61007690429688,85.45247650146484,83.10057830810547
2018-05-15,122.4800033569336,238.95303344726562,85.17725372314453,82.6407241821289
2018-05-16,122.29000091552734,239.9578399658203,85.05499267578125,82.46818542480469
2018-05-17,122.36000061035156,239.755126953125,84.89444732666016,82.41897583007812
2018-05-18,122.41000366210938,239.15577697753906,85.12374114990234,82.7392349243164
2018-05-21,122.4800033569336,240.9538116455078,85.15434265136719,82.79673767089844
2018-05-22,122.41000366210938,240.28396606445312,85.11609649658203,82.7638931274414
2018-05-23,122.54000091552734,240.94497680664062,85.36070251464844,83.14163970947266
2018-05-24,123.58999633789062,240.45138549804688,85.4601058959961,83.35517120361328
2018-05-25,123.20999908447266,239.87855529785156,85.58240509033203,83.68367767333984
2018-05-29,123.19000244140625,237.11962890625,86.08692169189453,84.58702850341797
2018-05-30,123.37000274658203,240.28396606445312,85.9263916015625,84.22565460205078
2018-05-31,123.0999984741211,238.81204223632812,85.97988891601562,84.18458557128906
2018-06-01,122.48999786376953,241.15658569335938,85.85417175292969,83.87351989746094
2018-06-04,122.37000274658203,242.302490234375,85.67778015136719,83.57736206054688
2018-06-05,122.8499984741211,242.47874450683594,85.86949157714844,83.79126739501953
2018-06-06,122.91999816894531,244.50599670410156,85.68550872802734,83.45390319824219
2018-06-07,122.86000061035156,244.47950744628906,85.94615936279297,83.8077392578125
2018-06-08,123.01000213623047,245.20228576660156,85.80049133300781,83.69255065917969
2018-06-11,123.2300033569336,245.52841186523438,85.80049133300781,83.61023712158203
2018-06-12,122.81999969482422,245.84580993652344,85.73149871826172,83.5608901977539
2018-06-13,123.19000244140625,245.0612335205078,85.67778015136719,83.46211242675781
2018-06-14,123.37999725341797,245.6782684326172,85.9001693725586,83.72545623779297
2018-06-15,121.33999633789062,245.3648223876953,85.93083190917969,83.79126739501953
2018-06-18,121.11000061035156,244.8601837158203,85.99983215332031,83.83238220214844
2018-06-19,120.80000305175781,243.92166137695312,86.1378402709961,84.05460357666016
2018-06-20,120.26000213623047,244.33779907226562,85.9001693725586,83.7830581665039
2018-06-21,120.05000305175781,242.80604553222656,86.05351257324219,84.00520324707031
2018-06-22,120.33999633789062,243.24880981445312,86.17618560791016,84.02169036865234
2018-06-25,119.88999938964844,239.9375,86.2145004272461,84.13688659667969
2018-06-26,119.26000213623047,240.46873474121094,86.3371810913086,84.17803192138672
2018-06-27,118.58000183105469,238.47662353515625,86.62085723876953,84.49891662597656
2018-06-28,118.22000122070312,239.84011840820312,86.5058364868164,84.4166488647461
2018-06-29,118.6500015258789,240.18539428710938,86.53653717041016,84.35082244873047
2018-07-02,117.45999908447266,240.698974609375,86.56807708740234,84.2931137084961
2018-07-03,118.6500015258789,239.8489532470703,86.75277709960938,84.5074691772461
2018-07-05,119.05000305175781,241.8055419921875,86.85282897949219,84.51568603515625
2018-07-06,118.86000061035156,243.85093688964844,86.97599029541016,84.5898666381836
2018-07-09,119.1500015258789,246.04660034179688,86.79893493652344,84.37557983398438
2018-07-10,118.93000030517578,246.93194580078125,86.66812133789062,84.30960083007812
2018-07-11,117.63999938964844,245.12576293945312,86.76048278808594,84.48271942138672
2018-07-12,118.12999725341797,247.3480987548828,86.69119262695312,84.44974517822266
2018-07-13,117.61000061035156,247.54281616210938,86.8604965209961,84.5898666381836
2018-07-16,117.55000305175781,247.32154846191406,86.62962341308594,84.44974517822266
2018-07-17,116.27999877929688,248.32199096679688,86.51420593261719,84.40026092529297
2018-07-18,116.30999755859375,248.8443145751953,86.37569427490234,84.33431243896484
2018-07-19,115.80999755859375,247.90589904785156,86.49878692626953,84.56517028808594
2018-07-20,116.55999755859375,247.6225128173828,86.291015625,84.26840209960938
2018-07-23,116.0,248.08294677734375,85.88310241699219,83.85618591308594
2018-07-24,116.04000091552734,249.3314208984375,85.92926788330078,83.91387939453125
2018-07-25,116.68000030517578,251.45632934570312,85.94465637207031,83.85618591308594
2018-07-26,115.7699966430664,250.8630828857422,85.85999298095703,83.76549530029297
2018-07-27,115.83000183105469,249.16319274902344,85.99083709716797,83.89743041992188
2018-07-30,115.6500015258789,247.861572265625,85.94465637207031,83.79021453857422
2018-07-31,115.98999786376953,249.08343505859375,86.07550048828125,83.9056625366211
2018-08-01,115.13999938964844,248.6671905517578,85.8652572631836,83.70738983154297
2018-08-02,114.5199966430664,250.02186584472656,85.91166687011719,83.8065185546875
2018-08-03,114.91999816894531,251.09323120117188,86.08167266845703,84.02133178710938
2018-08-06,114.33000183105469,252.0139923095703,86.09713745117188,84.06258392333984
2018-08-07,114.58999633789062,252.84625244140625,85.98120880126953,83.88912963867188
2018-08-08,114.91000366210938,252.74012756347656,85.98897552490234,83.96349334716797
2018-08-09,114.73999786376953,252.39474487304688,86.18986511230469,84.19476318359375
2018-08-10,114.69000244140625,250.7036590576172,86.46812438964844,84.55821990966797
2018-08-13,112.95999908447266,249.76515197753906,86.45267486572266,84.53343963623047
2018-08-14,113.06999969482422,251.35891723632812,86.34446716308594,84.4508056640625
2018-08-15,111.19000244140625,249.4818115234375,86.5145034790039,84.65731811523438
2018-08-16,111.0999984741211,251.50050354003906,86.46040344238281,84.63251495361328
2018-08-17,112.12999725341797,252.38587951660156,86.49903106689453,84.66558837890625
2018-08-20,112.69000244140625,252.9259796142578,86.6690673828125,84.92993927001953
2018-08-21,113.0199966430664,253.51907348632812,86.6149673461914,84.81427764892578
2018-08-22,113.2699966430664,253.36865234375,86.80045318603516,84.97122192382812
2018-08-23,112.19999694824219,253.0322265625,86.87000274658203,84.96293640136719
2018-08-24,114.16000366210938,254.55508422851562,86.95500946044922,84.98770904541016
2018-08-27,114.58999633789062,256.56475830078125,86.82364654541016,84.7977294921875
2018-08-28,113.68000030517578,256.6888732910156,86.65357971191406,84.60777282714844
2018-08-29,114.19999694824219,258.0700378417969,86.65357971191406,84.58296966552734
2018-08-30,113.63999938964844,257.025146484375,86.73088836669922,84.73992919921875
2018-08-31,113.51000213623047,257.0340576171875,86.63040161132812,84.75641632080078
2018-09-04,112.93000030517578,256.5914611816406,86.51097106933594,84.56278991699219
2018-09-05,113.31999969482422,255.9007568359375,86.4256820678711,84.55455017089844
2018-09-06,113.54000091552734,255.1305694580078,86.50322723388672,84.72830200195312
2018-09-07,113.2300033569336,254.63473510742188,86.25506591796875,84.34758758544922
2018-09-10,113.1500015258789,255.07748413085938,86.27832794189453,84.39723205566406
2018-09-11,113.22000122070312,255.91856384277344,86.09996795654297,84.09100341796875
2018-09-12,114.16999816894531,255.98060607910156,86.17748260498047,84.1903076171875
2018-09-13,113.76000213623047,257.4944763183594,86.0534439086914,84.18199920654297
2018-09-14,113.0199966430664,257.53875732421875,85.8983383178711,84.02474975585938
2018-09-17,113.61000061035156,256.17535400390625,85.91381072998047,84.04133605957031
2018-09-18,113.44000244140625,257.5653381347656,85.7354736328125,83.69369506835938
2018-09-19,113.87999725341797,257.83978271484375,85.64237976074219,83.55303955078125
2018-09-20,114.2699966430664,259.9292907714844,85.75873565673828,83.561279296875
2018-09-21,113.48999786376953,259.6917724609375,85.76647186279297,83.59439086914062
2018-09-24,113.47000122070312,258.8291015625,85.68115234375,83.50334930419922
2018-09-25,113.6500015258789,258.58905029296875,85.65015411376953,83.42058563232422
2018-09-26,113.05000305175781,257.81524658203125,85.7974853515625,83.69369506835938
2018-09-27,112.05000305175781,258.5356140136719,85.82853698730469,83.69369506835938
2018-09-28,112.76000213623047,258.5623474121094,85.78975677490234,83.73509216308594
2018-10-01,112.56999969482422,259.4605407714844,85.53435516357422,83.52278137207031
2018-10-02,113.87000274658203,259.3093566894531,85.67406463623047,83.73843383789062
2018-10-03,113.41999816894531,259.4516906738281,85.2626724243164,83.11643981933594
2018-10-04,113.4800033569336,257.42388916015625,85.05305480957031,82.90080261230469
2018-10-05,113.80000305175781,255.98309326171875,84.82019805908203,82.70177459716797
2018-10-08,112.54000091552734,255.98309326171875,84.78138732910156,82.73490142822266
2018-10-09,112.5999984741211,255.6094970703125,85.02204895019531,82.89248657226562
2018-10-10,112.87999725341797,247.51605224609375,84.93663787841797,82.93397521972656
2018-10-11,115.77999877929688,242.0642547607422,85.07636260986328,83.27399444580078
2018-10-12,115.2300033569336,245.42604064941406,84.94442749023438,83.17448425292969
2018-10-15,116.0,244.04754638671875,84.9987564086914,83.22422790527344
2018-10-16,115.80000305175781,249.3838653564453,85.00650787353516,83.21593475341797
2018-10-17,115.79000091552734,249.42831420898438,84.80469512939453,82.97540283203125
2018-10-18,115.91999816894531,245.82627868652344,84.7425765991211,83.12471771240234
2018-10-19,116.01000213623047,245.6929473876953,84.66497039794922,83.02517700195312
2018-10-22,115.70999908447266,244.5901336669922,84.61835479736328,83.04175567626953
2018-10-23,116.38999938964844,243.34483337402344,84.64167022705078,83.25739288330078
2018-10-24,116.66000366210938,235.97190856933594,84.92111206054688,83.70526123046875
2018-10-25,116.4000015258789,240.20538330078125,84.56407928466797,83.50621032714844
2018-10-26,116.7699966430664,235.98080444335938,84.99100494384766,83.87943267822266
2018-10-29,116.30999755859375,234.6734161376953,84.90556335449219,83.87112426757812
2018-10-30,115.80000305175781,238.15087890625,84.68048095703125,83.68868255615234
2018-10-31,115.1500015258789,240.6945037841797,84.4864273071289,83.4813003540039
2018-11-01,116.62999725341797,243.25599670410156,84.37843322753906,83.55278015136719
2018-11-02,116.6500015258789,241.81521606445312,84.1220703125,83.08737182617188
2018-11-05,116.37000274658203,243.14926147460938,84.27742767333984,83.13717651367188
2018-11-06,116.04000091552734,244.6879425048828,84.2463607788086,83.04582214355469
2018-11-07,116.02999877929688,249.9263153076172,84.3084945678711,83.04582214355469
2018-11-08,115.77999877929688,249.4727325439453,84.19196319580078,82.92945098876953
2018-11-09,114.4800033569336,247.03590393066406,84.39396667480469,83.25360870361328
2018-11-12,113.66000366210938,242.41998291015625,84.57268524169922,83.50292205810547
2018-11-13,113.69999694824219,241.9663848876953,84.50275421142578,83.56941223144531
2018-11-14,114.63999938964844,240.31211853027344,84.510498046875,83.7439193725586
2018-11-15,114.7699966430664,242.8201141357422,84.5804214477539,83.80211639404297
2018-11-16,115.62000274658203,243.45167541503906,84.9300765991211,84.05979919433594
2018-11-19,115.66999816894531,239.33375549316406,84.89118194580078,84.18447875976562
2018-11-20,115.66999816894531,234.90467834472656,84.76689147949219,84.16779327392578
2018-11-21,115.86000061035156,235.7050323486328,84.72803497314453,84.15122985839844
2018-11-23,115.7699966430664,234.13088989257812,84.5959701538086,84.2010726928711
2018-11-26,115.63999938964844,237.9107666015625,84.50275421142578,84.13455963134766
2018-11-27,114.94999694824219,238.71124267578125,84.27742767333984,84.21772003173828
2018-11-28,115.37999725341797,244.20765686035156,84.37843322753906,84.20941925048828
2018-11-29,115.73999786376953,243.67405700683594,84.87567138671875,84.42549133300781
2018-11-30,115.54000091552734,245.1593475341797,84.89118194580078,84.59170532226562
2018-12-03,116.41000366210938,248.40545654296875,85.05070495605469,84.77661895751953
2018-12-04,117.12000274658203,240.35658264160156,85.30741119384766,85.16807556152344
2018-12-06,117.13999938964844,239.9918975830078,85.31517791748047,85.38457489013672
2018-12-07,118.08999633789062,234.41546630859375,85.43968200683594,85.63444519042969
2018-12-10,117.68000030517578,234.8601837158203,85.22962951660156,85.68440246582031
2018-12-11,117.54000091552734,234.91351318359375,84.8873062133789,85.46790313720703
2018-12-12,117.79000091552734,236.096435546875,84.76282501220703,85.23470306396484
2018-12-13,117.52999877929688,236.0163116455078,84.77837371826172,85.2846450805664
2018-12-14,117.05999755859375,231.6583709716797,84.84059143066406,85.41787719726562
2018-12-17,117.87000274658203,227.11363220214844,84.98843383789062,85.6677474975586
2018-12-18,118.1500015258789,226.8645782470703,85.20976257324219,85.87891387939453
2018-12-19,117.43000030517578,223.4671630859375,85.35781860351562,86.17933654785156
2018-12-20,119.23999786376953,219.82952880859375,85.11624145507812,86.07085418701172
2018-12-21,118.72000122070312,215.3253173828125,85.07730865478516,86.14595794677734
2018-12-24,120.0199966430664,209.6357879638672,85.20196533203125,86.36295318603516
2018-12-26,119.66000366210938,220.22767639160156,85.03052520751953,85.95401000976562
2018-12-27,120.56999969482422,221.91842651367188,85.03052520751953,86.1709976196289
2018-12-28,121.05999755859375,221.63211059570312,85.2799301147461,86.63835906982422
2018-12-31,121.25,223.57334899902344,85.34224700927734,86.9638442993164
2019-01-02,121.33000183105469,223.80596923828125,85.4747314453125,87.14745330810547
2019-01-03,122.43000030517578,218.46533203125,85.97350311279297,87.84019470214844
2019-01-04,121.44000244140625,225.78294372558594,85.79425811767578,87.13076782226562
2019-01-07,121.86000061035156,227.56321716308594,85.73970031738281,86.88875579833984
2019-01-08,121.52999877929688,229.70126342773438,85.8098373413086,86.6717758178711
2019-01-09,122.30999755859375,230.7747802734375,85.91114807128906,86.72183227539062
2019-01-10,121.58999633789062,231.58880615234375,85.70854187011719,86.68010711669922
2019-01-11,121.80000305175781,231.67828369140625,85.93450927734375,86.9388427734375
2019-01-14,122.08999633789062,230.2648162841797,85.77865600585938,86.88875579833984
2019-01-15,121.87999725341797,232.9038543701172,85.70075225830078,86.8052978515625
2019-01-16,122.2699966430664,233.4674072265625,85.69291687011719,86.75518798828125
2019-01-17,122.11000061035156,235.2386932373047,85.6227798461914,86.5966567993164
2019-01-18,121.0199966430664,238.36972045898438,85.52149200439453,86.32124328613281
2019-01-22,121.44999694824219,235.14923095703125,85.57601928710938,86.62166595458984
2019-01-23,121.27999877929688,235.6412353515625,85.4747314453125,86.57999420166016
2019-01-24,121.08999633789062,235.7665252685547,85.60722351074219,86.85538482666016
2019-01-25,122.86000061035156,237.76141357421875,85.4747314453125,86.65504455566406
2019-01-28,123.29000091552734,235.95436096191406,85.35781860351562,86.68010711669922
2019-01-29,123.9800033569336,235.6412353515625,85.60722351074219,86.93049621582031
2019-01-30,124.69000244140625,239.37161254882812,86.07479858398438,87.13076782226562
2019-01-31,124.75,241.47398376464844,86.55797576904297,87.53137969970703
2019-02-01,124.5,241.5901641845703,86.25401306152344,87.06306457519531
2019-02-04,123.95999908447266,243.2898712158203,86.08258056640625,86.87068176269531
2019-02-05,124.27999877929688,244.30972290039062,86.19947814941406,87.02123260498047
2019-02-06,123.44000244140625,243.98768615722656,86.1449203491211,87.0881118774414
2019-02-07,123.73999786376953,241.6618194580078,86.27742004394531,87.37249755859375
2019-02-08,124.20999908447266,241.95701599121094,86.31637573242188,87.48954772949219
2019-02-11,123.5999984741211,242.0911865234375,86.13713836669922,87.35574340820312
2019-02-12,123.86000061035156,245.20425415039062,86.15274047851562,87.23867797851562
2019-02-13,123.37000274658203,246.00045776367188,86.13713836669922,87.02123260498047
2019-02-14,124.05999755859375,245.45480346679688,86.37872314453125,87.43102264404297
2019-02-15,124.80000305175781,248.12953186035156,86.37872314453125,87.34739685058594
2019-02-19,126.69999694824219,248.55902099609375,86.581298828125,87.4979476928711
2019-02-20,126.4800033569336,249.0599822998047,86.61254119873047,87.4812240600586
2019-02-21,125.05000305175781,248.17434692382812,86.4644546508789,87.221923828125
2019-02-22,125.5,249.7130889892578,86.6904525756836,87.4812240600586
2019-02-25,125.37000274658203,250.05288696289062,86.62808990478516,87.34739685058594
2019-02-26,125.58000183105469,249.87403869628906,86.75279235839844,87.60665893554688
2019-02-27,124.69000244140625,249.76669311523438,86.55017852783203,87.2972183227539
2019-02-28,123.98999786376953,249.3014373779297,86.40989685058594,87.07139587402344
2019-03-01,121.87999725341797,250.8581085205078,86.23844146728516,86.78569793701172
2019-03-04,121.55999755859375,249.9454803466797,86.36315155029297,87.05380249023438
2019-03-05,121.72000122070312,249.60565185546875,86.33198547363281,87.10406494140625
2019-03-06,121.61000061035156,248.09375,86.43328094482422,87.3470687866211
2019-03-07,121.51000213623047,246.01844787597656,86.67484283447266,87.6403579711914
2019-03-08,122.83999633789062,245.52633666992188,86.75279235839844,87.76609802246094
2019-03-11,122.23999786376953,249.08673095703125,86.73719024658203,87.698974609375
2019-03-12,122.9800033569336,250.0260772705078,86.90084838867188,87.94202423095703
2019-03-13,123.83999633789062,251.68112182617188,87.00214385986328,87.90850830078125
2019-03-14,122.41000366210938,251.52005004882812,86.97877502441406,87.78282165527344
2019-03-15,122.97000122070312,252.76271057128906,87.28271484375,88.05933380126953
2019-03-18,123.04000091552734,253.67918395996094,87.27494049072266,87.94202423095703
2019-03-19,123.37999725341797,253.74205017089844,87.19698333740234,87.88336181640625
2019-03-20,124.18000030517578,252.9783172607422,87.773681640625,88.49505615234375
2019-03-21,123.68000030517578,255.83567810058594,87.76591491699219,88.453125
2019-03-22,123.97000122070312,250.9117431640625,88.03086853027344,89.1067886352539
2019-03-25,124.91999816894531,250.7230682373047,88.00748443603516,89.3330307006836
2019-03-26,124.30000305175781,252.59202575683594,87.85160064697266,89.25758361816406
2019-03-27,123.6500015258789,251.27113342285156,87.890625,89.51737976074219
2019-03-28,121.9000015258789,252.22357177734375,87.96075439453125,89.52570343017578
2019-03-29,122.01000213623047,253.8140106201172,88.11659240722656,89.3833236694336
2019-04-01,121.52999877929688,256.8239440917969,87.78929901123047,88.76863098144531
2019-04-02,121.9800033569336,256.9497985839844,87.87501525878906,88.9197998046875
2019-04-03,121.80000305175781,257.3542175292969,87.60224151611328,88.64269256591797
2019-04-04,122.11000061035156,258.0369873046875,87.66458129882812,88.73505401611328
2019-04-05,121.9800033569336,259.2859191894531,87.76591491699219,88.77703094482422
2019-04-08,122.51000213623047,259.48370361328125,87.68021392822266,88.63428497314453
2019-04-09,123.1500015258789,258.15374755859375,87.76591491699219,88.7938461303711
2019-04-10,123.52999877929688,259.03436279296875,88.08541107177734,89.00376892089844
2019-04-11,121.94999694824219,258.9625244140625,87.88280487060547,88.80224609375
2019-04-12,121.83000183105469,260.7146911621094,87.7191390991211,88.39082336425781
2019-04-15,121.5999984741211,260.5438537597656,87.76591491699219,88.50834655761719
2019-04-16,120.51000213623047,260.7146911621094,87.56329345703125,88.20606231689453
2019-04-17,120.27999877929688,260.0766296386719,87.54769897460938,88.22286987304688
2019-04-18,120.37000274658203,260.5887145996094,87.79708862304688,88.43278503417969
2019-04-22,120.37000274658203,260.8133850097656,87.71134185791016,88.30683898925781
2019-04-23,120.12000274658203,263.1585693359375,87.91395568847656,88.4664077758789
2019-04-24,120.47000122070312,262.5745849609375,88.21790313720703,88.80224609375
2019-04-25,120.56999969482422,262.4128112792969,88.21790313720703,88.69312286376953
2019-04-26,121.37000274658203,263.63482666015625,88.41270446777344,88.9281997680664
2019-04-29,120.83000183105469,264.0480651855469,88.16334533691406,88.74345397949219
2019-04-30,121.19999694824219,264.1828918457031,88.31143188476562,88.9197998046875
2019-05-01,120.4000015258789,262.19708251953125,88.12041473388672,88.87944793701172
2019-05-02,119.94000244140625,261.631103515625,87.76184844970703,88.62699890136719
2019-05-03,120.6500015258789,264.1919250488281,88.00349426269531,88.74478912353516
2019-05-06,120.80999755859375,263.10467529296875,88.13602447509766,88.97195434570312
2019-05-07,121.20999908447266,258.7108459472656,88.18280792236328,89.27482604980469
2019-05-08,120.91000366210938,258.3514709472656,87.95674896240234,89.1065673828125
2019-05-09,121.19999694824219,257.5697937011719,88.1048583984375,89.34213256835938
2019-05-10,121.43000030517578,258.86370849609375,88.29972076416016,89.283203125
2019-05-13,122.66999816894531,252.35829162597656,88.48680114746094,89.72917175292969
2019-05-14,122.45999908447266,254.64064025878906,88.5491714477539,89.64505004882812
2019-05-15,122.38999938964844,256.132080078125,88.7284927368164,89.93106842041016
2019-05-16,121.51000213623047,258.5042724609375,88.58815002441406,89.75440216064453
2019-05-17,120.6500015258789,256.8329772949219,88.50240325927734,89.79646301269531
2019-05-20,120.63999938964844,255.13475036621094,88.38545227050781,89.64505004882812
2019-05-21,120.36000061035156,257.4349670410156,88.43226623535156,89.54407501220703
2019-05-22,120.23999786376953,256.6443176269531,88.46343231201172,89.81330108642578
2019-05-23,121.16999816894531,253.5084228515625,88.65052795410156,90.36019897460938
2019-05-24,121.30000305175781,254.08355712890625,88.79862976074219,90.33494567871094
2019-05-28,120.83000183105469,251.72042846679688,88.84542846679688,90.73035430908203
2019-05-29,120.87000274658203,250.0311737060547,89.0013427734375,90.69669342041016
2019-05-30,121.69000244140625,250.71409606933594,89.29754638671875,91.02481079101562
2019-05-31,123.33000183105469,247.33566284179688,89.85882568359375,91.63059997558594
2019-06-03,125.11000061035156,246.70664978027344,90.10105895996094,92.07148742675781
2019-06-04,125.1500015258789,252.06182861328125,89.92076873779297,91.73429107666016
2019-06-05,125.47000122070312,254.24520874023438,89.97561645507812,91.73429107666016
2019-06-06,125.87999725341797,255.8984832763672,89.92076873779297,91.7174301147461
2019-06-07,126.58999633789062,258.45928955078125,90.25000762939453,92.07991027832031
2019-06-10,125.33000183105469,259.6453857421875,89.76398468017578,91.62468719482422
2019-06-11,125.18000030517578,259.58245849609375,89.64636993408203,91.62468719482422
2019-06-12,125.83000183105469,259.12420654296875,89.69340515136719,91.86072540283203
2019-06-13,126.5999984741211,260.1934814453125,89.7247543334961,92.08837890625
2019-06-14,126.55999755859375,259.9059143066406,89.58370208740234,92.1557388305664
2019-06-17,126.4800033569336,260.0047607421875,89.41123962402344,92.13890075683594
2019-06-18,127.12000274658203,262.727294921875,89.7796630859375,92.31595611572266
2019-06-19,127.88999938964844,263.3203125,90.2970199584961,92.56885528564453
2019-06-20,131.11000061035156,265.8361511230469,90.80656433105469,92.72057342529297
2019-06-21,131.97999572753906,265.4497375488281,90.39891815185547,92.34123229980469
2019-06-24,133.94000244140625,265.1247253417969,90.57136535644531,92.66157531738281
2019-06-25,134.1999969482422,262.52435302734375,90.4145736694336,92.80487823486328
2019-06-26,132.97000122070312,262.2624816894531,90.32838439941406,92.42552947998047
2019-06-27,132.83999633789062,263.19244384765625,90.50083923339844,92.7037353515625
2019-06-28,133.1999969482422,264.5469055175781,90.53219604492188,92.74586486816406
2019-07-01,130.6199951171875,266.9485168457031,90.34461975097656,92.62931823730469
2019-07-02,133.41000366210938,267.64361572265625,90.39193725585938,92.95869445800781
2019-07-03,133.6300048828125,269.78369140625,90.62836456298828,93.13600158691406
2019-07-05,132.13999938964844,269.4766540527344,90.35250854492188,92.54486083984375
2019-07-08,131.2899932861328,267.99591064453125,90.36827087402344,92.45201110839844
2019-07-09,131.75,268.3299865722656,90.46286010742188,92.39290618896484
2019-07-10,133.8300018310547,269.6120300292969,90.62044525146484,92.4435806274414
2019-07-11,132.6999969482422,270.2440185546875,90.33673858642578,91.987548828125
2019-07-12,133.52999877929688,271.4540100097656,90.49435424804688,92.08888244628906
2019-07-15,133.52999877929688,271.54425048828125,90.72290802001953,92.28311920166016
2019-07-16,132.39999389648438,270.66845703125,90.57317352294922,92.08043670654297
2019-07-17,134.5800018310547,268.8265380859375,90.7623062133789,92.51110076904297
2019-07-18,136.47999572753906,269.8106994628906,90.9514389038086,92.7391128540039
2019-07-19,134.47000122070312,268.31195068359375,90.80961608886719,92.57022857666016
2019-07-22,134.4499969482422,268.970947265625,90.83324432373047,92.61247253417969
2019-07-23,133.69000244140625,270.8941650390625,90.80961608886719,92.46044158935547
2019-07-24,134.3699951171875,272.1672668457031,90.83324432373047,92.59552764892578
2019-07-25,133.4199981689453,270.8669738769531,90.68350219726562,92.43509674072266
2019-07-26,133.63999938964844,272.6819152832031,90.62044525146484,92.41824340820312
2019-07-29,134.52999877929688,272.185302734375,90.54165649414062,92.5026626586914
2019-07-30,134.97999572753906,271.5171813964844,90.6756362915039,92.54486083984375
2019-07-31,133.2100067138672,268.5467224121094,90.81745910644531,92.78133392333984
2019-08-01,136.41000366210938,266.2081604003906,91.14927673339844,93.83370971679688
2019-08-02,135.88999938964844,264.20379638671875,91.21244049072266,94.0283203125
2019-08-05,137.7899932861328,256.2583312988281,91.52842712402344,94.84041595458984
2019-08-06,138.91000366210938,259.8517761230469,91.86805725097656,94.99264526367188
2019-08-07,141.02000427246094,260.00531005859375,91.91547393798828,94.99264526367188
2019-08-08,141.72999572753906,265.10662841796875,92.15243530273438,95.00110626220703
2019-08-09,141.25999450683594,263.3008117675781,92.05767059326172,94.85730743408203
2019-08-12,142.6300048828125,260.0956726074219,92.42890167236328,95.45792388916016
2019-08-13,141.77999877929688,264.1405944824219,92.27883911132812,95.11955261230469
2019-08-14,142.75,256.33056640625,92.45263671875,95.75402069091797
2019-08-15,143.6999969482422,257.0076599121094,92.86338806152344,96.36312103271484
2019-08-16,142.77999877929688,260.7998046875,92.59480285644531,96.10933685302734
2019-08-19,141.11000061035156,263.94195556640625,92.24723052978516,95.65253448486328
2019-08-20,142.2100067138672,261.91943359375,92.36575317382812,96.07550048828125
2019-08-21,141.75999450683594,264.0502624511719,92.27095794677734,95.82174682617188
2019-08-22,141.39999389648438,263.968994140625,92.19193267822266,95.6102294921875
2019-08-23,144.1699981689453,257.1882629394531,92.72119903564453,96.25310516357422
2019-08-26,144.19000244140625,260.0325012207031,92.61848449707031,96.16007995605469
2019-08-27,145.57000732421875,259.0120849609375,93.05294036865234,96.57461547851562
2019-08-28,145.16000366210938,260.8359069824219,93.23465728759766,96.60843658447266
2019-08-29,144.1199951171875,264.1676330566406,93.28990173339844,96.42235565185547
2019-08-30,143.75,264.0502624511719,92.93447875976562,96.44771575927734
2019-09-03,145.75,262.5063781738281,92.82303619384766,96.65955352783203
2019-09-04,146.66000366210938,265.48590087890625,93.05223083496094,96.81208801269531
2019-09-05,143.13999938964844,268.8987731933594,92.6333999633789,96.03250885009766
2019-09-06,141.9199981689453,269.1064147949219,92.71238708496094,96.09187316894531
2019-09-09,141.38999938964844,269.241943359375,92.23821258544922,95.4986343383789
2019-09-10,140.17999267578125,269.1786193847656,91.70872497558594,94.80381774902344
2019-09-11,141.02999877929688,271.09271240234375,91.60596466064453,94.71061706542969
2019-09-12,141.32000732421875,272.0318603515625,91.53483581542969,94.4987564086914
2019-09-13,140.14999389648438,271.8511962890625,90.99739074707031,93.63446044921875
2019-09-16,141.32000732421875,271.01153564453125,91.54271697998047,94.04121398925781
2019-09-17,141.60000610351562,271.69769287109375,91.66126251220703,94.2868881225586
2019-09-18,140.7100067138672,271.86016845703125,91.37674713134766,94.3208236694336
2019-09-19,141.27999877929688,271.8421325683594,91.55851745605469,94.3631820678711
2019-09-20,142.9499969482422,270.55780029296875,92.0643310546875,94.905517578125
2019-09-23,143.75,270.4942626953125,92.19078063964844,95.0411148071289
2019-09-24,144.50999450683594,268.3717041015625,92.39629364013672,95.51563262939453
2019-09-25,141.8300018310547,269.9591369628906,91.91416931152344,94.88861846923828
2019-09-26,141.7899932861328,269.3966979980469,91.96949005126953,95.0919189453125
2019-09-27,141.05999755859375,267.94549560546875,91.82719421386719,95.2275390625
2019-09-30,138.8699951171875,269.18817138671875,91.9062728881836,95.30377960205078
2019-10-01,139.6300048828125,265.9862060546875,92.0851821899414,95.56769561767578
2019-10-02,141.25999450683594,261.2876281738281,92.0851821899414,95.8987045288086
2019-10-03,141.89999389648438,263.4282531738281,92.37814331054688,96.39939880371094
2019-10-04,141.89999389648438,266.99310302734375,92.66309356689453,96.58609771728516
2019-10-07,140.69000244140625,265.8410339355469,92.40977478027344,96.26359558105469
2019-10-08,141.9199981689453,261.7139892578125,92.32269287109375,96.46725463867188
2019-10-09,142.0500030517578,264.1993103027344,92.13268280029297,96.22117614746094
2019-10-10,140.80999755859375,265.9862060546875,91.83976745605469,95.6186752319336
2019-10-11,140.02999877929688,268.74365234375,91.55476379394531,94.96514892578125
2019-10-14,140.58999633789062,268.4443664550781,91.70516967773438,95.22825622558594
2019-10-15,139.61000061035156,271.1019592285156,91.39643096923828,94.76995086669922
2019-10-16,140.41000366210938,270.66668701171875,91.53893280029297,94.95668029785156
2019-10-17,140.61000061035156,271.4648742675781,91.66560363769531,94.92269897460938
2019-10-18,140.4600067138672,270.2766418457031,91.80809783935547,95.0075912475586
2019-10-21,139.7899932861328,272.10882568359375,91.51519012451172,94.65963745117188
2019-10-22,140.1999969482422,271.2198791503906,91.7922592163086,94.88027954101562
2019-10-23,140.52999877929688,272.0091247558594,91.85560607910156,94.91426086425781
2019-10-24,141.52999877929688,272.4535827636719,91.9110336303711,94.89730834960938
2019-10-25,141.86000061035156,273.5692443847656,91.92684173583984,94.693603515625
2019-10-28,140.63999938964844,275.1112365722656,91.48351287841797,94.33714294433594
2019-10-29,140.25,275.0295715332031,91.25395202636719,94.42205047607422
2019-10-30,141.02000427246094,275.8731384277344,91.59436798095703,94.88027954101562
2019-10-31,142.42999267578125,275.1384582519531,91.87938690185547,95.48284912109375
2019-11-01,142.55999755859375,277.6872253417969,92.01395416259766,95.30265808105469
2019-11-04,142.14999389648438,278.8030700683594,91.95061492919922,94.81819915771484
2019-11-05,139.85000610351562,278.49456787109375,91.77642822265625,94.3082046508789
2019-11-06,140.4499969482422,278.5581359863281,92.06939697265625,94.58023071289062
2019-11-07,138.27000427246094,279.5376892089844,91.5547103881836,93.82376861572266
2019-11-08,137.38999938964844,280.2270202636719,91.499267578125,93.69627380371094
2019-11-11,137.05999755859375,279.69189453125,91.54679107666016,93.79829406738281
2019-11-12,137.42999267578125,280.2814025878906,91.53096771240234,93.84076690673828
2019-11-13,137.97999572753906,280.37225341796875,91.61016082763672,94.09573364257812
2019-11-14,138.55999755859375,280.78033447265625,91.82391357421875,94.57171630859375
2019-11-15,138.2100067138672,282.81219482421875,91.71307373046875,94.49523162841797
2019-11-18,138.6199951171875,283.02081298828125,91.89521789550781,94.65673065185547
2019-11-19,138.69000244140625,282.93914794921875,92.06146240234375,94.83522033691406
2019-11-20,138.75999450683594,281.8869934082031,92.41776275634766,95.18370819091797
2019-11-21,138.0,281.4334411621094,92.21192932128906,94.94567108154297
2019-11-22,137.74000549316406,282.059326171875,92.24356842041016,94.9287109375
2019-11-25,137.0800018310547,284.2453308105469,92.34648895263672,94.9711685180664
2019-11-26,137.74000549316406,284.8892822265625,92.54443359375,95.14966583251953
2019-11-27,137.00999450683594,286.1592102050781,92.36234283447266,94.9031753540039
2019-11-29,137.86000061035156,285.097900390625,92.1485595703125,94.82669830322266
2019-12-02,137.7899932861328,282.6761169433594,92.01701354980469,94.48624420166016
2019-12-03,139.11000061035156,280.78033447265625,92.58763885498047,95.32888793945312
2019-12-04,138.9199981689453,282.5127868652344,92.52420806884766,94.96289825439453
2019-12-05,139.0,283.02081298828125,92.38948059082031,94.74158477783203
2019-12-06,137.6199951171875,285.60595703125,92.3260726928711,94.45215606689453
2019-12-09,137.5800018310547,284.70782470703125,92.34984588623047,94.5288314819336
2019-12-10,137.97000122070312,284.390380859375,92.3260726928711,94.41815948486328
2019-12-11,138.9199981689453,285.1977233886719,92.65100860595703,94.80970764160156
2019-12-12,138.42999267578125,287.6558837890625,92.19929504394531,94.06066131591797
2019-12-13,139.0500030517578,287.82818603515625,92.57176208496094,94.6139144897461
2019-12-16,139.0399932861328,289.8056335449219,92.35777282714844,94.17130279541016
2019-12-17,139.00999450683594,289.869140625,92.48456573486328,94.17984771728516
2019-12-18,139.02000427246094,289.8872375488281,92.38156127929688,93.92452239990234
2019-12-19,139.3800048828125,291.0754699707031,92.53145599365234,93.99781799316406
2019-12-20,139.52000427246094,292.35162353515625,92.48387145996094,93.99781799316406
2019-12-23,139.9499969482422,292.7981872558594,92.3252182006836,93.91254425048828
2019-12-24,141.27000427246094,292.807373046875,92.436279296875,94.07449340820312
2019-12-26,142.3800048828125,294.3659973144531,92.49974822998047,94.21088409423828
2019-12-27,142.3300018310547,294.2931823730469,92.53145599365234,94.34722900390625
2019-12-30,142.6300048828125,292.6706237792969,92.563232421875,94.28758239746094
2019-12-31,142.89999389648438,293.3816833496094,92.46803283691406,93.9466552734375
2020-01-02,143.9499969482422,296.1253356933594,92.92017364501953,94.38136291503906
2020-01-03,145.86000061035156,293.8829345703125,93.3485107421875,95.01210021972656
2020-01-06,147.38999938964844,295.00421142578125,93.11053466796875,94.90980529785156
2020-01-07,147.97000122070312,294.1746826171875,92.8249740600586,94.77342224121094
2020-01-08,146.86000061035156,295.7424621582031,92.73774719238281,94.55181121826172
2020-01-09,146.02999877929688,297.747802734375,92.72978210449219,94.6200180053711
2020-01-10,146.91000366210938,296.8909912109375,93.00743103027344,94.8245849609375
2020-01-13,145.82000732421875,298.9327697753906,92.99154663085938,94.7137680053711
2020-01-14,145.69000244140625,298.4770202636719,93.11846923828125,94.9012680053711
2020-01-15,146.5399932861328,299.15155029296875,93.18988037109375,95.13992309570312
2020-01-16,146.30999755859375,301.6400451660156,93.03917694091797,94.94388580322266
2020-01-17,146.5800018310547,302.5788879394531,92.8884048461914,94.86724853515625
2020-01-21,146.74000549316406,301.98638916015625,93.18988037109375,95.24223327636719
2020-01-22,146.7899932861328,302.0228271484375,93.12643432617188,95.25926971435547
2020-01-23,147.1199951171875,302.36920166015625,93.3167953491211,95.49791717529297
2020-01-24,147.97999572753906,299.6802062988281,93.52302551269531,95.83882141113281
2020-01-27,148.99000549316406,294.87652587890625,93.73719787597656,96.4866714477539
2020-01-28,147.66000366210938,297.9665832519531,93.59441375732422,96.1627426147461
2020-01-29,148.4600067138672,297.7204895019531,93.93553924560547,96.62300872802734
2020-01-30,148.47000122070312,298.6866149902344,94.03864288330078,96.71680450439453
2020-01-31,149.3300018310547,293.2630615234375,94.44317626953125,97.20265197753906
2020-02-03,148.36000061035156,295.441650390625,94.218505859375,97.11982727050781
2020-02-04,146.42999267578125,299.9445495605469,93.8134765625,96.55654907226562
2020-02-05,146.61000061035156,303.40838623046875,93.5355224609375,96.1383056640625
2020-02-06,147.39999389648438,304.4292297363281,93.71025085449219,96.20660400390625
2020-02-07,147.7899932861328,302.8067321777344,94.0914077758789,96.66751861572266
2020-02-10,148.1699981689453,305.0672912597656,94.2343521118164,96.85527801513672
2020-02-11,147.66000366210938,305.5959777832031,93.9563980102539,96.62484741210938
2020-02-12,147.5399932861328,307.5649108886719,93.86112976074219,96.37728118896484
2020-02-13,148.3800048828125,307.23675537109375,94.05963897705078,96.462646484375
2020-02-14,149.0,307.72894287109375,94.131103515625,96.70162963867188
2020-02-18,150.91000366210938,306.93585205078125,94.33755493164062,96.85527801513672
2020-02-19,151.7899932861328,308.4034423828125,94.2978515625,96.83819580078125
2020-02-20,152.41000366210938,307.1365051269531,94.48051452636719,97.11982727050781
2020-02-21,154.6999969482422,303.9734802246094,94.65522003173828,97.5124740600586
2020-02-24,156.08999633789062,293.8920593261719,95.09194946289062,98.27204895019531
2020-02-25,153.3000030517578,284.98651123046875,94.9331283569336,98.54523468017578
2020-02-26,153.97000122070312,283.93829345703125,94.88548278808594,98.49400329589844
2020-02-27,154.0,271.1861572265625,95.1634292602539,98.97193908691406
2020-02-28,148.3800048828125,270.0467834472656,95.31429290771484,100.08150482177734
2020-03-02,149.1999969482422,281.7414855957031,95.53666687011719,100.01313781738281
2020-03-03,153.88999938964844,273.6745910644531,96.50543975830078,101.17528533935547
2020-03-04,154.16000366210938,285.17791748046875,96.36247253417969,100.95311737060547
2020-03-05,157.49000549316406,275.6980895996094,96.66422271728516,101.85035705566406
2020-03-06,157.5500030517578,271.1405029296875,97.30745697021484,102.88430786132812
2020-03-09,157.80999755859375,249.96591186523438,95.30636596679688,103.8072280883789
2020-03-10,154.47999572753906,262.90045166015625,92.57471466064453,101.9016342163086
2020-03-11,153.92999267578125,250.0844268798828,90.47830200195312,100.88475799560547
2020-03-12,147.7899932861328,226.1570587158203,90.26388549804688,100.93604278564453
2020-03-13,143.27999877929688,245.4903564453125,90.62124633789062,100.27802276611328
2020-03-16,141.63999938964844,218.62789916992188,89.99391174316406,102.92707824707031
2020-03-17,143.55999755859375,230.4320831298828,87.4766616821289,100.34640502929688
2020-03-18,140.6999969482422,218.7646942138672,86.40464782714844,98.95354461669922
2020-03-19,138.0399932861328,219.22952270507812,88.0801773071289,99.27825164794922
2020-03-20,140.11000061035156,209.78201293945312,92.00296783447266,101.80764770507812
2020-03-23,146.3000030517578,204.41824340820312,93.73406219482422,103.01251983642578
2020-03-24,153.39999389648438,222.939208984375,93.7896499633789,102.31182861328125
2020-03-25,151.3000030517578,226.276611328125,94.69489288330078,102.37162780761719
2020-03-26,153.24000549316406,239.48890686035156,95.17932891845703,102.61939239501953
2020-03-27,152.25,232.3555145263672,95.48900604248047,103.37995910644531
2020-03-30,152.9199981689453,239.90150451660156,93.97230529785156,103.6192398071289
2020-03-31,148.0500030517578,236.3256378173828,93.6387710571289,103.8072280883789
2020-04-01,149.4499969482422,225.68980407714844,94.20822143554688,104.22988891601562
2020-04-02,151.89999389648438,230.8977508544922,95.64762115478516,104.2469711303711
2020-04-03,152.64999389648438,227.560302734375,96.49061584472656,104.323974609375
2020-04-06,156.8800048828125,242.84466552734375,96.42701721191406,103.85338592529297
2020-04-07,156.0399932861328,243.09222412109375,96.36337280273438,103.39138793945312
2020-04-08,154.64999389648438,251.25238037109375,95.70332336425781,103.26309967041016
2020-04-09,158.69000244140625,255.07574462890625,96.64969635009766,103.48551177978516
2020-04-13,161.41000366210938,252.74700927734375,96.82463836669922,103.26309967041016
2020-04-14,162.67999267578125,260.20123291015625,97.11094665527344,103.39997100830078
2020-04-15,161.85000610351562,254.6724395751953,97.21434783935547,104.323974609375
2020-04-16,161.7100067138672,255.90110778808594,96.37132263183594,104.4351806640625
2020-04-17,158.57000732421875,262.8142395019531,95.91007995605469,104.16141510009766
2020-04-20,159.6999969482422,258.1841125488281,95.6158676147461,104.4351806640625
2020-04-21,158.61000061035156,250.3447723388672,96.10093688964844,104.72606658935547
2020-04-22,161.72999572753906,255.90110778808594,96.68151092529297,104.40096282958984
2020-04-23,163.33999633789062,255.88267517089844,96.6258316040039,104.46941375732422
2020-04-24,162.63999938964844,259.44940185546875,97.17457580566406,104.49505615234375
2020-04-27,161.55999755859375,263.19012451171875,96.98371887207031,103.9389419555664
2020-04-28,160.83999633789062,261.97991943359375,97.31771087646484,104.39240264892578
2020-04-29,161.72999572753906,268.83807373046875,97.19841766357422,104.34107971191406
2020-04-30,158.8000030517578,266.3350524902344,96.47471618652344,104.09297180175781
2020-05-01,159.77999877929688,259.2842712402344,96.47313690185547,104.23686218261719
2020-05-04,160.33999633789062,259.9994812011719,96.56880187988281,104.25395965576172
2020-05-05,161.02000427246094,262.4017028808594,96.68042755126953,104.17691802978516
2020-05-06,158.9499969482422,260.6230163574219,96.21005249023438,103.79144287109375
2020-05-07,161.38999938964844,263.7677917480469,96.81594848632812,104.42523956298828
2020-05-08,160.4199981689453,268.1321716308594,96.7840576171875,104.08265686035156
2020-05-11,159.4199981689453,268.1872253417969,96.44921112060547,103.79144287109375
2020-05-12,160.0399932861328,262.84173583984375,96.53691864013672,104.13404846191406
2020-05-13,161.5800018310547,258.19329833984375,96.6246109008789,104.34820556640625
2020-05-14,163.00999450683594,261.2830810546875,96.73619842529297,104.51091003417969
2020-05-15,163.92999267578125,262.4842224121094,96.90363311767578,104.44236755371094
2020-05-18,162.69000244140625,270.4794006347656,96.89567565917969,103.80007934570312
2020-05-19,164.25999450683594,267.7012939453125,96.7840576171875,104.09122467041016
2020-05-20,164.64999389648438,272.24896240234375,97.07107543945312,104.116943359375
2020-05-21,162.25,270.36932373046875,96.96741485595703,104.18544006347656
2020-05-22,163.2100067138672,270.8828125,97.02323913574219,104.38243103027344
2020-05-26,160.88999938964844,274.2203063964844,96.66446685791016,104.1083755493164
2020-05-27,161.17999267578125,278.3003845214844,96.7601547241211,104.19405364990234
2020-05-28,161.72000122070312,277.7868957519531,97.0630874633789,104.09984588623047
2020-05-29,162.91000366210938,279.0247802734375,97.10294342041016,104.4338150024414
2020-06-01,163.66000366210938,280.15240478515625,97.22254180908203,104.39263153076172
2020-06-02,162.60000610351562,282.47216796875,97.00726318359375,104.22119140625
2020-06-03,159.60000610351562,286.2314147949219,96.68839263916016,103.60393524169922
2020-06-04,161.27999877929688,285.47955322265625,96.3216552734375,103.19245910644531
2020-06-05,158.00999450683594,292.7962951660156,96.31370544433594,102.6781005859375
2020-06-08,159.72000122070312,296.3354187011719,96.52096557617188,102.7895278930664
2020-06-09,161.25999450683594,294.1257629394531,96.61663818359375,103.15815734863281
2020-06-10,163.57000732421875,292.4844970703125,97.35809326171875,103.92974853515625
2020-06-11,162.38999938964844,275.623046875,97.38993072509766,104.29835510253906
2020-06-12,162.6199951171875,278.9238586425781,97.12686157226562,104.06690216064453
2020-06-15,162.3300018310547,281.52777099609375,97.16671752929688,103.98118591308594
2020-06-16,162.25,286.94659423828125,97.1189193725586,103.766845703125
2020-06-17,162.55999755859375,285.7546081542969,97.05512237548828,103.92974853515625
2020-06-18,162.24000549316406,285.8646240234375,97.49356842041016,104.16121673583984
2020-06-19,164.02999877929688,284.2309875488281,97.68494415283203,104.1954574584961
2020-06-22,165.08999633789062,286.0543518066406,97.93207550048828,104.1011734008789
2020-06-23,166.47999572753906,287.3712463378906,97.9878921508789,104.06690216064453
2020-06-24,165.89999389648438,280.040771484375,97.85233306884766,104.26410675048828
2020-06-25,165.8000030517578,283.04296875,97.94003295898438,104.28121948242188
2020-06-26,166.5399932861328,276.32025146484375,98.10746002197266,104.56414794921875
2020-06-29,166.6300048828125,280.3815002441406,98.21908569335938,104.6669692993164
2020-06-30,167.3699951171875,283.97308349609375,98.05961608886719,104.4784164428711
2020-07-01,166.6199951171875,285.9622497558594,98.12339782714844,104.31533813476562
2020-07-02,166.97999572753906,287.5369873046875,98.39447784423828,104.4440689086914
2020-07-06,167.97999572753906,291.9758605957031,98.58580780029297,104.28962707519531
2020-07-07,169.0399932861328,288.9644470214844,98.60973358154297,104.624267578125
2020-07-08,170.08999633789062,291.174560546875,98.43433380126953,104.46123504638672
2020-07-09,169.6300048828125,289.5169677734375,98.68942260742188,104.79592895507812
2020-07-10,169.19000244140625,292.47314453125,98.58580780029297,104.58992767333984
2020-07-13,169.39999389648438,289.9405822753906,98.80106353759766,104.7015151977539
2020-07-14,170.19000244140625,293.697998046875,98.81700134277344,104.69291687011719
2020-07-15,170.33999633789062,296.39630126953125,98.7612075805664,104.65857696533203
2020-07-16,168.72999572753906,295.42010498046875,98.96051025390625,104.73583984375
2020-07-17,170.1199951171875,296.2764892578125,99.14385986328125,104.71009063720703
2020-07-20,170.94000244140625,298.6709289550781,99.27941131591797,104.77873229980469
2020-07-21,173.0,299.3063659667969,99.50262451171875,104.8902816772461
2020-07-22,175.6300048828125,301.00994873046875,99.50262451171875,104.92459106445312
2020-07-23,177.17999267578125,297.41845703125,99.55044555664062,105.027587890625
2020-07-24,178.6999969482422,295.5030212402344,99.52651977539062,104.97606658935547
2020-07-27,182.22999572753906,297.6579284667969,99.52651977539062,104.81304931640625
2020-07-28,183.75,295.7700500488281,99.70990753173828,105.06193542480469
2020-07-29,185.1300048828125,299.4075927734375,99.94110107421875,105.19918823242188
2020-07-30,183.75999450683594,298.3393249511719,100.04471588134766,105.34505462646484
2020-07-31,185.42999267578125,300.6968994140625,100.33972930908203,105.37073516845703
2020-08-03,185.63999938964844,302.7873229980469,100.47525024414062,105.31929016113281
2020-08-04,189.58999633789062,303.95697021484375,100.69847106933594,105.6799545288086
2020-08-05,191.35000610351562,305.8447570800781,100.74628448486328,105.32784271240234
2020-08-06,193.88999938964844,307.8891906738281,100.85791778564453,105.44807434082031
2020-08-07,190.80999755859375,308.1102600097656,100.58686065673828,105.22480773925781
2020-08-10,190.14999389648438,309.0312194824219,100.46728515625,105.11316680908203
2020-08-11,179.94000244140625,306.48016357421875,100.24405670166016,104.75244140625
2020-08-12,179.10000610351562,310.75323486328125,100.30783081054688,104.44334411621094
2020-08-13,183.3300018310547,310.1915283203125,100.05268096923828,104.22863006591797
2020-08-14,182.5399932861328,310.20074462890625,99.88528442382812,104.28012084960938
2020-08-17,186.5,311.18609619140625,100.10054016113281,104.451904296875
2020-08-18,188.17999267578125,311.8583984375,100.5470199584961,104.63220977783203
2020-08-19,182.24000549316406,310.5599365234375,100.24405670166016,104.4948501586914
2020-08-20,183.5,311.5268859863281,100.14838409423828,104.79544830322266
2020-08-21,182.02999877929688,312.6319274902344,100.49122619628906,104.8727035522461
2020-08-24,181.0,315.7998962402344,100.69050598144531,104.72671508789062
2020-08-25,181.22000122070312,316.9049072265625,100.65860748291016,104.4776611328125
2020-08-26,183.36000061035156,320.0821838378906,100.85791778564453,104.43473052978516
2020-08-27,181.24000549316406,320.7820129394531,100.45930480957031,104.0654525756836
2020-08-28,184.38999938964844,322.85406494140625,100.77818298339844,104.2372055053711
2020-08-31,184.8300018310547,321.6845397949219,101.23260498046875,104.34886169433594
2020-09-01,185.0500030517578,324.7143249511719,101.28840637207031,104.69090270996094
2020-09-02,182.6199951171875,329.4110412597656,101.3282699584961,104.83698272705078
2020-09-03,181.13999938964844,318.0744934082031,100.97748565673828,104.9744873046875
2020-09-04,181.63999938964844,315.4775390625,100.66655731201172,104.39008331298828
2020-09-08,181.2899932861328,306.8578186035156,100.76221466064453,104.61354064941406
2020-09-09,183.0500030517578,312.9173889160156,100.81806182861328,104.56196594238281
2020-09-10,182.4600067138672,307.4840393066406,100.90574645996094,104.69090270996094
2020-09-11,182.4499969482422,307.64056396484375,100.84992980957031,104.85416412353516
2020-09-14,183.88999938964844,311.69256591796875,100.78617858886719,104.75963592529297
2020-09-15,183.4499969482422,313.26739501953125,100.85791778564453,104.70807647705078
2020-09-16,183.97000122070312,312.0241394042969,100.85791778564453,104.64793395996094
2020-09-17,182.9600067138672,309.2797546386719,100.91371154785156,104.68225860595703
2020-09-18,183.1999969482422,305.71917724609375,100.82603454589844,104.58775329589844
2020-09-21,179.52000427246094,302.316650390625,100.64264678955078,104.77684020996094
2020-09-22,178.64999389648438,305.3954772949219,100.67454528808594,104.77684020996094
2020-09-23,174.7899932861328,298.3130798339844,100.57093048095703,104.77684020996094
2020-09-24,175.44000244140625,299.1083068847656,100.64264678955078,104.82836151123047
2020-09-25,174.94000244140625,303.9439392089844,100.77818298339844,104.91436004638672
2020-09-28,176.6999969482422,308.9923400878906,100.9854507446289,104.89714050292969
2020-09-29,178.19000244140625,307.3095397949219,101.15289306640625,104.9744873046875
2020-09-30,177.1199951171875,309.6394958496094,100.84992980957031,104.69090270996094
2020-10-01,178.6999969482422,311.6272888183594,100.83153533935547,104.75019073486328
2020-10-02,178.5399932861328,308.6686706542969,100.8475341796875,104.64702606201172
2020-10-05,179.41000366210938,314.14227294921875,100.5436019897461,103.98486328125
2020-10-06,177.3000030517578,309.676513671875,100.5595703125,104.2256088256836
2020-10-07,177.22000122070312,315.0669250488281,100.55156707763672,103.92466735839844
2020-10-08,177.85000610351562,317.8591613769531,100.9515380859375,104.11386108398438
2020-10-09,181.0800018310547,320.69769287109375,100.98352813720703,104.0622787475586
2020-10-12,180.55999755859375,325.8568420410156,101.04749298095703,104.17406463623047
2020-10-13,177.72000122070312,323.7304382324219,101.04749298095703,104.40624237060547
2020-10-14,178.27000427246094,321.6962585449219,101.04749298095703,104.44063568115234
2020-10-15,178.9199981689453,321.2987060546875,101.0155258178711,104.32881927490234
2020-10-16,178.3000030517578,321.10455322265625,101.05551147460938,104.2686538696289
2020-10-19,178.38999938964844,316.2226257324219,100.81552124023438,104.09664916992188
2020-10-20,179.25,317.4893493652344,100.72755432128906,103.87308502197266
2020-10-21,180.60000610351562,316.8883056640625,100.69558715820312,103.73545837402344
2020-10-22,178.8300018310547,318.6265563964844,100.5436019897461,103.3742904663086
2020-10-23,178.63999938964844,319.7083740234375,100.66358184814453,103.52047729492188
2020-10-26,178.5500030517578,313.8001708984375,100.74356842041016,103.79569244384766
2020-10-27,179.02000427246094,312.7183837890625,100.94351959228516,104.02784729003906
2020-10-28,176.1300048828125,302.030029296875,100.81552124023438,104.01924896240234
2020-10-29,175.39999389648438,305.0997009277344,100.47162628173828,103.58070373535156
2020-10-30,176.1999969482422,301.9190673828125,100.16764068603516,103.24532318115234
2020-11-02,177.91000366210938,305.3031311035156,100.5349349975586,103.42259979248047
2020-11-03,178.9199981689453,310.6934814453125,100.45475769042969,103.19026947021484
2020-11-04,178.82000732421875,317.63726806640625,100.62313079833984,104.05931854248047
2020-11-05,182.92999267578125,323.8320617675781,100.70333862304688,104.04212951660156
2020-11-06,183.19000244140625,323.7580871582031,100.24625396728516,103.6893310546875
2020-11-09,175.0800018310547,327.8263854980469,99.95756530761719,102.92347717285156
2020-11-10,175.66000366210938,327.3455810546875,100.05377197265625,102.63092803955078
2020-11-11,174.89999389648438,329.77728271484375,100.23019409179688,102.7944107055664
2020-11-12,175.9600067138672,326.57818603515625,100.51084899902344,103.37957000732422
2020-11-13,177.16000366210938,331.0995178222656,100.50284576416016,103.24189758300781
2020-11-16,177.14999389648438,335.232421875,100.36651611328125,103.1644058227539
2020-11-17,176.5,333.429443359375,100.5349349975586,103.43118286132812
2020-11-18,175.49000549316406,329.4166259765625,100.56700134277344,103.39678192138672
2020-11-19,175.16000366210938,330.8035583496094,100.6712646484375,103.50865936279297
2020-11-20,175.69000244140625,328.538330078125,100.89579010009766,103.6893310546875
2020-11-23,172.22999572753906,330.5077209472656,100.81558990478516,103.4828109741211
2020-11-24,169.58999633789062,335.83343505859375,100.84767150878906,103.3193359375
2020-11-25,169.50999450683594,335.3156433105469,101.0160903930664,103.35375213623047
2020-11-27,167.7899932861328,336.2494812011719,101.2646713256836,103.66353607177734
2020-11-30,166.6699981689453,334.7608947753906,101.37694549560547,103.59468078613281
2020-12-01,170.17999267578125,338.4222717285156,101.14653778076172,103.04359436035156
2020-12-02,171.4600067138672,339.1343078613281,101.21878051757812,102.87137603759766
2020-12-03,172.80999755859375,339.04180908203125,101.49974822998047,103.14692687988281
2020-12-04,172.32000732421875,341.9635009765625,101.28298950195312,102.7422103881836
2020-12-07,174.88999938964844,341.2608947753906,101.54791259765625,103.0608139038086
2020-12-08,175.5,342.2593994140625,101.71651458740234,103.16414642333984
2020-12-09,172.5,339.189697265625,101.58804321289062,103.01776885986328
2020-12-10,172.1699981689453,339.0787658691406,101.82084655761719,103.25027465820312
2020-12-11,172.49000549316406,338.6811828613281,101.81280517578125,103.4569320678711
2020-12-14,171.5399932861328,337.1648864746094,101.81280517578125,103.39663696289062
2020-12-15,173.94000244140625,341.72308349609375,101.99746704101562,103.29328918457031
2020-12-16,174.89999389648438,342.2593994140625,101.98941802978516,103.20722198486328
2020-12-17,176.74000549316406,344.1733093261719,102.04803466796875,103.13219451904297
2020-12-18,176.44000244140625,342.7991027832031,101.99984741210938,103.04609680175781
2020-12-21,175.8800048828125,341.57342529296875,101.98379516601562,103.11498260498047
2020-12-22,174.49000549316406,340.9976501464844,102.08013916015625,103.28734588623047
2020-12-23,175.64999389648438,341.3040466308594,102.12830352783203,103.07190704345703
2020-12-24,176.35000610351562,342.63189697265625,102.1684799194336,103.21841430664062
2020-12-28,175.7100067138672,345.57537841796875,102.24073028564453,103.22700500488281
2020-12-29,176.35000610351562,344.9161071777344,102.19256591796875,103.20977783203125
2020-12-30,177.6999969482422,345.40826416015625,102.27284240722656,103.2787094116211
2020-12-31,178.36000061035156,347.1632080078125,102.48961639404297,103.34762573242188
2021-01-04,182.3300018310547,342.4369201660156,102.6020278930664,103.37347412109375
2021-01-05,182.8699951171875,344.7954406738281,102.5699234008789,103.13219451904297
2021-01-06,179.89999389648438,346.8567199707031,102.26483154296875,102.52912139892578
2021-01-07,179.47999572753906,352.01019287109375,102.20059204101562,102.16724395751953
2021-01-08,173.33999633789062,354.015869140625,101.79914093017578,101.87432098388672
2021-01-11,173.0,351.6294860839844,101.58235168457031,101.67616271972656
2021-01-12,174.1199951171875,351.7037353515625,101.71883392333984,101.65892791748047
2021-01-13,173.3699951171875,352.6510009765625,101.94366455078125,102.01217651367188
2021-01-14,173.27999877929688,351.4158630371094,101.99181365966797,101.779541015625
2021-01-15,171.1300048828125,348.8531188964844,102.1042251586914,102.05522918701172
2021-01-19,172.5800018310547,351.5923767089844,102.3451156616211,102.11553192138672
2021-01-20,175.38999938964844,356.4579162597656,102.4976577758789,102.15864562988281
2021-01-21,175.27999877929688,356.7829284667969,102.74652862548828,102.01217651367188
2021-01-22,173.89999389648438,355.52008056640625,102.58597564697266,102.16724395751953
2021-01-25,174.0500030517578,356.9222412109375,102.85091400146484,102.58079528808594
2021-01-26,173.6199951171875,356.3650817871094,102.6983871459961,102.54634857177734
2021-01-27,172.52000427246094,347.65533447265625,102.66625213623047,102.66699981689453
2021-01-28,172.67999267578125,350.64520263671875,102.86697387695312,102.39988708496094
2021-01-29,172.61000061035156,343.62542724609375,102.76261138916016,102.21893310546875
2021-02-01,174.22999572753906,349.34527587890625,102.53779602050781,102.34656524658203
2021-02-02,172.11000061035156,354.2850646972656,102.69035339355469,102.08792877197266
2021-02-03,171.85000610351562,354.5636901855469,102.63412475585938,101.837890625
2021-02-04,168.14999389648438,358.5935363769531,102.5618896484375,101.80339050292969
2021-02-05,169.80999755859375,360.0048828125,102.53779602050781,101.58785247802734
2021-02-08,171.52000427246094,362.60479736328125,102.63412475585938,101.6309585571289
2021-02-09,172.0800018310547,362.36334228515625,102.69035339355469,101.70854187011719
2021-02-10,172.7100067138672,362.20562744140625,102.77865600585938,101.96723175048828
2021-02-11,171.2100067138672,362.7905578613281,102.65825653076172,101.8896255493164
2021-02-12,170.69000244140625,364.5826416015625,102.48961639404297,101.55338287353516
2021-02-16,168.24000549316406,364.26690673828125,101.99181365966797,100.82052612304688
2021-02-17,166.3300018310547,364.35052490234375,101.95170593261719,100.88948059082031
2021-02-18,166.32000732421875,362.7998352050781,101.5261459350586,100.88090515136719
2021-02-19,167.00999450683594,362.15911865234375,101.09260559082031,100.4756851196289
2021-02-22,169.50999450683594,359.3735046386719,101.0845718383789,100.31185913085938
2021-02-23,169.1199951171875,359.8099365234375,101.10865783691406,100.38945770263672
2021-02-24,169.0,363.7747497558594,101.02835845947266,100.25153350830078
2021-02-25,165.82000732421875,355.00933837890625,99.79190063476562,98.9151840209961
2021-02-26,161.80999755859375,353.1801452636719,101.02835845947266,99.80319213867188
2021-03-01,161.52999877929688,361.7413330078125,100.69113159179688,99.69107818603516
2021-03-02,162.41000366210938,358.9185485839844,101.10062408447266,99.87222290039062
2021-03-03,160.6199951171875,354.1644287109375,100.84369659423828,99.33735656738281
2021-03-04,159.0399932861328,349.7817687988281,100.45829010009766,98.84562683105469
2021-03-05,159.13999938964844,356.2165222167969,100.56270599365234,98.70759582519531
2021-03-08,157.49000549316406,354.4429931640625,100.00867462158203,98.31940460205078
2021-03-09,160.83999633789062,359.5035400390625,100.6349105834961,98.78524017333984
2021-03-10,161.66000366210938,361.7413330078125,101.09260559082031,98.99227905273438
2021-03-11,161.52000427246094,365.4090881347656,101.18090057373047,98.957763671875
2021-03-12,161.49000549316406,365.9012145996094,100.38602447509766,98.24176788330078
2021-03-15,162.1999969482422,368.08319091796875,100.68309020996094,98.36251068115234
2021-03-16,162.35000610351562,367.6190185546875,100.8918685913086,98.34527587890625
2021-03-17,163.50999450683594,368.87255859375,100.80353546142578,98.18136596679688
2021-03-18,162.55999755859375,363.5054931640625,100.08897399902344,97.56885528564453
2021-03-19,163.24000549316406,362.83294677734375,100.28169250488281,97.50849151611328
2021-03-22,163.0,365.73016357421875,100.7634048461914,97.82766723632812
2021-03-23,161.80999755859375,362.8515930175781,100.97218322753906,98.31078338623047
2021-03-24,162.3699951171875,361.00701904296875,101.23710632324219,98.44017791748047
2021-03-25,161.77999877929688,363.03790283203125,101.16484832763672,98.31078338623047
2021-03-26,162.24000549316406,368.88824462890625,101.18892669677734,97.98291778564453
2021-03-29,160.30999755859375,368.701904296875,100.91594696044922,97.64649963378906
2021-03-30,157.57000732421875,367.7237548828125,100.73932647705078,97.56022644042969
2021-03-31,159.9600067138672,369.2142333984375,100.7634048461914,97.42219543457031
2021-04-01,161.97999572753906,373.2014465332031,101.05311584472656,97.8537826538086
2021-04-05,161.9199981689453,378.55810546875,100.76341247558594,97.57758331298828
2021-04-06,163.22000122070312,378.33447265625,100.81973266601562,98.05235290527344
2021-04-07,162.75999450683594,378.7723083496094,100.88412475585938,97.9919204711914
2021-04-08,164.50999450683594,380.5702819824219,101.10948944091797,98.32855987548828
2021-04-09,163.27000427246094,383.3370666503906,100.89217376708984,98.06961822509766
2021-04-12,162.27999877929688,383.4767761230469,100.90825653076172,98.00917053222656
2021-04-13,163.42999267578125,384.61334228515625,101.27849578857422,98.4149169921875
2021-04-14,162.72000122070312,383.29986572265625,101.27849578857422,98.29407501220703
2021-04-15,165.35000610351562,387.4173889160156,101.82574462890625,98.92420196533203
2021-04-16,166.35000610351562,388.71240234375,101.7935791015625,98.65657806396484
2021-04-19,165.88999938964844,386.80255126953125,101.61650848388672,98.5530014038086
2021-04-20,166.47999572753906,383.9705810546875,101.68090057373047,98.84650421142578
2021-04-21,168.1300048828125,387.6037292480469,101.7774658203125,98.89830017089844
2021-04-22,167.0399932861328,384.0637512207031,101.898193359375,98.97599029541016
2021-04-23,166.39999389648438,388.22784423828125,101.94646453857422,98.84650421142578
2021-04-26,166.83999633789062,389.03839111328125,102.00282287597656,98.74290466308594
2021-04-27,166.4199981689453,388.9546203613281,101.9947509765625,98.35447692871094
2021-04-28,166.91000366210938,388.84271240234375,102.31669616699219,98.48395538330078
2021-04-29,166.22000122070312,391.32073974609375,102.26841735839844,98.311279296875
2021-04-30,165.66000366210938,388.74957275390625,102.20399475097656,98.39765167236328
2021-05-03,167.80999755859375,389.58795166015625,102.45858001708984,98.56520080566406
2021-05-04,166.5800018310547,387.1844787597656,102.69290924072266,98.69474029541016
2021-05-05,167.27000427246094,387.3056945800781,103.15353393554688,98.8156967163086
2021-05-06,170.05999755859375,390.3985290527344,103.0323257446289,98.8588638305664
2021-05-07,171.58999633789062,393.2398376464844,103.25050354003906,98.8934097290039
2021-05-10,172.11000061035156,389.3457946777344,103.29899597167969,98.69474029541016
2021-05-11,172.13999938964844,385.8709716796875,103.02424621582031,98.53063201904297
2021-05-12,170.42999267578125,377.67303466796875,102.84648132324219,98.05558013916016
2021-05-13,171.1300048828125,382.2099304199219,102.87071990966797,98.3838119506836
2021-05-14,172.69000244140625,388.078857421875,103.2343521118164,98.5997543334961
2021-05-17,174.6999969482422,387.09124755859375,103.43639373779297,98.50471496582031
2021-05-18,175.0399932861328,383.75628662109375,103.28282928466797,98.50471496582031
2021-05-19,175.16000366210938,382.7501525878906,102.57978820800781,98.21104431152344
2021-05-20,175.9600067138672,386.86773681640625,102.70099639892578,98.6170425415039
2021-05-21,176.0399932861328,386.5511474609375,102.88687133789062,98.65157318115234
2021-05-24,176.35000610351562,390.49169921875,103.13738250732422,98.74657440185547
2021-05-25,177.9499969482422,389.6252136230469,103.42828369140625,99.10939025878906
2021-05-26,177.63999938964844,390.3985290527344,103.1939468383789,98.99710083007812
2021-05-27,177.7100067138672,390.6034240722656,103.18588256835938,98.82432556152344
2021-05-28,178.3800048828125,391.3021545410156,103.25050354003906,98.8156967163086
2021-06-01,177.89999389648438,390.9574890136719,103.55191802978516,98.79753112792969
2021-06-02,178.77000427246094,391.572265625,103.42195892333984,98.90995788574219
2021-06-03,175.27000427246094,390.1190185546875,103.07259368896484,98.65922546386719
2021-06-04,177.16000366210938,393.6869812011719,103.56818389892578,99.20378112792969
2021-06-07,177.8699951171875,393.3050231933594,103.34068298339844,99.12601470947266
2021-06-08,177.32000732421875,393.3888854980469,103.4463119506836,99.41124725341797
2021-06-09,176.97999572753906,392.8019714355469,103.45442962646484,99.72244262695312
2021-06-10,177.74000549316406,394.6278991699219,103.99065399169922,100.0768051147461
2021-06-11,175.74000549316406,395.280029296875,103.72252655029297,99.92987060546875
2021-06-14,174.7100067138672,396.16497802734375,103.66566467285156,99.61866760253906
2021-06-15,174.0500030517578,395.4383850097656,103.83626556396484,99.63597869873047
2021-06-16,171.11000061035156,393.23046875,102.89385223388672,98.95311737060547
2021-06-17,165.85000610351562,393.1000671386719,103.2838363647461,99.30750274658203
2021-06-18,164.92999267578125,387.7969970703125,103.32447052001953,99.869384765625
2021-06-21,166.9499969482422,393.3486328125,103.14569854736328,99.54950714111328
2021-06-22,166.25,395.45159912109375,103.71440887451172,99.73104858398438
2021-06-23,166.13999938964844,394.9750061035156,103.73880004882812,99.53227996826172
2021-06-24,166.0399932861328,397.3115234375,103.54380798339844,99.51496124267578
2021-06-25,166.58999633789062,398.72283935546875,103.64942932128906,99.30750274658203
2021-06-28,166.5800018310547,399.52655029296875,103.80375671386719,99.61866760253906
2021-06-29,164.8300018310547,399.7415771484375,103.86062622070312,99.67053985595703
2021-06-30,165.6300048828125,400.0780334472656,103.9987564086914,99.82615661621094
2021-07-01,166.1999969482422,402.29315185546875,104.09933471679688,99.75437927246094
2021-07-02,167.2899932861328,405.36810302734375,104.54090881347656,100.11764526367188
2021-07-06,168.1199951171875,404.62969970703125,104.810791015625,100.64524841308594
2021-07-07,168.75999450683594,406.05963134765625,104.73716735839844,100.93934631347656
2021-07-08,168.64999389648438,402.7510681152344,104.59815979003906,101.1988296508789
2021-07-09,169.2100067138672,407.0503234863281,104.6145248413086,100.6884994506836
2021-07-12,169.0,408.5084228515625,104.8925552368164,100.63660430908203
2021-07-13,169.22000122070312,407.1157531738281,104.8925552368164,100.32523345947266
2021-07-14,171.0399932861328,407.7232971191406,105.17058563232422,100.75767517089844
2021-07-15,171.07000732421875,406.3307189941406,105.48949432373047,101.1815414428711
2021-07-16,169.41000366210938,403.1436462402344,105.48949432373047,101.16421508789062
2021-07-19,169.61000061035156,397.1900634765625,105.5303955078125,102.0291748046875
2021-07-20,169.38999938964844,402.88189697265625,105.51404571533203,101.89940643310547
2021-07-21,168.75999450683594,406.1437683105469,105.24417877197266,101.311279296875
2021-07-22,169.08999633789062,406.9942626953125,105.53858947753906,101.5447769165039
2021-07-23,168.55999755859375,411.18145751953125,106.01287841796875,101.38910675048828
2021-07-26,168.16000366210938,412.1907958984375,106.47078704833984,101.3199234008789
2021-07-27,168.44000244140625,410.3122863769531,106.4462661743164,101.75238037109375
2021-07-28,169.2899932861328,410.1440124511719,106.80607604980469,101.8388671875
2021-07-29,171.1699981689453,411.844970703125,106.61802673339844,101.52750396728516
2021-07-30,169.82000732421875,409.8449401855469,106.78158569335938,101.81292724609375
2021-08-02,169.61000061035156,408.985107421875,106.82023620605469,102.25955200195312
2021-08-03,169.49000549316406,412.31231689453125,106.91895294189453,102.28548431396484
2021-08-04,169.52999877929688,410.28424072265625,106.71329498291016,102.25955200195312
2021-08-05,168.86000061035156,412.8824768066406,106.33484649658203,101.88732147216797
2021-08-06,164.63999938964844,413.564697265625,106.0963134765625,101.29015350341797
2021-08-09,161.72000122070312,413.22833251953125,105.9070816040039,101.07379150390625
2021-08-10,161.77000427246094,413.7423095703125,106.00579833984375,100.88336944580078
2021-08-11,164.0,414.7704772949219,106.1785659790039,100.99592590332031
2021-08-12,164.0399932861328,416.0134582519531,106.0963134765625,100.89201354980469
2021-08-13,166.38999938964844,416.7705383300781,106.36776733398438,101.4719009399414
2021-08-16,167.22000122070312,417.75189208984375,106.47473907470703,101.69695281982422
2021-08-17,166.97000122070312,415.0134582519531,106.18679809570312,101.64507293701172
2021-08-18,167.10000610351562,410.4711608886719,106.20323944091797,101.59310913085938
2021-08-19,166.61000061035156,411.1066589355469,106.24437713623047,101.8180923461914
2021-08-20,166.6999969482422,414.3778991699219,105.9153060913086,101.7229232788086
2021-08-23,168.72999572753906,418.02294921875,106.16210174560547,101.74888610839844
2021-08-24,168.64999389648438,418.6864929199219,106.16210174560547,101.4719009399414
2021-08-25,167.47999572753906,419.5650634765625,106.1209716796875,101.07379150390625
2021-08-26,167.6699981689453,417.08831787109375,106.1374282836914,101.07379150390625
2021-08-27,170.19000244140625,420.8174743652344,106.9354019165039,101.40267181396484
2021-08-30,169.35000610351562,422.6680908203125,106.91895294189453,101.60172271728516
2021-08-31,169.69000244140625,422.04193115234375,106.60633087158203,101.41136932373047
2021-09-01,169.6999969482422,422.2661437988281,106.65271759033203,101.45462799072266
2021-09-02,169.25,423.5653076171875,106.69412231445312,101.57592010498047
2021-09-03,171.05999755859375,423.46246337890625,106.5450439453125,101.33338928222656
2021-09-07,167.7100067138672,421.9483947753906,106.27999114990234,100.93498992919922
2021-09-08,167.2899932861328,421.4342346191406,106.71072387695312,101.212158203125
2021-09-09,168.02999877929688,419.6305847167969,107.27400207519531,101.4979476928711
2021-09-10,167.17999267578125,416.3219299316406,106.9758071899414,101.17747497558594
2021-09-13,167.74000549316406,417.3873596191406,106.9758071899414,101.29871368408203
2021-09-14,168.82000732421875,415.1349182128906,107.03376770019531,101.67984771728516
2021-09-15,167.8300018310547,418.6023864746094,107.09176635742188,101.506591796875
2021-09-16,164.02999877929688,417.9388427734375,106.9178237915039,101.18610382080078
2021-09-17,163.77000427246094,413.86767578125,106.61131286621094,100.89167785644531
2021-09-20,164.94000244140625,406.96673583984375,106.71072387695312,101.40266418457031
2021-09-21,166.0399932861328,406.58233642578125,106.63614654541016,101.34201049804688
2021-09-22,165.4199981689453,410.5484924316406,106.52847290039062,101.43731689453125
2021-09-23,163.50999450683594,415.53668212890625,106.14741516113281,100.51925659179688
2021-09-24,163.3000030517578,416.22113037109375,105.8823471069336,100.21609497070312
2021-09-27,163.63999938964844,415.0303649902344,105.93203735351562,99.94763946533203
2021-09-28,162.0500030517578,406.6667175292969,105.7000961303711,99.56654357910156
2021-09-29,161.32000732421875,407.3511962890625,105.75808715820312,99.67048645019531
2021-09-30,164.22000122070312,402.37237548828125,105.77465057373047,99.79173278808594
2021-10-01,164.58999633789062,407.154296875,106.23347473144531,100.19908142089844
2021-10-04,165.36000061035156,401.9035949707031,106.22517395019531,100.07772827148438
2021-10-05,164.58999633789062,406.0854187011719,106.3332290649414,99.7657241821289
2021-10-06,165.02999877929688,407.7731018066406,106.27503967285156,99.79173278808594
2021-10-07,164.16000366210938,411.2986145019531,106.18359375,99.39305114746094
2021-10-08,164.22999572753906,410.5484924316406,106.2085189819336,99.17636108398438
2021-10-11,163.9199981689453,407.5762023925781,106.14205932617188,98.9336929321289
2021-10-12,164.66000366210938,406.57293701171875,106.3415298461914,99.38439178466797
2021-10-13,167.58999633789062,408.0356140136719,106.8236312866211,99.57506561279297
2021-10-14,168.0,414.8990478515625,107.03142547607422,99.80906677246094
2021-10-15,165.3300018310547,418.058837890625,106.85685729980469,99.3150405883789
2021-10-18,164.9199981689453,419.2965087890625,106.63243865966797,99.17636108398438
2021-10-19,165.4499969482422,422.5312805175781,106.37474060058594,98.8210220336914
2021-10-20,166.89999389648438,424.1909484863281,106.56594848632812,98.77767944335938
2021-10-21,166.75,425.2973327636719,106.80697631835938,98.5176773071289
2021-10-22,167.77000427246094,424.856689453125,107.02308654785156,98.7690200805664
2021-10-25,168.92999267578125,427.1349792480469,107.28079223632812,98.89036560058594
2021-10-26,167.67999267578125,427.5194396972656,107.65480041503906,99.0117416381836
2021-10-27,168.1199951171875,425.62548828125,108.16179656982422,99.56642150878906
2021-10-28,168.0800018310547,429.7323303222656,107.22257232666016,99.306396484375
2021-10-29,166.64999389648438,430.60430908203125,106.94828796386719,99.34971618652344
2021-11-01,167.52000427246094,431.34503173828125,106.52562713623047,99.34192657470703
2021-11-02,167.16000366210938,433.0889892578125,106.94996643066406,99.58475494384766
2021-11-03,165.77000427246094,435.7331237792969,106.80018615722656,99.27255249023438
2021-11-04,167.64999389648438,437.7864685058594,107.50737762451172,99.81026458740234
2021-11-05,169.83999633789062,439.305419921875,107.88176727294922,100.3566665649414
2021-11-08,170.4499969482422,439.68048095703125,108.239501953125,99.92300415039062
2021-11-09,171.2899932861328,438.2270812988281,108.87179565429688,100.38269805908203
2021-11-10,173.14999389648438,434.70172119140625,108.53902435302734,99.52404022216797
2021-11-11,174.1199951171875,434.84234619140625,108.5223617553711,99.20314025878906
2021-11-12,174.4499969482422,438.1239013671875,108.5057373046875,99.41130828857422
2021-11-15,174.17999267578125,438.2740173339844,108.5223617553711,99.0210189819336
2021-11-16,172.9199981689453,440.0086975097656,108.36428833007812,98.93426513671875
2021-11-17,174.5,438.9398498535156,108.58063507080078,99.28985595703125
2021-11-18,173.94000244140625,440.4305725097656,108.64715576171875,99.35059356689453
2021-11-19,172.61000061035156,439.64300537109375,108.44751739501953,99.61944580078125
2021-11-22,168.74000549316406,438.40533447265625,107.57393646240234,98.8908920288086
2021-11-23,167.27999877929688,438.98663330078125,107.15797424316406,98.48326873779297
2021-11-24,167.1199951171875,440.1586608886719,107.49073028564453,98.78683471679688
2021-11-26,166.85000610351562,430.341796875,108.02317810058594,100.061767578125
2021-11-29,166.6199951171875,435.62060546875,107.77359008789062,99.83628845214844
2021-11-30,165.5,427.1444091796875,107.87342071533203,100.43472290039062
2021-12-01,166.16000366210938,422.4000244140625,107.5368423461914,100.6239242553711
2021-12-02,165.24000549316406,428.8697509765625,107.85344696044922,100.40695190429688
2021-12-03,166.6300048828125,425.13800048828125,108.07839965820312,100.99716186523438
2021-12-06,166.22000122070312,430.17291259765625,107.58684539794922,100.49375915527344
2021-12-07,166.80999755859375,439.07098388671875,107.76178741455078,100.11184692382812
2021-12-08,166.89999389648438,440.2337646484375,107.57849884033203,99.79071807861328
2021-12-09,165.8800048828125,437.2613830566406,107.13692474365234,100.04241180419922
2021-12-10,166.5800018310547,441.3775634765625,107.1285629272461,100.11184692382812
2021-12-13,167.0,437.4676513671875,107.23693084716797,100.58921813964844
2021-12-14,165.44000244140625,434.4578857421875,106.89531707763672,100.4156494140625
2021-12-15,166.14999389648438,441.246337890625,106.98694610595703,100.2680892944336
2021-12-16,168.16000366210938,437.35516357421875,107.20993041992188,100.55997467041016
2021-12-17,167.8000030517578,432.700439453125,107.21831512451172,100.78585815429688
2021-12-20,167.08999633789062,428.099365234375,107.1596450805664,100.69898986816406
2021-12-21,167.02000427246094,435.7020263671875,107.39434814453125,100.29936981201172
2021-12-22,168.58999633789062,440.0584716796875,107.73806762695312,100.39493560791016
2021-12-23,168.97000122070312,442.7965087890625,107.49494934082031,100.18641662597656
2021-12-27,169.3699951171875,449.0630187988281,107.85543060302734,100.22118377685547
2021-12-28,168.63999938964844,448.6960754394531,107.78834533691406,100.20378112792969
2021-12-29,168.58999633789062,449.27001953125,107.88058471679688,99.69123077392578
2021-12-30,169.8000030517578,448.0280456542969,108.44222259521484,100.02133178710938
2021-12-31,170.9600067138672,446.89892578125,108.30811309814453,99.90840911865234
2022-01-03,168.3300018310547,449.48638916015625,107.68780517578125,98.97880554199219
2022-01-04,169.57000732421875,449.3359069824219,107.27700805664062,98.92669677734375
2022-01-05,169.05999755859375,440.7076721191406,106.40516662597656,98.50968170166016
2022-01-06,166.99000549316406,440.293701171875,105.9441146850586,98.2664566040039
2022-01-07,167.75,438.5530090332031,105.81835174560547,97.94498443603516
2022-01-10,168.25999450683594,438.00726318359375,105.95249938964844,97.91889953613281
2022-01-11,170.2899932861328,441.9967041015625,106.69019317626953,98.15349578857422
2022-01-12,170.74000549316406,443.191650390625,106.00277709960938,98.17086029052734
2022-01-13,170.16000366210938,437.0851745605469,106.02792358398438,98.48365020751953
2022-01-14,169.6699981689453,437.2639465332031,105.55012512207031,97.80597686767578
2022-01-18,169.38999938964844,429.5201721191406,105.04714965820312,97.0675277709961
2022-01-19,172.0800018310547,425.0601806640625,104.82917022705078,97.30211639404297
2022-01-20,171.64999389648438,420.3556213378906,104.9549331665039,97.51058959960938
2022-01-21,171.08999633789062,412.1037902832031,105.60877990722656,98.07530212402344
2022-01-24,172.02999877929688,413.85382080078125,105.85188293457031,97.98841857910156
2022-01-25,172.5800018310547,408.8011169433594,105.66749572753906,97.85810852050781
2022-01-26,169.7899932861328,407.77557373046875,104.99683380126953,97.16310119628906
2022-01-27,167.60000610351562,405.7619323730469,105.42436218261719,97.57140350341797
2022-01-28,167.10000610351562,415.8392333984375,105.79320526123047,97.79730987548828
2022-01-31,168.08999633789062,423.328857421875,106.0782241821289,97.79730987548828
2022-02-01,168.22999572753906,426.1893005371094,105.3875961303711,97.66512298583984
2022-02-02,168.83999633789062,430.3293762207031,105.5053482055664,97.86512756347656
2022-02-03,168.60000610351562,420.21441650390625,104.8408203125,97.44769287109375
2022-02-04,168.86000061035156,422.1903991699219,104.23513793945312,96.69985961914062
2022-02-07,170.11000061035156,420.83544921875,104.19303894042969,96.72593688964844
2022-02-08,170.6300048828125,424.298095703125,104.0584716796875,96.41290283203125
2022-02-09,171.2100067138672,430.5081481933594,104.26036834716797,96.54331970214844
2022-02-10,170.55999755859375,422.7737121582031,103.42759704589844,95.65630340576172
2022-02-11,173.80999755859375,414.4372863769531,104.3529052734375,96.64771270751953
2022-02-14,174.74000549316406,413.08233642578125,104.07530975341797,95.97808074951172
2022-02-15,173.0800018310547,419.7440185546875,103.64629364013672,95.69113159179688
2022-02-16,174.86000061035156,420.21441650390625,103.84819030761719,95.89112091064453
2022-02-17,177.25,411.2381286621094,104.08370971679688,96.40419006347656
2022-02-18,177.1199951171875,408.5753173828125,104.42859649658203,96.7172622680664
2022-02-22,177.49000549316406,404.19061279296875,104.7482681274414,96.70854949951172
2022-02-23,178.2899932861328,397.0207214355469,104.82398223876953,96.20418548583984
2022-02-24,177.13999938964844,402.99566650390625,105.25302124023438,96.43029022216797
2022-02-25,176.5500030517578,411.8873596191406,105.16048431396484,96.40419006347656
2022-02-28,178.3800048828125,410.83349609375,106.98593139648438,97.49989318847656
2022-03-01,181.6199951171875,404.57635498046875,107.75196075439453,98.44950103759766
2022-03-02,179.72999572753906,412.0190734863281,107.0524673461914,96.96981048583984
2022-03-03,180.8000030517578,409.96783447265625,106.92607879638672,97.38758087158203
2022-03-04,183.67999267578125,406.6369934082031,107.74353790283203,98.35372924804688
2022-03-07,186.41000366210938,394.649658203125,108.32498931884766,97.9359359741211
2022-03-08,191.50999450683594,391.65753173828125,108.84752655029297,97.30060577392578
2022-03-09,185.82000732421875,402.158203125,107.76881408691406,96.70000457763672
2022-03-10,186.39999389648438,400.34222412109375,107.53284454345703,96.256103515625
2022-03-11,185.08999633789062,395.25189208984375,108.29131317138672,96.23001861572266
2022-03-14,182.3000030517578,392.36328125,107.09463500976562,95.01146697998047
2022-03-15,178.88999938964844,400.9915466308594,106.29401397705078,94.96793365478516
2022-03-16,180.00999450683594,409.8831787109375,105.6788330078125,94.83736419677734
2022-03-17,180.88999938964844,415.0111999511719,107.11992645263672,94.65459442138672
2022-03-18,179.3000030517578,419.55670166015625,106.79127502441406,94.93313598632812
2022-03-21,180.6699981689453,419.43402099609375,105.84738159179688,93.69715881347656
2022-03-22,179.36000061035156,424.342041015625,105.35858154296875,93.18362426757812
2022-03-23,181.80999755859375,418.8771057128906,106.68169403076172,93.81031799316406
2022-03-24,183.1300048828125,425.19140625,106.02436065673828,93.28809356689453
2022-03-25,182.3800048828125,427.2679138183594,105.29959106445312,92.33065032958984
2022-03-28,179.05999755859375,430.3070983886719,105.18162536621094,92.5395736694336
2022-03-29,179.13999938964844,435.6303405761719,104.80240631103516,93.00086212158203
2022-03-30,180.5800018310547,432.9403991699219,105.31645965576172,93.36643981933594
2022-03-31,180.64999389648438,426.2768859863281,104.97935485839844,93.5405044555664
2022-04-01,179.5,427.4850158691406,104.40091705322266,92.93141174316406
2022-04-04,180.3699951171875,431.14703369140625,104.32457733154297,92.87042999267578
2022-04-05,179.24000549316406,425.7011413574219,103.56970977783203,91.76377868652344
2022-04-06,179.66000366210938,421.44439697265625,103.11170959472656,91.44137573242188
2022-04-07,180.33999633789062,423.5680236816406,102.97598266601562,91.21481323242188
2022-04-08,181.47000122070312,422.4353332519531,103.1625747680664,90.75300598144531
2022-04-11,182.3699951171875,415.2150573730469,102.9844741821289,90.31730651855469
2022-04-12,183.77000427246094,413.6766357421875,102.97598266601562,90.75300598144531
2022-04-13,184.64999389648438,418.4147033691406,102.7809066772461,90.95341491699219
2022-04-14,184.0399932861328,413.2047424316406,102.7724380493164,90.13430786132812
2022-04-18,184.61000061035156,413.3745422363281,102.73849487304688,89.8729248046875
2022-04-19,181.82000732421875,420.0475158691406,102.2296142578125,89.28038787841797
2022-04-20,182.7100067138672,419.7361145019531,102.9844741821289,89.97745513916016
2022-04-21,182.05999755859375,413.4594421386719,103.3915786743164,89.48079681396484
2022-04-22,180.2899932861328,402.1145324707031,102.9844741821289,89.52434539794922
2022-04-25,177.0500030517578,404.4457702636719,102.90812683105469,90.09947967529297
2022-04-26,177.32000732421875,392.7327575683594,103.12866973876953,90.70071411132812
2022-04-27,175.97999572753906,393.8370666503906,102.95903015136719,90.1953125
2022-04-28,176.92999267578125,403.7850646972656,103.54425811767578,90.0645751953125
2022-04-29,176.91000366210938,388.8629455566406,102.68761444091797,89.58537292480469
2022-05-02,173.6300048828125,391.2037353515625,101.19857025146484,88.91796875
2022-05-03,174.08999633789062,392.9969787597656,101.56611633300781,89.02266693115234
2022-05-04,175.8000030517578,404.9649353027344,102.36109924316406,89.59844207763672
2022-05-05,175.1300048828125,390.5713806152344,101.28404235839844,88.69984436035156
2022-05-06,175.4199981689453,388.2400817871094,101.01908874511719,88.19384002685547
2022-05-09,172.8800048828125,375.8096618652344,100.62586212158203,88.84815216064453
2022-05-10,171.4199981689453,376.677978515625,100.17283630371094,89.14476776123047
2022-05-11,172.82000732421875,370.69403076171875,101.38661193847656,89.69439697265625
2022-05-12,170.1699981689453,370.3070068359375,100.95069122314453,89.99105834960938
2022-05-13,168.7899932861328,379.1602783203125,101.47210693359375,89.51992797851562
2022-05-16,170.39999389648438,377.621826171875,101.50629425048828,89.89507293701172
2022-05-17,169.3300018310547,385.38958740234375,100.9934310913086,89.2145767211914
2022-05-18,169.4199981689453,369.8539733886719,101.6943588256836,89.85145568847656
2022-05-19,171.91000366210938,367.5887451171875,101.33533477783203,90.17423248291016
2022-05-20,172.02999877929688,367.7492370605469,101.3780746459961,90.593017578125
2022-05-23,172.8300018310547,374.6299133300781,101.01908874511719,90.04338073730469
2022-05-24,174.1300048828125,371.7699890136719,101.56611633300781,90.8198471069336
2022-05-25,173.0800018310547,375.0545654296875,101.651611328125,91.0030517578125
2022-05-26,172.75999450683594,382.548583984375,102.07044982910156,90.95945739746094
2022-05-27,172.85000610351562,391.9399108886719,102.395263671875,91.0903091430664
2022-05-31,171.13999938964844,389.74078369140625,101.668701171875,90.13936614990234
2022-06-01,172.22999572753906,386.5882873535156,101.25104522705078,89.6318359375
2022-06-02,174.35000610351562,393.9503173828125,101.71800231933594,89.76287841796875
2022-06-03,172.5800018310547,387.48492431640625,102.30601501464844,89.5881576538086
2022-06-06,171.82000732421875,388.664794921875,101.64016723632812,88.9155502319336
2022-06-07,172.94000244140625,392.3929748535156,101.88230895996094,89.27369689941406
2022-06-08,172.77999877929688,388.12677001953125,101.63153076171875,88.94173431396484
2022-06-09,172.22999572753906,378.89599609375,101.61422729492188,88.86314392089844
2022-06-10,174.5399932861328,367.9096984863281,101.16458892822266,87.9896240234375
2022-06-13,169.92999267578125,353.94073486328125,99.4610595703125,86.426025390625
2022-06-14,168.57000732421875,352.8742980957031,98.09477996826172,85.73595428466797
2022-06-15,170.77000427246094,357.9049377441406,99.45242309570312,86.93265533447266
2022-06-16,172.69000244140625,346.0597229003906,99.15840148925781,87.50045013427734
2022-06-17,171.27000427246094,346.8057556152344,99.21028900146484,87.52664184570312
2022-06-21,170.6300048828125,355.53607177734375,98.8644027709961,87.07244110107422
2022-06-22,171.30999755859375,354.8915100097656,99.43511199951172,88.17304229736328
2022-06-23,170.25999450683594,358.370361328125,99.72911834716797,88.67096710205078
2022-06-24,170.08999633789062,369.7643127441406,99.8242416381836,88.35649108886719
2022-06-27,169.89999389648438,368.35198974609375,99.10652923583984,87.85860443115234
2022-06-28,169.6199951171875,360.8254699707031,98.76063537597656,87.9721450805664
2022-06-29,169.49000549316406,360.53167724609375,98.58767700195312,88.67967224121094
2022-06-30,168.4600067138672,357.6025390625,98.50120544433594,89.3610610961914
2022-07-01,168.32000732421875,361.384765625,100.08720397949219,90.31900024414062
2022-07-05,164.75,362.0672302246094,99.80908966064453,90.65142822265625
2022-07-06,162.13999938964844,363.2900390625,98.90530395507812,89.88154602050781
2022-07-07,162.22999572753906,368.73114013671875,98.74888610839844,89.33040618896484
2022-07-08,162.3000030517578,368.4278259277344,98.64459228515625,88.78800201416016
2022-07-11,161.42999267578125,364.21905517578125,98.80103302001953,89.4879150390625
2022-07-12,160.8300018310547,360.9960021972656,98.76626586914062,89.69784545898438
2022-07-13,161.60000610351562,359.10028076171875,99.27899169921875,90.08279418945312
2022-07-14,159.3300018310547,358.2281188964844,99.03565979003906,89.5841293334961
2022-07-15,159.00999450683594,365.0721130371094,99.60923767089844,89.89029693603516
2022-07-18,159.16000366210938,362.0577697753906,99.4788589477539,89.62786102294922
2022-07-19,159.5399932861328,371.84027099609375,99.37458038330078,89.21668243408203
2022-07-20,158.0399932861328,374.2100524902344,99.28770446777344,89.12918853759766
2022-07-21,160.27000427246094,378.02069091796875,99.90467071533203,90.14403533935547
2022-07-22,160.6699981689453,374.5134582519531,100.74766540527344,91.17631530761719
2022-07-25,160.22999572753906,374.9684753417969,100.55650329589844,90.8526382446289
2022-07-26,160.0399932861328,370.5321350097656,100.55650329589844,90.88766479492188
2022-07-27,161.6699981689453,380.1535949707031,101.19956970214844,91.07136535644531
2022-07-28,163.63999938964844,384.9215393066406,102.23373413085938,91.9724349975586
2022-07-29,164.10000610351562,390.53326416015625,102.7464599609375,92.00745391845703
2022-08-01,165.02999877929688,389.3767395019531,102.79386138916016,92.5455322265625
2022-08-02,164.0500030517578,386.80792236328125,101.58274841308594,91.26603698730469
2022-08-03,164.4499969482422,392.86517333984375,102.11811828613281,91.64288330078125
2022-08-04,167.1699981689453,392.59967041015625,102.10054779052734,92.10733032226562
2022-08-05,165.2899932861328,391.9361572265625,101.07372283935547,90.77523803710938
2022-08-08,166.69000244140625,391.481201171875,101.76705932617188,91.30985260009766
2022-08-09,167.1999969482422,389.9265441894531,101.47743225097656,91.03817749023438
2022-08-10,166.77999877929688,398.1166076660156,101.30189514160156,91.09075927734375
2022-08-11,166.33999633789062,398.1166076660156,100.95967102050781,90.4860610961914
2022-08-12,167.8699951171875,404.8563232421875,101.35457611083984,90.84539031982422
2022-08-15,165.7100067138672,406.52459716796875,101.24927520751953,91.13455200195312
2022-08-16,165.4199981689453,407.3209228515625,101.2756118774414,91.02940368652344
2022-08-17,164.35000610351562,404.42974853515625,100.96842956542969,90.41593170166016
2022-08-18,163.9199981689453,405.6051940917969,101.4861831665039,90.59123229980469
2022-08-19,162.72000122070312,400.1546630859375,101.31068420410156,89.81124114990234
2022-08-22,161.63999938964844,391.82244873046875,101.11762237548828,89.4168701171875
2022-08-23,162.77000427246094,390.87451171875,101.28436279296875,89.19778442382812
2022-08-24,163.25,392.1257629394531,101.26683807373047,88.89981842041016
2022-08-25,163.75,397.6616516113281,101.58274841308594,89.46945190429688
2022-08-26,161.75999450683594,384.2010803222656,101.43355560302734,89.36431121826172
2022-08-29,161.86000061035156,381.6607360839844,101.03862762451172,88.85599517822266
2022-08-30,160.50999450683594,377.470947265625,100.86311340332031,88.82972717285156
2022-08-31,159.27000427246094,374.59881591796875,99.96798706054688,88.46161651611328
2022-09-01,157.8699951171875,375.774169921875,99.21070098876953,87.7584228515625
2022-09-02,159.25999450683594,371.81182861328125,99.79730224609375,88.25001525878906
2022-09-06,158.3300018310547,370.408935546875,98.84626770019531,87.26676177978516
2022-09-07,159.94000244140625,377.0633544921875,99.255126953125,87.83740234375
2022-09-08,158.97999572753906,379.5279235839844,98.70406341552734,87.5125732421875
2022-09-09,159.82000732421875,385.42401123046875,98.74847412109375,87.5213394165039
2022-09-12,160.6300048828125,389.56640625,98.4551773071289,87.31067657470703
2022-09-13,158.5399932861328,372.6271057128906,98.1618881225586,86.81900787353516
2022-09-14,157.92999267578125,374.0489807128906,98.41073608398438,86.86290740966797
2022-09-15,154.97999572753906,369.8022766113281,97.91300201416016,86.56442260742188
2022-09-16,155.83999633789062,366.98101806640625,97.50414276123047,86.6346664428711
2022-09-19,155.9600067138672,369.8270263671875,97.05973815917969,86.38883972167969
2022-09-20,155.07000732421875,365.5819396972656,96.90861511230469,85.85327911376953
2022-09-21,155.7899932861328,359.20477294921875,97.09526824951172,86.19566345214844
2022-09-22,155.6999969482422,356.1875915527344,95.99314880371094,84.89631652832031
2022-09-23,153.00999450683594,350.21966552734375,95.58427429199219,85.00167846679688
2022-09-26,151.22999572753906,346.7550354003906,94.05548095703125,83.58822631835938
2022-09-27,151.5399932861328,345.8699035644531,93.55774688720703,83.0175552368164
2022-09-28,154.69000244140625,352.6753234863281,95.21098327636719,84.8875503540039
2022-09-29,154.66000366210938,345.3083801269531,93.87773895263672,84.49248504638672
2022-09-30,154.6699981689453,339.96868896484375,93.23776245117188,84.27299499511719
2022-10-03,158.42999267578125,348.9441833496094,94.43769073486328,85.27316284179688
2022-10-04,160.6999969482422,359.7568664550781,94.81100463867188,85.44911193847656
2022-10-05,159.80999755859375,358.9192199707031,94.06439971923828,84.6397933959961
2022-10-06,159.6300048828125,355.2166748046875,93.75328826904297,84.17359161376953
2022-10-07,157.8800048828125,345.3083801269531,93.77997589111328,83.7601547241211
2022-10-10,155.47999572753906,342.6717529296875,93.24665832519531,83.26756286621094
2022-10-11,155.16000366210938,340.50164794921875,93.77997589111328,83.47868347167969
2022-10-12,155.99000549316406,339.3785400390625,93.96662139892578,83.75138092041016
2022-10-13,154.91000366210938,348.3349609375,93.85993957519531,83.3995132446289
2022-10-14,152.97999572753906,340.3970031738281,93.93995666503906,82.93329620361328
2022-10-17,153.4199981689453,349.1441345214844,94.19772338867188,83.02125549316406
2022-10-18,153.75,353.2464294433594,93.94882202148438,83.23235321044922
2022-10-19,151.69000244140625,350.7431945800781,93.4688720703125,82.36153411865234
2022-10-20,151.4499969482422,347.802001953125,93.37995910644531,81.74577331542969
2022-10-21,154.14999389648438,356.254150390625,93.6199951171875,81.93048095703125
2022-10-24,153.64999389648438,360.6135559082031,93.84220123291016,81.82493591308594
2022-10-25,154.0,366.3719482421875,94.22437286376953,82.84532928466797
2022-10-26,154.97999572753906,363.61163330078125,94.08216857910156,83.26756286621094
2022-10-27,154.74000549316406,361.6699523925781,94.81100463867188,83.85692596435547
2022-10-28,153.16000366210938,370.2744140625,94.69547271728516,83.42591857910156
2022-10-31,151.91000366210938,367.59979248046875,94.5621337890625,83.04764556884766
2022-11-01,153.4600067138672,365.9912109375,94.54432678222656,83.03266143798828
2022-11-02,152.38999938964844,356.8062744140625,94.33104705810547,82.8916015625
2022-11-03,151.80999755859375,353.1322326660156,93.28221893310547,82.53018951416016
2022-11-04,156.47000122070312,358.21484375,93.62885284423828,82.3538589477539
2022-11-07,155.85000610351562,361.6414489746094,93.7444076538086,82.06292724609375
2022-11-08,159.4499969482422,363.5926208496094,93.87773895263672,82.60951232910156
2022-11-09,158.64999389648438,356.10186767578125,93.68218231201172,82.8916015625
2022-11-10,163.47999572753906,375.67108154296875,95.23764038085938,84.75167083740234
2022-11-11,164.55999755859375,379.30706787109375,95.1843032836914,84.57536315917969
2022-11-14,164.9199981689453,376.0804748535156,94.48213958740234,84.37262725830078
2022-11-15,165.5,379.2880554199219,95.09541320800781,84.99850463867188
2022-11-16,165.1199951171875,376.39453125,95.33538818359375,85.62440490722656
2022-11-17,163.9199981689453,375.2427978515625,94.68656921386719,85.04259490966797
2022-11-18,162.7899932861328,376.94659423828125,94.20658874511719,84.74287414550781
2022-11-21,161.8800048828125,375.57598876953125,94.70433807373047,84.68997192382812
2022-11-22,162.07000732421875,380.6300964355469,95.08654022216797,85.17481994628906
2022-11-23,163.0800018310547,383.02862548828125,95.6109390258789,85.63320922851562
2022-11-25,163.22000122070312,382.9429626464844,95.52205657958984,85.60675811767578
2022-11-28,161.92999267578125,376.8323669433594,95.29986572265625,85.64204406738281
2022-11-29,162.72999572753906,376.1851501464844,94.89099884033203,85.28057098388672
2022-11-30,164.80999755859375,388.0351867675781,96.29534149169922,86.04752349853516
2022-12-01,167.83999633789062,387.7496643066406,97.32852172851562,86.98738861083984
2022-12-02,167.25999450683594,387.3022766113281,98.04934692382812,87.16402435302734
2022-12-05,164.38999938964844,380.3350524902344,97.04373931884766,86.28074645996094
2022-12-06,164.83999633789062,374.8526306152344,97.02595520019531,86.81070709228516
2022-12-07,166.3300018310547,374.21484375,97.44422912597656,87.5703353881836
2022-12-08,166.47000122070312,377.14642333984375,97.41752624511719,87.07569885253906
2022-12-09,167.05999755859375,374.3291015625,96.49201202392578,86.43087768554688
2022-12-12,165.67999267578125,379.72589111328125,96.50090026855469,86.30723571777344
2022-12-13,168.50999450683594,382.6003723144531,96.78568267822266,87.0844955444336
2022-12-14,168.10000610351562,380.1542663574219,96.54541015625,87.32304382324219
2022-12-15,165.35000610351562,370.85498046875,96.56236267089844,87.49298095703125
2022-12-16,166.7899932861328,366.4765930175781,96.04454040527344,87.27168273925781
2022-12-19,166.32000732421875,363.3689880371094,95.7142333984375,86.56365966796875
2022-12-20,169.0800018310547,363.8661804199219,95.68743896484375,85.9353256225586
2022-12-21,168.8000030517578,369.3068542480469,96.20524597167969,86.04151916503906
2022-12-22,166.75999450683594,364.038330078125,95.67851257324219,86.01496887207031
2022-12-23,167.25999450683594,366.13238525390625,95.46424102783203,85.62556457519531
2022-12-27,168.6699981689453,364.6884765625,95.02678680419922,84.90869903564453
2022-12-28,167.91000366210938,360.15625,94.91966247558594,84.70514678955078
2022-12-29,168.85000610351562,366.63916015625,95.31246948242188,85.1211166381836
2022-12-30,169.63999938964844,365.6734313964844,95.02678680419922,84.76709747314453
2023-01-03,171.05999755859375,364.1338806152344,95.36604309082031,85.43087005615234
2023-01-04,172.6699981689453,366.9452209472656,95.42855834960938,86.08574676513672
2023-01-05,170.52000427246094,362.75701904296875,95.4553451538086,85.96187591552734
2023-01-06,173.7100067138672,371.0758361816406,96.3302230834961,87.06814575195312
2023-01-09,174.10000610351562,370.8654479980469,96.55343627929688,87.28939819335938
2023-01-10,174.74000549316406,373.46630859375,96.16061401367188,86.74068450927734
2023-01-11,174.6199951171875,378.1898498535156,96.57129669189453,87.29825592041016
2023-01-12,176.63999938964844,379.5667724609375,97.33015441894531,88.07706451416016
2023-01-13,178.75999450683594,381.0393371582031,96.57129669189453,87.60801696777344
2023-01-17,177.58999633789062,380.34130859375,96.29450988769531,87.3336410522461
2023-01-18,177.0800018310547,374.33648681640625,96.95519256591797,88.51956176757812
2023-01-19,179.88999938964844,371.611328125,97.5533447265625,88.35143280029297
2023-01-20,179.2899932861328,378.5340576171875,96.99980926513672,87.76730346679688
2023-01-23,179.6300048828125,383.07598876953125,96.9105224609375,87.48409271240234
2023-01-24,180.27999877929688,382.6647644042969,97.46405029296875,87.98856353759766
2023-01-25,181.11000061035156,382.8082275390625,97.66046142578125,88.0859146118164
2023-01-26,179.47000122070312,387.0154724121094,97.65156555175781,87.76730346679688
2023-01-27,179.22000122070312,387.9046630859375,97.43726348876953,87.63458251953125
2023-01-30,178.75999450683594,383.0377197265625,96.96412658691406,87.36019134521484
2023-01-31,179.41000366210938,388.6695861816406,96.99980926513672,87.80268859863281
2023-02-01,181.6699981689453,392.8003234863281,97.65156555175781,88.43418884277344
2023-02-02,177.89999389648438,398.518310546875,97.51761627197266,88.3987045288086
2023-02-03,173.4600067138672,394.2824401855469,96.60700225830078,87.44971466064453
2023-02-06,173.82000732421875,391.87286376953125,96.22310638427734,86.69583129882812
2023-02-07,173.97999572753906,396.99798583984375,96.47306060791016,86.48298645019531
2023-02-08,174.41000366210938,392.6568603515625,96.97303009033203,86.80228424072266
2023-02-09,173.02999877929688,389.25286865234375,96.48200988769531,86.41204071044922
2023-02-10,173.36000061035156,390.1612548828125,96.13384246826172,85.99517822265625
2023-02-13,172.47999572753906,394.7414245605469,96.29450988769531,86.19917297363281
2023-02-14,172.61000061035156,394.5597229003906,95.97310638427734,85.80891418457031
2023-02-15,170.88999938964844,395.8410949707031,95.97310638427734,85.55171203613281
2023-02-16,170.75,390.3907775878906,95.74102020263672,85.26788330078125
2023-02-17,171.25999450683594,389.4154357910156,95.92847442626953,85.50739288330078
2023-02-21,170.6199951171875,381.60345458984375,95.49996185302734,84.57611846923828
2023-02-22,169.66000366210938,381.0776062011719,95.44641876220703,84.72688293457031
2023-02-23,169.57000732421875,383.10467529296875,95.75886535644531,85.0550537109375
2023-02-24,168.35000610351562,379.01220703125,95.13390350341797,84.54061889648438
2023-02-27,169.00999450683594,380.3030090332031,95.330322265625,84.7978515625
2023-02-28,169.77999877929688,378.8974304199219,95.68743896484375,84.9308853149414
2023-03-01,170.75999450683594,377.444091796875,95.330322265625,84.25190734863281
2023-03-02,170.66000366210938,380.3795166015625,95.4017562866211,83.90528106689453
2023-03-03,172.49000549316406,386.4800109863281,96.4284439086914,84.58070373535156
2023-03-06,171.6199951171875,386.7477722167969,95.91064453125,84.42964935302734
2023-03-07,168.6199951171875,380.81939697265625,95.30354309082031,84.43852233886719
2023-03-08,168.5399932861328,381.44091796875,94.84822082519531,84.41187286376953
2023-03-09,170.1999969482422,374.4034118652344,95.09822082519531,84.93619537353516
2023-03-10,173.8699951171875,369.00091552734375,96.4998779296875,86.5003662109375
2023-03-13,177.86000061035156,368.4749450683594,97.23193359375,87.54908752441406
2023-03-14,176.8300018310547,374.56591796875,96.6962661743164,86.72257232666016
2023-03-15,178.2100067138672,372.2232971191406,97.87472534179688,87.97569274902344
2023-03-16,178.57000732421875,378.75396728515625,96.76768493652344,87.18468475341797
2023-03-17,183.77000427246094,374.3253479003906,96.97303009033203,88.21565246582031
2023-03-20,183.83999633789062,377.9247131347656,97.06231689453125,87.86013793945312
2023-03-21,180.3699951171875,382.8871154785156,96.85698699951172,87.0958023071289
2023-03-22,183.44000244140625,376.3602294921875,98.18720245361328,88.24230194091797
2023-03-23,185.74000549316406,377.3776550292969,98.36576080322266,88.74889373779297
2023-03-24,183.64999389648438,379.8539733886719,98.11576843261719,88.77554321289062
2023-03-27,181.9499969482422,380.564208984375,97.34801483154297,87.68241882324219
2023-03-28,183.44000244140625,379.71002197265625,97.65156555175781,87.62908172607422
2023-03-29,182.52999877929688,385.2290344238281,97.83902740478516,87.47799682617188
2023-03-30,184.17999267578125,387.48468017578125,97.93722534179688,87.61132049560547
2023-03-31,183.22000122070312,392.9461364746094,98.42826080322266,88.09123229980469
2023-04-03,184.5399932861328,394.44342041015625,98.60432434082031,88.50617980957031
2023-04-04,187.97999572753906,392.2550048828125,98.8903579711914,89.07610321044922
2023-04-05,187.8300018310547,391.22802734375,99.12273406982422,89.45010375976562
2023-04-06,186.49000549316406,392.7541809082031,99.34620666503906,89.476806640625
2023-04-10,185.11000061035156,393.1573181152344,98.64012145996094,88.59524536132812
2023-04-11,186.27999877929688,393.26287841796875,98.80992126464844,88.55962371826172
2023-04-12,187.19000244140625,391.6598815917969,98.84564971923828,88.81786346435547
2023-04-13,189.72000122070312,396.86224365234375,98.60432434082031,88.52398681640625
2023-04-14,186.36000061035156,395.8928527832031,98.17530059814453,88.087646484375
2023-04-17,185.52999877929688,397.3133544921875,97.72840881347656,87.52664184570312
2023-04-18,186.25,397.5725402832031,97.82673645019531,87.66911315917969
2023-04-19,185.36000061035156,397.5053405761719,97.72840881347656,87.48211669921875
2023-04-20,186.08999633789062,395.33612060546875,98.0412368774414,87.98970031738281
2023-04-21,184.25,395.6432189941406,98.08592987060547,87.77600860595703
2023-04-24,184.80999755859375,396.0559997558594,98.46131134033203,88.20343017578125
2023-04-25,185.75,389.7690734863281,99.04228973388672,89.07610321044922
2023-04-26,184.74000549316406,388.1181640625,98.6937255859375,88.72881317138672
2023-04-27,184.75,395.8447265625,98.36300659179688,88.1500015258789
2023-04-28,184.8000030517578,399.2234191894531,98.47919464111328,88.80895233154297
2023-05-01,183.97000122070312,398.8203125,97.66072845458984,87.763671875
2023-05-02,187.52000427246094,394.3378601074219,98.40643310546875,88.90625
2023-05-03,189.11000061035156,391.6311340332031,98.85564422607422,89.48646545410156
2023-05-04,190.44000244140625,388.85723876953125,98.82868194580078,89.46859741210938
2023-05-05,187.4600067138672,396.0559997558594,98.63101196289062,88.98660278320312
2023-05-08,187.69000244140625,396.1615905761719,98.2626724243164,88.44208526611328
2023-05-09,189.02000427246094,394.42425537109375,98.11894226074219,88.3349380493164
2023-05-10,188.75,396.26715087890625,98.44236755371094,88.99551391601562
2023-05-11,187.1300048828125,395.5760498046875,98.65799713134766,89.3257827758789
2023-05-12,186.80999755859375,395.0577697753906,98.3075942993164,88.7901840209961
2023-05-15,187.2100067138672,396.42071533203125,98.16387176513672,88.59384155273438
2023-05-16,184.8699951171875,393.7715759277344,97.90330505371094,88.30819702148438
2023-05-17,184.22999572753906,398.5515441894531,97.85836791992188,88.02253723144531
2023-05-18,181.83999633789062,402.3908996582031,97.5349349975586,87.47803497314453
2023-05-19,183.63999938964844,401.80535888671875,97.30133056640625,87.14776611328125
2023-05-22,183.2100067138672,401.96856689453125,97.12165069580078,86.98709106445312
2023-05-23,183.42999267578125,397.4573669433594,97.41814422607422,87.1298828125
2023-05-24,181.9499969482422,394.57781982421875,97.11265563964844,86.90675354003906
2023-05-25,180.1999969482422,397.99481201171875,96.67244720458984,86.36223602294922
2023-05-26,180.9199981689453,403.14910888671875,96.78923034667969,86.52291107177734
2023-05-30,182.0399932861328,403.3026428222656,97.17558288574219,87.20132446289062
2023-05-31,182.32000732421875,401.0663146972656,97.30133056640625,87.53158569335938
2023-06-01,183.75999450683594,404.8768615722656,97.4572525024414,87.77496337890625
2023-06-02,181.0500030517578,410.7318420410156,96.97965240478516,87.07706451416016
2023-06-05,182.13999938964844,409.94476318359375,97.10581970214844,87.05022430419922
2023-06-06,182.33999633789062,410.83740234375,97.15988159179688,87.10389709472656
2023-06-07,180.14999389648438,409.4168395996094,96.70936584472656,86.4686508178711
2023-06-08,182.52999877929688,411.89324951171875,97.1869125366211,87.05022430419922
2023-06-09,182.0399932861328,412.63226318359375,96.91659545898438,86.737060546875
2023-06-12,181.8800048828125,416.3756103515625,96.99769592285156,86.88021850585938
2023-06-13,180.5399932861328,419.12078857421875,96.50211334228516,86.26283264160156
2023-06-14,180.63999938964844,419.61981201171875,96.74540710449219,86.379150390625
2023-06-15,181.91000366210938,424.8221740722656,97.35811614990234,87.05022430419922
2023-06-16,181.6300048828125,423.3751525878906,97.10581970214844,86.67440032958984
2023-06-20,179.75,421.1785583496094,97.31304168701172,86.93391418457031
2023-06-21,179.49000549316406,419.02056884765625,97.32206726074219,87.01443481445312
2023-06-22,177.7100067138672,420.53314208984375,96.97965240478516,86.52228546142578
2023-06-23,178.1999969482422,417.3538818359375,97.21393585205078,86.88021850585938
2023-06-26,178.50999450683594,415.648681640625,97.25896453857422,87.09496307373047
2023-06-27,177.69000244140625,420.20562744140625,96.98866271972656,86.79074096679688
2023-06-28,177.27999877929688,420.4175109863281,97.1869125366211,87.13968658447266
2023-06-29,177.08999633789062,422.07452392578125,96.54714965820312,86.24494171142578
2023-06-30,178.27000427246094,427.0553283691406,96.97066497802734,86.43285369873047
2023-07-03,178.47000122070312,427.5466613769531,96.85660552978516,86.05792999267578
2023-07-05,177.83999633789062,426.9107971191406,96.39490509033203,85.64535522460938
2023-07-06,177.30999755859375,423.56781005859375,95.887939453125,84.94576263427734
2023-07-07,178.63999938964844,422.4984436035156,95.82457733154297,84.83814239501953
2023-07-10,178.77999877929688,423.56781005859375,96.05088806152344,85.27762603759766
2023-07-11,179.4499969482422,426.265380859375,95.9422607421875,85.45700073242188
2023-07-12,181.8800048828125,429.6950378417969,97.00143432617188,86.29113006591797
2023-07-13,182.00999450683594,433.1054992675781,97.49935150146484,87.00865173339844
2023-07-14,181.42999267578125,432.8357238769531,96.98334503173828,86.57814025878906
2023-07-17,181.55999755859375,434.33856201171875,97.16442108154297,86.72163391113281
2023-07-18,183.63999938964844,437.5659484863281,97.1191177368164,86.82032012939453
2023-07-19,183.6699981689453,438.5390319824219,97.45410919189453,87.11627197265625
2023-07-20,182.74000549316406,435.6296081542969,97.41787719726562,86.42566680908203
2023-07-21,182.17999267578125,435.6296081542969,97.41787719726562,86.49742126464844
2023-07-24,181.39999389648438,437.5756530761719,97.463134765625,86.29113006591797
2023-07-25,182.41000366210938,438.770263671875,97.29114532470703,86.12968444824219
2023-07-26,183.3000030517578,438.837646484375,97.32734680175781,86.42566680908203
2023-07-27,180.4199981689453,435.92828369140625,96.61215209960938,85.48392486572266
2023-07-28,181.86000061035156,440.19610595703125,96.98334503173828,85.76193237304688
2023-07-31,182.35000610351562,441.03424072265625,97.010498046875,85.86956787109375
2023-08-01,180.4600067138672,439.7721862792969,96.4308090209961,85.36783599853516
2023-08-02,179.60000610351562,433.6546325683594,96.25845336914062,85.19698333740234
2023-08-03,179.5399932861328,432.41180419921875,95.65974426269531,84.56756591796875
2023-08-04,180.19000244140625,430.4561767578125,96.58504486083984,85.46675872802734
2023-08-07,179.77999877929688,434.21337890625,96.66667938232422,85.25993347167969
2023-08-08,178.63999938964844,432.3251647949219,96.64849853515625,85.69155883789062
2023-08-09,177.7899932861328,429.4349060058594,96.60317993164062,85.74549865722656
2023-08-10,177.60000610351562,429.5890808105469,96.104248046875,85.08907318115234
2023-08-11,177.60000610351562,429.33856201171875,95.96818542480469,84.63947296142578
2023-08-14,177.05999755859375,431.7085266113281,95.76860046386719,84.50462341308594
2023-08-15,176.58999633789062,426.6796569824219,95.4692153930664,84.34275817871094
2023-08-16,175.57000732421875,423.5486145019531,95.18799591064453,84.01905822753906
2023-08-17,175.3000030517578,420.3211975097656,95.16078186035156,83.91117095947266
2023-08-18,175.3300018310547,420.5234375,95.32408142089844,84.1629409790039
2023-08-21,175.80999755859375,423.2596130371094,95.07007598876953,83.64142608642578
2023-08-22,176.10000610351562,422.11309814453125,95.2333755493164,83.67737579345703
2023-08-23,177.88999938964844,426.81451416015625,96.09515380859375,84.5855484008789
2023-08-24,177.85000610351562,420.8992614746094,95.65974426269531,84.27084350585938
2023-08-25,177.6199951171875,423.866455078125,95.64158630371094,84.24390411376953
2023-08-28,178.1300048828125,426.5543518066406,95.69601440429688,84.47765350341797
2023-08-29,179.8699951171875,432.72015380859375,96.16773986816406,85.08012390136719
2023-08-30,180.32000732421875,434.50238037109375,96.0226058959961,85.07112884521484
2023-08-31,180.02000427246094,433.8665771484375,96.22216033935547,85.241943359375
2023-09-01,180.11000061035156,434.67578125,95.72444152832031,84.72089385986328
2023-09-05,178.63999938964844,432.7972717285156,95.5333480834961,84.20706176757812
2023-09-06,177.8300018310547,429.8876953125,95.38777160644531,83.99069213867188
2023-09-07,178.02000427246094,428.5679016113281,95.73355102539062,84.2791748046875
2023-09-08,178.0800018310547,429.2132873535156,95.95193481445312,84.29721069335938
2023-09-11,178.41000366210938,432.0361328125,95.86091613769531,84.15296173095703
2023-09-12,177.49000549316406,429.6661682128906,95.90643310546875,84.27017211914062
2023-09-13,177.0800018310547,430.1671142578125,96.03382873535156,84.36933135986328
2023-09-14,177.1699981689453,433.87615966796875,95.87911987304688,84.18001556396484
2023-09-15,178.33999633789062,428.6486511230469,95.64253997802734,83.91856384277344
2023-09-18,179.38999938964844,428.9001159667969,95.84272766113281,83.99971771240234
2023-09-19,179.22000122070312,428.0106201171875,95.56975555419922,83.69322204589844
2023-09-20,179.35000610351562,424.0757751464844,95.36956787109375,83.63009643554688
2023-09-21,178.0500030517578,417.0664978027344,94.86911010742188,83.00808715820312
2023-09-22,178.6199951171875,416.128662109375,95.19668579101562,83.33261108398438
2023-09-25,177.6999969482422,417.87860107421875,94.47783660888672,82.71963500976562
2023-09-26,176.27999877929688,411.7394104003906,94.24125671386719,82.69258880615234
2023-09-27,174.10000610351562,411.90380859375,94.08658599853516,82.32295989990234
2023-09-28,173.22999572753906,414.2917175292969,94.56883239746094,82.54833984375
2023-09-29,171.4499969482422,413.2863464355469,94.37775421142578,82.56635284423828
2023-10-02,169.64999389648438,413.1219482421875,93.80445098876953,81.89662170410156
2023-10-03,169.16000366210938,407.5918273925781,93.13912963867188,81.2187271118164
2023-10-04,169.13999938964844,410.5599670410156,93.54925537109375,81.73393249511719
2023-10-05,168.8300018310547,410.4052734375,93.41252899169922,81.88758087158203
2023-10-06,169.6999969482422,415.27789306640625,93.07530975341797,81.4085464477539
2023-10-09,172.82000732421875,417.93658447265625,93.99584197998047,82.44796752929688
2023-10-10,172.52999877929688,420.1119384765625,94.03234100341797,82.2852554321289
2023-10-11,173.7899932861328,421.8327941894531,94.4515609741211,82.7371826171875
2023-10-12,173.25999450683594,419.2611389160156,93.85002899169922,81.94181823730469
2023-10-13,178.8300018310547,417.1728515625,94.46068572998047,82.46602630615234
2023-10-16,177.9600067138672,421.56207275390625,94.18726348876953,81.97795104980469
2023-10-17,178.2899932861328,421.542724609375,93.73153686523438,81.17353820800781
2023-10-18,180.8699951171875,415.9256591796875,93.53104400634766,80.79395294189453
2023-10-19,183.08999633789062,412.2711486816406,93.44898986816406,80.39627075195312
2023-10-20,183.58999633789062,407.2051696777344,93.73153686523438,80.8662338256836
2023-10-23,182.97000122070312,406.4994201660156,93.74976348876953,81.245849609375
2023-10-24,182.9499969482422,409.56414794921875,93.83177947998047,81.39048767089844
2023-10-25,183.72000122070312,403.6860046386719,93.43987274169922,80.67644500732422
2023-10-26,184.00999450683594,398.85205078125,93.941162109375,81.29104614257812
2023-10-27,186.14999389648438,397.0440979003906,94.07787322998047,81.4176025390625
2023-10-30,185.10000610351562,401.79107666015625,93.93206024169922,81.14642333984375
2023-10-31,184.08999633789062,404.3144836425781,93.69507598876953,80.97468566894531
2023-11-01,183.50999450683594,408.62640380859375,94.51166534423828,81.90736389160156
2023-11-02,184.1199951171875,416.4573669433594,94.94193267822266,82.4148941040039
2023-11-03,184.7899932861328,420.25689697265625,95.42711639404297,83.04934692382812
2023-11-06,183.35000610351562,421.22369384765625,95.17994689941406,82.56897735595703
2023-11-07,182.58999633789062,422.4225769042969,95.43628692626953,83.04027557373047
2023-11-08,180.77000427246094,422.73187255859375,95.64684295654297,83.37566375732422
2023-11-09,181.49000549316406,419.4351806640625,94.84124755859375,82.55087280273438
2023-11-10,179.50999450683594,425.9803161621094,94.87784576416016,82.64149475097656
2023-11-13,180.50999450683594,425.5742492675781,94.81378173828125,82.59617614746094
2023-11-14,182.1199951171875,433.8307189941406,95.59188842773438,83.837890625
2023-11-15,181.63999938964844,434.7492370605469,95.17994689941406,83.18531799316406
2023-11-16,183.69000244140625,435.2809143066406,95.52782440185547,83.8106918334961
2023-11-17,183.6699981689453,435.8223571777344,95.6285171508789,83.86509704589844
2023-11-20,183.3699951171875,439.1771545410156,95.91230773925781,83.98291778564453
2023-11-21,185.35000610351562,438.219970703125,95.71090698242188,84.09164428710938
2023-11-22,184.55999755859375,439.9118347167969,95.80247497558594,84.0644760131836
2023-11-24,185.52000427246094,440.1826171875,95.3996353149414,83.62943267822266
2023-11-27,186.77000427246094,439.389892578125,95.71090698242188,84.26387786865234
2023-11-28,189.25999450683594,439.82489013671875,96.08625030517578,84.63548278808594
2023-11-29,189.5399932861328,439.5155029296875,96.47074127197266,85.07963562011719
2023-11-30,188.75,441.2461242675781,96.29680633544922,84.66264343261719
2023-12-01,192.00999450683594,443.8564147949219,96.78868103027344,85.46148681640625
2023-12-04,187.86000061035156,441.5264587402344,96.3849105834961,85.10706329345703
2023-12-05,187.14999389648438,441.4394836425781,96.9079818725586,85.70687866210938
2023-12-06,187.83999633789062,439.66058349609375,97.0089340209961,86.06127166748047
2023-12-07,188.14999389648438,443.0153503417969,96.92635345458984,85.93404388427734
2023-12-08,185.63999938964844,444.919921875,96.80705261230469,85.37969207763672
2023-12-11,183.58999633789062,446.6504211425781,96.60515594482422,85.3887710571289
2023-12-12,183.49000549316406,448.6904602050781,96.55008697509766,85.57054138183594
2023-12-13,187.6300048828125,454.87786865234375,97.86237335205078,86.84281921386719
2023-12-14,188.72999572753906,456.3377380371094,98.93608856201172,87.56471252441406
2023-12-15,187.0,455.58642578125,98.77090454101562,87.49177551269531
2023-12-18,187.85000610351562,458.14910888671875,98.47724151611328,87.30040740966797
2023-12-19,189.1300048828125,460.93499755859375,98.54146575927734,87.46444702148438
2023-12-20,188.10000610351562,454.5477294921875,98.93608856201172,87.89286041259766
2023-12-21,189.42999267578125,458.8577575683594,98.77090454101562,87.75613403320312
2023-12-22,190.27000427246094,459.7799377441406,98.57817840576172,87.67407989501953
2023-12-26,191.72000122070312,461.7213134765625,98.63323974609375,87.72876739501953
2023-12-27,192.58999633789062,462.55615234375,99.08291625976562,88.4123764038086
2023-12-28,191.47000122070312,462.7309265136719,98.7617416381836,88.07511901855469
2023-12-29,191.1699981689453,461.3912658691406,98.64241027832031,87.85639953613281
2024-01-02,190.72000122070312,458.8092041015625,98.50477600097656,87.52824401855469
2024-01-03,189.1300048828125,455.0622863769531,98.66078186035156,87.73787689208984
2024-01-04,189.32000732421875,453.5964660644531,98.20194244384766,87.2092514038086
2024-01-05,189.35000610351562,454.21771240234375,97.98170471191406,86.89021301269531
2024-01-08,187.8699951171875,460.7021484375,98.2478256225586,87.18189239501953
2024-01-09,187.92999267578125,460.0032043457031,98.05511474609375,87.1454086303711
2024-01-10,187.5,462.6047058105469,97.97248840332031,87.00869750976562
2024-01-11,187.8699951171875,462.40087890625,98.49559783935547,87.47355651855469
2024-01-12,189.7100067138672,462.7212219238281,98.91776275634766,87.71054077148438
2024-01-16,187.91000366210938,461.0224609375,98.41300201416016,86.99960327148438
2024-01-17,185.83999633789062,458.45977783203125,98.11017608642578,86.71703338623047
2024-01-18,187.3699951171875,462.5367126464844,98.13770294189453,86.525634765625
2024-01-19,187.92999267578125,468.3028259277344,98.21112060546875,86.53475952148438
2024-01-22,187.22000122070312,469.29296875,98.25700378417969,86.79907989501953
2024-01-23,187.9499969482422,470.66162109375,97.93580627441406,86.5802993774414
2024-01-24,186.39999389648438,471.1761169433594,97.70636749267578,86.33421325683594
2024-01-25,187.13999938964844,473.73883056640625,98.03675079345703,86.70791625976562
2024-01-26,187.00999450683594,473.13702392578125,97.94498443603516,86.55299377441406
2024-01-29,188.3300018310547,476.8839111328125,98.37628173828125,87.07251739501953
2024-01-30,188.58999633789062,476.5151062011719,98.33041381835938,87.19100952148438
2024-01-31,188.4499969482422,468.73968505859375,98.97280883789062,87.92015838623047
2024-02-01,190.41000366210938,474.87457275390625,99.14715576171875,88.4647445678711
2024-02-02,188.61000061035156,479.8738098144531,98.19276428222656,87.3134765625
2024-02-05,187.57000732421875,478.1264343261719,97.64215087890625,86.46372985839844
2024-02-06,188.5500030517578,479.5146179199219,97.97248840332031,86.92970275878906
2024-02-07,188.5,483.5139465332031,97.78897857666016,86.7744140625
2024-02-08,188.3300018310547,483.7275085449219,97.715576171875,86.49115753173828
2024-02-09,187.60000610351562,486.523193359375,97.57791137695312,86.33580780029297
2024-02-12,187.11000061035156,486.3096008300781,97.6146240234375,86.41805267333984
2024-02-13,184.52999877929688,479.6116638183594,96.99058532714844,85.46780395507812
2024-02-14,184.4199981689453,483.97021484375,97.40355682373047,85.78761291503906
2024-02-15,185.66000366210938,487.30950927734375,97.52283477783203,86.02516174316406
2024-02-16,186.33999633789062,484.8827209472656,97.42191314697266,85.65054321289062
2024-02-20,187.47000122070312,482.21319580078125,97.46778106689453,85.79674530029297
2024-02-21,187.47999572753906,482.6500549316406,97.3576431274414,85.52261352539062
2024-02-22,187.55999755859375,492.6387023925781,97.22917938232422,85.53175354003906
2024-02-23,188.6199951171875,492.97845458984375,97.47695922851562,85.92464447021484
2024-02-26,188.1999969482422,491.17291259765625,97.44026184082031,85.79674530029297
2024-02-27,188.0,492.0853576660156,97.32096862792969,85.60485076904297
2024-02-28,188.33999633789062,491.4349670410156,97.63296508789062,85.91551971435547
2024-02-29,189.30999755859375,493.20172119140625,97.93580627441406,86.0891342163086
2024-03-01,192.88999938964844,497.83197021484375,98.30289459228516,86.48213195800781
2024-03-04,196.00999450683594,497.298095703125,98.22029876708984,86.28976440429688
2024-03-05,197.19000244140625,492.32806396484375,98.66995239257812,86.82109069824219
2024-03-06,198.80999755859375,494.8227844238281,98.70665740966797,87.03179168701172
2024-03-07,199.94000244140625,499.7346496582031,98.65161895751953,87.17840576171875
2024-03-08,201.6300048828125,496.7351379394531,98.73419189453125,87.2425308227539
2024-03-11,202.0,496.3079833984375,98.5598373413086,87.13258361816406
2024-03-12,199.7899932861328,501.6469421386719,98.36710357666016,86.77531433105469
2024-03-13,201.19000244140625,500.86065673828125,98.22945404052734,86.58290100097656
2024-03-14,200.35000610351562,499.8705139160156,97.63296508789062,85.94163513183594
2024-03-15,199.7100067138672,496.4381103515625,97.56871795654297,85.79505157470703
2024-03-18,200.02999877929688,499.38848876953125,97.47695922851562,85.69426727294922
2024-03-19,199.8000030517578,502.1637268066406,97.6146240234375,85.94163513183594
2024-03-20,202.17999267578125,506.80841064453125,98.00004577636719,86.14317321777344
2024-03-21,201.97000122070312,508.4831848144531,98.17439270019531,86.15233612060547
2024-03-22,200.35000610351562,507.5191955566406,98.5139389038086,86.57374572753906
2024-03-25,200.99000549316406,506.1170959472656,98.20194244384766,86.34474182128906
2024-03-26,201.63999938964844,505.18231201171875,98.22945404052734,86.47297668457031
2024-03-27,203.10000610351562,509.427734375,98.53231048583984,86.8027572631836
2024-03-28,205.72000122070312,509.3303527832031,98.56901550292969,86.72032928466797
2024-04-01,207.82000732421875,508.44415283203125,97.93083953857422,85.93566131591797
2024-04-02,210.88999938964844,505.2115173339844,97.95838928222656,85.75190734863281
2024-04-03,212.74000549316406,505.76641845703125,97.95838928222656,85.85298156738281
2024-04-04,211.52000427246094,499.5930480957031,98.32569122314453,86.14698791503906
2024-04-05,215.13999938964844,504.8122253417969,97.91244506835938,85.57731628417969
2024-04-08,216.47999572753906,505.0946350097656,97.87572479248047,85.38438415527344
2024-04-09,217.6699981689453,505.6788635253906,98.13286590576172,85.72431945800781
2024-04-10,215.61000061035156,500.6153869628906,97.18704986572266,84.58503723144531
2024-04-11,219.8000030517578,504.3935241699219,97.10440063476562,84.46556854248047
2024-04-12,216.88999938964844,497.4313659667969,97.44416809082031,84.81470489501953
2024-04-15,220.9499969482422,491.199462890625,97.13196563720703,84.27264404296875
2024-04-16,221.22000122070312,490.30364990234375,96.73712158203125,83.94186401367188
2024-04-17,219.58999633789062,487.40185546875,97.11358642578125,84.47476196289062
2024-04-18,220.33999633789062,486.39892578125,96.98503875732422,84.1807632446289
2024-04-19,221.02999877929688,482.1534729003906,97.13196563720703,84.29100036621094
2024-04-22,215.57000732421875,486.59368896484375,97.14115142822266,84.3001937866211
2024-04-23,215.0399932861328,492.3679504394531,97.23296356201172,84.41046905517578
2024-04-24,214.63999938964844,492.1341857910156,97.03094482421875,84.15318298339844
2024-04-25,215.9199981689453,490.2646484375,96.88404846191406,83.83161926269531
2024-04-26,216.6199951171875,494.9093933105469,97.13196563720703,84.06130981445312
2024-04-29,216.17999267578125,496.6620178222656,97.37068176269531,84.40125274658203
2024-04-30,211.8699951171875,488.7943115234375,96.90240478515625,84.00617980957031
2024-05-01,213.7899932861328,487.2071838378906,97.06229400634766,84.33883666992188
2024-05-02,213.1300048828125,491.7641906738281,97.41353607177734,84.73512268066406
2024-05-03,212.9600067138672,497.8597717285156,97.91266632080078,85.20510864257812
2024-05-06,215.1999969482422,503.0011291503906,97.95889282226562,85.2788314819336
2024-05-07,214.2100067138672,503.5561218261719,97.94039916992188,85.4999771118164
2024-05-08,213.5800018310547,503.60479736328125,97.82948303222656,85.2603988647461
2024-05-09,216.9499969482422,506.5065002441406,98.18074035644531,85.51839447021484
2024-05-10,218.7100067138672,507.1589660644531,98.02360534667969,85.241943359375
2024-05-13,216.25999450683594,507.2270202636719,98.06055450439453,85.34332275390625
2024-05-14,218.08999633789062,509.55426025390625,98.24542236328125,85.59215545654297
2024-05-15,220.88999938964844,515.8641357421875,98.74456024169922,86.23722839355469
2024-05-16,220.02999877929688,514.802734375,98.60592651367188,86.07135009765625
2024-05-17,223.66000366210938,515.5427856445312,98.51347351074219,85.80410766601562
2024-05-20,224.55999755859375,516.13671875,98.47650909423828,85.67507934570312
2024-05-21,224.22999572753906,517.402587890625,98.66136169433594,85.89625549316406
2024-05-22,220.11000061035156,515.9127807617188,98.64287567138672,85.78565979003906
2024-05-23,215.72000122070312,512.1444702148438,98.26392364501953,85.48155975341797
2024-05-24,215.9199981689453,515.5330200195312,98.38407897949219,85.59215545654297
2024-05-28,218.19000244140625,515.893310546875,98.08829498291016,85.1129379272461
2024-05-29,216.16000366210938,512.28076171875,97.85723114013672,84.6982650756836
2024-05-30,216.57000732421875,508.8824768066406,98.23619842529297,85.12216186523438
2024-05-31,215.3000030517578,513.517333984375,98.62440490722656,85.51839447021484
2024-06-03,217.22000122070312,513.9360961914062,99.04039001464844,86.07854461669922
2024-06-04,215.27000427246094,514.5106201171875,99.3475112915039,86.54991149902344
2024-06-05,217.82000732421875,520.6256713867188,99.59879302978516,86.86420440673828
2024-06-06,219.42999267578125,520.6158447265625,99.51505279541016,86.82719421386719
2024-06-07,211.60000610351562,519.9830322265625,98.69605255126953,85.91214752197266
2024-06-10,213.5399932861328,521.5895385742188,98.55644226074219,85.72730255126953
2024-06-11,214.14999389648438,522.8457641601562,98.82636260986328,86.18020629882812
2024-06-12,214.72000122070312,527.139892578125,98.97525024414062,86.66082763671875
2024-06-13,212.97000122070312,528.2013549804688,99.36613464355469,87.23388671875
2024-06-14,215.72999572753906,528.5226440429688,99.48711395263672,87.43724060058594
2024-06-17,214.61000061035156,532.7291259765625,99.3475112915039,87.03054809570312
2024-06-18,215.47000122070312,534.0826416015625,99.74768829345703,87.40949249267578
2024-06-20,218.16000366210938,532.6317749023438,99.76630401611328,87.18769073486328
2024-06-21,214.77999877929688,531.917724609375,99.61740112304688,87.20618438720703
2024-06-24,215.6300048828125,530.1885375976562,99.6732406616211,87.28009796142578
2024-06-25,214.55999755859375,532.230224609375,99.79425048828125,87.35404205322266
2024-06-26,212.5800018310547,532.8945922851562,99.49642944335938,86.82719421386719
2024-06-27,214.99000549316406,533.734619140625,99.68255615234375,87.02131652832031
2024-06-28,215.00999450683594,531.6343994140625,99.37541961669922,86.55914306640625
2024-07-01,215.57000732421875,532.728515625,98.98014068603516,85.91484069824219
2024-07-02,215.55999755859375,536.3135986328125,99.16705322265625,86.23929595947266
2024-07-03,217.99000549316406,538.7069702148438,99.55952453613281,86.81410217285156
2024-07-05,220.92999267578125,541.8133544921875,100.00807189941406,87.29620361328125
2024-07-08,218.19000244140625,542.4386596679688,99.97069549560547,87.32405853271484
2024-07-09,218.55999755859375,542.966064453125,99.8211898803711,87.20350646972656
2024-07-10,219.36000061035156,548.3389892578125,100.00807189941406,87.28694152832031
2024-07-11,223.25,543.61083984375,100.30712127685547,87.84320068359375
2024-07-12,223.11000061035156,547.0397338867188,100.4659652709961,88.02861785888672
2024-07-15,223.8300018310547,548.5441284179688,100.40057373046875,87.75050354003906
2024-07-16,228.2899932861328,551.7970581054688,100.70893096923828,88.13987731933594
2024-07-17,227.22999572753906,544.060302734375,100.7463150024414,88.21402740478516
2024-07-18,225.77999877929688,539.8792114257812,100.52204895019531,87.9637222290039
2024-07-19,221.72999572753906,536.2940673828125,100.2790756225586,87.68560028076172
2024-07-22,221.8000030517578,541.8233032226562,100.1575698852539,87.60214233398438
2024-07-23,222.5800018310547,540.9733276367188,100.10153198242188,87.66706848144531
2024-07-24,221.8000030517578,528.7135009765625,99.8025131225586,87.47238159179688
2024-07-25,218.3300018310547,525.958740234375,100.04545593261719,87.66706848144531
2024-07-26,220.6300048828125,531.8493041992188,100.36317443847656,88.08425903320312
2024-07-29,220.32000732421875,532.161865234375,100.4659652709961,88.23258209228516
2024-07-30,222.52000427246094,529.4657592773438,100.54073333740234,88.41800689697266
2024-07-31,226.5500030517578,538.0719604492188,101.09207153320312,89.0669937133789
2024-08-01,225.77000427246094,530.452392578125,101.22593688964844,89.44732666015625
2024-08-02,225.33999633789062,520.576171875,101.71263122558594,90.8328857421875
2024-08-05,222.47999572753906,505.4151306152344,102.00276947021484,90.92585754394531
2024-08-06,220.6999969482422,510.0747375488281,101.41311645507812,90.11685180664062
2024-08-07,220.5500030517578,506.6654968261719,101.10424041748047,89.7913818359375
2024-08-08,224.00999450683594,518.3782348632812,101.0106430053711,89.5217056274414
2024-08-09,224.55999755859375,520.6640625,101.27271270751953,89.88436889648438
2024-08-12,228.41000366210938,520.9376831054688,101.54415130615234,90.13543701171875
2024-08-13,228.05999755859375,529.5046997070312,101.75942993164062,90.5353012084961
2024-08-14,226.1999969482422,531.1752319335938,101.70326232910156,90.65618896484375
2024-08-15,226.91000366210938,540.2797241210938,101.48797607421875,90.08893585205078
2024-08-16,231.99000549316406,541.4910888671875,101.45055389404297,90.265625
2024-08-19,231.61000061035156,546.6683959960938,101.51607513427734,90.38650512695312
2024-08-20,232.4600067138672,545.7796020507812,101.91853332519531,90.74916076660156
2024-08-21,232.14999389648438,547.6550903320312,102.14318084716797,90.9351577758789
2024-08-22,229.3699951171875,543.3568725585938,101.82496643066406,90.51671600341797
2024-08-23,232.02000427246094,549.1302490234375,102.36781311035156,90.9351577758789
2024-08-26,232.75999450683594,547.8211669921875,102.37715911865234,90.82357025146484
2024-08-27,233.38999938964844,548.5733642578125,102.37715911865234,90.78636169433594
2024-08-28,231.75,545.3887939453125,102.36781311035156,90.73988342285156
2024-08-29,232.9499969482422,545.4376220703125,102.2274169921875,90.58180236816406
2024-08-30,231.2899932861328,550.6443481445312,101.89984130859375,90.265625
2024-09-03,230.2899932861328,539.3125610351562,102.10580444335938,90.86065673828125
2024-09-04,230.42999267578125,538.2086791992188,102.3772964477539,91.39229583740234
2024-09-05,232.35000610351562,536.8997192382812,102.44281768798828,91.6068115234375
2024-09-06,230.6300048828125,527.8637084960938,102.50837707519531,91.73738861083984
2024-09-09,231.60000610351562,533.7737426757812,102.74243927001953,91.86795806884766
2024-09-10,232.6199951171875,536.0986938476562,102.96712493896484,92.2596664428711
2024-09-11,232.25,541.5985717773438,103.03267669677734,92.19438171386719
2024-09-12,236.3300018310547,546.1605834960938,103.05139923095703,92.04515075683594
2024-09-13,238.67999267578125,549.0130004882812,103.39779663085938,92.22238159179688
2024-09-16,238.66000366210938,549.8236694335938,103.75355529785156,92.46485900878906
2024-09-17,237.33999633789062,550.0484619140625,103.71613311767578,92.29698944091797
2024-09-18,235.50999450683594,548.4171142578125,103.3322525024414,91.89592742919922
2024-09-19,239.1699981689453,557.7755737304688,103.64120483398438,91.82133483886719
2024-09-20,242.2100067138672,556.8114013671875,103.50077819824219,91.79334259033203
2024-09-23,242.67999267578125,558.2028198242188,103.5101547241211,91.73738861083984
2024-09-24,246.07000732421875,559.7999877929688,103.7629165649414,91.83997344970703
2024-09-25,245.72999572753906,558.5652465820312,103.36970520019531,91.46690368652344
2024-09-26,246.97999572753906,560.77978515625,103.23863983154297,91.40161895751953
2024-09-27,245.02000427246094,559.9664916992188,103.49142456054688,91.7653579711914
2024-09-30,243.05999755859375,562.21044921875,103.4258804321289,91.51353454589844
2024-10-01,245.61000061035156,557.1737670898438,103.76517486572266,91.84654235839844
2024-10-02,245.66000366210938,557.4090576171875,103.67144012451172,91.58462524414062
2024-10-03,245.49000549316406,556.3899536132812,103.2309341430664,91.1169204711914
2024-10-04,245.0,561.4461669921875,102.52796173095703,90.23766326904297
2024-10-07,244.1699981689453,556.3703002929688,102.41551208496094,89.91029357910156
2024-10-08,242.3699951171875,561.6322631835938,102.58422088623047,89.98509216308594
2024-10-09,241.0500030517578,565.5223388671875,102.39677429199219,89.64834594726562
2024-10-10,242.82000732421875,564.53271484375,102.60295867919922,89.63899993896484
2024-10-11,245.47000122070312,567.9132690429688,102.61233520507812,89.66706848144531
2024-10-14,245.07000732421875,572.557861328125,102.50924682617188,89.50804901123047
2024-10-15,245.9199981689453,568.1092529296875,102.6217041015625,89.96640014648438
2024-10-16,247.14999389648438,570.5784912109375,102.64045715332031,90.106689453125
2024-10-17,248.6300048828125,570.6275024414062,102.3311538696289,89.63899993896484
2024-10-18,251.27000427246094,572.822509765625,102.49987030029297,89.74189758300781
2024-10-21,251.22000122070312,571.8817138671875,101.7594223022461,89.0497055053711
2024-10-22,253.92999267578125,571.5779418945312,101.90000915527344,88.96552276611328
2024-10-23,250.8699951171875,566.3552856445312,101.64694213867188,88.7597427368164
2024-10-24,252.8000030517578,567.5801391601562,101.75003814697266,88.9561538696289
2024-10-25,253.32000732421875,567.3840942382812,101.47823333740234,88.7597427368164
2024-10-28,253.3300018310547,569.1381225585938,101.2813949584961,88.553955078125
2024-10-29,256.0899963378906,570.0592041015625,101.43136596679688,88.59136199951172
2024-10-30,257.5,568.3346557617188,101.62818908691406,88.46038055419922
2024-10-31,253.50999450683594,557.193603515625,101.51573944091797,88.41365051269531
2024-11-01,252.47000122070312,559.5451049804688,101.08328247070312,87.89006805419922
2024-11-04,252.8300018310547,558.3399047851562,101.25215148925781,88.35922241210938
2024-11-05,253.39999389648438,565.0912475585938,101.345947265625,88.40613555908203
2024-11-06,245.6999969482422,579.142578125,101.18647766113281,87.49597930908203
2024-11-07,249.64999389648438,583.6206665039062,101.56168365478516,88.19969940185547
2024-11-08,247.9600067138672,586.148681640625,101.84310150146484,88.38735961914062
2024-11-11,242.13999938964844,586.707275390625,101.50540924072266,88.14341735839844
2024-11-12,240.0500030517578,584.8847045898438,100.97073364257812,87.5898208618164
2024-11-13,237.6300048828125,585.1688232421875,100.78312683105469,87.53350830078125
2024-11-14,237.00999450683594,581.4060668945312,100.76435089111328,87.52412414550781
2024-11-15,236.58999633789062,573.9590454101562,100.79247283935547,87.56166076660156
2024-11-18,241.08999633789062,576.3108520507812,101.0363998413086,87.75869750976562
2024-11-19,243.25,578.4175415039062,101.19585418701172,87.94635772705078
2024-11-20,244.6199951171875,578.613525390625,101.14895629882812,87.81499481201172
2024-11-21,246.66000366210938,581.7196044921875,101.01762390136719,87.76809692382812
2024-11-22,249.83999633789062,583.5226440429688,101.0926513671875,87.82439422607422
2024-11-25,242.47999572753906,585.5020141601562,101.64611053466797,88.7720718383789
2024-11-26,242.9499969482422,588.5591430664062,101.41160583496094,88.58442687988281
2024-11-27,243.49000549316406,586.7757568359375,101.73052978515625,88.94097137451172
2024-11-29,245.58999633789062,590.4208374023438,102.0213394165039,89.31629180908203
2024-12-02,243.44000244140625,591.4791870117188,101.96495056152344,89.30874633789062
2024-12-03,243.92999267578125,591.75341796875,102.01192474365234,89.05463409423828
2024-12-04,244.6699981689453,595.427978515625,102.30323791503906,89.39347076416016
2024-12-05,242.86000061035156,594.4481811523438,102.18106842041016,89.38404846191406
2024-12-06,242.9499969482422,595.5750122070312,102.26565551757812,89.66639709472656
2024-12-09,245.36000061035156,592.5079956054688,102.07772064208984,89.35581970214844
2024-12-10,248.58999633789062,590.6658935546875,102.04012298583984,89.19580078125
2024-12-11,250.9600067138672,595.2321166992188,101.8897705078125,88.93226623535156
2024-12-12,247.27999877929688,592.1650390625,101.56089782714844,88.59344482421875
2024-12-13,244.2899932861328,592.0475463867188,101.27898406982422,88.17935180664062
2024-12-16,244.8800048828125,594.5756225585938,101.16622161865234,88.20756530761719
2024-12-17,243.94000244140625,592.1258544921875,101.10983276367188,88.20756530761719
2024-12-18,239.25999450683594,574.4783935546875,100.46990203857422,87.52578735351562
2024-12-19,239.60000610351562,574.3019409179688,100.06523895263672,87.12920379638672
2024-12-20,242.10000610351562,581.199951171875,100.26287078857422,87.45024108886719
2024-12-23,240.9600067138672,584.6803588867188,100.13111877441406,87.0630874633789
2024-12-24,241.44000244140625,591.1790161132812,100.35697174072266,87.11032104492188
2024-12-26,243.07000732421875,591.2183227539062,100.35697174072266,87.17640686035156
2024-12-27,241.39999389648438,584.9949951171875,100.10289001464844,86.94977569580078
2024-12-30,240.6300048828125,578.3192138671875,100.39461517333984,87.45968627929688
2024-12-31,242.1300048828125,576.2152709960938,100.27227020263672,87.29916381835938
