Date,SPY
2000-01-03,91.13276672363281
2000-01-04,87.56889343261719
2000-01-05,87.72559356689453
2000-01-06,86.31568145751953
2000-01-07,91.32855987548828
2000-01-10,91.64189910888672
2000-01-11,90.54533386230469
2000-01-12,89.64459991455078
2000-01-13,90.85860443115234
2000-01-14,92.09229278564453
2000-01-18,91.36774444580078
2000-01-19,92.1118392944336
2000-01-20,90.7019271850586
2000-01-21,90.50611877441406
2000-01-24,87.9409408569336
2000-01-25,88.9395980834961
2000-01-26,88.23470306396484
2000-01-27,87.8821792602539
2000-01-28,85.14080047607422
2000-01-31,87.45142364501953
2000-02-01,88.31300354003906
2000-02-02,88.391357421875
2000-02-03,89.72286987304688
2000-02-04,89.35082244873047
2000-02-07,89.21379089355469
2000-02-08,90.42781829833984
2000-02-09,88.52838134765625
2000-02-10,88.70466613769531
2000-02-11,86.90312957763672
2000-02-14,87.41227722167969
2000-02-15,88.40113067626953
2000-02-16,87.09892272949219
2000-02-17,86.64854431152344
2000-02-18,84.78836059570312
2000-02-22,84.57292175292969
2000-02-23,85.57160949707031
2000-02-24,83.848388671875
2000-02-25,83.54491424560547
2000-02-28,85.29740905761719
2000-02-29,86.1198501586914
2000-03-01,86.74644470214844
2000-03-02,86.80522155761719
2000-03-03,88.43052673339844
2000-03-06,87.56889343261719
2000-03-07,85.87506103515625
2000-03-08,85.76741790771484
2000-03-09,88.27384185791016
2000-03-10,87.80388641357422
2000-03-13,86.84435272216797
2000-03-14,85.61073303222656
2000-03-15,87.60804748535156
2000-03-16,91.70065307617188
2000-03-17,92.30668640136719
2000-03-20,91.83554077148438
2000-03-21,93.72010803222656
2000-03-22,94.28941345214844
2000-03-23,95.89921569824219
2000-03-24,96.46846771240234
2000-03-27,95.44766998291016
2000-03-28,94.89797973632812
2000-03-29,94.99616241455078
2000-03-30,93.40605163574219
2000-03-31,94.46612548828125
2000-04-03,95.01576232910156
2000-04-04,94.30909729003906
2000-04-05,93.72010803222656
2000-04-06,94.53485107421875
2000-04-07,95.133544921875
2000-04-10,94.76055908203125
2000-04-11,94.48576354980469
2000-04-12,91.89443969726562
2000-04-13,90.6183853149414
2000-04-14,85.43571472167969
2000-04-17,88.41967010498047
2000-04-18,90.75581359863281
2000-04-19,89.91165924072266
2000-04-20,90.34357452392578
2000-04-24,89.3619613647461
2000-04-25,93.07229614257812
2000-04-26,92.02204132080078
2000-04-27,91.7177505493164
2000-04-28,91.14842224121094
2000-05-01,92.38517761230469
2000-05-02,90.53986358642578
2000-05-03,88.41967010498047
2000-05-04,89.087158203125
2000-05-05,90.16688537597656
2000-05-08,89.48957824707031
2000-05-09,88.77298736572266
2000-05-10,86.77071380615234
2000-05-11,88.7533950805664
2000-05-12,89.71534729003906
2000-05-15,91.26615905761719
2000-05-16,92.14962768554688
2000-05-17,91.18769073486328
2000-05-18,90.06871795654297
2000-05-19,88.6552505493164
2000-05-22,87.9877700805664
2000-05-23,86.69210052490234
2000-05-24,88.10554504394531
2000-05-25,86.59395599365234
2000-05-26,86.69210052490234
2000-05-30,89.51902770996094
2000-05-31,89.71534729003906
2000-06-01,91.28583526611328
2000-06-02,92.87599182128906
2000-06-05,92.42450714111328
2000-06-06,92.01219940185547
2000-06-07,92.65019226074219
2000-06-08,92.28702545166016
2000-06-09,92.0907211303711
2000-06-12,91.0110092163086
2000-06-13,92.71892547607422
2000-06-14,92.87599182128906
2000-06-15,93.07229614257812
2000-06-16,92.30752563476562
2000-06-19,93.48822021484375
2000-06-20,93.15369415283203
2000-06-21,93.11434173583984
2000-06-22,91.6975326538086
2000-06-23,90.91044616699219
2000-06-26,92.08123779296875
2000-06-27,91.40239715576172
2000-06-28,91.65815734863281
2000-06-29,90.7923583984375
2000-06-30,91.48114013671875
2000-07-03,92.74046325683594
2000-07-05,91.06787109375
2000-07-06,91.77628326416016
2000-07-07,93.2520523071289
2000-07-10,93.09461975097656
2000-07-11,93.29141998291016
2000-07-12,93.90144348144531
2000-07-13,94.3146743774414
2000-07-14,95.239501953125
2000-07-17,95.08208465576172
2000-07-18,94.3047866821289
2000-07-19,93.54727172851562
2000-07-20,94.84595489501953
2000-07-21,92.99626159667969
2000-07-24,92.4649887084961
2000-07-25,92.7601318359375
2000-07-26,91.8549575805664
2000-07-27,91.54010772705078
2000-07-28,89.47399139404297
2000-07-31,90.04462432861328
2000-08-01,90.59561157226562
2000-08-02,91.04818725585938
2000-08-03,91.67788696289062
2000-08-04,92.16980743408203
2000-08-07,93.27172088623047
2000-08-08,93.62596893310547
2000-08-09,92.83885955810547
2000-08-10,92.38626098632812
2000-08-11,92.81919860839844
2000-08-14,93.99983978271484
2000-08-15,93.92115783691406
2000-08-16,93.58656311035156
2000-08-17,94.57050323486328
2000-08-18,94.25563049316406
2000-08-21,94.76727294921875
2000-08-22,94.60983276367188
2000-08-23,94.98371124267578
2000-08-24,95.27880859375
2000-08-25,95.239501953125
2000-08-28,95.56419372558594
2000-08-29,95.58382415771484
2000-08-30,94.6688232421875
2000-08-31,95.92822265625
2000-09-01,96.02660369873047
2000-09-05,95.25914764404297
2000-09-06,94.17694091796875
2000-09-07,94.98371124267578
2000-09-08,94.33435821533203
2000-09-11,94.19659423828125
2000-09-12,93.5079116821289
2000-09-13,93.75387573242188
2000-09-14,94.2260971069336
2000-09-15,92.16458892822266
2000-09-18,91.31636810302734
2000-09-19,92.1448745727539
2000-09-20,91.46431732177734
2000-09-21,90.07357025146484
2000-09-22,91.71089935302734
2000-09-25,91.05997467041016
2000-09-26,89.89606475830078
2000-09-27,90.36949157714844
2000-09-28,91.53336334228516
2000-09-29,90.6653823852539
2000-10-02,90.80348205566406
2000-10-03,89.9552230834961
2000-10-04,90.704833984375
2000-10-05,91.0204849243164
2000-10-06,89.0477523803711
2000-10-09,88.37705993652344
2000-10-10,86.917236328125
2000-10-11,86.18737030029297
2000-10-12,84.03712463378906
2000-10-13,86.83834075927734
2000-10-16,87.23287200927734
2000-10-17,85.06290435791016
2000-10-18,84.74728393554688
2000-10-19,87.94307708740234
2000-10-20,88.31787109375
2000-10-23,88.71240234375
2000-10-24,88.12060546875
2000-10-25,86.04928588867188
2000-10-26,86.28596496582031
2000-10-27,87.92333221435547
2000-10-30,88.71240234375
2000-10-31,90.24127197265625
2000-11-01,89.93548583984375
2000-11-02,90.08345031738281
2000-11-03,90.1327896118164
2000-11-06,90.76399993896484
2000-11-07,90.74433135986328
2000-11-08,88.73212432861328
2000-11-09,88.39678192138672
2000-11-10,86.24650573730469
2000-11-13,85.57585144042969
2000-11-14,87.82470703125
2000-11-15,88.10087585449219
2000-11-16,86.71998596191406
2000-11-17,86.25637817382812
2000-11-20,85.02346801757812
2000-11-21,85.45747375488281
2000-11-22,83.41569519042969
2000-11-24,85.12211608886719
2000-11-27,85.87173461914062
2000-11-28,84.39219665527344
2000-11-29,84.23435974121094
2000-11-30,83.50447082519531
2000-12-01,83.46499633789062
2000-12-04,84.17517852783203
2000-12-05,86.9369888305664
2000-12-06,85.54621887207031
2000-12-07,84.37250518798828
2000-12-08,84.56975555419922
2000-12-11,87.509033203125
2000-12-12,87.13429260253906
2000-12-13,85.9407958984375
2000-12-14,84.8459243774414
2000-12-15,82.92955017089844
2000-12-18,84.0376205444336
2000-12-19,82.32600402832031
2000-12-20,79.94161224365234
2000-12-21,80.49568939208984
2000-12-22,82.90972900390625
2000-12-26,83.80015563964844
2000-12-27,84.41358947753906
2000-12-28,84.67086791992188
2000-12-29,83.06803894042969
2001-01-02,81.56421661376953
2001-01-03,85.48210906982422
2001-01-04,84.56200408935547
2001-01-05,81.8016357421875
2001-01-08,82.4348373413086
2001-01-09,82.21715545654297
2001-01-10,83.66162872314453
2001-01-11,83.74078369140625
2001-01-12,83.58248138427734
2001-01-16,84.11677551269531
2001-01-17,84.50264739990234
2001-01-18,85.3436050415039
2001-01-19,84.85881042480469
2001-01-22,85.42276000976562
2001-01-23,86.09556579589844
2001-01-24,86.3527603149414
2001-01-25,86.13512420654297
2001-01-26,86.03617858886719
2001-01-29,86.4952621459961
2001-01-30,87.25509643554688
2001-01-31,86.76119995117188
2001-02-01,87.3373794555664
2001-02-02,85.35549926757812
2001-02-05,85.98239135742188
2001-02-06,85.72911071777344
2001-02-07,85.28582763671875
2001-02-08,84.29170227050781
2001-02-09,83.48119354248047
2001-02-12,84.43733215332031
2001-02-13,83.74714660644531
2001-02-14,83.62053680419922
2001-02-15,84.43102264404297
2001-02-16,82.56938934326172
2001-02-20,81.29664611816406
2001-02-21,79.5427017211914
2001-02-22,79.6629867553711
2001-02-23,79.12481689453125
2001-02-26,80.8091049194336
2001-02-27,80.06192016601562
2001-02-28,78.48522186279297
2001-03-01,78.8968276977539
2001-03-02,78.2699966430664
2001-03-05,78.98548889160156
2001-03-06,79.83397674560547
2001-03-07,80.40384674072266
2001-03-08,80.49250030517578
2001-03-09,78.11168670654297
2001-03-12,74.76837921142578
2001-03-13,75.99678039550781
2001-03-14,74.49607849121094
2001-03-15,74.51507568359375
2001-03-16,73.02052307128906
2001-03-19,74.50616455078125
2001-03-20,72.5062484741211
2001-03-21,71.27455139160156
2001-03-22,70.55074310302734
2001-03-23,72.68402099609375
2001-03-26,73.6109848022461
2001-03-27,75.1156997680664
2001-03-28,73.03958892822266
2001-03-29,73.31893920898438
2001-03-30,74.0871810913086
2001-04-02,72.5062484741211
2001-04-03,70.08726501464844
2001-04-04,70.37931060791016
2001-04-05,73.04591369628906
2001-04-06,71.93485260009766
2001-04-09,72.7348403930664
2001-04-10,74.0617904663086
2001-04-11,74.11258697509766
2001-04-12,75.45857238769531
2001-04-16,74.66490173339844
2001-04-17,75.71888732910156
2001-04-18,78.72831726074219
2001-04-19,79.77590942382812
2001-04-20,79.04576873779297
2001-04-23,77.61088562011719
2001-04-24,77.19186401367188
2001-04-25,78.20137023925781
2001-04-26,78.55054473876953
2001-04-27,79.85848999023438
2001-04-30,80.41716766357422
2001-05-01,80.66477966308594
2001-05-02,80.51875305175781
2001-05-03,79.4965591430664
2001-05-04,80.84891510009766
2001-05-07,80.15050506591797
2001-05-08,80.11241912841797
2001-05-09,79.77590942382812
2001-05-10,80.01084899902344
2001-05-11,79.4584732055664
2001-05-14,79.61715698242188
2001-05-15,79.9854507446289
2001-05-16,81.87112426757812
2001-05-17,81.99809265136719
2001-05-18,82.37271118164062
2001-05-21,83.58538055419922
2001-05-22,83.4774169921875
2001-05-23,82.06158447265625
2001-05-24,82.30282592773438
2001-05-25,81.33145141601562
2001-05-29,80.68382263183594
2001-05-30,79.5537109375
2001-05-31,79.9664077758789
2001-06-01,80.46161651611328
2001-06-04,80.84891510009766
2001-06-05,81.7758560180664
2001-06-06,81.09650421142578
2001-06-07,81.38859558105469
2001-06-08,80.63304901123047
2001-06-11,80.06165313720703
2001-06-12,79.92193603515625
2001-06-13,79.23625183105469
2001-06-14,77.45850372314453
2001-06-15,77.58329010009766
2001-06-18,77.2076187133789
2001-06-19,77.54508972167969
2001-06-20,77.95262145996094
2001-06-21,78.83765411376953
2001-06-22,78.22001647949219
2001-06-25,77.50054168701172
2001-06-26,77.3923110961914
2001-06-27,77.34772491455078
2001-06-28,77.77433776855469
2001-06-29,78.06082916259766
2001-07-02,79.03498840332031
2001-07-03,79.01591491699219
2001-07-05,77.47508239746094
2001-07-06,75.800537109375
2001-07-09,76.21437072753906
2001-07-10,75.29749298095703
2001-07-11,75.37391662597656
2001-07-12,77.16307067871094
2001-07-13,77.83161163330078
2001-07-16,76.85746765136719
2001-07-17,77.57693481445312
2001-07-18,77.04845428466797
2001-07-19,77.72335815429688
2001-07-20,77.25856018066406
2001-07-23,75.73682403564453
2001-07-24,75.00460052490234
2001-07-25,75.83236694335938
2001-07-26,76.62822723388672
2001-07-27,76.92115783691406
2001-07-30,76.94656372070312
2001-07-31,77.26494598388672
2001-08-01,77.74884796142578
2001-08-02,78.06719207763672
2001-08-03,77.64060974121094
2001-08-06,76.59642028808594
2001-08-07,76.89563751220703
2001-08-08,75.46941375732422
2001-08-09,75.6922378540039
2001-08-10,75.95331573486328
2001-08-13,75.97241973876953
2001-08-14,75.9405746459961
2001-08-15,75.28478240966797
2001-08-16,75.54580688476562
2001-08-17,74.33607482910156
2001-08-20,75.02374267578125
2001-08-21,73.74397277832031
2001-08-22,74.50794982910156
2001-08-23,74.24054718017578
2001-08-24,75.78141021728516
2001-08-27,75.329345703125
2001-08-28,74.22785949707031
2001-08-29,73.56563568115234
2001-08-30,72.1521987915039
2001-08-31,72.68064880371094
2001-09-04,72.21581268310547
2001-09-05,72.39412689208984
2001-09-06,70.52853393554688
2001-09-07,69.22328186035156
2001-09-10,70.07010650634766
2001-09-17,66.40901184082031
2001-09-18,66.24984741210938
2001-09-19,64.91271209716797
2001-09-20,62.84980773925781
2001-09-21,62.17170333862305
2001-09-24,64.35746765136719
2001-09-25,65.02847290039062
2001-09-26,64.79842376708984
2001-09-27,65.36082458496094
2001-09-28,66.74768829345703
2001-10-01,66.63902282714844
2001-10-02,67.47624969482422
2001-10-03,68.60741424560547
2001-10-04,68.66499328613281
2001-10-05,68.53076934814453
2001-10-08,68.0833740234375
2001-10-09,67.71910858154297
2001-10-10,69.22737884521484
2001-10-11,70.30110168457031
2001-10-12,69.98153686523438
2001-10-15,69.8537368774414
2001-10-16,70.29468536376953
2001-10-17,68.79917907714844
2001-10-18,68.65215301513672
2001-10-19,68.60741424560547
2001-10-22,69.96231079101562
2001-10-23,69.6044692993164
2001-10-24,69.41912078857422
2001-10-25,70.66539001464844
2001-10-26,70.505615234375
2001-10-29,68.67135620117188
2001-10-30,67.8469467163086
2001-10-31,67.6168441772461
2001-11-01,69.34883117675781
2001-11-02,69.82176208496094
2001-11-05,70.73567199707031
2001-11-06,71.83493041992188
2001-11-07,71.73905181884766
2001-11-08,71.96271514892578
2001-11-09,72.03941345214844
2001-11-12,71.59842681884766
2001-11-13,73.20899963378906
2001-11-14,73.27928924560547
2001-11-15,73.41352844238281
2001-11-16,73.08753967285156
2001-11-19,73.98869323730469
2001-11-20,73.3687515258789
2001-11-21,72.88300323486328
2001-11-23,73.93116760253906
2001-11-26,74.09095001220703
2001-11-27,73.77140808105469
2001-11-28,72.43565368652344
2001-11-29,73.41352844238281
2001-11-30,72.88943481445312
2001-12-03,72.45479583740234
2001-12-04,73.68191528320312
2001-12-05,75.0303955078125
2001-12-06,74.99208068847656
2001-12-07,74.49354553222656
2001-12-10,73.10032653808594
2001-12-11,72.9533462524414
2001-12-12,73.03646087646484
2001-12-13,71.61764526367188
2001-12-14,72.30146789550781
2001-12-17,73.04922485351562
2001-12-18,73.48380279541016
2001-12-19,74.0014877319336
2001-12-20,73.27288818359375
2001-12-21,73.71731567382812
2001-12-24,73.57620239257812
2001-12-26,73.98025512695312
2001-12-27,74.42914581298828
2001-12-28,74.39067840576172
2001-12-31,73.30045318603516
2002-01-02,74.08924102783203
2002-01-03,74.92938232421875
2002-01-04,75.4295883178711
2002-01-07,74.89730834960938
2002-01-08,74.72415924072266
2002-01-09,74.11489868164062
2002-01-10,74.4419937133789
2002-01-11,73.71089935302734
2002-01-14,73.24916076660156
2002-01-15,73.84558868408203
2002-01-16,72.35133361816406
2002-01-17,72.89642333984375
2002-01-18,72.56297302246094
2002-01-22,72.062744140625
2002-01-23,72.6142578125
2002-01-24,72.83871459960938
2002-01-25,72.8194580078125
2002-01-28,73.01828002929688
2002-01-29,70.72242736816406
2002-01-30,71.74210357666016
2002-01-31,72.5821762084961
2002-02-01,72.2423095703125
2002-02-04,70.4466781616211
2002-02-05,70.0106201171875
2002-02-06,69.70921325683594
2002-02-07,69.27310180664062
2002-02-08,70.6006088256836
2002-02-11,71.46629333496094
2002-02-12,71.24189758300781
2002-02-13,71.99861907958984
2002-02-14,71.86396789550781
2002-02-15,71.11363983154297
2002-02-19,69.7476806640625
2002-02-20,70.92121124267578
2002-02-21,69.45267486572266
2002-02-22,70.31200408935547
2002-02-25,71.47279357910156
2002-02-26,71.32528686523438
2002-02-27,71.60102844238281
2002-02-28,71.2803726196289
2002-03-01,72.94129180908203
2002-03-04,74.23039245605469
2002-03-05,73.99305725097656
2002-03-06,74.87165832519531
2002-03-07,74.71131134033203
2002-03-08,75.02555084228516
2002-03-11,75.18585205078125
2002-03-12,75.14098358154297
2002-03-13,74.41634368896484
2002-03-14,74.31370544433594
2002-03-15,75.0218276977539
2002-03-18,75.03465270996094
2002-03-19,75.53631591796875
2002-03-20,74.11499786376953
2002-03-21,74.1471176147461
2002-03-22,73.98635864257812
2002-03-25,73.06668853759766
2002-03-26,73.49114990234375
2002-03-27,73.6841049194336
2002-03-28,73.65191650390625
2002-04-01,73.6841049194336
2002-04-02,73.27891540527344
2002-04-03,72.76438903808594
2002-04-04,72.4621353149414
2002-04-05,72.47498321533203
2002-04-08,72.62934112548828
2002-04-09,72.12126922607422
2002-04-10,72.9380111694336
2002-04-11,71.1243667602539
2002-04-12,71.65821075439453
2002-04-15,71.111572265625
2002-04-16,72.80300903320312
2002-04-17,72.6486587524414
2002-04-18,72.33353424072266
2002-04-19,72.59719848632812
2002-04-22,71.38809967041016
2002-04-23,71.0793685913086
2002-04-24,70.36549377441406
2002-04-25,70.40412139892578
2002-04-26,69.06636047363281
2002-04-29,68.7254867553711
2002-04-30,69.36865997314453
2002-05-01,70.21757507324219
2002-05-02,69.94747924804688
2002-05-03,69.18858337402344
2002-05-06,67.83155059814453
2002-05-07,67.59358978271484
2002-05-08,70.1082763671875
2002-05-09,69.29788208007812
2002-05-10,67.9923324584961
2002-05-13,69.37504577636719
2002-05-14,70.88642883300781
2002-05-15,70.60989379882812
2002-05-16,70.97650146484375
2002-05-17,71.32376861572266
2002-05-20,70.5520248413086
2002-05-21,69.90889739990234
2002-05-22,70.06324768066406
2002-05-23,70.80929565429688
2002-05-24,69.90245056152344
2002-05-28,69.5229721069336
2002-05-29,69.00849151611328
2002-05-30,68.8155288696289
2002-05-31,68.95702362060547
2002-06-03,67.12410736083984
2002-06-04,67.29131317138672
2002-06-05,67.9216079711914
2002-06-06,66.53883361816406
2002-06-07,66.4616928100586
2002-06-10,66.71892547607422
2002-06-11,65.57415771484375
2002-06-12,65.97290802001953
2002-06-13,65.31046295166016
2002-06-14,65.2139892578125
2002-06-17,66.96332550048828
2002-06-18,67.5099868774414
2002-06-19,65.93427276611328
2002-06-20,65.09178924560547
2002-06-21,64.07402038574219
2002-06-24,64.40962219238281
2002-06-25,62.96397399902344
2002-06-26,63.067222595214844
2002-06-27,64.17080688476562
2002-06-28,63.867488861083984
2002-07-01,62.62184143066406
2002-07-02,61.292388916015625
2002-07-03,61.640892028808594
2002-07-05,64.09337615966797
2002-07-08,63.2931022644043
2002-07-09,61.698978424072266
2002-07-10,59.45307159423828
2002-07-11,59.93708419799805
2002-07-12,59.278778076171875
2002-07-15,59.59504318237305
2002-07-16,58.446250915527344
2002-07-17,58.56238555908203
2002-07-18,56.66496276855469
2002-07-19,54.670745849609375
2002-07-22,53.05080795288086
2002-07-23,51.598690032958984
2002-07-24,54.67719268798828
2002-07-25,54.212501525878906
2002-07-26,55.24510955810547
2002-07-29,57.93635559082031
2002-07-30,58.691463470458984
2002-07-31,58.83350372314453
2002-08-01,57.29747009277344
2002-08-02,56.013145446777344
2002-08-05,54.064083099365234
2002-08-06,55.88405227661133
2002-08-07,56.85858917236328
2002-08-08,58.697940826416016
2002-08-09,58.91740036010742
2002-08-12,58.48500061035156
2002-08-13,57.420066833496094
2002-08-14,59.51759719848633
2002-08-15,60.343666076660156
2002-08-16,60.162994384765625
2002-08-19,61.56992721557617
2002-08-20,60.918067932128906
2002-08-21,61.79579544067383
2002-08-22,62.3959846496582
2002-08-23,61.053592681884766
2002-08-26,61.47957229614258
2002-08-27,60.76961898803711
2002-08-28,59.440128326416016
2002-08-29,59.46595001220703
2002-08-30,59.233612060546875
2002-09-03,56.97476577758789
2002-09-04,57.78794860839844
2002-09-05,57.29747009277344
2002-09-06,58.084835052490234
2002-09-09,58.510772705078125
2002-09-10,59.18197250366211
2002-09-11,58.814125061035156
2002-09-12,57.72987747192383
2002-09-13,57.87185287475586
2002-09-16,58.01387023925781
2002-09-17,56.684349060058594
2002-09-18,56.11639404296875
2002-09-19,54.66426467895508
2002-09-20,54.68242645263672
2002-09-23,54.23512268066406
2002-09-24,53.35993576049805
2002-09-25,54.68242645263672
2002-09-26,55.57706069946289
2002-09-27,53.645164489746094
2002-09-30,53.022830963134766
2002-10-01,55.57057189941406
2002-10-02,53.90446472167969
2002-10-03,53.35993576049805
2002-10-04,52.381019592285156
2002-10-07,51.29839324951172
2002-10-08,52.10226058959961
2002-10-09,50.63068771362305
2002-10-10,52.270835876464844
2002-10-11,54.559268951416016
2002-10-14,54.86397171020508
2002-10-15,57.502445220947266
2002-10-16,56.10865020751953
2002-10-17,57.22368621826172
2002-10-18,57.46352767944336
2002-10-21,58.45539093017578
2002-10-22,58.03404235839844
2002-10-23,58.474857330322266
2002-10-24,57.28202438354492
2002-10-25,58.474857330322266
2002-10-28,58.09237289428711
2002-10-29,57.41817092895508
2002-10-30,57.97566223144531
2002-10-31,57.385738372802734
2002-11-01,58.520240783691406
2002-11-04,59.077781677246094
2002-11-05,59.544517517089844
2002-11-06,60.31596755981445
2002-11-07,58.837921142578125
2002-11-08,58.118316650390625
2002-11-11,57.217220306396484
2002-11-12,57.671016693115234
2002-11-13,57.729347229003906
2002-11-14,58.81846237182617
2002-11-15,59.25278091430664
2002-11-18,58.65639114379883
2002-11-19,58.5786018371582
2002-11-20,59.88159942626953
2002-11-21,60.99663543701172
2002-11-22,60.56235122680664
2002-11-25,60.60122299194336
2002-11-26,59.44727325439453
2002-11-27,61.119834899902344
2002-11-29,60.925357818603516
2002-12-02,61.02259826660156
2002-12-03,60.20576477050781
2002-12-04,59.933509826660156
2002-12-05,59.27225112915039
2002-12-06,59.66122817993164
2002-12-09,58.021087646484375
2002-12-10,58.798988342285156
2002-12-11,58.85084533691406
2002-12-12,58.84438705444336
2002-12-13,57.917327880859375
2002-12-16,59.414852142333984
2002-12-17,58.896209716796875
2002-12-18,58.215538024902344
2002-12-19,57.800689697265625
2002-12-20,58.625423431396484
2002-12-23,58.64493179321289
2002-12-24,58.20847702026367
2002-12-26,58.234519958496094
2002-12-27,56.92506790161133
2002-12-30,57.40066146850586
2002-12-31,57.47883605957031
2003-01-02,59.32898712158203
2003-01-03,59.511375427246094
2003-01-06,60.560272216796875
2003-01-07,60.41041946411133
2003-01-08,59.53745651245117
2003-01-09,60.4625244140625
2003-01-10,60.625404357910156
2003-01-13,60.60585403442383
2003-01-14,60.80131530761719
2003-01-15,60.19544219970703
2003-01-16,59.94788360595703
2003-01-17,59.0618896484375
2003-01-21,58.143333435058594
2003-01-22,57.43975830078125
2003-01-23,57.791507720947266
2003-01-24,56.27362060546875
2003-01-27,55.50490188598633
2003-01-28,55.91532897949219
2003-01-29,56.338775634765625
2003-01-30,55.00325012207031
2003-01-31,56.06515121459961
2003-02-03,56.175907135009766
2003-02-04,55.622154235839844
2003-02-05,55.276893615722656
2003-02-06,55.01628494262695
2003-02-07,54.345298767089844
2003-02-10,54.72966003417969
2003-02-11,54.35179901123047
2003-02-12,53.485328674316406
2003-02-13,53.648193359375
2003-02-14,54.820831298828125
2003-02-18,55.78501510620117
2003-02-19,55.491859436035156
2003-02-20,54.93809509277344
2003-02-21,55.491859436035156
2003-02-24,54.59284591674805
2003-02-25,55.02932357788086
2003-02-26,54.22802734375
2003-02-27,54.944618225097656
2003-02-28,55.3094367980957
2003-03-03,54.781776428222656
2003-03-04,53.908809661865234
2003-03-05,54.36482238769531
2003-03-06,53.908809661865234
2003-03-07,54.28012466430664
2003-03-10,52.97719192504883
2003-03-11,52.456024169921875
2003-03-12,52.80781555175781
2003-03-13,54.63192367553711
2003-03-14,54.80781936645508
2003-03-17,56.53421401977539
2003-03-18,56.86643981933594
2003-03-19,57.302940368652344
2003-03-20,57.42670822143555
2003-03-21,58.652469635009766
2003-03-24,56.703285217285156
2003-03-25,57.24617385864258
2003-03-26,56.95835876464844
2003-03-27,57.004173278808594
2003-03-28,56.716365814208984
2003-03-31,55.42778778076172
2003-04-01,56.27816390991211
2003-04-02,57.63866424560547
2003-04-03,57.36392593383789
2003-04-04,57.70404815673828
2003-04-07,57.592857360839844
2003-04-08,57.68442916870117
2003-04-09,56.9256706237793
2003-04-10,57.239654541015625
2003-04-11,57.004173278808594
2003-04-14,58.18154525756836
2003-04-15,58.724430084228516
2003-04-16,57.72364807128906
2003-04-17,58.58053207397461
2003-04-21,58.639381408691406
2003-04-22,59.74481201171875
2003-04-23,60.294246673583984
2003-04-24,59.75791931152344
2003-04-25,59.01877975463867
2003-04-28,60.03915023803711
2003-04-29,60.24849319458008
2003-04-30,60.11762619018555
2003-05-01,60.111114501953125
2003-05-02,60.96795654296875
2003-05-05,60.850215911865234
2003-05-06,61.42584228515625
2003-05-07,61.08573913574219
2003-05-08,60.47084045410156
2003-05-09,61.30811309814453
2003-05-12,62.06027603149414
2003-05-13,61.949134826660156
2003-05-14,61.818302154541016
2003-05-15,62.21073913574219
2003-05-16,62.053741455078125
2003-05-19,60.60167694091797
2003-05-20,60.47739791870117
2003-05-21,60.60167694091797
2003-05-22,61.20344543457031
2003-05-23,61.32773971557617
2003-05-27,62.400421142578125
2003-05-28,62.57699203491211
2003-05-29,62.41350555419922
2003-05-30,63.41431427001953
2003-06-02,63.675941467285156
2003-06-03,63.937522888183594
2003-06-04,64.85982513427734
2003-06-05,65.18033599853516
2003-06-06,64.9251937866211
2003-06-09,64.26457977294922
2003-06-10,64.91869354248047
2003-06-11,65.60546875
2003-06-12,65.8082504272461
2003-06-13,65.12142944335938
2003-06-16,66.49503326416016
2003-06-17,66.49503326416016
2003-06-18,66.43619537353516
2003-06-19,65.4223403930664
2003-06-20,65.27791595458984
2003-06-23,64.60832977294922
2003-06-24,64.67399597167969
2003-06-25,64.02410888671875
2003-06-26,64.85779571533203
2003-06-27,64.10944366455078
2003-06-30,64.08973693847656
2003-07-01,64.6805419921875
2003-07-02,65.49456024169922
2003-07-03,64.8183822631836
2003-07-07,66.10508728027344
2003-07-08,66.40047454833984
2003-07-09,66.02629089355469
2003-07-10,65.18604278564453
2003-07-11,65.80309295654297
2003-07-14,66.12477111816406
2003-07-15,65.98033905029297
2003-07-16,65.593017578125
2003-07-17,64.66083526611328
2003-07-18,65.32386016845703
2003-07-21,64.51640319824219
2003-07-22,65.1006851196289
2003-07-23,65.14663696289062
2003-07-24,64.654296875
2003-07-25,65.79647827148438
2003-07-28,65.55361938476562
2003-07-29,65.25167846679688
2003-07-30,65.0941162109375
2003-07-31,65.2451171875
2003-08-01,64.66738891601562
2003-08-04,64.66738891601562
2003-08-05,63.29541778564453
2003-08-06,63.66305160522461
2003-08-07,64.3326416015625
2003-08-08,64.51640319824219
2003-08-11,64.7593002319336
2003-08-12,65.35011291503906
2003-08-13,65.01538848876953
2003-08-14,65.19261169433594
2003-08-15,65.39608764648438
2003-08-18,65.96065521240234
2003-08-19,66.21005249023438
2003-08-20,65.94090270996094
2003-08-21,66.15099334716797
2003-08-22,65.49456024169922
2003-08-25,65.59956359863281
2003-08-26,65.7177505493164
2003-08-27,65.7374267578125
2003-08-28,66.14445495605469
2003-08-29,66.5908432006836
2003-09-02,67.48360443115234
2003-09-03,67.85125732421875
2003-09-04,67.884033203125
2003-09-05,67.50331115722656
2003-09-08,68.06127166748047
2003-09-09,67.61490631103516
2003-09-10,66.93217468261719
2003-09-11,67.1291275024414
2003-09-12,67.25383758544922
2003-09-15,67.01753234863281
2003-09-16,67.99564361572266
2003-09-17,67.86434936523438
2003-09-18,68.66524505615234
2003-09-19,68.31599426269531
2003-09-22,67.57791137695312
2003-09-23,67.83492279052734
2003-09-24,66.62902069091797
2003-09-25,66.08203887939453
2003-09-26,65.86460876464844
2003-09-29,66.51038360595703
2003-09-30,65.86460876464844
2003-10-01,67.2682113647461
2003-10-02,67.51202392578125
2003-10-03,68.1314697265625
2003-10-06,68.4411849975586
2003-10-07,68.70475006103516
2003-10-08,68.533447265625
2003-10-09,68.71791076660156
2003-10-10,68.90901947021484
2003-10-13,69.12651062011719
2003-10-14,69.3703384399414
2003-10-15,69.18580627441406
2003-10-16,69.46257019042969
2003-10-17,68.70475006103516
2003-10-20,69.21875762939453
2003-10-21,69.10015106201172
2003-10-22,68.23030853271484
2003-10-23,68.10509490966797
2003-10-24,68.25666046142578
2003-10-27,68.28961944580078
2003-10-28,69.21875762939453
2003-10-29,69.31105041503906
2003-10-30,69.45602416992188
2003-10-31,69.39010620117188
2003-11-03,69.84481048583984
2003-11-04,69.69322204589844
2003-11-05,69.74591827392578
2003-11-06,70.11495208740234
2003-11-07,69.59439849853516
2003-11-10,69.31105041503906
2003-11-11,69.29125213623047
2003-11-12,70.06884002685547
2003-11-13,70.08859252929688
2003-11-14,69.49552917480469
2003-11-17,69.14628601074219
2003-11-18,68.42802429199219
2003-11-19,69.00788879394531
2003-11-20,68.388427734375
2003-11-21,68.67182922363281
2003-11-24,69.58123016357422
2003-11-25,69.84481048583984
2003-11-26,70.09523010253906
2003-11-28,70.14790344238281
2003-12-01,70.9057388305664
2003-12-02,70.72779846191406
2003-12-03,70.61578369140625
2003-12-04,70.9057388305664
2003-12-05,70.41149139404297
2003-12-08,70.88599395751953
2003-12-09,70.3390121459961
2003-12-10,70.33245086669922
2003-12-11,71.12319946289062
2003-12-12,71.26158142089844
2003-12-15,70.9057388305664
2003-12-16,71.2747802734375
2003-12-17,71.49880981445312
2003-12-18,72.30278778076172
2003-12-19,72.10148620605469
2003-12-22,72.60469818115234
2003-12-23,72.65103149414062
2003-12-24,72.57818603515625
2003-12-26,72.63117980957031
2003-12-29,73.59782409667969
2003-12-30,73.61105346679688
2003-12-31,73.6772689819336
2004-01-02,73.6441650390625
2004-01-05,74.4452896118164
2004-01-06,74.51812744140625
2004-01-07,74.76976013183594
2004-01-08,75.06769561767578
2004-01-09,74.41218566894531
2004-01-12,74.96173095703125
2004-01-13,74.52474975585938
2004-01-14,75.1471176147461
2004-01-15,75.33250427246094
2004-01-16,75.63043212890625
2004-01-20,75.61054992675781
2004-01-21,76.20642852783203
2004-01-22,76.0078353881836
2004-01-23,75.76285552978516
2004-01-26,76.71627807617188
2004-01-27,75.9283676147461
2004-01-28,75.06102752685547
2004-01-29,75.13389587402344
2004-01-30,75.13389587402344
2004-02-02,75.45829010009766
2004-02-03,75.33250427246094
2004-02-04,74.71673583984375
2004-02-05,74.93524169921875
2004-02-06,75.77606201171875
2004-02-09,75.79596710205078
2004-02-10,76.04094696044922
2004-02-11,76.84866333007812
2004-02-12,76.57058715820312
2004-02-13,76.22631072998047
2004-02-17,76.91487884521484
2004-02-18,76.57723999023438
2004-02-19,76.29254150390625
2004-02-20,76.06079864501953
2004-02-23,75.86878967285156
2004-02-24,75.73637390136719
2004-02-25,76.0541763305664
2004-02-26,76.10052490234375
2004-02-27,76.15348815917969
2004-03-01,76.90827178955078
2004-03-02,76.45804595947266
2004-03-03,76.59705352783203
2004-03-04,76.79570007324219
2004-03-05,77.05390167236328
2004-03-08,76.1137466430664
2004-03-09,75.8091812133789
2004-03-10,74.5379638671875
2004-03-11,73.57136535644531
2004-03-12,74.5379638671875
2004-03-15,73.62427520751953
2004-03-16,74.01490783691406
2004-03-17,74.842529296875
2004-03-18,74.86243438720703
2004-03-19,73.7894058227539
2004-03-22,72.85253143310547
2004-03-23,72.72630310058594
2004-03-24,72.78614807128906
2004-03-25,73.74952697753906
2004-03-26,73.76944732666016
2004-03-29,74.80595397949219
2004-03-30,75.05841827392578
2004-03-31,75.14482116699219
2004-04-01,75.59658813476562
2004-04-02,76.16796875
2004-04-05,76.58654022216797
2004-04-06,76.3407211303711
2004-04-07,76.16136169433594
2004-04-08,75.98858642578125
2004-04-12,76.28758239746094
2004-04-13,75.21785736083984
2004-04-14,75.33745574951172
2004-04-15,75.05176544189453
2004-04-16,75.62979125976562
2004-04-19,75.62979125976562
2004-04-20,74.36077880859375
2004-04-21,74.85909271240234
2004-04-22,75.90885925292969
2004-04-23,75.9819107055664
2004-04-26,75.8756332397461
2004-04-27,75.94207763671875
2004-04-28,74.95873260498047
2004-04-29,74.30099487304688
2004-04-30,73.72293853759766
2004-05-03,74.51361846923828
2004-05-04,74.45381164550781
2004-05-05,74.93216705322266
2004-05-06,74.28768157958984
2004-05-07,73.05856323242188
2004-05-10,72.30777740478516
2004-05-11,72.91900634765625
2004-05-12,73.38407897949219
2004-05-13,73.07844543457031
2004-05-14,73.1117172241211
2004-05-17,72.48712921142578
2004-05-18,72.85253143310547
2004-05-19,72.60009002685547
2004-05-20,72.83263397216797
2004-05-21,72.95887756347656
2004-05-24,73.26453399658203
2004-05-25,74.31424713134766
2004-05-26,74.5733871459961
2004-05-27,74.99195861816406
2004-05-28,74.9853286743164
2004-06-01,74.88568115234375
2004-06-02,75.16470336914062
2004-06-03,74.47373962402344
2004-06-04,75.0650405883789
2004-06-07,76.20780944824219
2004-06-08,76.31414031982422
2004-06-09,75.60322570800781
2004-06-10,75.97529602050781
2004-06-14,75.22453308105469
2004-06-15,75.75601959228516
2004-06-16,75.74278259277344
2004-06-17,75.62979125976562
2004-06-18,75.77249908447266
2004-06-21,75.48577880859375
2004-06-22,75.86589050292969
2004-06-23,76.51937103271484
2004-06-24,76.279296875
2004-06-25,75.91252136230469
2004-06-28,75.6524658203125
2004-06-29,75.96590423583984
2004-06-30,76.37264251708984
2004-07-01,75.3123779296875
2004-07-02,75.27236938476562
2004-07-06,74.61221313476562
2004-07-07,74.8322525024414
2004-07-08,74.31211853027344
2004-07-09,74.50553131103516
2004-07-12,74.53887176513672
2004-07-13,74.59220886230469
2004-07-14,74.36550903320312
2004-07-15,73.8853530883789
2004-07-16,73.82537078857422
2004-07-19,73.51197052001953
2004-07-20,74.44550323486328
2004-07-21,73.07183837890625
2004-07-22,73.27185821533203
2004-07-23,72.65840911865234
2004-07-26,72.51834869384766
2004-07-27,73.1985092163086
2004-07-28,73.41854858398438
2004-07-29,73.73199462890625
2004-07-30,73.91203308105469
2004-08-02,74.06541442871094
2004-08-03,73.491943359375
2004-08-04,73.48528289794922
2004-08-05,72.28495788574219
2004-08-06,71.25135803222656
2004-08-09,71.35136413574219
2004-08-10,72.27165222167969
2004-08-11,72.12493133544922
2004-08-12,71.33805084228516
2004-08-13,71.47811889648438
2004-08-16,72.21825408935547
2004-08-17,72.62503051757812
2004-08-18,73.37191772460938
2004-08-19,73.15850830078125
2004-08-20,73.67198944091797
2004-08-23,73.48528289794922
2004-08-24,73.58528137207031
2004-08-25,74.08541870117188
2004-08-26,74.08541870117188
2004-08-27,74.31880950927734
2004-08-30,73.70533752441406
2004-08-31,74.09207153320312
2004-09-01,74.2320785522461
2004-09-02,75.07231903076172
2004-09-03,74.76558685302734
2004-09-07,75.25902557373047
2004-09-08,75.07231903076172
2004-09-09,75.0056381225586
2004-09-10,75.39238739013672
2004-09-13,75.63912200927734
2004-09-14,75.7925033569336
2004-09-15,75.21903991699219
2004-09-16,75.44577026367188
2004-09-17,75.76649475097656
2004-09-20,75.31117248535156
2004-09-21,75.63927459716797
2004-09-22,74.69512176513672
2004-09-23,74.29338073730469
2004-09-24,74.6348648071289
2004-09-27,74.15943908691406
2004-09-28,74.51433563232422
2004-09-29,74.88929748535156
2004-09-30,74.83573913574219
2004-10-01,76.10130310058594
2004-10-04,76.22854614257812
2004-10-05,76.26866149902344
2004-10-06,76.79102325439453
2004-10-07,75.96739196777344
2004-10-08,75.33795928955078
2004-10-11,75.64595794677734
2004-10-12,75.35132598876953
2004-10-13,74.68843078613281
2004-10-14,74.08576965332031
2004-10-15,74.50092315673828
2004-10-18,74.78215789794922
2004-10-19,74.15275573730469
2004-10-20,74.00543212890625
2004-10-21,74.48755645751953
2004-10-22,73.6505355834961
2004-10-25,73.5634765625
2004-10-26,74.68843078613281
2004-10-27,75.58567810058594
2004-10-28,75.81339263916016
2004-10-29,75.79999542236328
2004-11-01,76.00756072998047
2004-11-02,76.03437805175781
2004-11-03,76.99188995361328
2004-11-04,78.04318237304688
2004-11-05,78.53199005126953
2004-11-08,78.41820526123047
2004-11-09,78.26416778564453
2004-11-10,78.32443237304688
2004-11-11,78.92037963867188
2004-11-12,79.54312133789062
2004-11-15,79.73858642578125
2004-11-16,79.16768646240234
2004-11-17,79.63783264160156
2004-11-18,79.74525451660156
2004-11-19,78.85872650146484
2004-11-22,79.23485565185547
2004-11-23,79.35574340820312
2004-11-24,79.54381561279297
2004-11-26,79.48332977294922
2004-11-29,79.12068939208984
2004-11-30,79.17439270019531
2004-12-01,80.07435607910156
2004-12-02,80.14149475097656
2004-12-03,80.0877685546875
2004-12-06,80.06090545654297
2004-12-07,79.31543731689453
2004-12-08,79.77885437011719
2004-12-09,80.06090545654297
2004-12-10,80.14149475097656
2004-12-13,80.83992767333984
2004-12-14,81.12203979492188
2004-12-15,81.18246459960938
2004-12-16,81.1354751586914
2004-12-17,80.59428405761719
2004-12-20,80.61455535888672
2004-12-21,81.23532104492188
2004-12-22,81.43102264404297
2004-12-23,81.49170684814453
2004-12-27,81.32308197021484
2004-12-28,81.76838684082031
2004-12-29,81.88983917236328
2004-12-30,81.73465728759766
2004-12-31,81.55921936035156
2005-01-03,81.17461395263672
2005-01-04,80.18270111083984
2005-01-05,79.62938690185547
2005-01-06,80.0342788696289
2005-01-07,79.91954803466797
2005-01-10,80.29740142822266
2005-01-11,79.74408721923828
2005-01-12,80.00725555419922
2005-01-13,79.36624145507812
2005-01-14,79.78457641601562
2005-01-18,80.61455535888672
2005-01-19,79.7710952758789
2005-01-20,79.28524017333984
2005-01-21,78.79940032958984
2005-01-24,78.64421081542969
2005-01-25,78.86688995361328
2005-01-26,79.10306549072266
2005-01-27,79.23802185058594
2005-01-28,79.23802185058594
2005-01-31,79.73057556152344
2005-02-01,80.2366714477539
2005-02-02,80.47958374023438
2005-02-03,80.27043914794922
2005-02-04,81.12738037109375
2005-02-07,81.01940155029297
2005-02-08,81.11390686035156
2005-02-09,80.5065689086914
2005-02-10,80.79673767089844
2005-02-11,81.49170684814453
2005-02-14,81.43102264404297
2005-02-15,81.73465728759766
2005-02-16,81.78865051269531
2005-02-17,81.12738037109375
2005-02-18,81.23532104492188
2005-02-22,80.02750396728516
2005-02-23,80.6010513305664
2005-02-24,81.1341323852539
2005-02-25,81.93710327148438
2005-02-28,81.39727020263672
2005-03-01,81.80213165283203
2005-03-02,81.76165008544922
2005-03-03,81.79537200927734
2005-03-04,82.81429290771484
2005-03-07,82.8547592163086
2005-03-08,82.54442596435547
2005-03-09,81.62672424316406
2005-03-10,81.80890655517578
2005-03-11,81.23532104492188
2005-03-14,81.74139404296875
2005-03-15,81.06666564941406
2005-03-16,80.37837982177734
2005-03-17,80.54031372070312
2005-03-18,80.30119323730469
2005-03-21,80.00313568115234
2005-03-22,79.19023132324219
2005-03-23,79.25798034667969
2005-03-24,79.3528060913086
2005-03-28,79.46796417236328
2005-03-29,78.93959045410156
2005-03-30,80.05729675292969
2005-03-31,79.90829467773438
2005-04-01,79.54928588867188
2005-04-04,79.6847152709961
2005-04-05,80.06410217285156
2005-04-06,80.34184265136719
2005-04-07,80.775390625
2005-04-08,79.93535614013672
2005-04-11,79.9963607788086
2005-04-12,80.4095687866211
2005-04-13,79.46122741699219
2005-04-14,78.42474365234375
2005-04-15,77.32733917236328
2005-04-18,77.56440734863281
2005-04-19,78.18087768554688
2005-04-20,77.0902099609375
2005-04-21,78.58731842041016
2005-04-22,78.28927612304688
2005-04-25,78.80408477783203
2005-04-26,78.0385971069336
2005-04-27,78.34347534179688
2005-04-28,77.36121368408203
2005-04-29,78.41120910644531
2005-05-02,78.8515396118164
2005-05-03,78.98699188232422
2005-05-04,79.59664916992188
2005-05-05,79.5696029663086
2005-05-06,79.3189468383789
2005-05-09,79.81346893310547
2005-05-10,78.98699188232422
2005-05-11,79.4205322265625
2005-05-12,78.54667663574219
2005-05-13,78.39086151123047
2005-05-16,79.12249755859375
2005-05-17,79.65089416503906
2005-05-18,80.47055053710938
2005-05-19,80.80928039550781
2005-05-20,80.6941146850586
2005-05-23,81.14115905761719
2005-05-24,80.95149230957031
2005-05-25,80.89053344726562
2005-05-26,81.3240966796875
2005-05-27,81.45955657958984
2005-05-31,80.9379653930664
2005-06-01,81.62894439697266
2005-06-02,81.8050765991211
2005-06-03,81.39183044433594
2005-06-06,81.31732177734375
2005-06-07,81.37828063964844
2005-06-08,81.2292709350586
2005-06-09,81.61538696289062
2005-06-10,81.42569732666016
2005-06-13,81.68311309814453
2005-06-14,81.87281799316406
2005-06-15,82.02857208251953
2005-06-16,82.23860931396484
2005-06-17,82.5433120727539
2005-06-20,82.5705337524414
2005-06-21,82.61809539794922
2005-06-22,82.68614959716797
2005-06-23,81.52310943603516
2005-06-24,80.92457580566406
2005-06-27,81.04020690917969
2005-06-28,81.72032928466797
2005-06-29,81.50269317626953
2005-06-30,81.06060028076172
2005-07-01,81.29863739013672
2005-07-05,81.95157623291016
2005-07-06,81.26463317871094
2005-07-07,81.58428955078125
2005-07-08,82.51612091064453
2005-07-11,82.93779754638672
2005-07-12,83.15544128417969
2005-07-13,83.27108764648438
2005-07-14,83.59757232666016
2005-07-15,83.54994201660156
2005-07-18,83.2166748046875
2005-07-19,83.67240142822266
2005-07-20,83.95804595947266
2005-07-21,83.46832275390625
2005-07-22,84.02601623535156
2005-07-25,83.7879867553711
2005-07-26,83.88999938964844
2005-07-27,84.19609832763672
2005-07-28,84.72660064697266
2005-07-29,84.16207885742188
2005-08-01,84.10086059570312
2005-08-02,84.60415649414062
2005-08-03,84.82865905761719
2005-08-04,84.14848327636719
2005-08-05,83.5771484375
2005-08-08,83.42070007324219
2005-08-09,83.92401123046875
2005-08-10,83.8832015991211
2005-08-11,84.2165298461914
2005-08-12,83.6995620727539
2005-08-15,84.2165298461914
2005-08-16,83.12144470214844
2005-08-17,83.11463165283203
2005-08-18,83.10784149169922
2005-08-19,83.29824829101562
2005-08-22,83.29824829101562
2005-08-23,83.141845703125
2005-08-24,82.40052795410156
2005-08-25,82.6997299194336
2005-08-26,82.13521575927734
2005-08-29,82.76775360107422
2005-08-30,82.33244323730469
2005-08-31,83.37311553955078
2005-09-01,83.3118667602539
2005-09-02,83.16222381591797
2005-09-06,84.1348876953125
2005-09-07,84.27771759033203
2005-09-08,83.99886322021484
2005-09-09,84.74700927734375
2005-09-12,84.57697296142578
2005-09-13,84.10770416259766
2005-09-14,83.80160522460938
2005-09-15,83.76080322265625
2005-09-16,84.35643005371094
2005-09-19,84.07637786865234
2005-09-20,83.36597442626953
2005-09-21,82.58729553222656
2005-09-22,82.8810043334961
2005-09-23,82.94932556152344
2005-09-26,83.04496002197266
2005-09-27,83.02446746826172
2005-09-28,83.10639953613281
2005-09-29,83.78265380859375
2005-09-30,84.04219818115234
2005-10-03,83.74170684814453
2005-10-04,82.79906463623047
2005-10-05,81.71302032470703
2005-10-06,81.4193115234375
2005-10-07,81.69932556152344
2005-10-10,81.00946807861328
2005-10-11,80.89334869384766
2005-10-12,80.25811004638672
2005-10-13,80.21029663085938
2005-10-14,81.05726623535156
2005-10-17,81.35783386230469
2005-10-18,80.47667694091797
2005-10-19,81.81546020507812
2005-10-20,80.37423706054688
2005-10-21,80.68844604492188
2005-10-24,81.93843841552734
2005-10-25,81.77445220947266
2005-10-26,81.5354232788086
2005-10-27,80.6679458618164
2005-10-28,81.82916259765625
2005-10-31,82.0545425415039
2005-11-01,82.3004379272461
2005-11-02,83.1611099243164
2005-11-03,83.5162353515625
2005-11-04,83.40695190429688
2005-11-07,83.48894500732422
2005-11-08,83.48894500732422
2005-11-09,83.59822845458984
2005-11-10,84.24711608886719
2005-11-11,84.53401184082031
2005-11-14,84.48617553710938
2005-11-15,84.1788330078125
2005-11-16,84.34957122802734
2005-11-17,85.13510131835938
2005-11-18,85.46977233886719
2005-11-21,85.90006256103516
2005-11-22,86.26895904541016
2005-11-23,86.76757049560547
2005-11-25,86.83589172363281
2005-11-28,86.22112274169922
2005-11-29,86.12547302246094
2005-11-30,85.66104125976562
2005-12-01,86.53533172607422
2005-12-02,86.64460754394531
2005-12-05,86.46019744873047
2005-12-06,86.62411499023438
2005-12-07,86.11865997314453
2005-12-08,86.06403350830078
2005-12-09,86.28946685791016
2005-12-12,86.37139892578125
2005-12-13,86.9588394165039
2005-12-14,87.30033111572266
2005-12-15,87.047607421875
2005-12-16,86.7674789428711
2005-12-19,86.3211441040039
2005-12-20,86.40353393554688
2005-12-21,86.54083251953125
2005-12-22,86.99405670166016
2005-12-23,87.04212188720703
2005-12-27,86.15631866455078
2005-12-28,86.34854888916016
2005-12-29,85.96406555175781
2005-12-30,85.49713134765625
2006-01-03,87.00093841552734
2006-01-04,87.41291046142578
2006-01-05,87.46784210205078
2006-01-06,88.19573974609375
2006-01-09,88.4223403930664
2006-01-10,88.51156616210938
2006-01-11,88.79313659667969
2006-01-12,88.44293975830078
2006-01-13,88.36051177978516
2006-01-17,88.12016296386719
2006-01-18,87.77001953125
2006-01-19,88.10647583007812
2006-01-20,86.49967956542969
2006-01-23,86.80862426757812
2006-01-24,86.89793395996094
2006-01-25,86.97347259521484
2006-01-26,87.45409393310547
2006-01-27,88.26441192626953
2006-01-30,88.19573974609375
2006-01-31,87.55025482177734
2006-02-01,88.16139221191406
2006-02-02,87.13825988769531
2006-02-03,86.70565795898438
2006-02-06,86.93226623535156
2006-02-07,86.16320037841797
2006-02-08,86.94599151611328
2006-02-09,86.80180358886719
2006-02-10,86.959716796875
2006-02-13,86.80180358886719
2006-02-14,87.72189331054688
2006-02-15,88.03093719482422
2006-02-16,88.69010925292969
2006-02-17,88.44979095458984
2006-02-21,88.23004150390625
2006-02-22,88.76566314697266
2006-02-23,88.63519287109375
2006-02-24,88.86180114746094
2006-02-27,88.89614868164062
2006-02-28,88.0515365600586
2006-03-01,88.83431243896484
2006-03-02,88.82746887207031
2006-03-03,88.41543579101562
2006-03-06,88.01031494140625
2006-03-07,87.87297058105469
2006-03-08,88.05838775634766
2006-03-09,87.46784210205078
2006-03-10,88.29871368408203
2006-03-13,88.4635238647461
2006-03-14,89.39051055908203
2006-03-15,89.78882598876953
2006-03-16,89.97418975830078
2006-03-17,90.04934692382812
2006-03-20,89.9045181274414
2006-03-21,89.33926391601562
2006-03-22,89.8838882446289
2006-03-23,89.69774627685547
2006-03-24,89.76667785644531
2006-03-27,89.63571166992188
2006-03-28,89.08419036865234
2006-03-29,89.642578125
2006-03-30,89.48402404785156
2006-03-31,89.50469970703125
2006-04-03,89.43575286865234
2006-04-04,90.00797271728516
2006-04-05,90.31818389892578
2006-04-06,90.22169494628906
2006-04-07,89.30476379394531
2006-04-10,89.44265747070312
2006-04-11,88.68434143066406
2006-04-12,88.84977722167969
2006-04-13,88.73260498046875
2006-04-17,88.69812774658203
2006-04-18,90.10448455810547
2006-04-19,90.27681732177734
2006-04-20,90.40095520019531
2006-04-21,90.41471862792969
2006-04-24,90.24928283691406
2006-04-25,89.8769760131836
2006-04-26,89.89766693115234
2006-04-27,90.33198547363281
2006-04-28,90.6353530883789
2006-05-01,89.89766693115234
2006-05-02,90.57328796386719
2006-05-03,90.23546600341797
2006-05-04,90.55949401855469
2006-05-05,91.35922241210938
2006-05-08,91.24889373779297
2006-05-09,91.42817687988281
2006-05-10,91.37989044189453
2006-05-11,90.27681732177734
2006-05-12,89.09797668457031
2006-05-15,89.2772216796875
2006-05-16,89.146240234375
2006-05-17,87.45027160644531
2006-05-18,87.00909423828125
2006-05-19,87.6226577758789
2006-05-22,86.95391845703125
2006-05-23,86.29214477539062
2006-05-24,86.98148345947266
2006-05-25,88.05695343017578
2006-05-26,88.50507354736328
2006-05-30,86.9332504272461
2006-05-31,87.90531921386719
2006-06-01,88.74637603759766
2006-06-02,88.93251037597656
2006-06-05,87.63642883300781
2006-06-06,87.42269134521484
2006-06-07,86.7677993774414
2006-06-08,86.6919174194336
2006-06-09,86.41622161865234
2006-06-12,85.4786148071289
2006-06-13,84.48587799072266
2006-06-14,85.14082336425781
2006-06-15,86.94705963134766
2006-06-16,86.31343841552734
2006-06-19,85.63484954833984
2006-06-20,85.92569732666016
2006-06-21,86.5627212524414
2006-06-22,86.18186950683594
2006-06-23,86.16802215576172
2006-06-26,86.54887390136719
2006-06-27,85.80103302001953
2006-06-28,86.38270568847656
2006-06-29,88.12764739990234
2006-06-30,88.13460540771484
2006-07-03,88.49465942382812
2006-07-05,87.98916625976562
2006-07-06,88.2453842163086
2006-07-07,87.6706314086914
2006-07-10,87.83683013916016
2006-07-11,88.2246322631836
2006-07-12,87.28286743164062
2006-07-13,85.8633804321289
2006-07-14,85.53099822998047
2006-07-17,85.40632629394531
2006-07-18,85.84259796142578
2006-07-19,87.03361511230469
2006-07-20,86.4381103515625
2006-07-21,85.82875061035156
2006-07-24,87.39368438720703
2006-07-25,87.70527648925781
2006-07-26,87.8229751586914
2006-07-27,87.7398910522461
2006-07-28,88.61930847167969
2006-07-31,88.52926635742188
2006-08-01,88.0930404663086
2006-08-02,88.68854522705078
2006-08-03,88.92396545410156
2006-08-04,88.77163696289062
2006-08-07,88.56391906738281
2006-08-08,88.2246322631836
2006-08-09,87.92682647705078
2006-08-10,88.1968994140625
2006-08-11,87.9476318359375
2006-08-14,88.0168685913086
2006-08-15,89.06939697265625
2006-08-16,89.81031036376953
2006-08-17,90.03882598876953
2006-08-18,90.4958267211914
2006-08-21,90.10802459716797
2006-08-22,90.10114288330078
2006-08-23,89.85185241699219
2006-08-24,89.77568054199219
2006-08-25,89.88645935058594
2006-08-28,90.3157730102539
2006-08-29,90.419677734375
2006-08-30,90.47504425048828
2006-08-31,90.46118927001953
2006-09-01,91.00135040283203
2006-09-05,91.17439270019531
2006-09-06,90.37117767333984
2006-09-07,89.95570373535156
2006-09-08,90.21190643310547
2006-09-11,90.30192565917969
2006-09-12,91.1882553100586
2006-09-13,91.55530548095703
2006-09-14,91.56218719482422
2006-09-15,91.77713012695312
2006-09-18,91.90228271484375
2006-09-19,91.67278289794922
2006-09-20,92.15962219238281
2006-09-21,91.71451568603516
2006-09-22,91.43633270263672
2006-09-25,92.13874816894531
2006-09-26,92.90380859375
2006-09-27,93.0151138305664
2006-09-28,92.98033142089844
2006-09-29,92.90380859375
2006-10-02,92.55604553222656
2006-10-03,92.75080108642578
2006-10-04,93.83572387695312
2006-10-05,94.01658630371094
2006-10-06,93.89835357666016
2006-10-09,93.95401000976562
2006-10-10,94.0792007446289
2006-10-11,93.9678955078125
2006-10-12,94.78162384033203
2006-10-13,95.02505493164062
2006-10-16,95.1711196899414
2006-10-17,94.87205505371094
2006-10-18,94.99722290039062
2006-10-19,95.1502456665039
2006-10-20,95.1711196899414
2006-10-23,95.60926818847656
2006-10-24,95.89437866210938
2006-10-25,96.22128295898438
2006-10-26,96.5203857421875
2006-10-27,95.91529846191406
2006-10-30,95.84575653076172
2006-10-31,95.83180236816406
2006-11-01,95.18500518798828
2006-11-02,95.12940979003906
2006-11-03,94.96245574951172
2006-11-06,96.0335464477539
2006-11-07,96.40211486816406
2006-11-08,96.61074829101562
2006-11-09,96.10304260253906
2006-11-10,96.14478302001953
2006-11-13,96.38128662109375
2006-11-14,97.10454559326172
2006-11-15,97.38282775878906
2006-11-16,97.63314056396484
2006-11-17,97.66094970703125
2006-11-20,97.71661376953125
2006-11-21,97.81395721435547
2006-11-22,98.0086898803711
2006-11-24,97.61228942871094
2006-11-27,96.26998138427734
2006-11-28,96.68727111816406
2006-11-29,97.69573974609375
2006-11-30,97.73747253417969
2006-12-01,97.52190399169922
2006-12-04,98.26602935791016
2006-12-05,98.6902847290039
2006-12-06,98.60684204101562
2006-12-07,98.17559051513672
2006-12-08,98.3564682006836
2006-12-11,98.64160919189453
2006-12-12,98.5650634765625
2006-12-13,98.6694107055664
2006-12-14,99.5387954711914
2006-12-15,99.54783630371094
2006-12-18,99.27510070800781
2006-12-19,99.46397399902344
2006-12-20,99.40802764892578
2006-12-21,99.04434204101562
2006-12-22,98.43588256835938
2006-12-26,99.01638793945312
2006-12-27,99.66680908203125
2006-12-28,99.45694732666016
2006-12-29,99.04434204101562
2007-01-03,98.86947631835938
2007-01-04,99.07931518554688
2007-01-05,98.28900146484375
2007-01-08,98.74362182617188
2007-01-09,98.65966033935547
2007-01-10,98.98843383789062
2007-01-11,99.42198944091797
2007-01-12,100.17736053466797
2007-01-16,99.98151397705078
2007-01-17,100.02340698242188
2007-01-18,99.68778991699219
2007-01-19,99.88356018066406
2007-01-22,99.57586669921875
2007-01-23,99.86957550048828
2007-01-24,100.67385864257812
2007-01-25,99.49195861816406
2007-01-26,99.4010238647461
2007-01-29,99.34506225585938
2007-01-30,99.86260986328125
2007-01-31,100.53399658203125
2007-02-01,101.13541412353516
2007-02-02,101.27531433105469
2007-02-05,101.30329895019531
2007-02-06,101.33129119873047
2007-02-07,101.55512237548828
2007-02-08,101.42216491699219
2007-02-09,100.66687774658203
2007-02-12,100.32418060302734
2007-02-13,101.17039489746094
2007-02-14,101.83483123779297
2007-02-15,101.96772003173828
2007-02-16,101.91873168945312
2007-02-20,102.13551330566406
2007-02-21,102.09356689453125
2007-02-22,102.0166244506836
2007-02-23,101.61799621582031
2007-02-26,101.52710723876953
2007-02-27,97.56169891357422
2007-02-28,98.56172943115234
2007-03-01,98.26801300048828
2007-03-02,96.98118591308594
2007-03-05,96.05805969238281
2007-03-06,97.7015609741211
2007-03-07,97.6036148071289
2007-03-08,98.42888641357422
2007-03-09,98.45689392089844
2007-03-12,98.603759765625
2007-03-13,96.68746948242188
2007-03-14,97.40782928466797
2007-03-15,97.54070281982422
2007-03-16,97.267578125
2007-03-19,98.440185546875
2007-03-20,98.98079681396484
2007-03-21,100.60975646972656
2007-03-22,100.53253173828125
2007-03-23,100.67998504638672
2007-03-26,100.54656219482422
2007-03-27,100.30781555175781
2007-03-28,99.57762145996094
2007-03-29,99.68295288085938
2007-03-30,99.70398712158203
2007-04-02,99.81633758544922
2007-04-03,100.89060974121094
2007-04-04,101.00296783447266
2007-04-05,101.27678680419922
2007-04-09,101.4172134399414
2007-04-10,101.53656005859375
2007-04-11,101.12232971191406
2007-04-12,101.57166290283203
2007-04-13,102.03507995605469
2007-04-16,103.00408935546875
2007-04-17,103.27790832519531
2007-04-18,103.404296875
2007-04-19,103.37618255615234
2007-04-20,104.35218048095703
2007-04-23,103.95895385742188
2007-04-24,104.00111389160156
2007-04-25,104.95599365234375
2007-04-26,105.07535552978516
2007-04-27,104.99110412597656
2007-04-30,104.12042999267578
2007-05-01,104.3873062133789
2007-05-02,104.99811553955078
2007-05-03,105.56690216064453
2007-05-04,105.96708679199219
2007-05-07,105.98812866210938
2007-05-08,105.84766387939453
2007-05-09,106.1356430053711
2007-05-10,105.02622985839844
2007-05-11,105.92498016357422
2007-05-14,105.69324493408203
2007-05-15,105.72132110595703
2007-05-16,106.44458770751953
2007-05-17,106.2339096069336
2007-05-18,107.16075134277344
2007-05-21,107.10456848144531
2007-05-22,107.02031707763672
2007-05-23,107.03435516357422
2007-05-24,106.06538391113281
2007-05-25,106.50774383544922
2007-05-29,106.89392852783203
2007-05-30,107.76455688476562
2007-05-31,107.65223693847656
2007-06-01,108.18588256835938
2007-06-04,108.19990539550781
2007-06-05,107.77157592773438
2007-06-06,106.61304473876953
2007-06-07,104.68921661376953
2007-06-08,106.05132293701172
2007-06-11,106.2339096069336
2007-06-12,105.07535552978516
2007-06-13,106.64814758300781
2007-06-14,107.32923889160156
2007-06-15,107.93991088867188
2007-06-18,107.8129653930664
2007-06-19,108.08098602294922
2007-06-20,106.57893371582031
2007-06-21,107.17127227783203
2007-06-22,106.16291809082031
2007-06-25,105.65519714355469
2007-06-26,104.56919860839844
2007-06-27,106.0571517944336
2007-06-28,106.04303741455078
2007-06-29,106.07825469970703
2007-07-02,107.03731536865234
2007-07-03,107.42512512207031
2007-07-05,107.31233215332031
2007-07-06,107.87648010253906
2007-07-09,107.96109771728516
2007-07-10,106.42378997802734
2007-07-11,107.17835998535156
2007-07-12,108.87074279785156
2007-07-13,109.19514465332031
2007-07-16,109.18096923828125
2007-07-17,109.12457275390625
2007-07-18,108.92718505859375
2007-07-19,109.3502197265625
2007-07-20,108.24317932128906
2007-07-23,108.57455444335938
2007-07-24,106.6917953491211
2007-07-25,106.91039276123047
2007-07-26,104.37882232666016
2007-07-27,102.32682800292969
2007-07-30,103.92753601074219
2007-07-31,102.75689697265625
2007-08-01,103.25761413574219
2007-08-02,104.0826416015625
2007-08-03,101.40303039550781
2007-08-06,103.10249328613281
2007-08-07,104.20250701904297
2007-08-08,105.65519714355469
2007-08-09,102.52420043945312
2007-08-10,102.04472351074219
2007-08-13,102.41138458251953
2007-08-14,100.84590148925781
2007-08-15,99.45675659179688
2007-08-16,100.20423889160156
2007-08-17,102.04472351074219
2007-08-20,101.99539947509766
2007-08-21,102.1998519897461
2007-08-22,103.4127197265625
2007-08-23,103.32106018066406
2007-08-24,104.59740447998047
2007-08-27,103.62429809570312
2007-08-28,101.3465805053711
2007-08-29,103.33516693115234
2007-08-30,103.06019592285156
2007-08-31,104.07564544677734
2007-09-04,105.12631225585938
2007-09-05,104.21662139892578
2007-09-06,104.45646667480469
2007-09-07,103.00377655029297
2007-09-10,102.80632019042969
2007-09-11,104.00505828857422
2007-09-12,104.27303314208984
2007-09-13,105.0064468383789
2007-09-14,104.99933624267578
2007-09-17,104.43524169921875
2007-09-18,107.50975036621094
2007-09-19,108.14444732666016
2007-09-20,107.3828353881836
2007-09-21,107.67265319824219
2007-09-24,107.4742431640625
2007-09-25,107.2616958618164
2007-09-26,107.82853698730469
2007-09-27,108.46615600585938
2007-09-28,108.10481262207031
2007-10-01,109.32349395751953
2007-10-02,109.17467498779297
2007-10-03,108.95502471923828
2007-10-04,109.12508392333984
2007-10-05,110.42166900634766
2007-10-08,109.83358764648438
2007-10-09,110.86800384521484
2007-10-10,110.68379211425781
2007-10-11,110.15238189697266
2007-10-12,110.76177215576172
2007-10-15,109.82644653320312
2007-10-16,108.95502471923828
2007-10-17,109.28803253173828
2007-10-18,108.89125061035156
2007-10-19,106.04307556152344
2007-10-22,106.6594467163086
2007-10-23,107.52383422851562
2007-10-24,107.3254623413086
2007-10-25,107.58048248291016
2007-10-26,108.84165954589844
2007-10-29,109.20304107666016
2007-10-30,108.44493865966797
2007-10-31,109.57146453857422
2007-11-01,107.0066146850586
2007-11-02,107.1270751953125
2007-11-05,106.31230926513672
2007-11-06,107.74348449707031
2007-11-07,104.79606628417969
2007-11-08,104.26468658447266
2007-11-09,102.83348846435547
2007-11-12,101.8132553100586
2007-11-13,104.91653442382812
2007-11-14,104.62602996826172
2007-11-15,103.11690521240234
2007-11-16,103.29402923583984
2007-11-19,101.85576629638672
2007-11-20,102.47926330566406
2007-11-21,100.38204956054688
2007-11-23,102.11791229248047
2007-11-26,99.86482238769531
2007-11-27,101.01262664794922
2007-11-28,104.24340057373047
2007-11-29,104.27884674072266
2007-11-30,105.32743072509766
2007-12-03,104.63310241699219
2007-12-04,103.69782257080078
2007-12-05,105.4336929321289
2007-12-06,106.94283294677734
2007-12-07,106.92162322998047
2007-12-10,107.75054931640625
2007-12-11,104.79606628417969
2007-12-12,105.83048248291016
2007-12-13,105.61082458496094
2007-12-14,104.27173614501953
2007-12-17,102.78388214111328
2007-12-18,103.35777282714844
2007-12-19,103.35777282714844
2007-12-20,104.00957489013672
2007-12-21,105.50896453857422
2007-12-24,106.29248046875
2007-12-26,106.5203628540039
2007-12-27,105.18130493164062
2007-12-28,104.91780090332031
2007-12-31,104.14141845703125
2008-01-02,103.22967529296875
2008-01-03,103.17980194091797
2008-01-04,100.65123748779297
2008-01-07,100.5657958984375
2008-01-08,98.94176483154297
2008-01-09,99.98170471191406
2008-01-10,100.63701629638672
2008-01-11,99.82501983642578
2008-01-14,100.62986755371094
2008-01-15,98.41470336914062
2008-01-16,97.567138671875
2008-01-17,95.03853607177734
2008-01-18,94.06272888183594
2008-01-22,93.1082763671875
2008-01-23,95.34481048583984
2008-01-24,96.14968872070312
2008-01-25,94.76072692871094
2008-01-28,96.32775115966797
2008-01-29,96.80499267578125
2008-01-30,96.09269714355469
2008-01-31,97.84490966796875
2008-02-01,99.41898345947266
2008-02-04,98.16541290283203
2008-02-05,95.53714752197266
2008-02-06,94.76786804199219
2008-02-07,95.39464569091797
2008-02-08,94.78215026855469
2008-02-11,95.26646423339844
2008-02-12,96.14968872070312
2008-02-13,97.1325912475586
2008-02-14,96.27792358398438
2008-02-15,96.25651550292969
2008-02-19,96.5271987915039
2008-02-20,96.81208801269531
2008-02-21,96.00724029541016
2008-02-22,96.59841918945312
2008-02-25,97.81639099121094
2008-02-26,98.550048828125
2008-02-27,98.4503173828125
2008-02-28,97.48873138427734
2008-02-29,95.31632232666016
2008-03-03,95.08837890625
2008-03-04,94.72515106201172
2008-03-05,95.32347106933594
2008-03-06,93.3504638671875
2008-03-07,92.38887023925781
2008-03-10,91.17088317871094
2008-03-11,94.44734954833984
2008-03-12,93.56413269042969
2008-03-13,93.77070617675781
2008-03-14,92.3176498413086
2008-03-17,91.38457489013672
2008-03-18,95.18095397949219
2008-03-19,92.82339477539062
2008-03-20,94.54276275634766
2008-03-24,96.43241882324219
2008-03-25,96.5254898071289
2008-03-26,95.34441375732422
2008-03-27,95.04375457763672
2008-03-28,94.13471221923828
2008-03-31,94.4640121459961
2008-04-01,97.7852783203125
2008-04-02,97.84970092773438
2008-04-03,98.09310150146484
2008-04-04,97.98571014404297
2008-04-07,98.03582000732422
2008-04-08,97.93563842773438
2008-04-09,97.22695922851562
2008-04-10,97.36299133300781
2008-04-11,95.4732894897461
2008-04-14,95.15113830566406
2008-04-15,95.3730239868164
2008-04-16,97.95712280273438
2008-04-17,98.10022735595703
2008-04-18,99.12381744384766
2008-04-21,99.17393493652344
2008-04-22,98.73731231689453
2008-04-23,98.57984161376953
2008-04-24,99.00930786132812
2008-04-25,99.92552185058594
2008-04-28,99.94699096679688
2008-04-29,99.55335235595703
2008-04-30,98.96637725830078
2008-05-01,101.01355743408203
2008-05-02,101.2927017211914
2008-05-05,100.80596923828125
2008-05-06,101.67925262451172
2008-05-07,99.86827850341797
2008-05-08,99.61058807373047
2008-05-09,99.42447662353516
2008-05-12,100.54112243652344
2008-05-13,100.55537414550781
2008-05-14,100.76301574707031
2008-05-15,102.0228042602539
2008-05-16,102.11588287353516
2008-05-19,102.39498901367188
2008-05-20,101.564697265625
2008-05-21,99.84679412841797
2008-05-22,99.86112976074219
2008-05-23,98.52256774902344
2008-05-27,99.25267028808594
2008-05-28,99.71080780029297
2008-05-29,100.21184539794922
2008-05-30,100.46237182617188
2008-06-02,99.42447662353516
2008-06-03,98.84467315673828
2008-06-04,98.79457092285156
2008-06-05,100.77019500732422
2008-06-06,97.55623626708984
2008-06-09,97.7924575805664
2008-06-10,97.30567169189453
2008-06-11,95.87407684326172
2008-06-12,96.23915100097656
2008-06-13,97.45602416992188
2008-06-16,97.51326751708984
2008-06-17,97.04084777832031
2008-06-18,96.09600067138672
2008-06-19,96.2176742553711
2008-06-20,94.6559066772461
2008-06-23,94.5623779296875
2008-06-24,94.37531280517578
2008-06-25,94.82135009765625
2008-06-26,92.24597930908203
2008-06-27,91.74241638183594
2008-06-30,92.066162109375
2008-07-01,92.35389709472656
2008-07-02,90.77125549316406
2008-07-03,90.86479187011719
2008-07-07,89.93681335449219
2008-07-08,91.5338134765625
2008-07-09,89.7713394165039
2008-07-10,90.13821411132812
2008-07-11,89.08792877197266
2008-07-14,88.28223419189453
2008-07-15,87.03771209716797
2008-07-16,89.17424774169922
2008-07-17,90.06624603271484
2008-07-18,90.62738800048828
2008-07-21,90.6777572631836
2008-07-22,91.70645904541016
2008-07-23,92.20283508300781
2008-07-24,90.28929138183594
2008-07-25,90.2677230834961
2008-07-28,88.94403839111328
2008-07-29,90.84320068359375
2008-07-30,92.4617919921875
2008-07-31,91.23885345458984
2008-08-01,90.75688934326172
2008-08-04,89.9151840209961
2008-08-05,92.33949279785156
2008-08-06,92.74956512451172
2008-08-07,91.36835479736328
2008-08-08,93.06609344482422
2008-08-11,94.03008270263672
2008-08-12,93.05170440673828
2008-08-13,92.49054718017578
2008-08-14,93.18836975097656
2008-08-15,93.64159393310547
2008-08-18,92.36109161376953
2008-08-19,91.35395050048828
2008-08-20,91.77839660644531
2008-08-21,91.9366683959961
2008-08-22,93.26750946044922
2008-08-25,91.37554168701172
2008-08-26,91.64170837402344
2008-08-27,92.53376007080078
2008-08-28,93.65595245361328
2008-08-29,92.64886474609375
2008-09-02,92.07333374023438
2008-09-03,91.99420166015625
2008-09-04,89.2245864868164
2008-09-05,89.50513458251953
2008-09-08,91.35395050048828
2008-09-09,88.64192199707031
2008-09-10,89.0015869140625
2008-09-11,90.28929138183594
2008-09-12,90.70655822753906
2008-09-15,86.39022827148438
2008-09-16,87.83621215820312
2008-09-17,83.88687133789062
2008-09-18,86.37586212158203
2008-09-19,89.80618286132812
2008-09-22,87.77304077148438
2008-09-23,85.77603149414062
2008-09-24,86.05097961425781
2008-09-25,87.39678192138672
2008-09-26,87.44019317626953
2008-09-29,80.58822631835938
2008-09-30,83.92378234863281
2008-10-01,83.97441864013672
2008-10-02,80.92831420898438
2008-10-03,79.83576202392578
2008-10-06,75.76945495605469
2008-10-07,72.37600708007812
2008-10-08,70.55267333984375
2008-10-09,65.62535095214844
2008-10-10,64.03356170654297
2008-10-13,73.33108520507812
2008-10-14,72.24583435058594
2008-10-15,65.13336181640625
2008-10-16,67.84661865234375
2008-10-17,67.44145202636719
2008-10-20,71.49329376220703
2008-10-21,69.35882568359375
2008-10-22,65.58194732666016
2008-10-23,66.34168243408203
2008-10-24,62.9771842956543
2008-10-27,60.741451263427734
2008-10-28,67.8393783569336
2008-10-29,67.34738159179688
2008-10-30,69.67719268798828
2008-10-31,70.06067657470703
2008-11-03,70.26329803466797
2008-11-04,72.65097045898438
2008-11-05,69.59759521484375
2008-11-06,65.74113464355469
2008-11-07,67.9117660522461
2008-11-10,67.02178955078125
2008-11-11,64.95246124267578
2008-11-12,62.094505310058594
2008-11-13,65.96544647216797
2008-11-14,62.673316955566406
2008-11-17,61.841217041015625
2008-11-18,63.006160736083984
2008-11-19,58.96876907348633
2008-11-20,54.59132385253906
2008-11-21,57.53614807128906
2008-11-24,61.522891998291016
2008-11-25,61.97869110107422
2008-11-26,64.37362670898438
2008-11-28,65.18399810791016
2008-12-01,59.4101448059082
2008-12-02,61.696529388427734
2008-12-03,63.17977523803711
2008-12-04,61.71824645996094
2008-12-05,63.62115478515625
2008-12-08,65.84243774414062
2008-12-09,64.75711822509766
2008-12-10,65.198486328125
2008-12-11,63.62837219238281
2008-12-12,64.3880844116211
2008-12-15,63.49087142944336
2008-12-16,66.47911834716797
2008-12-17,65.83517456054688
2008-12-18,64.60515594482422
2008-12-19,64.32725524902344
2008-12-22,63.502994537353516
2008-12-23,62.846553802490234
2008-12-24,63.211246490478516
2008-12-26,63.575984954833984
2008-12-29,63.39360809326172
2008-12-30,64.89618682861328
2008-12-31,65.82257843017578
2009-01-02,67.80658721923828
2009-01-05,67.72633361816406
2009-01-06,68.1786117553711
2009-01-07,66.13619995117188
2009-01-08,66.40608215332031
2009-01-09,64.98370361328125
2009-01-12,63.42277908325195
2009-01-13,63.53948211669922
2009-01-14,61.540889739990234
2009-01-15,61.56277084350586
2009-01-16,62.04417419433594
2009-01-20,58.76912307739258
2009-01-21,61.30744171142578
2009-01-22,60.35923767089844
2009-01-23,60.62181091308594
2009-01-26,61.03759765625
2009-01-27,61.65760803222656
2009-01-28,63.74374771118164
2009-01-29,61.672176361083984
2009-01-30,60.41756057739258
2009-02-02,60.2352294921875
2009-02-03,61.08137130737305
2009-02-04,60.78229904174805
2009-02-05,61.68674087524414
2009-02-06,63.44467544555664
2009-02-09,63.53218460083008
2009-02-10,60.62181091308594
2009-02-11,60.97922897338867
2009-02-12,61.02300262451172
2009-02-13,60.36652755737305
2009-02-17,57.78438186645508
2009-02-18,57.64581298828125
2009-02-19,57.02579116821289
2009-02-20,56.4714241027832
2009-02-23,54.45097351074219
2009-02-24,56.51520538330078
2009-02-25,56.07024383544922
2009-02-26,55.15850830078125
2009-02-27,53.92575454711914
2009-03-02,51.496829986572266
2009-03-03,51.1102409362793
2009-03-04,52.32106018066406
2009-03-05,50.183876037597656
2009-03-06,50.27139663696289
2009-03-09,49.680572509765625
2009-03-10,52.64200210571289
2009-03-11,52.984825134277344
2009-03-12,55.07096481323242
2009-03-13,55.501319885253906
2009-03-16,55.333560943603516
2009-03-17,57.02579116821289
2009-03-18,58.30228805541992
2009-03-19,57.580142974853516
2009-03-20,56.354026794433594
2009-03-23,60.40190505981445
2009-03-24,59.2117919921875
2009-03-25,59.83620071411133
2009-03-26,61.05571365356445
2009-03-27,59.95375061035156
2009-03-30,57.8820915222168
2009-03-31,58.418373107910156
2009-04-01,59.549705505371094
2009-04-02,61.29083251953125
2009-04-03,61.90059280395508
2009-04-06,61.41569137573242
2009-04-07,59.98316955566406
2009-04-08,60.62965393066406
2009-04-09,63.039241790771484
2009-04-13,63.053924560546875
2009-04-14,61.96669387817383
2009-04-15,62.62786865234375
2009-04-16,63.54611587524414
2009-04-17,63.97225570678711
2009-04-20,61.29083251953125
2009-04-21,62.488250732421875
2009-04-22,62.106231689453125
2009-04-23,62.715999603271484
2009-04-24,63.66367721557617
2009-04-27,63.0612907409668
2009-04-28,62.862937927246094
2009-04-29,64.19998168945312
2009-04-30,64.22200775146484
2009-05-01,64.56730651855469
2009-05-04,66.76383972167969
2009-05-05,66.53611755371094
2009-05-06,67.68948364257812
2009-05-07,66.74916076660156
2009-05-08,68.30659484863281
2009-05-11,67.0283203125
2009-05-12,66.82994842529297
2009-05-13,65.14765930175781
2009-05-14,65.70599365234375
2009-05-15,65.16969299316406
2009-05-18,67.0209732055664
2009-05-19,66.94015502929688
2009-05-20,66.49203491210938
2009-05-21,65.53701782226562
2009-05-22,65.39742279052734
2009-05-26,67.07239532470703
2009-05-27,65.87494659423828
2009-05-28,66.79325103759766
2009-05-29,67.97600555419922
2009-06-01,69.62158966064453
2009-06-02,69.68036651611328
2009-06-03,68.79882049560547
2009-06-04,69.44525909423828
2009-06-05,69.45996856689453
2009-06-08,69.1734848022461
2009-06-09,69.52611541748047
2009-06-10,69.34981536865234
2009-06-11,69.6583480834961
2009-06-12,69.84932708740234
2009-06-15,68.24781036376953
2009-06-16,67.32217407226562
2009-06-17,67.25607299804688
2009-06-18,67.74824523925781
2009-06-19,67.99799346923828
2009-06-22,65.95891571044922
2009-06-23,66.01068878173828
2009-06-24,66.57950592041016
2009-06-25,68.02753448486328
2009-06-26,67.8502197265625
2009-06-29,68.48556518554688
2009-06-30,67.93151092529297
2009-07-01,68.21223449707031
2009-07-02,66.3504867553711
2009-07-06,66.34310150146484
2009-07-07,65.05760192871094
2009-07-08,65.01329803466797
2009-07-09,65.13887023925781
2009-07-10,64.98371124267578
2009-07-13,66.56472778320312
2009-07-14,66.9415283203125
2009-07-15,68.8992919921875
2009-07-16,68.78849792480469
2009-07-17,69.54203033447266
2009-07-20,70.28079223632812
2009-07-21,70.60591888427734
2009-07-22,70.59114074707031
2009-07-23,72.14994812011719
2009-07-24,72.44548034667969
2009-07-27,72.65972137451172
2009-07-28,72.31991577148438
2009-07-29,72.142578125
2009-07-30,72.89616394042969
2009-07-31,72.99959564208984
2009-08-03,74.20381164550781
2009-08-04,74.3958740234375
2009-08-05,74.181640625
2009-08-06,73.7974624633789
2009-08-07,74.76526641845703
2009-08-10,74.61014556884766
2009-08-11,73.67925262451172
2009-08-12,74.46977233886719
2009-08-13,75.03863525390625
2009-08-14,74.46237182617188
2009-08-17,72.63018035888672
2009-08-18,73.20645904541016
2009-08-19,73.84920501708984
2009-08-20,74.61014556884766
2009-08-21,76.07292938232422
2009-08-24,76.06553649902344
2009-08-25,76.21329498291016
2009-08-26,76.2206802368164
2009-08-27,76.3906021118164
2009-08-28,76.3758316040039
2009-08-31,75.69612884521484
2009-09-01,74.0264892578125
2009-09-02,73.74573516845703
2009-09-03,74.35894012451172
2009-09-04,75.40066528320312
2009-09-08,76.0507583618164
2009-09-09,76.63441467285156
2009-09-10,77.41754150390625
2009-09-11,77.40274047851562
2009-09-14,77.7795181274414
2009-09-15,78.1046142578125
2009-09-16,79.28665161132812
2009-09-17,79.16845703125
2009-09-18,79.21892547607422
2009-09-21,79.0185317993164
2009-09-22,79.47872161865234
2009-09-23,78.81806182861328
2009-09-24,77.94960021972656
2009-09-25,77.53389739990234
2009-09-28,78.9220199584961
2009-09-29,78.68447875976562
2009-09-30,78.38013458251953
2009-10-01,76.43528747558594
2009-10-02,76.0789794921875
2009-10-05,77.21469116210938
2009-10-06,78.32071685791016
2009-10-07,78.5360336303711
2009-10-08,79.13729858398438
2009-10-09,79.61978149414062
2009-10-12,79.93156433105469
2009-10-13,79.76823425292969
2009-10-14,81.1414794921875
2009-10-15,81.43842315673828
2009-10-16,80.82974243164062
2009-10-19,81.49783325195312
2009-10-20,81.06726837158203
2009-10-21,80.33980560302734
2009-10-22,81.15635681152344
2009-10-23,80.22843170166016
2009-10-26,79.35997009277344
2009-10-27,78.99623107910156
2009-10-28,77.50421905517578
2009-10-29,79.1669692993164
2009-10-30,76.87323760986328
2009-11-02,77.4374008178711
2009-11-03,77.68235778808594
2009-11-04,77.88277435302734
2009-11-05,79.31541442871094
2009-11-06,79.52326202392578
2009-11-09,81.33451080322266
2009-11-10,81.34931182861328
2009-11-11,81.76505279541016
2009-11-12,80.93365478515625
2009-11-13,81.37161254882812
2009-11-16,82.5518569946289
2009-11-17,82.64839172363281
2009-11-18,82.59639739990234
2009-11-19,81.52007293701172
2009-11-20,81.2305679321289
2009-11-23,82.26236724853516
2009-11-24,82.38855743408203
2009-11-25,82.6780776977539
2009-11-27,81.33451080322266
2009-11-30,81.609130859375
2009-12-01,82.61872100830078
2009-12-02,82.5815658569336
2009-12-03,81.935791015625
2009-12-04,82.40341186523438
2009-12-07,82.2772445678711
2009-12-08,81.36420440673828
2009-12-09,81.66854095458984
2009-12-10,82.1287612915039
2009-12-11,82.47765350341797
2009-12-14,83.04180908203125
2009-12-15,82.65582275390625
2009-12-16,82.781982421875
2009-12-17,81.78729248046875
2009-12-18,82.25003051757812
2009-12-21,83.08587646484375
2009-12-22,83.38438415527344
2009-12-23,83.54859161376953
2009-12-24,83.9441146850586
2009-12-28,84.12324523925781
2009-12-29,84.00382995605469
2009-12-30,83.97396087646484
2009-12-31,83.1679916381836
2010-01-04,84.57849884033203
2010-01-05,84.80237579345703
2010-01-06,84.86210632324219
2010-01-07,85.22029876708984
2010-01-08,85.50389099121094
2010-01-11,85.6233139038086
2010-01-12,84.82477569580078
2010-01-13,85.54119873046875
2010-01-14,85.77254486083984
2010-01-15,84.80980682373047
2010-01-19,85.86959838867188
2010-01-20,84.99642181396484
2010-01-21,83.36199951171875
2010-01-22,81.50370788574219
2010-01-25,81.92162322998047
2010-01-26,81.57832336425781
2010-01-27,81.96643829345703
2010-01-28,81.02606964111328
2010-01-29,80.14543151855469
2010-02-01,81.39176177978516
2010-02-02,82.37689971923828
2010-02-03,81.96643829345703
2010-02-04,79.43644714355469
2010-02-05,79.60065460205078
2010-02-08,79.0260009765625
2010-02-09,80.01856231689453
2010-02-10,79.86185455322266
2010-02-11,80.69771575927734
2010-02-12,80.63054656982422
2010-02-16,81.8992691040039
2010-02-17,82.28736877441406
2010-02-18,82.77242279052734
2010-02-19,82.94408416748047
2010-02-22,82.95902252197266
2010-02-23,81.95149230957031
2010-02-24,82.70525360107422
2010-02-25,82.59333038330078
2010-02-26,82.64554595947266
2010-03-01,83.50379180908203
2010-03-02,83.73517608642578
2010-03-03,83.80982971191406
2010-03-04,84.06352996826172
2010-03-05,85.26508331298828
2010-03-08,85.2800064086914
2010-03-09,85.42179870605469
2010-03-10,85.80241394042969
2010-03-11,86.16064453125
2010-03-12,86.16810607910156
2010-03-15,86.19046783447266
2010-03-16,86.8770980834961
2010-03-17,87.39202880859375
2010-03-18,87.34725952148438
2010-03-19,86.9051284790039
2010-03-22,87.36974334716797
2010-03-23,87.9842300415039
2010-03-24,87.55709075927734
2010-03-25,87.4146957397461
2010-03-26,87.36225891113281
2010-03-29,87.916748046875
2010-03-30,87.97674560546875
2010-03-31,87.67699432373047
2010-04-01,88.2764892578125
2010-04-05,88.99588775634766
2010-04-06,89.20571899414062
2010-04-07,88.6961441040039
2010-04-08,89.00338745117188
2010-04-09,89.58792877197266
2010-04-12,89.73027038574219
2010-04-13,89.7977066040039
2010-04-14,90.8168716430664
2010-04-15,90.89179992675781
2010-04-16,89.44551086425781
2010-04-19,89.7827377319336
2010-04-20,90.5845718383789
2010-04-21,90.4197006225586
2010-04-22,90.68946838378906
2010-04-23,91.281494140625
2010-04-26,90.93675231933594
2010-04-27,88.78605651855469
2010-04-28,89.46049499511719
2010-04-29,90.56958770751953
2010-04-30,89.03336334228516
2010-05-03,90.18740844726562
2010-05-04,88.06668853759766
2010-05-05,87.5420913696289
2010-05-06,84.6344985961914
2010-05-07,83.37557983398438
2010-05-10,87.04753112792969
2010-05-11,86.80020904541016
2010-05-12,88.01421356201172
2010-05-13,86.92013549804688
2010-05-14,85.34645080566406
2010-05-17,85.39141845703125
2010-05-18,84.2298355102539
2010-05-19,83.75025939941406
2010-05-20,80.587890625
2010-05-21,81.764404296875
2010-05-24,80.71528625488281
2010-05-25,80.79772186279297
2010-05-26,80.3106460571289
2010-05-27,83.00090026855469
2010-05-28,81.95924377441406
2010-06-01,80.5804214477539
2010-06-02,82.67863464355469
2010-06-03,82.96343231201172
2010-06-04,80.04834747314453
2010-06-07,79.05169677734375
2010-06-08,79.8984603881836
2010-06-09,79.47132110595703
2010-06-10,81.79439544677734
2010-06-11,82.19154357910156
2010-06-14,82.06416320800781
2010-06-15,83.93010711669922
2010-06-16,83.9001235961914
2010-06-17,84.03502655029297
2010-06-18,84.12610626220703
2010-06-21,83.88520050048828
2010-06-22,82.49979400634766
2010-06-23,82.2437973022461
2010-06-24,80.88093566894531
2010-06-25,81.21979522705078
2010-06-28,80.96377563476562
2010-06-29,78.46398162841797
2010-06-30,77.71858978271484
2010-07-01,77.37224578857422
2010-07-02,76.95061492919922
2010-07-06,77.45507049560547
2010-07-07,79.89463806152344
2010-07-08,80.6851806640625
2010-07-09,81.28753662109375
2010-07-12,81.34024810791016
2010-07-13,82.56751251220703
2010-07-14,82.55999755859375
2010-07-15,82.58259582519531
2010-07-16,80.3087158203125
2010-07-19,80.78308868408203
2010-07-20,81.6790542602539
2010-07-21,80.61740112304688
2010-07-22,82.41696166992188
2010-07-23,83.13224792480469
2010-07-26,83.99812316894531
2010-07-27,83.9906005859375
2010-07-28,83.4484634399414
2010-07-29,83.04190826416016
2010-07-30,83.0268325805664
2010-08-02,84.90164184570312
2010-08-03,84.49507904052734
2010-08-04,85.05976104736328
2010-08-05,84.96942138671875
2010-08-06,84.62305450439453
2010-08-09,85.0748291015625
2010-08-10,84.61553192138672
2010-08-11,82.2964859008789
2010-08-12,81.7920150756836
2010-08-13,81.55107879638672
2010-08-16,81.5134048461914
2010-08-17,82.51483917236328
2010-08-18,82.66542053222656
2010-08-19,81.227294921875
2010-08-20,80.96377563476562
2010-08-23,80.65505981445312
2010-08-24,79.45787048339844
2010-08-25,79.76659393310547
2010-08-26,79.23204040527344
2010-08-27,80.45931243896484
2010-08-30,79.29222869873047
2010-08-31,79.29222869873047
2010-09-01,81.66402435302734
2010-09-02,82.42448425292969
2010-09-03,83.4936294555664
2010-09-07,82.55247497558594
2010-09-08,83.13224792480469
2010-09-09,83.5162353515625
2010-09-10,83.93791198730469
2010-09-13,84.87152099609375
2010-09-14,84.8188247680664
2010-09-15,85.14261627197266
2010-09-16,85.12000274658203
2010-09-17,85.15180206298828
2010-09-20,86.45380401611328
2010-09-21,86.27970886230469
2010-09-22,85.8558120727539
2010-09-23,85.15938568115234
2010-09-24,86.9155502319336
2010-09-27,86.49921417236328
2010-09-28,86.80201721191406
2010-09-29,86.65060424804688
2010-09-30,86.39325714111328
2010-10-01,86.75660705566406
2010-10-04,86.10560607910156
2010-10-05,87.8390884399414
2010-10-06,87.83146667480469
2010-10-07,87.72550201416016
2010-10-08,88.2175521850586
2010-10-11,88.30081939697266
2010-10-12,88.57331085205078
2010-10-13,89.26216125488281
2010-10-14,88.91394805908203
2010-10-15,89.09563446044922
2010-10-18,89.5346908569336
2010-10-19,88.36135864257812
2010-10-20,89.22431945800781
2010-10-21,89.421142578125
2010-10-22,89.58766174316406
2010-10-25,89.85260772705078
2010-10-26,89.86774444580078
2010-10-27,89.6103744506836
2010-10-28,89.62555694580078
2010-10-29,89.69361114501953
2010-11-01,89.72389221191406
2010-11-02,90.43544006347656
2010-11-03,90.79881286621094
2010-11-04,92.54740905761719
2010-11-05,92.89563751220703
2010-11-08,92.7215347290039
2010-11-09,92.05538177490234
2010-11-10,92.42631530761719
2010-11-11,92.07809448242188
2010-11-12,90.98806762695312
2010-11-15,90.85938262939453
2010-11-16,89.44384002685547
2010-11-17,89.4892349243164
2010-11-18,90.8063735961914
2010-11-19,91.05619812011719
2010-11-22,90.98047637939453
2010-11-23,89.66334533691406
2010-11-24,90.98806762695312
2010-11-26,89.92826843261719
2010-11-29,90.20081329345703
2010-11-30,89.69361114501953
2010-12-01,91.6012191772461
2010-12-02,92.77450561523438
2010-12-03,93.02433013916016
2010-12-06,92.92591094970703
2010-12-07,92.9789047241211
2010-12-08,93.31951904296875
2010-12-09,93.6828842163086
2010-12-10,94.2278823852539
2010-12-13,94.28849029541016
2010-12-14,94.37171173095703
2010-12-15,93.94027709960938
2010-12-16,94.48526763916016
2010-12-17,94.58647918701172
2010-12-20,94.81475830078125
2010-12-21,95.41593933105469
2010-12-22,95.71268463134766
2010-12-23,95.57572937011719
2010-12-27,95.61377716064453
2010-12-28,95.75076293945312
2010-12-29,95.8192367553711
2010-12-30,95.66706848144531
2010-12-31,95.68987274169922
2011-01-03,96.67912292480469
2011-01-04,96.62580871582031
2011-01-05,97.1280746459961
2011-01-06,96.93780517578125
2011-01-07,96.7475814819336
2011-01-10,96.62580871582031
2011-01-11,96.96826171875
2011-01-12,97.8433609008789
2011-01-13,97.68354797363281
2011-01-14,98.3912353515625
2011-01-18,98.55867004394531
2011-01-19,97.59223937988281
2011-01-20,97.462890625
2011-01-21,97.68354797363281
2011-01-24,98.2390365600586
2011-01-25,98.29232025146484
2011-01-26,98.67281341552734
2011-01-27,98.91632080078125
2011-01-28,97.18894958496094
2011-01-31,97.91947174072266
2011-02-01,99.48701477050781
2011-02-02,99.29679870605469
2011-02-03,99.5174560546875
2011-02-04,99.79898834228516
2011-02-07,100.42300415039062
2011-02-08,100.87957763671875
2011-02-09,100.65125274658203
2011-02-10,100.6893081665039
2011-02-11,101.29048156738281
2011-02-14,101.53397369384766
2011-02-15,101.21439361572266
2011-02-16,101.85359191894531
2011-02-17,102.15795135498047
2011-02-18,102.37100982666016
2011-02-22,100.31646728515625
2011-02-23,99.70008850097656
2011-02-24,99.63160705566406
2011-02-25,100.69690704345703
2011-02-28,101.32093048095703
2011-03-01,99.63160705566406
2011-03-02,99.84465789794922
2011-03-03,101.5644302368164
2011-03-04,100.80347442626953
2011-03-07,100.01206970214844
2011-03-08,100.88719177246094
2011-03-09,100.74256134033203
2011-03-10,98.87822723388672
2011-03-11,99.5631103515625
2011-03-14,98.96197509765625
2011-03-15,97.8281478881836
2011-03-16,96.01708984375
2011-03-17,97.287841796875
2011-03-18,97.64171600341797
2011-03-21,99.15494537353516
2011-03-22,98.81098937988281
2011-03-23,99.09380340576172
2011-03-24,100.04149627685547
2011-03-25,100.3471908569336
2011-03-28,100.10261535644531
2011-03-29,100.77515411376953
2011-03-30,101.470703125
2011-03-31,101.33308410644531
2011-04-01,101.76107788085938
2011-04-04,101.84513092041016
2011-04-05,101.82987213134766
2011-04-06,102.15084838867188
2011-04-07,101.89099884033203
2011-04-08,101.5394287109375
2011-04-11,101.23374938964844
2011-04-12,100.47713470458984
2011-04-13,100.46949768066406
2011-04-14,100.54588317871094
2011-04-15,100.91275024414062
2011-04-18,99.78165435791016
2011-04-19,100.3548355102539
2011-04-20,101.72286987304688
2011-04-21,102.2425537109375
2011-04-25,102.13555145263672
2011-04-26,103.014404296875
2011-04-27,103.68702697753906
2011-04-28,104.0232925415039
2011-04-29,104.26786804199219
2011-05-02,104.10736846923828
2011-05-03,103.73287200927734
2011-05-04,103.0450210571289
2011-05-05,102.11259460449219
2011-05-06,102.56353759765625
2011-05-09,102.9609375
2011-05-10,103.83988189697266
2011-05-11,102.74696350097656
2011-05-12,103.23609924316406
2011-05-13,102.44125366210938
2011-05-16,101.79166412353516
2011-05-17,101.7763671875
2011-05-18,102.68583679199219
2011-05-19,102.93038177490234
2011-05-20,102.11259460449219
2011-05-23,100.92803955078125
2011-05-24,100.84396362304688
2011-05-25,101.18021392822266
2011-05-26,101.64645385742188
2011-05-27,102.03622436523438
2011-05-31,103.09851837158203
2011-06-01,100.78284454345703
2011-06-02,100.67583465576172
2011-06-03,99.67464447021484
2011-06-06,98.61996459960938
2011-06-07,98.55879211425781
2011-06-08,98.1461410522461
2011-06-09,98.89508819580078
2011-06-10,97.51943969726562
2011-06-13,97.59585571289062
2011-06-14,98.83399200439453
2011-06-15,97.0761489868164
2011-06-16,97.2901840209961
2011-06-17,97.58047485351562
2011-06-20,98.07969665527344
2011-06-21,99.42379760742188
2011-06-22,98.82469940185547
2011-06-23,98.54054260253906
2011-06-24,97.39612579345703
2011-06-27,98.26403045654297
2011-06-28,99.54669189453125
2011-06-29,100.39923095703125
2011-06-30,101.35928344726562
2011-07-01,102.85694885253906
2011-07-05,102.77247619628906
2011-07-06,102.89540100097656
2011-07-07,103.96294403076172
2011-07-08,103.22562408447266
2011-07-11,101.35928344726562
2011-07-12,100.92145538330078
2011-07-13,101.25945281982422
2011-07-14,100.56049346923828
2011-07-15,101.14420318603516
2011-07-18,100.3147201538086
2011-07-19,101.9429702758789
2011-07-20,101.88158416748047
2011-07-21,103.29476165771484
2011-07-22,103.36387634277344
2011-07-25,102.787841796875
2011-07-26,102.40379333496094
2011-07-27,100.30706024169922
2011-07-28,100.01519775390625
2011-07-29,99.33164978027344
2011-08-01,98.9092025756836
2011-08-02,96.38231658935547
2011-08-03,96.90459442138672
2011-08-04,92.36543273925781
2011-08-05,92.22718048095703
2011-08-08,86.22103118896484
2011-08-09,90.23026275634766
2011-08-10,86.24409484863281
2011-08-11,90.11503601074219
2011-08-12,90.7218246459961
2011-08-15,92.64192962646484
2011-08-16,91.850830078125
2011-08-17,91.91229248046875
2011-08-18,87.94918060302734
2011-08-19,86.5129165649414
2011-08-22,86.58202362060547
2011-08-23,89.4314956665039
2011-08-24,90.69107055664062
2011-08-25,89.30858612060547
2011-08-26,90.6065902709961
2011-08-29,93.21028137207031
2011-08-30,93.45606231689453
2011-08-31,93.8708267211914
2011-09-01,92.88770294189453
2011-09-02,90.51443481445312
2011-09-06,89.85392761230469
2011-09-07,92.38848114013672
2011-09-08,91.42842102050781
2011-09-09,89.03213500976562
2011-09-12,89.60813903808594
2011-09-13,90.42996215820312
2011-09-14,91.68189239501953
2011-09-15,93.26404571533203
2011-09-16,93.81607055664062
2011-09-19,92.88188171386719
2011-09-20,92.7738265991211
2011-09-21,90.04086303710938
2011-09-22,87.13034057617188
2011-09-23,87.65531921386719
2011-09-26,89.73976135253906
2011-09-27,90.74341583251953
2011-09-28,88.8905258178711
2011-09-29,89.59307098388672
2011-09-30,87.35421752929688
2011-10-03,84.86832427978516
2011-10-04,86.72888946533203
2011-10-05,88.33467102050781
2011-10-06,89.93274688720703
2011-10-07,89.33061981201172
2011-10-10,92.31830596923828
2011-10-11,92.41096496582031
2011-10-12,93.22159576416016
2011-10-13,93.03630828857422
2011-10-14,94.62667083740234
2011-10-17,92.82015228271484
2011-10-18,94.63439178466797
2011-10-19,93.51493072509766
2011-10-20,93.92412567138672
2011-10-21,95.7074966430664
2011-10-24,96.88099670410156
2011-10-25,94.99724578857422
2011-10-26,95.96222686767578
2011-10-27,99.30511474609375
2011-10-28,99.2819595336914
2011-10-31,96.88871002197266
2011-11-01,94.1866226196289
2011-11-02,95.72293853759766
2011-11-03,97.46770477294922
2011-11-04,96.87328338623047
2011-11-07,97.47542572021484
2011-11-08,98.72610473632812
2011-11-09,95.08216857910156
2011-11-10,95.97770690917969
2011-11-11,97.78424072265625
2011-11-14,96.85778045654297
2011-11-15,97.33649444580078
2011-11-16,95.79242706298828
2011-11-17,94.27152252197266
2011-11-18,94.17115783691406
2011-11-21,92.38008880615234
2011-11-22,92.0172348022461
2011-11-23,89.9867935180664
2011-11-25,89.81697845458984
2011-11-28,92.41871643066406
2011-11-29,92.6811752319336
2011-11-30,96.49493408203125
2011-12-01,96.47949981689453
2011-12-02,96.39461517333984
2011-12-05,97.44453430175781
2011-12-06,97.47542572021484
2011-12-07,97.83828735351562
2011-12-08,95.69204711914062
2011-12-09,97.31329345703125
2011-12-12,95.8927993774414
2011-12-13,94.99724578857422
2011-12-14,93.98587036132812
2011-12-15,94.3255844116211
2011-12-16,94.46543884277344
2011-12-19,93.4554443359375
2011-12-20,96.28343200683594
2011-12-21,96.46986389160156
2011-12-22,97.32447814941406
2011-12-23,98.19461822509766
2011-12-27,98.27230834960938
2011-12-28,96.98265075683594
2011-12-29,97.98486328125
2011-12-30,97.50318908691406
2012-01-03,99.05701446533203
2012-01-04,99.21238708496094
2012-01-05,99.4765396118164
2012-01-06,99.22020721435547
2012-01-09,99.46099090576172
2012-01-10,100.32339477539062
2012-01-11,100.3777847290039
2012-01-12,100.61862182617188
2012-01-13,100.09808349609375
2012-01-17,100.48652648925781
2012-01-18,101.5975341796875
2012-01-19,102.13360595703125
2012-01-20,102.51432037353516
2012-01-23,102.2501449584961
2012-01-24,102.13360595703125
2012-01-25,102.98821258544922
2012-01-26,102.45990753173828
2012-01-27,102.41329956054688
2012-01-30,102.06366729736328
2012-01-31,102.02483367919922
2012-02-01,102.91828918457031
2012-02-02,103.08143615722656
2012-02-03,104.52648162841797
2012-02-06,104.45658874511719
2012-02-07,104.72068786621094
2012-02-08,105.03150939941406
2012-02-09,105.16356658935547
2012-02-10,104.38667297363281
2012-02-13,105.16356658935547
2012-02-14,105.03150939941406
2012-02-15,104.54204559326172
2012-02-16,105.69963836669922
2012-02-17,105.97933197021484
2012-02-21,106.02593994140625
2012-02-22,105.68408966064453
2012-02-23,106.15026092529297
2012-02-24,106.38333129882812
2012-02-27,106.56205749511719
2012-02-28,106.87278747558594
2012-02-29,106.45328521728516
2012-03-01,107.00491333007812
2012-03-02,106.67855834960938
2012-03-05,106.24349212646484
2012-03-06,104.68964385986328
2012-03-07,105.41995239257812
2012-03-08,106.46881103515625
2012-03-09,106.88056945800781
2012-03-12,106.88833618164062
2012-03-13,108.8150863647461
2012-03-14,108.69853973388672
2012-03-15,109.327880859375
2012-03-16,109.47920227050781
2012-03-19,109.90843200683594
2012-03-20,109.58844757080078
2012-03-21,109.40902709960938
2012-03-22,108.62090301513672
2012-03-23,108.9720230102539
2012-03-26,110.50144958496094
2012-03-27,110.1581039428711
2012-03-28,109.6119155883789
2012-03-29,109.42462921142578
2012-03-30,109.877197265625
2012-04-02,110.68094635009766
2012-04-03,110.22837829589844
2012-04-04,109.13592529296875
2012-04-05,109.08126068115234
2012-04-09,107.8561782836914
2012-04-10,106.04583740234375
2012-04-11,106.90419006347656
2012-04-12,108.30094146728516
2012-04-13,107.01338958740234
2012-04-16,106.94318389892578
2012-04-17,108.52729034423828
2012-04-18,108.16048431396484
2012-04-19,107.46601104736328
2012-04-20,107.64549255371094
2012-04-23,106.74032592773438
2012-04-24,107.14604949951172
2012-04-25,108.61312866210938
2012-04-26,109.36998748779297
2012-04-27,109.54949188232422
2012-04-30,109.14370727539062
2012-05-01,109.82257080078125
2012-05-02,109.49488067626953
2012-05-03,108.65991973876953
2012-05-04,106.90419006347656
2012-05-07,106.98222351074219
2012-05-08,106.55303955078125
2012-05-09,105.92098999023438
2012-05-10,106.13948059082031
2012-05-11,105.81953430175781
2012-05-14,104.6490249633789
2012-05-15,104.0482177734375
2012-05-16,103.65023040771484
2012-05-17,102.11299896240234
2012-05-18,101.23905181884766
2012-05-21,102.97915649414062
2012-05-22,103.15861511230469
2012-05-23,103.2132339477539
2012-05-24,103.41616821289062
2012-05-25,103.08064270019531
2012-05-29,104.32909393310547
2012-05-30,102.8152847290039
2012-05-31,102.58902740478516
2012-06-01,100.00613403320312
2012-06-04,99.95933532714844
2012-06-05,100.7162094116211
2012-06-06,102.97915649414062
2012-06-07,103.04157257080078
2012-06-08,103.86091613769531
2012-06-11,102.54219818115234
2012-06-12,103.72044372558594
2012-06-13,103.05718231201172
2012-06-14,104.14964294433594
2012-06-15,105.21483612060547
2012-06-18,105.41875457763672
2012-06-19,106.43843078613281
2012-06-20,106.265869140625
2012-06-21,103.88138580322266
2012-06-22,104.68145751953125
2012-06-25,103.0029067993164
2012-06-26,103.52058410644531
2012-06-27,104.45398712158203
2012-06-28,104.15591430664062
2012-06-29,106.75218200683594
2012-07-02,107.07376098632812
2012-07-03,107.77969360351562
2012-07-05,107.29338836669922
2012-07-06,106.27368927001953
2012-07-09,106.140380859375
2012-07-10,105.21483612060547
2012-07-11,105.23052978515625
2012-07-12,104.72067260742188
2012-07-13,106.47761535644531
2012-07-16,106.2266616821289
2012-07-17,106.95611572265625
2012-07-18,107.748291015625
2012-07-19,108.03071594238281
2012-07-20,107.04240417480469
2012-07-23,105.9599609375
2012-07-24,105.05009460449219
2012-07-25,105.07364654541016
2012-07-26,106.80704498291016
2012-07-27,108.77581787109375
2012-07-30,108.77581787109375
2012-07-31,108.01502227783203
2012-08-01,107.92090606689453
2012-08-02,107.17572021484375
2012-08-03,109.3013916015625
2012-08-06,109.51312255859375
2012-08-07,110.0622329711914
2012-08-08,110.19551849365234
2012-08-09,110.28963470458984
2012-08-10,110.47005462646484
2012-08-13,110.41517639160156
2012-08-14,110.43086242675781
2012-08-15,110.55635833740234
2012-08-16,111.37210083007812
2012-08-17,111.5210952758789
2012-08-20,111.52893829345703
2012-08-21,111.19168853759766
2012-08-22,111.23876190185547
2012-08-23,110.32888793945312
2012-08-24,110.99556732177734
2012-08-27,111.01911926269531
2012-08-28,110.90933227539062
2012-08-29,110.99556732177734
2012-08-30,110.19551849365234
2012-08-31,110.72107696533203
2012-09-04,110.61912536621094
2012-09-05,110.52496337890625
2012-09-06,112.76828002929688
2012-09-07,113.20747375488281
2012-09-10,112.56430053710938
2012-09-11,112.8780746459961
2012-09-12,113.25457763671875
2012-09-13,114.98019409179688
2012-09-14,115.49003601074219
2012-09-17,115.09782409667969
2012-09-18,115.0036849975586
2012-09-19,115.06643676757812
2012-09-20,115.07427215576172
2012-09-21,115.02618408203125
2012-09-24,114.85271453857422
2012-09-25,113.63047790527344
2012-09-26,112.99170684814453
2012-09-27,114.05623626708984
2012-09-28,113.5279769897461
2012-10-01,113.82759857177734
2012-10-02,113.9458999633789
2012-10-03,114.41112518310547
2012-10-04,115.23123168945312
2012-10-05,115.23908233642578
2012-10-08,114.84481048583984
2012-10-09,113.7093276977539
2012-10-10,112.98387145996094
2012-10-11,113.04693603515625
2012-10-12,112.67630767822266
2012-10-15,113.61469268798828
2012-10-16,114.76597595214844
2012-10-17,115.28639221191406
2012-10-18,114.98676300048828
2012-10-19,113.07060241699219
2012-10-22,113.08634948730469
2012-10-23,111.51712036132812
2012-10-24,111.20170593261719
2012-10-25,111.5250015258789
2012-10-26,111.46194458007812
2012-10-31,111.46194458007812
2012-11-01,112.62899780273438
2012-11-02,111.62755584716797
2012-11-05,111.856201171875
2012-11-06,112.73150634765625
2012-11-07,110.17655944824219
2012-11-08,108.85182189941406
2012-11-09,108.94645690917969
2012-11-12,109.03324890136719
2012-11-13,108.65467071533203
2012-11-14,107.1879653930664
2012-11-15,107.00662994384766
2012-11-16,107.5349349975586
2012-11-19,109.71134185791016
2012-11-20,109.75865936279297
2012-11-21,109.96367645263672
2012-11-23,111.46194458007812
2012-11-26,111.22540283203125
2012-11-27,110.65763854980469
2012-11-28,111.54869079589844
2012-11-29,112.06910705566406
2012-11-30,112.09273529052734
2012-12-03,111.54077911376953
2012-12-04,111.38306427001953
2012-12-05,111.58019256591797
2012-12-06,111.958740234375
2012-12-07,112.29783630371094
2012-12-10,112.34510803222656
2012-12-11,113.1099853515625
2012-12-12,113.16519165039062
2012-12-13,112.47126007080078
2012-12-14,112.05328369140625
2012-12-17,113.3702392578125
2012-12-18,114.63192749023438
2012-12-19,113.7802505493164
2012-12-20,114.43480682373047
2012-12-21,113.3960189819336
2012-12-24,113.046630859375
2012-12-26,112.57009887695312
2012-12-27,112.41924285888672
2012-12-28,111.20418548583984
2012-12-31,113.09429931640625
2013-01-02,115.99288177490234
2013-01-03,115.73082733154297
2013-01-04,116.23905944824219
2013-01-07,115.92143249511719
2013-01-08,115.5878677368164
2013-01-09,115.88172149658203
2013-01-10,116.80291748046875
2013-01-11,116.79496002197266
2013-01-14,116.7155532836914
2013-01-15,116.79496002197266
2013-01-16,116.779052734375
2013-01-17,117.53353881835938
2013-01-18,117.79562377929688
2013-01-22,118.43093872070312
2013-01-23,118.6214828491211
2013-01-24,118.65327453613281
2013-01-25,119.32037353515625
2013-01-28,119.17740631103516
2013-01-29,119.64594268798828
2013-01-30,119.17740631103516
2013-01-31,118.88352966308594
2013-02-01,120.10657501220703
2013-02-04,118.75650787353516
2013-02-05,119.9557113647461
2013-02-06,120.04299926757812
2013-02-07,119.88420104980469
2013-02-08,120.55130767822266
2013-02-11,120.52745056152344
2013-02-12,120.72600555419922
2013-02-13,120.8292236328125
2013-02-14,120.94044494628906
2013-02-15,120.7974853515625
2013-02-19,121.7027816772461
2013-02-20,120.18597412109375
2013-02-21,119.45532989501953
2013-02-22,120.62273406982422
2013-02-25,118.32770538330078
2013-02-26,119.13770294189453
2013-02-27,120.63860321044922
2013-02-28,120.40040588378906
2013-03-01,120.7974853515625
2013-03-04,121.44073486328125
2013-03-05,122.5286865234375
2013-03-06,122.6954574584961
2013-03-07,122.91787719726562
2013-03-08,123.44200134277344
2013-03-11,123.91051483154297
2013-03-12,123.63255310058594
2013-03-13,123.80725860595703
2013-03-14,124.46642303466797
2013-03-15,124.30211639404297
2013-03-18,123.6160659790039
2013-03-19,123.32894134521484
2013-03-20,124.19037628173828
2013-03-21,123.12955474853516
2013-03-22,124.11870574951172
2013-03-25,123.60017395019531
2013-03-26,124.5892562866211
2013-03-27,124.5892562866211
2013-03-28,124.97212982177734
2013-04-01,124.47760009765625
2013-04-02,125.09178161621094
2013-04-03,123.82351684570312
2013-04-04,124.32604217529297
2013-04-05,123.76765441894531
2013-04-08,124.605224609375
2013-04-09,125.03596496582031
2013-04-10,126.5675277709961
2013-04-11,126.98228454589844
2013-04-12,126.67121887207031
2013-04-15,123.73565673828125
2013-04-16,125.56245422363281
2013-04-17,123.72781372070312
2013-04-18,122.95401000976562
2013-04-19,124.02294921875
2013-04-22,124.57330322265625
2013-04-23,125.8575439453125
2013-04-24,125.93731689453125
2013-04-25,126.44784545898438
2013-04-26,126.22449493408203
2013-04-29,127.070068359375
2013-04-30,127.37310028076172
2013-05-01,126.25639343261719
2013-05-02,127.4289779663086
2013-05-03,128.72122192382812
2013-05-06,129.04830932617188
2013-05-07,129.7024383544922
2013-05-08,130.29263305664062
2013-05-09,129.92576599121094
2013-05-10,130.34854125976562
2013-05-13,130.45220947265625
2013-05-14,131.80027770996094
2013-05-15,132.5101776123047
2013-05-16,131.88804626464844
2013-05-17,133.16429138183594
2013-05-20,133.15625
2013-05-21,133.34780883789062
2013-05-22,132.35867309570312
2013-05-23,131.97572326660156
2013-05-24,131.86410522460938
2013-05-28,132.6537628173828
2013-05-29,131.7922821044922
2013-05-30,132.2788848876953
2013-05-31,130.3804168701172
2013-06-03,131.0983428955078
2013-06-04,130.46812438964844
2013-06-05,128.6415252685547
2013-06-06,129.8060760498047
2013-06-07,131.45726013183594
2013-06-10,131.45726013183594
2013-06-11,130.10125732421875
2013-06-12,129.02439880371094
2013-06-13,130.98667907714844
2013-06-14,130.1649932861328
2013-06-17,131.1701202392578
2013-06-18,132.20703125
2013-06-19,130.3804168701172
2013-06-20,127.14977264404297
2013-06-21,127.55797576904297
2013-06-24,125.94613647460938
2013-06-25,127.15705108642578
2013-06-26,128.41600036621094
2013-06-27,129.16976928710938
2013-06-28,128.6405792236328
2013-07-01,129.3943328857422
2013-07-02,129.27403259277344
2013-07-03,129.33021545410156
2013-07-05,130.7255096435547
2013-07-08,131.47128295898438
2013-07-09,132.41749572753906
2013-07-10,132.46566772460938
2013-07-11,134.2698516845703
2013-07-12,134.32601928710938
2013-07-15,134.83921813964844
2013-07-16,134.3340301513672
2013-07-17,134.6788330078125
2013-07-18,135.4165496826172
2013-07-19,135.65719604492188
2013-07-22,135.92178344726562
2013-07-23,135.6331329345703
2013-07-24,135.13592529296875
2013-07-25,135.4647216796875
2013-07-26,135.6090545654297
2013-07-29,135.1920166015625
2013-07-30,135.1920166015625
2013-07-31,135.28826904296875
2013-08-01,136.85208129882812
2013-08-02,137.08447265625
2013-08-05,136.884033203125
2013-08-06,136.10621643066406
2013-08-07,135.66519165039062
2013-08-08,136.162353515625
2013-08-09,135.76942443847656
2013-08-12,135.6090545654297
2013-08-13,136.010009765625
2013-08-14,135.31236267089844
2013-08-15,133.41989135742188
2013-08-16,132.9788055419922
2013-08-19,132.12876892089844
2013-08-20,132.77833557128906
2013-08-21,131.9603729248047
2013-08-22,133.16331481933594
2013-08-23,133.61227416992188
2013-08-26,133.1151885986328
2013-08-27,130.97410583496094
2013-08-28,131.43919372558594
2013-08-29,131.64764404296875
2013-08-30,131.2306671142578
2013-09-03,131.8240509033203
2013-09-04,132.91470336914062
2013-09-05,133.0830535888672
2013-09-06,133.1471405029297
2013-09-09,134.42218017578125
2013-09-10,135.4165496826172
2013-09-11,135.84158325195312
2013-09-12,135.48069763183594
2013-09-13,135.78546142578125
2013-09-16,136.57131958007812
2013-09-17,137.18077087402344
2013-09-18,138.76853942871094
2013-09-19,138.53594970703125
2013-09-20,137.5674285888672
2013-09-23,136.93077087402344
2013-09-24,136.60845947265625
2013-09-25,136.21360778808594
2013-09-26,136.7373809814453
2013-09-27,136.1089324951172
2013-09-30,135.38369750976562
2013-10-01,136.45533752441406
2013-10-02,136.3264617919922
2013-10-03,135.06942749023438
2013-10-04,136.0928192138672
2013-10-07,134.9162139892578
2013-10-08,133.34498596191406
2013-10-09,133.44168090820312
2013-10-10,136.318359375
2013-10-11,137.1967315673828
2013-10-14,137.7447052001953
2013-10-15,136.7454833984375
2013-10-16,138.6552276611328
2013-10-17,139.58187866210938
2013-10-18,140.52471923828125
2013-10-21,140.53277587890625
2013-10-22,141.3466033935547
2013-10-23,140.6697235107422
2013-10-24,141.13710021972656
2013-10-25,141.78176879882812
2013-10-28,142.00738525390625
2013-10-29,142.7648468017578
2013-10-30,142.05577087402344
2013-10-31,141.65281677246094
2013-11-01,141.99127197265625
2013-11-04,142.49090576171875
2013-11-05,142.03965759277344
2013-11-06,142.7648468017578
2013-11-07,140.9597625732422
2013-11-08,142.86155700683594
2013-11-11,142.88572692871094
2013-11-12,142.59567260742188
2013-11-13,143.73983764648438
2013-11-14,144.45703125
2013-11-15,145.0855712890625
2013-11-18,144.57794189453125
2013-11-19,144.26361083984375
2013-11-20,143.81243896484375
2013-11-21,144.9727325439453
2013-11-22,145.6979217529297
2013-11-25,145.552978515625
2013-11-26,145.5932159423828
2013-11-27,145.9477996826172
2013-11-29,145.85108947753906
2013-12-02,145.47239685058594
2013-12-03,144.84384155273438
2013-12-04,144.8277130126953
2013-12-05,144.19114685058594
2013-12-06,145.80274963378906
2013-12-09,146.1733856201172
2013-12-10,145.64962768554688
2013-12-11,144.0138397216797
2013-12-12,143.53839111328125
2013-12-13,143.5223388671875
2013-12-16,144.41671752929688
2013-12-17,143.95742797851562
2013-12-18,146.4151611328125
2013-12-19,146.2459259033203
2013-12-20,147.09658813476562
2013-12-23,147.88253784179688
2013-12-24,148.20654296875
2013-12-26,148.96005249023438
2013-12-27,148.95196533203125
2013-12-30,148.9276580810547
2013-12-31,149.6325225830078
2014-01-02,148.19845581054688
2014-01-03,148.1741943359375
2014-01-06,147.7447967529297
2014-01-07,148.65219116210938
2014-01-08,148.6846466064453
2014-01-09,148.7817840576172
2014-01-10,149.18687438964844
2014-01-13,147.201904296875
2014-01-14,148.8061065673828
2014-01-15,149.60816955566406
2014-01-16,149.41371154785156
2014-01-17,148.7817840576172
2014-01-21,149.2193145751953
2014-01-22,149.31654357910156
2014-01-23,148.09312438964844
2014-01-24,144.9334716796875
2014-01-27,144.2205047607422
2014-01-28,145.07925415039062
2014-01-29,143.6857452392578
2014-01-30,145.2089080810547
2014-01-31,144.35821533203125
2014-02-03,141.10940551757812
2014-02-04,142.0978240966797
2014-02-05,141.91952514648438
2014-02-06,143.7910614013672
2014-02-07,145.57354736328125
2014-02-10,145.84085083007812
2014-02-11,147.4368896484375
2014-02-12,147.5098114013672
2014-02-13,148.2714080810547
2014-02-14,149.08970642089844
2014-02-18,149.26791381835938
2014-02-19,148.2794189453125
2014-02-20,149.1544952392578
2014-02-21,148.984375
2014-02-24,149.8107452392578
2014-02-25,149.75404357910156
2014-02-26,149.76214599609375
2014-02-27,150.5479736328125
2014-02-28,150.92874145507812
2014-03-03,149.8674774169922
2014-03-04,151.97393798828125
2014-03-05,152.11167907714844
2014-03-06,152.46002197265625
2014-03-07,152.52487182617188
2014-03-10,152.44381713867188
2014-03-11,151.69033813476562
2014-03-12,151.73086547851562
2014-03-13,150.02944946289062
2014-03-14,149.60816955566406
2014-03-17,150.961181640625
2014-03-18,152.03872680664062
2014-03-19,151.2285919189453
2014-03-20,152.11167907714844
2014-03-21,151.5216827392578
2014-03-24,150.89505004882812
2014-03-25,151.61117553710938
2014-03-26,150.5207977294922
2014-03-27,150.20339965820312
2014-03-28,150.9438934326172
2014-03-31,152.1808319091797
2014-04-01,153.1898651123047
2014-04-02,153.70252990722656
2014-04-03,153.4990692138672
2014-04-04,151.68441772460938
2014-04-07,150.008056640625
2014-04-08,150.6265106201172
2014-04-09,152.2459716796875
2014-04-10,149.0478515625
2014-04-11,147.70513916015625
2014-04-14,148.86880493164062
2014-04-15,149.8941650390625
2014-04-16,151.4647216796875
2014-04-17,151.67628479003906
2014-04-21,152.20516967773438
2014-04-22,152.89691162109375
2014-04-23,152.53884887695312
2014-04-24,152.84812927246094
2014-04-25,151.59486389160156
2014-04-28,152.07505798339844
2014-04-29,152.7830352783203
2014-04-30,153.2387237548828
2014-05-01,153.25497436523438
2014-05-02,153.03521728515625
2014-05-05,153.32823181152344
2014-05-06,151.99366760253906
2014-05-07,152.8887939453125
2014-05-08,152.7260284423828
2014-05-09,152.95387268066406
2014-05-12,154.44305419921875
2014-05-13,154.5814208984375
2014-05-14,153.8490447998047
2014-05-15,152.49815368652344
2014-05-16,153.02716064453125
2014-05-19,153.58863830566406
2014-05-20,152.62022399902344
2014-05-21,153.90597534179688
2014-05-22,154.28033447265625
2014-05-23,154.89877319335938
2014-05-27,155.850830078125
2014-05-28,155.73696899414062
2014-05-29,156.54257202148438
2014-05-30,156.79473876953125
2014-06-02,156.97384643554688
2014-06-03,156.8925018310547
2014-06-04,157.2098388671875
2014-06-05,158.23521423339844
2014-06-06,158.99197387695312
2014-06-09,159.1547088623047
2014-06-10,159.17100524902344
2014-06-11,158.61766052246094
2014-06-12,157.4946746826172
2014-06-13,157.97476196289062
2014-06-16,158.10491943359375
2014-06-17,158.5443878173828
2014-06-18,159.70809936523438
2014-06-19,159.8870849609375
2014-06-20,160.21173095703125
2014-06-23,160.1626739501953
2014-06-24,159.19784545898438
2014-06-25,159.91729736328125
2014-06-26,159.8029022216797
2014-06-27,160.11361694335938
2014-06-30,160.03184509277344
2014-07-01,161.10293579101562
2014-07-02,161.2665252685547
2014-07-03,162.0596466064453
2014-07-07,161.4954071044922
2014-07-08,160.45704650878906
2014-07-09,161.1765594482422
2014-07-10,160.53883361816406
2014-07-11,160.75955200195312
2014-07-14,161.5690155029297
2014-07-15,161.2665252685547
2014-07-16,161.86338806152344
2014-07-17,160.02359008789062
2014-07-18,161.65896606445312
2014-07-21,161.35646057128906
2014-07-22,162.0596466064453
2014-07-23,162.4193878173828
2014-07-24,162.4275665283203
2014-07-25,161.6671142578125
2014-07-28,161.73257446289062
2014-07-29,161.03753662109375
2014-07-30,161.0620574951172
2014-07-31,157.88136291503906
2014-08-01,157.3990020751953
2014-08-04,158.53549194335938
2014-08-05,156.998291015625
2014-08-06,157.04737854003906
2014-08-07,156.19703674316406
2014-08-08,158.00401306152344
2014-08-11,158.46188354492188
2014-08-12,158.24114990234375
2014-08-13,159.312255859375
2014-08-14,160.0645294189453
2014-08-15,160.03184509277344
2014-08-18,161.37281799316406
2014-08-19,162.21493530273438
2014-08-20,162.64834594726562
2014-08-21,163.12254333496094
2014-08-22,162.86912536621094
2014-08-25,163.69491577148438
2014-08-26,163.80125427246094
2014-08-27,163.7357940673828
2014-08-28,163.6458740234375
2014-08-29,164.11195373535156
2014-09-02,164.03016662597656
2014-09-03,163.94029235839844
2014-09-04,163.703125
2014-09-05,164.4390106201172
2014-09-08,164.01377868652344
2014-09-09,162.97535705566406
2014-09-10,163.58865356445312
2014-09-11,163.77670288085938
2014-09-12,162.8200225830078
2014-09-15,162.6973419189453
2014-09-16,163.9238739013672
2014-09-17,164.14459228515625
2014-09-18,165.0195770263672
2014-09-19,164.87086486816406
2014-09-22,163.5975341796875
2014-09-23,162.66104125976562
2014-09-24,163.93443298339844
2014-09-25,161.28919982910156
2014-09-26,162.5707244873047
2014-09-29,162.27493286132812
2014-09-30,161.84776306152344
2014-10-01,159.6544647216797
2014-10-02,159.67909240722656
2014-10-03,161.43704223632812
2014-10-06,161.24807739257812
2014-10-07,158.759033203125
2014-10-08,161.53567504882812
2014-10-09,158.33181762695312
2014-10-10,156.5246124267578
2014-10-13,153.95338439941406
2014-10-14,154.19158935546875
2014-10-15,153.14825439453125
2014-10-16,153.01693725585938
2014-10-17,154.82415771484375
2014-10-20,156.32749938964844
2014-10-21,159.42446899414062
2014-10-22,158.29080200195312
2014-10-23,160.13092041015625
2014-10-24,161.36312866210938
2014-10-27,161.141357421875
2014-10-28,162.9896697998047
2014-10-29,162.74314880371094
2014-10-30,163.78651428222656
2014-10-31,165.6594696044922
2014-11-03,165.74984741210938
2014-11-04,165.17486572265625
2014-11-05,166.2180938720703
2014-11-06,166.88345336914062
2014-11-07,167.03953552246094
2014-11-10,167.5653076171875
2014-11-11,167.72958374023438
2014-11-12,167.54885864257812
2014-11-13,167.73777770996094
2014-11-14,167.77890014648438
2014-11-17,167.8856964111328
2014-11-18,168.8550262451172
2014-11-19,168.58395385742188
2014-11-20,168.8795928955078
2014-11-21,169.78329467773438
2014-11-24,170.259765625
2014-11-25,170.13650512695312
2014-11-26,170.57191467285156
2014-11-28,170.21043395996094
2014-12-01,169.0275421142578
2014-12-02,170.12008666992188
2014-12-03,170.77725219726562
2014-12-04,170.58836364746094
2014-12-05,170.8676300048828
2014-12-08,169.72576904296875
2014-12-09,169.6107940673828
2014-12-10,166.8916778564453
2014-12-11,167.73777770996094
2014-12-12,165.02688598632812
2014-12-15,163.89328002929688
2014-12-16,162.5789031982422
2014-12-17,165.7662353515625
2014-12-18,169.86546325683594
2014-12-19,170.58822631835938
2014-12-22,171.3728790283203
2014-12-23,171.60418701171875
2014-12-24,171.62075805664062
2014-12-26,172.17417907714844
2014-12-29,172.4053955078125
2014-12-30,171.4803009033203
2014-12-31,169.77874755859375
2015-01-02,169.6878204345703
2015-01-05,166.6233367919922
2015-01-06,165.05393981933594
2015-01-07,167.11073303222656
2015-01-08,170.0760498046875
2015-01-09,168.7131805419922
2015-01-12,167.3915252685547
2015-01-13,166.92074584960938
2015-01-14,165.91299438476562
2015-01-15,164.39312744140625
2015-01-16,166.54898071289062
2015-01-20,166.9042205810547
2015-01-21,167.74673461914062
2015-01-22,170.24130249023438
2015-01-23,169.30787658691406
2015-01-26,169.704345703125
2015-01-27,167.46585083007812
2015-01-28,165.3182373046875
2015-01-29,166.84640502929688
2015-01-30,164.74826049804688
2015-02-02,166.7885284423828
2015-02-03,169.20046997070312
2015-02-04,168.5561981201172
2015-02-05,170.25779724121094
2015-02-06,169.78697204589844
2015-02-09,169.0270233154297
2015-02-10,170.8277587890625
2015-02-11,170.92681884765625
2015-02-12,172.57069396972656
2015-02-13,173.28103637695312
2015-02-17,173.5535888671875
2015-02-18,173.5701141357422
2015-02-19,173.4461669921875
2015-02-20,174.48699951171875
2015-02-23,174.46224975585938
2015-02-24,174.9578399658203
2015-02-25,174.8092041015625
2015-02-26,174.60264587402344
2015-02-27,174.00790405273438
2015-03-02,175.10650634765625
2015-03-03,174.38784790039062
2015-03-04,173.65274047851562
2015-03-05,173.84271240234375
2015-03-06,171.39768981933594
2015-03-09,172.10806274414062
2015-03-10,169.31613159179688
2015-03-11,168.91969299316406
2015-03-12,171.0673065185547
2015-03-13,170.01829528808594
2015-03-16,172.28977966308594
2015-03-17,171.77761840820312
2015-03-18,173.84271240234375
2015-03-19,173.04969787597656
2015-03-20,174.5771942138672
2015-03-23,174.23703002929688
2015-03-24,173.2579803466797
2015-03-25,170.71908569335938
2015-03-26,170.31256103515625
2015-03-27,170.70248413085938
2015-03-30,172.78501892089844
2015-03-31,171.27503967285156
2015-04-01,170.66934204101562
2015-04-02,171.2833251953125
2015-04-06,172.4365997314453
2015-04-07,171.98020935058594
2015-04-08,172.56103515625
2015-04-09,173.3243408203125
2015-04-10,174.27023315429688
2015-04-13,173.48199462890625
2015-04-14,173.81387329101562
2015-04-15,174.5938262939453
2015-04-16,174.5439910888672
2015-04-17,172.53611755371094
2015-04-20,174.11257934570312
2015-04-21,173.9051513671875
2015-04-22,174.75973510742188
2015-04-23,175.19947814941406
2015-04-24,175.6060333251953
2015-04-27,174.8759002685547
2015-04-28,175.43174743652344
2015-04-29,174.7099151611328
2015-04-30,172.95925903320312
2015-05-01,174.83441162109375
2015-05-04,175.3322296142578
2015-05-05,173.3243408203125
2015-05-06,172.61080932617188
2015-05-07,173.29945373535156
2015-05-08,175.58114624023438
2015-05-11,174.74317932128906
2015-05-12,174.22039794921875
2015-05-13,174.25364685058594
2015-05-14,176.07069396972656
2015-05-15,176.26148986816406
2015-05-18,176.80908203125
2015-05-19,176.75106811523438
2015-05-20,176.62661743164062
2015-05-21,177.14096069335938
2015-05-22,176.71783447265625
2015-05-26,174.81781005859375
2015-05-27,176.4771270751953
2015-05-28,176.27810668945312
2015-05-29,175.18287658691406
2015-06-01,175.53964233398438
2015-06-02,175.3654327392578
2015-06-03,175.83004760742188
2015-06-04,174.3448486328125
2015-06-05,174.0462188720703
2015-06-08,172.97589111328125
2015-06-09,172.95095825195312
2015-06-10,175.02528381347656
2015-06-11,175.58946228027344
2015-06-12,174.24533081054688
2015-06-15,173.4985809326172
2015-06-16,174.44448852539062
2015-06-17,174.72657775878906
2015-06-18,176.5436248779297
2015-06-19,175.75990295410156
2015-06-22,176.6602783203125
2015-06-23,176.785400390625
2015-06-24,175.50143432617188
2015-06-25,174.9677734375
2015-06-26,174.93450927734375
2015-06-29,171.26602172851562
2015-06-30,171.6245574951172
2015-07-01,173.00022888183594
2015-07-02,172.84181213378906
2015-07-06,172.34991455078125
2015-07-07,173.43373107910156
2015-07-08,170.52403259277344
2015-07-09,170.83251953125
2015-07-10,172.9835205078125
2015-07-13,174.89279174804688
2015-07-14,175.65145874023438
2015-07-15,175.5931854248047
2015-07-16,177.00213623046875
2015-07-17,177.1521759033203
2015-07-20,177.24395751953125
2015-07-21,176.5435791015625
2015-07-22,176.22674560546875
2015-07-23,175.23463439941406
2015-07-24,173.41708374023438
2015-07-27,172.40826416015625
2015-07-28,174.52587890625
2015-07-29,175.7265167236328
2015-07-30,175.76821899414062
2015-07-31,175.50143432617188
2015-08-03,174.909423828125
2015-08-04,174.5676727294922
2015-08-05,175.1429443359375
2015-08-06,173.70889282226562
2015-08-07,173.37539672851562
2015-08-10,175.55975341796875
2015-08-11,173.97567749023438
2015-08-12,174.1841278076172
2015-08-13,173.96734619140625
2015-08-14,174.60096740722656
2015-08-17,175.5764617919922
2015-08-18,175.06784057617188
2015-08-19,173.68386840820312
2015-08-20,170.0571746826172
2015-08-21,164.93797302246094
2015-08-24,157.99298095703125
2015-08-25,156.1337890625
2015-08-26,162.1282958984375
2015-08-27,166.13851928710938
2015-08-28,166.14688110351562
2015-08-31,164.8046417236328
2015-09-01,159.88555908203125
2015-09-02,162.92034912109375
2015-09-03,163.0370635986328
2015-09-04,160.56915283203125
2015-09-08,164.60447692871094
2015-09-09,162.4033966064453
2015-09-10,163.28721618652344
2015-09-11,164.02920532226562
2015-09-14,163.4206085205078
2015-09-15,165.46324157714844
2015-09-16,166.8972625732422
2015-09-17,166.52207946777344
2015-09-18,163.80087280273438
2015-09-21,164.64732360839844
2015-09-22,162.51019287109375
2015-09-23,162.2504119873047
2015-09-24,161.6637725830078
2015-09-25,161.6219024658203
2015-09-28,157.5656280517578
2015-09-29,157.6578369140625
2015-09-30,160.59947204589844
2015-10-01,161.0184783935547
2015-10-02,163.42372131347656
2015-10-05,166.3318634033203
2015-10-06,165.76194763183594
2015-10-07,167.11962890625
2015-10-08,168.62808227539062
2015-10-09,168.72869873046875
2015-10-12,168.88795471191406
2015-10-13,167.82363891601562
2015-10-14,167.01905822753906
2015-10-15,169.58352661132812
2015-10-16,170.35455322265625
2015-10-19,170.43841552734375
2015-10-20,170.22048950195312
2015-10-21,169.16456604003906
2015-10-22,172.02230834960938
2015-10-23,173.90797424316406
2015-10-26,173.48057556152344
2015-10-27,173.14532470703125
2015-10-28,175.1147918701172
2015-10-29,175.0142059326172
2015-10-30,174.25999450683594
2015-11-02,176.32164001464844
2015-11-03,176.83287048339844
2015-11-04,176.29649353027344
2015-11-05,176.12049865722656
2015-11-06,176.0282745361328
2015-11-09,174.38572692871094
2015-11-10,174.7879638671875
2015-11-11,174.10076904296875
2015-11-12,171.6703643798828
2015-11-13,169.74278259277344
2015-11-16,172.32406616210938
2015-11-17,172.1983184814453
2015-11-18,174.930419921875
2015-11-19,174.7795867919922
2015-11-20,175.41650390625
2015-11-23,175.21533203125
2015-11-24,175.4501190185547
2015-11-25,175.4249267578125
2015-11-27,175.6260223388672
2015-11-30,174.8969268798828
2015-12-01,176.56472778320312
2015-12-02,174.7628173828125
2015-12-03,172.3156280517578
2015-12-04,175.67628479003906
2015-12-07,174.61196899414062
2015-12-08,173.4386749267578
2015-12-09,172.08937072753906
2015-12-10,172.53358459472656
2015-12-11,169.1896514892578
2015-12-14,170.0445556640625
2015-12-15,171.82958984375
2015-12-16,174.34376525878906
2015-12-17,171.68710327148438
2015-12-18,168.6284637451172
2015-12-21,170.01953125
2015-12-22,171.56224060058594
2015-12-23,173.68685913085938
2015-12-24,173.4001922607422
2015-12-28,173.00399780273438
2015-12-29,174.8502655029297
2015-12-30,173.61099243164062
2015-12-31,171.874267578125
2016-01-04,169.47157287597656
2016-01-05,169.75820922851562
2016-01-06,167.6168212890625
2016-01-07,163.595458984375
2016-01-08,161.79971313476562
2016-01-11,161.9598846435547
2016-01-12,163.26661682128906
2016-01-13,159.1946563720703
2016-01-14,161.80813598632812
2016-01-15,158.3347625732422
2016-01-19,158.54554748535156
2016-01-20,156.5137481689453
2016-01-21,157.39053344726562
2016-01-22,160.61944580078125
2016-01-25,158.19146728515625
2016-01-26,160.34967041015625
2016-01-27,158.6045379638672
2016-01-28,159.43072509765625
2016-01-29,163.3171844482422
2016-02-01,163.25816345214844
2016-02-02,160.31593322753906
2016-02-03,161.27699279785156
2016-02-04,161.5299530029297
2016-02-05,158.45277404785156
2016-02-08,156.31983947753906
2016-02-09,156.32826232910156
2016-02-10,156.193359375
2016-02-11,154.16162109375
2016-02-12,157.3399658203125
2016-02-16,159.99559020996094
2016-02-17,162.6090545654297
2016-02-18,161.9430389404297
2016-02-19,161.86712646484375
2016-02-22,164.2108612060547
2016-02-23,162.1370086669922
2016-02-24,162.8788604736328
2016-02-25,164.8516082763672
2016-02-26,164.47219848632812
2016-02-29,163.18235778808594
2016-03-01,167.01821899414062
2016-03-02,167.76856994628906
2016-03-03,168.42620849609375
2016-03-04,168.97413635253906
2016-03-07,169.1090545654297
2016-03-08,167.26268005371094
2016-03-09,168.08897399902344
2016-03-10,168.22378540039062
2016-03-11,170.93844604492188
2016-03-14,170.7192840576172
2016-03-15,170.44110107421875
2016-03-16,171.4274444580078
2016-03-17,172.51499938964844
2016-03-18,173.19290161132812
2016-03-21,173.4385986328125
2016-03-22,173.34544372558594
2016-03-23,172.201416015625
2016-03-24,172.1251983642578
2016-03-28,172.22691345214844
2016-03-29,173.82000732421875
2016-03-30,174.58267211914062
2016-03-31,174.15896606445312
2016-04-01,175.34532165527344
2016-04-04,174.7775421142578
2016-04-05,173.0319366455078
2016-04-06,174.92161560058594
2016-04-07,172.82847595214844
2016-04-08,173.2946319580078
2016-04-11,172.88784790039062
2016-04-12,174.49790954589844
2016-04-13,176.26051330566406
2016-04-14,176.26898193359375
2016-04-15,176.07411193847656
2016-04-18,177.31130981445312
2016-04-19,177.87062072753906
2016-04-20,178.04006958007812
2016-04-21,177.08248901367188
2016-04-22,177.08248901367188
2016-04-25,176.77743530273438
2016-04-26,177.0401153564453
2016-04-27,177.40455627441406
2016-04-28,175.79444885253906
2016-04-29,174.8453826904297
2016-05-02,176.23512268066406
2016-05-03,174.70130920410156
2016-05-04,173.72679138183594
2016-05-05,173.69290161132812
2016-05-06,174.328369140625
2016-05-09,174.47247314453125
2016-05-10,176.641845703125
2016-05-11,174.9893798828125
2016-05-12,175.040283203125
2016-05-13,173.5149383544922
2016-05-16,175.22666931152344
2016-05-17,173.5911865234375
2016-05-18,173.64207458496094
2016-05-19,173.04042053222656
2016-05-20,174.13352966308594
2016-05-23,173.89630126953125
2016-05-24,176.15040588378906
2016-05-25,177.34521484375
2016-05-26,177.3960418701172
2016-05-27,178.15872192382812
2016-05-31,177.8197479248047
2016-06-01,178.1841278076172
2016-06-02,178.7264862060547
2016-06-03,178.192626953125
2016-06-06,179.09933471679688
2016-06-07,179.3789520263672
2016-06-08,179.96365356445312
2016-06-09,179.71795654296875
2016-06-10,178.0146484375
2016-06-13,176.641845703125
2016-06-14,176.29443359375
2016-06-15,176.04867553710938
2016-06-16,176.57406616210938
2016-06-17,175.9164276123047
2016-06-20,177.0493927001953
2016-06-21,177.5519256591797
2016-06-22,177.2623291015625
2016-06-23,179.57073974609375
2016-06-24,173.12252807617188
2016-06-27,170.02191162109375
2016-06-28,173.08843994140625
2016-06-29,176.0356903076172
2016-06-30,178.4378204345703
2016-07-01,178.8126678466797
2016-07-05,177.5264129638672
2016-07-06,178.59117126464844
2016-07-07,178.48045349121094
2016-07-08,181.1381072998047
2016-07-11,181.7769317626953
2016-07-12,183.09725952148438
2016-07-13,183.0717010498047
2016-07-14,184.09388732910156
2016-07-15,183.8468017578125
2016-07-18,184.3408660888672
2016-07-19,184.15347290039062
2016-07-20,184.92013549804688
2016-07-21,184.22164916992188
2016-07-22,185.04794311523438
2016-07-25,184.54531860351562
2016-07-26,184.63050842285156
2016-07-27,184.43463134765625
2016-07-28,184.6475372314453
2016-07-29,184.9456787109375
2016-08-01,184.79237365722656
2016-08-02,183.6083221435547
2016-08-03,184.1449737548828
2016-08-04,184.3408660888672
2016-08-05,185.8486328125
2016-08-08,185.73785400390625
2016-08-09,185.8486328125
2016-08-10,185.3886260986328
2016-08-11,186.2490234375
2016-08-12,186.087158203125
2016-08-15,186.62376403808594
2016-08-16,185.66122436523438
2016-08-17,186.01046752929688
2016-08-18,186.42784118652344
2016-08-19,186.15525817871094
2016-08-22,186.14671325683594
2016-08-23,186.5215606689453
2016-08-24,185.56747436523438
2016-08-25,185.4397430419922
2016-08-26,185.09051513671875
2016-08-29,186.00196838378906
2016-08-30,185.6953125
2016-08-31,185.1671905517578
2016-09-01,185.1757049560547
2016-09-02,186.01046752929688
2016-09-06,186.57264709472656
2016-09-07,186.55557250976562
2016-09-08,186.1297149658203
2016-09-09,181.67477416992188
2016-09-12,184.28128051757812
2016-09-13,181.6321563720703
2016-09-14,181.56398010253906
2016-09-15,183.3783416748047
2016-09-16,182.66949462890625
2016-09-19,182.70375061035156
2016-09-20,182.7122344970703
2016-09-21,184.76695251464844
2016-09-22,185.93128967285156
2016-09-23,184.91253662109375
2016-09-26,183.41432189941406
2016-09-27,184.5529327392578
2016-09-28,185.468994140625
2016-09-29,183.79100036621094
2016-09-30,185.1778564453125
2016-10-03,184.73272705078125
2016-10-04,183.79100036621094
2016-10-05,184.6042938232422
2016-10-06,184.73272705078125
2016-10-07,184.0991668701172
2016-10-10,185.0580291748047
2016-10-11,182.7208251953125
2016-10-12,182.96055603027344
2016-10-13,182.36123657226562
2016-10-14,182.45547485351562
2016-10-17,181.8219757080078
2016-10-18,182.96055603027344
2016-10-19,183.4485321044922
2016-10-20,183.10610961914062
2016-10-21,183.19166564941406
2016-10-24,183.9707794189453
2016-10-25,183.35440063476562
2016-10-26,182.98622131347656
2016-10-27,182.4982452392578
2016-10-28,181.95892333984375
2016-10-31,181.96742248535156
2016-11-01,180.6490478515625
2016-11-02,179.56178283691406
2016-11-03,178.73989868164062
2016-11-04,178.54298400878906
2016-11-07,182.48114013671875
2016-11-08,183.30300903320312
2016-11-09,185.24639892578125
2016-11-10,185.70872497558594
2016-11-11,185.28062438964844
2016-11-14,185.42617797851562
2016-11-15,186.87301635742188
2016-11-16,186.5220184326172
2016-11-17,187.4809112548828
2016-11-18,187.0613555908203
2016-11-21,188.4739227294922
2016-11-22,188.84210205078125
2016-11-23,188.94480895996094
2016-11-25,189.64678955078125
2016-11-28,188.75650024414062
2016-11-29,189.12461853027344
2016-11-30,188.67083740234375
2016-12-01,187.97744750976562
2016-12-02,188.07156372070312
2016-12-05,189.20164489746094
2016-12-06,189.80093383789062
2016-12-07,192.28370666503906
2016-12-08,192.75454711914062
2016-12-09,193.91883850097656
2016-12-12,193.6962890625
2016-12-13,194.98899841308594
2016-12-14,193.37953186035156
2016-12-15,194.1756591796875
2016-12-16,193.79588317871094
2016-12-19,194.21786499023438
2016-12-20,194.96707153320312
2016-12-21,194.424560546875
2016-12-22,194.08872985839844
2016-12-23,194.3728790283203
2016-12-27,194.8551025390625
2016-12-28,193.24473571777344
2016-12-29,193.2017059326172
2016-12-30,192.49557495117188
2017-01-03,193.96817016601562
2017-01-04,195.12210083007812
2017-01-05,194.96707153320312
2017-01-06,195.66465759277344
2017-01-09,195.01873779296875
2017-01-10,195.01873779296875
2017-01-11,195.5699462890625
2017-01-12,195.0790557861328
2017-01-13,195.52685546875
2017-01-17,194.8379669189453
2017-01-18,195.26849365234375
2017-01-19,194.54510498046875
2017-01-20,195.2598876953125
2017-01-23,194.75180053710938
2017-01-24,196.00050354003906
2017-01-25,197.6969451904297
2017-01-26,197.4903106689453
2017-01-27,197.1802978515625
2017-01-30,195.95741271972656
2017-01-31,195.9402313232422
2017-02-01,196.0177001953125
2017-02-02,196.14688110351562
2017-02-03,197.49891662597656
2017-02-06,197.14584350585938
2017-02-07,197.1544189453125
2017-02-08,197.4127960205078
2017-02-09,198.58396911621094
2017-02-10,199.36758422851562
2017-02-13,200.4526824951172
2017-02-14,201.25357055664062
2017-02-15,202.30419921875
2017-02-16,202.1319580078125
2017-02-17,202.4505615234375
2017-02-21,203.65625
2017-02-22,203.4754180908203
2017-02-23,203.6131591796875
2017-02-24,203.87152099609375
2017-02-27,204.1901092529297
2017-02-28,203.6389923095703
2017-03-01,206.48944091796875
2017-03-02,205.18911743164062
2017-03-03,205.31825256347656
2017-03-06,204.7068328857422
2017-03-07,204.0953826904297
2017-03-08,203.71652221679688
2017-03-09,203.9748077392578
2017-03-10,204.6896514892578
2017-03-13,204.7930145263672
2017-03-14,204.0093231201172
2017-03-15,205.774658203125
2017-03-16,205.36993408203125
2017-03-17,205.00926208496094
2017-03-20,204.78440856933594
2017-03-21,202.15504455566406
2017-03-22,202.63075256347656
2017-03-23,202.41453552246094
2017-03-24,202.26751708984375
2017-03-27,202.05990600585938
2017-03-28,203.53025817871094
2017-03-29,203.7205047607422
2017-03-30,204.36923217773438
2017-03-31,203.8935546875
2017-04-03,203.53884887695312
2017-04-04,203.66864013671875
2017-04-05,203.06326293945312
2017-04-06,203.63406372070312
2017-04-07,203.42648315429688
2017-04-10,203.54751586914062
2017-04-11,203.30540466308594
2017-04-12,202.41453552246094
2017-04-13,201.09986877441406
2017-04-17,202.88157653808594
2017-04-18,202.2761688232422
2017-04-19,201.90428161621094
2017-04-20,203.54751586914062
2017-04-21,202.89892578125
2017-04-24,205.1303253173828
2017-04-25,206.3239288330078
2017-04-26,206.1941680908203
2017-04-27,206.36715698242188
2017-04-28,205.9174346923828
2017-05-01,206.4363250732422
2017-05-02,206.51422119140625
2017-05-03,206.26339721679688
2017-05-04,206.5055694580078
2017-05-05,207.31854248046875
2017-05-08,207.28399658203125
2017-05-09,207.09364318847656
2017-05-10,207.46563720703125
2017-05-11,207.04177856445312
2017-05-12,206.6958770751953
2017-05-15,207.8375244140625
2017-05-16,207.647216796875
2017-05-17,203.9627227783203
2017-05-18,204.78440856933594
2017-05-19,206.1163787841797
2017-05-22,207.1628875732422
2017-05-23,207.6212921142578
2017-05-24,208.10565185546875
2017-05-25,209.1002655029297
2017-05-26,209.0570526123047
2017-05-30,208.87542724609375
2017-05-31,208.82351684570312
2017-06-01,210.48411560058594
2017-06-02,211.1847381591797
2017-06-05,211.02908325195312
2017-06-06,210.35443115234375
2017-06-07,210.74362182617188
2017-06-08,210.84739685058594
2017-06-09,210.52743530273438
2017-06-12,210.48411560058594
2017-06-13,211.51336669921875
2017-06-14,211.2452850341797
2017-06-15,210.8387451171875
2017-06-16,210.88478088378906
2017-06-19,212.64039611816406
2017-06-20,211.2063446044922
2017-06-21,211.1542205810547
2017-06-22,211.0586395263672
2017-06-23,211.3107147216797
2017-06-26,211.44976806640625
2017-06-27,209.7462615966797
2017-06-28,211.6235809326172
2017-06-29,209.76364135742188
2017-06-30,210.15476989746094
2017-07-03,210.51107788085938
2017-07-05,210.99778747558594
2017-07-06,209.06837463378906
2017-07-07,210.42416381835938
2017-07-10,210.65013122558594
2017-07-11,210.49365234375
2017-07-12,212.0755615234375
2017-07-13,212.43185424804688
2017-07-14,213.4226531982422
2017-07-17,213.39659118652344
2017-07-18,213.50958251953125
2017-07-19,214.66552734375
2017-07-20,214.76112365722656
2017-07-21,214.56983947753906
2017-07-24,214.51776123046875
2017-07-25,215.03924560546875
2017-07-26,215.0479736328125
2017-07-27,214.84805297851562
2017-07-28,214.59597778320312
2017-07-31,214.4742889404297
2017-08-01,214.9523162841797
2017-08-02,215.05661010742188
2017-08-03,214.63941955566406
2017-08-04,215.0305633544922
2017-08-07,215.4303741455078
2017-08-08,214.90017700195312
2017-08-09,214.8914794921875
2017-08-10,211.85824584960938
2017-08-11,212.17112731933594
2017-08-14,214.27438354492188
2017-08-15,214.24830627441406
2017-08-16,214.62208557128906
2017-08-17,211.27589416503906
2017-08-18,210.9456329345703
2017-08-21,211.1107940673828
2017-08-22,213.31838989257812
2017-08-23,212.5535430908203
2017-08-24,212.0581512451172
2017-08-25,212.5535430908203
2017-08-28,212.562255859375
2017-08-29,212.80555725097656
2017-08-30,213.81375122070312
2017-08-31,215.10008239746094
2017-09-01,215.40431213378906
2017-09-05,213.85720825195312
2017-09-06,214.5872344970703
2017-09-07,214.56117248535156
2017-09-08,214.30918884277344
2017-09-11,216.59500122070312
2017-09-12,217.32505798339844
2017-09-13,217.42930603027344
2017-09-14,217.3597869873047
2017-09-15,217.65245056152344
2017-09-18,218.11532592773438
2017-09-19,218.33372497558594
2017-09-20,218.41233825683594
2017-09-21,217.82711791992188
2017-09-22,217.87074279785156
2017-09-25,217.42529296875
2017-09-26,217.5563201904297
2017-09-27,218.403564453125
2017-09-28,218.66555786132812
2017-09-29,219.43421936035156
2017-10-02,220.38626098632812
2017-10-03,220.8579559326172
2017-10-04,221.11997985839844
2017-10-05,222.43008422851562
2017-10-06,222.17684936523438
2017-10-09,221.80996704101562
2017-10-10,222.39520263671875
2017-10-11,222.74459838867188
2017-10-12,222.41259765625
2017-10-13,222.6834716796875
2017-10-16,222.98043823242188
2017-10-17,223.1376495361328
2017-10-18,223.35597229003906
2017-10-19,223.4171142578125
2017-10-20,224.570068359375
2017-10-23,223.6966094970703
2017-10-24,224.089599609375
2017-10-25,222.98043823242188
2017-10-26,223.2686004638672
2017-10-27,225.0940704345703
2017-10-30,224.25563049316406
2017-10-31,224.60496520996094
2017-11-01,224.9019775390625
2017-11-02,224.98934936523438
2017-11-03,225.74046325683594
2017-11-06,226.08985900878906
2017-11-07,225.93260192871094
2017-11-08,226.31689453125
2017-11-09,225.49591064453125
2017-11-10,225.42604064941406
2017-11-13,225.6356658935547
2017-11-14,225.111572265625
2017-11-15,223.98484802246094
2017-11-16,225.88893127441406
2017-11-17,225.22512817382812
2017-11-20,225.60943603515625
2017-11-21,227.08546447753906
2017-11-22,226.88467407226562
2017-11-24,227.40870666503906
2017-11-27,227.295166015625
2017-11-28,229.60108947753906
2017-11-29,229.4613037109375
2017-11-30,231.47030639648438
2017-12-01,230.9898681640625
2017-12-04,230.71031188964844
2017-12-05,229.88058471679688
2017-12-06,229.92417907714844
2017-12-07,230.64918518066406
2017-12-08,231.90696716308594
2017-12-11,232.60565185546875
2017-12-12,233.0162353515625
2017-12-13,232.99002075195312
2017-12-14,232.03793334960938
2017-12-15,233.97024536132812
2017-12-18,235.45387268066406
2017-12-19,234.5496826171875
2017-12-20,234.42672729492188
2017-12-21,234.90963745117188
2017-12-22,234.84814453125
2017-12-26,234.56724548339844
2017-12-27,234.6812744140625
2017-12-28,235.16421508789062
2017-12-29,234.2774658203125
2018-01-02,235.95428466796875
2018-01-03,237.44671630859375
2018-01-04,238.44752502441406
2018-01-05,240.03652954101562
2018-01-08,240.47552490234375
2018-01-09,241.01979064941406
2018-01-10,240.6510009765625
2018-01-11,242.40689086914062
2018-01-12,243.98712158203125
2018-01-16,243.15301513671875
2018-01-17,245.47071838378906
2018-01-18,245.05819702148438
2018-01-19,246.1731719970703
2018-01-22,248.17471313476562
2018-01-23,248.7014617919922
2018-01-24,248.60491943359375
2018-01-25,248.7102508544922
2018-01-26,251.5897979736328
2018-01-29,249.9216766357422
2018-01-30,247.3582763671875
2018-01-31,247.4812469482422
2018-02-01,247.2002410888672
2018-02-02,241.8187255859375
2018-02-05,231.70523071289062
2018-02-06,236.27037048339844
2018-02-07,234.9886474609375
2018-02-08,226.17442321777344
2018-02-09,229.57191467285156
2018-02-12,232.94308471679688
2018-02-13,233.52249145507812
2018-02-14,236.67417907714844
2018-02-15,239.69415283203125
2018-02-16,239.76437377929688
2018-02-20,238.26318359375
2018-02-21,237.07806396484375
2018-02-22,237.3852996826172
2018-02-23,241.16908264160156
2018-02-26,243.9695281982422
2018-02-27,240.9232635498047
2018-02-28,238.48268127441406
2018-03-01,235.0149383544922
2018-03-02,236.22642517089844
2018-03-05,238.9567108154297
2018-03-06,239.5625
2018-03-07,239.47474670410156
2018-03-08,240.63340759277344
2018-03-09,244.82107543945312
2018-03-12,244.51390075683594
2018-03-13,242.93360900878906
2018-03-14,241.68699645996094
2018-03-15,241.4236297607422
2018-03-16,241.6853790283203
2018-03-19,238.41534423828125
2018-03-20,238.82081604003906
2018-03-21,238.36248779296875
2018-03-22,232.40406799316406
2018-03-23,227.4504852294922
2018-03-26,233.67327880859375
2018-03-27,229.6981201171875
2018-03-28,229.01942443847656
2018-03-29,231.94573974609375
2018-04-02,226.93923950195312
2018-04-03,229.847900390625
2018-04-04,232.30706787109375
2018-04-05,234.14048767089844
2018-04-06,228.92245483398438
2018-04-09,230.05064392089844
2018-04-10,233.70860290527344
2018-04-11,232.48342895507812
2018-04-12,234.39605712890625
2018-04-13,233.70860290527344
2018-04-16,235.63009643554688
2018-04-17,238.15089416503906
2018-04-18,238.32720947265625
2018-04-19,237.00511169433594
2018-04-20,234.9954071044922
2018-04-23,234.960205078125
2018-04-24,231.79592895507812
2018-04-25,232.3688201904297
2018-04-26,234.73098754882812
2018-04-27,234.95132446289062
2018-04-30,233.14450073242188
2018-05-01,233.5587615966797
2018-05-02,231.98980712890625
2018-05-03,231.4785614013672
2018-05-04,234.4753875732422
2018-05-07,235.2687225341797
2018-05-08,235.2687225341797
2018-05-09,237.54278564453125
2018-05-10,239.76390075683594
2018-05-11,240.4955291748047
2018-05-14,240.61007690429688
2018-05-15,238.9530792236328
2018-05-16,239.95782470703125
2018-05-17,239.755126953125
2018-05-18,239.15570068359375
2018-05-21,240.95384216308594
2018-05-22,240.28392028808594
2018-05-23,240.94500732421875
2018-05-24,240.45138549804688
2018-05-25,239.8785400390625
2018-05-29,237.11965942382812
2018-05-30,240.28392028808594
2018-05-31,238.8120574951172
2018-06-01,241.15655517578125
2018-06-04,242.30242919921875
2018-06-05,242.4786376953125
2018-06-06,244.50587463378906
2018-06-07,244.47959899902344
2018-06-08,245.20228576660156
2018-06-11,245.5283966064453
2018-06-12,245.84576416015625
2018-06-13,245.06121826171875
2018-06-14,245.6782684326172
2018-06-15,245.3647918701172
2018-06-18,244.8601837158203
2018-06-19,243.9217071533203
2018-06-20,244.33779907226562
2018-06-21,242.80606079101562
2018-06-22,243.2488250732422
2018-06-25,239.93753051757812
2018-06-26,240.46875
2018-06-27,238.47662353515625
2018-06-28,239.84007263183594
2018-06-29,240.18528747558594
2018-07-02,240.69888305664062
2018-07-03,239.84896850585938
2018-07-05,241.80552673339844
2018-07-06,243.85084533691406
2018-07-09,246.04660034179688
2018-07-10,246.9320068359375
2018-07-11,245.12576293945312
2018-07-12,247.34805297851562
2018-07-13,247.54283142089844
2018-07-16,247.32147216796875
2018-07-17,248.322021484375
2018-07-18,248.84442138671875
2018-07-19,247.90591430664062
2018-07-20,247.62258911132812
2018-07-23,248.08306884765625
2018-07-24,249.331298828125
2018-07-25,251.45626831054688
2018-07-26,250.8629608154297
2018-07-27,249.1631622314453
2018-07-30,247.86166381835938
2018-07-31,249.08343505859375
2018-08-01,248.66738891601562
2018-08-02,250.02195739746094
2018-08-03,251.09317016601562
2018-08-06,252.01405334472656
2018-08-07,252.84628295898438
2018-08-08,252.74005126953125
2018-08-09,252.39476013183594
2018-08-10,250.7036590576172
2018-08-13,249.76513671875
2018-08-14,251.35887145996094
2018-08-15,249.48179626464844
2018-08-16,251.50045776367188
2018-08-17,252.3858642578125
2018-08-20,252.92599487304688
2018-08-21,253.51918029785156
2018-08-22,253.3687286376953
2018-08-23,253.03219604492188
2018-08-24,254.55502319335938
2018-08-27,256.5648498535156
2018-08-28,256.6888122558594
2018-08-29,258.0700378417969
2018-08-30,257.0252685546875
2018-08-31,257.03411865234375
2018-09-04,256.5913391113281
2018-09-05,255.90072631835938
2018-09-06,255.1305389404297
2018-09-07,254.634765625
2018-09-10,255.07748413085938
2018-09-11,255.91859436035156
2018-09-12,255.98056030273438
2018-09-13,257.4945068359375
2018-09-14,257.53875732421875
2018-09-17,256.1753234863281
2018-09-18,257.5653991699219
2018-09-19,257.83978271484375
2018-09-20,259.92938232421875
2018-09-21,259.6918640136719
2018-09-24,258.8291320800781
2018-09-25,258.58905029296875
2018-09-26,257.815185546875
2018-09-27,258.5356750488281
2018-09-28,258.56231689453125
2018-10-01,259.4606018066406
2018-10-02,259.3094177246094
2018-10-03,259.4517822265625
2018-10-04,257.42388916015625
2018-10-05,255.9830780029297
2018-10-08,255.9830780029297
2018-10-09,255.6094970703125
2018-10-10,247.51609802246094
2018-10-11,242.06417846679688
2018-10-12,245.4260711669922
2018-10-15,244.0475311279297
2018-10-16,249.3839111328125
2018-10-17,249.4283447265625
2018-10-18,245.82630920410156
2018-10-19,245.6929473876953
2018-10-22,244.59011840820312
2018-10-23,243.34486389160156
2018-10-24,235.97189331054688
2018-10-25,240.20541381835938
2018-10-26,235.98080444335938
2018-10-29,234.67340087890625
2018-10-30,238.15090942382812
2018-10-31,240.69459533691406
2018-11-01,243.25599670410156
2018-11-02,241.81521606445312
2018-11-05,243.1492919921875
2018-11-06,244.6879119873047
2018-11-07,249.92633056640625
2018-11-08,249.47276306152344
2018-11-09,247.03594970703125
2018-11-12,242.4199981689453
2018-11-13,241.96636962890625
2018-11-14,240.31211853027344
2018-11-15,242.82015991210938
2018-11-16,243.45169067382812
2018-11-19,239.33375549316406
2018-11-20,234.90464782714844
2018-11-21,235.7051239013672
2018-11-23,234.1309356689453
2018-11-26,237.9108123779297
2018-11-27,238.711181640625
2018-11-28,244.2075958251953
2018-11-29,243.67396545410156
2018-11-30,245.15928649902344
2018-12-03,248.4055633544922
2018-12-04,240.3565673828125
2018-12-06,239.99192810058594
2018-12-07,234.4154510498047
2018-12-10,234.86016845703125
2018-12-11,234.91354370117188
2018-12-12,236.09645080566406
2018-12-13,236.01637268066406
2018-12-14,231.6583251953125
2018-12-17,227.11361694335938
2018-12-18,226.86456298828125
2018-12-19,223.4671173095703
2018-12-20,219.8295135498047
2018-12-21,215.32533264160156
2018-12-24,209.6358184814453
2018-12-26,220.22763061523438
2018-12-27,221.91836547851562
2018-12-28,221.6321258544922
2018-12-31,223.57337951660156
2019-01-02,223.8059539794922
2019-01-03,218.46531677246094
2019-01-04,225.78294372558594
2019-01-07,227.5631866455078
2019-01-08,229.70123291015625
2019-01-09,230.7747344970703
2019-01-10,231.58876037597656
2019-01-11,231.6782684326172
2019-01-14,230.26480102539062
2019-01-15,232.9038848876953
2019-01-16,233.46743774414062
2019-01-17,235.2387237548828
2019-01-18,238.36973571777344
2019-01-22,235.14920043945312
2019-01-23,235.64125061035156
2019-01-24,235.76646423339844
2019-01-25,237.76141357421875
2019-01-28,235.95433044433594
2019-01-29,235.64125061035156
2019-01-30,239.37171936035156
2019-01-31,241.47390747070312
2019-02-01,241.59022521972656
2019-02-04,243.28982543945312
2019-02-05,244.30975341796875
2019-02-06,243.9876251220703
2019-02-07,241.6618194580078
2019-02-08,241.95701599121094
2019-02-11,242.09112548828125
2019-02-12,245.20423889160156
2019-02-13,246.00050354003906
2019-02-14,245.4547576904297
2019-02-15,248.12960815429688
2019-02-19,248.55897521972656
2019-02-20,249.0599822998047
2019-02-21,248.1742401123047
2019-02-22,249.71299743652344
2019-02-25,250.05300903320312
2019-02-26,249.87403869628906
2019-02-27,249.7666778564453
2019-02-28,249.3014678955078
2019-03-01,250.85816955566406
2019-03-04,249.94557189941406
2019-03-05,249.6056365966797
2019-03-06,248.09385681152344
2019-03-07,246.01841735839844
2019-03-08,245.5264129638672
2019-03-11,249.08685302734375
2019-03-12,250.0260772705078
2019-03-13,251.6810302734375
2019-03-14,251.52008056640625
2019-03-15,252.76268005371094
2019-03-18,253.67916870117188
2019-03-19,253.7421112060547
2019-03-20,252.97837829589844
2019-03-21,255.83560180664062
2019-03-22,250.91172790527344
2019-03-25,250.72314453125
2019-03-26,252.5919952392578
2019-03-27,251.27110290527344
2019-03-28,252.22360229492188
2019-03-29,253.8139190673828
2019-04-01,256.8240051269531
2019-04-02,256.94970703125
2019-04-03,257.35418701171875
2019-04-04,258.0369873046875
2019-04-05,259.2860107421875
2019-04-08,259.48358154296875
2019-04-09,258.15374755859375
2019-04-10,259.0343322753906
2019-04-11,258.96240234375
2019-04-12,260.7146301269531
2019-04-15,260.5438537597656
2019-04-16,260.7146301269531
2019-04-17,260.07666015625
2019-04-18,260.5887145996094
2019-04-22,260.8133850097656
2019-04-23,263.1585693359375
2019-04-24,262.5745849609375
2019-04-25,262.4128723144531
2019-04-26,263.63470458984375
2019-04-29,264.048095703125
2019-04-30,264.1829528808594
2019-05-01,262.1971435546875
2019-05-02,261.6310729980469
2019-05-03,264.1918640136719
2019-05-06,263.10467529296875
2019-05-07,258.7108459472656
2019-05-08,258.3514709472656
2019-05-09,257.5697937011719
2019-05-10,258.8636474609375
2019-05-13,252.35845947265625
2019-05-14,254.6405029296875
2019-05-15,256.132080078125
2019-05-16,258.5042419433594
2019-05-17,256.8329772949219
2019-05-20,255.13479614257812
2019-05-21,257.43499755859375
2019-05-22,256.644287109375
2019-05-23,253.50845336914062
2019-05-24,254.08352661132812
2019-05-28,251.72039794921875
2019-05-29,250.0312042236328
2019-05-30,250.71409606933594
2019-05-31,247.3356475830078
2019-06-03,246.7066650390625
2019-06-04,252.06185913085938
2019-06-05,254.24517822265625
2019-06-06,255.89857482910156
2019-06-07,258.4593200683594
2019-06-10,259.64532470703125
2019-06-11,259.58251953125
2019-06-12,259.1241455078125
2019-06-13,260.1934814453125
2019-06-14,259.9059143066406
2019-06-17,260.0047302246094
2019-06-18,262.7272644042969
2019-06-19,263.3202819824219
2019-06-20,265.836181640625
2019-06-21,265.4497375488281
2019-06-24,265.12469482421875
2019-06-25,262.52435302734375
2019-06-26,262.2625427246094
2019-06-27,263.19256591796875
2019-06-28,264.546875
2019-07-01,266.948486328125
2019-07-02,267.6437683105469
2019-07-03,269.7835388183594
2019-07-05,269.4765930175781
2019-07-08,267.9958801269531
2019-07-09,268.3299255371094
2019-07-10,269.6121520996094
2019-07-11,270.2441101074219
2019-07-12,271.4539794921875
2019-07-15,271.5442199707031
2019-07-16,270.6683654785156
2019-07-17,268.82647705078125
2019-07-18,269.81072998046875
2019-07-19,268.3118896484375
2019-07-22,268.9709777832031
2019-07-23,270.89410400390625
2019-07-24,272.16717529296875
2019-07-25,270.8670654296875
2019-07-26,272.6819152832031
2019-07-29,272.1852722167969
2019-07-30,271.51715087890625
2019-07-31,268.5466003417969
2019-08-01,266.2080993652344
2019-08-02,264.20367431640625
2019-08-05,256.2583312988281
2019-08-06,259.8518371582031
2019-08-07,260.0052795410156
2019-08-08,265.1066589355469
2019-08-09,263.30084228515625
2019-08-12,260.09564208984375
2019-08-13,264.1405029296875
2019-08-14,256.3305358886719
2019-08-15,257.00762939453125
2019-08-16,260.79986572265625
2019-08-19,263.9418640136719
2019-08-20,261.91943359375
2019-08-21,264.0502624511719
2019-08-22,263.96893310546875
2019-08-23,257.18829345703125
2019-08-26,260.0323791503906
2019-08-27,259.0121154785156
2019-08-28,260.8359375
2019-08-29,264.1676330566406
2019-08-30,264.0502624511719
2019-09-03,262.5062561035156
2019-09-04,265.4858703613281
2019-09-05,268.8988037109375
2019-09-06,269.1064453125
2019-09-09,269.24188232421875
2019-09-10,269.1785583496094
2019-09-11,271.0927734375
2019-09-12,272.0318603515625
2019-09-13,271.85125732421875
2019-09-16,271.01153564453125
2019-09-17,271.6977844238281
2019-09-18,271.8602600097656
2019-09-19,271.8421630859375
2019-09-20,270.55780029296875
2019-09-23,270.4942321777344
2019-09-24,268.371826171875
2019-09-25,269.9591369628906
2019-09-26,269.396728515625
2019-09-27,267.9454650878906
2019-09-30,269.1881103515625
2019-10-01,265.9861755371094
2019-10-02,261.28759765625
2019-10-03,263.42828369140625
2019-10-04,266.9930419921875
2019-10-07,265.841064453125
2019-10-08,261.71392822265625
2019-10-09,264.1993103027344
2019-10-10,265.9861755371094
2019-10-11,268.7436218261719
2019-10-14,268.44427490234375
2019-10-15,271.10211181640625
2019-10-16,270.6666259765625
2019-10-17,271.4648742675781
2019-10-18,270.2765808105469
2019-10-21,272.10888671875
2019-10-22,271.2199401855469
2019-10-23,272.0091247558594
2019-10-24,272.45361328125
2019-10-25,273.5692443847656
2019-10-28,275.1111755371094
2019-10-29,275.02960205078125
2019-10-30,275.8731689453125
2019-10-31,275.13848876953125
2019-11-01,277.6874084472656
2019-11-04,278.80291748046875
2019-11-05,278.4945373535156
2019-11-06,278.5580749511719
2019-11-07,279.5376281738281
2019-11-08,280.2270202636719
2019-11-11,279.6918640136719
2019-11-12,280.2815246582031
2019-11-13,280.37213134765625
2019-11-14,280.7803039550781
2019-11-15,282.8121643066406
2019-11-18,283.02069091796875
2019-11-19,282.93914794921875
2019-11-20,281.8868713378906
2019-11-21,281.43353271484375
2019-11-22,282.059326171875
2019-11-25,284.2453308105469
2019-11-26,284.8893127441406
2019-11-27,286.15924072265625
2019-11-29,285.0979919433594
2019-12-02,282.6761779785156
2019-12-03,280.7803039550781
2019-12-04,282.5128479003906
2019-12-05,283.02069091796875
2019-12-06,285.6059265136719
2019-12-09,284.7079162597656
2019-12-10,284.3905334472656
2019-12-11,285.1977844238281
2019-12-12,287.6559143066406
2019-12-13,287.82818603515625
2019-12-16,289.8056335449219
2019-12-17,289.8690490722656
2019-12-18,289.88714599609375
2019-12-19,291.075439453125
2019-12-20,292.3515930175781
2019-12-23,292.7982482910156
2019-12-24,292.8074035644531
2019-12-26,294.3660888671875
2019-12-27,294.29315185546875
2019-12-30,292.6706237792969
2019-12-31,293.3815612792969
2020-01-02,296.1252746582031
2020-01-03,293.88299560546875
2020-01-06,295.004150390625
2020-01-07,294.1746520996094
2020-01-08,295.7424621582031
2020-01-09,297.7477722167969
2020-01-10,296.8908996582031
2020-01-13,298.9327392578125
2020-01-14,298.4770202636719
2020-01-15,299.1515808105469
2020-01-16,301.6399841308594
2020-01-17,302.57879638671875
2020-01-21,301.986328125
2020-01-22,302.0228576660156
2020-01-23,302.3692321777344
2020-01-24,299.68023681640625
2020-01-27,294.87646484375
2020-01-28,297.96649169921875
2020-01-29,297.72039794921875
2020-01-30,298.6866760253906
2020-01-31,293.2631530761719
2020-02-03,295.44171142578125
2020-02-04,299.9444885253906
2020-02-05,303.4082946777344
2020-02-06,304.42926025390625
2020-02-07,302.8067932128906
2020-02-10,305.0672912597656
2020-02-11,305.5960388183594
2020-02-12,307.5649108886719
2020-02-13,307.23675537109375
2020-02-14,307.72900390625
2020-02-18,306.9359436035156
2020-02-19,308.4034729003906
2020-02-20,307.1364440917969
2020-02-21,303.9735107421875
2020-02-24,293.89208984375
2020-02-25,284.9864501953125
2020-02-26,283.9383239746094
2020-02-27,271.1861572265625
2020-02-28,270.0467224121094
2020-03-02,281.7415466308594
2020-03-03,273.674560546875
2020-03-04,285.17791748046875
2020-03-05,275.6981201171875
2020-03-06,271.14056396484375
2020-03-09,249.96595764160156
2020-03-10,262.90045166015625
2020-03-11,250.08448791503906
2020-03-12,226.15708923339844
2020-03-13,245.49034118652344
2020-03-16,218.6279296875
2020-03-17,230.43209838867188
2020-03-18,218.76466369628906
2020-03-19,219.22955322265625
2020-03-20,209.78196716308594
2020-03-23,204.418212890625
2020-03-24,222.93923950195312
2020-03-25,226.27664184570312
2020-03-26,239.4888916015625
2020-03-27,232.35556030273438
2020-03-30,239.90147399902344
2020-03-31,236.32566833496094
2020-04-01,225.6898956298828
2020-04-02,230.89773559570312
2020-04-03,227.56031799316406
2020-04-06,242.84463500976562
2020-04-07,243.0922088623047
2020-04-08,251.25238037109375
2020-04-09,255.0758514404297
2020-04-13,252.74700927734375
2020-04-14,260.2012023925781
2020-04-15,254.67237854003906
2020-04-16,255.9010009765625
2020-04-17,262.8143005371094
2020-04-20,258.1841125488281
2020-04-21,250.3447723388672
2020-04-22,255.9010009765625
2020-04-23,255.88258361816406
2020-04-24,259.44927978515625
2020-04-27,263.1902160644531
2020-04-28,261.9798889160156
2020-04-29,268.8382263183594
2020-04-30,266.3351745605469
2020-05-01,259.2843017578125
2020-05-04,259.9994201660156
2020-05-05,262.4017333984375
2020-05-06,260.6229553222656
2020-05-07,263.7678527832031
2020-05-08,268.1322326660156
2020-05-11,268.18719482421875
2020-05-12,262.84185791015625
2020-05-13,258.1932678222656
2020-05-14,261.2830810546875
2020-05-15,262.4842224121094
2020-05-18,270.4794616699219
2020-05-19,267.7013244628906
2020-05-20,272.2490234375
2020-05-21,270.3694152832031
2020-05-22,270.8828430175781
2020-05-26,274.22027587890625
2020-05-27,278.3003845214844
2020-05-28,277.7868957519531
2020-05-29,279.0248107910156
2020-06-01,280.1524353027344
2020-06-02,282.4721984863281
2020-06-03,286.2314758300781
2020-06-04,285.4795837402344
2020-06-05,292.7962646484375
2020-06-08,296.33538818359375
2020-06-09,294.1257629394531
2020-06-10,292.48455810546875
2020-06-11,275.623046875
2020-06-12,278.9238586425781
2020-06-15,281.5278015136719
2020-06-16,286.9465637207031
2020-06-17,285.7546081542969
2020-06-18,285.8646240234375
2020-06-19,284.23095703125
2020-06-22,286.0543518066406
2020-06-23,287.3712158203125
2020-06-24,280.040771484375
2020-06-25,283.04290771484375
2020-06-26,276.3202819824219
2020-06-29,280.38153076171875
2020-06-30,283.9730529785156
2020-07-01,285.96221923828125
2020-07-02,287.5369567871094
2020-07-06,291.9757995605469
2020-07-07,288.96441650390625
2020-07-08,291.174560546875
2020-07-09,289.5169677734375
2020-07-10,292.4731140136719
2020-07-13,289.9405517578125
2020-07-14,293.697998046875
2020-07-15,296.3962707519531
2020-07-16,295.4200439453125
2020-07-17,296.2764587402344
2020-07-20,298.6708984375
2020-07-21,299.3063049316406
2020-07-22,301.0099182128906
2020-07-23,297.4184265136719
2020-07-24,295.5029296875
2020-07-27,297.65789794921875
2020-07-28,295.76995849609375
2020-07-29,299.4076232910156
2020-07-30,298.3393859863281
2020-07-31,300.6968688964844
2020-08-03,302.7873840332031
2020-08-04,303.9569091796875
2020-08-05,305.8448791503906
2020-08-06,307.8891906738281
2020-08-07,308.1102294921875
2020-08-10,309.03118896484375
2020-08-11,306.4801025390625
2020-08-12,310.75335693359375
2020-08-13,310.19146728515625
2020-08-14,310.2007141113281
2020-08-17,311.18609619140625
2020-08-18,311.85833740234375
2020-08-19,310.5598449707031
2020-08-20,311.52685546875
2020-08-21,312.6319885253906
2020-08-24,315.7998962402344
2020-08-25,316.9049377441406
2020-08-26,320.0821838378906
2020-08-27,320.781982421875
2020-08-28,322.8540344238281
2020-08-31,321.68450927734375
2020-09-01,324.7143249511719
2020-09-02,329.41094970703125
2020-09-03,318.0745544433594
2020-09-04,315.4775085449219
2020-09-08,306.85784912109375
2020-09-09,312.91741943359375
2020-09-10,307.4840087890625
2020-09-11,307.64068603515625
2020-09-14,311.6925964355469
2020-09-15,313.26739501953125
2020-09-16,312.0242004394531
2020-09-17,309.2797546386719
2020-09-18,305.71923828125
2020-09-21,302.316650390625
2020-09-22,305.39556884765625
2020-09-23,298.31317138671875
2020-09-24,299.1082458496094
2020-09-25,303.94390869140625
2020-09-28,308.99224853515625
2020-09-29,307.3094177246094
2020-09-30,309.6394958496094
2020-10-01,311.62744140625
2020-10-02,308.668701171875
2020-10-05,314.14227294921875
2020-10-06,309.6763610839844
2020-10-07,315.0669250488281
2020-10-08,317.8592224121094
2020-10-09,320.6976013183594
2020-10-12,325.8569641113281
2020-10-13,323.7303771972656
2020-10-14,321.6962585449219
2020-10-15,321.2986755371094
2020-10-16,321.10455322265625
2020-10-19,316.22259521484375
2020-10-20,317.48931884765625
2020-10-21,316.88836669921875
2020-10-22,318.6266174316406
2020-10-23,319.7084045410156
2020-10-26,313.8002014160156
2020-10-27,312.7184753417969
2020-10-28,302.0299377441406
2020-10-29,305.09967041015625
2020-10-30,301.9190979003906
2020-11-02,305.3030700683594
2020-11-03,310.6935119628906
2020-11-04,317.63726806640625
2020-11-05,323.83221435546875
2020-11-06,323.7580871582031
2020-11-09,327.8263244628906
2020-11-10,327.345703125
2020-11-11,329.7772216796875
2020-11-12,326.578125
2020-11-13,331.0994567871094
2020-11-16,335.2324523925781
2020-11-17,333.429443359375
2020-11-18,329.41668701171875
2020-11-19,330.8035583496094
2020-11-20,328.5382385253906
2020-11-23,330.5076599121094
2020-11-24,335.8333740234375
2020-11-25,335.315673828125
2020-11-27,336.2495422363281
2020-11-30,334.7608337402344
2020-12-01,338.4223327636719
2020-12-02,339.1341552734375
2020-12-03,339.0417785644531
2020-12-04,341.9635314941406
2020-12-07,341.26080322265625
2020-12-08,342.25946044921875
2020-12-09,339.189697265625
2020-12-10,339.0787353515625
2020-12-11,338.6811828613281
2020-12-14,337.164794921875
2020-12-15,341.7231140136719
2020-12-16,342.25946044921875
2020-12-17,344.1733093261719
2020-12-18,342.7990417480469
2020-12-21,341.5733337402344
2020-12-22,340.9977111816406
2020-12-23,341.30413818359375
2020-12-24,342.6319885253906
2020-12-28,345.575439453125
2020-12-29,344.9161682128906
2020-12-30,345.4082336425781
2020-12-31,347.1632385253906
2021-01-04,342.4369812011719
2021-01-05,344.79541015625
2021-01-06,346.85675048828125
2021-01-07,352.0101318359375
2021-01-08,354.0158386230469
2021-01-11,351.6295471191406
2021-01-12,351.7037658691406
2021-01-13,352.65093994140625
2021-01-14,351.4158935546875
2021-01-15,348.8531799316406
2021-01-19,351.5924377441406
2021-01-20,356.4579162597656
2021-01-21,356.7828674316406
2021-01-22,355.5201110839844
2021-01-25,356.92218017578125
2021-01-26,356.3651123046875
2021-01-27,347.6552429199219
2021-01-28,350.6452331542969
2021-01-29,343.6254577636719
2021-02-01,349.3453063964844
2021-02-02,354.28509521484375
2021-02-03,354.5636901855469
2021-02-04,358.593505859375
2021-02-05,360.0048522949219
2021-02-08,362.60479736328125
2021-02-09,362.3634338378906
2021-02-10,362.20556640625
2021-02-11,362.7905578613281
2021-02-12,364.58258056640625
2021-02-16,364.26690673828125
2021-02-17,364.3505859375
2021-02-18,362.7998352050781
2021-02-19,362.1591796875
2021-02-22,359.3735046386719
2021-02-23,359.8099670410156
2021-02-24,363.77490234375
2021-02-25,355.0093994140625
2021-02-26,353.1800842285156
2021-03-01,361.7413330078125
2021-03-02,358.9186096191406
2021-03-03,354.1644287109375
2021-03-04,349.78179931640625
2021-03-05,356.21649169921875
2021-03-08,354.4429626464844
2021-03-09,359.50360107421875
2021-03-10,361.7413330078125
2021-03-11,365.4090576171875
2021-03-12,365.9012451171875
2021-03-15,368.08331298828125
2021-03-16,367.61895751953125
2021-03-17,368.8724670410156
2021-03-18,363.5055236816406
2021-03-19,362.83294677734375
2021-03-22,365.7301940917969
2021-03-23,362.85162353515625
2021-03-24,361.0069885253906
2021-03-25,363.0379333496094
2021-03-26,368.8882751464844
2021-03-29,368.701904296875
2021-03-30,367.7237854003906
2021-03-31,369.21429443359375
2021-04-01,373.20147705078125
2021-04-05,378.5580749511719
2021-04-06,378.3345031738281
2021-04-07,378.7723083496094
2021-04-08,380.5703125
2021-04-09,383.3370666503906
2021-04-12,383.476806640625
2021-04-13,384.6133117675781
2021-04-14,383.2998352050781
2021-04-15,387.41741943359375
2021-04-16,388.7123107910156
2021-04-19,386.80255126953125
2021-04-20,383.9706115722656
2021-04-21,387.60369873046875
2021-04-22,384.0637512207031
2021-04-23,388.2279052734375
2021-04-26,389.0383605957031
2021-04-27,388.9544982910156
2021-04-28,388.84271240234375
2021-04-29,391.3207092285156
2021-04-30,388.7494812011719
2021-05-03,389.5880126953125
2021-05-04,387.1844482421875
2021-05-05,387.3056640625
2021-05-06,390.3985290527344
2021-05-07,393.2398376464844
2021-05-10,389.3457946777344
2021-05-11,385.8710021972656
2021-05-12,377.673095703125
2021-05-13,382.2098693847656
2021-05-14,388.0788269042969
2021-05-17,387.0913391113281
2021-05-18,383.75628662109375
2021-05-19,382.7501220703125
2021-05-20,386.8677978515625
2021-05-21,386.55108642578125
2021-05-24,390.49169921875
2021-05-25,389.6252746582031
2021-05-26,390.3985290527344
2021-05-27,390.6033935546875
2021-05-28,391.3021545410156
2021-06-01,390.95745849609375
2021-06-02,391.5722351074219
2021-06-03,390.1190185546875
2021-06-04,393.68701171875
2021-06-07,393.3050231933594
2021-06-08,393.38885498046875
2021-06-09,392.8019714355469
2021-06-10,394.62786865234375
2021-06-11,395.27996826171875
2021-06-14,396.1649475097656
2021-06-15,395.4383544921875
2021-06-16,393.2304992675781
2021-06-17,393.1001281738281
2021-06-18,387.79693603515625
2021-06-21,393.3486633300781
2021-06-22,395.4516296386719
2021-06-23,394.97503662109375
2021-06-24,397.3114929199219
2021-06-25,398.7228088378906
2021-06-28,399.526611328125
2021-06-29,399.7415771484375
2021-06-30,400.0780029296875
2021-07-01,402.29315185546875
2021-07-02,405.3680419921875
2021-07-06,404.629638671875
2021-07-07,406.05963134765625
2021-07-08,402.75103759765625
2021-07-09,407.05029296875
2021-07-12,408.50836181640625
2021-07-13,407.1157531738281
2021-07-14,407.7232971191406
2021-07-15,406.3307189941406
2021-07-16,403.1436462402344
2021-07-19,397.1900939941406
2021-07-20,402.8819274902344
2021-07-21,406.1438293457031
2021-07-22,406.9943542480469
2021-07-23,411.1814880371094
2021-07-26,412.1908264160156
2021-07-27,410.3122863769531
2021-07-28,410.1440124511719
2021-07-29,411.844970703125
2021-07-30,409.84490966796875
2021-08-02,408.98516845703125
2021-08-03,412.3123474121094
2021-08-04,410.2842102050781
2021-08-05,412.88250732421875
2021-08-06,413.5646667480469
2021-08-09,413.2283630371094
2021-08-10,413.7422790527344
2021-08-11,414.7704162597656
2021-08-12,416.013427734375
2021-08-13,416.7705993652344
2021-08-16,417.7518310546875
2021-08-17,415.0133972167969
2021-08-18,410.47113037109375
2021-08-19,411.1066589355469
2021-08-20,414.37786865234375
2021-08-23,418.02301025390625
2021-08-24,418.6864929199219
2021-08-25,419.56512451171875
2021-08-26,417.08837890625
2021-08-27,420.8175354003906
2021-08-30,422.6680908203125
2021-08-31,422.0418701171875
2021-09-01,422.2661437988281
2021-09-02,423.5653381347656
2021-09-03,423.4624328613281
2021-09-07,421.9483642578125
2021-09-08,421.434326171875
2021-09-09,419.63055419921875
2021-09-10,416.3218688964844
2021-09-13,417.38739013671875
2021-09-14,415.13494873046875
2021-09-15,418.6024169921875
2021-09-16,417.9388427734375
2021-09-17,413.8676452636719
2021-09-20,406.966796875
2021-09-21,406.58233642578125
2021-09-22,410.5484619140625
2021-09-23,415.5365905761719
2021-09-24,416.22113037109375
2021-09-27,415.03033447265625
2021-09-28,406.66668701171875
2021-09-29,407.35113525390625
2021-09-30,402.37237548828125
2021-10-01,407.1542663574219
2021-10-04,401.9035949707031
2021-10-05,406.0853576660156
2021-10-06,407.77313232421875
2021-10-07,411.29852294921875
2021-10-08,410.5484619140625
2021-10-11,407.57623291015625
2021-10-12,406.5729675292969
2021-10-13,408.0356750488281
2021-10-14,414.8990783691406
2021-10-15,418.05889892578125
2021-10-18,419.2965393066406
2021-10-19,422.53131103515625
2021-10-20,424.1908874511719
2021-10-21,425.2973327636719
2021-10-22,424.8566589355469
2021-10-25,427.13494873046875
2021-10-26,427.5195617675781
2021-10-27,425.6255187988281
2021-10-28,429.73223876953125
2021-10-29,430.60430908203125
2021-11-01,431.34503173828125
2021-11-02,433.0889587402344
2021-11-03,435.7330627441406
2021-11-04,437.7864990234375
2021-11-05,439.3054504394531
2021-11-08,439.6804504394531
2021-11-09,438.2271728515625
2021-11-10,434.70172119140625
2021-11-11,434.8423156738281
2021-11-12,438.12396240234375
2021-11-15,438.2741394042969
2021-11-16,440.0086669921875
2021-11-17,438.93975830078125
2021-11-18,440.4305725097656
2021-11-19,439.64300537109375
2021-11-22,438.40533447265625
2021-11-23,438.9866638183594
2021-11-24,440.1586608886719
2021-11-26,430.3417053222656
2021-11-29,435.6205749511719
2021-11-30,427.1444091796875
2021-12-01,422.3999938964844
2021-12-02,428.86962890625
2021-12-03,425.13787841796875
2021-12-06,430.1729736328125
2021-12-07,439.07110595703125
2021-12-08,440.2336730957031
2021-12-09,437.2614440917969
2021-12-10,441.3775939941406
2021-12-13,437.46771240234375
2021-12-14,434.4578552246094
2021-12-15,441.2463073730469
2021-12-16,437.3551940917969
2021-12-17,432.70037841796875
2021-12-20,428.099365234375
2021-12-21,435.70196533203125
2021-12-22,440.0583801269531
2021-12-23,442.7966003417969
2021-12-27,449.0631103515625
2021-12-28,448.6960144042969
2021-12-29,449.2701110839844
2021-12-30,448.0281066894531
2021-12-31,446.89892578125
2022-01-03,449.4864196777344
2022-01-04,449.3358459472656
2022-01-05,440.7076721191406
2022-01-06,440.29364013671875
2022-01-07,438.55291748046875
2022-01-10,438.0072021484375
2022-01-11,441.9967956542969
2022-01-12,443.1916809082031
2022-01-13,437.0851135253906
2022-01-14,437.263916015625
2022-01-18,429.5201110839844
2022-01-19,425.0601501464844
2022-01-20,420.3556213378906
2022-01-21,412.1037292480469
2022-01-24,413.85382080078125
2022-01-25,408.80108642578125
2022-01-26,407.7755126953125
2022-01-27,405.7619323730469
2022-01-28,415.8392028808594
2022-01-31,423.3288879394531
2022-02-01,426.1893615722656
2022-02-02,430.3293151855469
2022-02-03,420.2144470214844
2022-02-04,422.1904296875
2022-02-07,420.8354797363281
2022-02-08,424.2980651855469
2022-02-09,430.5081481933594
2022-02-10,422.7737121582031
2022-02-11,414.4371643066406
2022-02-14,413.0823059082031
2022-02-15,419.74407958984375
2022-02-16,420.2144470214844
2022-02-17,411.2380676269531
2022-02-18,408.5753173828125
2022-02-22,404.1906433105469
2022-02-23,397.0208435058594
2022-02-24,402.99566650390625
2022-02-25,411.8873291015625
2022-02-28,410.8335266113281
2022-03-01,404.57635498046875
2022-03-02,412.01904296875
2022-03-03,409.96783447265625
2022-03-04,406.6369934082031
2022-03-07,394.6496887207031
2022-03-08,391.6576232910156
2022-03-09,402.1582336425781
2022-03-10,400.3421936035156
2022-03-11,395.2518615722656
2022-03-14,392.36322021484375
2022-03-15,400.9915466308594
2022-03-16,409.88311767578125
2022-03-17,415.01123046875
2022-03-18,419.55670166015625
2022-03-21,419.43402099609375
2022-03-22,424.34197998046875
2022-03-23,418.8771057128906
2022-03-24,425.1913757324219
2022-03-25,427.26788330078125
2022-03-28,430.3070983886719
2022-03-29,435.6303405761719
2022-03-30,432.9403991699219
2022-03-31,426.27691650390625
2022-04-01,427.4850158691406
2022-04-04,431.1470642089844
2022-04-05,425.701171875
2022-04-06,421.4443664550781
2022-04-07,423.5679626464844
2022-04-08,422.43536376953125
2022-04-11,415.2151184082031
2022-04-12,413.6765441894531
2022-04-13,418.4146728515625
2022-04-14,413.2046813964844
2022-04-18,413.37451171875
2022-04-19,420.0475158691406
2022-04-20,419.73602294921875
2022-04-21,413.4595031738281
2022-04-22,402.11456298828125
2022-04-25,404.4458312988281
2022-04-26,392.7327575683594
2022-04-27,393.8370666503906
2022-04-28,403.78515625
2022-04-29,388.86297607421875
2022-05-02,391.2037658691406
2022-05-03,392.99700927734375
2022-05-04,404.9649353027344
2022-05-05,390.5712585449219
2022-05-06,388.2400207519531
2022-05-09,375.80963134765625
2022-05-10,376.6779479980469
2022-05-11,370.69403076171875
2022-05-12,370.30706787109375
2022-05-13,379.1602478027344
2022-05-16,377.6217956542969
2022-05-17,385.3896789550781
2022-05-18,369.85394287109375
2022-05-19,367.5887756347656
2022-05-20,367.7491455078125
2022-05-23,374.6298828125
2022-05-24,371.77001953125
2022-05-25,375.05450439453125
2022-05-26,382.5487060546875
2022-05-27,391.93988037109375
2022-05-31,389.74078369140625
2022-06-01,386.5882873535156
2022-06-02,393.9503173828125
2022-06-03,387.4849548339844
2022-06-06,388.664794921875
2022-06-07,392.3929443359375
2022-06-08,388.12677001953125
2022-06-09,378.89599609375
2022-06-10,367.90960693359375
2022-06-13,353.9407958984375
2022-06-14,352.8742370605469
2022-06-15,357.90496826171875
2022-06-16,346.05975341796875
2022-06-17,346.8057556152344
2022-06-21,355.5360412597656
2022-06-22,354.89154052734375
2022-06-23,358.3703918457031
2022-06-24,369.76434326171875
2022-06-27,368.3519592285156
2022-06-28,360.825439453125
2022-06-29,360.5316467285156
2022-06-30,357.6025085449219
2022-07-01,361.3847961425781
2022-07-05,362.0672302246094
2022-07-06,363.2900695800781
2022-07-07,368.7311706542969
2022-07-08,368.427734375
2022-07-11,364.2190246582031
2022-07-12,360.99609375
2022-07-13,359.1001892089844
2022-07-14,358.2282409667969
2022-07-15,365.0721740722656
2022-07-18,362.05780029296875
2022-07-19,371.84027099609375
2022-07-20,374.2100524902344
2022-07-21,378.0207214355469
2022-07-22,374.5134582519531
2022-07-25,374.9684143066406
2022-07-26,370.53216552734375
2022-07-27,380.1535339355469
2022-07-28,384.9215393066406
2022-07-29,390.5332336425781
2022-08-01,389.37677001953125
2022-08-02,386.80792236328125
2022-08-03,392.8651428222656
2022-08-04,392.5997619628906
2022-08-05,391.9361572265625
2022-08-08,391.481201171875
2022-08-09,389.9266357421875
2022-08-10,398.1166687011719
2022-08-11,398.1166687011719
2022-08-12,404.85638427734375
2022-08-15,406.5246276855469
2022-08-16,407.32098388671875
2022-08-17,404.4297180175781
2022-08-18,405.60516357421875
2022-08-19,400.1546936035156
2022-08-22,391.8224182128906
2022-08-23,390.8745422363281
2022-08-24,392.1257629394531
2022-08-25,397.66162109375
2022-08-26,384.2012023925781
2022-08-29,381.6607666015625
2022-08-30,377.470947265625
2022-08-31,374.5987548828125
2022-09-01,375.7742004394531
2022-09-02,371.81182861328125
2022-09-06,370.408935546875
2022-09-07,377.0633239746094
2022-09-08,379.5279235839844
2022-09-09,385.4239807128906
2022-09-12,389.56640625
2022-09-13,372.6270751953125
2022-09-14,374.0489501953125
2022-09-15,369.8022766113281
2022-09-16,366.9810485839844
2022-09-19,369.82696533203125
2022-09-20,365.5819396972656
2022-09-21,359.20477294921875
2022-09-22,356.1875305175781
2022-09-23,350.2196044921875
2022-09-26,346.75506591796875
2022-09-27,345.869873046875
2022-09-28,352.67529296875
2022-09-29,345.30828857421875
2022-09-30,339.9685974121094
2022-10-03,348.9442443847656
2022-10-04,359.7568664550781
2022-10-05,358.91925048828125
2022-10-06,355.2167053222656
2022-10-07,345.30828857421875
2022-10-10,342.6717529296875
2022-10-11,340.5016174316406
2022-10-12,339.3785400390625
2022-10-13,348.3350524902344
2022-10-14,340.3969421386719
2022-10-17,349.14404296875
2022-10-18,353.24639892578125
2022-10-19,350.7431335449219
2022-10-20,347.80206298828125
2022-10-21,356.25421142578125
2022-10-24,360.61346435546875
2022-10-25,366.3719482421875
2022-10-26,363.61163330078125
2022-10-27,361.66998291015625
2022-10-28,370.27435302734375
2022-10-31,367.5997314453125
2022-11-01,365.9912109375
2022-11-02,356.8062438964844
2022-11-03,353.1322021484375
2022-11-04,358.2149353027344
2022-11-07,361.6414489746094
2022-11-08,363.59259033203125
2022-11-09,356.1018371582031
2022-11-10,375.6711120605469
2022-11-11,379.30712890625
2022-11-14,376.0804748535156
2022-11-15,379.2879943847656
2022-11-16,376.3945617675781
2022-11-17,375.24285888671875
2022-11-18,376.9465637207031
2022-11-21,375.575927734375
2022-11-22,380.6300354003906
2022-11-23,383.0286865234375
2022-11-25,382.9429626464844
2022-11-28,376.83233642578125
2022-11-29,376.18505859375
2022-11-30,388.03521728515625
2022-12-01,387.7496337890625
2022-12-02,387.30230712890625
2022-12-05,380.33502197265625
2022-12-06,374.8525695800781
2022-12-07,374.21484375
2022-12-08,377.14642333984375
2022-12-09,374.3290710449219
2022-12-12,379.72589111328125
2022-12-13,382.6003723144531
2022-12-14,380.1542053222656
2022-12-15,370.85491943359375
2022-12-16,366.4766540527344
2022-12-19,363.3690185546875
2022-12-20,363.8662414550781
2022-12-21,369.3069763183594
2022-12-22,364.0383605957031
2022-12-23,366.13238525390625
2022-12-27,364.6885986328125
2022-12-28,360.15618896484375
2022-12-29,366.63916015625
2022-12-30,365.67340087890625
2023-01-03,364.13397216796875
2023-01-04,366.9450988769531
2023-01-05,362.757080078125
2023-01-06,371.0757751464844
2023-01-09,370.8654479980469
2023-01-10,373.4663391113281
2023-01-11,378.1898498535156
2023-01-12,379.56671142578125
2023-01-13,381.03936767578125
2023-01-17,380.3412170410156
2023-01-18,374.3364562988281
2023-01-19,371.611328125
2023-01-20,378.53411865234375
2023-01-23,383.075927734375
2023-01-24,382.664794921875
2023-01-25,382.8082580566406
2023-01-26,387.01544189453125
2023-01-27,387.9046630859375
2023-01-30,383.0377502441406
2023-01-31,388.669677734375
2023-02-01,392.80035400390625
2023-02-02,398.51837158203125
2023-02-03,394.2824401855469
2023-02-06,391.87286376953125
2023-02-07,396.9979553222656
2023-02-08,392.65692138671875
2023-02-09,389.2528991699219
2023-02-10,390.1613464355469
2023-02-13,394.7414245605469
2023-02-14,394.5597229003906
2023-02-15,395.8409729003906
2023-02-16,390.3907775878906
2023-02-17,389.4154357910156
2023-02-21,381.60345458984375
2023-02-22,381.07757568359375
2023-02-23,383.1046447753906
2023-02-24,379.01220703125
2023-02-27,380.30303955078125
2023-02-28,378.8974914550781
2023-03-01,377.44403076171875
2023-03-02,380.3795166015625
2023-03-03,386.4799499511719
2023-03-06,386.74774169921875
2023-03-07,380.8193664550781
2023-03-08,381.4408264160156
2023-03-09,374.40338134765625
2023-03-10,369.0009460449219
2023-03-13,368.47503662109375
2023-03-14,374.56597900390625
2023-03-15,372.22320556640625
2023-03-16,378.7540283203125
2023-03-17,374.3253479003906
2023-03-20,377.92474365234375
2023-03-21,382.88702392578125
2023-03-22,376.3601379394531
2023-03-23,377.37762451171875
2023-03-24,379.8539733886719
2023-03-27,380.564208984375
2023-03-28,379.71002197265625
2023-03-29,385.2290344238281
2023-03-30,387.4846496582031
2023-03-31,392.9460754394531
2023-04-03,394.4434814453125
2023-04-04,392.2550048828125
2023-04-05,391.22802734375
2023-04-06,392.7541198730469
2023-04-10,393.1572265625
2023-04-11,393.26287841796875
2023-04-12,391.6599426269531
2023-04-13,396.8622131347656
2023-04-14,395.892822265625
2023-04-17,397.3133239746094
2023-04-18,397.572509765625
2023-04-19,397.50531005859375
2023-04-20,395.3360900878906
2023-04-21,395.6431884765625
2023-04-24,396.0559997558594
2023-04-25,389.76904296875
2023-04-26,388.1181335449219
2023-04-27,395.84478759765625
2023-04-28,399.2234191894531
2023-05-01,398.8203125
2023-05-02,394.337890625
2023-05-03,391.6311340332031
2023-05-04,388.857177734375
2023-05-05,396.0559997558594
2023-05-08,396.1615295410156
2023-05-09,394.4242248535156
2023-05-10,396.26708984375
2023-05-11,395.5760803222656
2023-05-12,395.05767822265625
2023-05-15,396.4207458496094
2023-05-16,393.7715759277344
2023-05-17,398.55157470703125
2023-05-18,402.3908996582031
2023-05-19,401.8053283691406
2023-05-22,401.9685974121094
2023-05-23,397.4573974609375
2023-05-24,394.57781982421875
2023-05-25,397.994873046875
2023-05-26,403.1491394042969
2023-05-30,403.302734375
2023-05-31,401.06634521484375
2023-06-01,404.8768615722656
2023-06-02,410.7318420410156
2023-06-05,409.9447937011719
2023-06-06,410.8373718261719
2023-06-07,409.4168395996094
2023-06-08,411.8932800292969
2023-06-09,412.6322326660156
2023-06-12,416.3756408691406
2023-06-13,419.1207580566406
2023-06-14,419.619873046875
2023-06-15,424.8221740722656
2023-06-16,423.3750915527344
2023-06-20,421.1785583496094
2023-06-21,419.02056884765625
2023-06-22,420.5330810546875
2023-06-23,417.3538818359375
2023-06-26,415.6487121582031
2023-06-27,420.2055969238281
2023-06-28,420.4175720214844
2023-06-29,422.07452392578125
2023-06-30,427.05535888671875
2023-07-03,427.5466613769531
2023-07-05,426.910888671875
2023-07-06,423.5678405761719
2023-07-07,422.4984436035156
2023-07-10,423.5678405761719
2023-07-11,426.26531982421875
2023-07-12,429.695068359375
2023-07-13,433.10546875
2023-07-14,432.8357238769531
2023-07-17,434.338623046875
2023-07-18,437.5660400390625
2023-07-19,438.5390930175781
2023-07-20,435.6296081542969
2023-07-21,435.6296081542969
2023-07-24,437.57568359375
2023-07-25,438.770263671875
2023-07-26,438.83770751953125
2023-07-27,435.9282531738281
2023-07-28,440.19610595703125
2023-07-31,441.0342102050781
2023-08-01,439.77215576171875
2023-08-02,433.6546325683594
2023-08-03,432.4117736816406
2023-08-04,430.4561462402344
2023-08-07,434.2134094238281
2023-08-08,432.3251647949219
2023-08-09,429.4349365234375
2023-08-10,429.5890808105469
2023-08-11,429.3385925292969
2023-08-14,431.70849609375
2023-08-15,426.67962646484375
2023-08-16,423.548583984375
2023-08-17,420.3211975097656
2023-08-18,420.5234680175781
2023-08-21,423.25958251953125
2023-08-22,422.1131286621094
2023-08-23,426.8144836425781
2023-08-24,420.8992614746094
2023-08-25,423.8665466308594
2023-08-28,426.55438232421875
2023-08-29,432.7201232910156
2023-08-30,434.5024719238281
2023-08-31,433.8665771484375
2023-09-01,434.67578125
2023-09-05,432.79718017578125
2023-09-06,429.88775634765625
2023-09-07,428.5679016113281
2023-09-08,429.2133483886719
2023-09-11,432.0361022949219
2023-09-12,429.6661071777344
2023-09-13,430.1671447753906
2023-09-14,433.8761901855469
2023-09-15,428.6487121582031
2023-09-18,428.9000549316406
2023-09-19,428.0105895996094
2023-09-20,424.0757751464844
2023-09-21,417.0665588378906
2023-09-22,416.1287536621094
2023-09-25,417.8785705566406
2023-09-26,411.7394714355469
2023-09-27,411.90380859375
2023-09-28,414.29180908203125
2023-09-29,413.28631591796875
2023-10-02,413.1219787597656
2023-10-03,407.5918273925781
2023-10-04,410.5599365234375
2023-10-05,410.4052429199219
2023-10-06,415.27789306640625
2023-10-09,417.9366149902344
2023-10-10,420.1119079589844
2023-10-11,421.8327941894531
2023-10-12,419.2611389160156
2023-10-13,417.1728515625
2023-10-16,421.5621032714844
2023-10-17,421.54278564453125
2023-10-18,415.9256591796875
2023-10-19,412.2711181640625
2023-10-20,407.2051696777344
2023-10-23,406.4994201660156
2023-10-24,409.5641174316406
2023-10-25,403.68603515625
2023-10-26,398.85198974609375
2023-10-27,397.0441589355469
2023-10-30,401.7911376953125
2023-10-31,404.31451416015625
2023-11-01,408.6263122558594
2023-11-02,416.4573974609375
2023-11-03,420.2569274902344
2023-11-06,421.2236328125
2023-11-07,422.4225158691406
2023-11-08,422.7319030761719
2023-11-09,419.4351806640625
2023-11-10,425.9803161621094
2023-11-13,425.5743103027344
2023-11-14,433.8307189941406
2023-11-15,434.7491760253906
2023-11-16,435.28094482421875
2023-11-17,435.8223571777344
2023-11-20,439.1771240234375
2023-11-21,438.2199401855469
2023-11-22,439.9118347167969
2023-11-24,440.1826171875
2023-11-27,439.389892578125
2023-11-28,439.82489013671875
2023-11-29,439.5155334472656
2023-11-30,441.2460632324219
2023-12-01,443.8564453125
2023-12-04,441.5264892578125
2023-12-05,441.4394226074219
2023-12-06,439.66058349609375
2023-12-07,443.0152893066406
2023-12-08,444.919921875
2023-12-11,446.650390625
2023-12-12,448.6904602050781
2023-12-13,454.8778991699219
2023-12-14,456.3377685546875
2023-12-15,455.5863952636719
2023-12-18,458.14910888671875
2023-12-19,460.93505859375
2023-12-20,454.54779052734375
2023-12-21,458.8577575683594
2023-12-22,459.7799377441406
2023-12-26,461.7213439941406
2023-12-27,462.5561828613281
2023-12-28,462.73089599609375
2023-12-29,461.391357421875
2024-01-02,458.8092041015625
2024-01-03,455.0622253417969
2024-01-04,453.5964660644531
2024-01-05,454.2177734375
2024-01-08,460.70208740234375
2024-01-09,460.00323486328125
2024-01-10,462.6047058105469
2024-01-11,462.40087890625
2024-01-12,462.72119140625
2024-01-16,461.0224304199219
2024-01-17,458.459716796875
2024-01-18,462.5367431640625
2024-01-19,468.3028564453125
2024-01-22,469.29302978515625
2024-01-23,470.66162109375
2024-01-24,471.1761779785156
2024-01-25,473.7388610839844
2024-01-26,473.1369934082031
2024-01-29,476.8839416503906
2024-01-30,476.5151062011719
2024-01-31,468.7396545410156
2024-02-01,474.8746032714844
2024-02-02,479.87371826171875
2024-02-05,478.12646484375
2024-02-06,479.51458740234375
2024-02-07,483.51397705078125
2024-02-08,483.72747802734375
2024-02-09,486.523193359375
2024-02-12,486.3095703125
2024-02-13,479.6116638183594
2024-02-14,483.9701843261719
2024-02-15,487.3094787597656
2024-02-16,484.8826904296875
2024-02-20,482.2131652832031
2024-02-21,482.6500244140625
2024-02-22,492.63873291015625
2024-02-23,492.97845458984375
2024-02-26,491.1728820800781
2024-02-27,492.08538818359375
2024-02-28,491.43499755859375
2024-02-29,493.2016906738281
2024-03-01,497.8320007324219
2024-03-04,497.2981262207031
2024-03-05,492.3280334472656
2024-03-06,494.8227844238281
2024-03-07,499.734619140625
2024-03-08,496.735107421875
2024-03-11,496.3079833984375
2024-03-12,501.64691162109375
2024-03-13,500.860595703125
2024-03-14,499.8705139160156
2024-03-15,496.4381408691406
2024-03-18,499.3885498046875
2024-03-19,502.1636962890625
2024-03-20,506.808349609375
2024-03-21,508.483154296875
2024-03-22,507.51922607421875
2024-03-25,506.1170959472656
2024-03-26,505.1822204589844
2024-03-27,509.4277038574219
2024-03-28,509.33026123046875
2024-04-01,508.44415283203125
2024-04-02,505.2115173339844
2024-04-03,505.7665100097656
2024-04-04,499.593017578125
2024-04-05,504.8122253417969
2024-04-08,505.0946350097656
2024-04-09,505.67877197265625
2024-04-10,500.6154479980469
2024-04-11,504.39349365234375
2024-04-12,497.4313659667969
2024-04-15,491.1994323730469
2024-04-16,490.30364990234375
2024-04-17,487.4018859863281
2024-04-18,486.39892578125
2024-04-19,482.15350341796875
2024-04-22,486.59368896484375
2024-04-23,492.367919921875
2024-04-24,492.1342468261719
2024-04-25,490.2646789550781
2024-04-26,494.90936279296875
2024-04-29,496.66204833984375
2024-04-30,488.79437255859375
2024-05-01,487.2071533203125
2024-05-02,491.7641906738281
2024-05-03,497.8597717285156
2024-05-06,503.0010986328125
2024-05-07,503.5561828613281
2024-05-08,503.6047668457031
2024-05-09,506.5064697265625
2024-05-10,507.1589050292969
2024-05-13,507.22705078125
2024-05-14,509.5543518066406
2024-05-15,515.8640747070312
2024-05-16,514.802734375
2024-05-17,515.5427856445312
2024-05-20,516.13671875
2024-05-21,517.402587890625
2024-05-22,515.9127807617188
2024-05-23,512.1444702148438
2024-05-24,515.5330200195312
2024-05-28,515.8932495117188
2024-05-29,512.2806396484375
2024-05-30,508.8825378417969
2024-05-31,513.5173950195312
2024-06-03,513.9360961914062
2024-06-04,514.5106201171875
2024-06-05,520.6256713867188
2024-06-06,520.6158447265625
2024-06-07,519.9829711914062
2024-06-10,521.589599609375
2024-06-11,522.8457641601562
2024-06-12,527.139892578125
2024-06-13,528.2012939453125
2024-06-14,528.522705078125
2024-06-17,532.7291259765625
2024-06-18,534.0825805664062
2024-06-20,532.6317749023438
2024-06-21,531.9176635742188
2024-06-24,530.1886596679688
2024-06-25,532.2302856445312
2024-06-26,532.89453125
2024-06-27,533.7346801757812
2024-06-28,531.6343383789062
2024-07-01,532.728515625
2024-07-02,536.3135986328125
2024-07-03,538.70703125
2024-07-05,541.8134765625
2024-07-08,542.4386596679688
2024-07-09,542.9661865234375
2024-07-10,548.3389282226562
2024-07-11,543.6107788085938
2024-07-12,547.0396118164062
2024-07-15,548.5440673828125
2024-07-16,551.7970581054688
2024-07-17,544.0601806640625
2024-07-18,539.879150390625
2024-07-19,536.2940673828125
2024-07-22,541.8233032226562
2024-07-23,540.9733276367188
2024-07-24,528.7135009765625
2024-07-25,525.958740234375
2024-07-26,531.8493041992188
2024-07-29,532.161865234375
2024-07-30,529.4656982421875
2024-07-31,538.0719604492188
2024-08-01,530.4523315429688
2024-08-02,520.5761108398438
2024-08-05,505.41510009765625
2024-08-06,510.0748291015625
2024-08-07,506.66546630859375
2024-08-08,518.3782348632812
2024-08-09,520.6641235351562
2024-08-12,520.9376220703125
2024-08-13,529.5046997070312
2024-08-14,531.1752319335938
2024-08-15,540.27978515625
2024-08-16,541.4910888671875
2024-08-19,546.66845703125
2024-08-20,545.7796020507812
2024-08-21,547.6551513671875
2024-08-22,543.3568115234375
2024-08-23,549.1302490234375
2024-08-26,547.8211669921875
2024-08-27,548.573486328125
2024-08-28,545.3887939453125
2024-08-29,545.4376220703125
2024-08-30,550.6444702148438
2024-09-03,539.3125610351562
2024-09-04,538.2088012695312
2024-09-05,536.899658203125
2024-09-06,527.8635864257812
2024-09-09,533.773681640625
2024-09-10,536.0986328125
2024-09-11,541.5985717773438
2024-09-12,546.16064453125
2024-09-13,549.0130004882812
2024-09-16,549.8237915039062
2024-09-17,550.0484008789062
2024-09-18,548.4171142578125
2024-09-19,557.7755126953125
2024-09-20,556.8113403320312
2024-09-23,558.2027587890625
2024-09-24,559.7999267578125
2024-09-25,558.5653076171875
2024-09-26,560.77978515625
2024-09-27,559.9664916992188
2024-09-30,562.2105102539062
2024-10-01,557.1739501953125
2024-10-02,557.4090576171875
2024-10-03,556.3899536132812
2024-10-04,561.4461669921875
2024-10-07,556.370361328125
2024-10-08,561.6323852539062
2024-10-09,565.5223999023438
2024-10-10,564.5326538085938
2024-10-11,567.913330078125
2024-10-14,572.557861328125
2024-10-15,568.1093139648438
2024-10-16,570.5785522460938
2024-10-17,570.6275634765625
2024-10-18,572.8223876953125
2024-10-21,571.8817749023438
2024-10-22,571.5780029296875
2024-10-23,566.3552856445312
2024-10-24,567.5801391601562
2024-10-25,567.3840942382812
2024-10-28,569.1381225585938
2024-10-29,570.0592651367188
2024-10-30,568.3346557617188
2024-10-31,557.193603515625
2024-11-01,559.545166015625
2024-11-04,558.3399047851562
2024-11-05,565.0911865234375
2024-11-06,579.1426391601562
2024-11-07,583.6205444335938
2024-11-08,586.148681640625
2024-11-11,586.7072143554688
2024-11-12,584.8845825195312
2024-11-13,585.168701171875
2024-11-14,581.4060668945312
2024-11-15,573.9590454101562
2024-11-18,576.3108520507812
2024-11-19,578.41748046875
2024-11-20,578.6134643554688
2024-11-21,581.7196044921875
2024-11-22,583.5225830078125
2024-11-25,585.5020141601562
2024-11-26,588.5591430664062
2024-11-27,586.7757568359375
2024-11-29,590.4208984375
2024-12-02,591.4791870117188
2024-12-03,591.7534790039062
2024-12-04,595.4279174804688
2024-12-05,594.4482421875
2024-12-06,595.574951171875
2024-12-09,592.5079956054688
2024-12-10,590.6658325195312
2024-12-11,595.2320556640625
2024-12-12,592.1649780273438
2024-12-13,592.0474853515625
2024-12-16,594.5755615234375
2024-12-17,592.1257934570312
2024-12-18,574.4784545898438
2024-12-19,574.3019409179688
2024-12-20,581.1998901367188
2024-12-23,584.6803588867188
2024-12-24,591.1790771484375
2024-12-26,591.218505859375
2024-12-27,584.9949951171875
2024-12-30,578.3192749023438
2024-12-31,576.2152709960938
