Date,XLF,XLK
2007-01-03,20.48430633544922,9.059591293334961
2007-01-04,20.417726516723633,9.199387550354004
2007-01-05,20.256832122802734,9.125605583190918
2007-01-08,20.345603942871094,9.152788162231445
2007-01-09,20.31231117248535,9.164438247680664
2007-01-10,20.378890991210938,9.211037635803223
2007-01-11,20.506492614746094,9.30423355102539
2007-01-12,20.528688430786133,9.327534675598145
2007-01-16,20.584182739257812,9.308116912841797
2007-01-17,20.528688430786133,9.187734603881836
2007-01-18,20.445466995239258,9.082891464233398
2007-01-19,20.506492614746094,9.07900333404541
2007-01-22,20.48985481262207,9.01298999786377
2007-01-23,20.478757858276367,9.01298999786377
2007-01-24,20.689599990844727,9.17608642578125
2007-01-25,20.389982223510742,9.063471794128418
2007-01-26,20.428823471069336,9.067355155944824
2007-01-29,20.328956604003906,9.10619068145752
2007-01-30,20.406627655029297,9.160555839538574
2007-01-31,20.573078155517578,9.214919090270996
2007-02-01,20.70623779296875,9.17608642578125
2007-02-02,20.74507713317871,9.222686767578125
2007-02-05,20.739530563354492,9.199387550354004
2007-02-06,20.833847045898438,9.187734603881836
2007-02-07,20.911527633666992,9.230453491210938
2007-02-08,20.844955444335938,9.242101669311523
2007-02-09,20.623010635375977,9.141136169433594
2007-02-12,20.573078155517578,9.10230541229248
2007-02-13,20.722888946533203,9.13725471496582
2007-02-14,20.92262077331543,9.265398025512695
2007-02-15,20.95590591430664,9.300347328186035
2007-02-16,20.950361251831055,9.280933380126953
2007-02-20,21.061330795288086,9.284815788269043
2007-02-21,20.97255516052246,9.269286155700684
2007-02-22,20.889333724975586,9.319769859313965
2007-02-23,20.695138931274414,9.311999320983887
2007-02-26,20.545345306396484,9.288702011108398
2007-02-27,19.585477828979492,8.93144416809082
2007-02-28,19.946117401123047,8.966397285461426
2007-03-01,19.92392921447754,8.958623886108398
2007-03-02,19.696449279785156,8.791648864746094
2007-03-05,19.385740280151367,8.81106185913086
2007-03-06,19.790769577026367,8.946977615356445
2007-03-07,19.674259185791016,8.83436393737793
2007-03-08,19.851797103881836,8.908143997192383
2007-03-09,19.90174102783203,8.93144416809082
2007-03-12,19.90174102783203,8.985811233520508
2007-03-13,19.308067321777344,8.842129707336426
2007-03-14,19.352449417114258,8.923674583435059
2007-03-15,19.585477828979492,8.927560806274414
2007-03-16,19.51194190979004,8.912028312683105
2007-03-19,19.64008140563965,8.970274925231934
2007-03-20,19.818376541137695,9.02852725982666
2007-03-21,20.26967430114746,9.211037635803223
2007-03-22,20.147109985351562,9.17608642578125
2007-03-23,20.169389724731445,9.152788162231445
2007-03-26,20.069107055664062,9.164438247680664
2007-03-27,19.94652557373047,9.168320655822754
2007-03-28,19.695802688598633,9.063471794128418
2007-03-29,19.796085357666016,9.075118064880371
2007-03-30,19.851804733276367,9.055704116821289
2007-04-02,19.667940139770508,9.10230541229248
2007-04-03,19.91309928894043,9.17608642578125
2007-04-04,19.91309928894043,9.230453491210938
2007-04-05,19.92424201965332,9.265398025512695
2007-04-09,19.91866683959961,9.265398025512695
2007-04-10,20.007810592651367,9.257636070251465
2007-04-11,19.840665817260742,9.172201156616211
2007-04-12,19.807231903076172,9.269286155700684
2007-04-13,19.890811920166016,9.277050971984863
2007-04-16,20.375545501708984,9.354711532592773
2007-04-17,20.36996841430664,9.374134063720703
2007-04-18,20.60397720336914,9.350831985473633
2007-04-19,20.57612419128418,9.354711532592773
2007-04-20,20.681987762451172,9.409082412719727
2007-04-23,20.626266479492188,9.38966178894043
2007-04-24,20.564973831176758,9.440145492553711
2007-04-25,20.843563079833984,9.510043144226074
2007-04-26,20.810131072998047,9.564411163330078
2007-04-27,20.782272338867188,9.556646347045898
2007-04-30,20.62069320678711,9.482865333557129
2007-05-01,20.65969467163086,9.529460906982422
2007-05-02,20.748844146728516,9.579947471618652
2007-05-03,20.94384002685547,9.673142433166504
2007-05-04,21.016284942626953,9.711976051330566
2007-05-07,21.04413604736328,9.700322151184082
2007-05-08,20.99956703186035,9.739157676696777
2007-05-09,21.11099624633789,9.727509498596191
2007-05-10,20.810131072998047,9.677022933959961
2007-05-11,21.03299903869629,9.781872749328613
2007-05-14,20.93271255493164,9.735272407531738
2007-05-15,20.8825626373291,9.719738960266113
2007-05-16,21.12214469909668,9.80517292022705
2007-05-17,21.016284942626953,9.777985572814941
2007-05-18,21.071998596191406,9.828468322753906
2007-05-21,21.094284057617188,9.871186256408691
2007-05-22,21.11099624633789,9.859532356262207
2007-05-23,21.094284057617188,9.824589729309082
2007-05-24,20.904848098754883,9.700322151184082
2007-05-25,20.94384002685547,9.781872749328613
2007-05-29,21.03299903869629,9.84012222290039
2007-05-30,21.177858352661133,9.913902282714844
2007-05-31,21.116565704345703,9.960500717163086
2007-06-01,21.183439254760742,9.960500717163086
2007-06-04,21.15557098388672,9.995450973510742
2007-06-05,21.027429580688477,9.960500717163086
2007-06-06,20.84913444519043,9.844001770019531
2007-06-07,20.498109817504883,9.704205513000488
2007-06-08,20.737699508666992,9.84012222290039
2007-06-11,20.83241844177246,9.859532356262207
2007-06-12,20.548269271850586,9.743036270141602
2007-06-13,20.938283920288086,9.867303848266602
2007-06-14,20.904848098754883,9.960500717163086
2007-06-15,20.979923248291016,10.018012046813965
2007-06-18,20.974315643310547,10.04521369934082
2007-06-19,21.063949584960938,10.04133129119873
2007-06-20,20.6942081451416,9.983036994934082
2007-06-21,20.72781753540039,10.033554077148438
2007-06-22,20.464523315429688,9.920863151550293
2007-06-25,20.302059173583984,9.885883331298828
2007-06-26,20.111587524414062,9.850918769836426
2007-06-27,20.414098739624023,9.948066711425781
2007-06-28,20.380481719970703,9.983036994934082
2007-06-29,20.268447875976562,9.948066711425781
2007-07-02,20.44211769104004,10.033554077148438
2007-07-03,20.62138557434082,10.103504180908203
2007-07-05,20.447715759277344,10.142363548278809
2007-07-06,20.54855728149414,10.161788940429688
2007-07-09,20.464523315429688,10.220083236694336
2007-07-10,20.033161163330078,10.103504180908203
2007-07-11,20.10039520263672,10.161788940429688
2007-07-12,20.470129013061523,10.332773208618164
2007-07-13,20.54855728149414,10.356090545654297
2007-07-16,20.475725173950195,10.387182235717773
2007-07-17,20.542957305908203,10.422152519226074
2007-07-18,20.279651641845703,10.36775016784668
2007-07-19,20.21242904663086,10.453239440917969
2007-07-20,19.8594913482666,10.414381980895996
2007-07-23,19.848289489746094,10.429924964904785
2007-07-24,19.34970474243164,10.325000762939453
2007-07-25,19.439334869384766,10.336661338806152
2007-07-26,18.97995948791504,10.181224822998047
2007-07-27,18.68305015563965,9.96360969543457
2007-07-30,19.035991668701172,9.998583793640137
2007-07-31,18.43095588684082,9.928634643554688
2007-08-01,18.63823127746582,10.025786399841309
2007-08-02,18.761484146118164,10.04521369934082
2007-08-03,17.960376739501953,9.850918769836426
2007-08-06,18.879125595092773,10.006353378295898
2007-08-07,19.013578414916992,10.025786399841309
2007-08-08,19.46735191345215,10.181224822998047
2007-08-09,18.767080307006836,9.948066711425781
2007-08-10,18.68305015563965,9.808168411254883
2007-08-13,18.51498794555664,9.94417667388916
2007-08-14,18.1900634765625,9.742109298706055
2007-08-15,18.027597427368164,9.617762565612793
2007-08-16,18.571012496948242,9.555582046508789
2007-08-17,19.327289581298828,9.648843765258789
2007-08-20,19.069597244262695,9.683820724487305
2007-08-21,19.20404052734375,9.714910507202148
2007-08-22,19.25446319580078,9.843144416809082
2007-08-23,19.28247833251953,9.870343208312988
2007-08-24,19.34970474243164,10.010238647460938
2007-08-27,19.1256160736084,9.955833435058594
2007-08-28,18.554201126098633,9.777081489562988
2007-08-29,18.778289794921875,10.010238647460938
2007-08-30,18.660642623901367,10.052986145019531
2007-08-31,18.907135009765625,10.119048118591309
2007-09-04,19.05278778076172,10.274484634399414
2007-09-05,18.823108673095703,10.165680885314941
2007-09-06,18.68305015563965,10.216196060180664
2007-09-07,18.492578506469727,10.006353378295898
2007-09-10,18.43095588684082,9.986926078796387
2007-09-11,18.621429443359375,10.130704879760742
2007-09-12,18.660642623901367,10.103504180908203
2007-09-13,18.96875762939453,10.103504180908203
2007-09-14,19.035991668701172,10.052986145019531
2007-09-17,18.856719970703125,10.049100875854492
2007-09-18,19.568187713623047,10.247285842895508
2007-09-19,19.69142723083496,10.28614330291748
2007-09-20,19.45053482055664,10.325000762939453
2007-09-21,19.526737213134766,10.40404987335205
2007-09-24,19.255844116210938,10.376784324645996
2007-09-25,19.216331481933594,10.481924057006836
2007-09-26,19.221973419189453,10.548115730285645
2007-09-27,19.447717666625977,10.540328025817871
2007-09-28,19.36871337890625,10.501386642456055
2007-10-01,19.735544204711914,10.614311218261719
2007-10-02,19.961280822753906,10.653244972229004
2007-10-03,19.91613006591797,10.528642654418945
2007-10-04,20.034650802612305,10.555902481079102
2007-10-05,20.25474739074707,10.668819427490234
2007-10-08,19.978214263916016,10.688288688659668
2007-10-09,20.147523880004883,10.766161918640137
2007-10-10,20.034650802612305,10.801207542419434
2007-10-11,19.927417755126953,10.684395790100098
2007-10-12,20.057222366333008,10.789525985717773
2007-10-15,19.650890350341797,10.711647033691406
2007-10-16,19.2840518951416,10.711647033691406
2007-10-17,19.27277183532715,10.801207542419434
2007-10-18,19.03009605407715,10.828462600708008
2007-10-19,18.398025512695312,10.5714750289917
2007-10-22,18.623756408691406,10.63766860961914
2007-10-23,18.725341796875,10.754484176635742
2007-10-24,18.584253311157227,10.64545726776123
2007-10-25,18.56732749938965,10.735013008117676
2007-10-26,19.018810272216797,10.879080772399902
2007-10-29,19.075244903564453,10.91023063659668
2007-10-30,18.781776428222656,10.92969799041748
2007-10-31,19.035737991333008,11.05819320678711
2007-11-01,18.059404373168945,10.937488555908203
2007-11-02,17.969100952148438,10.960851669311523
2007-11-05,17.64743423461914,10.945277214050293
2007-11-06,17.9465389251709,11.003679275512695
2007-11-07,16.96454620361328,10.707755088806152
2007-11-08,17.139495849609375,10.326173782348633
2007-11-09,17.00969696044922,10.112015724182129
2007-11-12,17.071781158447266,9.948480606079102
2007-11-13,17.873167037963867,10.28723430633545
2007-11-14,17.805442810058594,10.228824615478516
2007-11-15,17.353961944580078,10.104226112365723
2007-11-16,17.2185115814209,10.248295783996582
2007-11-19,16.75574493408203,10.045825004577637
2007-11-20,16.38890266418457,10.131485939025879
2007-11-21,16.134944915771484,9.940690994262695
2007-11-23,16.518712997436523,10.038034439086914
2007-11-26,15.9656343460083,9.827774047851562
2007-11-27,16.253463745117188,9.936799049377441
2007-11-28,17.224149703979492,10.228824615478516
2007-11-29,17.071781158447266,10.279447555541992
2007-11-30,17.49505043029785,10.224934577941895
2007-12-03,17.353961944580078,10.162632942199707
2007-12-04,17.032268524169922,10.123699188232422
2007-12-05,17.28623390197754,10.357319831848145
2007-12-06,17.844940185546875,10.462451934814453
2007-12-07,17.607906341552734,10.474133491516113
2007-12-10,17.980392456054688,10.524748802185059
2007-12-11,17.071781158447266,10.361214637756348
2007-12-12,16.94197654724121,10.540328025817871
2007-12-13,16.936336517333984,10.485815048217773
2007-12-14,16.563859939575195,10.419614791870117
2007-12-17,16.38890266418457,10.22104263305664
2007-12-18,16.400197982788086,10.22104263305664
2007-12-19,16.496137619018555,10.28723430633545
2007-12-20,16.37761688232422,10.435196876525879
2007-12-21,16.680591583251953,10.569366455078125
2007-12-24,16.9824275970459,10.647602081298828
2007-12-26,16.862838745117188,10.706279754638672
2007-12-27,16.521133422851562,10.55762767791748
2007-12-28,16.481273651123047,10.506784439086914
2007-12-31,16.47557830810547,10.428544044494629
2008-01-02,16.150962829589844,10.217314720153809
2008-01-03,16.0484619140625,10.232965469360352
2008-01-04,15.592849731445312,9.833970069885254
2008-01-07,15.632718086242676,9.747910499572754
2008-01-08,15.063217163085938,9.48974609375
2008-01-09,15.347969055175781,9.622736930847168
2008-01-10,15.609945297241211,9.638388633728027
2008-01-11,15.661192893981934,9.497566223144531
2008-01-14,15.877599716186523,9.689238548278809
2008-01-15,15.222673416137695,9.48582935333252
2008-01-16,15.478947639465332,9.278508186340332
2008-01-17,14.693048477172852,9.196364402770996
2008-01-18,14.522194862365723,9.035987854003906
2008-01-22,14.835415840148926,8.867782592773438
2008-01-23,15.88898754119873,8.946017265319824
2008-01-24,15.894695281982422,9.075104713439941
2008-01-25,15.478947639465332,8.934283256530762
2008-01-28,16.0313720703125,8.973398208618164
2008-01-29,16.276248931884766,9.051630020141602
2008-01-30,15.94593620300293,8.981224060058594
2008-01-31,16.595170974731445,9.094664573669434
2008-02-01,16.9027042388916,9.251131057739258
2008-02-04,16.412925720214844,9.059454917907715
2008-02-05,15.74660873413086,8.832579612731934
2008-02-06,15.56436824798584,8.734786033630371
2008-02-07,15.706757545471191,8.789551734924316
2008-02-08,15.44478988647461,8.723051071166992
2008-02-11,15.103080749511719,8.875608444213867
2008-02-12,15.518810272216797,8.895166397094727
2008-02-13,15.461861610412598,9.0985746383667
2008-02-14,15.040444374084473,8.9186372756958
2008-02-15,15.27962875366211,8.88734245300293
2008-02-19,15.256853103637695,8.80519962310791
2008-02-20,15.43340015411377,8.820841789245605
2008-02-21,15.160027503967285,8.80519962310791
2008-02-22,15.490341186523438,8.797372817993164
2008-02-25,15.490341186523438,8.848225593566895
2008-02-26,15.627015113830566,8.949931144714355
2008-02-27,15.695361137390137,8.95775318145752
2008-02-28,15.205586433410645,8.844315528869629
2008-02-29,14.710134506225586,8.664379119873047
2008-03-03,14.510807037353516,8.6604642868042
2008-03-04,14.431077003479004,8.672201156616211
2008-03-05,14.317174911499023,8.734786033630371
2008-03-06,13.821714401245117,8.613526344299316
2008-03-07,13.850189208984375,8.613526344299316
2008-03-10,13.457232475280762,8.519645690917969
2008-03-11,14.339958190917969,8.820841789245605
2008-03-12,14.1007661819458,8.730875015258789
2008-03-13,14.066600799560547,8.695673942565918
2008-03-14,13.667953491210938,8.58614730834961
2008-03-17,13.354724884033203,8.547028541564941
2008-03-18,14.476640701293945,8.930373191833496
2008-03-19,14.095069885253906,8.664379119873047
2008-03-20,15.110064506530762,8.76063060760498
2008-03-24,15.305256843566895,9.06973934173584
2008-03-25,15.259326934814453,9.077567100524902
2008-03-26,14.708200454711914,8.901490211486816
2008-03-27,14.478561401367188,8.831061363220215
2008-03-28,14.15133285522461,8.776280403137207
2008-03-31,14.27763557434082,8.764542579650879
2008-04-01,15.2822904586792,9.018871307373047
2008-04-02,15.270813941955566,9.128429412841797
2008-04-03,15.339705467224121,9.124513626098633
2008-04-04,15.133028030395508,9.09321403503418
2008-04-07,15.224881172180176,9.101037979125977
2008-04-08,15.052658081054688,9.0462646484375
2008-04-09,14.800056457519531,9.00713062286377
2008-04-10,14.708200454711914,9.081474304199219
2008-04-11,14.426897048950195,8.838888168334961
2008-04-14,14.088186264038086,8.803671836853027
2008-04-15,14.231710433959961,8.803671836853027
2008-04-16,14.616347312927246,9.163642883300781
2008-04-17,14.86894702911377,9.15972900390625
2008-04-18,15.196179389953613,9.320151329040527
2008-04-21,14.960799217224121,9.378844261169434
2008-04-22,14.754128456115723,9.331890106201172
2008-04-23,14.656536102294922,9.390583038330078
2008-04-24,15.184694290161133,9.50405216217041
2008-04-25,15.471742630004883,9.390583038330078
2008-04-28,15.51192569732666,9.390583038330078
2008-04-29,15.322476387023926,9.48057746887207
2008-04-30,15.276554107666016,9.31232738494873
2008-05-01,15.79897403717041,9.70359992980957
2008-05-02,15.908051490783691,9.699691772460938
2008-05-05,15.632488250732422,9.656648635864258
2008-05-06,15.79897403717041,9.774030685424805
2008-05-07,15.23062515258789,9.6018705368042
2008-05-08,14.92061996459961,9.61751937866211
2008-05-09,14.92061996459961,9.586219787597656
2008-05-12,15.098583221435547,9.742730140686035
2008-05-13,14.960799217224121,9.742730140686035
2008-05-14,15.06413459777832,9.762296676635742
2008-05-15,15.213401794433594,9.950103759765625
2008-05-16,15.150253295898438,9.92662525177002
2008-05-19,15.006731033325195,9.977493286132812
2008-05-20,14.656536102294922,9.8209867477417
2008-05-21,14.283373832702637,9.562743186950684
2008-05-22,14.363753318786621,9.597952842712402
2008-05-23,14.15133285522461,9.57839584350586
2008-05-27,14.22596549987793,9.734905242919922
2008-05-28,14.14559268951416,9.789681434631348
2008-05-29,14.39819622039795,9.860109329223633
2008-05-30,14.214486122131348,9.918806076049805
2008-06-02,14.002065658569336,9.777945518493652
2008-06-03,13.95615005493164,9.723164558410645
2008-06-04,13.870030403137207,9.742730140686035
2008-06-05,14.14559268951416,9.942282676696777
2008-06-06,13.393529891967773,9.672297477722168
2008-06-09,13.209827423095703,9.652737617492676
2008-06-10,13.250014305114746,9.609696388244629
2008-06-11,12.86536979675293,9.363191604614258
2008-06-12,13.215572357177734,9.468842506408691
2008-06-13,13.422237396240234,9.570568084716797
2008-06-16,13.548540115356445,9.594040870666504
2008-06-17,13.152414321899414,9.554920196533203
2008-06-18,12.934260368347168,9.453187942504883
2008-06-19,13.072039604187012,9.488397598266602
2008-06-20,12.846162796020508,9.319281578063965
2008-06-23,12.440739631652832,9.232952117919922
2008-06-24,12.585533142089844,9.221183776855469
2008-06-25,12.55657958984375,9.299662590026855
2008-06-26,12.104815483093262,9.123089790344238
2008-06-27,11.913686752319336,9.001445770263672
2008-06-30,11.73414421081543,8.989672660827637
2008-07-01,11.768893241882324,8.926889419555664
2008-07-02,11.589346885681152,8.809173583984375
2008-07-03,11.54880428314209,8.769935607910156
2008-07-07,11.166547775268555,8.868033409118652
2008-07-08,11.890519142150879,8.958277702331543
2008-07-09,11.212883949279785,8.691454887390137
2008-07-10,11.131797790527344,8.801321983337402
2008-07-11,10.819045066833496,8.71892261505127
2008-07-14,10.26303482055664,8.652215003967285
2008-07-15,9.944482803344727,8.63259506225586
2008-07-16,11.24763298034668,8.758160591125488
2008-07-17,11.73414421081543,8.848410606384277
2008-07-18,11.971609115600586,8.946507453918457
2008-07-21,12.017943382263184,8.769935607910156
2008-07-22,13.025710105895996,8.722850799560547
2008-07-23,13.008333206176758,8.879800796508789
2008-07-24,12.133776664733887,8.652215003967285
2008-07-25,12.087438583374023,8.773855209350586
2008-07-28,11.519847869873047,8.589430809020996
2008-07-29,12.452324867248535,8.762085914611816
2008-07-30,12.643450736999512,8.820943832397461
2008-07-31,12.527615547180176,8.769935607910156
2008-08-01,12.527615547180176,8.671836853027344
2008-08-04,12.423364639282227,8.714999198913574
2008-08-05,13.05466365814209,8.879800796508789
2008-08-06,12.921462059020996,9.005369186401367
2008-08-07,12.284363746643066,8.989672660827637
2008-08-08,12.707161903381348,9.162321090698242
2008-08-11,12.921462059020996,9.221183776855469
2008-08-12,12.266988754272461,9.240801811218262
2008-08-13,11.913686752319336,9.205488204956055
2008-08-14,12.284363746643066,9.276116371154785
2008-08-15,12.371237754821777,9.311434745788574
2008-08-18,11.89631175994873,9.193717002868652
2008-08-19,11.54880428314209,9.032833099365234
2008-08-20,11.786267280578613,9.052453994750977
2008-08-21,11.571975708007812,9.017139434814453
2008-08-22,12.012146949768066,9.142704010009766
2008-08-25,11.589346885681152,9.02498722076416
2008-08-26,11.682014465332031,8.989672660827637
2008-08-27,11.907896995544434,9.07600212097168
2008-08-28,12.388611793518066,9.130932807922363
2008-08-29,12.405989646911621,8.926889419555664
2008-09-02,12.579740524291992,8.875876426696777
2008-09-03,12.776662826538086,8.758160591125488
2008-09-04,12.151148796081543,8.444250106811523
2008-09-05,12.591324806213379,8.444250106811523
2008-09-08,13.13575553894043,8.546269416809082
2008-09-09,12.295947074890137,8.397160530090332
2008-09-10,12.145363807678223,8.357924461364746
2008-09-11,12.423364639282227,8.495261192321777
2008-09-12,12.249612808227539,8.534500122070312
2008-09-15,11.05650520324707,8.122488021850586
2008-09-16,11.884727478027344,8.275519371032715
2008-09-17,10.74375057220459,7.8164238929748535
2008-09-18,11.589346885681152,8.149958610534668
2008-09-19,13.086255073547363,8.209409713745117
2008-09-22,12.016196250915527,7.99678897857666
2008-09-23,11.981114387512207,7.992854118347168
2008-09-24,11.84662914276123,8.012545585632324
2008-09-25,12.174077987670898,8.150355339050293
2008-09-26,12.50737190246582,8.189722061157227
2008-09-29,10.858439445495605,7.4809956550598145
2008-09-30,11.630279541015625,7.815675258636475
2008-10-01,12.086370468139648,7.744799613952637
2008-10-02,11.48409652709961,7.441624641418457
2008-10-03,10.981230735778809,7.335312843322754
2008-10-06,10.408196449279785,6.9297637939453125
2008-10-07,9.308899879455566,6.575404167175293
2008-10-08,8.934675216674805,6.5163421630859375
2008-10-09,8.004951477050781,6.299787521362305
2008-10-10,8.829422950744629,6.26041316986084
2008-10-13,9.519405364990234,6.992761135101318
2008-10-14,10.133369445800781,6.756524085998535
2008-10-15,9.034078598022461,6.248599529266357
2008-10-16,9.23873519897461,6.575404167175293
2008-10-17,8.975604057312012,6.5124053955078125
2008-10-20,9.419999122619629,6.772271156311035
2008-10-21,9.133482933044434,6.417907238006592
2008-10-22,8.560449600219727,6.083233833312988
2008-10-23,8.472740173339844,6.22104024887085
2008-10-24,7.923091411590576,5.929675102233887
2008-10-27,7.7067413330078125,5.807617664337158
2008-10-28,8.917134284973145,6.614776134490967
2008-10-29,8.367486953735352,6.358847141265869
2008-10-30,8.659849166870117,6.59508752822876
2008-10-31,9.080854415893555,6.5557146072387695
2008-11-03,9.133482933044434,6.5557146072387695
2008-11-04,9.648046493530273,6.831331253051758
2008-11-05,8.765103340148926,6.417907238006592
2008-11-06,8.16282844543457,6.0635457038879395
2008-11-07,8.314861297607422,6.236789703369141
2008-11-10,8.0692720413208,6.169854640960693
2008-11-11,7.788605213165283,6.035983562469482
2008-11-12,7.309123516082764,5.752493858337402
2008-11-13,7.841230869293213,6.110793113708496
2008-11-14,7.443612575531006,5.831244945526123
2008-11-17,6.969981670379639,5.665872097015381
2008-11-18,6.870578765869141,5.744616508483887
2008-11-19,6.151361465454102,5.425692558288574
2008-11-20,5.490615367889404,5.193386554718018
2008-11-21,5.6601881980896,5.4690022468566895
2008-11-24,6.519739151000977,5.736743927001953
2008-11-25,6.899815082550049,5.815492630004883
2008-11-26,7.221415996551514,5.996609687805176
2008-11-28,7.402685165405273,6.0044846534729
2008-12-01,6.168903827667236,5.57137393951416
2008-12-02,6.6717681884765625,5.768242359161377
2008-12-03,7.016757965087891,5.933610916137695
2008-12-04,6.940744876861572,5.69343376159668
2008-12-05,7.490391731262207,5.917862892150879
2008-12-08,7.993260860443115,6.193477153778076
2008-12-09,7.671658039093018,6.154103755950928
2008-12-10,7.53717041015625,6.102917671203613
2008-12-11,6.958287239074707,5.972987174987793
2008-12-12,7.092775821685791,6.043859481811523
2008-12-15,6.800411224365234,5.976921558380127
2008-12-16,7.5605597496032715,6.287975311279297
2008-12-17,7.490391731262207,6.165915489196777
2008-12-18,7.274041175842285,5.992672920227051
2008-12-19,7.258017063140869,6.044527053833008
2008-12-22,7.002830505371094,5.961400985717773
2008-12-23,6.836661338806152,5.878273963928223
2008-12-24,6.985025405883789,5.917858123779297
2008-12-26,6.990962505340576,5.909943103790283
2008-12-29,6.931617259979248,5.913901329040527
2008-12-30,7.198673248291016,6.0247368812561035
2008-12-31,7.4301252365112305,6.099945545196533
2009-01-02,7.513210773468018,6.329533576965332
2009-01-05,7.388583183288574,6.309741973876953
2009-01-06,7.507270812988281,6.456204891204834
2009-01-07,7.115588188171387,6.250365257263184
2009-01-08,7.085916042327881,6.293909072875977
2009-01-09,6.8603997230529785,6.155364513397217
2009-01-12,6.498391151428223,6.044527053833008
2009-01-13,6.58740758895874,6.016819953918457
2009-01-14,6.2075958251953125,5.834732532501221
2009-01-15,5.922734260559082,5.874316215515137
2009-01-16,5.744696140289307,5.913901329040527
2009-01-20,4.795158386230469,5.672435283660889
2009-01-21,5.501377105712891,5.9455671310424805
2009-01-22,5.163104057312012,5.810979843139648
2009-01-23,5.335208415985107,5.894106864929199
2009-01-26,5.2402520179748535,5.965360164642334
2009-01-27,5.424228191375732,6.0009846687316895
2009-01-28,6.11857795715332,6.171197414398193
2009-01-29,5.637872695922852,5.989109039306641
2009-01-30,5.483572959899902,5.810979843139648
2009-02-02,5.483572959899902,5.902022838592529
2009-02-03,5.38268518447876,6.020778656005859
2009-02-04,5.323337554931641,6.016819953918457
2009-02-05,5.4064226150512695,6.111821174621582
2009-02-06,5.809976100921631,6.321618556976318
2009-02-09,5.8752570152282715,6.337454319000244
2009-02-10,5.275860786437988,6.080152988433838
2009-02-11,5.53104829788208,6.092030048370361
2009-02-12,5.459834575653076,6.1197381019592285
2009-02-13,5.252123832702637,6.092030048370361
2009-02-17,4.729878902435303,5.838690280914307
2009-02-18,4.729878902435303,5.842648983001709
2009-02-19,4.480624675750732,5.700144290924072
2009-02-20,4.415346145629883,5.755561351776123
2009-02-23,4.261044025421143,5.4903459548950195
2009-02-24,4.777354717254639,5.636807441711426
2009-02-25,4.7476806640625,5.688268661499023
2009-02-26,4.824831962585449,5.6288909912109375
2009-02-27,4.510297775268555,5.5893073081970215
2009-03-02,4.225437164306641,5.454721927642822
2009-03-03,4.142352104187012,5.403260231018066
2009-03-04,4.0889410972595215,5.545766353607178
2009-03-05,3.7031915187835693,5.37555456161499
2009-03-06,3.6675844192504883,5.403260231018066
2009-03-09,3.7150630950927734,5.233048915863037
2009-03-10,4.2669806480407715,5.533888816833496
2009-03-11,4.379737377166748,5.6566033363342285
2009-03-12,4.830766201019287,5.81889533996582
2009-03-13,4.860439300537109,5.81889533996582
2009-03-16,4.765485763549805,5.767436504364014
2009-03-17,5.074084758758545,5.977235794067383
2009-03-18,5.584460258483887,6.060361385345459
2009-03-19,5.139366626739502,6.076196670532227
2009-03-20,4.879220008850098,5.983499526977539
2009-03-23,5.682433128356934,6.337576389312744
2009-03-24,5.406702995300293,6.234138011932373
2009-03-25,5.586526393890381,6.269941806793213
2009-03-26,5.652462959289551,6.433058261871338
2009-03-27,5.478634357452393,6.293812274932861
2009-03-30,5.005096435546875,6.098872661590576
2009-03-31,5.28082799911499,6.21424674987793
2009-04-01,5.430682182312012,6.389294147491455
2009-04-02,5.5805344581604,6.556387424468994
2009-04-03,5.808311462402344,6.647888660430908
2009-04-06,5.652462959289551,6.580258369445801
2009-04-07,5.484628200531006,6.397251129150391
2009-04-08,5.514599323272705,6.492735862731934
2009-04-09,6.371759414672852,6.655847072601318
2009-04-13,6.641493320465088,6.655847072601318
2009-04-14,6.203921318054199,6.584237575531006
2009-04-15,6.503628730773926,6.564344882965088
2009-04-16,6.575559616088867,6.759284973144531
2009-04-17,6.659475803375244,6.747350692749023
2009-04-20,5.916205406188965,6.532517910003662
2009-04-21,6.353775501251221,6.643911361694336
2009-04-22,6.125997543334961,6.67573881149292
2009-04-23,6.413717746734619,6.707565784454346
2009-04-24,6.557575702667236,6.803048610687256
2009-04-27,6.449683666229248,6.771219253540039
2009-04-28,6.251876354217529,6.767242431640625
2009-04-29,6.521612167358398,6.842832088470459
2009-04-30,6.431698322296143,6.862724781036377
2009-05-01,6.383744239807129,6.954226016998291
2009-05-04,7.031110763549805,7.081536293029785
2009-05-05,6.929211139678955,7.037774085998535
2009-05-06,7.480671405792236,7.077558517456055
2009-05-07,7.264880180358887,6.807026386260986
2009-05-08,7.804353713989258,6.799067497253418
2009-05-11,7.348800182342529,6.818962574005127
2009-05-12,7.192951679229736,6.783155918121338
2009-05-13,6.827310085296631,6.612084865570068
2009-05-14,7.055087089538574,6.6836957931518555
2009-05-15,6.911229133605957,6.6836957931518555
2009-05-18,7.366779327392578,6.866702079772949
2009-05-19,7.2169294357299805,6.906482696533203
2009-05-20,7.025116443634033,6.834875106811523
2009-05-21,7.037104606628418,6.715522766113281
2009-05-22,6.989155292510986,6.739391803741455
2009-05-26,7.2169294357299805,6.914442539215088
2009-05-27,7.001143932342529,6.846808433532715
2009-05-28,7.198946952819824,6.9462714195251465
2009-05-29,7.330817222595215,7.021856784820557
2009-06-01,7.408742427825928,7.220777988433838
2009-06-02,7.288860321044922,7.204865455627441
2009-06-03,7.192951679229736,7.125295639038086
2009-06-04,7.45070219039917,7.224758148193359
2009-06-05,7.384764194488525,7.296371936798096
2009-06-08,7.438713550567627,7.2526068687438965
2009-06-09,7.492658615112305,7.284433364868164
2009-06-10,7.37877082824707,7.304323673248291
2009-06-11,7.438713550567627,7.3321709632873535
2009-06-12,7.486664295196533,7.312280654907227
2009-06-15,7.294851779937744,7.236693382263184
2009-06-16,7.168979644775391,7.145186901092529
2009-06-17,6.9591827392578125,7.184971809387207
2009-06-18,7.127017498016357,7.153145790100098
2009-06-19,7.254146099090576,7.241466522216797
2009-06-22,6.832393169403076,7.061629772186279
2009-06-23,6.91071891784668,7.065626621246338
2009-06-24,6.995072841644287,7.165533065795898
2009-06-25,7.145697116851807,7.269441604614258
2009-06-26,7.181845664978027,7.257452487945557
2009-06-29,7.2722249031066895,7.333381652832031
2009-06-30,7.199920177459717,7.277432918548584
2009-07-01,7.157746315002441,7.309404373168945
2009-07-02,6.91071891784668,7.125569820404053
2009-07-06,6.916743755340576,7.105588912963867
2009-07-07,6.808292388916016,6.929746627807617
2009-07-08,6.693817138671875,6.933743000030518
2009-07-09,6.778166770935059,6.977705478668213
2009-07-10,6.68779182434082,7.005678653717041
2009-07-13,7.115569591522217,7.137562274932861
2009-07-14,7.085446834564209,7.145550727844238
2009-07-15,7.38670015335083,7.413308143615723
2009-07-16,7.362600326538086,7.521214485168457
2009-07-17,7.314396858215332,7.593145847320557
2009-07-20,7.3746442794799805,7.661086559295654
2009-07-21,7.308370590209961,7.705044746398926
2009-07-22,7.314396858215332,7.749006271362305
2009-07-23,7.525273323059082,7.900870323181152
2009-07-24,7.483097553253174,7.852914333343506
2009-07-27,7.6035990715026855,7.852914333343506
2009-07-28,7.585522174835205,7.868897914886475
2009-07-29,7.585522174835205,7.860908508300781
2009-07-30,7.760251998901367,7.900870323181152
2009-07-31,7.838576793670654,7.872898101806641
2009-08-03,8.037396430969238,7.980800151824951
2009-08-04,8.200080871582031,7.956820487976074
2009-08-05,8.483253479003906,7.884886741638184
2009-08-06,8.423002243041992,7.828935146331787
2009-08-07,8.645931243896484,7.90886116027832
2009-08-10,8.609779357910156,7.872898101806641
2009-08-11,8.290453910827637,7.7609992027282715
2009-08-12,8.459153175354004,7.9168572425842285
2009-08-13,8.63388442993164,7.95282506942749
2009-08-14,8.5796537399292,7.876893520355225
2009-08-17,8.218151092529297,7.689059257507324
2009-08-18,8.386855125427246,7.804957389831543
2009-08-19,8.380830764770508,7.824940204620361
2009-08-20,8.597728729248047,7.912858963012695
2009-08-21,8.766432762145996,8.028755187988281
2009-08-24,8.700155258178711,8.004776954650879
2009-08-25,8.808608055114746,8.024758338928223
2009-08-26,8.784507751464844,8.060723304748535
2009-08-27,8.87488079071045,8.07670783996582
2009-08-28,8.886931419372559,8.104689598083496
2009-08-31,8.85680866241455,8.000779151916504
2009-09-01,8.380830764770508,7.836929798126221
2009-09-02,8.308530807495117,7.852914333343506
2009-09-03,8.471205711364746,7.888879299163818
2009-09-04,8.567604064941406,8.028755187988281
2009-09-08,8.603755950927734,8.088702201843262
2009-09-09,8.736306190490723,8.148646354675293
2009-09-10,8.808608055114746,8.260544776916504
2009-09-11,8.754383087158203,8.268538475036621
2009-09-14,8.868857383728027,8.240562438964844
2009-09-15,8.886931419372559,8.296509742736816
2009-09-16,9.194209098815918,8.360456466674805
2009-09-17,9.164084434509277,8.328482627868652
2009-09-18,9.150179862976074,8.379426956176758
2009-09-21,9.065571784973145,8.343327522277832
2009-09-22,9.271058082580566,8.387452125549316
2009-09-23,9.083702087402344,8.387452125549316
2009-09-24,8.90239143371582,8.307226181030273
2009-09-25,8.817778587341309,8.255080223083496
2009-09-28,9.113921165466309,8.391458511352539
2009-09-29,9.071619987487793,8.34733772277832
2009-09-30,9.029308319091797,8.371404647827148
2009-10-01,8.630422592163086,8.122709274291992
2009-10-02,8.636465072631836,8.122709274291992
2009-10-05,8.90843391418457,8.190899848937988
2009-10-06,9.023263931274414,8.339311599731445
2009-10-07,9.119967460632324,8.323269844055176
2009-10-08,9.132051467895508,8.37541389465332
2009-10-09,9.210622787475586,8.431571006774902
2009-10-12,9.283143997192383,8.435583114624023
2009-10-13,9.192490577697754,8.467673301696777
2009-10-14,9.506762504577637,8.567955017089844
2009-10-15,9.422149658203125,8.551913261413574
2009-10-16,9.198533058166504,8.471681594848633
2009-10-19,9.24084186553955,8.563943862915039
2009-10-20,9.168313026428223,8.53586483001709
2009-10-21,8.993046760559082,8.539877891540527
2009-10-22,9.258966445922852,8.579989433288574
2009-10-23,9.12601089477539,8.555919647216797
2009-10-26,8.890302658081055,8.499763488769531
2009-10-27,8.823820114135742,8.45564079284668
2009-10-28,8.551855087280273,8.331292152404785
2009-10-29,8.90843391418457,8.491739273071289
2009-10-30,8.491416931152344,8.267111778259277
2009-11-02,8.563941955566406,8.315247535705566
2009-11-03,8.588122367858887,8.283158302307129
2009-11-04,8.467245101928711,8.331292152404785
2009-11-05,8.68481731414795,8.511794090270996
2009-11-06,8.648557662963867,8.523829460144043
2009-11-09,8.956785202026367,8.720380783081055
2009-11-10,8.926562309265137,8.716367721557617
2009-11-11,9.047441482543945,8.768515586853027
2009-11-12,8.878215789794922,8.704336166381836
2009-11-13,8.860081672668457,8.784560203552246
2009-11-16,8.956785202026367,8.880831718444824
2009-11-17,8.98095989227295,8.920941352844238
2009-11-18,9.053483009338379,8.872811317443848
2009-11-19,8.878215789794922,8.74444580078125
2009-11-20,8.823820114135742,8.700325965881348
2009-11-23,8.950738906860352,8.852751731872559
2009-11-24,8.884260177612305,8.836709022521973
2009-11-25,8.866127967834473,8.852751731872559
2009-11-27,8.630422592163086,8.708346366882324
2009-11-30,8.860081672668457,8.724390029907227
2009-12-01,8.866127967834473,8.86478328704834
2009-12-02,8.860081672668457,8.852751731872559
2009-12-03,8.67877197265625,8.856760025024414
2009-12-04,8.841955184936523,8.912918090820312
2009-12-07,8.696905136108398,8.896875381469727
2009-12-08,8.618335723876953,8.816650390625
2009-12-09,8.648557662963867,8.900884628295898
2009-12-10,8.636465072631836,8.940998077392578
2009-12-11,8.696905136108398,8.920941352844238
2009-12-14,8.745255470275879,8.993147850036621
2009-12-15,8.606250762939453,8.936984062194824
2009-12-16,8.660643577575684,8.96506404876709
2009-12-17,8.49746322631836,8.856760025024414
2009-12-18,8.626060485839844,8.989205360412598
2009-12-21,8.753454208374023,9.069718360900879
2009-12-22,8.771650314331055,9.142179489135742
2009-12-23,8.735258102416992,9.1784086227417
2009-12-24,8.814116477966309,9.262948036193848
2009-12-28,8.783783912658691,9.291122436523438
2009-12-29,8.747387886047363,9.27904987335205
2009-12-30,8.753454208374023,9.311254501342773
2009-12-31,8.735258102416992,9.230741500854492
2010-01-04,8.911171913146973,9.36761474609375
2010-01-05,9.074959754943848,9.355537414550781
2010-01-06,9.093157768249512,9.250869750976562
2010-01-07,9.287270545959473,9.214638710021973
2010-01-08,9.232680320739746,9.275026321411133
2010-01-11,9.238743782043457,9.238792419433594
2010-01-12,9.105291366577148,9.138153076171875
2010-01-13,9.208415031433105,9.22671890258789
2010-01-14,9.250880241394043,9.250869750976562
2010-01-15,9.062827110290527,9.122051239013672
2010-01-19,9.178084373474121,9.27904987335205
2010-01-20,9.153820037841797,9.130098342895508
2010-01-21,8.89297103881836,9.033488273620605
2010-01-22,8.601798057556152,8.719490051269531
2010-01-25,8.65032958984375,8.791949272155762
2010-01-26,8.498674392700195,8.76779556274414
2010-01-27,8.704925537109375,8.84025764465332
2010-01-28,8.662459373474121,8.586644172668457
2010-01-29,8.601798057556152,8.437697410583496
2010-02-01,8.747387886047363,8.534308433532715
2010-02-02,8.832311630249023,8.618844032287598
2010-02-03,8.735258102416992,8.63897705078125
2010-02-04,8.359152793884277,8.39743423461914
2010-02-05,8.456210136413574,8.481975555419922
2010-02-08,8.286360740661621,8.445746421813965
2010-02-09,8.371285438537598,8.518210411071777
2010-02-10,8.438013076782227,8.494054794311523
2010-02-11,8.456210136413574,8.582618713378906
2010-02-12,8.462278366088867,8.598719596862793
2010-02-16,8.638199806213379,8.7275390625
2010-02-17,8.668525695800781,8.751696586608887
2010-02-18,8.723119735717773,8.808052062988281
2010-02-19,8.771650314331055,8.783896446228027
2010-02-22,8.886907577514648,8.76779556274414
2010-02-23,8.723119735717773,8.659102439880371
2010-02-24,8.87477970123291,8.74364185333252
2010-02-25,8.850509643554688,8.719490051269531
2010-02-26,8.905106544494629,8.731565475463867
2010-03-01,8.92937183380127,8.844280242919922
2010-03-02,8.959698677062988,8.832209587097168
2010-03-03,8.96576976776123,8.836230278015137
2010-03-04,9.0567626953125,8.872464179992676
2010-03-05,9.232680320739746,8.981152534484863
2010-03-08,9.250880241394043,9.029461860656738
2010-03-09,9.281206130981445,9.069718360900879
2010-03-10,9.384333610534668,9.130098342895508
2010-03-11,9.463193893432617,9.166332244873047
2010-03-12,9.426794052124023,9.158279418945312
2010-03-15,9.426794052124023,9.150225639343262
2010-03-16,9.542051315307617,9.21866226196289
2010-03-17,9.657309532165527,9.246845245361328
2010-03-18,9.602712631225586,9.258920669555664
2010-03-19,9.539483070373535,9.203595161437988
2010-03-22,9.588123321533203,9.272249221801758
2010-03-23,9.667163848876953,9.36109447479248
2010-03-24,9.673243522644043,9.316671371459961
2010-03-25,9.715799331665039,9.332826614379883
2010-03-26,9.727962493896484,9.28840160369873
2010-03-29,9.740119934082031,9.316671371459961
2010-03-30,9.6793212890625,9.357053756713867
2010-03-31,9.69756031036377,9.328784942626953
2010-04-01,9.776598930358887,9.312628746032715
2010-04-05,9.873881340026855,9.421669960021973
2010-04-06,9.977241516113281,9.4297513961792
2010-04-07,9.940759658813477,9.393401145935059
2010-04-08,10.019803047180176,9.409551620483398
2010-04-09,10.056280136108398,9.482246398925781
2010-04-12,10.098843574523926,9.502437591552734
2010-04-13,10.104918479919434,9.530710220336914
2010-04-14,10.366357803344727,9.668015480041504
2010-04-15,10.32380199432373,9.712435722351074
2010-04-16,9.946839332580566,9.583205223083496
2010-04-19,10.044122695922852,9.603398323059082
2010-04-20,10.17788028717041,9.655900001525879
2010-04-21,10.117077827453613,9.6760892868042
2010-04-22,10.171802520751953,9.700323104858398
2010-04-23,10.202199935913086,9.724553108215332
2010-04-26,10.044122695922852,9.712435722351074
2010-04-27,9.70363998413086,9.52263069152832
2010-04-28,9.843477249145508,9.550898551940918
2010-04-29,10.068440437316895,9.64782428741455
2010-04-30,9.825240135192871,9.445902824401855
2010-05-03,10.01372241973877,9.575126647949219
2010-05-04,9.740119934082031,9.300516128540039
2010-05-05,9.685403823852539,9.2601318359375
2010-05-06,9.278048515319824,8.98147964477539
2010-05-07,9.174686431884766,8.783594131469727
2010-05-10,9.685403823852539,9.18743896484375
2010-05-11,9.64892292022705,9.12686538696289
2010-05-12,9.7583646774292,9.365128517150879
2010-05-13,9.582043647766113,9.227823257446289
2010-05-14,9.332768440246582,9.050134658813477
2010-05-17,9.33884334564209,9.094555854797363
2010-05-18,9.071325302124023,8.957244873046875
2010-05-19,9.083484649658203,8.888595581054688
2010-05-20,8.66396713256836,8.60590648651123
2010-05-21,8.967967987060547,8.670519828796387
2010-05-24,8.712607383728027,8.630132675170898
2010-05-25,8.791646957397461,8.60590648651123
2010-05-26,8.73084545135498,8.521099090576172
2010-05-27,9.12604808807373,8.811864852905273
2010-05-28,8.92540454864502,8.739177703857422
2010-06-01,8.73692512512207,8.654364585876465
2010-06-02,9.010526657104492,8.8482084274292
2010-06-03,8.961883544921875,8.937058448791504
2010-06-04,8.603166580200195,8.650327682495117
2010-06-07,8.4329252243042,8.525140762329102
2010-06-08,8.609243392944336,8.541288375854492
2010-06-09,8.518047332763672,8.496868133544922
2010-06-10,8.797727584838867,8.702828407287598
2010-06-11,8.822046279907227,8.779562950134277
2010-06-14,8.785567283630371,8.76340389251709
2010-06-15,8.99228572845459,8.993597984313965
2010-06-16,8.998366355895996,9.017827033996582
2010-06-17,8.98620319366455,9.050134658813477
2010-06-18,9.035554885864258,9.049727439880371
2010-06-21,9.023369789123535,8.984885215759277
2010-06-22,8.883234977722168,8.907886505126953
2010-06-23,8.840590476989746,8.89167308807373
2010-06-24,8.682177543640137,8.713351249694824
2010-06-25,8.919792175292969,8.705245971679688
2010-06-28,8.834494590759277,8.721456527709961
2010-06-29,8.517670631408691,8.397238731384277
2010-06-30,8.41409683227539,8.267550468444824
2010-07-01,8.334887504577637,8.235130310058594
2010-07-02,8.23740291595459,8.222975730895996
2010-07-06,8.286145210266113,8.304027557373047
2010-07-07,8.651716232299805,8.571503639221191
2010-07-08,8.718731880187988,8.624191284179688
2010-07-09,8.840590476989746,8.668774604797363
2010-07-12,8.852774620056152,8.709300994873047
2010-07-13,9.072110176086426,8.83493709564209
2010-07-14,9.005091667175293,8.887619972229004
2010-07-15,8.98681640625,8.915987014770508
2010-07-16,8.609058380126953,8.660669326782227
2010-07-19,8.602973937988281,8.745772361755371
2010-07-20,8.694361686706543,8.802513122558594
2010-07-21,8.554226875305176,8.69714069366455
2010-07-22,8.804034233093262,8.932199478149414
2010-07-23,8.871049880981445,8.992987632751465
2010-07-26,8.992903709411621,9.049727439880371
2010-07-27,9.017279624938965,9.074040412902832
2010-07-28,8.938071250915527,9.001092910766602
2010-07-29,8.968535423278809,8.920039176940918
2010-07-30,8.962442398071289,8.883564949035645
2010-08-02,9.187874794006348,9.069989204406738
2010-08-03,9.084298133850098,9.02135944366455
2010-08-04,9.120856285095215,9.094310760498047
2010-08-05,9.084298133850098,9.053779602050781
2010-08-06,9.005091667175293,9.029461860656738
2010-08-09,9.053837776184082,9.09025764465332
2010-08-10,8.974626541137695,8.997045516967773
2010-08-11,8.657812118530273,8.782247543334961
2010-08-12,8.596877098083496,8.660669326782227
2010-08-13,8.572504997253418,8.620141983032227
2010-08-16,8.548136711120605,8.636351585388184
2010-08-17,8.615154266357422,8.72956371307373
2010-08-18,8.651716232299805,8.77819538116455
2010-08-19,8.450650215148926,8.672823905944824
2010-08-20,8.426280975341797,8.65256118774414
2010-08-23,8.371443748474121,8.575563430786133
2010-08-24,8.23131275177002,8.458030700683594
2010-08-25,8.255682945251465,8.510714530944824
2010-08-26,8.188663482666016,8.425605773925781
2010-08-27,8.365352630615234,8.52692699432373
2010-08-30,8.188663482666016,8.413451194763184
2010-08-31,8.2617769241333,8.385079383850098
2010-09-01,8.578597068786621,8.599874496459961
2010-09-02,8.663896560668945,8.676874160766602
2010-09-03,8.84667682647705,8.806562423706055
2010-09-07,8.64561653137207,8.733614921569824
2010-09-08,8.73091983795166,8.782247543334961
2010-09-09,8.840590476989746,8.806562423706055
2010-09-10,8.852774620056152,8.810620307922363
2010-09-13,9.041648864746094,8.968673706054688
2010-09-14,8.962442398071289,9.005149841308594
2010-09-15,8.992903709411621,9.06188678741455
2010-09-16,8.968535423278809,9.114571571350098
2010-09-17,8.921513557434082,9.163785934448242
2010-09-20,9.09249496459961,9.298009872436523
2010-09-21,9.007004737854004,9.28173828125
2010-09-22,8.860450744628906,9.237001419067383
2010-09-23,8.689468383789062,9.224800109863281
2010-09-24,8.921513557434082,9.403762817382812
2010-09-27,8.82381534576416,9.407830238342285
2010-09-28,8.842133522033691,9.42003345489502
2010-09-29,8.7749605178833,9.39969253540039
2010-09-30,8.762747764587402,9.36308765411377
2010-10-01,8.854344367980957,9.367157936096191
2010-10-04,8.79328441619873,9.289876937866211
2010-10-05,8.994792938232422,9.472908973693848
2010-10-06,8.988683700561523,9.428168296813965
2010-10-07,8.95205020904541,9.428168296813965
2010-10-08,8.976475715637207,9.481040954589844
2010-10-11,8.964259147644043,9.49731159210205
2010-10-12,9.068072319030762,9.554255485534668
2010-10-13,9.074179649353027,9.631532669067383
2010-10-14,8.915410995483398,9.635603904724121
2010-10-15,8.762747764587402,9.798300743103027
2010-10-18,8.958154678344727,9.863372802734375
2010-10-19,8.836026191711426,9.688477516174316
2010-10-20,8.921513557434082,9.769827842712402
2010-10-21,8.921513557434082,9.777959823608398
2010-10-22,8.915410995483398,9.80643081665039
2010-10-25,8.884879112243652,9.834904670715332
2010-10-26,8.897089958190918,9.859306335449219
2010-10-27,8.903194427490234,9.887777328491211
2010-10-28,8.903194427490234,9.887777328491211
2010-10-29,8.890981674194336,9.904047966003418
2010-11-01,8.890981674194336,9.912184715270996
2010-11-02,8.915410995483398,10.00979995727539
2010-11-03,9.000897407531738,10.066743850708008
2010-11-04,9.300115585327148,10.217236518859863
2010-11-05,9.513842582702637,10.209107398986816
2010-11-08,9.44056224822998,10.217236518859863
2010-11-09,9.263479232788086,10.188764572143555
2010-11-10,9.36728286743164,10.196894645690918
2010-11-11,9.275689125061035,10.042339324951172
2010-11-12,9.123031616210938,9.899982452392578
2010-11-15,9.165776252746582,9.871506690979004
2010-11-16,9.013107299804688,9.692541122436523
2010-11-17,8.95205020904541,9.696611404418945
2010-11-18,9.074179649353027,9.859306335449219
2010-11-19,9.074179649353027,9.887777328491211
2010-11-22,8.93983268737793,9.944721221923828
2010-11-23,8.799386024475098,9.798300743103027
2010-11-24,8.933727264404297,9.960991859436035
2010-11-26,8.805489540100098,9.863372802734375
2010-11-29,8.878772735595703,9.838971138000488
2010-11-30,8.829917907714844,9.741353988647461
2010-12-01,9.007004737854004,9.9487886428833
2010-12-02,9.239045143127441,10.066743850708008
2010-12-03,9.269584655761719,10.091145515441895
2010-12-06,9.25737476348877,10.091145515441895
2010-12-07,9.269584655761719,10.103354454040527
2010-12-08,9.42224407196045,10.188764572143555
2010-12-09,9.5382661819458,10.196894645690918
2010-12-10,9.623759269714355,10.245708465576172
2010-12-13,9.617650985717773,10.225371360778809
2010-12-14,9.532159805297852,10.241640090942383
2010-12-15,9.452776908874512,10.200969696044922
2010-12-16,9.464988708496094,10.217236518859863
2010-12-17,9.517695426940918,10.237643241882324
2010-12-20,9.523825645446777,10.245811462402344
2010-12-21,9.689298629760742,10.307038307189941
2010-12-22,9.799610137939453,10.294794082641602
2010-12-23,9.726065635681152,10.290711402893066
2010-12-27,9.811866760253906,10.311120986938477
2010-12-28,9.811866760253906,10.298872947692871
2010-12-29,9.79348087310791,10.319287300109863
2010-12-30,9.762839317321777,10.294794082641602
2010-12-31,9.775094032287598,10.282546043395996
2011-01-03,9.989598274230957,10.396842956542969
2011-01-04,9.977338790893555,10.437661170959473
2011-01-05,10.093781471252441,10.498891830444336
2011-01-06,10.02636432647705,10.560126304626465
2011-01-07,9.940567970275879,10.511141777038574
2011-01-10,9.91605281829834,10.519301414489746
2011-01-11,9.952827453613281,10.502978324890137
2011-01-12,10.118297576904297,10.596861839294434
2011-01-13,10.087655067443848,10.588699340820312
2011-01-14,10.246994018554688,10.682580947875977
2011-01-18,10.185709953308105,10.694829940795898
2011-01-19,9.958952903747559,10.617271423339844
2011-01-20,10.00798511505127,10.560126304626465
2011-01-21,10.087655067443848,10.498891830444336
2011-01-24,10.075397491455078,10.64584732055664
2011-01-25,10.057010650634766,10.694829940795898
2011-01-26,10.050881385803223,10.756062507629395
2011-01-27,10.136682510375977,10.792799949645996
2011-01-28,9.958952903747559,10.543793678283691
2011-01-31,10.050881385803223,10.609107971191406
2011-02-01,10.259256362915039,10.788714408874512
2011-02-02,10.179577827453613,10.809123039245605
2011-02-03,10.185709953308105,10.825451850891113
2011-02-04,10.179577827453613,10.89484977722168
2011-02-07,10.326669692993164,10.94791316986084
2011-02-08,10.400212287902832,10.992815017700195
2011-02-09,10.326669692993164,10.972402572631836
2011-02-10,10.326669692993164,10.92342472076416
2011-02-11,10.467623710632324,10.980569839477539
2011-02-14,10.473753929138184,10.996896743774414
2011-02-15,10.461499214172363,10.956076622009277
2011-02-16,10.516657829284668,11.017302513122559
2011-02-17,10.504398345947266,11.037715911865234
2011-02-18,10.528912544250488,11.021385192871094
2011-02-22,10.204095840454102,10.751975059509277
2011-02-23,10.161197662353516,10.625439643859863
2011-02-24,10.136682510375977,10.6621732711792
2011-02-25,10.277637481689453,10.796880722045898
2011-02-28,10.326669692993164,10.841780662536621
2011-03-01,10.106035232543945,10.633597373962402
2011-03-02,10.044754981994629,10.6989107131958
2011-03-03,10.253128051757812,10.870351791381836
2011-03-04,10.12442684173584,10.784632682800293
2011-03-07,10.057010650634766,10.64584732055664
2011-03-08,10.277637481689453,10.735651969909668
2011-03-09,10.277637481689453,10.69074821472168
2011-03-10,10.069268226623535,10.49073314666748
2011-03-11,10.136682510375977,10.531550407409668
2011-03-14,10.044754981994629,10.482564926147461
2011-03-15,9.928308486938477,10.327448844909668
2011-03-16,9.744452476501465,10.074368476867676
2011-03-17,9.860895156860352,10.180495262145996
2011-03-18,9.997307777404785,10.198517799377441
2011-03-21,10.046463966369629,10.3705415725708
2011-03-22,9.991158485412598,10.354159355163574
2011-03-23,9.966585159301758,10.41150188446045
2011-03-24,10.015741348266602,10.575332641601562
2011-03-25,10.040318489074707,10.599907875061035
2011-03-28,10.009598731994629,10.575332641601562
2011-03-29,10.028031349182129,10.649055480957031
2011-03-30,10.10791015625,10.694108963012695
2011-03-31,10.071043968200684,10.673629760742188
2011-04-01,10.157062530517578,10.653149604797363
2011-04-04,10.144777297973633,10.616291046142578
2011-04-05,10.138631820678711,10.599907875061035
2011-04-06,10.255377769470215,10.677724838256836
2011-04-07,10.206223487854004,10.681822776794434
2011-04-08,10.114054679870605,10.620386123657227
2011-04-11,10.114054679870605,10.604002952575684
2011-04-12,10.077183723449707,10.517990112304688
2011-04-13,10.003454208374023,10.583524703979492
2011-04-14,9.911280632019043,10.563044548034668
2011-04-15,9.917427062988281,10.542564392089844
2011-04-18,9.782241821289062,10.448360443115234
2011-04-19,9.812970161437988,10.477031707763672
2011-04-20,9.837546348571777,10.69820499420166
2011-04-21,9.89284896850586,10.792411804199219
2011-04-25,9.88056468963623,10.800602912902832
2011-04-26,9.942007064819336,10.890710830688477
2011-04-27,10.003454208374023,10.956243515014648
2011-04-28,10.083332061767578,10.960338592529297
2011-04-29,10.064897537231445,10.95214557647705
2011-05-02,10.02188491821289,10.911186218261719
2011-05-03,10.064897537231445,10.91528606414795
2011-05-04,9.978873252868652,10.882518768310547
2011-05-05,9.849836349487305,10.825174331665039
2011-05-06,9.898993492126465,10.845650672912598
2011-05-09,9.87441635131836,10.890710830688477
2011-05-10,9.966585159301758,10.989004135131836
2011-05-11,9.831398963928223,10.890710830688477
2011-05-12,9.831398963928223,10.972620964050293
2011-05-13,9.69007682800293,10.837459564208984
2011-05-16,9.677787780761719,10.681822776794434
2011-05-17,9.751520156860352,10.681822776794434
2011-05-18,9.794534683227539,10.75964069366455
2011-05-19,9.794534683227539,10.780121803283691
2011-05-20,9.659351348876953,10.718684196472168
2011-05-23,9.524169921875,10.567139625549316
2011-05-24,9.511881828308105,10.534375190734863
2011-05-25,9.518024444580078,10.567139625549316
2011-05-26,9.567183494567871,10.636767387390137
2011-05-27,9.634778022766113,10.690013885498047
2011-05-31,9.733086585998535,10.837459564208984
2011-06-01,9.407422065734863,10.612195014953613
2011-06-02,9.41356372833252,10.620386123657227
2011-06-03,9.352119445800781,10.460648536682129
2011-06-06,9.173927307128906,10.382827758789062
2011-06-07,9.155492782592773,10.350067138671875
2011-06-08,9.069465637207031,10.280436515808105
2011-06-09,9.173927307128906,10.288628578186035
2011-06-10,9.112481117248535,10.145275115966797
2011-06-13,9.204648971557617,10.153463363647461
2011-06-14,9.25380802154541,10.280436515808105
2011-06-15,9.051033973693848,10.087935447692871
2011-06-16,9.100192070007324,10.063356399536133
2011-06-17,9.182209968566895,10.054312705993652
2011-06-20,9.176040649414062,10.091322898864746
2011-06-21,9.3055419921875,10.272258758544922
2011-06-22,9.250041961669922,10.19823932647705
2011-06-23,9.15754222869873,10.268147468566895
2011-06-24,9.10204029083252,10.091322898864746
2011-06-27,9.194539070129395,10.22702693939209
2011-06-28,9.237709045410156,10.354500770568848
2011-06-29,9.428875923156738,10.436744689941406
2011-06-30,9.465876579284668,10.568334579467773
2011-07-01,9.638541221618652,10.741046905517578
2011-07-05,9.552209854125977,10.75749397277832
2011-07-06,9.502873420715332,10.80684757232666
2011-07-07,9.657044410705566,10.938435554504395
2011-07-08,9.533709526062012,10.884974479675293
2011-07-11,9.274704933166504,10.704036712646484
2011-07-12,9.237709045410156,10.60945987701416
2011-07-13,9.243873596191406,10.63413143157959
2011-07-14,9.176040649414062,10.543664932250977
2011-07-15,9.15754222869873,10.658803939819336
2011-07-18,9.034207344055176,10.621792793273926
2011-07-19,9.145208358764648,10.876748085021973
2011-07-20,9.250041961669922,10.843851089477539
2011-07-21,9.472042083740234,10.89320182800293
2011-07-22,9.447372436523438,10.98777961730957
2011-07-25,9.379541397094727,10.95899486541748
2011-07-26,9.367210388183594,11.008341789245605
2011-07-27,9.145208358764648,10.716377258300781
2011-07-28,9.151373863220215,10.69992446899414
2011-07-29,9.126708984375,10.613569259643555
2011-08-01,9.095873832702637,10.6053466796875
2011-08-02,8.849204063415527,10.383288383483887
2011-08-03,8.892374038696289,10.49020004272461
2011-08-04,8.442205429077148,10.066648483276367
2011-08-05,8.281869888305664,10.004963874816895
2011-08-08,7.4987030029296875,9.441596984863281
2011-08-09,8.078369140625,9.87337589263916
2011-08-10,7.5171990394592285,9.48682975769043
2011-08-11,7.936537742614746,9.848699569702148
2011-08-12,7.881034851074219,9.918612480163574
2011-08-15,8.133869171142578,10.095434188842773
2011-08-16,7.973539352416992,10.021413803100586
2011-08-17,8.022869110107422,9.976181983947754
2011-08-18,7.634363174438477,9.490944862365723
2011-08-19,7.480200290679932,9.26065731048584
2011-08-22,7.387699127197266,9.310007095336914
2011-08-23,7.628202438354492,9.651315689086914
2011-08-24,7.831700801849365,9.737671852111816
2011-08-25,7.807034492492676,9.597858428955078
2011-08-26,7.874868869781494,9.787019729614258
2011-08-29,8.201704025268555,10.0337495803833
2011-08-30,8.14620304107666,10.074872970581055
2011-08-31,8.251035690307617,10.050199508666992
2011-09-01,8.06603717803955,9.939168930053711
2011-09-02,7.733034133911133,9.712996482849121
2011-09-06,7.5973687171936035,9.667766571044922
2011-09-07,7.9612016677856445,9.918612480163574
2011-09-08,7.788532733917236,9.869261741638184
2011-09-09,7.541863918304443,9.659541130065918
2011-09-12,7.628202438354492,9.774680137634277
2011-09-13,7.677535533905029,9.889826774597168
2011-09-14,7.770036697387695,10.037861824035645
2011-09-15,7.967367172241211,10.19823932647705
2011-09-16,7.992133617401123,10.31134033203125
2011-09-19,7.775460243225098,10.286575317382812
2011-09-20,7.750698089599609,10.26180648803711
2011-09-21,7.366872787475586,10.109076499938965
2011-09-22,7.156391143798828,9.79536247253418
2011-09-23,7.230680465698242,9.906810760498047
2011-09-26,7.552597999572754,10.030647277832031
2011-09-27,7.589738368988037,10.158610343933105
2011-09-28,7.3730669021606445,10.01413631439209
2011-09-29,7.577354431152344,9.993497848510742
2011-09-30,7.311160564422607,9.74169921875
2011-10-03,6.983054161071777,9.522920608520508
2011-10-04,7.261637210845947,9.71693229675293
2011-10-05,7.366872787475586,9.919198989868164
2011-10-06,7.595929145812988,10.067797660827637
2011-10-07,7.323542594909668,10.030647277832031
2011-10-10,7.701173782348633,10.340235710144043
2011-10-11,7.694980621337891,10.385642051696777
2011-10-12,7.89307975769043,10.431047439575195
2011-10-13,7.707363128662109,10.54662799835205
2011-10-14,7.800222873687744,10.732379913330078
2011-10-17,7.558785438537598,10.563140869140625
2011-10-18,7.917844772338867,10.658082008361816
2011-10-19,7.806410789489746,10.451688766479492
2011-10-20,7.924034118652344,10.406281471252441
2011-10-21,8.128328323364258,10.538372993469238
2011-10-24,8.307853698730469,10.703486442565918
2011-10-25,8.06022834777832,10.534242630004883
2011-10-26,8.202614784240723,10.5796480178833
2011-10-27,8.69167709350586,10.893366813659668
2011-10-28,8.697863578796387,10.930516242980957
2011-10-31,8.357378005981445,10.736507415771484
2011-11-01,7.961175918579102,10.439303398132324
2011-11-02,8.19642448425293,10.567266464233398
2011-11-03,8.3388090133667,10.819067001342773
2011-11-04,8.227378845214844,10.753020286560059
2011-11-07,8.270709037780762,10.819067001342773
2011-11-08,8.425477027893066,10.942900657653809
2011-11-09,7.967367172241211,10.563140869140625
2011-11-10,8.004515647888184,10.596165657043457
2011-11-11,8.19642448425293,10.79842472076416
2011-11-14,8.029277801513672,10.715864181518555
2011-11-15,8.06641960144043,10.860345840454102
2011-11-16,7.868319034576416,10.699357986450195
2011-11-17,7.7135515213012695,10.49296760559082
2011-11-18,7.738316059112549,10.406281471252441
2011-11-21,7.5464043617248535,10.224658012390137
2011-11-22,7.47830867767334,10.208144187927246
2011-11-23,7.274016857147217,9.964603424072266
2011-11-25,7.292585849761963,9.910941123962402
2011-11-28,7.5092597007751465,10.237040519714355
2011-11-29,7.472118854522705,10.183381080627441
2011-11-30,7.9302239418029785,10.575523376464844
2011-12-01,7.886888027191162,10.63331413269043
2011-12-02,7.992133617401123,10.625059127807617
2011-12-05,8.153084754943848,10.744760513305664
2011-12-06,8.159278869628906,10.740636825561523
2011-12-07,8.258329391479492,10.753020286560059
2011-12-08,7.936415672302246,10.583778381347656
2011-12-09,8.10975170135498,10.748889923095703
2011-12-12,7.917844772338867,10.612674713134766
2011-12-13,7.806410789489746,10.513605117797852
2011-12-14,7.775460243225098,10.352621078491211
2011-12-15,7.781645774841309,10.32785415649414
2011-12-16,7.812797546386719,10.356460571289062
2011-12-19,7.638356685638428,10.256958961486816
2011-12-20,7.924947261810303,10.547168731689453
2011-12-21,7.968557834625244,10.373044967651367
2011-12-22,8.136777877807617,10.493274688720703
2011-12-23,8.192852020263672,10.596920013427734
2011-12-27,8.149236679077148,10.613504409790039
2011-12-28,8.018397331237793,10.505709648132324
2011-12-29,8.1430025100708,10.58448314666748
2011-12-30,8.099396705627441,10.551314353942871
2012-01-03,8.311224937438965,10.700570106506348
2012-01-04,8.286303520202637,10.729589462280273
2012-01-05,8.39845085144043,10.7627534866333
2012-01-06,8.34860610961914,10.766901016235352
2012-01-09,8.392219543457031,10.750320434570312
2012-01-10,8.541746139526367,10.787633895874023
2012-01-11,8.641430854797363,10.820799827575684
2012-01-12,8.672584533691406,10.874696731567383
2012-01-13,8.610280990600586,10.812509536743164
2012-01-17,8.541746139526367,10.862259864807129
2012-01-18,8.672584533691406,11.01980209350586
2012-01-19,8.753576278686523,11.0985746383667
2012-01-20,8.809649467468262,11.111010551452637
2012-01-23,8.840802192687988,11.148324966430664
2012-01-24,8.828341484069824,11.140033721923828
2012-01-25,8.84703254699707,11.227094650268555
2012-01-26,8.772266387939453,11.152474403381348
2012-01-27,8.80341625213623,11.152474403381348
2012-01-30,8.722427368164062,11.185638427734375
2012-01-31,8.759805679321289,11.206367492675781
2012-02-01,8.896873474121094,11.31830883026123
2012-02-02,8.940486907958984,11.347325325012207
2012-02-03,9.18346881866455,11.49243450164795
2012-02-06,9.139850616455078,11.496580123901367
2012-02-07,9.133627891540527,11.525601387023926
2012-02-08,9.20215892791748,11.596087455749512
2012-02-09,9.164774894714355,11.70802116394043
2012-02-10,9.077553749084473,11.620959281921387
2012-02-13,9.15854263305664,11.695585250854492
2012-02-14,9.071325302124023,11.716314315795898
2012-02-15,9.015246391296387,11.65412712097168
2012-02-16,9.15854263305664,11.824108123779297
2012-02-17,9.214621543884277,11.824108123779297
2012-02-21,9.208391189575195,11.873855590820312
2012-02-22,9.090014457702637,11.832399368286133
2012-02-23,9.171006202697754,11.878002166748047
2012-02-24,9.139850616455078,11.948482513427734
2012-02-27,9.208391189575195,11.969218254089355
2012-02-28,9.23331069946289,12.056278228759766
2012-02-29,9.195924758911133,12.00238037109375
2012-03-01,9.295610427856445,12.072864532470703
2012-03-02,9.264458656311035,12.056278228759766
2012-03-05,9.227078437805176,11.95263385772705
2012-03-06,9.002791404724121,11.836546897888184
2012-03-07,9.114933967590332,11.92361068725586
2012-03-08,9.20215892791748,12.043839454650879
2012-03-09,9.276925086975098,12.097736358642578
2012-03-12,9.25200366973877,12.11431884765625
2012-03-13,9.607128143310547,12.354782104492188
2012-03-14,9.619589805603027,12.40038776397705
2012-03-15,9.787806510925293,12.43355655670166
2012-03-16,9.825305938720703,12.427730560302734
2012-03-19,9.875309944152832,12.519234657287598
2012-03-20,9.925310134887695,12.506757736206055
2012-03-21,9.881558418273926,12.50259780883789
2012-03-22,9.750306129455566,12.473484992980957
2012-03-23,9.831558227539062,12.473484992980957
2012-03-26,9.987812995910645,12.656488418579102
2012-03-27,9.894061088562012,12.65233039855957
2012-03-28,9.919059753417969,12.606578826904297
2012-03-29,9.81905746459961,12.581624984741211
2012-03-30,9.875309944152832,12.544189453125
2012-04-02,9.950313568115234,12.67728328704834
2012-04-03,9.894061088562012,12.668966293334961
2012-04-04,9.737809181213379,12.519234657287598
2012-04-05,9.712803840637207,12.548348426818848
2012-04-09,9.56280517578125,12.461007118225098
2012-04-10,9.356545448303223,12.286314964294434
2012-04-11,9.506549835205078,12.357026100158691
2012-04-12,9.681554794311523,12.510915756225586
2012-04-13,9.45654582977295,12.31543254852295
2012-04-16,9.525298118591309,12.186497688293457
2012-04-17,9.650303840637207,12.452688217163086
2012-04-18,9.587797164916992,12.361185073852539
2012-04-19,9.544045448303223,12.223933219909668
2012-04-20,9.494049072265625,12.178179740905762
2012-04-23,9.42529296875,12.082515716552734
2012-04-24,9.531550407409668,12.057563781738281
2012-04-25,9.612801551818848,12.398614883422852
2012-04-26,9.694058418273926,12.494279861450195
2012-04-27,9.700304985046387,12.490119934082031
2012-04-30,9.644050598144531,12.402777671813965
2012-05-01,9.74405574798584,12.444372177124023
2012-05-02,9.669055938720703,12.452688217163086
2012-05-03,9.587797164916992,12.348701477050781
2012-05-04,9.437796592712402,12.090834617614746
2012-05-07,9.494049072265625,12.057563781738281
2012-05-08,9.431544303894043,12.015972137451172
2012-05-09,9.325291633605957,12.015972137451172
2012-05-10,9.362793922424316,11.92446517944336
2012-05-11,9.256542205810547,11.932785034179688
2012-05-14,9.069034576416016,11.828804016113281
2012-05-15,9.019031524658203,11.795531272888184
2012-05-16,8.887777328491211,11.699864387512207
2012-05-17,8.706521034240723,11.533498764038086
2012-05-18,8.60651683807373,11.425361633300781
2012-05-21,8.687772750854492,11.708187103271484
2012-05-22,8.756525993347168,11.670759201049805
2012-05-23,8.787775993347168,11.683232307434082
2012-05-24,8.794028282165527,11.616686820983887
2012-05-25,8.762775421142578,11.591731071472168
2012-05-29,8.887777328491211,11.745619773864746
2012-05-30,8.681522369384766,11.670759201049805
2012-05-31,8.756525993347168,11.616686820983887
2012-06-01,8.431512832641602,11.313064575195312
2012-06-04,8.350262641906738,11.37961196899414
2012-06-05,8.487763404846191,11.45031452178955
2012-06-06,8.737772941589355,11.7123441696167
2012-06-07,8.731524467468262,11.6541166305542
2012-06-08,8.837773323059082,11.783055305480957
2012-06-11,8.675273895263672,11.616686820983887
2012-06-12,8.80652904510498,11.733141899108887
2012-06-13,8.775276184082031,11.662434577941895
2012-06-14,8.88153076171875,11.720664978027344
2012-06-15,9.005880355834961,11.84550952911377
2012-06-18,8.955632209777832,11.93319320678711
2012-06-19,9.106363296508789,12.025049209594727
2012-06-20,9.125204086303711,12.045924186706543
2012-06-21,8.924237251281738,11.762001991271973
2012-06-22,9.005880355834961,11.891438484191895
2012-06-25,8.817469596862793,11.64926815032959
2012-06-26,8.861432075500488,11.695195198059082
2012-06-27,8.968194961547852,11.766176223754883
2012-06-28,8.96191692352295,11.670143127441406
2012-06-29,9.194286346435547,11.995820999145508
2012-07-02,9.250805854797363,12.062630653381348
2012-07-03,9.301051139831543,12.158666610717773
2012-07-05,9.162884712219238,12.158666610717773
2012-07-06,9.087519645690918,11.979119300842285
2012-07-09,9.074962615966797,11.954073905944824
2012-07-10,9.005880355834961,11.820454597473145
2012-07-11,9.081238746643066,11.766176223754883
2012-07-12,8.987035751342773,11.64926815032959
2012-07-13,9.23824691772461,11.803752899169922
2012-07-16,9.219405174255371,11.791227340698242
2012-07-17,9.269647598266602,11.837157249450684
2012-07-18,9.225685119628906,12.04175090789795
2012-07-19,9.169161796569824,12.146138191223145
2012-07-20,9.030999183654785,12.008349418640137
2012-07-23,8.955632209777832,11.891438484191895
2012-07-24,8.930513381958008,11.770357131958008
2012-07-25,8.96191692352295,11.724421501159668
2012-07-26,9.100079536437988,11.903965950012207
2012-07-27,9.269647598266602,12.162837028503418
2012-07-30,9.250805854797363,12.167014122009277
2012-07-31,9.206846237182617,12.217116355895996
2012-08-01,9.162884712219238,12.175366401672363
2012-08-02,9.09380054473877,12.09603214263916
2012-08-03,9.307328224182129,12.334023475646973
2012-08-06,9.345011711120605,12.421712875366211
2012-08-07,9.382694244384766,12.505217552185059
2012-08-08,9.382694244384766,12.509392738342285
2012-08-09,9.37641429901123,12.551145553588867
2012-08-10,9.382694244384766,12.580371856689453
2012-08-13,9.388972282409668,12.617949485778809
2012-08-14,9.37641429901123,12.59289836883545
2012-08-15,9.407816886901855,12.597073554992676
2012-08-16,9.470613479614258,12.76826286315918
2012-08-17,9.502016067504883,12.839244842529297
2012-08-20,9.527139663696289,12.851774215698242
2012-08-21,9.558539390563965,12.76826286315918
2012-08-22,9.545976638793945,12.789144515991211
2012-08-23,9.451775550842285,12.6847562789917
2012-08-24,9.502016067504883,12.76408863067627
2012-08-27,9.495739936828613,12.77661418914795
2012-08-28,9.483177185058594,12.747386932373047
2012-08-29,9.502016067504883,12.772438049316406
2012-08-30,9.451775550842285,12.630478858947754
2012-08-31,9.52086067199707,12.730685234069824
2012-09-04,9.52086067199707,12.730685234069824
2012-09-05,9.52086067199707,12.718159675598145
2012-09-06,9.746947288513184,13.002086639404297
2012-09-07,9.847432136535645,12.981206893920898
2012-09-10,9.765785217285156,12.84342098236084
2012-09-11,9.847432136535645,12.876824378967285
2012-09-12,9.885110855102539,12.947808265686035
2012-09-13,10.142605781555176,13.123174667358398
2012-09-14,10.22424602508545,13.185800552368164
2012-09-17,10.130043029785156,13.198325157165527
2012-09-18,10.079801559448242,13.20667839050293
2012-09-19,10.073518753051758,13.219209671020508
2012-09-20,10.016997337341309,13.194151878356934
2012-09-21,9.98294448852539,13.21092414855957
2012-09-24,9.989249229431152,13.127070426940918
2012-09-25,9.837899208068848,12.942594528198242
2012-09-26,9.774835586547852,12.85035514831543
2012-09-27,9.86312198638916,13.018065452575684
2012-09-28,9.831589698791504,12.925824165344238
2012-10-01,9.875737190246582,12.896476745605469
2012-10-02,9.894657135009766,12.91324520111084
2012-10-03,9.98294448852539,12.980324745178223
2012-10-04,10.134295463562012,13.018065452575684
2012-10-05,10.127989768981934,12.950982093811035
2012-10-08,10.121682167053223,12.816816329956055
2012-10-09,10.05862045288086,12.653303146362305
2012-10-10,10.052312850952148,12.602993965148926
2012-10-11,10.10906982421875,12.552682876586914
2012-10-12,9.970331192016602,12.544297218322754
2012-10-15,10.083845138549805,12.607185363769531
2012-10-16,10.1469087600708,12.779080390930176
2012-10-17,10.27934455871582,12.71200180053711
2012-10-18,10.298262596130371,12.565258026123047
2012-10-19,10.15952205657959,12.28016471862793
2012-10-22,10.15952205657959,12.364011764526367
2012-10-23,9.989249229431152,12.229852676391602
2012-10-24,9.989249229431152,12.158577919006348
2012-10-25,10.014473915100098,12.13341999053955
2012-10-26,9.964025497436523,12.15438461303711
2012-10-31,10.02708911895752,12.104071617126465
2012-11-01,10.153215408325195,12.301125526428223
2012-11-02,10.090152740478516,12.14180850982666
2012-11-05,10.071234703063965,12.208890914916992
2012-11-06,10.184749603271484,12.263396263122559
2012-11-07,9.844205856323242,11.957330703735352
2012-11-08,9.762221336364746,11.785438537597656
2012-11-09,9.774835586547852,11.839938163757324
2012-11-12,9.793752670288086,11.82316780090332
2012-11-13,9.724379539489746,11.76447582244873
2012-11-14,9.554110527038574,11.647078514099121
2012-11-15,9.573030471801758,11.579998016357422
2012-11-16,9.636091232299805,11.596765518188477
2012-11-19,9.818982124328613,11.915403366088867
2012-11-20,9.869428634643555,11.865091323852539
2012-11-21,9.869428634643555,11.902827262878418
2012-11-23,9.989249229431152,12.095685958862305
2012-11-26,9.951410293579102,12.150193214416504
2012-11-27,9.86312198638916,12.095685958862305
2012-11-28,9.90096378326416,12.166961669921875
2012-11-29,9.951410293579102,12.22566032409668
2012-11-30,9.938797950744629,12.213080406188965
2012-12-03,9.90096378326416,12.196311950683594
2012-12-04,9.875737190246582,12.175349235534668
2012-12-05,9.995553016662598,12.053763389587402
2012-12-06,10.02708911895752,12.125036239624023
2012-12-07,10.10906982421875,12.062143325805664
2012-12-10,10.083845138549805,12.091496467590332
2012-12-11,10.134295463562012,12.255008697509766
2012-12-12,10.178439140319824,12.234040260314941
2012-12-13,10.127989768981934,12.14599895477295
2012-12-14,10.090152740478516,12.028606414794922
2012-12-17,10.298262596130371,12.175349235534668
2012-12-18,10.449615478515625,12.355629920959473
2012-12-19,10.38654899597168,12.292742729187012
2012-12-20,10.531595230102539,12.313701629638672
2012-12-21,10.407215118408203,12.207441329956055
2012-12-24,10.38818073272705,12.173707008361816
2012-12-26,10.38818073272705,12.106243133544922
2012-12-27,10.350103378295898,12.09359073638916
2012-12-28,10.267606735229492,11.958654403686523
2012-12-31,10.400871276855469,12.165273666381836
2013-01-02,10.705473899841309,12.57007884979248
2013-01-03,10.692782402038574,12.48996639251709
2013-01-04,10.819696426391602,12.439363479614258
2013-01-07,10.794317245483398,12.422492027282715
2013-01-08,10.762581825256348,12.376110076904297
2013-01-09,10.749895095825195,12.397194862365723
2013-01-10,10.883156776428223,12.460444450378418
2013-01-11,10.857773780822754,12.477310180664062
2013-01-14,10.826043128967285,12.397194862365723
2013-01-15,10.870462417602539,12.317078590393066
2013-01-16,10.876811981201172,12.359243392944336
2013-01-17,10.870462417602539,12.409843444824219
2013-01-18,10.883156776428223,12.392977714538574
2013-01-22,10.98469352722168,12.426712989807129
2013-01-23,10.978343963623047,12.557432174682617
2013-01-24,11.0354585647583,12.342378616333008
2013-01-25,11.086224555969238,12.355024337768555
2013-01-28,11.041805267333984,12.397194862365723
2013-01-29,11.086224555969238,12.414061546325684
2013-01-30,11.0354585647583,12.376110076904297
2013-01-31,11.02911376953125,12.397194862365723
2013-02-01,11.175067901611328,12.536345481872559
2013-02-04,11.048149108886719,12.371893882751465
2013-02-05,11.156030654907227,12.51526165008545
2013-02-06,11.175067901611328,12.511045455932617
2013-02-07,11.143338203430176,12.511045455932617
2013-02-08,11.168720245361328,12.620681762695312
2013-02-11,11.219490051269531,12.64598274230957
2013-02-12,11.308333396911621,12.603814125061035
2013-02-13,11.28294563293457,12.599595069885254
2013-02-14,11.321022987365723,12.565863609313965
2013-02-15,11.270254135131836,12.557432174682617
2013-02-19,11.378129959106445,12.641763687133789
2013-02-20,11.206794738769531,12.468879699707031
2013-02-21,11.117955207824707,12.36767864227295
2013-02-22,11.257561683654785,12.519474983215332
2013-02-25,10.952959060668945,12.342378616333008
2013-02-26,11.0100736618042,12.414061546325684
2013-02-27,11.181413650512695,12.519474983215332
2013-02-28,11.162374496459961,12.494175910949707
2013-03-01,11.19410514831543,12.51526165008545
2013-03-04,11.289291381835938,12.553214073181152
2013-03-05,11.384480476379395,12.726099014282227
2013-03-06,11.460627555847168,12.717665672302246
2013-03-07,11.543127059936523,12.74718189239502
2013-03-08,11.57485294342041,12.772486686706543
2013-03-11,11.663698196411133,12.802002906799316
2013-03-12,11.600237846374512,12.755619049072266
2013-03-13,11.63196849822998,12.74718189239502
2013-03-14,11.708121299743652,12.839950561523438
2013-03-15,11.747597694396973,12.786608695983887
2013-03-18,11.632984161376953,12.790837287902832
2013-03-19,11.569314002990723,12.773902893066406
2013-03-20,11.645719528198242,12.837408065795898
2013-03-21,11.50563907623291,12.69345474243164
2013-03-22,11.575679779052734,12.773902893066406
2013-03-25,11.543842315673828,12.744264602661133
2013-03-26,11.620247840881348,12.824710845947266
2013-03-27,11.562948226928711,12.790837287902832
2013-03-28,11.594780921936035,12.816241264343262
2013-04-01,11.537476539611816,12.731561660766602
2013-04-02,11.607511520385742,12.782371520996094
2013-04-03,11.416496276855469,12.680756568908691
2013-04-04,11.5183744430542,12.684988975524902
2013-04-05,11.480168342590332,12.587604522705078
2013-04-08,11.594780921936035,12.64265251159668
2013-04-09,11.626617431640625,12.731561660766602
2013-04-10,11.785799026489258,12.955963134765625
2013-04-11,11.811264991760254,12.913623809814453
2013-04-12,11.760329246520996,12.858583450317383
2013-04-15,11.512009620666504,12.646883010864258
2013-04-16,11.690289497375488,12.803540229797363
2013-04-17,11.473803520202637,12.541032791137695
2013-04-18,11.352826118469238,12.409777641296387
2013-04-19,11.512009620666504,12.426716804504395
2013-04-22,11.524741172790527,12.52409553527832
2013-04-23,11.734861373901367,12.659582138061523
2013-04-24,11.804898262023926,12.680756568908691
2013-04-25,11.874940872192383,12.72309684753418
2013-04-26,11.824000358581543,12.718863487243652
2013-04-29,11.874940872192383,12.900920867919922
2013-04-30,11.906778335571289,13.040641784667969
2013-05-01,11.773067474365234,12.926324844360352
2013-05-02,11.874940872192383,13.091447830200195
2013-05-03,12.002290725708008,13.21423625946045
2013-05-06,12.129631042480469,13.277740478515625
2013-05-07,12.193303108215332,13.269274711608887
2013-05-08,12.295183181762695,13.375125885009766
2013-05-09,12.206039428710938,13.337020874023438
2013-05-10,12.256978034973145,13.375125885009766
2013-05-13,12.295183181762695,13.341254234313965
2013-05-14,12.505300521850586,13.383591651916504
2013-05-15,12.619908332824707,13.425935745239258
2013-05-16,12.537137031555176,13.497913360595703
2013-05-17,12.702685356140137,13.633400917053223
2013-05-20,12.728157043457031,13.633400917053223
2013-05-21,12.759991645812988,13.591057777404785
2013-05-22,12.626280784606934,13.442872047424316
2013-05-23,12.549872398376465,13.438638687133789
2013-05-24,12.562606811523438,13.417468070983887
2013-05-28,12.689950942993164,13.480976104736328
2013-05-29,12.689950942993164,13.447101593017578
2013-05-30,12.842764854431152,13.531781196594238
2013-05-31,12.632647514343262,13.404766082763672
2013-06-03,12.645380020141602,13.472506523132324
2013-06-04,12.530768394470215,13.41323184967041
2013-06-05,12.327018737792969,13.281976699829102
2013-06-06,12.498936653137207,13.311620712280273
2013-06-07,12.71541690826416,13.434405326843262
2013-06-10,12.721784591674805,13.46403694152832
2013-06-11,12.511665344238281,13.324317932128906
2013-06-12,12.37795352935791,13.235403060913086
2013-06-13,12.613542556762695,13.387828826904297
2013-06-14,12.447994232177734,13.286211967468262
2013-06-17,12.568971633911133,13.409000396728516
2013-06-18,12.651745796203613,13.514845848083496
2013-06-19,12.479829788208008,13.35819149017334
2013-06-20,12.212406158447266,13.061812400817871
2013-06-21,12.223274230957031,12.983091354370117
2013-06-24,12.005915641784668,12.825638771057129
2013-06-25,12.229666709899902,12.932024955749512
2013-06-26,12.3511323928833,13.00861930847168
2013-06-27,12.510956764221191,13.072449684143066
2013-06-28,12.43423843383789,13.017128944396973
2013-07-01,12.4725980758667,13.08521556854248
2013-07-02,12.48538589477539,13.10649299621582
2013-07-03,12.447027206420898,13.183088302612305
2013-07-05,12.67077922821045,13.268197059631348
2013-07-08,12.76667308807373,13.259684562683105
2013-07-09,12.875350952148438,13.310750961303711
2013-07-10,12.798638343811035,13.35330581665039
2013-07-11,12.92010498046875,13.57883358001709
2013-07-12,13.009603500366211,13.587346076965332
2013-07-15,13.06714153289795,13.62564754486084
2013-07-16,13.015995025634766,13.634159088134766
2013-07-17,13.073533058166504,13.646923065185547
2013-07-18,13.246143341064453,13.61288070678711
2013-07-19,13.25252914428711,13.383089065551758
2013-07-22,13.342033386230469,13.421391487121582
2013-07-23,13.2908935546875,13.366072654724121
2013-07-24,13.195000648498535,13.455432891845703
2013-07-25,13.20779037475586,13.463945388793945
2013-07-26,13.195000648498535,13.502239227294922
2013-07-29,13.099104881286621,13.480966567993164
2013-07-30,13.092713356018066,13.549053192138672
2013-07-31,13.099104881286621,13.502239227294922
2013-08-01,13.31006908416748,13.646923065185547
2013-08-02,13.303678512573242,13.706496238708496
2013-08-05,13.278108596801758,13.736285209655762
2013-08-06,13.156641960144043,13.663946151733398
2013-08-07,13.06714153289795,13.629901885986328
2013-08-08,13.099104881286621,13.672454833984375
2013-08-09,13.054357528686523,13.604369163513184
2013-08-12,13.003210067749023,13.693734169006348
2013-08-13,13.06714153289795,13.787351608276367
2013-08-14,13.015995025634766,13.774585723876953
2013-08-15,12.824207305908203,13.55330753326416
2013-08-16,12.798638343811035,13.540541648864746
2013-08-19,12.632426261901855,13.497983932495117
2013-08-20,12.753888130187988,13.51926326751709
2013-08-21,12.664386749267578,13.489474296569824
2013-08-22,12.811424255371094,13.549053192138672
2013-08-23,12.824207305908203,13.646923065185547
2013-08-26,12.741103172302246,13.58309268951416
2013-08-27,12.43423843383789,13.344792366027832
2013-08-28,12.453422546386719,13.35330581665039
2013-08-29,12.48538589477539,13.425644874572754
2013-08-30,12.427846908569336,13.361812591552734
2013-09-03,12.530134201049805,13.374581336975098
2013-09-04,12.62602710723877,13.502239227294922
2013-09-05,12.65799331665039,13.510754585266113
2013-09-06,12.65799331665039,13.51926326751709
2013-09-09,12.805028915405273,13.680964469909668
2013-09-10,12.958464622497559,13.766072273254395
2013-09-11,12.971246719360352,13.70224380493164
2013-09-12,12.875350952148438,13.715009689331055
2013-09-13,12.91370964050293,13.727773666381836
2013-09-16,13.054357528686523,13.706496238708496
2013-09-17,13.118282318115234,13.774585723876953
2013-09-18,13.233355522155762,13.949053764343262
2013-09-19,13.18221378326416,13.957561492919922
2013-09-20,13.112255096435547,13.85836410522461
2013-09-23,12.926127433776855,13.901115417480469
2013-09-24,12.842694282531738,13.841259002685547
2013-09-25,12.91329288482666,13.819879531860352
2013-09-26,12.91329288482666,13.87119197845459
2013-09-27,12.868367195129395,13.785675048828125
2013-09-30,12.778512001037598,13.700153350830078
2013-10-01,12.868367195129395,13.819879531860352
2013-10-02,12.861948013305664,13.824156761169434
2013-10-03,12.765674591064453,13.704429626464844
2013-10-04,12.868367195129395,13.760017395019531
2013-10-07,12.720747947692871,13.700153350830078
2013-10-08,12.560297012329102,13.482077598571777
2013-10-09,12.60522174835205,13.533387184143066
2013-10-10,12.964638710021973,13.760017395019531
2013-10-11,13.035233497619629,13.875463485717773
2013-10-14,13.099421501159668,13.922501564025879
2013-10-15,13.003151893615723,13.836980819702148
2013-10-16,13.279123306274414,13.969536781311035
2013-10-17,13.394654273986816,13.97381591796875
2013-10-18,13.420328140258789,14.21327018737793
2013-10-21,13.394654273986816,14.290231704711914
2013-10-22,13.420328140258789,14.285956382751465
2013-10-23,13.311219215393066,14.21754264831543
2013-10-24,13.33047103881836,14.251753807067871
2013-10-25,13.388237953186035,14.32443904876709
2013-10-28,13.356146812438965,14.371476173400879
2013-10-29,13.394654273986816,14.465551376342773
2013-10-30,13.343310356140137,14.435611724853516
2013-10-31,13.202109336853027,14.388581275939941
2013-11-01,13.234203338623047,14.39285659790039
2013-11-04,13.240621566772461,14.448448181152344
2013-11-05,13.170019149780273,14.409964561462402
2013-11-06,13.234203338623047,14.555344581604004
2013-11-07,13.086580276489258,14.367197036743164
2013-11-08,13.388237953186035,14.495476722717285
2013-11-11,13.394654273986816,14.51258373260498
2013-11-12,13.266289710998535,14.551066398620605
2013-11-13,13.381816864013672,14.675064086914062
2013-11-14,13.497344017028809,14.63658618927002
2013-11-15,13.561529159545898,14.666519165039062
2013-11-18,13.555106163024902,14.610933303833008
2013-11-19,13.574360847473145,14.559617042541504
2013-11-20,13.535853385925293,14.51258373260498
2013-11-21,13.728398323059082,14.63658618927002
2013-11-22,13.792577743530273,14.60665225982666
2013-11-25,13.811834335327148,14.60665225982666
2013-11-26,13.798999786376953,14.65796184539795
2013-11-27,13.837503433227539,14.773415565490723
2013-11-29,13.786157608032227,14.83327865600586
2013-12-02,13.779739379882812,14.786242485046387
2013-12-03,13.638543128967285,14.820448875427246
2013-12-04,13.670635223388672,14.83327865600586
2013-12-05,13.542274475097656,14.786242485046387
2013-12-06,13.728398323059082,14.888866424560547
2013-12-09,13.786157608032227,14.935894966125488
2013-12-10,13.734817504882812,14.90596866607666
2013-12-11,13.548691749572754,14.769143104553223
2013-12-12,13.548691749572754,14.670790672302246
2013-12-13,13.561529159545898,14.623758316040039
2013-12-16,13.64495849609375,14.769143104553223
2013-12-17,13.555106163024902,14.764862060546875
2013-12-18,13.86959457397461,14.880311965942383
2013-12-19,13.850341796875,14.90596866607666
2013-12-20,13.93481159210205,15.022422790527344
2013-12-23,13.999297142028809,15.220084190368652
2013-12-24,14.025091171264648,15.263053894042969
2013-12-26,14.057334899902344,15.301730155944824
2013-12-27,14.050887107849121,15.288837432861328
2013-12-30,14.025091171264648,15.258756637573242
2013-12-31,14.09602165222168,15.357588768005371
2014-01-02,14.018644332885742,15.207192420959473
2014-01-03,14.115364074707031,15.134140968322754
2014-01-06,14.128267288208008,15.108362197875977
2014-01-07,14.134709358215332,15.245866775512695
2014-01-08,14.179852485656738,15.245866775512695
2014-01-09,14.231444358825684,15.147034645080566
2014-01-10,14.205645561218262,15.17711353302002
2014-01-13,13.992849349975586,15.013827323913574
2014-01-14,14.108915328979492,15.267349243164062
2014-01-15,14.276576042175293,15.452122688293457
2014-01-16,14.186302185058594,15.44782829284668
2014-01-17,14.141161918640137,15.3618803024292
2014-01-21,14.154057502746582,15.439233779907227
2014-01-22,14.160503387451172,15.422039985656738
2014-01-23,13.928365707397461,15.391963005065918
2014-01-24,13.612401008605957,15.09546947479248
2014-01-27,13.528571128845215,14.953668594360352
2014-01-28,13.709120750427246,14.863429069519043
2014-01-29,13.547914505004883,14.747405052185059
2014-01-30,13.741368293762207,14.927888870239258
2014-01-31,13.580156326293945,14.962262153625488
2014-02-03,13.238394737243652,14.648578643798828
2014-02-04,13.36735725402832,14.704439163208008
2014-02-05,13.354469299316406,14.717328071594238
2014-02-06,13.560811996459961,14.880622863769531
2014-02-07,13.728469848632812,15.082576751708984
2014-02-10,13.741368293762207,15.112655639648438
2014-02-11,13.88322639465332,15.297428131103516
2014-02-12,13.88322639465332,15.357588768005371
2014-02-13,13.93481159210205,15.469310760498047
2014-02-14,13.954163551330566,15.499395370483398
2014-02-18,13.979950904846191,15.507984161376953
2014-02-19,13.786505699157715,15.45641803741455
2014-02-20,13.825196266174316,15.507984161376953
2014-02-21,13.85098648071289,15.44782829284668
2014-02-24,13.954163551330566,15.507984161376953
2014-02-25,13.870332717895508,15.465017318725586
2014-02-26,13.85098648071289,15.477904319763184
2014-02-27,13.921917915344238,15.602511405944824
2014-02-28,13.992849349975586,15.61970329284668
2014-03-03,13.88322639465332,15.452122688293457
2014-03-04,14.16695499420166,15.654086112976074
2014-03-05,14.315267562866211,15.675567626953125
2014-03-06,14.360404968261719,15.69705581665039
2014-03-07,14.42488956451416,15.6497802734375
2014-03-10,14.431333541870117,15.624002456665039
2014-03-11,14.33460807800293,15.589628219604492
2014-03-12,14.308818817138672,15.615409851074219
2014-03-13,14.147604942321777,15.404855728149414
2014-03-14,14.057334899902344,15.310317039489746
2014-03-17,14.205645561218262,15.490797996520996
2014-03-18,14.276576042175293,15.692757606506348
2014-03-19,14.270133972167969,15.628299713134766
2014-03-20,14.495819091796875,15.748615264892578
2014-03-21,14.497760772705078,15.669637680053711
2014-03-24,14.491288185119629,15.656698226928711
2014-03-25,14.478344917297363,15.751631736755371
2014-03-26,14.329485893249512,15.561758041381836
2014-03-27,14.251813888549805,15.505656242370605
2014-03-28,14.310065269470215,15.566076278686523
2014-03-31,14.4589262008667,15.686906814575195
2014-04-01,14.484813690185547,15.872471809387207
2014-04-02,14.517178535461426,15.881104469299316
2014-04-03,14.491288185119629,15.803425788879395
2014-04-04,14.348901748657227,15.501341819763184
2014-04-07,14.128843307495117,15.380505561828613
2014-04-08,14.148260116577148,15.518608093261719
2014-04-09,14.271230697631836,15.725746154785156
2014-04-10,13.941145896911621,15.363241195678711
2014-04-11,13.772873878479004,15.19062328338623
2014-04-14,13.88290023803711,15.341668128967285
2014-04-15,14.012344360351562,15.419344902038574
2014-04-16,14.122369766235352,15.570385932922363
2014-04-17,14.148260116577148,15.548808097839355
2014-04-21,14.135311126708984,15.609223365783691
2014-04-22,14.232400894165039,15.673958778381348
2014-04-23,14.264765739440918,15.505656242370605
2014-04-24,14.258288383483887,15.626492500305176
2014-04-25,14.141789436340332,15.427967071533203
2014-04-28,14.057648658752441,15.574702262878418
2014-04-29,14.19356632232666,15.682591438293457
2014-04-30,14.212979316711426,15.730060577392578
2014-05-01,14.238871574401855,15.747328758239746
2014-05-02,14.232400894165039,15.704167366027832
2014-05-05,14.174147605895996,15.786169052124023
2014-05-06,13.973506927490234,15.609223365783691
2014-05-07,14.161201477050781,15.617862701416016
2014-05-08,14.200037002563477,15.661008834838867
2014-05-09,14.19356632232666,15.678277969360352
2014-05-12,14.33594799041748,15.889734268188477
2014-05-13,14.323014259338379,15.898371696472168
2014-05-14,14.219459533691406,15.82499885559082
2014-05-15,14.057648658752441,15.730060577392578
2014-05-16,14.077067375183105,15.82932186126709
2014-05-19,14.148260116577148,15.93289566040039
2014-05-20,14.064122200012207,15.842263221740723
2014-05-21,14.15473461151123,15.950152397155762
2014-05-22,14.219459533691406,15.980354309082031
2014-05-23,14.264765739440918,16.114139556884766
2014-05-27,14.38773250579834,16.252235412597656
2014-05-28,14.361842155456543,16.209077835083008
2014-05-29,14.394203186035156,16.304019927978516
2014-05-30,14.426566123962402,16.321287155151367
2014-06-02,14.465396881103516,16.295391082763672
2014-06-03,14.484813690185547,16.26950454711914
2014-06-04,14.52364730834961,16.299711227416992
2014-06-05,14.659564018249512,16.407602310180664
2014-06-06,14.756649017333984,16.48096466064453
2014-06-09,14.821368217468262,16.53275489807129
2014-06-10,14.814901351928711,16.541379928588867
2014-06-11,14.717818260192871,16.502532958984375
2014-06-12,14.627204895019531,16.36012840270996
2014-06-13,14.633673667907715,16.455068588256836
2014-06-16,14.56248664855957,16.455068588256836
2014-06-17,14.711343765258789,16.493907928466797
2014-06-18,14.795482635498047,16.580211639404297
2014-06-19,14.7760648727417,16.55000877380371
2014-06-20,14.834545135498047,16.513591766357422
2014-06-23,14.867033004760742,16.5612850189209
2014-06-24,14.769566535949707,16.474571228027344
2014-06-25,14.782564163208008,16.53960609436035
2014-06-26,14.73058032989502,16.522266387939453
2014-06-27,14.789057731628418,16.62197494506836
2014-06-30,14.776063919067383,16.62630844116211
2014-07-01,14.867033004760742,16.79539680480957
2014-07-02,14.854043960571289,16.812740325927734
2014-07-03,14.971000671386719,16.886436462402344
2014-07-07,14.906018257141113,16.90378189086914
2014-07-08,14.776063919067383,16.75203514099121
2014-07-09,14.81505298614502,16.834413528442383
2014-07-10,14.717586517333984,16.786724090576172
2014-07-11,14.74357795715332,16.87343406677246
2014-07-14,14.834545135498047,16.99481964111328
2014-07-15,14.938508033752441,16.964473724365234
2014-07-16,14.912517547607422,17.12055015563965
2014-07-17,14.717586517333984,16.89944839477539
2014-07-18,14.886528015136719,17.103208541870117
2014-07-21,14.847545623779297,17.081531524658203
2014-07-22,14.893025398254395,17.22459602355957
2014-07-23,14.925517082214355,17.254955291748047
2014-07-24,14.958003044128418,17.241941452026367
2014-07-25,14.873530387878418,17.220264434814453
2014-07-28,14.880033493041992,17.250612258911133
2014-07-29,14.80205249786377,17.215932846069336
2014-07-30,14.867033004760742,17.2332706451416
2014-07-31,14.561641693115234,16.908119201660156
2014-08-01,14.438178062438965,16.817068099975586
2014-08-04,14.555140495300293,16.938465118408203
2014-08-05,14.405691146850586,16.778057098388672
2014-08-06,14.464174270629883,16.726030349731445
2014-08-07,14.399191856384277,16.656660079956055
2014-08-08,14.542146682739258,16.765050888061523
2014-08-11,14.555140495300293,16.847421646118164
2014-08-12,14.587628364562988,16.838747024536133
2014-08-13,14.652604103088379,17.00349235534668
2014-08-14,14.74357795715332,17.033838272094727
2014-08-15,14.672099113464355,17.033838272094727
2014-08-18,14.834545135498047,17.194250106811523
2014-08-19,14.860532760620117,17.302635192871094
2014-08-20,14.899520874023438,17.302635192871094
2014-08-21,15.074963569641113,17.385011672973633
2014-08-22,15.022982597351074,17.389345169067383
2014-08-25,15.152944564819336,17.406692504882812
2014-08-26,15.185429573059082,17.415359497070312
2014-08-27,15.152944564819336,17.411022186279297
2014-08-28,15.107458114624023,17.385011672973633
2014-08-29,15.17892837524414,17.46304702758789
2014-09-02,15.237410545349121,17.46738052368164
2014-09-03,15.211416244506836,17.372005462646484
2014-09-04,15.224417686462402,17.363330841064453
2014-09-05,15.243907928466797,17.46738052368164
2014-09-08,15.250406265258789,17.49339485168457
2014-09-09,15.094459533691406,17.36767578125
2014-09-10,15.17243480682373,17.471717834472656
2014-09-11,15.211416244506836,17.510732650756836
2014-09-12,15.1984281539917,17.43703842163086
2014-09-15,15.191926956176758,17.332988739013672
2014-09-16,15.256906509399414,17.46304702758789
2014-09-17,15.321881294250488,17.49774169921875
2014-09-18,15.471334457397461,17.60178565979004
2014-09-19,15.430882453918457,17.564332962036133
2014-09-22,15.32648754119873,17.446779251098633
2014-09-23,15.222094535827637,17.4075870513916
2014-09-24,15.306909561157227,17.520797729492188
2014-09-25,15.052452087402344,17.13764190673828
2014-09-26,15.19599723815918,17.324865341186523
2014-09-29,15.143795013427734,17.320505142211914
2014-09-30,15.11768913269043,17.372760772705078
2014-10-01,14.935002326965332,17.102806091308594
2014-10-02,14.974151611328125,17.09409523010254
2014-10-03,15.189470291137695,17.23343276977539
2014-10-06,15.143795013427734,17.237777709960938
2014-10-07,14.88932991027832,16.967830657958984
2014-10-08,15.169891357421875,17.2900333404541
2014-10-09,14.850181579589844,17.002666473388672
2014-10-10,14.732741355895996,16.567245483398438
2014-10-13,14.602246284484863,16.384387969970703
2014-10-14,14.660970687866211,16.410507202148438
2014-10-15,14.380404472351074,16.29729652404785
2014-10-16,14.380404472351074,16.201513290405273
2014-10-17,14.563091278076172,16.393095016479492
2014-10-20,14.647915840148926,16.51064682006836
2014-10-21,14.921952247619629,16.832849502563477
2014-10-22,14.784933090209961,16.754486083984375
2014-10-23,14.928474426269531,16.941707611083984
2014-10-24,15.072021484375,17.089736938476562
2014-10-27,15.091597557067871,17.107154846191406
2014-10-28,15.254714012145996,17.342288970947266
2014-10-29,15.293864250183105,17.324865341186523
2014-10-30,15.378684997558594,17.3814640045166
2014-10-31,15.554852485656738,17.65142059326172
2014-11-03,15.613572120666504,17.725435256958008
2014-11-04,15.620099067687988,17.72108268737793
2014-11-05,15.724489212036133,17.76897430419922
2014-11-06,15.750593185424805,17.760272979736328
2014-11-07,15.75711441040039,17.782033920288086
2014-11-10,15.841934204101562,17.829938888549805
2014-11-11,15.789739608764648,17.838645935058594
2014-11-12,15.75711441040039,17.895252227783203
2014-11-13,15.750593185424805,17.99103355407715
2014-11-14,15.698393821716309,18.1173038482666
2014-11-17,15.698393821716309,18.082468032836914
2014-11-18,15.750593185424805,18.143423080444336
2014-11-19,15.717973709106445,18.02586555480957
2014-11-20,15.717973709106445,18.1173038482666
2014-11-21,15.796260833740234,18.143423080444336
2014-11-24,15.90065860748291,18.239221572875977
2014-11-25,15.887611389160156,18.2479248046875
2014-11-26,15.907182693481445,18.413381576538086
2014-11-28,15.920232772827148,18.500465393066406
2014-12-01,15.809310913085938,18.291471481323242
2014-12-02,15.959380149841309,18.29581642150879
2014-12-03,16.03114891052246,18.361135482788086
2014-12-04,16.05072021484375,18.361135482788086
2014-12-05,16.194271087646484,18.339365005493164
2014-12-08,16.27256202697754,18.152141571044922
2014-12-09,16.233417510986328,18.147775650024414
2014-12-10,16.02463150024414,17.873476028442383
2014-12-11,16.06377601623535,17.95184898376465
2014-12-12,15.750593185424805,17.68625259399414
2014-12-15,15.607050895690918,17.5773983001709
2014-12-16,15.456975936889648,17.342288970947266
2014-12-17,15.809310913085938,17.668834686279297
2014-12-18,16.174694061279297,18.173908233642578
2014-12-19,16.1851863861084,18.194040298461914
2014-12-22,16.296674728393555,18.412874221801758
2014-12-23,16.388486862182617,18.46101951599121
2014-12-24,16.362253189086914,18.443513870239258
2014-12-26,16.362253189086914,18.522289276123047
2014-12-29,16.42127227783203,18.430387496948242
2014-12-30,16.401607513427734,18.29907989501953
2014-12-31,16.217975616455078,18.097755432128906
2015-01-02,16.217975616455078,18.062732696533203
2015-01-05,15.876958847045898,17.78700065612793
2015-01-06,15.634316444396973,17.572546005249023
2015-01-07,15.798269271850586,17.721357345581055
2015-01-08,16.034351348876953,18.110883712768555
2015-01-09,15.81794261932373,18.05398178100586
2015-01-12,15.68678092956543,17.84389877319336
2015-01-13,15.634316444396973,17.83077621459961
2015-01-14,15.411346435546875,17.730112075805664
2015-01-15,15.221161842346191,17.502519607543945
2015-01-16,15.404787063598633,17.673208236694336
2015-01-20,15.339205741882324,17.822023391723633
2015-01-21,15.378548622131348,17.852657318115234
2015-01-22,15.758917808532715,18.145891189575195
2015-01-23,15.588408470153809,18.141511917114258
2015-01-26,15.667102813720703,18.067102432250977
2015-01-27,15.496600151062012,17.546287536621094
2015-01-28,15.214604377746582,17.515653610229492
2015-01-29,15.339205741882324,17.681964874267578
2015-01-30,15.089997291564941,17.46312713623047
2015-02-02,15.332648277282715,17.642576217651367
2015-02-03,15.588408470153809,17.84389877319336
2015-02-04,15.549057960510254,17.87891960144043
2015-02-05,15.706454277038574,18.045230865478516
2015-02-06,15.83105754852295,17.98833656311035
2015-02-09,15.752358436584473,17.962074279785156
2015-02-10,15.876958847045898,18.22905158996582
2015-02-11,15.876958847045898,18.29907989501953
2015-02-12,16.034351348876953,18.548555374145508
2015-02-13,16.021242141723633,18.666723251342773
2015-02-17,16.07370376586914,18.675474166870117
2015-02-18,15.975335121154785,18.69298553466797
2015-02-19,15.909746170043945,18.75864028930664
2015-02-20,16.027790069580078,18.854928970336914
2015-02-23,15.988449096679688,18.86804962158203
2015-02-24,16.067142486572266,18.92495346069336
2015-02-25,16.067142486572266,18.80677604675293
2015-02-26,16.027790069580078,18.92495346069336
2015-02-27,15.96877384185791,18.859296798706055
2015-03-02,16.086814880371094,19.008113861083984
2015-03-03,16.040916442871094,18.881181716918945
2015-03-04,15.942540168762207,18.80677604675293
2015-03-05,16.008121490478516,18.78489112854004
2015-03-06,15.8900728225708,18.55293083190918
2015-03-09,15.962217330932617,18.640466690063477
2015-03-10,15.621200561523438,18.259693145751953
2015-03-11,15.719574928283691,18.141511917114258
2015-03-12,16.060585021972656,18.259693145751953
2015-03-13,15.94909954071045,18.15903091430664
2015-03-16,16.145841598510742,18.373485565185547
2015-03-17,16.10649299621582,18.37786102294922
2015-03-18,16.198305130004883,18.627334594726562
2015-03-19,16.047468185424805,18.574819564819336
2015-03-20,16.265350341796875,18.694786071777344
2015-03-23,16.173198699951172,18.694786071777344
2015-03-24,16.04154396057129,18.63326072692871
2015-03-25,15.78482437133789,18.154245376586914
2015-03-26,15.77166748046875,18.167428970336914
2015-03-27,15.751914024353027,18.180614471435547
2015-03-30,15.982297897338867,18.40034294128418
2015-03-31,15.870400428771973,18.211376190185547
2015-04-01,15.857240676879883,18.185009002685547
2015-04-02,15.93622875213623,18.180614471435547
2015-04-06,15.962554931640625,18.356399536132812
2015-04-07,15.876984596252441,18.316844940185547
2015-04-08,15.93622875213623,18.373981475830078
2015-04-09,15.962554931640625,18.422319412231445
2015-04-10,15.955975532531738,18.492637634277344
2015-04-13,16.01521873474121,18.439899444580078
2015-04-14,16.01521873474121,18.382774353027344
2015-04-15,16.07445526123047,18.545373916625977
2015-04-16,16.100786209106445,18.479450225830078
2015-04-17,15.883565902709961,18.224559783935547
2015-04-20,15.949389457702637,18.536582946777344
2015-04-21,15.870400428771973,18.527795791625977
2015-04-22,15.982297897338867,18.716760635375977
2015-04-23,16.008636474609375,18.79146957397461
2015-04-24,15.982297897338867,18.954065322875977
2015-04-27,15.923059463500977,19.00680923461914
2015-04-28,16.01521873474121,19.068326950073242
2015-04-29,16.008636474609375,18.976041793823242
2015-04-30,15.883565902709961,18.712364196777344
2015-05-01,16.02179718017578,18.94088363647461
2015-05-04,16.179777145385742,18.958463668823242
2015-05-05,16.03496742248535,18.664026260375977
2015-05-06,15.955975532531738,18.505817413330078
2015-05-07,16.067873001098633,18.64204978942871
2015-05-08,16.298269271850586,18.910131454467773
2015-05-11,16.23902702331543,18.813446044921875
2015-05-12,16.179777145385742,18.712364196777344
2015-05-13,16.186365127563477,18.79146957397461
2015-05-14,16.331174850463867,19.09470558166504
2015-05-15,16.258771896362305,19.03318214416504
2015-05-18,16.35092544555664,19.125465393066406
2015-05-19,16.443082809448242,19.07712173461914
2015-05-20,16.397001266479492,19.090307235717773
2015-05-21,16.357505798339844,19.17380142211914
2015-05-22,16.36408805847168,19.160621643066406
2015-05-26,16.179777145385742,18.883760452270508
2015-05-27,16.357505798339844,19.23971939086914
2015-05-28,16.3377628326416,19.20017433166504
2015-05-29,16.192943572998047,19.059541702270508
2015-06-01,16.20611000061035,19.11228370666504
2015-06-02,16.232439041137695,19.07272720336914
2015-06-03,16.37067413330078,19.11228370666504
2015-06-04,16.225854873657227,18.93648910522461
2015-06-05,16.318010330200195,18.874971389770508
2015-06-08,16.219276428222656,18.664026260375977
2015-06-09,16.258771896362305,18.62007713317871
2015-06-10,16.48915672302246,18.910131454467773
2015-06-11,16.55497932434082,18.918909072875977
2015-06-12,16.48257064819336,18.75191879272461
2015-06-15,16.410167694091797,18.63765525817871
2015-06-16,16.502321243286133,18.760704040527344
2015-06-17,16.48257064819336,18.769495010375977
2015-06-18,16.633970260620117,18.93648910522461
2015-06-19,16.356294631958008,18.778898239135742
2015-06-22,16.607524871826172,18.933399200439453
2015-06-23,16.640575408935547,18.946643829345703
2015-06-24,16.50174903869629,18.858360290527344
2015-06-25,16.402572631835938,18.814212799072266
2015-06-26,16.455463409423828,18.655292510986328
2015-06-29,16.058786392211914,18.25800132751465
2015-06-30,16.1182918548584,18.27565574645996
2015-07-01,16.362903594970703,18.399250030517578
2015-07-02,16.290189743041992,18.425745010375977
2015-07-06,16.224077224731445,18.3507022857666
2015-07-07,16.257137298583984,18.37718963623047
2015-07-08,15.972845077514648,18.07701301574707
2015-07-09,16.098453521728516,18.00637435913086
2015-07-10,16.290189743041992,18.29330825805664
2015-07-13,16.488521575927734,18.571422576904297
2015-07-14,16.528188705444336,18.642053604125977
2015-07-15,16.667030334472656,18.64646339416504
2015-07-16,16.832305908203125,18.88484764099121
2015-07-17,16.786026000976562,19.176197052001953
2015-07-20,16.805866241455078,19.277729034423828
2015-07-21,16.786026000976562,19.149709701538086
2015-07-22,16.91164779663086,18.840696334838867
2015-07-23,16.76619529724121,18.800968170166016
2015-07-24,16.607524871826172,18.699440002441406
2015-07-27,16.488521575927734,18.531692504882812
2015-07-28,16.55463409423828,18.699440002441406
2015-07-29,16.71991729736328,18.823040008544922
2015-07-30,16.71991729736328,18.858360290527344
2015-07-31,16.667030334472656,18.796560287475586
2015-08-03,16.647197723388672,18.695026397705078
2015-08-04,16.62074089050293,18.584657669067383
2015-08-05,16.686861038208008,18.765655517578125
2015-08-06,16.627355575561523,18.580249786376953
2015-08-07,16.66042137145996,18.59349822998047
2015-08-10,16.819095611572266,18.88484764099121
2015-08-11,16.667030334472656,18.602319717407227
2015-08-12,16.514972686767578,18.68620491027832
2015-08-13,16.574464797973633,18.633224487304688
2015-08-14,16.69346809387207,18.725923538208008
2015-08-17,16.726530075073242,18.83186912536621
2015-08-18,16.71330451965332,18.73475456237793
2015-08-19,16.561248779296875,18.61115264892578
2015-08-20,16.210845947265625,18.156469345092773
2015-08-21,15.629056930541992,17.46339988708496
2015-08-24,14.961318969726562,16.774755477905273
2015-08-25,14.762975692749023,16.64232635498047
2015-08-26,15.318324089050293,17.48105812072754
2015-08-27,15.695168495178223,17.887184143066406
2015-08-28,15.622444152832031,17.92249870300293
2015-08-31,15.49022102355957,17.759166717529297
2015-09-01,14.987763404846191,17.1897029876709
2015-09-02,15.192712783813477,17.604673385620117
2015-09-03,15.27865982055664,17.61791229248047
2015-09-04,14.974539756774902,17.348634719848633
2015-09-08,15.357993125915527,17.834218978881836
2015-09-09,15.14643383026123,17.600252151489258
2015-09-10,15.219158172607422,17.776826858520508
2015-09-11,15.285268783569336,17.860700607299805
2015-09-14,15.252213478088379,17.816556930541992
2015-09-15,15.47038745880127,18.04610252380371
2015-09-16,15.569551467895508,18.121150970458984
2015-09-17,15.351386070251465,17.997543334960938
2015-09-18,15.054410934448242,17.763858795166016
2015-09-21,15.22714614868164,17.94123077392578
2015-09-22,15.03448486328125,17.639694213867188
2015-09-23,15.041129112243652,17.684051513671875
2015-09-24,14.934825897216797,17.684051513671875
2015-09-25,15.154068946838379,17.652996063232422
2015-09-28,14.801957130432129,17.249481201171875
2015-09-29,14.82852840423584,17.174097061157227
2015-09-30,15.054410934448242,17.51553726196289
2015-10-01,15.061057090759277,17.52440071105957
2015-10-02,15.080991744995117,17.772733688354492
2015-10-05,15.399883270263672,18.123037338256836
2015-10-06,15.326801300048828,18.14520263671875
2015-10-07,15.446382522583008,18.229461669921875
2015-10-08,15.53939437866211,18.313709259033203
2015-10-09,15.43974494934082,18.393535614013672
2015-10-12,15.453030586242676,18.41570281982422
2015-10-13,15.333446502685547,18.375791549682617
2015-10-14,15.20721435546875,18.3403263092041
2015-10-15,15.552684783935547,18.57533836364746
2015-10-16,15.6456937789917,18.610815048217773
2015-10-19,15.632411003112793,18.681760787963867
2015-10-20,15.725411415100098,18.632984161376953
2015-10-21,15.612478256225586,18.491086959838867
2015-10-22,15.86492919921875,18.907907485961914
2015-10-23,16.037668228149414,19.435598373413086
2015-10-26,15.971231460571289,19.360214233398438
2015-10-27,15.87822151184082,19.249357223510742
2015-10-28,16.250261306762695,19.537588119506836
2015-10-29,16.230331420898438,19.4843692779541
2015-10-30,15.997814178466797,19.35577964782715
2015-11-02,16.2170467376709,19.528715133666992
2015-11-03,16.243623733520508,19.630706787109375
2015-11-04,16.197114944458008,19.652875900268555
2015-11-05,16.263547897338867,19.595232009887695
2015-11-06,16.42963409423828,19.661739349365234
2015-11-09,16.250261306762695,19.471073150634766
2015-11-10,16.323348999023438,19.342477798461914
2015-11-11,16.270193099975586,19.33360481262207
2015-11-12,16.024383544921875,19.165102005004883
2015-11-13,15.891501426696777,18.78818130493164
2015-11-16,16.08417510986328,19.076414108276367
2015-11-17,16.05095863342285,19.080852508544922
2015-11-18,16.33663558959961,19.369081497192383
2015-11-19,16.36320686340332,19.4577579498291
2015-11-20,16.389781951904297,19.599666595458984
2015-11-23,16.323348999023438,19.4843692779541
2015-11-24,16.276830673217773,19.48880958557129
2015-11-25,16.290117263793945,19.426727294921875
2015-11-27,16.32999610900879,19.471073150634766
2015-11-30,16.316701889038086,19.493249893188477
2015-12-01,16.49607276916504,19.666183471679688
2015-12-02,16.303415298461914,19.542020797729492
2015-12-03,16.037668228149414,19.289264678955078
2015-12-04,16.462854385375977,19.763734817504883
2015-12-07,16.310054779052734,19.666183471679688
2015-12-08,16.104106903076172,19.617395401000977
2015-12-09,15.918087005615234,19.329172134399414
2015-12-10,15.931366920471191,19.382383346557617
2015-12-11,15.57925796508789,18.978858947753906
2015-12-14,15.612478256225586,19.12519073486328
2015-12-15,15.977875709533691,19.209442138671875
2015-12-16,16.23697853088379,19.471073150634766
2015-12-17,16.004453659057617,19.165102005004883
2015-12-18,15.576597213745117,18.79342269897461
2015-12-21,15.73035717010498,18.985055923461914
2015-12-22,15.877433776855469,19.123210906982422
2015-12-23,16.064619064331055,19.283649444580078
2015-12-24,16.051240921020508,19.274734497070312
2015-12-28,16.037879943847656,19.26136589050293
2015-12-29,16.20500946044922,19.524301528930664
2015-12-30,16.091367721557617,19.359405517578125
2015-12-31,15.930912971496582,19.087556838989258
2016-01-04,15.623391151428223,18.837984085083008
2016-01-05,15.683554649353027,18.788970947265625
2016-01-06,15.442892074584961,18.55722427368164
2016-01-07,15.00835132598877,18.009065628051758
2016-01-08,14.774370193481445,17.866456985473633
2016-01-11,14.794422149658203,17.982322692871094
2016-01-12,14.908068656921387,18.196243286132812
2016-01-13,14.520331382751465,17.706018447875977
2016-01-14,14.647347450256348,18.040260314941406
2016-01-15,14.319767951965332,17.532211303710938
2016-01-19,14.31308364868164,17.550033569335938
2016-01-20,14.032309532165527,17.411880493164062
2016-01-21,13.972139358520508,17.509929656982422
2016-01-22,14.226178169250488,17.995695114135742
2016-01-25,13.938713073730469,17.786231994628906
2016-01-26,14.172691345214844,17.960041046142578
2016-01-27,14.119211196899414,17.590152740478516
2016-01-28,14.125901222229004,17.81743621826172
2016-01-29,14.520331382751465,18.378963470458984
2016-02-01,14.460160255432129,18.445810317993164
2016-02-02,14.059046745300293,18.116024017333984
2016-02-03,14.072422981262207,18.093734741210938
2016-02-04,14.192749977111816,18.111562728881836
2016-02-05,14.005563735961914,17.603513717651367
2016-02-08,13.6512451171875,17.3494873046875
2016-02-09,13.63119125366211,17.269269943237305
2016-02-10,13.557653427124023,17.296009063720703
2016-02-11,13.143169403076172,17.260353088378906
2016-02-12,13.698046684265137,17.50101661682129
2016-02-16,13.918659210205078,17.812971115112305
2016-02-17,14.105844497680664,18.17841148376465
2016-02-18,14.025620460510254,18.107107162475586
2016-02-19,14.025620460510254,18.120481491088867
2016-02-22,14.246234893798828,18.361141204833984
2016-02-23,13.992193222045898,18.071455001831055
2016-02-24,13.958770751953125,18.209606170654297
2016-02-25,14.15263557434082,18.43689727783203
2016-02-26,14.252922058105469,18.38787269592285
2016-02-29,14.099160194396973,18.258634567260742
2016-03-01,14.573811531066895,18.80233383178711
2016-03-02,14.734254837036133,18.855812072753906
2016-03-03,14.834532737731934,18.855812072753906
2016-03-04,14.894699096679688,18.904834747314453
2016-03-07,14.888011932373047,18.788970947265625
2016-03-08,14.647347450256348,18.673093795776367
2016-03-09,14.66740608215332,18.83353042602539
2016-03-10,14.654033660888672,18.815704345703125
2016-03-11,15.035096168518066,19.10538673400879
2016-03-14,14.988292694091797,19.12767219543457
2016-03-15,14.981611251831055,19.19896697998047
2016-03-16,14.948185920715332,19.421796798706055
2016-03-17,15.128684043884277,19.493106842041016
2016-03-18,15.262978553771973,19.524457931518555
2016-03-21,15.23612117767334,19.59164810180664
2016-03-22,15.189117431640625,19.59613037109375
2016-03-23,15.074966430664062,19.484149932861328
2016-03-24,14.980958938598633,19.53789710998535
2016-03-28,15.027961730957031,19.488624572753906
2016-03-29,15.054818153381348,19.7932071685791
2016-03-30,15.142112731933594,19.9096622467041
2016-03-31,15.108538627624512,19.869354248046875
2016-04-01,15.242840766906738,20.02164077758789
2016-04-04,15.168974876403809,19.94550132751465
2016-04-05,14.954092979431152,19.75289535522461
2016-04-06,15.03467845916748,19.94550132751465
2016-04-07,14.75265121459961,19.658836364746094
2016-04-08,14.806364059448242,19.658836364746094
2016-04-11,14.866799354553223,19.605083465576172
2016-04-12,15.054818153381348,19.739459991455078
2016-04-13,15.397275924682617,19.941024780273438
2016-04-14,15.430853843688965,19.936538696289062
2016-04-15,15.377138137817383,19.860395431518555
2016-04-18,15.491288185119629,19.94550132751465
2016-04-19,15.686022758483887,19.83351707458496
2016-04-20,15.806889533996582,19.87383270263672
2016-04-21,15.665881156921387,19.80216407775879
2016-04-22,15.813605308532715,19.457273483276367
2016-04-25,15.780035018920898,19.461753845214844
2016-04-26,15.880755424499512,19.367692947387695
2016-04-27,15.907608985900879,19.278108596801758
2016-04-28,15.739741325378418,19.036239624023438
2016-04-29,15.652447700500488,18.87051010131836
2016-05-02,15.793461799621582,19.009363174438477
2016-05-03,15.592011451721191,18.834680557250977
2016-05-04,15.47114372253418,18.776445388793945
2016-05-05,15.46442699432373,18.785404205322266
2016-05-06,15.531576156616211,18.92426109313965
2016-05-09,15.491288185119629,18.92426109313965
2016-05-10,15.71288013458252,19.170610427856445
2016-05-11,15.545004844665527,19.03176498413086
2016-05-12,15.551721572875977,18.978004455566406
2016-05-13,15.363703727722168,18.906343460083008
2016-05-16,15.444283485412598,19.170610427856445
2016-05-17,15.356986999511719,18.978004455566406
2016-05-18,15.625588417053223,19.01384735107422
2016-05-19,15.477853775024414,18.91082191467285
2016-05-20,15.58530044555664,19.139257431030273
2016-05-23,15.571864128112793,19.10342788696289
2016-05-24,15.806889533996582,19.461753845214844
2016-05-25,15.974762916564941,19.59613037109375
2016-05-26,15.880755424499512,19.658836364746094
2016-05-27,15.98819351196289,19.75289535522461
2016-05-31,15.947906494140625,19.7932071685791
2016-06-01,15.981472969055176,19.743940353393555
2016-06-02,16.01505470275879,19.72602081298828
2016-06-03,15.786741256713867,19.681232452392578
2016-06-06,15.880755424499512,19.71706199645996
2016-06-07,15.84718132019043,19.797685623168945
2016-06-08,15.860610008239746,19.83799934387207
2016-06-09,15.746454238891602,19.84248161315918
2016-06-10,15.551721572875977,19.6901912689209
2016-06-13,15.444283485412598,19.47071647644043
2016-06-14,15.215973854064941,19.5155086517334
2016-06-15,15.23612117767334,19.46623420715332
2016-06-16,15.276409149169922,19.50654411315918
2016-06-17,15.26358699798584,19.376466751098633
2016-06-20,15.351344108581543,19.457483291625977
2016-06-21,15.439105033874512,19.592514038085938
2016-06-22,15.425604820251465,19.524995803833008
2016-06-23,15.74964714050293,19.790550231933594
2016-06-24,14.905792236328125,19.02989959716797
2016-06-27,14.480488777160645,18.647315979003906
2016-06-28,14.851787567138672,19.016395568847656
2016-06-29,15.189323425292969,19.308956146240234
2016-06-30,15.432356834411621,19.520496368408203
2016-07-01,15.351344108581543,19.56551170349121
2016-07-05,15.121821403503418,19.421480178833008
2016-07-06,15.162321090698242,19.556507110595703
2016-07-07,15.182583808898926,19.556507110595703
2016-07-08,15.472861289978027,19.862564086914062
2016-07-11,15.560614585876465,19.979591369628906
2016-07-12,15.756397247314453,20.141626358032227
2016-07-13,15.756397247314453,20.146116256713867
2016-07-14,15.904911994934082,20.276657104492188
2016-07-15,15.877911567687988,20.258649826049805
2016-07-18,15.93192195892334,20.39368438720703
2016-07-19,15.938665390014648,20.348669052124023
2016-07-20,15.965670585632324,20.614215850830078
2016-07-21,15.884661674499512,20.506196975708008
2016-07-22,15.985916137695312,20.62772560119629
2016-07-25,15.952169418334961,20.600719451904297
2016-07-26,15.965670585632324,20.645732879638672
2016-07-27,15.958922386169434,20.816762924194336
2016-07-28,15.99267292022705,20.830265045166016
2016-07-29,15.965670585632324,20.906782150268555
2016-08-01,15.925166130065918,20.947290420532227
2016-08-02,15.790146827697754,20.78976058959961
2016-08-03,15.952169418334961,20.861772537231445
2016-08-04,15.911664009094238,20.974294662475586
2016-08-05,16.2154483795166,21.17683982849121
2016-08-08,16.23570442199707,21.172334671020508
2016-08-09,16.24921226501465,21.21734619140625
2016-08-10,16.12093734741211,21.14983367919922
2016-08-11,16.154695510864258,21.22634506225586
2016-08-12,16.107439041137695,21.203838348388672
2016-08-15,16.2154483795166,21.307363510131836
2016-08-16,16.174949645996094,21.14983367919922
2016-08-17,16.22895622253418,21.140832901000977
2016-08-18,16.2154483795166,21.14983367919922
2016-08-19,16.208696365356445,21.163341522216797
2016-08-22,16.208696365356445,21.163341522216797
2016-08-23,16.22895622253418,21.23984718322754
2016-08-24,16.222198486328125,21.122831344604492
2016-08-25,16.255956649780273,21.167842864990234
2016-08-26,16.276206970214844,21.17683982849121
2016-08-29,16.4179744720459,21.257850646972656
2016-08-30,16.56649398803711,21.18583869934082
2016-08-31,16.57999610900879,21.14983367919922
2016-09-01,16.512483596801758,21.21734619140625
2016-09-02,16.586748123168945,21.31186294555664
2016-09-06,16.559741973876953,21.419883728027344
2016-09-07,16.552988052368164,21.47389793395996
2016-09-08,16.539485931396484,21.298362731933594
2016-09-09,16.22895622253418,20.77625846862793
2016-09-12,16.411224365234375,21.122831344604492
2016-09-13,16.12093734741211,20.969799041748047
2016-09-14,16.08043670654297,21.068822860717773
2016-09-15,16.174949645996094,21.41538429260254
2016-09-16,16.021642684936523,21.336750030517578
2016-09-19,16.12380599975586,21.29606819152832
2016-09-20,16.13216209411621,21.282514572143555
2016-09-21,16.23235511779785,21.522043228149414
2016-09-22,16.2657527923584,21.65311622619629
2016-09-23,16.182254791259766,21.463293075561523
2016-09-26,15.923409461975098,21.336750030517578
2016-09-27,16.048660278320312,21.571760177612305
2016-09-28,16.12380599975586,21.612438201904297
2016-09-29,15.898358345031738,21.481374740600586
2016-09-30,16.115463256835938,21.594356536865234
2016-10-03,16.040300369262695,21.53109359741211
2016-10-04,16.107105255126953,21.454261779785156
2016-10-05,16.365957260131836,21.53109359741211
2016-10-06,16.391006469726562,21.580793380737305
2016-10-07,16.382659912109375,21.522043228149414
2016-10-10,16.46615982055664,21.67119598388672
2016-10-11,16.315853118896484,21.427133560180664
2016-10-12,16.29916000366211,21.463293075561523
2016-10-13,16.140512466430664,21.327709197998047
2016-10-14,16.215656280517578,21.4090576171875
2016-10-17,16.140512466430664,21.363861083984375
2016-10-18,16.274106979370117,21.481374740600586
2016-10-19,16.416053771972656,21.522043228149414
2016-10-20,16.416053771972656,21.42261505126953
2016-10-21,16.40770721435547,21.481374740600586
2016-10-24,16.45780372619629,21.689271926879883
2016-10-25,16.44110107421875,21.612438201904297
2016-10-26,16.541305541992188,21.490415573120117
2016-10-27,16.583059310913086,21.463293075561523
2016-10-28,16.507904052734375,21.440698623657227
2016-10-31,16.48285484313965,21.431650161743164
2016-11-01,16.416053771972656,21.246353149414062
2016-11-02,16.307504653930664,21.11077117919922
2016-11-03,16.324207305908203,20.907386779785156
2016-11-04,16.274106979370117,20.87122917175293
2016-11-07,16.683252334594727,21.32319450378418
2016-11-08,16.691604614257812,21.427133560180664
2016-11-09,17.401355743408203,21.4000244140625
2016-11-10,18.0443058013916,21.05653953552246
2016-11-11,18.094406127929688,21.11981201171875
2016-11-14,18.536949157714844,20.798921585083008
2016-11-15,18.520252227783203,21.092687606811523
2016-11-16,18.253047943115234,21.287033081054688
2016-11-17,18.503551483154297,21.42261505126953
2016-11-18,18.503551483154297,21.4045352935791
2016-11-21,18.57035255432129,21.621479034423828
2016-11-22,18.578699111938477,21.689271926879883
2016-11-23,18.6872501373291,21.603404998779297
2016-11-25,18.71230125427246,21.69378662109375
2016-11-28,18.49519920349121,21.711872100830078
2016-11-29,18.545299530029297,21.72542381286621
2016-11-30,18.79580307006836,21.467811584472656
2016-12-01,19.121450424194336,21.0248966217041
2016-12-02,18.912702560424805,21.10172462463379
2016-12-05,19.13814926147461,21.30510902404785
2016-12-06,19.305152893066406,21.368379592895508
2016-12-07,19.605751037597656,21.7751407623291
2016-12-08,19.78944969177246,21.82938003540039
2016-12-09,19.831199645996094,21.987560272216797
2016-12-12,19.639150619506836,21.919767379760742
2016-12-13,19.689247131347656,22.19545555114746
2016-12-14,19.597396850585938,22.11863136291504
2016-12-15,19.764392852783203,22.21805763244629
2016-12-16,19.59412384033203,22.057361602783203
2016-12-19,19.60251235961914,22.21624183654785
2016-12-20,19.84577178955078,22.29794692993164
2016-12-21,19.795434951782227,22.2525577545166
2016-12-22,19.745107650756836,22.207162857055664
2016-12-23,19.778656005859375,22.229862213134766
2016-12-27,19.80381965637207,22.320646286010742
2016-12-28,19.60251235961914,22.120912551879883
2016-12-29,19.459915161132812,22.125452041625977
2016-12-30,19.50185775756836,21.952953338623047
2017-01-03,19.719934463500977,22.148151397705078
2017-01-04,19.879314422607422,22.225317001342773
2017-01-05,19.67800521850586,22.261634826660156
2017-01-06,19.745107650756836,22.42505645751953
2017-01-09,19.610897064208984,22.420522689819336
2017-01-10,19.6528377532959,22.42505645751953
2017-01-11,19.778656005859375,22.529468536376953
2017-01-12,19.610897064208984,22.47498893737793
2017-01-13,19.719934463500977,22.5430850982666
2017-01-17,19.250219345092773,22.45684051513672
2017-01-18,19.409589767456055,22.515850067138672
2017-01-19,19.325712203979492,22.484073638916016
2017-01-20,19.417978286743164,22.606639862060547
2017-01-23,19.29215431213379,22.647491455078125
2017-01-24,19.53541374206543,22.78821563720703
2017-01-25,19.862531661987305,23.006113052368164
2017-01-26,19.912864685058594,22.942556381225586
2017-01-27,19.83736801147461,23.033349990844727
2017-01-30,19.67800521850586,22.84723663330078
2017-01-31,19.552186965942383,22.733749389648438
2017-02-01,19.577348709106445,22.90624237060547
2017-02-02,19.50185775756836,22.86083984375
2017-02-03,19.896087646484375,23.010658264160156
2017-02-06,19.80381965637207,23.024267196655273
2017-02-07,19.753494262695312,23.11505699157715
2017-02-08,19.61928939819336,23.155916213989258
2017-02-09,19.887704849243164,23.228544235229492
2017-02-10,19.94641876220703,23.2966365814209
2017-02-13,20.17288589477539,23.401044845581055
2017-02-14,20.407747268676758,23.47821044921875
2017-02-15,20.567121505737305,23.555391311645508
2017-02-16,20.51679229736328,23.60986328125
2017-02-17,20.525178909301758,23.69157600402832
2017-02-21,20.625831604003906,23.814144134521484
2017-02-22,20.642610549926758,23.84137725830078
2017-02-23,20.642610549926758,23.836835861206055
2017-02-24,20.48324203491211,23.891313552856445
2017-02-27,20.59228515625,23.877687454223633
2017-02-28,20.583894729614258,23.764209747314453
2017-03-01,21.17104721069336,24.100130081176758
2017-03-02,20.843921661376953,23.941242218017578
2017-03-03,20.9445743560791,23.99571990966797
2017-03-06,20.78520965576172,23.959402084350586
2017-03-07,20.72649383544922,23.959402084350586
2017-03-08,20.73487091064453,23.98663902282715
2017-03-09,20.810365676879883,23.982099533081055
2017-03-10,20.793590545654297,24.109203338623047
2017-03-13,20.843921661376953,24.13190269470215
2017-03-14,20.78520965576172,24.077430725097656
2017-03-15,20.751646041870117,24.2408504486084
2017-03-16,20.78520965576172,24.254470825195312
2017-03-17,20.581493377685547,24.30687141418457
2017-03-20,20.413137435913086,24.329662322998047
2017-03-21,19.840723037719727,23.974224090576172
2017-03-22,19.798641204833984,24.12459945678711
2017-03-23,19.840723037719727,24.06079864501953
2017-03-24,19.815473556518555,24.079021453857422
2017-03-27,19.739717483520508,24.079021453857422
2017-03-28,20.009084701538086,24.25218963623047
2017-03-29,19.882822036743164,24.2932071685791
2017-03-30,20.14376449584961,24.338768005371094
2017-03-31,19.97540855407715,24.2932071685791
2017-04-03,19.93332290649414,24.270416259765625
2017-04-04,19.908071517944336,24.288646697998047
2017-04-05,19.756546020507812,24.188392639160156
2017-04-06,19.882822036743164,24.192955017089844
2017-04-07,19.798641204833984,24.179283142089844
2017-04-10,19.748140335083008,24.133712768554688
2017-04-11,19.689210891723633,24.042566299438477
2017-04-12,19.529273986816406,23.960548400878906
2017-04-13,19.2767391204834,23.86485481262207
2017-04-17,19.613449096679688,24.083581924438477
2017-04-18,19.42825698852539,24.079021453857422
2017-04-19,19.36932945251465,24.06079864501953
2017-04-20,19.69762420654297,24.279531478881836
2017-04-21,19.495607376098633,24.229406356811523
2017-04-24,19.93332290649414,24.516496658325195
2017-04-25,20.11009979248047,24.64409637451172
2017-04-26,20.093265533447266,24.616748809814453
2017-04-27,20.00067138671875,24.717002868652344
2017-04-28,19.807052612304688,24.780797958374023
2017-05-01,19.93332290649414,24.967634201049805
2017-05-02,19.908071517944336,25.022319793701172
2017-05-03,20.068010330200195,24.97675132751465
2017-05-04,20.101682662963867,24.958520889282227
2017-05-05,20.068010330200195,25.049663543701172
2017-05-08,20.051172256469727,25.159025192260742
2017-05-09,19.97540855407715,25.19092559814453
2017-05-10,20.04275894165039,25.286617279052734
2017-05-11,19.916488647460938,25.254718780517578
2017-05-12,19.83231544494629,25.31852149963379
2017-05-15,19.983835220336914,25.45978355407715
2017-05-16,20.04275894165039,25.578264236450195
2017-05-17,19.411426544189453,24.881052017211914
2017-05-18,19.4871826171875,25.02687644958496
2017-05-19,19.655540466308594,25.17270278930664
2017-05-22,19.70604133605957,25.373205184936523
2017-05-23,19.857561111450195,25.418773651123047
2017-05-24,19.849149703979492,25.523590087890625
2017-05-25,19.882822036743164,25.70586395263672
2017-05-26,19.8743953704834,25.692197799682617
2017-05-30,19.739717483520508,25.801565170288086
2017-05-31,19.571359634399414,25.76054573059082
2017-06-01,19.815473556518555,25.82434844970703
2017-06-02,19.739717483520508,26.061309814453125
2017-06-05,19.773387908935547,26.08409309387207
2017-06-06,19.689210891723633,26.03396987915039
2017-06-07,19.840723037719727,26.115989685058594
2017-06-08,20.068010330200195,26.175233840942383
2017-06-09,20.446807861328125,25.52814483642578
2017-06-12,20.48889923095703,25.377763748168945
2017-06-13,20.598323822021484,25.560041427612305
2017-06-14,20.63199806213379,25.436996459960938
2017-06-15,20.547819137573242,25.323078155517578
2017-06-16,20.52500343322754,25.278697967529297
2017-06-19,20.73625946044922,25.653871536254883
2017-06-20,20.558807373046875,25.447980880737305
2017-06-21,20.389812469482422,25.58982276916504
2017-06-22,20.263059616088867,25.598968505859375
2017-06-23,20.187009811401367,25.75910758972168
2017-06-26,20.29686164855957,25.621850967407227
2017-06-27,20.398252487182617,25.200918197631836
2017-06-28,20.719358444213867,25.51660919189453
2017-06-29,20.863006591796875,25.05908203125
2017-06-30,20.846105575561523,25.036209106445312
2017-07-03,21.150304794311523,24.862342834472656
2017-07-05,21.184110641479492,25.10940933227539
2017-07-06,21.0235538482666,24.880651473999023
2017-07-07,21.167207717895508,25.168888092041016
2017-07-10,21.141857147216797,25.351903915405273
2017-07-11,20.955957412719727,25.406810760498047
2017-07-12,21.0235538482666,25.736234664916992
2017-07-13,21.150304794311523,25.786558151245117
2017-07-14,21.057363510131836,26.01532745361328
2017-07-17,20.98975944519043,26.019901275634766
2017-07-18,20.955957412719727,26.138864517211914
2017-07-19,20.964406967163086,26.271541595458984
2017-07-20,20.955957412719727,26.326444625854492
2017-07-21,20.955957412719727,26.294424057006836
2017-07-24,21.048906326293945,26.358478546142578
2017-07-25,21.31085968017578,26.30815315246582
2017-07-26,21.167207717895508,26.40880584716797
2017-07-27,21.048906326293945,26.30815315246582
2017-07-28,21.048906326293945,26.28069496154785
2017-07-31,21.20100975036621,26.152589797973633
2017-08-01,21.353103637695312,26.28527069091797
2017-08-02,21.38690757751465,26.358478546142578
2017-08-03,21.31085968017578,26.298999786376953
2017-08-04,21.45450782775879,26.358478546142578
2017-08-07,21.42070770263672,26.51861572265625
2017-08-08,21.361562728881836,26.482009887695312
2017-08-09,21.361562728881836,26.46828269958496
2017-08-10,20.981306076049805,25.94669532775879
2017-08-11,20.896808624267578,26.125131607055664
2017-08-14,21.184110641479492,26.541488647460938
2017-08-15,21.20100975036621,26.582666397094727
2017-08-16,21.15875244140625,26.66045379638672
2017-08-17,20.795406341552734,26.138864517211914
2017-08-18,20.803863525390625,26.111406326293945
2017-08-21,20.744701385498047,26.10225486755371
2017-08-22,20.97285270690918,26.491167068481445
2017-08-23,20.905254364013672,26.427101135253906
2017-08-24,20.905254364013672,26.40423583984375
2017-08-25,20.964406967163086,26.399654388427734
2017-08-28,20.829208374023438,26.449983596801758
2017-08-29,20.761606216430664,26.564369201660156
2017-08-30,20.846105575561523,26.75653648376465
2017-08-31,20.871458053588867,26.916667938232422
2017-09-01,20.93060874938965,26.893787384033203
2017-09-05,20.482757568359375,26.655874252319336
2017-09-06,20.533458709716797,26.678752899169922
2017-09-07,20.17856216430664,26.7702579498291
2017-09-08,20.364465713500977,26.55063247680664
2017-09-11,20.719358444213867,26.925813674926758
2017-09-12,20.964406967163086,26.989870071411133
2017-09-13,20.998199462890625,26.95326805114746
2017-09-14,20.955957412719727,26.861759185791016
2017-09-15,21.017900466918945,26.97150993347168
2017-09-18,21.263967514038086,26.994461059570312
2017-09-19,21.42519187927246,27.113849639892578
2017-09-20,21.552467346191406,27.00364875793457
2017-09-21,21.603378295898438,26.856712341308594
2017-09-22,21.577926635742188,26.870485305786133
2017-09-25,21.552467346191406,26.553661346435547
2017-09-26,21.543981552124023,26.65009307861328
2017-09-27,21.807022094726562,26.920997619628906
2017-09-28,21.840961456298828,26.953136444091797
2017-09-29,21.942790985107422,27.13680648803711
2017-10-02,22.12946319580078,27.178131103515625
2017-10-03,22.205833435058594,27.24241828918457
2017-10-04,22.104005813598633,27.224042892456055
2017-10-05,22.333106994628906,27.485774993896484
2017-10-06,22.358564376831055,27.527097702026367
2017-10-09,22.273717880249023,27.59596824645996
2017-10-10,22.37554168701172,27.623523712158203
2017-10-11,22.333106994628906,27.715354919433594
2017-10-12,22.163402557373047,27.646482467651367
2017-10-13,22.171894073486328,27.779638290405273
2017-10-16,22.316137313842773,27.880653381347656
2017-10-17,22.205833435058594,27.880653381347656
2017-10-18,22.324630737304688,27.94953727722168
2017-10-19,22.341598510742188,27.86688804626465
2017-10-20,22.604633331298828,28.055137634277344
2017-10-23,22.58766746520996,27.921987533569336
2017-10-24,22.74888801574707,28.00003433227539
2017-10-25,22.613117218017578,27.84851837158203
2017-10-26,22.740400314331055,27.96331214904785
2017-10-27,22.72342872619629,28.716339111328125
2017-10-30,22.630098342895508,28.780620574951172
2017-10-31,22.57069969177246,28.904600143432617
2017-11-01,22.604633331298828,28.90918731689453
2017-11-02,22.816768646240234,28.92296600341797
2017-11-03,22.72342872619629,29.152545928955078
2017-11-06,22.69797134399414,29.21683692932129
2017-11-07,22.384021759033203,29.230609893798828
2017-11-08,22.273717880249023,29.391313552856445
2017-11-09,22.197341918945312,29.157146453857422
2017-11-10,22.12946319580078,29.157146453857422
2017-11-13,22.163402557373047,29.147958755493164
2017-11-14,22.154926300048828,29.088268280029297
2017-11-15,22.214313507080078,28.87245750427246
2017-11-16,22.22279930114746,29.276525497436523
2017-11-17,22.197341918945312,29.088268280029297
2017-11-20,22.299169540405273,29.19846534729004
2017-11-21,22.367046356201172,29.506107330322266
2017-11-22,22.256738662719727,29.451011657714844
2017-11-24,22.24825668334961,29.61631202697754
2017-11-27,22.231281280517578,29.61631202697754
2017-11-28,22.808277130126953,29.712739944458008
2017-11-29,23.19860076904297,29.05612564086914
2017-11-30,23.351335525512695,29.313264846801758
2017-12-01,23.402250289916992,29.161731719970703
2017-12-04,23.758630752563477,28.693378448486328
2017-12-05,23.63134765625,28.702566146850586
2017-12-06,23.546499252319336,28.886226654052734
2017-12-07,23.62286376953125,29.06531524658203
2017-12-08,23.767107009887695,29.20305633544922
2017-12-11,23.70770835876465,29.455602645874023
2017-12-12,23.945302963256836,29.4464168548584
2017-12-13,23.6483211517334,29.455602645874023
2017-12-14,23.49558448791504,29.418865203857422
2017-12-15,23.706989288330078,29.754384994506836
2017-12-18,23.92011070251465,30.017093658447266
2017-12-19,23.81781578063965,29.832740783691406
2017-12-20,23.775190353393555,29.823524475097656
2017-12-21,23.979780197143555,29.763614654541016
2017-12-22,23.911584854125977,29.745168685913086
2017-12-26,23.8433895111084,29.5469913482666
2017-12-27,23.86896324157715,29.579259872436523
2017-12-28,23.962738037109375,29.629953384399414
2017-12-29,23.792247772216797,29.473255157470703
2018-01-02,23.800769805908203,29.837350845336914
2018-01-03,23.928634643554688,30.086223602294922
2018-01-04,24.150279998779297,30.238313674926758
2018-01-05,24.218475341796875,30.55632209777832
2018-01-08,24.184377670288086,30.671541213989258
2018-01-09,24.371917724609375,30.59319305419922
2018-01-10,24.576505661010742,30.487186431884766
2018-01-11,24.69584846496582,30.61162567138672
2018-01-12,24.917490005493164,30.791358947753906
2018-01-16,24.849294662475586,30.671541213989258
2018-01-17,25.03683853149414,31.132423400878906
2018-01-18,25.002737045288086,31.187725067138672
2018-01-19,25.181753158569336,31.247652053833008
2018-01-22,25.386350631713867,31.551807403564453
2018-01-23,25.411924362182617,31.69008445739746
2018-01-24,25.582414627075195,31.445819854736328
2018-01-25,25.531269073486328,31.390506744384766
2018-01-26,25.71881103515625,31.88826560974121
2018-01-29,25.61651611328125,31.597898483276367
2018-01-30,25.284048080444336,31.312170028686523
2018-01-31,25.352243423461914,31.547197341918945
2018-02-01,25.590940475463867,31.57486915588379
2018-02-02,25.028305053710938,30.6392765045166
2018-02-05,23.766664505004883,29.358034133911133
2018-02-06,24.20142364501953,30.201438903808594
2018-02-07,24.218475341796875,29.814306259155273
2018-02-08,23.152894973754883,28.579143524169922
2018-02-09,23.596176147460938,29.27967643737793
2018-02-12,23.928634643554688,29.805084228515625
2018-02-13,24.030929565429688,29.878828048706055
2018-02-14,24.60208511352539,30.427274703979492
2018-02-15,24.738479614257812,31.00798225402832
2018-02-16,24.70437240600586,30.961894989013672
2018-02-20,24.627653121948242,30.989545822143555
2018-02-21,24.661752700805664,30.791358947753906
2018-02-22,24.457164764404297,30.82823944091797
2018-02-23,24.82372283935547,31.473466873168945
2018-02-26,25.198806762695312,31.966598510742188
2018-02-27,24.960115432739258,31.64398956298828
2018-02-28,24.610607147216797,31.41817283630371
2018-03-01,24.184377670288086,30.897377014160156
2018-03-02,24.244047164916992,31.19233512878418
2018-03-05,24.585037231445312,31.510353088378906
2018-03-06,24.68732261657715,31.5794620513916
2018-03-07,24.644699096679688,31.754606246948242
2018-03-08,24.721424102783203,31.892871856689453
2018-03-09,25.318153381347656,32.49663162231445
2018-03-12,25.23290252685547,32.5980224609375
2018-03-13,24.951587677001953,32.22470474243164
2018-03-14,24.670270919799805,32.197044372558594
2018-03-15,24.678802490234375,32.21548843383789
2018-03-16,24.700193405151367,32.18220138549805
2018-03-19,24.520523071289062,31.544189453125
2018-03-20,24.580413818359375,31.53032875061035
2018-03-21,24.571857452392578,31.34078025817871
2018-03-22,23.664955139160156,30.531715393066406
2018-03-23,22.94628143310547,29.71802520751953
2018-03-26,23.69062614440918,30.84609031677246
2018-03-27,23.228614807128906,29.85672378540039
2018-03-28,23.271400451660156,29.657922744750977
2018-03-29,23.587953567504883,30.245073318481445
2018-04-02,23.066055297851562,29.52385139465332
2018-04-03,23.382619857788086,29.81511116027832
2018-04-04,23.6307315826416,30.231199264526367
2018-04-05,23.818960189819336,30.35603141784668
2018-04-06,23.245731353759766,29.611696243286133
2018-04-09,23.37406349182129,29.842857360839844
2018-04-10,23.7248477935791,30.57794761657715
2018-04-11,23.44251251220703,30.397645950317383
2018-04-12,23.85317611694336,30.76287078857422
2018-04-13,23.493846893310547,30.661157608032227
2018-04-16,23.596508026123047,30.896944046020508
2018-04-17,23.596508026123047,31.470224380493164
2018-04-18,23.485288619995117,31.386999130249023
2018-04-19,23.844623565673828,31.040264129638672
2018-04-20,23.85317611694336,30.610305786132812
2018-04-23,23.8275146484375,30.49934959411621
2018-04-24,23.67350959777832,29.967681884765625
2018-04-25,23.656396865844727,29.97230339050293
2018-04-26,23.664955139160156,30.517845153808594
2018-04-27,23.699182510375977,30.462369918823242
2018-04-30,23.485288619995117,30.263565063476562
2018-05-01,23.493846893310547,30.642667770385742
2018-05-02,23.228614807128906,30.610305786132812
2018-05-03,23.03183937072754,30.679651260375977
2018-05-04,23.331281661987305,31.26218032836914
2018-05-07,23.485288619995117,31.47947120666504
2018-05-08,23.64784812927246,31.54881477355957
2018-05-09,23.998626708984375,31.937177658081055
2018-05-10,24.195405960083008,32.353271484375
2018-05-11,24.178295135498047,32.30702209472656
2018-05-14,24.161184310913086,32.30240249633789
2018-05-15,24.118406295776367,31.997272491455078
2018-05-16,24.161184310913086,32.14059066772461
2018-05-17,24.109853744506836,31.97416114807129
2018-05-18,23.91307258605957,31.840087890625
2018-05-21,24.084186553955078,32.11747741699219
2018-05-22,24.24674415588379,32.071231842041016
2018-05-23,24.092737197875977,32.30702209472656
2018-05-24,23.904516220092773,32.27004623413086
2018-05-25,23.8275146484375,32.24692153930664
2018-05-29,23.03183937072754,32.071231842041016
2018-05-30,23.451068878173828,32.30702209472656
2018-05-31,23.25428581237793,32.31626892089844
2018-06-01,23.51095199584961,32.86643600463867
2018-06-04,23.587953567504883,33.12995910644531
2018-06-05,23.485288619995117,33.24555206298828
2018-06-06,23.91307258605957,33.46282196044922
2018-06-07,23.99007225036621,33.194679260253906
2018-06-08,24.0242919921875,33.13920593261719
2018-06-11,23.97296142578125,33.176185607910156
2018-06-12,23.91307258605957,33.33799362182617
2018-06-13,23.8275146484375,33.16694259643555
2018-06-14,23.60506820678711,33.40271759033203
2018-06-15,23.604209899902344,33.27513122558594
2018-06-18,23.561243057250977,33.31226348876953
2018-06-19,23.5010929107666,33.14058303833008
2018-06-20,23.440950393676758,33.21018981933594
2018-06-21,23.37220573425293,32.95500564575195
2018-06-22,23.2605037689209,32.848297119140625
2018-06-25,23.011314392089844,32.16627883911133
2018-06-26,22.933975219726562,32.296180725097656
2018-06-27,22.650413513183594,31.85542106628418
2018-06-28,22.848047256469727,32.24515914916992
2018-06-29,22.848047256469727,32.23122787475586
2018-07-02,22.959758758544922,32.518882751464844
2018-07-03,22.753528594970703,32.1338005065918
2018-07-05,22.80508804321289,32.58847427368164
2018-07-06,22.916793823242188,32.968936920166016
2018-07-09,23.440950393676758,33.2194709777832
2018-07-10,23.355022430419922,33.29833221435547
2018-07-11,23.243316650390625,33.16841506958008
2018-07-12,23.286273956298828,33.692691802978516
2018-07-13,23.183168411254883,33.65559768676758
2018-07-16,23.59562110900879,33.576717376708984
2018-07-17,23.62139320373535,33.827247619628906
2018-07-18,23.99947738647461,33.77158737182617
2018-07-19,23.638574600219727,33.65093994140625
2018-07-20,23.68154525756836,33.660213470458984
2018-07-23,24.00806427001953,33.83190155029297
2018-07-24,24.07680892944336,34.01747512817383
2018-07-25,24.12836265563965,34.44431686401367
2018-07-26,24.11977195739746,33.915409088134766
2018-07-27,24.171327590942383,33.3354606628418
2018-07-30,24.188514709472656,32.81582260131836
2018-07-31,24.016660690307617,32.90396499633789
2018-08-01,24.016660690307617,33.20090103149414
2018-08-02,24.025259017944336,33.61846923828125
2018-08-03,24.162736892700195,33.739112854003906
2018-08-06,24.291624069213867,33.920040130615234
2018-08-07,24.40332794189453,34.04994583129883
2018-08-08,24.46347999572754,34.14274978637695
2018-08-09,24.317398071289062,34.156654357910156
2018-08-10,24.03384780883789,33.88292694091797
2018-08-13,23.801843643188477,33.83653259277344
2018-08-14,24.025259017944336,34.04530715942383
2018-08-15,23.836210250854492,33.739112854003906
2018-08-16,24.154142379760742,33.88755416870117
2018-08-17,24.205699920654297,33.9385986328125
2018-08-20,24.28303337097168,33.88755416870117
2018-08-21,24.377548217773438,33.94324493408203
2018-08-22,24.291624069213867,34.04530715942383
2018-08-23,24.17992401123047,34.11954879760742
2018-08-24,24.265850067138672,34.46287536621094
2018-08-27,24.592374801635742,34.77837371826172
2018-08-28,24.56659507751465,34.83867263793945
2018-08-29,24.558000564575195,35.154170989990234
2018-08-30,24.368961334228516,35.04746627807617
2018-08-31,24.34318733215332,35.07529830932617
2018-09-04,24.46347999572754,34.94075393676758
2018-09-05,24.480667114257812,34.5046272277832
2018-09-06,24.368961334228516,34.25408935546875
2018-09-07,24.34318733215332,34.13810729980469
2018-09-10,24.317398071289062,34.24482345581055
2018-09-11,24.34318733215332,34.537113189697266
2018-09-12,24.11977195739746,34.393272399902344
2018-09-13,24.08540153503418,34.79692077636719
2018-09-14,24.25725746154785,34.76909255981445
2018-09-17,24.154142379760742,34.332977294921875
2018-09-18,24.274442672729492,34.551021575927734
2018-09-19,24.686885833740234,34.46287536621094
2018-09-20,24.90171241760254,34.871158599853516
2018-09-21,24.805042266845703,34.733367919921875
2018-09-24,24.52885627746582,34.905609130859375
2018-09-25,24.433914184570312,34.863704681396484
2018-09-26,24.140472412109375,34.733367919921875
2018-09-27,24.054161071777344,34.93819808959961
2018-09-28,23.80386734008789,35.068546295166016
2018-10-01,23.898805618286133,35.23613739013672
2018-10-02,23.898805618286133,35.24079132080078
2018-10-03,24.123207092285156,35.347869873046875
2018-10-04,24.287193298339844,34.710079193115234
2018-10-05,24.16635513305664,34.27247619628906
2018-10-08,24.330345153808594,33.88609313964844
2018-10-09,24.23540496826172,34.00713348388672
2018-10-10,23.48452377319336,32.35915756225586
2018-10-11,22.785423278808594,31.94948387145996
2018-10-12,22.811315536499023,32.97364044189453
2018-10-15,22.70775032043457,32.433631896972656
2018-10-16,23.087505340576172,33.41123962402344
2018-10-17,23.320537567138672,33.257625579833984
2018-10-18,22.932157516479492,32.605873107910156
2018-10-19,23.018461227416992,32.5919075012207
2018-10-22,22.526500701904297,32.861907958984375
2018-10-23,22.345252990722656,32.73622512817383
2018-10-24,21.78424644470215,31.269792556762695
2018-10-25,22.120847702026367,32.34518051147461
2018-10-26,21.801513671875,31.698089599609375
2018-10-29,21.99138832092285,31.162731170654297
2018-10-30,22.37114715576172,31.511884689331055
2018-10-31,22.68185806274414,32.26137924194336
2018-11-01,22.785423278808594,32.63846969604492
2018-11-02,22.768159866333008,32.00069046020508
2018-11-05,23.130661010742188,31.96809959411621
2018-11-06,23.251495361328125,32.168277740478516
2018-11-07,23.553573608398438,33.11330795288086
2018-11-08,23.622621536254883,33.08538818359375
2018-11-09,23.406841278076172,32.51277160644531
2018-11-12,22.940780639648438,31.367557525634766
2018-11-13,23.070240020751953,31.404804229736328
2018-11-14,22.759532928466797,31.02773094177246
2018-11-15,23.09613800048828,31.8051700592041
2018-11-16,23.12203025817871,31.753950119018555
2018-11-19,23.113401412963867,30.54357147216797
2018-11-20,22.604175567626953,29.88717269897461
2018-11-21,22.62143898010254,30.105968475341797
2018-11-23,22.4401912689209,29.831308364868164
2018-11-26,22.897628784179688,30.506322860717773
2018-11-27,22.914884567260742,30.566850662231445
2018-11-28,23.355066299438477,31.63755989074707
2018-11-29,23.15655517578125,31.330324172973633
2018-11-30,23.27737808227539,31.62826919555664
2018-12-03,23.424114227294922,32.32655334472656
2018-12-04,22.405670166015625,31.102210998535156
2018-12-06,22.094961166381836,31.172040939331055
2018-12-07,21.67204475402832,30.073383331298828
2018-12-10,21.36996841430664,30.48771095275879
2018-12-11,21.16282844543457,30.524948120117188
2018-12-12,21.283660888671875,30.762380599975586
2018-12-13,21.12830352783203,30.813579559326172
2018-12-14,20.921159744262695,30.059412002563477
2018-12-17,20.71402359008789,29.4216365814209
2018-12-18,20.63634490966797,29.65440559387207
2018-12-19,20.377422332763672,29.06783103942871
2018-12-20,20.1961727142334,28.546443939208984
2018-12-21,19.792335510253906,27.67912483215332
2018-12-24,19.375473022460938,26.94039535522461
2018-12-26,20.25262451171875,28.567472457885742
2018-12-27,20.495792388916016,28.77320098876953
2018-12-28,20.48710823059082,28.707744598388672
2018-12-31,20.686861038208008,28.978927612304688
2019-01-02,20.860551834106445,28.997631072998047
2019-01-03,20.391576766967773,27.534183502197266
2019-01-04,21.06898307800293,28.754501342773438
2019-01-07,21.09503936767578,29.01165199279785
2019-01-08,21.112407684326172,29.254777908325195
2019-01-09,21.216615676879883,29.633495330810547
2019-01-10,21.225309371948242,29.76441192626953
2019-01-11,21.277414321899414,29.708303451538086
2019-01-14,21.425048828125,29.432449340820312
2019-01-15,21.616113662719727,29.876628875732422
2019-01-16,22.076398849487305,29.904678344726562
2019-01-17,22.197982788085938,30.096378326416016
2019-01-18,22.58011245727539,30.554580688476562
2019-01-22,22.31957244873047,30.04026985168457
2019-01-23,22.345624923706055,30.14313507080078
2019-01-24,22.397733688354492,30.39560890197754
2019-01-25,22.58011245727539,30.825748443603516
2019-01-28,22.510635375976562,30.414302825927734
2019-01-29,22.432466506958008,30.087024688720703
2019-01-30,22.562742233276367,31.02211570739746
2019-01-31,22.52800750732422,30.98940086364746
2019-02-01,22.623531341552734,31.171737670898438
2019-02-04,22.719064712524414,31.67201805114746
2019-02-05,22.65827751159668,31.93852996826172
2019-02-06,22.632221221923828,32.04607009887695
2019-02-07,22.406421661376953,31.606571197509766
2019-02-08,22.293519973754883,31.788908004760742
2019-02-11,22.36299705505371,31.774883270263672
2019-02-12,22.69301414489746,32.19568634033203
2019-02-13,22.753807067871094,32.23776626586914
2019-02-14,22.475894927978516,32.29388427734375
2019-02-15,22.95355796813965,32.551021575927734
2019-02-19,22.988292694091797,32.56037521362305
2019-02-20,23.135929107666016,32.597782135009766
2019-02-21,23.014341354370117,32.611812591552734
2019-02-22,22.97960662841797,33.027931213378906
2019-02-25,23.07513427734375,33.18689727783203
2019-02-26,23.005659103393555,33.25703811645508
2019-02-27,23.092504501342773,33.224300384521484
2019-02-28,23.031713485717773,33.13078689575195
2019-03-01,23.17934799194336,33.35521697998047
2019-03-04,23.031713485717773,33.22897720336914
2019-03-05,22.944866180419922,33.13078689575195
2019-03-06,22.797225952148438,32.957801818847656
2019-03-07,22.562742233276367,32.6445426940918
2019-03-08,22.554058074951172,32.639869689941406
2019-03-11,22.788545608520508,33.3411865234375
2019-03-12,22.840648651123047,33.53755187988281
2019-03-13,22.996976852416992,33.7573127746582
2019-03-14,23.083818435668945,33.82744598388672
2019-03-15,23.245309829711914,34.2369384765625
2019-03-18,23.480995178222656,34.38235092163086
2019-03-19,23.297679901123047,34.45270919799805
2019-03-20,22.817588806152344,34.358890533447266
2019-03-21,22.747756958007812,35.22196578979492
2019-03-22,22.119272232055664,34.391727447509766
2019-03-25,22.02324867248535,34.24163055419922
2019-03-26,22.285120010375977,34.429256439208984
2019-03-27,22.189102172851562,34.23225021362305
2019-03-28,22.38114356994629,34.37296676635742
2019-03-29,22.442241668701172,34.710697174072266
2019-04-01,22.992162704467773,35.184444427490234
2019-04-02,22.974706649780273,35.306400299072266
2019-04-03,23.044540405273438,35.592529296875
2019-04-04,23.1842041015625,35.44242477416992
2019-04-05,23.219125747680664,35.61129379272461
2019-04-08,23.245309829711914,35.74732971191406
2019-04-09,23.053268432617188,35.578460693359375
2019-04-10,23.12310028076172,35.827056884765625
2019-04-11,23.26276969909668,35.78015899658203
2019-04-12,23.690486907958984,36.028751373291016
2019-04-15,23.542102813720703,36.014686584472656
2019-04-16,23.87379264831543,36.197628021240234
2019-04-17,23.934898376464844,36.399314880371094
2019-04-18,23.865066528320312,36.502506256103516
2019-04-22,23.795230865478516,36.58694839477539
2019-04-23,23.94362449645996,36.985652923583984
2019-04-24,23.917442321777344,36.999717712402344
2019-04-25,23.961088180541992,36.99033737182617
2019-04-26,24.1793155670166,36.84962463378906
2019-04-29,24.42371940612793,36.859004974365234
2019-04-30,24.45863914489746,36.91998291015625
2019-05-01,24.257875442504883,36.82616424560547
2019-05-02,24.2840576171875,36.633846282958984
2019-05-03,24.50228500366211,36.98095703125
2019-05-06,24.336429595947266,36.6948356628418
2019-05-07,23.934898376464844,35.906803131103516
2019-05-08,23.88252830505371,35.864585876464844
2019-05-09,23.830150604248047,35.62067413330078
2019-05-10,23.987272262573242,35.73325729370117
2019-05-13,23.288959503173828,34.38703536987305
2019-05-14,23.472267150878906,34.94053268432617
2019-05-15,23.384971618652344,35.32047653198242
2019-05-16,23.620655059814453,35.644142150878906
2019-05-17,23.463531494140625,35.358001708984375
2019-05-20,23.48971939086914,34.7435417175293
2019-05-21,23.7341365814209,35.17037582397461
2019-05-22,23.594470977783203,34.98743438720703
2019-05-23,23.26276969909668,34.37296676635742
2019-05-24,23.44607925415039,34.38235092163086
2019-05-28,23.17547607421875,34.283851623535156
2019-05-29,23.1318302154541,34.08214569091797
2019-05-30,23.053268432617188,34.29323196411133
2019-05-31,22.704111099243164,33.72097396850586
2019-06-03,22.852500915527344,33.12993621826172
2019-06-04,23.472267150878906,34.2369384765625
2019-06-05,23.620655059814453,34.68254089355469
2019-06-06,23.70794677734375,35.085941314697266
2019-06-07,23.673025131225586,35.73794174194336
2019-06-10,23.87379264831543,36.10381317138672
2019-06-11,23.88252830505371,36.10381317138672
2019-06-12,23.64684295654297,35.90210723876953
2019-06-13,23.725404739379883,36.00999450683594
2019-06-14,23.777774810791016,35.69573211669922
2019-06-17,23.559553146362305,35.72386932373047
2019-06-18,23.87379264831543,36.371177673339844
2019-06-19,23.830150604248047,36.502506256103516
2019-06-20,23.934898376464844,37.0372428894043
2019-06-21,23.881383895874023,36.86213302612305
2019-06-24,23.78487205505371,36.9327507019043
2019-06-25,23.70591163635254,36.254905700683594
2019-06-26,23.662052154541016,36.64559555053711
2019-06-27,23.87260627746582,36.73974609375
2019-06-28,24.21476936340332,36.735042572021484
2019-07-01,24.50429344177246,37.31874084472656
2019-07-02,24.442880630493164,37.41758346557617
2019-07-03,24.63589859008789,37.70473098754883
2019-07-05,24.70608901977539,37.634124755859375
2019-07-08,24.5832576751709,37.34698486328125
2019-07-09,24.627126693725586,37.47878646850586
2019-07-10,24.539386749267578,37.775325775146484
2019-07-11,24.679763793945312,37.91655731201172
2019-07-12,24.846460342407227,38.19428253173828
2019-07-15,24.70608901977539,38.321372985839844
2019-07-16,24.644670486450195,37.963626861572266
2019-07-17,24.434110641479492,37.864784240722656
2019-07-18,24.61835289001465,38.14719772338867
2019-07-19,24.513071060180664,37.98245620727539
2019-07-22,24.565711975097656,38.42021942138672
2019-07-23,24.82014274597168,38.63203811645508
2019-07-24,25.07457733154297,38.95214080810547
2019-07-25,24.899105072021484,38.79208755493164
2019-07-26,25.171079635620117,38.87682342529297
2019-07-29,24.978069305419922,38.85327911376953
2019-07-30,24.907875061035156,38.60380172729492
2019-07-31,24.785049438476562,38.02010726928711
2019-08-01,24.223548889160156,37.82712173461914
2019-08-02,24.21476936340332,37.21046829223633
2019-08-05,23.40761947631836,35.65709686279297
2019-08-06,23.78487205505371,36.250205993652344
2019-08-07,23.46902847290039,36.47614669799805
2019-08-08,23.916471481323242,37.37052536010742
2019-08-09,23.837514877319336,36.946876525878906
2019-08-12,23.38129425048828,36.46202850341797
2019-08-13,23.67082405090332,37.37521743774414
2019-08-14,22.79347038269043,36.22665786743164
2019-08-15,22.90752410888672,36.160762786865234
2019-08-16,23.31110382080078,36.848026275634766
2019-08-19,23.547990798950195,37.40817642211914
2019-08-20,23.23214340209961,37.21989059448242
2019-08-21,23.337430953979492,37.657657623291016
2019-08-22,23.495351791381836,37.5682258605957
2019-08-23,22.898757934570312,36.325523376464844
2019-08-26,23.11808967590332,36.82918930053711
2019-08-27,22.97771453857422,36.7726936340332
2019-08-28,23.188283920288086,36.8056526184082
2019-08-29,23.539216995239258,37.445831298828125
2019-08-30,23.618179321289062,37.43641662597656
2019-09-03,23.372522354125977,36.979820251464844
2019-09-04,23.600635528564453,37.61058807373047
2019-09-05,24.083173751831055,38.39668655395508
2019-09-06,24.074399948120117,38.363739013671875
2019-09-09,24.442880630493164,38.076602935791016
2019-09-10,24.530620574951172,37.88359832763672
2019-09-11,24.67099380493164,38.27901077270508
2019-09-12,24.80259895324707,38.48612594604492
2019-09-13,24.995615005493164,38.20368957519531
2019-09-16,24.907875061035156,38.10955047607422
2019-09-17,24.93419647216797,38.264892578125
2019-09-18,25.02193260192871,38.26018142700195
2019-09-19,24.907875061035156,38.34490966796875
2019-09-20,24.761497497558594,37.897735595703125
2019-09-23,24.80558967590332,38.01579666137695
2019-09-24,24.567493438720703,37.647483825683594
2019-09-25,24.77031135559082,38.096073150634766
2019-09-26,24.655677795410156,38.13856887817383
2019-09-27,24.75267791748047,37.62860870361328
2019-09-30,24.69095230102539,38.02523422241211
2019-10-01,24.170677185058594,37.67110061645508
2019-10-02,23.676864624023438,36.96281814575195
2019-10-03,23.77385902404785,37.41612243652344
2019-10-04,24.214763641357422,38.03468704223633
2019-10-07,24.091312408447266,37.874141693115234
2019-10-08,23.61513328552246,37.18001937866211
2019-10-09,23.835590362548828,37.73249053955078
2019-10-10,24.082496643066406,37.992183685302734
2019-10-11,24.382314682006836,38.516319274902344
2019-10-14,24.417585372924805,38.492706298828125
2019-10-15,24.77031135559082,38.91767501831055
2019-10-16,24.708587646484375,38.64853286743164
2019-10-17,24.72622299194336,38.57297897338867
2019-10-18,24.787952423095703,38.204673767089844
2019-10-21,25.13186264038086,38.61547088623047
2019-10-22,25.061311721801758,38.096073150634766
2019-10-23,25.167133331298828,38.129119873046875
2019-10-24,25.13186264038086,38.686302185058594
2019-10-25,25.25531578063965,39.153770446777344
2019-10-28,25.38758659362793,39.649574279785156
2019-10-29,25.44931983947754,39.29069900512695
2019-10-30,25.431676864624023,39.531517028808594
2019-10-31,25.308225631713867,39.507904052734375
2019-11-01,25.67858123779297,39.98009490966797
2019-11-04,25.899044036865234,40.18785858154297
2019-11-05,25.996044158935547,40.14064025878906
2019-11-06,26.128313064575195,40.12175750732422
2019-11-07,26.32231903076172,40.4381103515625
2019-11-08,26.31350326538086,40.66476821899414
2019-11-11,26.242950439453125,40.683650970458984
2019-11-12,26.278226852416992,40.82058334350586
2019-11-13,26.110687255859375,40.91029739379883
2019-11-14,26.163593292236328,40.86308670043945
2019-11-15,26.234128952026367,41.19361114501953
2019-11-18,26.28704261779785,41.31638717651367
2019-11-19,26.33995246887207,41.39665222167969
2019-11-20,26.21649742126465,41.146400451660156
2019-11-21,26.19004249572754,40.93862533569336
2019-11-22,26.38404655456543,40.886680603027344
2019-11-25,26.551591873168945,41.48164749145508
2019-11-26,26.525136947631836,41.519432067871094
2019-11-27,26.630958557128906,41.750797271728516
2019-11-29,26.586870193481445,41.62802505493164
2019-12-02,26.41931915283203,41.03306579589844
2019-12-03,26.048954010009766,40.669490814208984
2019-12-04,26.295862197875977,40.834754943847656
2019-12-05,26.41931915283203,40.985843658447266
2019-12-06,26.772048950195312,41.43914794921875
2019-12-09,26.71031951904297,41.221946716308594
2019-12-10,26.719139099121094,41.25499725341797
2019-12-11,26.657407760620117,41.533592224121094
2019-12-12,27.177682876586914,41.97745132446289
2019-12-13,27.0806827545166,42.25603103637695
2019-12-16,27.177682876586914,42.6337890625
2019-12-17,27.28350257873535,42.53461837768555
2019-12-18,27.16886329650879,42.5298957824707
2019-12-19,27.160049438476562,42.83682632446289
2019-12-20,27.191951751708984,43.08552551269531
2019-12-23,27.129911422729492,43.208702087402344
2019-12-24,27.191951751708984,43.22290802001953
2019-12-26,27.342620849609375,43.5450553894043
2019-12-27,27.271724700927734,43.54030990600586
2019-12-30,27.191951751708984,43.28923797607422
2019-12-31,27.28058433532715,43.42662048339844
2020-01-02,27.546472549438477,44.24142837524414
2020-01-03,27.253997802734375,43.744014739990234
2020-01-06,27.236268997192383,43.84824752807617
2020-01-07,27.05900764465332,43.829288482666016
2020-01-08,27.236268997192383,44.29827117919922
2020-01-09,27.404672622680664,44.80043029785156
2020-01-10,27.20081901550293,44.69621276855469
2020-01-13,27.386943817138672,45.25520324707031
2020-01-14,27.333765029907227,45.04203796386719
2020-01-15,27.183090209960938,45.094139099121094
2020-01-16,27.422393798828125,45.70050811767578
2020-01-17,27.50216293334961,46.00843811035156
2020-01-21,27.271724700927734,45.98949432373047
2020-01-22,27.351491928100586,46.15528869628906
2020-01-23,27.28058433532715,46.373207092285156
2020-01-24,26.934926986694336,46.15528869628906
2020-01-27,26.518360137939453,45.05624008178711
2020-01-28,26.828569412231445,45.91843032836914
2020-01-29,26.784252166748047,46.03684997558594
2020-01-30,27.121049880981445,46.4348030090332
2020-01-31,26.55381202697754,45.160465240478516
2020-02-03,26.739938735961914,45.757354736328125
2020-02-04,26.996963500976562,46.955902099609375
2020-02-05,27.537614822387695,47.23065185546875
2020-02-06,27.50216293334961,47.661739349365234
2020-02-07,27.404672622680664,47.225914001464844
2020-02-10,27.48443603515625,47.86544418334961
2020-02-11,27.58193016052246,47.704376220703125
2020-02-12,27.599655151367188,48.220741271972656
2020-02-13,27.59079360961914,48.092830657958984
2020-02-14,27.626245498657227,48.30127716064453
2020-02-18,27.386943817138672,48.12126922607422
2020-02-19,27.59079360961914,48.6944580078125
2020-02-20,27.537614822387695,48.18757629394531
2020-02-21,27.271724700927734,47.10748291015625
2020-02-24,26.38541603088379,45.160465240478516
2020-02-25,25.4902400970459,43.715599060058594
2020-02-26,25.304113388061523,43.914554595947266
2020-02-27,24.222820281982422,41.54591751098633
2020-02-28,23.566953659057617,41.86333084106445
2020-03-02,24.77233123779297,44.28407287597656
2020-03-03,23.841705322265625,42.60232162475586
2020-03-04,24.630525588989258,44.43092346191406
2020-03-05,23.442873001098633,43.0286865234375
2020-03-06,22.64518928527832,42.11913299560547
2020-03-09,20.216705322265625,38.92146301269531
2020-03-10,21.40435791015625,41.51749038696289
2020-03-11,20.24329376220703,39.55626678466797
2020-03-12,18.054109573364258,35.69538116455078
2020-03-13,20.429420471191406,39.88312911987305
2020-03-16,17.628681182861328,34.373680114746094
2020-03-17,18.585893630981445,36.71390151977539
2020-03-18,17.008268356323242,35.33061599731445
2020-03-19,17.38051414489746,35.45851516723633
2020-03-20,16.760103225708008,33.8336296081543
2020-03-23,15.784933090209961,33.524574279785156
2020-03-24,17.742408752441406,36.95798873901367
2020-03-25,18.225080490112305,36.91036605834961
2020-03-26,19.369173049926758,39.19614028930664
2020-03-27,18.779245376586914,37.42466735839844
2020-03-30,19.136777877807617,39.00090026855469
2020-03-31,18.609420776367188,38.272308349609375
2020-04-01,17.474258422851562,36.44845199584961
2020-04-02,17.91223907470703,37.30085372924805
2020-04-03,17.554704666137695,36.72465133666992
2020-04-06,18.81499671936035,39.85805892944336
2020-04-07,19.002704620361328,39.50090026855469
2020-04-08,19.83396339416504,40.56283187866211
2020-04-09,20.897611618041992,40.57236099243164
2020-04-13,20.137866973876953,40.662837982177734
2020-04-14,20.227243423461914,42.367645263671875
2020-04-15,19.351299285888672,41.443809509277344
2020-04-16,19.01164436340332,41.94858169555664
2020-04-17,20.012720108032227,42.505741119384766
2020-04-20,19.664133071899414,41.82477569580078
2020-04-21,19.029518127441406,40.07234573364258
2020-04-22,19.2351016998291,41.615238189697266
2020-04-23,19.15465545654297,41.32950973510742
2020-04-24,19.431739807128906,42.205718994140625
2020-04-27,20.09316635131836,42.5676383972168
2020-04-28,20.307687759399414,42.00096130371094
2020-04-29,20.897611618041992,43.724815368652344
2020-04-30,20.370254516601562,43.529571533203125
2020-05-01,19.717758178710938,42.33430099487305
2020-05-04,19.53900146484375,42.89622116088867
2020-05-05,19.4764347076416,43.4867057800293
2020-05-06,19.056333541870117,43.82481002807617
2020-05-07,19.50324821472168,44.481971740722656
2020-05-08,19.923337936401367,45.134361267089844
2020-05-11,19.53900146484375,45.43437576293945
2020-05-12,19.029518127441406,44.496253967285156
2020-05-13,18.466411590576172,43.72957229614258
2020-05-14,18.940134048461914,44.28672409057617
2020-05-15,18.81499671936035,44.51054000854492
2020-05-18,19.78032875061035,45.601043701171875
2020-05-19,19.29766845703125,45.43437576293945
2020-05-20,19.726703643798828,46.42963790893555
2020-05-21,19.664133071899414,45.78199768066406
2020-05-22,19.59263038635254,45.94866180419922
2020-05-26,20.611591339111328,45.90105438232422
2020-05-27,21.505414962768555,46.16297149658203
2020-05-28,21.165760040283203,46.07248306274414
2020-05-29,20.924427032470703,46.65345001220703
2020-06-01,21.165760040283203,46.63916778564453
2020-06-02,21.335586547851562,47.077274322509766
2020-06-03,22.131088256835938,47.443946838378906
2020-06-04,22.613752365112305,47.0534553527832
2020-06-05,23.453947067260742,48.29158020019531
2020-06-08,23.900859832763672,48.534446716308594
2020-06-09,23.391380310058594,48.763023376464844
2020-06-10,22.51543617248535,49.57733154296875
2020-06-11,20.674156188964844,46.734405517578125
2020-06-12,21.299833297729492,47.33918762207031
2020-06-15,21.59479522705078,47.79633331298828
2020-06-16,21.9344482421875,48.815399169921875
2020-06-17,21.603729248046875,48.805877685546875
2020-06-18,21.576919555664062,49.02493667602539
2020-06-19,21.43390655517578,48.68682098388672
2020-06-22,21.3277645111084,49.60413360595703
2020-06-23,21.426706314086914,49.96227264404297
2020-06-24,20.671104431152344,48.83534240722656
2020-06-25,21.219816207885742,49.46087646484375
2020-06-26,20.311294555664062,48.486751556396484
2020-06-29,20.536176681518555,49.01679611206055
2020-06-30,20.815032958984375,49.895423889160156
2020-07-01,20.635129928588867,49.97659683227539
2020-07-02,20.662109375,50.267879486083984
2020-07-06,21.05790901184082,51.1464958190918
2020-07-07,20.626134872436523,50.611690521240234
2020-07-08,20.842016220092773,51.43778610229492
2020-07-09,20.401248931884766,51.62401580810547
2020-07-10,21.10287857055664,51.60968780517578
2020-07-13,21.192827224731445,50.54005813598633
2020-07-14,21.3007755279541,51.12262725830078
2020-07-15,21.723548889160156,51.39957809448242
2020-07-16,21.723548889160156,50.76448440551758
2020-07-17,21.54364776611328,51.012794494628906
2020-07-20,21.4447021484375,52.3164176940918
2020-07-21,21.86747932434082,51.79114532470703
2020-07-22,21.86747932434082,52.206573486328125
2020-07-23,21.88546371459961,50.85043716430664
2020-07-24,21.831497192382812,50.23445129394531
2020-07-27,21.651592254638672,51.027122497558594
2020-07-28,21.597620010375977,50.430233001708984
2020-07-29,22.002408981323242,51.16083526611328
2020-07-30,21.60661506652832,51.44732666015625
2020-07-31,21.615612030029297,52.731849670410156
2020-08-03,21.678573608398438,54.03068542480469
2020-08-04,21.588626861572266,54.16917419433594
2020-08-05,21.88546371459961,54.369720458984375
2020-08-06,21.87647247314453,55.13373947143555
2020-08-07,22.34422492980957,54.31241989135742
2020-08-10,22.50614356994629,54.15961456298828
2020-08-11,22.766998291015625,53.185489654541016
2020-08-12,22.704029083251953,54.393592834472656
2020-08-13,22.560110092163086,54.41748046875
2020-08-14,22.650066375732422,54.379268646240234
2020-08-17,22.272262573242188,54.74217987060547
2020-08-18,22.128337860107422,54.947513580322266
2020-08-19,22.119346618652344,54.88066864013672
2020-08-20,21.912452697753906,55.61125564575195
2020-08-21,21.86747932434082,56.31797409057617
2020-08-24,22.389202117919922,56.805049896240234
2020-08-25,22.452171325683594,57.0915412902832
2020-08-26,22.34422492980957,58.25191116333008
2020-08-27,22.722030639648438,58.29965591430664
2020-08-28,22.811979293823242,58.81059646606445
2020-08-31,22.5421199798584,58.996826171875
2020-09-01,22.605085372924805,60.123756408691406
2020-09-02,22.928911209106445,60.6585807800293
2020-09-03,22.578105926513672,57.201377868652344
2020-09-04,22.749011993408203,56.40392303466797
2020-09-08,22.164318084716797,53.85400390625
2020-09-09,22.389202117919922,55.61125564575195
2020-09-10,22.07436752319336,54.35538864135742
2020-09-11,22.22728729248047,53.939964294433594
2020-09-14,22.53312873840332,55.071678161621094
2020-09-15,22.22728729248047,55.61603546142578
2020-09-16,22.479154586791992,54.75651168823242
2020-09-17,22.24527931213379,54.3028678894043
2020-09-18,22.20030403137207,53.366939544677734
2020-09-21,21.64405632019043,53.81058120727539
2020-09-22,21.463153839111328,54.662437438964844
2020-09-23,20.98378562927246,52.95872116088867
2020-09-24,21.029008865356445,53.25543212890625
2020-09-25,21.246082305908203,54.528438568115234
2020-09-28,21.752592086791992,55.571720123291016
2020-09-29,21.481245040893555,55.38507843017578
2020-09-30,21.770681381225586,55.849281311035156
2020-10-01,21.806856155395508,56.43793869018555
2020-10-02,21.97870635986328,55.00700759887695
2020-10-05,22.340497970581055,56.21300506591797
2020-10-06,22.1143798828125,55.34200668334961
2020-10-07,22.485212326049805,56.3565788269043
2020-10-08,22.792739868164062,56.64850997924805
2020-10-09,22.819866180419922,57.51472473144531
2020-10-12,23.073118209838867,59.08442687988281
2020-10-13,22.62993049621582,58.706363677978516
2020-10-14,22.41285514831543,58.39529037475586
2020-10-15,22.58470916748047,58.132080078125
2020-10-16,22.602794647216797,57.96457290649414
2020-10-19,22.25909423828125,56.90214157104492
2020-10-20,22.439987182617188,57.098358154296875
2020-10-21,22.322404861450195,57.0122184753418
2020-10-22,22.76559829711914,56.74422073364258
2020-10-23,22.83795928955078,56.6820068359375
2020-10-26,22.322404861450195,55.45207977294922
2020-10-27,21.9153995513916,55.729644775390625
2020-10-28,21.354618072509766,53.36549758911133
2020-10-29,21.517423629760742,54.255653381347656
2020-10-30,21.58073616027832,53.05443572998047
2020-11-02,21.987749099731445,53.188438415527344
2020-11-03,22.476163864135742,54.126434326171875
2020-11-04,22.2138671875,56.232147216796875
2020-11-05,22.75655746459961,57.97893524169922
2020-11-06,22.575660705566406,58.184722900390625
2020-11-09,24.42983055114746,57.763572692871094
2020-11-10,24.55644989013672,56.6867790222168
2020-11-11,24.45696258544922,58.031578063964844
2020-11-12,24.04995346069336,57.51472473144531
2020-11-13,24.447919845581055,58.00285720825195
2020-11-16,24.9906063079834,58.56279373168945
2020-11-17,24.954425811767578,58.23735427856445
2020-11-18,24.719263076782227,57.61521911621094
2020-11-19,24.800661087036133,58.07943344116211
2020-11-20,24.58359146118164,57.481224060058594
2020-11-23,25.04487419128418,57.46686935424805
2020-11-24,25.92221450805664,58.26607131958008
2020-11-25,25.831764221191406,58.390499114990234
2020-11-27,25.7503604888916,58.70157241821289
2020-11-30,25.216724395751953,59.09400939941406
2020-12-01,25.60564613342285,59.85013961791992
2020-12-02,25.886028289794922,59.759220123291016
2020-12-03,25.89507484436035,59.72093963623047
2020-12-04,26.211641311645508,60.319149017333984
2020-12-07,26.030746459960938,60.49142837524414
2020-12-08,26.021705627441406,60.68764114379883
2020-12-09,25.958391189575195,59.524715423583984
2020-12-10,26.003616333007812,59.61087417602539
2020-12-11,25.741313934326172,59.48643493652344
2020-12-14,25.442840576171875,59.7017822265625
2020-12-15,25.87699317932129,60.69721221923828
2020-12-16,25.92221450805664,61.108787536621094
2020-12-17,25.994571685791016,61.59214401245117
2020-12-18,25.768447875976562,61.37678527832031
2020-12-21,26.115812301635742,61.438194274902344
2020-12-22,25.861204147338867,61.97064208984375
2020-12-23,26.28858757019043,61.50055694580078
2020-12-24,26.32495880126953,61.90827941894531
2020-12-28,26.45226287841797,62.60863494873047
2020-12-29,26.361331939697266,62.31121063232422
2020-12-30,26.47954559326172,62.277645111083984
2020-12-31,26.806900024414062,62.36878204345703
2021-01-04,26.443174362182617,61.35184097290039
2021-01-05,26.561382293701172,61.74998092651367
2021-01-06,27.73440933227539,60.685081481933594
2021-01-07,28.1345157623291,62.32080841064453
2021-01-08,28.116329193115234,62.72373580932617
2021-01-11,28.207258224487305,62.2056884765625
2021-01-12,28.49824333190918,61.90827941894531
2021-01-13,28.480060577392578,62.3016242980957
2021-01-14,28.60736656188965,61.75478744506836
2021-01-15,28.1345157623291,61.12159729003906
2021-01-19,28.207258224487305,61.91788101196289
2021-01-20,28.08904457092285,63.14588928222656
2021-01-21,27.788969039916992,63.96133804321289
2021-01-22,27.58892059326172,63.7166748046875
2021-01-25,27.38886833190918,64.24915313720703
2021-01-26,27.170631408691406,64.29232025146484
2021-01-27,26.37042236328125,63.078704833984375
2021-01-28,26.86145782470703,63.33773422241211
2021-01-29,26.32495880126953,61.84591293334961
2021-02-01,26.670503616333008,63.39530563354492
2021-02-02,27.316120147705078,64.25395965576172
2021-02-03,27.470699310302734,64.03329467773438
2021-02-04,28.079952239990234,65.0550308227539
2021-02-05,28.08904457092285,64.9111328125
2021-02-08,28.452783584594727,65.59226989746094
2021-02-09,28.461870193481445,65.5155258178711
2021-02-10,28.461870193481445,65.41957092285156
2021-02-11,28.370935440063477,66.13910675048828
2021-02-12,28.661922454833984,66.47967529296875
2021-02-16,29.152965545654297,66.26384735107422
2021-02-17,29.29844856262207,65.6786117553711
2021-02-18,29.125675201416016,65.35723876953125
2021-02-19,29.471221923828125,65.26129913330078
2021-02-22,29.744022369384766,63.822242736816406
2021-02-23,29.92588233947754,63.644744873046875
2021-02-24,30.507854461669922,64.6185073852539
2021-02-25,29.95316505432129,62.359195709228516
2021-02-26,29.380290985107422,62.6901741027832
2021-03-01,30.2987060546875,64.70964813232422
2021-03-02,30.18958854675293,63.683109283447266
2021-03-03,30.426013946533203,62.08096694946289
2021-03-04,30.080467224121094,60.70907211303711
2021-03-05,30.653343200683594,61.85551834106445
2021-03-08,31.044355392456055,60.3588981628418
2021-03-09,30.762462615966797,62.41195297241211
2021-03-10,31.389904022216797,62.16251754760742
2021-03-11,31.29896354675293,63.491249084472656
2021-03-12,31.617233276367188,63.0355339050293
2021-03-15,31.435365676879883,63.70710372924805
2021-03-16,31.108003616333008,64.18679809570312
2021-03-17,31.317153930664062,64.134033203125
2021-03-18,31.480833053588867,62.35439682006836
2021-03-19,31.117103576660156,62.16732406616211
2021-03-22,30.71613883972168,63.38969421386719
2021-03-23,30.286863327026367,62.99555587768555
2021-03-24,30.396465301513672,62.23124694824219
2021-03-25,30.907943725585938,62.192787170410156
2021-03-26,31.392017364501953,63.774288177490234
2021-03-29,31.11801528930664,63.442596435546875
2021-03-30,31.337221145629883,62.84172058105469
2021-03-31,31.099746704101562,63.84157943725586
2021-04-01,31.483356475830078,65.12506103515625
2021-04-05,31.72995948791504,66.47101593017578
2021-04-06,31.666025161743164,66.18739318847656
2021-04-07,31.82129669189453,66.53829956054688
2021-04-08,31.83043098449707,67.49970245361328
2021-04-09,32.104434967041016,68.1486587524414
2021-04-12,32.24143600463867,67.82177734375
2021-04-13,31.94004249572754,68.46109771728516
2021-04-14,32.13184356689453,67.73526000976562
2021-04-15,32.104434967041016,68.8985595703125
2021-04-16,32.33277893066406,68.88411712646484
2021-04-19,32.24143600463867,68.31209564208984
2021-04-20,31.63861846923828,67.70641326904297
2021-04-21,32.07703399658203,68.38899230957031
2021-04-22,31.7208251953125,67.58623504638672
2021-04-23,32.31450653076172,68.59571075439453
2021-04-26,32.4423828125,68.94659423828125
2021-04-27,32.698123931884766,68.77835845947266
2021-04-28,32.82598876953125,68.13902282714844
2021-04-29,33.41053771972656,68.08135223388672
2021-04-30,33.1182746887207,67.15360260009766
2021-05-03,33.28266906738281,66.96614074707031
2021-05-04,33.54753494262695,65.76436614990234
2021-05-05,33.821556091308594,65.60574340820312
2021-05-06,34.323890686035156,66.26432037353516
2021-05-07,34.506561279296875,66.83154296875
2021-05-10,34.479164123535156,65.14427947998047
2021-05-11,33.86721420288086,64.94718170166016
2021-05-12,33.5201416015625,63.12053680419922
2021-05-13,34.059024810791016,63.95694351196289
2021-05-14,34.59790802001953,65.36540985107422
2021-05-17,34.66183853149414,64.88471221923828
2021-05-18,34.177757263183594,64.36553955078125
2021-05-19,33.96767807006836,64.59147644042969
2021-05-20,33.9859504699707,65.82687377929688
2021-05-21,34.323890686035156,65.46634674072266
2021-05-24,34.488285064697266,66.62963104248047
2021-05-25,34.14122009277344,66.64884948730469
2021-05-26,34.24169921875,66.6440658569336
2021-05-27,34.63442611694336,66.29315185546875
2021-05-28,34.6983642578125,66.52867889404297
2021-06-01,34.90843963623047,66.20181274414062
2021-06-02,34.963233947753906,66.6584701538086
2021-06-03,35.045433044433594,66.03836822509766
2021-06-04,35.13677978515625,67.30741882324219
2021-06-07,34.90843963623047,67.29299926757812
2021-06-08,34.81709671020508,67.29781341552734
2021-06-09,34.488285064697266,67.34587860107422
2021-06-10,34.086421966552734,67.84100341796875
2021-06-11,34.305625915527344,68.2447738647461
2021-06-14,33.94941329956055,68.93699645996094
2021-06-15,34.01335525512695,68.51396942138672
2021-06-16,33.97682571411133,68.14384460449219
2021-06-17,32.97212219238281,68.93218231201172
2021-06-18,32.17750549316406,68.30248260498047
2021-06-21,32.928504943847656,69.03449249267578
2021-06-22,32.98352813720703,69.66051483154297
2021-06-23,33.04771423339844,69.5834732055664
2021-06-24,33.460357666015625,70.02169799804688
2021-06-25,33.86382293701172,69.93982696533203
2021-06-28,33.61623764038086,70.6718521118164
2021-06-29,33.49703598022461,71.18712615966797
2021-06-30,33.64374923706055,71.11007690429688
2021-07-01,33.909664154052734,71.23048400878906
2021-07-02,33.87300109863281,72.1695556640625
2021-07-06,33.341148376464844,72.44406127929688
2021-07-07,33.38698959350586,72.83894348144531
2021-07-08,32.71759796142578,72.15030670166016
2021-07-09,33.662078857421875,72.81486511230469
2021-07-12,33.99219512939453,72.87266540527344
2021-07-13,33.62541198730469,73.17124938964844
2021-07-14,33.469512939453125,73.71060943603516
2021-07-15,33.579559326171875,73.10382080078125
2021-07-16,33.121070861816406,72.38145446777344
2021-07-19,32.19493865966797,71.38459014892578
2021-07-20,32.99270248413086,72.44406127929688
2021-07-21,33.56122589111328,73.14234924316406
2021-07-22,33.19443130493164,73.68171691894531
2021-07-23,33.24945068359375,74.41372680664062
2021-07-26,33.442020416259766,74.37519073486328
2021-07-27,33.43284606933594,73.67208862304688
2021-07-28,33.38698959350586,73.58058166503906
2021-07-29,33.753787994384766,73.9225082397461
2021-07-30,33.48786544799805,73.87433624267578
2021-08-02,33.49703598022461,73.6094741821289
2021-08-03,33.87300109863281,74.08142852783203
2021-08-04,33.58872985839844,74.23070526123047
2021-08-05,34.02887725830078,74.64004516601562
2021-08-06,34.71660614013672,74.57744598388672
2021-08-09,34.80831527709961,74.33665466308594
2021-08-10,35.17509841918945,73.80211639404297
2021-08-11,35.57856369018555,73.8117446899414
2021-08-12,35.64274978637695,74.23552703857422
2021-08-13,35.376827239990234,74.64004516601562
2021-08-16,35.28512954711914,74.9771728515625
2021-08-17,35.037540435791016,74.35591888427734
2021-08-18,34.606571197509766,73.33016204833984
2021-08-19,34.34981918334961,74.04772186279297
2021-08-20,34.560726165771484,75.0012435913086
2021-08-23,34.84497833251953,75.96922302246094
2021-08-24,35.05588912963867,75.8825454711914
2021-08-25,35.46852493286133,75.83919525146484
2021-08-26,35.29429626464844,75.3624267578125
2021-08-27,35.7619514465332,76.08960723876953
2021-08-30,35.257625579833984,76.90828704833984
2021-08-31,35.2117805480957,76.50377655029297
2021-09-01,35.01003646850586,76.52301788330078
2021-09-02,35.12924575805664,76.441162109375
2021-09-03,34.90917205810547,76.74456787109375
2021-09-07,34.698265075683594,76.76382446289062
2021-09-08,34.61574172973633,76.47007751464844
2021-09-09,34.71660614013672,76.18111419677734
2021-09-10,34.45985412597656,75.42984771728516
2021-09-13,34.854148864746094,75.45391845703125
2021-09-14,34.38649368286133,75.35760498046875
2021-09-15,34.71660614013672,76.0173568725586
2021-09-16,34.61574172973633,76.06071472167969
2021-09-17,34.45985412597656,74.87604522705078
2021-09-20,33.66047668457031,73.51222229003906
2021-09-21,33.61442565917969,73.54114532470703
2021-09-22,34.17619705200195,74.54943084716797
2021-09-23,35.01426315307617,75.5480728149414
2021-09-24,35.198448181152344,75.60111999511719
2021-09-27,35.677330017089844,74.86781311035156
2021-09-28,35.08794021606445,72.64866638183594
2021-09-29,35.11556625366211,72.55699920654297
2021-09-30,34.56299591064453,72.0360107421875
2021-10-01,35.13399124145508,73.12145233154297
2021-10-04,34.830081939697266,71.42810821533203
2021-10-05,35.511573791503906,72.446044921875
2021-10-06,35.548404693603516,72.91881561279297
2021-10-07,35.76021957397461,73.58456420898438
2021-10-08,35.935203552246094,73.30958557128906
2021-10-11,35.57603454589844,72.90437316894531
2021-10-12,35.46552658081055,72.52806854248047
2021-10-13,35.262908935546875,72.97188568115234
2021-10-14,35.852317810058594,74.61697387695312
2021-10-15,36.38646697998047,75.2151870727539
2021-10-18,36.39567947387695,75.85197448730469
2021-10-19,36.75484085083008,76.60457611083984
2021-10-20,37.04954147338867,76.39229583740234
2021-10-21,36.89298629760742,76.68657684326172
2021-10-22,37.408714294433594,76.4212646484375
2021-10-25,37.362667083740234,76.672119140625
2021-10-26,37.390296936035156,76.88919830322266
2021-10-27,36.77327346801758,76.82166290283203
2021-10-28,37.22452163696289,77.59355163574219
2021-10-29,37.07717514038086,77.9264144897461
2021-11-01,37.0955924987793,77.81063079833984
2021-11-02,37.18769073486328,78.49567413330078
2021-11-03,37.32583236694336,78.95398712158203
2021-11-04,36.83773422241211,80.18899536132812
2021-11-05,36.85614013671875,80.60388946533203
2021-11-08,37.058753967285156,81.03807067871094
2021-11-09,36.85614013671875,80.70519256591797
2021-11-10,36.791683197021484,79.37369537353516
2021-11-11,36.89298629760742,79.74517059326172
2021-11-12,36.97586441040039,80.71483612060547
2021-11-15,36.97586441040039,80.6328353881836
2021-11-16,36.939029693603516,81.48189544677734
2021-11-17,36.515403747558594,81.23584747314453
2021-11-18,36.33121871948242,82.04634857177734
2021-11-19,35.935203552246094,82.6445541381836
2021-11-22,36.44171905517578,81.7231216430664
2021-11-23,37.0127067565918,81.53495788574219
2021-11-24,36.9298210144043,82.12837219238281
2021-11-26,35.70497512817383,80.07803344726562
2021-11-29,35.81547927856445,82.08009338378906
2021-11-30,34.95901107788086,81.39506530761719
2021-12-01,34.57221603393555,80.28067016601562
2021-12-02,35.60365676879883,81.01876068115234
2021-12-03,35.023475646972656,79.66315460205078
2021-12-06,35.55760955810547,80.42057037353516
2021-12-07,36.19306564331055,83.22827911376953
2021-12-08,35.99967575073242,83.60940551757812
2021-12-09,35.925994873046875,82.70726776123047
2021-12-10,35.962833404541016,84.3667984008789
2021-12-13,35.57603454589844,83.11249542236328
2021-12-14,35.787845611572266,81.74723052978516
2021-12-15,35.889156341552734,83.9133529663086
2021-12-16,36.340423583984375,81.53495788574219
2021-12-17,35.53919219970703,80.98983764648438
2021-12-20,34.84888458251953,80.02653503417969
2021-12-21,35.57066345214844,82.05171966552734
2021-12-22,35.73723220825195,83.124755859375
2021-12-23,35.92230224609375,83.58873748779297
2021-12-27,36.29243087768555,85.3819351196289
2021-12-28,36.310951232910156,84.93724822998047
2021-12-29,36.264678955078125,85.00977325439453
2021-12-30,36.19990921020508,84.44908905029297
2021-12-31,36.1351318359375,84.03826904296875
2022-01-03,36.579307556152344,84.83577728271484
2022-01-04,37.54166793823242,83.9367446899414
2022-01-05,37.10675048828125,81.35575103759766
2022-01-06,37.652706146240234,80.94487762451172
2022-01-07,38.09687423706055,80.20053100585938
2022-01-10,37.96733093261719,80.21504211425781
2022-01-11,38.30046081542969,81.17687225341797
2022-01-12,38.328224182128906,81.55873107910156
2022-01-13,38.180152893066406,79.4465103149414
2022-01-14,37.782249450683594,80.11836242675781
2022-01-18,36.940181732177734,78.1946792602539
2022-01-19,36.32019805908203,77.10233306884766
2022-01-20,36.08885955810547,76.10664367675781
2022-01-21,35.34857940673828,74.59379577636719
2022-01-24,35.45036697387695,74.98047637939453
2022-01-25,35.59842300415039,73.24528503417969
2022-01-26,35.69095993041992,73.67544555664062
2022-01-27,35.36708450317383,73.16793060302734
2022-01-28,35.82976531982422,76.36766052246094
2022-01-31,36.144378662109375,78.28651428222656
2022-02-01,36.644073486328125,78.48950958251953
2022-02-02,36.893924713134766,79.12752532958984
2022-02-03,36.486759185791016,76.8316650390625
2022-02-04,37.10675048828125,77.1409912109375
2022-02-07,37.21778869628906,76.62865447998047
2022-02-08,37.73599624633789,77.57601165771484
2022-02-09,37.976585388183594,79.29669189453125
2022-02-10,37.64345932006836,77.2231674194336
2022-02-11,37.11600112915039,74.86447143554688
2022-02-14,36.69960021972656,74.84030151367188
2022-02-15,37.19929885864258,76.80750274658203
2022-02-16,37.227046966552734,76.73015594482422
2022-02-17,36.301692962646484,74.4343032836914
2022-02-18,36.29243087768555,73.6802749633789
2022-02-22,36.107364654541016,72.998779296875
2022-02-23,35.478126525878906,71.17174530029297
2022-02-24,35.052467346191406,73.60296630859375
2022-02-25,36.181396484375,74.60346984863281
2022-02-28,35.64468765258789,74.4681167602539
2022-03-01,34.3306770324707,72.97944641113281
2022-03-02,35.219024658203125,74.55996704101562
2022-03-03,35.107975006103516,73.67060852050781
2022-03-04,34.450984954833984,72.3801040649414
2022-03-07,33.19249725341797,69.73139953613281
2022-03-08,32.998172760009766,69.39308166503906
2022-03-09,34.21038818359375,72.13843536376953
2022-03-10,33.923526763916016,70.87692260742188
2022-03-11,33.68293762207031,69.6299057006836
2022-03-14,34.10860061645508,68.3393783569336
2022-03-15,34.589786529541016,70.63524627685547
2022-03-16,35.5614128112793,72.93111419677734
2022-03-17,36.005577087402344,73.44828796386719
2022-03-18,36.08885955810547,74.95148468017578
2022-03-21,36.053558349609375,74.80911254882812
2022-03-22,36.63881301879883,75.88411712646484
2022-03-23,35.96066665649414,74.71709442138672
2022-03-24,36.2486457824707,76.65886688232422
2022-03-25,36.713130950927734,76.61530303955078
2022-03-28,36.61094284057617,77.52565002441406
2022-03-29,36.69455337524414,79.17204284667969
2022-03-30,36.4344367980957,78.11640930175781
2022-03-31,35.59836196899414,76.9591064453125
2022-04-01,35.505462646484375,76.73151397705078
2022-04-04,35.3475341796875,78.18905639648438
2022-04-05,35.12458038330078,76.54264831542969
2022-04-06,34.8830451965332,74.73162841796875
2022-04-07,34.845882415771484,74.84785461425781
2022-04-08,35.19890213012695,73.80189514160156
2022-04-11,35.04097366333008,71.94245147705078
2022-04-12,34.66009521484375,71.62284088134766
2022-04-13,34.66009521484375,72.77532196044922
2022-04-14,34.26992416381836,71.00788879394531
2022-04-18,34.47429656982422,71.24028778076172
2022-04-19,34.94808578491211,72.57679748535156
2022-04-20,35.18961715698242,72.50900268554688
2022-04-21,34.63222885131836,71.27903747558594
2022-04-22,33.6010627746582,69.28401947021484
2022-04-25,33.65679931640625,70.32510375976562
2022-04-26,32.811431884765625,67.70540618896484
2022-04-27,32.783565521240234,68.707763671875
2022-04-28,33.20160675048828,71.45821380615234
2022-04-29,32.0589599609375,68.48017120361328
2022-05-02,32.0682487487793,69.52130126953125
2022-05-03,32.48629379272461,69.64234924316406
2022-05-04,33.48029708862305,72.08770751953125
2022-05-05,32.5048713684082,68.62059783935547
2022-05-06,32.27262496948242,68.06858825683594
2022-05-09,31.50157928466797,65.43437194824219
2022-05-10,31.22288703918457,66.43186950683594
2022-05-11,30.93490219116211,64.33513641357422
2022-05-12,30.702655792236328,63.6717643737793
2022-05-13,31.148569107055664,65.78785705566406
2022-05-16,30.888452529907227,65.20677185058594
2022-05-17,31.715246200561523,67.09528350830078
2022-05-18,30.84200668334961,64.02523803710938
2022-05-19,30.637624740600586,63.32311248779297
2022-05-20,30.581886291503906,63.463523864746094
2022-05-23,31.575897216796875,64.92108154296875
2022-05-24,31.510866165161133,63.95746612548828
2022-05-25,31.761686325073242,64.70318603515625
2022-05-26,32.495574951171875,66.25756072998047
2022-05-27,33.043670654296875,68.49955749511719
2022-05-31,32.95077896118164,68.01049041748047
2022-06-01,32.421260833740234,67.80711364746094
2022-06-02,32.86716842651367,69.44866180419922
2022-06-03,32.39339065551758,67.78773498535156
2022-06-06,32.48629379272461,67.7925796508789
2022-06-07,32.73712158203125,68.60123443603516
2022-06-08,32.16114807128906,67.82646942138672
2022-06-09,31.352941513061523,66.01544189453125
2022-06-10,30.219589233398438,63.47806167602539
2022-06-13,29.318483352661133,60.664669036865234
2022-06-14,29.067659378051758,61.04722213745117
2022-06-15,29.392799377441406,62.335269927978516
2022-06-16,28.64961814880371,59.79789352416992
2022-06-17,28.73322868347168,60.34507751464844
2022-06-21,29.306657791137695,61.88068389892578
2022-06-22,29.241287231445312,61.61851501464844
2022-06-23,29.129213333129883,62.54096221923828
2022-06-24,30.203231811523438,64.78878021240234
2022-06-27,30.100500106811523,64.35184478759766
2022-06-28,29.8016357421875,62.424434661865234
2022-06-29,29.63353729248047,62.5506591796875
2022-06-30,29.37203598022461,61.715614318847656
2022-07-01,29.773622512817383,61.856407165527344
2022-07-05,29.670894622802734,62.6331901550293
2022-07-06,29.596179962158203,63.172088623046875
2022-07-07,30.025787353515625,64.47807312011719
2022-07-08,29.960407257080078,64.50717163085938
2022-07-11,29.717586517333984,63.61874771118164
2022-07-12,29.53080177307129,62.749717712402344
2022-07-13,29.269304275512695,62.584651947021484
2022-07-14,28.708942413330078,63.157527923583984
2022-07-15,29.68023109436035,64.26929473876953
2022-07-18,29.568161010742188,63.64786911010742
2022-07-19,30.455394744873047,65.58985137939453
2022-07-20,30.56746482849121,66.6142349243164
2022-07-21,30.763591766357422,67.55122375488281
2022-07-22,30.586143493652344,66.61906433105469
2022-07-25,30.782264709472656,66.19670104980469
2022-07-26,30.352659225463867,65.12377166748047
2022-07-27,30.819622039794922,67.92504119873047
2022-07-28,31.043771743774414,68.95914459228516
2022-07-29,31.48271369934082,70.01750946044922
2022-08-01,31.221206665039062,69.86700439453125
2022-08-02,30.875652313232422,69.37181091308594
2022-08-03,31.34262466430664,71.21669006347656
2022-08-04,31.23988914489746,71.5419692993164
2022-08-05,31.464025497436523,71.37690734863281
2022-08-08,31.445358276367188,70.77003479003906
2022-08-09,31.6041259765625,70.06121826171875
2022-08-10,32.31391143798828,71.97403717041016
2022-08-11,32.696815490722656,71.69245910644531
2022-08-12,33.21048355102539,73.11979675292969
2022-08-15,33.201141357421875,73.58100128173828
2022-08-16,33.443965911865234,73.38196563720703
2022-08-17,33.27585220336914,72.8576431274414
2022-08-18,33.31320571899414,73.236328125
2022-08-19,32.650115966796875,71.90606689453125
2022-08-22,31.930992126464844,69.9010009765625
2022-08-23,31.800249099731445,69.71650695800781
2022-08-24,31.968360900878906,69.76019287109375
2022-08-25,32.46333694458008,70.93994903564453
2022-08-26,31.49205780029297,67.91048431396484
2022-08-29,31.267906188964844,67.01232147216797
2022-08-30,31.099803924560547,66.31322479248047
2022-08-31,30.866313934326172,65.66749572753906
2022-09-01,30.959714889526367,65.34709167480469
2022-09-02,30.716888427734375,64.49747467041016
2022-09-06,30.642179489135742,64.07025909423828
2022-09-07,31.24923324584961,65.09464263916016
2022-09-08,31.800249099731445,65.31795501708984
2022-09-09,32.08976745605469,66.60935974121094
2022-09-12,32.35126876831055,67.67745208740234
2022-09-13,31.146493911743164,64.0848159790039
2022-09-14,31.053104400634766,64.31783294677734
2022-09-15,31.155841827392578,62.837093353271484
2022-09-16,30.875652313232422,62.487548828125
2022-09-19,31.225841522216797,62.99711990356445
2022-09-20,30.76581382751465,62.627220153808594
2022-09-21,30.127405166625977,61.648983001708984
2022-09-22,29.62042999267578,61.02115249633789
2022-09-23,29.15100860595703,60.222984313964844
2022-09-26,28.690975189208984,59.80442428588867
2022-09-27,28.568927764892578,59.88229751586914
2022-09-28,29.13222885131836,60.51499557495117
2022-09-29,28.766084671020508,58.9381217956543
2022-09-30,28.50320816040039,57.808998107910156
2022-10-03,29.273059844970703,59.60002136230469
2022-10-04,30.36211585998535,61.60030746459961
2022-10-05,30.127405166625977,61.804725646972656
2022-10-06,29.704925537109375,61.29856872558594
2022-10-07,29.00079345703125,58.77751159667969
2022-10-10,28.869359970092773,57.78952407836914
2022-10-11,28.50320816040039,56.90375518798828
2022-10-12,28.43749237060547,56.72854995727539
2022-10-13,29.611040115356445,58.49036407470703
2022-10-14,29.113452911376953,56.84536361694336
2022-10-17,29.84575080871582,58.57797622680664
2022-10-18,30.324562072753906,59.07439422607422
2022-10-19,29.826976776123047,58.904052734375
2022-10-20,29.34816551208496,58.9381217956543
2022-10-21,30.22128677368164,60.51499557495117
2022-10-24,30.624982833862305,61.35210037231445
2022-10-25,30.991132736206055,62.52503204345703
2022-10-26,31.06624984741211,61.13309097290039
2022-10-27,31.31973648071289,60.4371223449707
2022-10-28,32.09896469116211,63.065250396728516
2022-10-31,31.901809692382812,62.23301696777344
2022-11-01,31.98630142211914,61.71225357055664
2022-11-02,31.582609176635742,59.58055114746094
2022-11-03,31.263404846191406,57.828460693359375
2022-11-04,31.836090087890625,58.884586334228516
2022-11-07,32.15530014038086,59.86769485473633
2022-11-08,32.34306716918945,60.44199752807617
2022-11-09,31.798545837402344,58.86998748779297
2022-11-10,33.403953552246094,63.707679748535156
2022-11-11,33.67621994018555,64.79786682128906
2022-11-14,33.19740676879883,64.24304962158203
2022-11-15,33.27252197265625,65.02174377441406
2022-11-16,33.11292266845703,64.131103515625
2022-11-17,32.934539794921875,64.2138442993164
2022-11-18,33.2067985534668,64.28682708740234
2022-11-21,33.3100700378418,63.595726013183594
2022-11-22,33.64805603027344,64.82705688476562
2022-11-23,33.788883209228516,65.4013671875
2022-11-25,33.90155029296875,65.02174377441406
2022-11-28,33.319461822509766,63.62982177734375
2022-11-29,33.51662063598633,63.00685501098633
2022-11-30,34.08930969238281,66.17033386230469
2022-12-01,33.89216232299805,66.2627944946289
2022-12-02,33.73255920410156,65.87831115722656
2022-12-05,32.8969841003418,64.78326416015625
2022-12-06,32.60594940185547,63.39619445800781
2022-12-07,32.474510192871094,63.074989318847656
2022-12-08,32.50267028808594,64.10677337646484
2022-12-09,32.41816329956055,63.71253967285156
2022-12-12,32.85004806518555,65.10447692871094
2022-12-13,32.934539794921875,65.87345123291016
2022-12-14,32.52145004272461,65.31864166259766
2022-12-15,31.883037567138672,62.87544631958008
2022-12-16,31.63893699645996,62.04320526123047
2022-12-19,31.553913116455078,61.215885162353516
2022-12-20,31.68617820739746,61.308631896972656
2022-12-21,32.177433013916016,62.323848724365234
2022-12-22,31.89402198791504,60.75221633911133
2022-12-23,32.07350540161133,60.81566619873047
2022-12-27,32.06406021118164,60.239715576171875
2022-12-28,31.950695037841797,59.2684211730957
2022-12-29,32.39472198486328,60.82054138183594
2022-12-30,32.30968475341797,60.737571716308594
2023-01-03,32.42306137084961,60.16162109375
2023-01-04,32.94266128540039,60.31781005859375
2023-01-05,32.6970329284668,59.14639663696289
2023-01-06,33.42446517944336,60.87912368774414
2023-01-09,33.30166244506836,61.58683395385742
2023-01-10,33.490604400634766,61.96754837036133
2023-01-11,33.8023567199707,63.04133987426758
2023-01-12,33.86849594116211,63.50990295410156
2023-01-13,34.123573303222656,63.69050598144531
2023-01-17,33.8968391418457,63.97845458984375
2023-01-18,33.26386260986328,63.153602600097656
2023-01-19,32.876529693603516,62.41658020019531
2023-01-20,33.3961296081543,64.10536193847656
2023-01-23,33.783470153808594,65.56475830078125
2023-01-24,33.8023567199707,65.53545379638672
2023-01-25,34.0668830871582,65.39881134033203
2023-01-26,34.24638366699219,66.44332122802734
2023-01-27,34.24638366699219,66.72148895263672
2023-01-30,34.07633590698242,65.44760131835938
2023-01-31,34.53925704956055,66.36034393310547
2023-02-01,34.53925704956055,67.92221069335938
2023-02-02,34.63371658325195,69.77694702148438
2023-02-03,34.567588806152344,69.19612884521484
2023-02-06,34.55815124511719,68.35171508789062
2023-02-07,34.954925537109375,70.06002044677734
2023-02-08,34.74708938598633,69.21564483642578
2023-02-09,34.3597526550293,68.83493041992188
2023-02-10,34.473114013671875,68.51766967773438
2023-02-13,34.869903564453125,69.70372772216797
2023-02-14,34.68095779418945,70.00145721435547
2023-02-15,34.718746185302734,70.32847595214844
2023-02-16,34.369197845458984,69.1082534790039
2023-02-17,34.37864685058594,68.24435424804688
2023-02-21,33.67009735107422,66.6239013671875
2023-02-22,33.63230895996094,66.52628326416016
2023-02-23,33.66065216064453,67.62936401367188
2023-02-24,33.68899917602539,66.42379760742188
2023-02-27,33.6795539855957,66.78009033203125
2023-02-28,33.74567794799805,66.6336669921875
2023-03-01,33.63230895996094,66.14556884765625
2023-03-02,33.471710205078125,66.96068572998047
2023-03-03,34.000755310058594,68.4005355834961
2023-03-06,34.02910232543945,68.72755432128906
2023-03-07,33.1505012512207,67.87339782714844
2023-03-08,33.02768325805664,68.43470001220703
2023-03-09,31.68617820739746,67.45365142822266
2023-03-10,31.109888076782227,66.26759338378906
2023-03-13,29.881746292114258,66.62877655029297
2023-03-14,30.486370086669922,68.166259765625
2023-03-15,29.673904418945312,68.20530700683594
2023-03-16,30.240734100341797,70.11859893798828
2023-03-17,29.26767349243164,70.02099609375
2023-03-20,29.593318939208984,70.20980072021484
2023-03-21,30.343355178833008,70.7772216796875
2023-03-22,29.640790939331055,70.07283020019531
2023-03-23,29.4414119720459,71.21259307861328
2023-03-24,29.422422409057617,71.39847564697266
2023-03-27,29.830671310424805,70.84571838378906
2023-03-28,29.82118034362793,70.5130844116211
2023-03-29,30.25790786743164,71.9903564453125
2023-03-30,30.191452026367188,72.82682800292969
2023-03-31,30.523752212524414,73.86874389648438
2023-04-03,30.580713272094727,73.75135803222656
2023-04-04,30.295886993408203,73.34535217285156
2023-04-05,30.25790786743164,72.50888061523438
2023-04-06,30.371843338012695,72.9197769165039
2023-04-10,30.43829917907715,72.88064575195312
2023-04-11,30.704132080078125,72.19581604003906
2023-04-12,30.637676239013672,71.784912109375
2023-04-13,30.91301155090332,73.12033081054688
2023-04-14,31.216821670532227,72.7143325805664
2023-04-17,31.57760238647461,72.97846984863281
2023-04-18,31.67254638671875,73.20348358154297
2023-04-19,31.748493194580078,72.99314880371094
2023-04-20,31.653554916381836,72.51376342773438
2023-04-21,31.53962516784668,72.27897644042969
2023-04-24,31.46367073059082,71.96099853515625
2023-04-25,30.922500610351562,70.42503356933594
2023-04-26,30.62818145751953,71.47183990478516
2023-04-27,31.12187385559082,72.98825073242188
2023-04-28,31.492151260375977,73.78069305419922
2023-05-01,31.406707763671875,73.8247299194336
2023-05-02,30.694643020629883,73.135009765625
2023-05-03,30.343355178833008,72.5186538696289
2023-05-04,29.9540958404541,72.17134857177734
2023-05-05,30.694643020629883,73.98126220703125
2023-05-08,30.742115020751953,73.94214630126953
2023-05-09,30.62818145751953,73.37469482421875
2023-05-10,30.457290649414062,74.26986694335938
2023-05-11,30.409814834594727,73.9372329711914
2023-05-12,30.286392211914062,73.83941650390625
2023-05-15,30.533245086669922,74.45084381103516
2023-05-16,30.248414993286133,74.52912902832031
2023-05-17,30.856042861938477,75.52213287353516
2023-05-18,31.083906173706055,77.0678939819336
2023-05-19,30.950984954833984,77.03363800048828
2023-05-22,31.007953643798828,77.18040466308594
2023-05-23,30.647171020507812,76.0406265258789
2023-05-24,30.248414993286133,75.48300170898438
2023-05-25,30.238924026489258,78.37884521484375
2023-05-26,30.48577117919922,80.60455322265625
2023-05-30,30.476272583007812,81.03502655029297
2023-05-31,30.15347671508789,80.35997772216797
2023-06-01,30.476272583007812,81.17686462402344
2023-06-02,31.140869140625,81.64158630371094
2023-06-05,30.979469299316406,81.1719741821289
2023-06-06,31.368724822998047,81.15242004394531
2023-06-07,31.492151260375977,79.93927764892578
2023-06-08,31.46367073059082,80.80509948730469
2023-06-09,31.473161697387695,81.20621490478516
2023-06-12,31.46367073059082,82.97211456298828
2023-06-13,31.653554916381836,83.47593688964844
2023-06-14,31.53013038635254,84.33686828613281
2023-06-15,31.947872161865234,85.42282104492188
2023-06-16,31.881412506103516,84.71842956542969
2023-06-20,31.642993927001953,84.14588165283203
2023-06-21,31.604846954345703,82.90081787109375
2023-06-22,31.35689353942871,83.57726287841797
2023-06-23,31.223373413085938,82.67041015625
2023-06-26,31.156620025634766,82.0772933959961
2023-06-27,31.404577255249023,83.6949234008789
2023-06-28,31.328283309936523,83.74393463134766
2023-06-29,31.871877670288086,83.89099884033203
2023-06-30,32.1484489440918,85.22429656982422
2023-07-03,32.32964324951172,85.0429458618164
2023-07-05,32.26288604736328,84.5184326171875
2023-07-06,31.98632049560547,84.2929458618164
2023-07-07,32.03400421142578,83.9253158569336
2023-07-10,32.177059173583984,84.14588165283203
2023-07-11,32.55852127075195,84.3272476196289
2023-07-12,32.768341064453125,85.28311920166016
2023-07-13,32.882774353027344,86.39583587646484
2023-07-14,32.66342544555664,86.26842498779297
2023-07-17,32.9781494140625,87.37133026123047
2023-07-18,33.35007858276367,88.36150360107422
2023-07-19,33.49311828613281,88.14093017578125
2023-07-20,33.74108123779297,86.38116455078125
2023-07-21,33.62664031982422,86.3370361328125
2023-07-24,33.950889587402344,86.48899841308594
2023-07-25,33.73154067993164,87.47918701171875
2023-07-26,33.931819915771484,86.30272674560547
2023-07-27,33.50266647338867,86.05271911621094
2023-07-28,33.569419860839844,87.2242660522461
2023-07-31,33.693397521972656,87.42525482177734
2023-08-01,33.693397521972656,87.57231140136719
2023-08-02,33.40729522705078,85.40567016601562
2023-08-03,33.426368713378906,85.0576400756836
2023-08-04,33.2928581237793,83.90079498291016
2023-08-07,33.76015853881836,84.1360855102539
2023-08-08,33.454978942871094,83.48904418945312
2023-08-09,33.20702362060547,82.41061401367188
2023-08-10,33.23563766479492,82.42041778564453
2023-08-11,33.302391052246094,81.81259155273438
2023-08-14,33.23563766479492,83.11648559570312
2023-08-15,32.625274658203125,82.29786682128906
2023-08-16,32.57759475708008,81.51355743408203
2023-08-17,32.41548156738281,80.73907470703125
2023-08-18,32.40592956542969,80.86161804199219
2023-08-21,32.36778259277344,82.40572357177734
2023-08-22,32.06261444091797,82.31258392333984
2023-08-23,32.377323150634766,83.79784393310547
2023-08-24,32.26288604736328,81.86651611328125
2023-08-25,32.41548156738281,82.69983673095703
2023-08-28,32.59667205810547,83.37628173828125
2023-08-29,32.89231491088867,85.04784393310547
2023-08-30,32.91138458251953,85.68997955322266
2023-08-31,32.787410736083984,86.10665130615234
2023-09-01,33.083045959472656,86.37134552001953
2023-09-05,32.74925994873047,86.68017578125
2023-09-06,32.73019027709961,85.76351165771484
2023-09-07,32.644351959228516,84.5233383178711
2023-09-08,32.71110916137695,84.69978332519531
2023-09-11,32.86369705200195,85.1409912109375
2023-09-12,33.083045959472656,83.59686279296875
2023-09-13,33.083045959472656,83.80764770507812
2023-09-14,33.38821792602539,84.41549682617188
2023-09-15,33.21656036376953,82.79296112060547
2023-09-18,33.30756378173828,83.19086456298828
2023-09-19,33.269248962402344,83.14665222167969
2023-09-20,33.039344787597656,81.8399658203125
2023-09-21,32.493316650390625,80.59221649169922
2023-09-22,32.2442512512207,80.76417541503906
2023-09-25,32.320892333984375,81.02450561523438
2023-09-26,31.88981819152832,79.5655288696289
2023-09-27,31.841915130615234,79.68834686279297
2023-09-28,32.07182693481445,80.2532730102539
2023-09-29,31.77486228942871,80.52836608886719
2023-10-02,31.506641387939453,81.3929443359375
2023-10-03,31.008508682250977,80.0125732421875
2023-10-04,31.238414764404297,81.00978088378906
2023-10-05,31.38210678100586,81.11785125732422
2023-10-06,31.650327682495117,82.63577270507812
2023-10-09,31.669492721557617,83.06314849853516
2023-10-10,31.899394989013672,83.19086456298828
2023-10-11,31.947282791137695,83.96210479736328
2023-10-12,31.746124267578125,84.04070281982422
2023-10-13,31.813180923461914,82.83718872070312
2023-10-16,32.14845657348633,83.63298034667969
2023-10-17,32.30173110961914,83.2448959350586
2023-10-18,31.746124267578125,82.3901596069336
2023-10-19,31.32463264465332,81.91856384277344
2023-10-20,30.845659255981445,80.53327941894531
2023-10-23,30.65407371520996,80.62662506103516
2023-10-24,30.864822387695312,81.18170166015625
2023-10-25,30.74986457824707,80.22379302978516
2023-10-26,30.682811737060547,78.69115447998047
2023-10-27,30.127206802368164,79.14797973632812
2023-10-30,30.663652420043945,79.99783325195312
2023-10-31,30.99893569946289,80.56766510009766
2023-11-01,31.200096130371094,82.1248779296875
2023-11-02,31.93771743774414,83.51509094238281
2023-11-03,32.35920333862305,84.37474060058594
2023-11-06,32.26340866088867,84.92985534667969
2023-11-07,32.21551513671875,85.8582763671875
2023-11-08,32.25382995605469,86.34459686279297
2023-11-09,32.119720458984375,85.94178771972656
2023-11-10,32.48373794555664,88.18673706054688
2023-11-13,32.43584060668945,87.67094421386719
2023-11-14,33.048919677734375,89.42464447021484
2023-11-15,33.23093032836914,89.53764343261719
2023-11-16,33.36503982543945,89.98467254638672
2023-11-17,33.53746795654297,89.7979965209961
2023-11-20,33.67158126831055,91.09976196289062
2023-11-21,33.652427673339844,90.3629150390625
2023-11-22,33.786537170410156,90.7657241821289
2023-11-24,33.89190673828125,90.5888900756836
2023-11-27,33.776954650878906,90.58396911621094
2023-11-28,33.76737976074219,90.75589752197266
2023-11-29,34.006866455078125,90.82469177246094
2023-11-30,34.39003372192383,90.95731353759766
2023-12-01,34.648681640625,91.16361999511719
2023-12-04,34.61037063598633,90.0534439086914
2023-12-05,34.43794250488281,90.59380340576172
2023-12-06,34.265506744384766,89.82746887207031
2023-12-07,34.42835235595703,90.91799926757812
2023-12-08,34.61037063598633,91.69416046142578
2023-12-11,34.82110595703125,92.49488830566406
2023-12-12,35.0701789855957,93.10894012451172
2023-12-13,35.63535690307617,93.92929077148438
2023-12-14,35.98979568481445,93.69841766357422
2023-12-15,35.779052734375,94.16999816894531
2023-12-18,35.8984260559082,94.45161437988281
2023-12-19,36.16796875,94.81100463867188
2023-12-20,35.522979736328125,93.37834930419922
2023-12-21,35.86954116821289,94.42698669433594
2023-12-22,35.946556091308594,94.5500717163086
2023-12-26,36.09096145629883,94.94392395019531
2023-12-27,36.20648193359375,94.93900299072266
2023-12-28,36.312374114990234,95.05223846435547
2023-12-29,36.19684982299805,94.76176452636719
2024-01-02,36.35088348388672,92.28047943115234
2024-01-03,36.042823791503906,91.34014892578125
2024-01-04,36.187232971191406,90.67058563232422
2024-01-05,36.34125518798828,90.64596557617188
2024-01-08,36.57229995727539,92.92049407958984
2024-01-09,36.34125518798828,93.06819152832031
2024-01-10,36.399017333984375,93.86082458496094
2024-01-11,36.26423645019531,94.33837890625
2024-01-12,36.19684982299805,94.64361572265625
2024-01-16,35.946556091308594,94.87992858886719
2024-01-17,35.879173278808594,94.41222381591797
2024-01-18,35.93693923950195,96.32734680175781
2024-01-19,36.5145378112793,98.54769897460938
2024-01-22,36.687828063964844,98.98094940185547
2024-01-23,36.74558639526367,99.37973022460938
2024-01-24,36.889984130859375,100.06404876708984
2024-01-25,37.07289505004883,100.4825210571289
2024-01-26,37.20766830444336,99.3255844116211
2024-01-29,37.303932189941406,100.23636627197266
2024-01-30,37.77565383911133,99.40927124023438
2024-01-31,37.31356430053711,97.32182312011719
2024-02-01,37.3713264465332,98.54769897460938
2024-02-02,37.52535629272461,99.56681823730469
2024-02-05,37.303932189941406,99.79328918457031
2024-02-06,37.38095474243164,99.33543395996094
2024-02-07,37.66012954711914,100.6499252319336
2024-02-08,37.51573181152344,100.96500396728516
2024-02-09,37.62162780761719,102.32380676269531
2024-02-12,37.7949104309082,101.54593658447266
2024-02-13,37.28468704223633,99.82280731201172
2024-02-14,37.6408805847168,100.86653900146484
2024-02-15,38.2858772277832,100.65484619140625
2024-02-16,38.151100158691406,99.72928619384766
2024-02-20,38.04520797729492,98.71509552001953
2024-02-21,38.160728454589844,98.09477996826172
2024-02-22,38.60355758666992,101.3047103881836
2024-02-23,38.79609298706055,101.06838989257812
2024-02-26,38.60355758666992,101.1668472290039
2024-02-27,38.70945739746094,101.2554702758789
2024-02-28,38.853858947753906,100.77791595458984
2024-02-29,38.83460235595703,101.90040588378906
2024-03-01,38.78647232055664,103.76136779785156
2024-03-04,38.88274383544922,103.76136779785156
2024-03-05,38.89236831665039,101.21116638183594
2024-03-06,39.09453201293945,102.01365661621094
2024-03-07,39.036766052246094,103.62352752685547
2024-03-08,39.104156494140625,102.08257293701172
2024-03-11,39.17154312133789,101.80195617675781
2024-03-12,39.335201263427734,103.8893814086914
2024-03-13,39.624000549316406,102.76691436767578
2024-03-14,39.30632019042969,102.78659057617188
2024-03-15,39.2678108215332,101.23578643798828
2024-03-18,39.49296569824219,101.73333740234375
2024-03-19,39.68622589111328,102.26099395751953
2024-03-20,40.15970993041992,103.40507507324219
2024-03-21,40.48825454711914,103.47903442382812
2024-03-22,40.0244255065918,103.51356506347656
2024-03-25,39.869815826416016,102.82809448242188
2024-03-26,40.00510787963867,102.40401458740234
2024-03-27,40.47859191894531,102.9267349243164
2024-03-28,40.700843811035156,102.70482635498047
2024-04-01,40.47859191894531,102.9908447265625
2024-04-02,40.26600646972656,101.99964141845703
2024-04-03,40.246681213378906,102.27085876464844
2024-04-04,39.792518615722656,100.65338134765625
2024-04-05,40.16938018798828,101.80732727050781
2024-04-08,40.34331512451172,101.68897247314453
2024-04-09,40.11140060424805,102.20182037353516
2024-04-10,39.51228332519531,100.94926452636719
2024-04-11,39.23206329345703,102.9661865234375
2024-04-12,38.71025085449219,101.29940795898438
2024-04-15,38.516990661621094,99.37618255615234
2024-04-16,38.25608825683594,99.49453735351562
2024-04-17,38.35272216796875,98.05951690673828
2024-04-18,38.487998962402344,96.94009399414062
2024-04-19,39.01947021484375,94.94290924072266
2024-04-22,39.49296569824219,95.79109954833984
2024-04-23,39.744205474853516,97.21131134033203
2024-04-24,39.734535217285156,97.65514373779297
2024-04-25,39.502620697021484,97.44310760498047
2024-04-26,39.44464111328125,98.54277801513672
2024-04-29,39.38666534423828,98.96688079833984
2024-04-30,39.000144958496094,96.78722381591797
2024-05-01,39.000144958496094,95.79602813720703
2024-05-02,39.09677505493164,97.17678833007812
2024-05-03,39.183746337890625,99.88409423828125
2024-05-06,39.68622589111328,101.0577621459961
2024-05-07,39.821502685546875,100.72736358642578
2024-05-08,39.966453552246094,101.01336669921875
2024-05-09,40.26600646972656,100.98377990722656
2024-05-10,40.420616149902344,101.35857391357422
2024-05-13,40.256343841552734,101.8369140625
2024-05-14,40.45926284790039,102.73934173583984
2024-05-15,40.75882339477539,105.05213928222656
2024-05-16,40.75882339477539,104.68721771240234
2024-05-17,41.05837631225586,104.45545196533203
2024-05-20,40.497920989990234,105.683349609375
2024-05-21,40.75882339477539,105.85594177246094
2024-05-22,40.52690887451172,106.0926513671875
2024-05-23,39.966453552246094,105.22966766357422
2024-05-24,40.208030700683594,106.11729431152344
2024-05-28,39.76353073120117,106.56605529785156
2024-05-29,39.44464111328125,105.89046478271484
2024-05-30,39.657230377197266,103.4740982055664
2024-05-31,40.23701477050781,103.63685607910156
2024-06-03,39.985782623291016,103.898193359375
2024-06-04,39.80217742919922,104.11518859863281
2024-06-05,39.91814041137695,106.427978515625
2024-06-06,39.89881134033203,106.07292938232422
2024-06-07,40.0824089050293,106.31948852539062
2024-06-10,39.92779541015625,106.59070587158203
2024-06-11,39.4736328125,108.57310485839844
2024-06-12,39.43497848510742,110.97466278076172
2024-06-13,39.40599060058594,111.85244750976562
2024-06-14,39.28038024902344,112.27159881591797
2024-06-17,39.628238677978516,113.9729232788086
2024-06-18,39.87948989868164,114.11592102050781
2024-06-20,40.092071533203125,112.83377075195312
2024-06-21,39.93746566772461,112.63652038574219
2024-06-24,40.34782791137695,109.87506866455078
2024-06-25,40.047088623046875,111.89059448242188
2024-06-26,39.79485321044922,111.76215362548828
2024-06-27,39.7463493347168,111.81648254394531
2024-06-28,39.882164001464844,111.75719451904297
2024-07-01,39.969482421875,112.60194396972656
2024-07-02,40.43513870239258,113.16510772705078
2024-07-03,40.309024810791016,114.69154357910156
2024-07-05,40.2993278503418,115.04229736328125
2024-07-08,40.19260787963867,115.82776641845703
2024-07-09,40.503055572509766,115.73389434814453
2024-07-10,40.65827560424805,117.4134750366211
2024-07-11,40.97841262817383,114.47418975830078
2024-07-12,41.11423873901367,115.49676513671875
2024-07-15,41.71571731567383,115.70425415039062
2024-07-16,42.19108581542969,115.31893920898438
2024-07-17,42.51122283935547,110.83343505859375
2024-07-18,41.99705505371094,110.84332275390625
2024-07-19,41.570194244384766,109.109375
2024-07-22,41.80303192138672,111.69298553466797
2024-07-23,41.880638122558594,111.2483901977539
2024-07-24,41.308265686035156,106.64434051513672
2024-07-25,41.46348190307617,105.5031967163086
2024-07-26,42.11347198486328,106.8419189453125
2024-07-29,42.05526351928711,106.36769104003906
2024-07-30,42.54032516479492,103.6951675415039
2024-07-31,42.433616638183594,108.08679962158203
2024-08-01,41.832130432128906,104.05577850341797
2024-08-02,40.80379867553711,101.13130187988281
2024-08-05,39.6202278137207,97.76223754882812
2024-08-06,40.26051712036133,99.09110260009766
2024-08-07,40.309024810791016,97.485595703125
2024-08-08,40.959014892578125,101.12635803222656
2024-08-09,41.13364028930664,101.58084869384766
2024-08-12,40.92020797729492,102.41075897216797
2024-08-13,41.25974655151367,105.55753326416016
2024-08-14,41.764225006103516,106.13550567626953
2024-08-15,42.15227508544922,109.18841552734375
2024-08-16,42.46272277832031,109.3711929321289
2024-08-19,42.6955451965332,111.17428588867188
2024-08-20,42.559730529785156,110.7840347290039
2024-08-21,42.491825103759766,111.43611907958984
2024-08-22,42.73434829711914,108.87225341796875
2024-08-23,43.10300827026367,110.63583374023438
2024-08-26,43.23881912231445,109.24769592285156
2024-08-27,43.46195602416992,109.90965270996094
2024-08-28,43.56867218017578,108.39308166503906
2024-08-29,43.956722259521484,107.41494750976562
2024-08-30,44.37388229370117,108.84261322021484
2024-09-03,44.04403305053711,103.84336853027344
2024-09-04,44.0925407409668,103.57658386230469
2024-09-05,43.60747528076172,103.41851806640625
2024-09-06,42.96718978881836,100.7361068725586
2024-09-09,43.60747528076172,102.38605499267578
2024-09-10,43.161216735839844,103.91746520996094
2024-09-11,42.95748519897461,107.46437072753906
2024-09-12,43.05449676513672,108.35355377197266
2024-09-13,43.18061447143555,108.89695739746094
2024-09-16,43.7432975769043,108.48200225830078
2024-09-17,43.976131439208984,108.26957702636719
2024-09-18,43.84030532836914,107.28157806396484
2024-09-19,44.32537078857422,110.4678726196289
2024-09-20,44.296268463134766,109.92940521240234
2024-09-23,44.24272155761719,109.90912628173828
2024-09-24,43.87273025512695,110.66134643554688
2024-09-25,43.60984420776367,110.97808074951172
2024-09-26,43.83378601074219,112.44789123535156
2024-09-27,43.960357666015625,111.39874267578125
2024-09-30,44.125885009765625,111.72535705566406
2024-10-01,43.892208099365234,109.00348663330078
2024-10-02,43.940887451171875,109.81015014648438
2024-10-03,43.70720291137695,110.26544189453125
2024-10-04,44.44718551635742,111.49275970458984
2024-10-07,43.90194320678711,110.7256851196289
2024-10-08,44.155086517333984,112.79431915283203
2024-10-09,44.564022064208984,114.05625915527344
2024-10-10,44.42771911621094,114.02657318115234
2024-10-11,45.284523010253906,114.22453308105469
2024-10-14,45.5668830871582,115.7141342163086
2024-10-15,45.664249420166016,113.17042541503906
2024-10-16,46.228965759277344,113.52179718017578
2024-10-17,46.35553741455078,113.86821746826172
2024-10-18,46.36528015136719,114.27401733398438
2024-10-21,45.99529266357422,114.80850219726562
2024-10-22,45.90766143798828,114.68970489501953
2024-10-23,45.868717193603516,113.04669952392578
2024-10-24,45.90766143798828,113.3782730102539
2024-10-25,45.401363372802734,113.96717834472656
2024-10-28,45.96607971191406,113.93254852294922
2024-10-29,45.683719635009766,115.46669006347656
2024-10-30,45.8881950378418,113.63066864013672
2024-10-31,45.255313873291016,109.98336029052734
2024-11-01,45.411102294921875,110.80982208251953
2024-11-04,45.06058120727539,110.7256851196289
2024-11-05,45.479251861572266,112.28457641601562
2024-11-06,48.244422912597656,115.48153686523438
2024-11-07,47.46549987792969,117.49571990966797
2024-11-08,47.8939094543457,117.36705017089844
2024-11-11,48.57546615600586,116.71875
2024-11-12,48.42941665649414,116.86720275878906
2024-11-13,48.4586296081543,116.46141815185547
2024-11-14,48.33205032348633,116.06549835205078
2024-11-15,48.55599594116211,113.18527221679688
2024-11-18,48.70204162597656,113.55147552490234
2024-11-19,48.380733489990234,114.48186492919922
2024-11-20,48.23469161987305,114.38290405273438
2024-11-21,48.84809112548828,115.54586791992188
2024-11-22,49.39332962036133,115.60525512695312
2024-11-25,49.71464157104492,115.60029602050781
2024-11-26,49.8120002746582,116.1793212890625
2024-11-27,49.909366607666016,114.6055908203125
2024-11-29,49.987266540527344,115.66958618164062
2024-12-02,49.490699768066406,116.76824188232422
2024-12-03,49.12071228027344,117.18889617919922
2024-12-04,48.93571090698242,119.33174133300781
2024-12-05,49.081764221191406,118.72799682617188
2024-12-06,49.0720329284668,119.18821716308594
2024-12-09,48.40020751953125,118.41126251220703
2024-12-10,48.39047622680664,116.76824188232422
2024-12-11,48.487831115722656,118.46073913574219
2024-12-12,48.27363204956055,117.79759979248047
2024-12-13,48.23469161987305,118.30237579345703
2024-12-16,48.14706039428711,119.48516082763672
2024-12-17,47.8062858581543,118.76262664794922
2024-12-18,46.3750114440918,114.93221282958984
2024-12-19,46.54053497314453,115.05593872070312
2024-12-20,47.2318229675293,116.77320098876953
2024-12-23,47.345252990722656,118.01043701171875
2024-12-24,47.90260314941406,119.22986602783203
2024-12-26,48.019935607910156,119.30916595458984
2024-12-27,47.667930603027344,117.72293853759766
2024-12-30,47.2083625793457,116.22594451904297
2024-12-31,47.25725173950195,115.25932312011719
