Date,XLB,XLC,XLE,XLF,XLI,XLK,XLP,XLRE,XLU,XLV,XLY
2005-01-03,9.217486381530762,,9.504980087280273,16.086002349853516,20.512523651123047,8.010025978088379,13.196816444396973,,6.583830833435059,20.733539581298828,13.457808494567871
2005-01-04,9.051497459411621,,9.456072807312012,15.932647705078125,20.259445190429688,7.8607683181762695,13.151062965393066,,6.538393020629883,20.5667781829834,13.30042839050293
2005-01-05,8.926212310791016,,9.415314674377441,15.906204223632812,20.119585037231445,7.833979606628418,13.0824556350708,,6.435555934906006,20.532028198242188,13.250527381896973
2005-01-06,8.985726356506348,,9.578349113464355,15.985527038574219,20.186187744140625,7.811016082763672,13.145353317260742,,6.469038963317871,20.684892654418945,13.18143367767334
2005-01-07,9.001383781433105,,9.502259254455566,15.900910377502441,20.092945098876953,7.826326847076416,13.20824909210205,,6.469038963317871,20.670995712280273,13.177590370178223
2005-01-10,9.042098045349121,,9.57291030883789,15.916778564453125,20.16621971130371,7.826326847076416,13.288297653198242,,6.502521514892578,20.85165023803711,13.227495193481445
2005-01-11,8.948139190673828,,9.586493492126465,15.848045349121094,20.072965621948242,7.749787330627441,13.231119155883789,,6.483389377593994,20.705738067626953,13.143051147460938
2005-01-12,9.007650375366211,,9.75497055053711,15.826884269714355,20.099611282348633,7.7918829917907715,13.271140098571777,,6.502521514892578,20.844711303710938,13.219818115234375
2005-01-13,8.973194122314453,,9.820186614990234,15.673531532287598,19.90647315979004,7.715341567993164,13.185379981994629,,6.533611297607422,20.532028198242188,13.123855590820312
2005-01-14,9.057760238647461,,9.907139778137207,15.72641372680664,20.039676666259766,7.738305568695068,13.259709358215332,,6.588615417480469,20.615407943725586,13.246689796447754
2005-01-18,9.09221076965332,,10.004955291748047,15.974950790405273,20.119585037231445,7.822498321533203,13.396927833557129,,6.646009922027588,20.782175064086914,13.358003616333008
2005-01-19,9.029571533203125,,9.969634056091309,15.816309928894043,19.959754943847656,7.657938003540039,13.374069213867188,,6.6173095703125,20.6501522064209,13.22365665435791
2005-01-20,8.979458808898926,,9.869095802307129,15.699968338012695,19.779932022094727,7.604355335235596,13.362632751464844,,6.595788955688477,20.54592514038086,12.985666275024414
2005-01-21,8.94187068939209,,9.89083480834961,15.620659828186035,19.653390884399414,7.550777435302734,13.248270034790039,,6.569482803344727,20.40696144104004,12.939611434936523
2005-01-24,8.816591262817383,,9.97778606414795,15.62594985961914,19.593461990356445,7.489543914794922,13.196816444396973,,6.6268768310546875,20.2332706451416,12.812938690185547
2005-01-25,8.86357307434082,,10.018545150756836,15.636518478393555,19.779932022094727,7.501026630401611,13.248270034790039,,6.588615417480469,20.372224807739258,12.847485542297363
2005-01-26,8.87923526763916,,10.116368293762207,15.710550308227539,19.81989097595215,7.577568054199219,13.236841201782227,,6.684271812438965,20.497297286987305,12.916581153869629
2005-01-27,8.926212310791016,,10.206032752990723,15.631237030029297,19.873167037963867,7.569912433624268,13.311166763305664,,6.717756748199463,20.455608367919922,12.889702796936035
2005-01-28,8.916817665100098,,10.083760261535645,15.610079765319824,19.853200912475586,7.569912433624268,13.316885948181152,,6.7249298095703125,20.288846969604492,12.828293800354004
2005-01-31,9.026434898376465,,10.203320503234863,15.795156478881836,20.112934112548828,7.623493671417236,13.351197242736816,,6.801459312438965,20.323585510253906,12.966477394104004
2005-02-01,9.101605415344238,,10.37722396850586,15.964366912841797,20.172870635986328,7.6694183349609375,13.356916427612305,,6.846898555755615,20.518142700195312,12.977989196777344
2005-02-02,9.195565223693848,,10.521239280700684,15.964366912841797,20.172870635986328,7.673245429992676,13.465550422668457,,6.873203277587891,20.601520538330078,13.016376495361328
2005-02-03,9.14232063293457,,10.57286548614502,15.89034366607666,20.112934112548828,7.623493671417236,13.442678451538086,,6.892334938049316,20.538982391357422,12.989507675170898
2005-02-04,9.245677947998047,,10.610909461975098,16.08070945739746,20.27942657470703,7.753609657287598,13.517014503479004,,6.959296703338623,20.726593017578125,13.10849666595459
2005-02-07,9.242545127868652,,10.540253639221191,16.096572875976562,20.266111373901367,7.730644226074219,13.488423347473145,,6.944950103759766,20.7404842376709,13.143051147460938
2005-02-08,9.242545127868652,,10.616342544555664,16.033113479614258,20.379322052001953,7.768918991088867,13.50558090209961,,6.985608100891113,20.78911781311035,13.112333297729492
2005-02-09,9.11413288116455,,10.59731674194336,15.990808486938477,20.16621971130371,7.634975433349609,13.385502815246582,,6.944950103759766,20.5667781829834,12.966477394104004
2005-02-10,9.236282348632812,,10.88806438446045,16.038410186767578,20.259445190429688,7.650279521942139,13.379786491394043,,6.952120780944824,20.601520538330078,13.020212173461914
2005-02-11,9.32711124420166,,10.983179092407227,16.165313720703125,20.392641067504883,7.722994327545166,13.459831237792969,,6.95690393447876,20.809965133666992,13.085471153259277
2005-02-14,9.336506843566895,,10.996761322021484,16.138872146606445,20.37266731262207,7.738305568695068,13.465550422668457,,7.019084930419922,20.823862075805664,13.06628131866455
2005-02-15,9.386619567871094,,11.021212577819824,16.175888061523438,20.439268112182617,7.776578426361084,13.488423347473145,,7.00712776184082,20.816909790039062,13.169913291931152
2005-02-16,9.505637168884277,,11.33098030090332,16.064842224121094,20.499197006225586,7.749787330627441,13.522727012634277,,7.0262579917907715,20.78911781311035,13.146890640258789
2005-02-17,9.471183776855469,,11.178812980651855,15.922070503234863,20.312725067138672,7.623493671417236,13.436955451965332,,7.011911869049072,20.761329650878906,13.081632614135742
2005-02-18,9.577668190002441,,11.426084518432617,15.752847671508789,20.312725067138672,7.608187198638916,13.419811248779297,,6.93777322769165,21.073997497558594,13.054757118225098
2005-02-22,9.43359661102295,,11.344563484191895,15.520186424255371,19.986391067504883,7.566084384918213,13.219681739807129,,6.772758960723877,20.823862075805664,12.797581672668457
2005-02-23,9.577668190002441,,11.488582611083984,15.662957191467285,20.013032913208008,7.543125152587891,13.253987312316895,,6.808633327484131,20.92113494873047,12.878191947937012
2005-02-24,9.68102741241455,,11.71411418914795,15.684107780456543,20.299406051635742,7.608187198638916,13.316885948181152,,6.8612446784973145,21.080944061279297,12.889702796936035
2005-02-25,9.831363677978516,,12.002142906188965,15.842753410339355,20.46590805053711,7.657938003540039,13.362632751464844,,6.9951701164245605,21.25465202331543,12.951123237609863
2005-02-28,9.737401962280273,,11.915193557739258,15.689397811889648,20.346019744873047,7.634975433349609,13.334041595458984,,6.947339057922363,20.935033798217773,12.897384643554688
2005-03-01,9.749932289123535,,11.684223175048828,15.842753410339355,20.412622451782227,7.726823806762695,13.442678451538086,,6.9664740562438965,21.101787567138672,13.043241500854492
2005-03-02,9.7217435836792,,11.855412483215332,15.795156478881836,20.472558975219727,7.7076873779296875,13.40837287902832,,6.959296703338623,21.122634887695312,13.050926208496094
2005-03-03,9.712348937988281,,12.05105209350586,15.768717765808105,20.51918601989746,7.650279521942139,13.499856948852539,,6.9951701164245605,21.101787567138672,13.035571098327637
2005-03-04,10.016149520874023,,12.20593547821045,15.969667434692383,20.80555534362793,7.700034141540527,13.568471908569336,,7.105180740356445,21.296344757080078,13.146890640258789
2005-03-07,9.906532287597656,,12.121699333190918,15.969667434692383,20.905466079711914,7.757440567016602,13.52845287322998,,7.15540075302124,21.344974517822266,13.15839672088623
2005-03-08,9.881473541259766,,12.108120918273926,15.943222045898438,20.89213752746582,7.692380428314209,13.465550422668457,,7.107570648193359,21.206012725830078,13.089308738708496
2005-03-09,9.903396606445312,,11.773893356323242,15.747567176818848,20.665706634521484,7.6770734786987305,13.368349075317383,,6.98081636428833,21.073997497558594,12.943449020385742
2005-03-10,9.778121948242188,,11.534775733947754,15.837457656860352,20.712326049804688,7.711516380310059,13.396927833557129,,7.0262579917907715,21.15042495727539,12.966477394104004
2005-03-11,9.837623596191406,,11.629874229431152,15.699968338012695,20.65904426574707,7.612006187438965,13.294018745422363,,6.9951701164245605,20.98367691040039,12.951123237609863
2005-03-14,9.834492683410645,,11.71411418914795,15.78459644317627,20.772253036499023,7.642627716064453,13.334041595458984,,7.102789878845215,21.018413543701172,12.970317840576172
2005-03-15,9.787515640258789,,11.551085472106934,15.678820610046387,20.65904426574707,7.566084384918213,13.253987312316895,,7.0716986656188965,20.775230407714844,12.985666275024414
2005-03-16,9.577668190002441,,11.589112281799316,15.520186424255371,20.419281005859375,7.489543914794922,13.219681739807129,,7.00712776184082,20.57372283935547,12.908902168273926
2005-03-17,9.690423011779785,,11.790201187133789,15.477883338928223,20.412622451782227,7.485720157623291,13.265429496765137,,7.047782897949219,20.643207550048828,12.92041301727295
2005-03-18,9.689165115356445,,11.935786247253418,15.400795936584473,20.437345504760742,7.4436211585998535,13.222942352294922,,7.026578426361084,20.622982025146484,12.846611976623535
2005-03-21,9.63259506225586,,11.832184791564941,15.262582778930664,20.504186630249023,7.4436211585998535,13.148297309875488,,7.024169921875,20.539329528808594,12.785107612609863
2005-03-22,9.601165771484375,,11.690418243408203,14.980818748474121,20.390567779541016,7.3785600662231445,13.073657035827637,,6.881997585296631,20.54628562927246,12.677474021911621
2005-03-23,9.506885528564453,,11.466858863830566,15.012727737426758,20.26358985900879,7.409175872802734,13.159782409667969,,6.84826135635376,20.769399642944336,12.635188102722168
2005-03-24,9.506885528564453,,11.458677291870117,14.938295364379883,20.363845825195312,7.413008213043213,13.154037475585938,,6.920551300048828,20.776365280151367,12.65440845489502
2005-03-28,9.45345687866211,,11.472314834594727,15.0446195602417,20.343786239624023,7.420657634735107,13.165525436401367,,6.932598114013672,20.762435913085938,12.742820739746094
2005-03-29,9.242890357971191,,11.286920547485352,14.991459846496582,20.009624481201172,7.363256454467773,13.13681411743164,,6.845853328704834,20.692712783813477,12.581372261047363
2005-03-30,9.400029182434082,,11.455954551696777,15.177517890930176,20.390567779541016,7.474238872528076,13.30905818939209,,6.956699371337891,21.020387649536133,12.785107612609863
2005-03-31,9.47860050201416,,11.6876859664917,15.092458724975586,20.33710289001465,7.485720157623291,13.217196464538574,,7.024169921875,20.818208694458008,12.746667861938477
2005-04-01,9.450310707092285,,11.976679801940918,14.885133743286133,20.143287658691406,7.420657634735107,13.090883255004883,,7.048263072967529,20.636930465698242,12.646720886230469
2005-04-04,9.393743515014648,,11.873077392578125,14.991459846496582,20.123241424560547,7.447449684143066,13.165525436401367,,7.0675458908081055,20.741514205932617,12.681321144104004
2005-04-05,9.412604331970215,,11.723129272460938,15.033985137939453,20.223485946655273,7.462757587432861,13.263131141662598,,7.10850715637207,21.159828186035156,12.758198738098145
2005-04-06,9.459744453430176,,11.90852165222168,15.134993553161621,20.230167388916016,7.451277256011963,13.228677749633789,,7.086817264556885,21.17376708984375,12.70438003540039
2005-04-07,9.563455581665039,,11.862170219421387,15.19346809387207,20.397249221801758,7.550777435302734,13.320549011230469,,7.151881217956543,21.389909744262695,12.762043952941895
2005-04-08,9.42517375946045,,11.646788597106934,15.055242538452148,20.1900691986084,7.497201442718506,13.257391929626465,,7.096462249755859,21.23651695251465,12.66209888458252
2005-04-11,9.393743515014648,,11.734039306640625,15.087150573730469,20.230167388916016,7.455102443695068,13.291842460632324,,7.166339874267578,21.215606689453125,12.592905044555664
2005-04-12,9.384318351745605,,11.548648834228516,15.29446792602539,20.390567779541016,7.501026630401611,13.343511581420898,,7.233813285827637,21.35503578186035,12.712071418762207
2005-04-13,9.123467445373535,,11.265110969543457,15.071195602416992,20.036359786987305,7.393868923187256,13.280359268188477,,7.183206081390381,21.45265007019043,12.51987075805664
2005-04-14,8.868900299072266,,11.259660720825195,14.901086807250977,19.735618591308594,7.290537357330322,13.251652717590332,,7.115736961364746,21.368988037109375,12.346891403198242
2005-04-15,8.648906707763672,,10.831624984741211,14.741594314575195,19.347991943359375,7.068567752838135,13.125330924987793,,6.9904327392578125,21.473569869995117,12.097033500671387
2005-04-18,8.787187576293945,,11.027921676635742,14.863872528076172,19.408138275146484,7.076225280761719,13.039206504821777,,7.016942024230957,21.327157974243164,12.12009334564209
2005-04-19,8.89404296875,,11.286920547485352,14.885133743286133,19.49501609802246,7.164244651794434,13.073657035827637,,7.115736961364746,21.313215255737305,12.135470390319824
2005-04-20,8.746334075927734,,11.055181503295898,14.699067115783691,19.29452133178711,7.099184036254883,12.907153129577637,,7.053086757659912,21.048282623291016,11.935583114624023
2005-04-21,8.909760475158691,,11.436863899230957,14.784130096435547,19.809125900268555,7.290537357330322,13.125330924987793,,7.115736961364746,21.334129333496094,12.231573104858398
2005-04-22,8.824905395507812,,11.461405754089355,14.746915817260742,19.57522201538086,7.202517986297607,12.987531661987305,,7.161518573760986,21.257442474365234,12.047060012817383
2005-04-25,8.912901878356934,,11.622255325317383,14.932974815368652,19.809125900268555,7.252267360687256,13.125330924987793,,7.209715843200684,21.30624771118164,12.154693603515625
2005-04-26,8.743191719055176,,11.431415557861328,14.847918510437012,19.55516815185547,7.202517986297607,13.027727127075195,,7.118144512176514,21.17376708984375,12.070125579833984
2005-04-27,8.658337593078613,,11.136972427368164,15.055242538452148,19.58189582824707,7.229306221008301,13.073657035827637,,7.171159267425537,21.334129333496094,12.085500717163086
2005-04-28,8.589197158813477,,10.91341495513916,14.890451431274414,19.368026733398438,7.15659236907959,13.044950485229492,,7.139829635620117,21.229549407958984,11.908675193786621
2005-04-29,8.802905082702637,,11.055181503295898,15.11904239654541,19.595258712768555,7.22165584564209,13.079401969909668,,7.241037845611572,21.543283462524414,11.935583114624023
2005-05-02,8.875185012817383,,11.254205703735352,15.156257629394531,19.70220375061035,7.213998317718506,13.17700481414795,,7.260312557220459,21.633922576904297,11.997089385986328
2005-05-03,8.931756019592285,,10.98975658416748,15.172199249267578,19.56184959411621,7.2637481689453125,13.23442268371582,,7.224172592163086,21.61997413635254,12.043214797973633
2005-05-04,9.070038795471191,,11.117892265319824,15.464588165283203,19.789081573486328,7.313501358032227,13.320549011230469,,7.2314019203186035,21.836101531982422,12.300761222839355
2005-05-05,9.01661491394043,,11.237849235534668,15.39548110961914,19.688825607299805,7.302023410797119,13.297578811645508,,7.202484130859375,21.829133987426758,12.227723121643066
2005-05-06,9.038615226745605,,11.205134391784668,15.283843040466309,19.76903533935547,7.321155548095703,13.2459077835083,,7.185616493225098,21.731523513793945,12.227723121643066
2005-05-09,9.026041030883789,,11.355079650878906,15.416743278503418,19.90269660949707,7.351773738861084,13.326284408569336,,7.245860576629639,21.891878128051758,12.296917915344238
2005-05-10,8.890897750854492,,11.164237022399902,15.214733123779297,19.66878890991211,7.275233268737793,13.251652717590332,,7.192846775054932,21.7524471282959,12.147002220153809
2005-05-11,8.900330543518066,,11.232396125793457,15.283843040466309,19.809125900268555,7.309674263000488,13.297578811645508,,7.226582050323486,21.843080520629883,12.143158912658691
2005-05-12,8.658337593078613,,10.741658210754395,15.140303611755371,19.595258712768555,7.317324638366699,13.23442268371582,,7.144654273986816,21.81519317626953,12.081655502319336
2005-05-13,8.488627433776855,,10.578082084655762,15.007403373718262,19.49501609802246,7.409175872802734,13.119589805603027,,7.028988838195801,21.668779373168945,12.073969841003418
2005-05-16,8.526338577270508,,10.531737327575684,15.273209571838379,19.76903533935547,7.478063583374023,13.2459077835083,,7.074771881103516,21.926742553710938,12.223884582519531
2005-05-17,8.645764350891113,,10.719852447509766,15.36889934539795,19.90269660949707,7.504851341247559,13.31480598449707,,7.156700134277344,21.912797927856445,12.327670097351074
2005-05-18,8.865761756896973,,10.698038101196289,15.54964542388916,20.20343017578125,7.612006187438965,13.441122055053711,,7.15911340713501,21.96159553527832,12.569841384887695
2005-05-19,8.821762084960938,,10.891609191894531,15.565597534179688,20.230167388916016,7.654109477996826,13.521503448486328,,7.200076103210449,21.95462989807129,12.669780731201172
2005-05-20,8.765189170837402,,10.809816360473633,15.54964542388916,20.223485946655273,7.665594577789307,13.50427532196045,,7.1976637840271,21.940692901611328,12.635188102722168
2005-05-23,8.834331512451172,,10.98975658416748,15.570910453796387,20.363845825195312,7.692380428314209,13.527249336242676,,7.171159267425537,21.98252296447754,12.715912818908691
2005-05-24,8.806042671203613,,11.036101341247559,15.517749786376953,20.31036949157715,7.730644226074219,13.50427532196045,,7.171159267425537,22.010398864746094,12.692851066589355
2005-05-25,8.714908599853516,,11.205134391784668,15.464588165283203,20.136608123779297,7.69620943069458,13.458341598510742,,7.190437316894531,21.8709659576416,12.65440845489502
2005-05-26,8.780903816223145,,11.2623872756958,15.565597534179688,20.283639907836914,7.784228801727295,13.469830513000488,,7.209715843200684,21.95462989807129,12.719755172729492
2005-05-27,8.809189796447754,,11.450494766235352,15.592182159423828,20.27027130126953,7.772750377655029,13.429638862609863,,7.238628387451172,21.884906768798828,12.719755172729492
2005-05-31,8.746334075927734,,11.363261222839355,15.565597534179688,20.216800689697266,7.722994327545166,13.38370418548584,,7.2362236976623535,21.81519317626953,12.67363452911377
2005-06-01,8.87833023071289,,11.578636169433594,15.6878662109375,20.290319442749023,7.7995381355285645,13.47557258605957,,7.330196857452393,21.8709659576416,12.727450370788574
2005-06-02,8.850043296813965,,11.5568208694458,15.645340919494629,20.290319442749023,7.833979606628418,13.51002025604248,,7.320561408996582,21.8709659576416,12.7927885055542
2005-06-03,8.83118724822998,,11.622255325317383,15.565597534179688,20.196754455566406,7.749787330627441,13.40092945098877,,7.344654083251953,21.794279098510742,12.700536727905273
2005-06-06,8.806042671203613,,11.657692909240723,15.602805137634277,20.210126876831055,7.738305568695068,13.406673431396484,,7.337427139282227,21.801254272460938,12.719755172729492
2005-06-07,8.85947036743164,,11.545923233032227,15.592182159423828,20.29700469970703,7.7076873779296875,13.458341598510742,,7.3542890548706055,21.8082275390625,12.738980293273926
2005-06-08,8.799760818481445,,11.578636169433594,15.602805137634277,20.170024871826172,7.722994327545166,13.423896789550781,,7.368751049041748,21.654830932617188,12.685162544250488
2005-06-09,8.762052536010742,,11.913971900939941,15.65064811706543,20.176706314086914,7.761270523071289,13.429638862609863,,7.375980854034424,21.74547004699707,12.735136985778809
2005-06-10,8.840614318847656,,11.900343894958496,15.602805137634277,20.14997673034668,7.719170093536377,13.418155670166016,,7.402486324310303,21.696672439575195,12.735136985778809
2005-06-13,8.89718246459961,,11.94668960571289,15.602805137634277,20.183391571044922,7.749787330627441,13.464085578918457,,7.433811187744141,21.787296295166016,12.754351615905762
2005-06-14,8.912901878356934,,12.020294189453125,15.645340919494629,20.136608123779297,7.703859329223633,13.441122055053711,,7.453090667724609,21.975540161132812,12.888888359069824
2005-06-15,8.997756004333496,,12.16479778289795,15.682551383972168,20.156661987304688,7.749787330627441,13.44686508178711,,7.416943550109863,21.891878128051758,12.888888359069824
2005-06-16,9.092039108276367,,12.33655071258545,15.762289047241211,20.176706314086914,7.765091896057129,13.406673431396484,,7.404895305633545,22.031328201293945,12.91579818725586
2005-06-17,9.095513343811035,,12.53647518157959,15.845178604125977,20.34085464477539,7.768918991088867,13.44243335723877,,7.499396324157715,22.140419006347656,12.96930980682373
2005-06-20,9.00076675415039,,12.550138473510742,15.807750701904297,20.267152786254883,7.757440567016602,13.43666934967041,,7.513974666595459,22.11244010925293,12.977010726928711
2005-06-21,8.953397750854492,,12.284860610961914,15.86656379699707,20.260454177856445,7.7918829917907715,13.407824516296387,,7.523690223693848,22.077470779418945,12.984707832336426
2005-06-22,8.943922996520996,,12.355964660644531,15.845178604125977,20.159963607788086,7.807188034057617,13.419364929199219,,7.591715335845947,22.000551223754883,12.980863571166992
2005-06-23,8.732322692871094,,12.366908073425293,15.70080280303955,19.751272201538086,7.745955944061279,13.252052307128906,,7.6135783195495605,21.853694915771484,12.753734588623047
2005-06-24,8.634420394897461,,12.290328979492188,15.674053192138672,19.623966217041016,7.650279521942139,13.119362831115723,,7.560130596160889,21.748802185058594,12.642090797424316
2005-06-27,8.612314224243164,,12.47903060913086,15.668710708618164,19.597171783447266,7.589048862457275,13.107813835144043,,7.60628604888916,21.657886505126953,12.584352493286133
2005-06-28,8.748114585876465,,12.24657154083252,15.786358833312988,19.93886375427246,7.684725284576416,13.27511978149414,,7.68159818649292,21.87467384338379,12.761431694030762
2005-06-29,8.710217475891113,,12.235638618469238,15.861222267150879,19.811567306518555,7.69620943069458,13.240516662597656,,7.6597371101379395,21.846710205078125,12.684442520141602
2005-06-30,8.571259498596191,,12.156329154968262,15.759615898132324,19.68427085876465,7.623493671417236,13.125131607055664,,7.66702127456665,21.699846267700195,12.618995666503906
2005-07-01,8.56494140625,,12.427074432373047,15.775659561157227,19.751272201538086,7.642627716064453,13.171286582946777,,7.737475872039795,21.67186737060547,12.649794578552246
2005-07-05,8.587044715881348,,12.799009323120117,15.904011726379395,19.811567306518555,7.692380428314209,13.2462797164917,,7.752048492431641,21.748802185058594,12.769131660461426
2005-07-06,8.558623313903809,,12.569283485412598,15.786358833312988,19.590465545654297,7.673245429992676,13.119362831115723,,7.62086296081543,21.608932495117188,12.653639793395996
2005-07-07,8.5775785446167,,12.730643272399902,15.818445205688477,19.637367248535156,7.688553333282471,13.096285820007324,,7.68159818649292,21.601943969726562,12.692142486572266
2005-07-08,8.744956970214844,,12.645862579345703,15.978874206542969,19.979061126708984,7.826326847076416,13.269354820251465,,7.771482944488525,21.86069679260254,12.888473510742188
2005-07-11,8.864968299865723,,12.73884391784668,16.04839324951172,20.012557983398438,7.906693458557129,13.344367980957031,,7.815211296081543,21.930620193481445,12.957762718200684
2005-07-12,8.842860221862793,,12.853713035583496,16.04839324951172,19.90537452697754,7.948796272277832,13.355904579162598,,7.837076187133789,21.916629791259766,13.04245376586914
2005-07-13,8.814436912536621,,12.779866218566895,16.1179141998291,19.96566390991211,7.983239650726318,13.407824516296387,,7.858940124511719,21.797752380371094,13.007808685302734
2005-07-14,8.827067375183105,,12.473564147949219,16.19813346862793,20.146556854248047,8.052122116088867,13.482828140258789,,7.781199932098389,21.930620193481445,13.077104568481445
2005-07-15,8.81128215789795,,12.407930374145508,16.24091148376465,20.11975860595703,8.048293113708496,13.477055549621582,,7.7787699699401855,22.03551483154297,13.130997657775879
2005-07-18,8.792325973510742,,12.355964660644531,16.069780349731445,20.079557418823242,8.00236988067627,13.413592338562012,,7.773914813995361,21.902647018432617,13.142539978027344
2005-07-19,8.934443473815918,,12.621252059936523,16.06443977355957,20.247051239013672,8.121010780334473,13.390511512756348,,7.781199932098389,21.909645080566406,13.223384857177734
2005-07-20,9.073407173156738,,12.634920120239258,16.123258590698242,20.481550216674805,8.094222068786621,13.44243335723877,,7.822502136230469,22.22433853149414,13.273431777954102
2005-07-21,9.02918815612793,,12.51185417175293,16.037691116333008,20.37434959411621,8.040642738342285,13.390511512756348,,7.68159818649292,21.986560821533203,13.242634773254395
2005-07-22,9.086036682128906,,12.960362434387207,16.123258590698242,20.434654235839844,8.021509170532227,13.430900573730469,,7.7253241539001465,21.958593368530273,13.308073997497559
2005-07-25,9.010241508483887,,13.080700874328613,16.0590877532959,20.287254333496094,7.979407787322998,13.384748458862305,,7.727758407592773,21.82572364807129,13.204134941101074
2005-07-26,8.883913040161133,,13.050612449645996,16.080474853515625,20.38775634765625,8.040642738342285,13.453975677490234,,7.754482746124268,21.930620193481445,13.311925888061523
2005-07-27,8.97866439819336,,13.116255760192871,16.101865768432617,20.468149185180664,8.094222068786621,13.48859691619873,,7.788486003875732,22.133426666259766,13.34656810760498
2005-07-28,9.079720497131348,,13.154540061950684,16.150001525878906,20.582042694091797,8.09804630279541,13.603984832763672,,7.837076187133789,22.343215942382812,13.481307983398438
2005-07-29,9.044981002807617,,13.017799377441406,16.005613327026367,20.434654235839844,8.055948257446289,13.546286582946777,,7.839505195617676,22.189373016357422,13.3350191116333
2005-08-01,9.00076675415039,,13.154540061950684,16.005613327026367,20.421247482299805,8.05977725982666,13.477055549621582,,7.737475872039795,22.301252365112305,13.338871955871582
2005-08-02,9.13656997680664,,13.37332820892334,16.123258590698242,20.394447326660156,8.14014720916748,13.523208618164062,,7.917247772216797,22.385169982910156,13.404314994812012
2005-08-03,9.174468994140625,,13.307694435119629,16.1446475982666,20.354251861572266,8.1937255859375,13.552050590515137,,7.939110279083252,22.441120147705078,13.34656810760498
2005-08-04,9.076563835144043,,13.335038185119629,16.032352447509766,20.220258712768555,8.117180824279785,13.43666934967041,,7.888092994689941,22.21734619140625,13.231084823608398
2005-08-05,9.02918815612793,,13.233851432800293,15.85052490234375,20.113059997558594,8.09804630279541,13.350131034851074,,7.752048492431641,22.063493728637695,13.130997657775879
2005-08-08,9.02918815612793,,13.42528247833252,15.786358833312988,20.0661563873291,8.032987594604492,13.327056884765625,,7.594140529632568,21.979576110839844,13.100194931030273
2005-08-09,9.086036682128906,,13.395203590393066,15.887961387634277,20.213544845581055,8.094222068786621,13.350131034851074,,7.67431116104126,22.231321334838867,13.246478080749512
2005-08-10,9.114459991455078,,13.61398696899414,15.871918678283691,20.200166702270508,8.00236988067627,13.327056884765625,,7.671881198883057,22.19635581970215,13.238781929016113
2005-08-11,9.190255165100098,,13.745269775390625,15.930734634399414,20.36765480041504,8.063602447509766,13.361671447753906,,7.718038558959961,22.32923698425293,13.296530723571777
2005-08-12,9.123932838439941,,13.720645904541016,15.887961387634277,20.28055763244629,7.956442356109619,13.315512657165527,,7.710750579833984,22.20334815979004,13.261878967285156
2005-08-15,9.117621421813965,,13.586640357971191,15.9628324508667,20.320758819580078,7.998541355133057,13.378974914550781,,7.739902496337891,22.21734619140625,13.358121871948242
2005-08-16,8.940757751464844,,13.288544654846191,15.85586929321289,20.086259841918945,7.922002792358398,13.2462797164917,,7.618433475494385,22.063493728637695,13.080946922302246
2005-08-17,8.931288719177246,,12.982247352600098,15.893315315246582,20.13985824584961,7.990891456604004,13.240516662597656,,7.611147403717041,22.105459213256836,13.157943725585938
2005-08-18,8.855493545532227,,12.95489501953125,15.882613182067871,20.052759170532227,7.937313556671143,13.390511512756348,,7.6403021812438965,22.11244010925293,13.104049682617188
2005-08-19,8.874439239501953,,13.17641830444336,15.90934944152832,20.133155822753906,7.944967746734619,13.373209953308105,,7.686459064483643,21.958593368530273,13.03860092163086
2005-08-22,8.87759780883789,,13.209232330322266,15.952130317687988,20.173358917236328,7.960271835327148,13.413592338562012,,7.737475872039795,21.958593368530273,13.030900955200195
2005-08-23,8.732322692871094,,13.184623718261719,15.85052490234375,20.079557418823242,7.956442356109619,13.378974914550781,,7.800638675689697,21.8187255859375,12.988557815551758
2005-08-24,8.650211334228516,,13.310422897338867,15.668710708618164,19.91875648498535,7.906693458557129,13.257824897766113,,7.7641987800598145,21.748802185058594,12.89616870880127
2005-08-25,8.656530380249023,,13.274876594543457,15.748917579650879,19.952260971069336,7.910520553588867,13.27511978149414,,7.822502136230469,21.77676773071289,12.930813789367676
2005-08-26,8.612314224243164,,13.124454498291016,15.583148002624512,19.845060348510742,7.883734226226807,13.240516662597656,,7.810356616973877,21.699846267700195,12.876917839050293
2005-08-29,8.66600513458252,,13.231109619140625,15.706137657165527,19.96566390991211,7.937313556671143,13.332825660705566,,7.841935157775879,21.916629791259766,12.91541576385498
2005-08-30,8.583890914916992,,13.477253913879395,15.567106246948242,19.80486297607422,7.937313556671143,13.263591766357422,,7.829789638519287,21.88866424560547,12.784529685974121
2005-08-31,8.66600513458252,,13.8491849899292,15.743570327758789,19.952260971069336,7.979407787322998,13.309745788574219,,7.890520095825195,22.11244010925293,12.89616870880127
2005-09-01,8.691267013549805,,14.210184097290039,15.78100299835205,19.87186622619629,7.960271835327148,13.292434692382812,,8.014420509338379,22.119434356689453,12.769131660461426
2005-09-02,8.684951782226562,,13.933966636657715,15.77031421661377,19.93886375427246,7.937313556671143,13.315512657165527,,8.01684856414795,22.105459213256836,12.722938537597656
2005-09-06,8.744956970214844,,14.032423973083496,15.9628324508667,20.173358917236328,8.029160499572754,13.459748268127441,,8.092159271240234,22.455106735229492,12.942360877990723
2005-09-07,8.798643112182617,,14.054301261901855,15.925394058227539,20.253753662109375,8.029160499572754,13.471284866333008,,8.09701919555664,22.601974487304688,13.034750938415527
2005-09-08,8.751276016235352,,14.073442459106445,15.834482192993164,20.13985824584961,8.048293113708496,13.419364929199219,,8.026566505432129,22.58797836303711,12.911571502685547
2005-09-09,8.842860221862793,,14.439908981323242,15.97352409362793,20.253753662109375,8.055948257446289,13.477055549621582,,8.121310234069824,22.664901733398438,13.019352912902832
2005-09-12,8.864968299865723,,14.144545555114746,16.021656036376953,20.381053924560547,8.07508373260498,13.505902290344238,,8.114023208618164,22.58797836303711,13.05400276184082
2005-09-13,8.770223617553711,,14.024218559265137,15.887961387634277,20.29395866394043,8.082737922668457,13.378974914550781,,8.043572425842285,22.350210189819336,12.865370750427246
2005-09-14,8.801800727844238,,14.19924545288086,15.871918678283691,20.13985824584961,7.998541355133057,13.292434692382812,,8.072726249694824,22.287269592285156,12.7460355758667
2005-09-15,8.77653694152832,,14.19924545288086,15.882613182067871,20.113059997558594,7.979407787322998,13.344367980957031,,8.148032188415527,22.273284912109375,12.769131660461426
2005-09-16,8.837507247924805,,14.338570594787598,16.10959815979004,20.252967834472656,8.029160499572754,13.38204574584961,,8.221709251403809,22.445833206176758,12.780316352844238
2005-09-19,8.773993492126465,,14.717058181762695,15.964370727539062,19.983917236328125,7.964099884033203,13.300880432128906,,8.197234153747559,22.28451156616211,12.626058578491211
2005-09-20,8.64062786102295,,14.577184677124023,15.878318786621094,19.84937858581543,7.9334821701049805,13.219703674316406,,8.165412902832031,22.116159439086914,12.40623950958252
2005-09-21,8.542181968688965,,14.782876014709473,15.614750862121582,19.782129287719727,7.837808609008789,13.057355880737305,,8.023447036743164,22.010948181152344,12.209554672241211
2005-09-22,8.592991828918457,,14.673175811767578,15.733085632324219,19.862829208374023,7.86842155456543,13.155922889709473,,7.979389190673828,22.060056686401367,12.40623950958252
2005-09-23,8.599346160888672,,14.415365219116211,15.786870002746582,20.010812759399414,7.872246742248535,13.179118156433105,,7.9989705085754395,22.074081420898438,12.452508926391602
2005-09-26,8.58981990814209,,14.67866039276123,15.700812339782715,19.983917236328125,7.8607683181762695,13.132728576660156,,8.065055847167969,22.039003372192383,12.437092781066895
2005-09-27,8.58981990814209,,14.689632415771484,15.754595756530762,20.091533660888672,7.833979606628418,13.271883964538574,,8.067506790161133,21.912752151489258,12.433234214782715
2005-09-28,8.615219116210938,,14.810307502746582,15.625511169433594,20.09825897216797,7.883734226226807,13.289275169372559,,8.150721549987793,21.926786422729492,12.32139778137207
2005-09-29,8.666027069091797,,14.952922821044922,15.915968894958496,20.19243049621582,7.944967746734619,13.40523910522461,,8.231496810913086,21.97588539123535,12.444802284240723
2005-09-30,8.73271656036377,,14.719799041748047,15.878318786621094,20.286602020263672,7.998541355133057,13.498010635375977,,8.224156379699707,21.989904403686523,12.529644012451172
2005-10-03,8.697785377502441,,14.681395530700684,15.84066390991211,20.16551971435547,7.987064838409424,13.480615615844727,,8.317168235778809,22.010948181152344,12.494937896728516
2005-10-04,8.602519035339355,,14.152070045471191,15.641645431518555,19.983917236328125,7.914348125457764,13.422640800476074,,8.172754287719727,22.102134704589844,12.410094261169434
2005-10-05,8.405635833740234,,13.609026908874512,15.577094078063965,19.73504066467285,7.8033647537231445,13.329865455627441,,7.93533182144165,21.73739242553711,12.201847076416016
2005-10-06,8.361178398132324,,13.285395622253418,15.620122909545898,19.869565963745117,7.715341567993164,13.254485130310059,,7.830081462860107,21.59009552001953,12.21341609954834
2005-10-07,8.443742752075195,,13.584348678588867,15.673917770385742,20.044458389282227,7.734477519989014,13.242897033691406,,7.898612022399902,21.569047927856445,12.224985122680664
2005-10-10,8.399285316467285,,13.378642082214355,15.507176399230957,19.889747619628906,7.680895805358887,13.196510314941406,,7.759096622467041,21.540990829467773,12.132425308227539
2005-10-11,8.408811569213867,,13.699531555175781,15.458757400512695,19.782129287719727,7.623493671417236,13.196510314941406,,7.77623176574707,21.358619689941406,12.086153030395508
2005-10-12,8.342126846313477,,13.436234474182129,15.388833999633789,19.782129287719727,7.573741436004639,13.150125503540039,,7.629372596740723,21.407718658447266,11.951175689697266
2005-10-13,8.329421997070312,,13.0714693069458,15.464146614074707,19.755216598510742,7.6273193359375,13.115340232849121,,7.467825412750244,21.512937545776367,11.985882759094238
2005-10-14,8.358002662658691,,13.257963180541992,15.636268615722656,19.930103302001953,7.657938003540039,13.190714836120605,,7.55349588394165,21.611133575439453,12.105435371398926
2005-10-17,8.421518325805664,,13.422525405883789,15.652396202087402,19.970457077026367,7.650279521942139,13.335659980773926,,7.636716842651367,21.604114532470703,12.128569602966309
2005-10-18,8.332598686218262,,12.799943923950195,15.528687477111816,19.829208374023438,7.634975433349609,13.237101554870605,,7.509437561035156,21.576061248779297,12.001307487487793
2005-10-19,8.402458190917969,,13.087925910949707,15.84066390991211,20.091533660888672,7.730644226074219,13.376252174377441,,7.529019355773926,21.78649139404297,12.228839874267578
2005-10-20,8.345301628112793,,12.492768287658691,15.700812339782715,19.835939407348633,7.673245429992676,13.271883964538574,,7.330758094787598,21.33757209777832,12.078435897827148
2005-10-21,8.421518325805664,,12.621668815612793,15.792259216308594,19.701406478881836,7.719170093536377,13.260293960571289,,7.428665637969971,21.204309463500977,12.06301498413086
2005-10-24,8.615219116210938,,13.0714693069458,16.104223251342773,20.00408935546875,7.8186726570129395,13.376252174377441,,7.61958122253418,21.37965965270996,12.271265029907227
2005-10-25,8.608868598937988,,13.342989921569824,16.012786865234375,19.977191925048828,7.765091896057129,13.329865455627441,,7.629372596740723,21.24639129638672,12.182567596435547
2005-10-26,8.67873477935791,,13.263445854187012,16.120359420776367,19.80230140686035,7.745955944061279,13.289275169372559,,7.5363616943359375,20.97985076904297,12.10929012298584
2005-10-27,8.58981990814209,,12.887704849243164,16.028919219970703,19.627412796020508,7.6617631912231445,13.161725997924805,,7.450694561004639,20.902685165405273,11.866334915161133
2005-10-28,8.726365089416504,,13.23876953125,16.303241729736328,19.943561553955078,7.734477519989014,13.38204574584961,,7.600000381469727,21.218334197998047,12.074585914611816
2005-10-31,8.751770973205566,,13.389610290527344,16.36240577697754,19.997364044189453,7.81484842300415,13.434226989746094,,7.697909355163574,21.31654167175293,12.275118827819824
2005-11-01,8.780346870422363,,13.471900939941406,16.303241729736328,19.936826705932617,7.7995381355285645,13.358854293823242,,7.546152114868164,21.25340461730957,12.282831192016602
2005-11-02,8.885138511657715,,13.735188484191895,16.437705993652344,20.13861083984375,7.887559413909912,13.393648147583008,,7.575526237487793,21.25340461730957,12.498795509338379
2005-11-03,8.856560707092285,,13.99574089050293,16.448457717895508,20.226058959960938,7.960271835327148,13.445826530456543,,7.5706305503845215,21.38667106628418,12.502646446228027
2005-11-04,8.843860626220703,,13.576114654541016,16.475357055664062,20.239511489868164,7.994716644287109,13.440032958984375,,7.560835838317871,21.4989070892334,12.54892635345459
2005-11-07,8.891493797302246,,13.340248107910156,16.615211486816406,20.313507080078125,8.010025978088379,13.469023704528809,,7.541258811950684,21.540990829467773,12.649197578430176
2005-11-08,8.847033500671387,,13.452695846557617,16.566808700561523,20.185705184936523,8.0138521194458,13.428434371948242,,7.538808822631836,21.49188804626465,12.50650691986084
2005-11-09,8.837507247924805,,13.329277992248535,16.609827041625977,20.2327823638916,8.006197929382324,13.45162582397461,,7.60489559173584,21.512937545776367,12.502646446228027
2005-11-10,8.961353302001953,,12.915136337280273,16.943323135375977,20.4951114654541,8.07508373260498,13.608179092407227,,7.568181037902832,21.793495178222656,12.691622734069824
2005-11-11,9.085205078125,,13.019357681274414,17.002483367919922,20.53546905517578,8.094222068786621,13.625569343566895,,7.4996466636657715,21.80052947998047,12.730186462402344
2005-11-14,9.174112319946289,,13.087925910949707,17.013240814208984,20.575828552246094,8.101877212524414,13.573389053344727,,7.450694561004639,21.653215408325195,12.737893104553223
2005-11-15,9.148713111877441,,13.109865188598633,16.857257843017578,20.56910514831543,8.07508373260498,13.503808975219727,,7.4653801918029785,21.76544761657715,12.54892635345459
2005-11-16,9.164587020874023,,13.449954986572266,16.76581573486328,20.643096923828125,8.105700492858887,13.53859806060791,,7.533915042877197,21.723363876342773,12.541213035583496
2005-11-17,9.278910636901855,,13.444474220275879,16.96483612060547,20.83815574645996,8.201380729675293,13.532795906066895,,7.644055366516113,21.83559226989746,12.707042694091797
2005-11-18,9.304308891296387,,13.449954986572266,17.0508975982666,21.05339241027832,8.24730110168457,13.56758975982666,,7.629372596740723,21.926786422729492,12.791889190673828
2005-11-21,9.364649772644043,,13.78455638885498,17.131574630737305,21.174467086791992,8.243478775024414,13.584983825683594,,7.646505355834961,21.968860626220703,12.838159561157227
2005-11-22,9.393226623535156,,14.0039644241333,17.28217887878418,21.228281021118164,8.297049522399902,13.677753448486328,,7.646505355834961,21.84260368347168,12.896010398864746
2005-11-23,9.377345085144043,,13.951852798461914,17.41666030883789,21.255189895629883,8.342981338500977,13.729940414428711,,7.741969108581543,21.89872169494629,12.988567352294922
2005-11-25,9.4313325881958,,13.987509727478027,17.454309463500977,21.261919021606445,8.36594295501709,13.74153995513916,,7.771336555480957,21.926786422729492,12.988567352294922
2005-11-28,9.405932426452637,,13.515777587890625,17.373624801635742,21.147563934326172,8.3353271484375,13.677753448486328,,7.741969108581543,21.6953067779541,12.869009017944336
2005-11-29,9.491667747497559,,13.537720680236816,17.362863540649414,21.194652557373047,8.3353271484375,13.666159629821777,,7.761547565460205,21.716344833374023,12.849735260009766
2005-11-30,9.4218111038208,,13.58983039855957,17.1423397064209,21.161014556884766,8.3085355758667,13.555996894836426,,7.6856689453125,21.576061248779297,12.764886856079102
2005-12-01,9.605987548828125,,14.020421981811523,17.233776092529297,21.396440505981445,8.434829711914062,13.64876651763916,,7.7150421142578125,21.793495178222656,12.911429405212402
2005-12-02,9.564706802368164,,14.034130096435547,17.27142333984375,21.315723419189453,8.427179336547852,13.64297103881836,,7.727280139923096,21.870662689208984,12.953858375549316
2005-12-05,9.59011173248291,,14.1328706741333,17.23915672302246,21.201377868652344,8.385077476501465,13.590780258178711,,7.722380638122559,21.912752151489258,12.876721382141113
2005-12-06,9.659972190856934,,14.193217277526855,17.185365676879883,21.288816452026367,8.396553993225098,13.579194068908691,,7.700355052947998,21.870662689208984,12.91529369354248
2005-12-07,9.63456916809082,,14.141097068786621,17.045513153076172,21.134113311767578,8.381247520446777,13.54439640045166,,7.663639068603516,21.77947998046875,12.90372371673584
2005-12-08,9.618691444396973,,14.390679359436035,17.034761428833008,21.03993797302246,8.320015907287598,13.521203994750977,,7.74441385269165,21.856630325317383,12.849735260009766
2005-12-09,9.59328556060791,,14.212400436401367,17.158479690551758,21.1542911529541,8.35063362121582,13.54439640045166,,7.832526683807373,21.884687423706055,12.869009017944336
2005-12-12,9.59328556060791,,14.39616870880127,17.083171844482422,21.161014556884766,8.373591423034668,13.573389053344727,,7.759096622467041,21.89170265197754,12.884437561035156
2005-12-13,9.679023742675781,,14.335822105407715,17.303707122802734,21.181198120117188,8.34680461883545,13.74153995513916,,7.874139308929443,22.130186080932617,12.942289352416992
2005-12-14,9.625041961669922,,14.508614540100098,17.368247985839844,21.36281394958496,8.358287811279297,13.857499122619629,,7.962255954742432,22.19332504272461,13.007845878601074
2005-12-15,9.57423210144043,,14.393426895141602,17.27142333984375,21.396440505981445,8.323846817016602,13.88068962097168,,7.979389190673828,22.256450653076172,12.980852127075195
2005-12-16,9.537744522094727,,14.04336929321289,17.313655853271484,21.430265426635742,8.311511993408203,13.869033813476562,,7.978893756866455,22.30853271484375,12.950226783752441
2005-12-19,9.492938041687012,,13.92788028717041,17.162067413330078,21.220502853393555,8.211328506469727,13.845726013183594,,7.872705936431885,22.50557518005371,12.810687065124512
2005-12-20,9.457732200622559,,14.1176176071167,17.23786735534668,21.234039306640625,8.180500030517578,13.764139175415039,,7.8850579261779785,22.47742462158203,12.783554077148438
2005-12-21,9.640165328979492,,14.147870063781738,17.28658676147461,21.342302322387695,8.188207626342773,13.804927825927734,,7.813439846038818,22.54779815673828,12.795186996459961
2005-12-22,9.739383697509766,,14.131370544433594,17.40569496154785,21.504709243774414,8.2267427444458,13.816585540771484,,7.848015785217285,22.695587158203125,12.799059867858887
2005-12-23,9.768189430236816,,14.09286880493164,17.42734718322754,21.54531478881836,8.242149353027344,13.793277740478516,,7.862829685211182,22.72374153137207,12.822319984436035
2005-12-27,9.707376480102539,,13.677644729614258,17.292007446289062,21.3558406829834,8.172794342041016,13.700037956237793,,7.848015785217285,22.540761947631836,12.713785171508789
2005-12-28,9.790592193603516,,13.883881568908691,17.254104614257812,21.389678955078125,8.153531074523926,13.717523574829102,,7.808501243591309,22.540761947631836,12.737044334411621
2005-12-29,9.774591445922852,,13.776637077331543,17.23786735534668,21.38290786743164,8.107291221618652,13.682561874389648,,7.7936859130859375,22.46334457397461,12.733163833618164
2005-12-30,9.691374778747559,,13.83438777923584,17.145824432373047,21.261106491088867,8.05334186553955,13.571840286254883,,7.7517008781433105,22.322599411010742,12.655646324157715
2006-01-03,9.896212577819824,,14.49159049987793,17.43276023864746,21.40320587158203,8.211328506469727,13.659249305725098,,7.902341842651367,22.597063064575195,12.791308403015137
2006-01-04,9.95701789855957,,14.532838821411133,17.416528701782227,21.45734214782715,8.307662010192871,13.70587158203125,,7.914689064025879,22.822263717651367,12.802936553955078
2006-01-05,9.941020965576172,,14.348599433898926,17.4760684967041,21.423511505126953,8.346190452575684,13.635937690734863,,7.862829685211182,22.765960693359375,12.814563751220703
2006-01-06,10.046636581420898,,14.700579643249512,17.57893943786621,21.504709243774414,8.477202415466309,13.694220542907715,,7.946791648864746,22.913747787475586,12.919222831726074
2006-01-09,10.043441772460938,,14.684083938598633,17.627660751342773,21.68063735961914,8.504176139831543,13.758316040039062,,7.897403717041016,23.01930046081543,13.051004409790039
2006-01-10,9.979426383972168,,14.843572616577148,17.643903732299805,21.619735717773438,8.496467590332031,13.723346710205078,,7.90974760055542,22.934860229492188,13.054888725280762
2006-01-11,9.902610778808594,,14.906817436218262,17.741361618041992,21.63327980041504,8.57738971710205,13.735004425048828,,7.897403717041016,22.878557205200195,13.120779037475586
2006-01-12,9.764988899230957,,14.799577713012695,17.616838455200195,21.47087860107422,8.531148910522461,13.700037956237793,,7.897403717041016,22.857440948486328,13.004495620727539
2006-01-13,9.787391662597656,,14.975558280944824,17.60601043701172,21.396440505981445,8.527295112609863,13.682561874389648,,7.951730251312256,22.84337615966797,13.008376121520996
2006-01-17,9.796990394592285,,15.305542945861816,17.421932220458984,21.288169860839844,8.442526817321777,13.630108833312988,,8.03569507598877,22.78003692626953,12.9385986328125
2006-01-18,9.70097541809082,,15.179047584533691,17.37320899963379,21.31523895263672,8.342336654663086,13.688382148742676,,8.052978515625,22.815223693847656,12.895964622497559
2006-01-19,9.803397178649902,,15.443028450012207,17.319061279296875,21.416736602783203,8.415552139282227,13.700037956237793,,8.124594688415527,22.934860229492188,12.99286937713623
2006-01-20,9.636961936950684,,15.5117826461792,16.956336975097656,20.94983673095703,8.195916175842285,13.501914024353027,,8.07767391204834,22.498533248901367,12.771926879882812
2006-01-23,9.768189430236816,,15.682270050048828,16.99965476989746,20.96336555480957,8.165090560913086,13.513569831848145,,8.065324783325195,22.48446273803711,12.76417064666748
2006-01-24,9.8770112991333,,15.588774681091309,17.075450897216797,21.11899757385254,8.192062377929688,13.5601806640625,,8.136940956115723,22.37889289855957,12.892086029052734
2006-01-25,9.925017356872559,,15.261545181274414,17.107925415039062,21.11223602294922,8.219033241271973,13.571840286254883,,8.025818824768066,22.35076141357422,12.845573425292969
2006-01-26,10.043441772460938,,15.311039924621582,17.400270462036133,21.34907341003418,8.272979736328125,13.600981712341309,,7.954200744628906,22.46334457397461,12.899835586547852
2006-01-27,10.113849639892578,,15.577774047851562,17.416528701782227,21.396440505981445,8.365456581115723,13.711690902709961,,7.998650550842285,22.72374153137207,12.957980155944824
2006-01-30,10.142657279968262,,15.935256958007812,17.36237907409668,21.443809509277344,8.392431259155273,13.659249305725098,,7.944322109222412,22.61817741394043,12.926970481872559
2006-01-31,10.158659934997559,,15.855502128601074,17.297412872314453,21.322011947631836,8.323073387145996,13.5951509475708,,7.939387321472168,22.61113166809082,12.880457878112793
2006-02-01,10.187464714050293,,15.478776931762695,17.28658676147461,21.504709243774414,8.373163223266602,13.630108833312988,,7.961611747741699,22.751888275146484,12.923096656799316
2006-02-02,10.037036895751953,,15.324788093566895,17.167482376098633,21.322011947631836,8.257569313049316,13.624282836914062,,7.857888221740723,22.568912506103516,12.907594680786133
2006-02-03,9.947416305541992,,15.18454647064209,17.097103118896484,21.274635314941406,8.199767112731934,13.536877632141113,,7.818378925323486,22.526681900024414,12.845573425292969
2006-02-06,10.126651763916016,,15.481532096862793,17.145824432373047,21.34907341003418,8.176651954650879,13.507740020751953,,7.865302085876465,22.322599411010742,12.841700553894043
2006-02-07,9.861005783081055,,14.835319519042969,17.032135009765625,21.19344139099121,8.153531074523926,13.443636894226074,,7.818378925323486,22.287418365478516,12.76417064666748
2006-02-08,9.8770112991333,,14.838069915771484,17.140413284301758,21.29494285583496,8.311511993408203,13.501914024353027,,7.815908432006836,22.575942993164062,12.853326797485352
2006-02-09,9.909012794494629,,14.499838829040527,17.183727264404297,21.416736602783203,8.272979736328125,13.542701721191406,,7.843075275421143,22.597063064575195,12.84945297241211
2006-02-10,9.889809608459473,,14.447603225708008,17.28118133544922,21.558839797973633,8.338484764099121,13.525223731994629,,7.848015785217285,22.54779815673828,12.895964622497559
2006-02-13,9.790592193603516,,14.389851570129395,17.216209411621094,21.58591079711914,8.261419296264648,13.507740020751953,,7.838134288787842,22.51964569091797,12.86495590209961
2006-02-14,10.053040504455566,,14.227605819702148,17.421932220458984,21.843046188354492,8.373163223266602,13.676732063293457,,7.830725193023682,22.737812042236328,13.008376121520996
2006-02-15,10.00822925567627,,14.150612831115723,17.524795532226562,21.903940200805664,8.419404029846191,13.764139175415039,,7.843075275421143,22.871519088745117,13.066515922546387
2006-02-16,10.139453887939453,,14.475099563598633,17.627660751342773,21.96485137939453,8.496467590332031,13.828242301940918,,7.904808521270752,23.01930046081543,13.109150886535645
2006-02-17,10.129852294921875,,14.576835632324219,17.55728530883789,22.018980026245117,8.450233459472656,13.76996898651123,,7.9764251708984375,23.005233764648438,13.03162670135498
2006-02-21,10.133051872253418,,14.862821578979492,17.503141403198242,21.931013107299805,8.35775375366211,13.75248908996582,,7.988770961761475,22.885595321655273,12.961857795715332
2006-02-22,10.174665451049805,,14.585088729858398,17.83338737487793,22.161088943481445,8.400137901306152,13.863204002380371,,8.018406867980957,23.082645416259766,13.058762550354004
2006-02-23,10.123452186584473,,14.568587303161621,17.7684268951416,22.086645126342773,8.35775375366211,13.869033813476562,,8.008528709411621,22.998199462890625,12.988995552062988
2006-02-24,10.152259826660156,,14.747322082519531,17.80632781982422,22.100181579589844,8.361604690551758,13.79910659790039,,8.033225059509277,22.998199462890625,12.96573543548584
2006-02-27,10.069043159484863,,14.49159049987793,17.83880043029785,22.242279052734375,8.438671112060547,13.898171424865723,,8.097433090209961,23.174123764038086,13.082016944885254
2006-02-28,9.941020965576172,,14.392599105834961,17.66556167602539,21.985151290893555,8.342336654663086,13.711690902709961,,8.043103218078613,22.871519088745117,12.973488807678223
2006-03-01,10.094648361206055,,14.637331008911133,17.757591247558594,22.161088943481445,8.508031845092773,13.764139175415039,,8.020873069763184,22.89262580871582,13.07039737701416
2006-03-02,10.155458450317383,,14.882072448730469,17.649314880371094,22.100181579589844,8.527295112609863,13.688382148742676,,8.015935897827148,22.850404739379883,12.985112190246582
2006-03-03,10.158659934997559,,14.884812355041504,17.60601043701172,22.15432357788086,8.477202415466309,13.723346710205078,,7.9764251708984375,22.772991180419922,12.977360725402832
2006-03-06,10.02103328704834,,14.367853164672852,17.551870346069336,22.039276123046875,8.442526817321777,13.676732063293457,,7.848015785217285,22.653356552124023,12.895964622497559
2006-03-07,9.925017356872559,,14.156111717224121,17.611421585083008,22.052812576293945,8.38857650756836,13.76996898651123,,7.810972690582275,22.660388946533203,12.837824821472168
2006-03-08,9.864205360412598,,14.156111717224121,17.622249603271484,22.025745391845703,8.380874633789062,13.921480178833008,,7.803567886352539,22.815223693847656,12.861074447631836
2006-03-09,9.845003128051758,,14.054364204406738,17.51397705078125,21.998680114746094,8.330780982971191,13.944791793823242,,7.781338691711426,22.737812042236328,12.810687065124512
2006-03-10,10.02103328704834,,14.131370544433594,17.670969009399414,22.228748321533203,8.369315147399902,14.072985649108887,,7.830725193023682,22.822263717651367,12.9308500289917
2006-03-13,10.043441772460938,,14.409106254577637,17.676389694213867,22.21522331237793,8.400137901306152,14.08464527130127,,7.840600967407227,22.808185577392578,12.926970481872559
2006-03-14,10.229070663452148,,14.675836563110352,17.882125854492188,22.424991607666016,8.496467590332031,14.049677848815918,,7.9245686531066895,22.970041275024414,13.066515922546387
2006-03-15,10.350692749023438,,14.752825736999512,17.90377426147461,22.76331901550293,8.546561241149902,13.997234344482422,,7.9764251708984375,23.047447204589844,13.14016056060791
2006-03-16,10.366700172424316,,14.98656177520752,17.96331787109375,22.776857376098633,8.492618560791016,14.043855667114258,,8.018406867980957,23.047447204589844,13.167298316955566
2006-03-17,10.353189468383789,,14.796539306640625,18.01612091064453,22.95073699951172,8.519588470458984,14.035649299621582,,7.99899959564209,23.101823806762695,13.1893949508667
2006-03-20,10.330674171447754,,14.468339920043945,18.027006149291992,22.909976959228516,8.535005569458008,14.117669105529785,,7.882063865661621,23.144189834594727,13.15837574005127
2006-03-21,10.179510116577148,,14.443517684936523,17.847389221191406,22.82167625427246,8.500321388244629,14.023941993713379,,7.822348117828369,23.00298309326172,13.084714889526367
2006-03-22,10.28564453125,,14.540047645568848,17.988901138305664,22.991479873657227,8.504176139831543,14.152811050415039,,7.859670162200928,23.235971450805664,13.127361297607422
2006-03-23,10.314597129821777,,14.755167961120605,17.90182113647461,22.89640235900879,8.48491382598877,14.047367095947266,,7.849719047546387,23.108877182006836,13.119616508483887
2006-03-24,10.308161735534668,,14.854453086853027,17.89638328552246,22.876020431518555,8.511882781982422,14.047367095947266,,7.834791660308838,23.07358741760254,13.100223541259766
2006-03-27,10.37891960144043,,14.931676864624023,17.885494232177734,22.89640235900879,8.523444175720215,14.000503540039062,,7.782544136047363,22.89707374572754,13.096344947814941
2006-03-28,10.292083740234375,,15.047511100769043,17.73853302001953,22.73339080810547,8.427112579345703,13.889201164245605,,7.750196933746338,22.68524932861328,13.026562690734863
2006-03-29,10.465761184692383,,15.224020957946777,17.820175170898438,22.964317321777344,8.55427360534668,13.98878288269043,,7.797468662261963,22.74880027770996,13.142864227294922
2006-03-30,10.504352569580078,,15.215755462646484,17.71131134033203,22.964317321777344,8.581242561340332,13.877481460571289,,7.727805137634277,22.70642852783203,13.088592529296875
2006-03-31,10.404651641845703,,15.003384590148926,17.716753005981445,22.95752716064453,8.531148910522461,13.824767112731934,,7.6705780029296875,22.579345703125,13.049824714660645
2006-04-03,10.533303260803223,,15.086125373840332,17.743974685668945,23.039037704467773,8.581242561340332,13.871628761291504,,7.6805315017700195,22.565229415893555,13.00329875946045
2006-04-04,10.549381256103516,,15.284699440002441,17.934476852416992,23.195255279541016,8.612066268920898,13.859916687011719,,7.762637138366699,22.593461990356445,13.076960563659668
2006-04-05,10.694116592407227,,15.535677909851074,17.96713638305664,23.20884132385254,8.685279846191406,13.889201164245605,,7.837277412414551,22.522865295410156,13.162254333496094
2006-04-06,10.71662712097168,,15.56877326965332,17.90182113647461,23.174877166748047,8.677573204040527,13.836480140686035,,7.740250110626221,22.353410720825195,13.1893949508667
2006-04-07,10.552597999572754,,15.26539134979248,17.73310089111328,23.05940818786621,8.57738971710205,13.713461875915527,,7.630773067474365,22.085119247436523,13.131239891052246
2006-04-10,10.549381256103516,,15.554980278015137,17.7657470703125,22.9779052734375,8.565829277038574,13.731039047241211,,7.628286838531494,22.042749404907227,13.11185359954834
2006-04-11,10.472190856933594,,15.444661140441895,17.61334228515625,22.937152862548828,8.488759994506836,13.602156639099121,,7.541204929351807,21.802692413330078,13.007177352905273
2006-04-12,10.542949676513672,,15.342622756958008,17.651447296142578,23.093372344970703,8.504176139831543,13.649026870727539,,7.558621406555176,21.950965881347656,12.995548248291016
2006-04-13,10.597626686096191,,15.392252922058105,17.67865753173828,22.9982852935791,8.515737533569336,13.625598907470703,,7.5237884521484375,21.90153694152832,13.026562690734863
2006-04-17,10.690898895263672,,15.676339149475098,17.662334442138672,22.882822036743164,8.423258781433105,13.549447059631348,,7.516323089599609,21.774456024169922,12.960646629333496
2006-04-18,10.983576774597168,,16.059696197509766,17.988901138305664,23.4329833984375,8.59280014038086,13.678315162658691,,7.660632610321045,21.979206085205078,13.150620460510254
2006-04-19,11.057554244995117,,16.307910919189453,18.01068115234375,23.5824031829834,8.58509635925293,13.69588851928711,,7.685508728027344,21.85211753845215,13.104104995727539
2006-04-20,10.954629898071289,,16.13967514038086,18.048778533935547,23.670698165893555,8.59280014038086,13.719325065612793,,7.740250110626221,22.049814224243164,13.15450382232666
2006-04-21,11.063982963562012,,16.47614860534668,18.027006149291992,23.697872161865234,8.500321388244629,13.719325065612793,,7.775075912475586,22.000389099121094,13.053696632385254
2006-04-24,11.025389671325684,,16.225173950195312,18.032451629638672,23.779376983642578,8.488759994506836,13.777905464172363,,7.847230434417725,21.915664672851562,13.049824714660645
2006-04-25,10.948203086853027,,16.015560150146484,17.923587799072266,23.500898361206055,8.48491382598877,13.777905464172363,,7.735271453857422,21.78152084350586,13.030435562133789
2006-04-26,10.94498062133789,,15.761825561523438,18.027006149291992,23.629955291748047,8.515737533569336,13.90677261352539,,7.658141136169434,21.78152084350586,13.119616508483887
2006-04-27,10.726274490356445,,15.582560539245605,18.310041427612305,23.500898361206055,8.600505828857422,13.924345970153809,,7.76015043258667,21.661497116088867,13.224291801452637
2006-04-28,10.774518966674805,,15.759074211120605,18.484214782714844,23.453350067138672,8.419404029846191,13.95949649810791,,7.7924933433532715,21.880361557006836,13.216534614562988
2006-05-01,10.845280647277832,,16.01832389831543,18.195737838745117,23.514476776123047,8.350041389465332,13.953640937805176,,7.720344066619873,21.689727783203125,13.142864227294922
2006-05-02,10.951415061950684,,16.374095916748047,18.310041427612305,23.704668045043945,8.38857650756836,14.035649299621582,,7.844740390777588,21.689727783203125,13.15450382232666
2006-05-03,10.954629898071289,,16.120363235473633,18.293712615966797,23.711463928222656,8.369315147399902,13.941926956176758,,7.819868087768555,21.449670791625977,13.1893949508667
2006-05-04,11.063982963562012,,16.045896530151367,18.331817626953125,23.99673080444336,8.400137901306152,13.965359687805176,,7.829813003540039,21.52027702331543,13.263055801391602
2006-05-05,11.141178131103516,,16.233434677124023,18.593076705932617,24.234458923339844,8.446380615234375,14.094230651855469,,8.006462097167969,21.73208999633789,13.418129920959473
2006-05-08,11.182987213134766,,16.161739349365234,18.51687240600586,24.21407699584961,8.457937240600586,14.170384407043457,,7.944266319274902,21.725038528442383,13.437520027160645
2006-05-09,11.256958961486816,,16.258262634277344,18.549528121948242,24.21407699584961,8.423258781433105,14.21138858795166,,7.87708854675293,21.569698333740234,13.476283073425293
2006-05-10,11.260176658630371,,16.40995216369629,18.5604190826416,24.2276554107666,8.33462905883789,14.152811050415039,,7.939292907714844,21.548519134521484,13.484038352966309
2006-05-11,11.105796813964844,,16.197586059570312,18.255603790283203,24.105405807495117,8.161235809326172,13.977070808410645,,7.864645004272461,21.506155014038086,13.348344802856445
2006-05-12,10.867795944213867,,15.64875316619873,18.07054901123047,23.725032806396484,8.084171295166016,13.865771293640137,,7.777566432952881,21.456735610961914,13.216534614562988
2006-05-15,10.726274490356445,,15.320549964904785,18.195737838745117,23.73183822631836,8.091876983642578,14.018081665039062,,7.827325820922852,21.76032829284668,13.25142765045166
2006-05-16,10.729490280151367,,15.375710487365723,18.173967361450195,23.725032806396484,8.014808654785156,14.070799827575684,,7.7924933433532715,21.816814422607422,13.15837574005127
2006-05-17,10.44002628326416,,14.984076499938965,17.80929183959961,23.236003875732422,7.906920433044434,13.895055770874023,,7.673068046569824,21.590883255004883,12.976162910461426
2006-05-18,10.330674171447754,,14.80204963684082,17.651447296142578,23.04582977294922,7.879944801330566,13.824767112731934,,7.6705780029296875,21.49909782409668,12.968406677246094
2006-05-19,10.372485160827637,,14.898575782775879,17.743974685668945,23.120542526245117,7.937747955322266,13.836480140686035,,7.735271453857422,21.37906837463379,13.057579040527344
2006-05-22,10.147346496582031,,14.81308364868164,17.70042610168457,23.07299041748047,7.868390083312988,13.877481460571289,,7.794982433319092,21.28728675842285,12.964531898498535
2006-05-23,10.169865608215332,,14.815844535827637,17.61334228515625,22.964317321777344,7.8105878829956055,13.871628761291504,,7.685508728027344,21.188430786132812,12.867606163024902
2006-05-24,10.124828338623047,,14.633818626403809,17.624235153198242,22.90319061279297,7.8876519203186035,13.977070808410645,,7.71287727355957,21.251976013183594,12.886995315551758
2006-05-25,10.298511505126953,,15.146793365478516,17.78207015991211,23.05940818786621,7.960866451263428,14.111804962158203,,7.785029888153076,21.449670791625977,13.011056900024414
2006-05-26,10.472190856933594,,15.196444511413574,17.929039001464844,23.188453674316406,7.999401092529297,14.111804962158203,,7.869620323181152,21.569698333740234,13.053696632385254
2006-05-30,10.22453784942627,,14.956501007080078,17.662334442138672,22.88960838317871,7.841413497924805,13.936065673828125,,7.790006637573242,21.28728675842285,12.855972290039062
2006-05-31,10.340320587158203,,15.320549964904785,17.78751564025879,23.052614212036133,7.872237205505371,13.98878288269043,,7.919384956359863,21.42142677307129,12.995548248291016
2006-06-01,10.452892303466797,,15.361919403076172,17.99435043334961,23.290346145629883,8.00710391998291,14.064939498901367,,7.99899959564209,21.725038528442383,13.197148323059082
2006-06-02,10.552597999572754,,15.590839385986328,18.097766876220703,23.32430648803711,7.980133533477783,14.035649299621582,,8.096033096313477,21.80976104736328,13.17000961303711
2006-06-05,10.237401008605957,,15.099919319152832,17.803842544555664,22.82167625427246,7.860680103302002,13.836480140686035,,7.99899959564209,21.470848083496094,12.960646629333496
2006-06-06,10.150562286376953,,15.086125373840332,17.760305404663086,22.73339080810547,7.860680103302002,13.877481460571289,,8.013924598693848,21.506155014038086,12.894743919372559
2006-06-07,9.918992042541504,,14.506953239440918,17.820175170898438,22.482078552246094,7.752790927886963,13.871628761291504,,7.984071731567383,21.605003356933594,12.898627281188965
2006-06-08,9.886828422546387,,14.711045265197754,17.852832794189453,22.495651245117188,7.714257717132568,13.918496131896973,,8.01144027709961,21.640302658081055,12.87923526763916
2006-06-09,9.835370063781738,,14.56210708618164,17.792964935302734,22.305477142333984,7.683431148529053,13.930208206176758,,8.07861614227295,21.484966278076172,12.84821891784668
2006-06-12,9.680989265441895,,14.264253616333008,17.597013473510742,22.026996612548828,7.540859222412109,13.848196983337402,,8.096033096313477,21.26609992980957,12.67763614654541
2006-06-13,9.51695442199707,,13.842287063598633,17.254112243652344,21.959089279174805,7.548568248748779,13.801339149475098,,7.99899959564209,21.20961570739746,12.576833724975586
2006-06-14,9.642394065856934,,14.198052406311035,17.15069580078125,22.14926528930664,7.598654747009277,13.859916687011719,,7.939292907714844,21.244922637939453,12.634987831115723
2006-06-15,9.964018821716309,,14.738616943359375,17.53169822692871,22.651880264282227,7.791321277618408,13.971220016479492,,8.061202049255371,21.506155014038086,12.910253524780273
2006-06-16,9.904764175415039,,14.699041366577148,17.42056655883789,22.64847183227539,7.779760360717773,13.987110137939453,,8.05593204498291,21.478517532348633,12.879558563232422
2006-06-19,9.707253456115723,,14.145394325256348,17.30012321472168,22.4714298248291,7.7450785636901855,13.934112548828125,,7.945542812347412,21.315536499023438,12.809623718261719
2006-06-20,9.749348640441895,,14.078956604003906,17.349390029907227,22.444189071655273,7.733519077301025,14.034231185913086,,7.965612888336182,21.237586975097656,12.763005256652832
2006-06-21,9.985713958740234,,14.39453411102295,17.491735458374023,22.70976448059082,7.833705902099609,14.087238311767578,,7.958084583282471,21.34387969970703,12.887331008911133
2006-06-22,9.933906555175781,,14.455437660217285,17.42603874206543,22.57356834411621,7.74122953414917,14.063674926757812,,7.930488586425781,21.223413467407227,12.786316871643066
2006-06-23,10.018091201782227,,14.776541709899902,17.31106948852539,22.634859085083008,7.718111038208008,14.016559600830078,,7.94303560256958,21.244674682617188,12.774653434753418
2006-06-26,10.047235488891602,,14.939871788024902,17.464365005493164,22.696138381958008,7.733519077301025,14.093124389648438,,7.975646495819092,21.166725158691406,12.840705871582031
2006-06-27,9.920951843261719,,14.967548370361328,17.294641494750977,22.48504638671875,7.629483699798584,14.02834415435791,,7.945542812347412,20.947038650512695,12.677529335021973
2006-06-28,9.946856498718262,,15.22498893737793,17.387720108032227,22.553133010864258,7.67957878112793,14.093124389648438,,7.968122959136963,20.947038650512695,12.68918228149414
2006-06-29,10.345123291015625,,15.656832695007324,17.754520416259766,23.029813766479492,7.87609338760376,14.316916465759277,,8.070981979370117,21.30845832824707,12.965031623840332
2006-06-30,10.39369010925293,,15.709424018859863,17.70525550842285,23.02300453186035,7.833705902099609,14.246244430541992,,8.101088523864746,21.428909301757812,12.97280216217041
2006-07-03,10.516730308532715,,15.878273010253906,17.913293838500977,23.104717254638672,7.891507148742676,14.328695297241211,,8.191411972045898,21.471433639526367,12.992232322692871
2006-07-05,10.39045238494873,,15.950252532958984,17.743572235107422,22.93447494506836,7.768200397491455,14.210907936096191,,8.136218070983887,21.450172424316406,12.871789932250977
2006-07-06,10.380741119384766,,15.908722877502441,17.798320770263672,22.99576187133789,7.775907039642334,14.375813484191895,,8.093559265136719,21.528121948242188,12.879558563232422
2006-07-07,10.299787521362305,,15.6928129196167,17.710721969604492,22.655292510986328,7.6988420486450195,14.346362113952637,,8.156286239624023,21.549379348754883,12.782424926757812
2006-07-10,10.32569408416748,,15.73986530303955,17.831167221069336,22.71656608581543,7.61021614074707,14.434700012207031,,8.20144271850586,21.627330780029297,12.797966957092285
2006-07-11,10.312742233276367,,16.027761459350586,17.836641311645508,22.77785301208496,7.641045093536377,14.511265754699707,,8.264168739318848,21.676937103271484,12.786316871643066
2006-07-12,10.238271713256836,,15.972394943237305,17.66145133972168,22.546340942382812,7.502323150634766,14.393476486206055,,8.22402572631836,21.598983764648438,12.584285736083984
2006-07-13,9.950098037719727,,15.820146560668945,17.382232666015625,22.10371208190918,7.379016876220703,14.27569580078125,,8.19391918182373,21.372224807739258,12.35505199432373
2006-07-14,9.966288566589355,,16.0056095123291,17.31106948852539,21.790477752685547,7.3597540855407715,14.134353637695312,,8.19391918182373,21.237586975097656,12.195756912231445
2006-07-17,9.83353328704834,,15.487967491149902,17.343923568725586,21.7155704498291,7.382875442504883,14.169677734375,,8.216500282287598,21.322620391845703,12.281229972839355
2006-07-18,9.87562370300293,,15.507345199584961,17.382232666015625,21.817716598510742,7.398284912109375,14.23447036743164,,8.229043960571289,21.322620391845703,12.20741081237793
2006-07-19,10.141134262084961,,15.667901992797852,17.842119216918945,22.260332107543945,7.506176471710205,14.411148071289062,,8.354484558105469,21.82574462890625,12.452184677124023
2006-07-20,9.859436988830566,,15.288650512695312,17.770946502685547,21.80409812927246,7.398284912109375,14.422928810119629,,8.374556541442871,21.847000122070312,12.2890043258667
2006-07-21,9.729921340942383,,15.081040382385254,17.672395706176758,21.586183547973633,7.321220397949219,14.393476486206055,,8.39462661743164,21.946212768554688,12.176332473754883
2006-07-24,9.87562370300293,,15.53502368927002,17.902334213256836,21.940288543701172,7.43297004699707,14.49948501586914,,8.47240161895752,22.371387481689453,12.440528869628906
2006-07-25,10.027806282043457,,15.80630111694336,17.946138381958008,21.878999710083008,7.513886451721191,14.570158958435059,,8.507523536682129,22.562719345092773,12.553197860717773
2006-07-26,10.005142211914062,,16.124650955200195,17.92423439025879,21.599809646606445,7.533150672912598,14.49948501586914,,8.53763198852539,22.669017791748047,12.409451484680176
2006-07-27,9.784964561462402,,15.98624324798584,17.82021713256836,21.55895233154297,7.510031223297119,14.405257225036621,,8.469894409179688,22.55564308166504,12.382251739501953
2006-07-28,9.963048934936523,,15.991776466369629,18.13775062561035,21.80409812927246,7.641045093536377,14.540704727172852,,8.527597427368164,22.676097869873047,12.533769607543945
2006-07-31,10.005142211914062,,16.235376358032227,18.110383987426758,21.7155704498291,7.629483699798584,14.470039367675781,,8.489961624145508,22.5981502532959,12.541543006896973
2006-08-01,9.924193382263184,,16.25475311279297,18.055627822875977,21.57938003540039,7.521590709686279,14.399361610412598,,8.595338821411133,22.5981502532959,12.424985885620117
2006-08-02,10.08285140991211,,16.287967681884766,18.08847999572754,21.7155704498291,7.614074230194092,14.52893352508545,,8.58780574798584,22.739871978759766,12.526002883911133
2006-08-03,10.144368171691895,,16.146787643432617,18.165117263793945,21.89261245727539,7.637187957763672,14.564270973205566,,8.545159339904785,22.541454315185547,12.603710174560547
2006-08-04,10.095802307128906,,16.011152267456055,18.203462600708008,21.831335067749023,7.614074230194092,14.570158958435059,,8.547666549682617,22.548542022705078,12.607590675354004
2006-08-07,10.144368171691895,,16.180007934570312,18.165117263793945,21.74280548095703,7.587096691131592,14.534825325012207,,8.447314262390137,22.477684020996094,12.58039665222168
2006-08-08,10.037518501281738,,16.085899353027344,18.033735275268555,21.552146911621094,7.560123920440674,14.599609375,,8.527597427368164,22.47059440612793,12.452184677124023
2006-08-09,10.047235488891602,,16.221534729003906,17.82021713256836,21.218481063842773,7.606362342834473,14.505374908447266,,8.530105590820312,22.491863250732422,12.281229972839355
2006-08-10,10.073137283325195,,16.088651657104492,17.907812118530273,21.38871192932129,7.637187957763672,14.658496856689453,,8.517560005187988,22.47059440612793,12.448298454284668
2006-08-11,9.959810256958008,,16.09696388244629,17.85306739807129,21.266141891479492,7.594805717468262,14.629053115844727,,8.49748706817627,22.364303588867188,12.44441032409668
2006-08-14,9.933906555175781,,15.764789581298828,17.87496566772461,21.3070011138916,7.660308837890625,14.658496856689453,,8.555198669433594,22.413911819458008,12.479382514953613
2006-08-15,10.144368171691895,,15.84505844116211,18.176071166992188,21.69514274597168,7.837558269500732,14.752726554870605,,8.610391616821289,22.605243682861328,12.654215812683105
2006-08-16,10.322455406188965,,15.778630256652832,18.274621963500977,22.17861557006836,7.960866451263428,14.77039623260498,,8.530105590820312,22.80365562438965,12.782424926757812
2006-08-17,10.257699012756348,,15.667901992797852,18.334835052490234,22.205854415893555,7.995540142059326,14.746838569641113,,8.520069122314453,22.860340118408203,12.860130310058594
2006-08-18,10.257699012756348,,15.911492347717285,18.36221694946289,22.151376724243164,8.02637004852295,14.835174560546875,,8.615406036376953,22.89577865600586,12.856245994567871
2006-08-21,10.257699012756348,,16.016687393188477,18.291051864624023,21.953901290893555,7.972426891326904,14.870512008666992,,8.632969856262207,22.81782341003418,12.716375350952148
2006-08-22,10.286844253540039,,16.124650955200195,18.285568237304688,22.021997451782227,7.976280689239502,14.858734130859375,,8.663074493408203,22.888690948486328,12.70472240447998
2006-08-23,10.270654678344727,,15.7869291305542,18.23082160949707,21.858566284179688,7.937747955322266,14.81161880493164,,8.572755813598633,22.874523162841797,12.592050552368164
2006-08-24,10.189701080322266,,15.991776466369629,18.291051864624023,21.74280548095703,7.968570709228516,14.88818073272705,,8.60788631439209,23.030414581298828,12.526002883911133
2006-08-25,10.222079277038574,,16.11634635925293,18.19249725341797,21.74961280822754,7.99169397354126,14.86462116241455,,8.60788631439209,23.044591903686523,12.526002883911133
2006-08-28,10.21236515045166,,15.883817672729492,18.32389259338379,21.838136672973633,8.064903259277344,14.923517227172852,,8.673110961914062,23.193397521972656,12.6503267288208
2006-08-29,10.254463195800781,,15.784158706665039,18.247249603271484,21.89261245727539,8.138113021850586,14.976520538330078,,8.680632591247559,23.299697875976562,12.743578910827637
2006-08-30,10.257699012756348,,15.518413543701172,18.302000045776367,21.913040161132812,8.195916175842285,15.017744064331055,,8.635477066040039,23.313875198364258,12.7513427734375
2006-08-31,10.306267738342285,,15.410453796386719,18.32389259338379,21.960712432861328,8.165090560913086,15.029523849487305,,8.723285675048828,23.243009567260742,12.790193557739258
2006-09-01,10.422833442687988,,15.640213966369629,18.35126304626465,22.117328643798828,8.199767112731934,15.111978530883789,,8.730817794799805,23.36347007751465,12.895101547241211
2006-09-05,10.484354019165039,,15.84505844116211,18.416963577270508,22.164995193481445,8.242149353027344,15.058969497680664,,8.637986183166504,23.257173538208008,12.93394947052002
2006-09-06,10.35483169555664,,15.308027267456055,18.356740951538086,21.933475494384766,8.107291221618652,15.017744064331055,,8.60537052154541,23.172143936157227,12.774653434753418
2006-09-07,10.241504669189453,,15.321877479553223,18.21440315246582,21.878999710083008,8.061050415039062,14.964742660522461,,8.617910385131836,23.002077102661133,12.817397117614746
2006-09-08,10.280360221862793,,14.934334754943848,18.318418502807617,21.919849395751953,8.126555442810059,15.041305541992188,,8.617910385131836,23.186321258544922,12.93394947052002
2006-09-11,10.005142211914062,,14.4720458984375,18.329368591308594,21.940288543701172,8.195916175842285,15.153203964233398,,8.58780574798584,23.335121154785156,13.034969329833984
2006-09-12,10.121707916259766,,14.38068675994873,18.564783096313477,22.144575119018555,8.338484764099121,15.159088134765625,,8.542652130126953,23.604402542114258,13.338016510009766
2006-09-13,10.192938804626465,,14.679651260375977,18.70165252685547,22.369281768798828,8.338484764099121,15.047191619873047,,8.56021499633789,23.55480194091797,13.392407417297363
2006-09-14,10.16055965423584,,14.353015899658203,18.745452880859375,22.26715087890625,8.35775375366211,15.123753547668457,,8.525091171264648,23.52644920349121,13.357443809509277
2006-09-15,10.151762962341309,,14.402177810668945,18.80271339416504,22.38202476501465,8.378602027893066,15.1403226852417,,8.52812385559082,23.56414222717285,13.41427993774414
2006-09-18,10.275527954101562,,14.749385833740234,18.780691146850586,22.436731338500977,8.374740600585938,15.081133842468262,,8.502832412719727,23.557029724121094,13.34420394897461
2006-09-19,10.145251274108887,,14.527169227600098,18.813722610473633,22.347827911376953,8.33613109588623,15.116654396057129,,8.52053451538086,23.592580795288086,13.371451377868652
2006-09-20,10.233193397521973,,14.138300895690918,18.940353393554688,22.470928192138672,8.471268653869629,15.205431938171387,,8.507885932922363,23.685014724731445,13.46877670288086
2006-09-21,10.141997337341309,,14.318851470947266,18.808212280273438,22.258935928344727,8.390189170837402,15.069303512573242,,8.495244979858398,23.535694122314453,13.394808769226074
2006-09-22,10.132226943969727,,14.25773811340332,18.84125328063965,22.14952850341797,8.339991569519043,15.081133842468262,,8.485125541687012,23.38637351989746,13.383135795593262
2006-09-25,10.187591552734375,,14.277182579040527,19.033950805664062,22.416221618652344,8.490571975708008,14.986438751220703,,8.603997230529785,23.478816986083984,13.589451789855957
2006-09-26,10.389517784118652,,14.591054916381836,19.13857078552246,22.696590423583984,8.544628143310547,15.00419807434082,,8.591347694396973,23.50014305114746,13.706231117248535
2006-09-27,10.366721153259277,,14.832717895507812,19.05047607421875,22.751306533813477,8.47899055480957,15.098895072937012,,8.710221290588379,23.56414222717285,13.682866096496582
2006-09-28,10.39603042602539,,14.785492897033691,19.116552352905273,22.908588409423828,8.52146053314209,15.063385963439941,,8.682398796081543,23.5214900970459,13.678980827331543
2006-09-29,10.304838180541992,,14.846601486206055,19.061485290527344,22.79916763305664,8.494437217712402,15.021949768066406,,8.596407890319824,23.599693298339844,13.605021476745605
2006-10-02,10.32437801361084,,14.677167892456055,19.017433166503906,22.867544174194336,8.432656288146973,14.921330451965332,,8.659637451171875,23.46458625793457,13.63615894317627
2006-10-03,10.187591552734375,,14.138300895690918,19.20465087890625,23.011157989501953,8.47899055480957,14.939081192016602,,8.695046424865723,23.535694122314453,13.752944946289062
2006-10-04,10.203874588012695,,14.346619606018066,19.435884475708008,23.353078842163086,8.610270500183105,15.098895072937012,,8.730453491210938,23.74190330505371,13.95146656036377
2006-10-05,10.366721153259277,,14.621620178222656,19.424877166748047,23.469335556030273,8.606407165527344,15.039706230163574,,8.702634811401367,23.74190330505371,13.990402221679688
2006-10-06,10.415572166442871,,14.635499954223633,19.35880470275879,23.42146110534668,8.610270500183105,14.95683765411377,,8.654579162597656,23.649457931518555,13.963142395019531
2006-10-09,10.500255584716797,,14.41606330871582,19.413867950439453,23.44881820678711,8.633437156677246,15.010113716125488,,8.646991729736328,23.599693298339844,14.060465812683105
2006-10-10,10.549112319946289,,14.685498237609863,19.413867950439453,23.48301124572754,8.641160011291504,14.95683765411377,,8.710221290588379,23.50014305114746,14.146108627319336
2006-10-11,10.454660415649414,,14.452173233032227,19.36431312561035,23.489837646484375,8.63729476928711,14.980515480041504,,8.730453491210938,23.49303436279297,14.111075401306152
2006-10-12,10.562139511108398,,14.791048049926758,19.468921661376953,23.688154220581055,8.764714241027832,15.00419807434082,,8.727921485900879,23.635244369506836,14.297924041748047
2006-10-13,10.666362762451172,,14.993815422058105,19.540502548217773,23.633447647094727,8.807183265686035,14.974600791931152,,8.73803424835205,23.557029724121094,14.258994102478027
2006-10-16,10.744523048400879,,15.346580505371094,19.435884475708008,23.790729522705078,8.803324699401855,14.998274803161621,,8.781035423278809,23.592580795288086,14.24731159210205
2006-10-17,10.6696138381958,,15.17992115020752,19.435884475708008,23.660808563232422,8.729963302612305,14.968676567077637,,8.818970680236816,23.65656852722168,14.196712493896484
2006-10-18,10.63052749633789,,15.082707405090332,19.490947723388672,23.599262237548828,8.706793785095215,15.02786922454834,,8.915077209472656,23.91255760192871,14.208389282226562
2006-10-19,10.702178955078125,,15.393804550170898,19.36431312561035,23.544557571411133,8.73382568359375,15.063385963439941,,8.950480461120605,23.891220092773438,14.200604438781738
2006-10-20,10.643560409545898,,15.19381046295166,19.3422908782959,23.44197654724121,8.787882804870605,15.116654396057129,,9.00612735748291,24.076086044311523,14.18114185333252
2006-10-23,10.711954116821289,,15.221587181091309,19.468921661376953,23.5650691986084,8.841934204101562,15.264622688293457,,9.01623821258545,24.140085220336914,14.3679838180542
2006-10-24,10.835721015930176,,15.499345779418945,19.463417053222656,23.578746795654297,8.780156135559082,15.217265129089355,,9.02383041381836,24.061872482299805,14.422492980957031
2006-10-25,10.825947761535645,,15.766005516052246,19.546003341674805,23.599262237548828,8.857378005981445,15.317891120910645,,9.119935989379883,23.91966438293457,14.371886253356934
2006-10-26,10.848745346069336,,15.729902267456055,19.683656692504883,23.592430114746094,8.90371322631836,15.418501853942871,,9.079466819763184,24.012104034423828,14.57041072845459
2006-10-27,10.874792098999023,,15.602128982543945,19.534996032714844,23.42146110534668,8.787882804870605,15.365235328674316,,9.046586990356445,23.91255760192871,14.42637825012207
2006-10-30,10.904111862182617,,15.321582794189453,19.540502548217773,23.496686935424805,8.818768501281738,15.300135612487793,,9.041529655456543,23.777456283569336,14.515914916992188
2006-10-31,10.923653602600098,,15.47990608215332,19.507465362548828,23.44197654724121,8.830350875854492,15.288290023803711,,9.05164909362793,23.677906036376953,14.484777450561523
2006-11-01,10.83897590637207,,15.321582794189453,19.386333465576172,23.325721740722656,8.791738510131836,15.169922828674316,,9.107290267944336,23.50725746154785,14.371886253356934
2006-11-02,10.874792098999023,,15.382681846618652,19.331275939941406,23.24365997314453,8.737682342529297,15.146247863769531,,9.06429386138916,23.635244369506836,14.356305122375488
2006-11-03,10.83897590637207,,15.721561431884766,19.331275939941406,23.19578742980957,8.737682342529297,15.075218200683594,,8.998536109924316,23.514373779296875,14.24731159210205
2006-11-06,10.972502708435059,,15.835448265075684,19.557016372680664,23.40094566345215,8.841934204101562,15.128485679626465,,8.958066940307617,23.79878807067871,14.422492980957031
2006-11-07,10.936678886413574,,15.713234901428223,19.601064682006836,23.66764259338379,8.88827133178711,15.152165412902832,,8.927721977233887,23.983652114868164,14.461419105529785
2006-11-08,10.962738037109375,,15.977104187011719,19.683656692504883,23.70183753967285,8.895988464355469,15.205431938171387,,9.01623821258545,23.621030807495117,14.531487464904785
2006-11-09,11.083237648010254,,16.110435485839844,19.5515193939209,23.5582275390625,8.892128944396973,15.116654396057129,,9.013710975646973,23.066408157348633,14.484777450561523
2006-11-10,10.975761413574219,,15.957658767700195,19.711191177368164,23.592430114746094,8.91529655456543,15.122570991516113,,9.081995964050293,23.101961135864258,14.531487464904785
2006-11-13,11.083237648010254,,15.929886817932129,19.68915557861328,23.77705192565918,8.992517471313477,15.075218200683594,,9.079466819763184,23.14461898803711,14.550950050354004
2006-11-14,11.079984664916992,,16.024333953857422,19.80478286743164,23.852279663085938,9.058156967163086,15.116654396057129,,9.102227210998535,23.33659553527832,14.710551261901855
2006-11-15,11.125582695007324,,16.174327850341797,19.77725601196289,24.08478355407715,9.077462196350098,15.193599700927734,,9.071877479553223,23.450366973876953,14.76505184173584
2006-11-16,11.066956520080566,,15.729902267456055,19.969970703125,24.1942081451416,9.112208366394043,15.300135612487793,,9.104759216308594,23.549911499023438,14.862366676330566
2006-11-17,11.01810359954834,,15.860447883605957,19.821304321289062,24.207874298095703,9.127655982971191,15.323801040649414,,9.114873886108398,23.621030807495117,14.835127830505371
2006-11-20,11.229801177978516,,15.81878662109375,19.94793701171875,24.12582015991211,9.127655982971191,15.276456832885742,,9.084521293640137,23.56414222717285,14.7767333984375
2006-11-21,11.259116172790527,,16.110435485839844,19.914901733398438,24.207874298095703,9.123797416687012,15.252781867980957,,9.099699020385742,23.52858543395996,14.819540977478027
2006-11-22,11.415443420410156,,16.015993118286133,19.936933517456055,24.30361557006836,9.193292617797852,15.288290023803711,,9.119935989379883,23.578357696533203,14.85068416595459
2006-11-24,11.425212860107422,,15.982669830322266,19.83782196044922,24.255752563476562,9.173988342285156,15.229111671447754,,9.155340194702148,23.478816986083984,14.772836685180664
2006-11-27,11.236313819885254,,15.910449028015137,19.529483795166016,23.86595916748047,8.957769393920898,15.039706230163574,,9.05417251586914,23.322391510009766,14.55872917175293
2006-11-28,11.281911849975586,,16.16598892211914,19.562524795532227,23.838611602783203,9.004101753234863,15.104813575744629,,9.119935989379883,23.37215232849121,14.550950050354004
2006-11-29,11.376362800598145,,16.679866790771484,19.683656692504883,24.03008270263672,9.062013626098633,15.235024452209473,,9.233739852905273,23.535694122314453,14.652151107788086
2006-11-30,11.399162292480469,,16.807636260986328,19.645116806030273,24.01639747619629,9.081326484680176,15.158082008361816,,9.291913986206055,23.649457931518555,14.667728424072266
2006-12-01,11.307969093322754,,16.865966796875,19.529483795166016,23.879621505737305,9.004101753234863,15.110730171203613,,9.28685474395752,23.628137588500977,14.648269653320312
2006-12-04,11.474069595336914,,16.840961456298828,19.80478286743164,24.18736457824707,9.119935989379883,15.329728126525879,,9.360197067260742,23.514373779296875,14.803972244262695
2006-12-05,11.522923469543457,,16.907621383666992,19.89838981628418,24.2420711517334,9.123797416687012,15.412591934204102,,9.382951736450195,23.606800079345703,14.928544044494629
2006-12-06,11.477324485778809,,16.860410690307617,19.925914764404297,24.16000747680664,9.065878868103027,15.43034839630127,,9.337434768676758,23.642364501953125,14.916866302490234
2006-12-07,11.54897689819336,,16.760406494140625,19.876358032226562,24.118972778320312,9.03113079071045,15.400757789611816,,9.327320098876953,23.592580795288086,14.84678840637207
2006-12-08,11.578289985656738,,16.740962982177734,19.936933517456055,24.14632797241211,9.03113079071045,15.43034839630127,,9.29949951171875,23.635244369506836,14.87794303894043
2006-12-11,11.535950660705566,,16.699310302734375,20.047048568725586,24.036911010742188,9.085184097290039,15.459938049316406,,9.350082397460938,23.685014724731445,14.932433128356934
2006-12-12,11.405672073364258,,16.738191604614258,20.063566207885742,24.07794761657715,9.054292678833008,15.424431800842285,,9.385490417480469,23.69212532043457,14.85068416595459
2006-12-13,11.474069595336914,,16.907621383666992,20.08557891845703,23.995885848999023,9.069741249084473,15.418501853942871,,9.420896530151367,23.642364501953125,14.928544044494629
2006-12-14,11.558751106262207,,17.152061462402344,20.25627326965332,24.132658004760742,9.146966934204102,15.477691650390625,,9.436073303222656,23.76323890686035,15.084250450134277
2006-12-15,11.645675659179688,,16.997161865234375,20.306758880615234,24.26569938659668,9.148903846740723,15.502680778503418,,9.42739200592041,23.839580535888672,15.020960807800293
2006-12-18,11.52713680267334,,16.506834030151367,20.406633377075195,24.293275833129883,9.1139497756958,15.49078369140625,,9.36103630065918,23.889530181884766,15.009245872497559
2006-12-19,11.612747192382812,,16.7882137298584,20.389982223510742,24.3001766204834,9.055705070495605,15.502680778503418,,9.401871681213379,24.010835647583008,15.01705265045166
2006-12-20,11.556777954101562,,16.559768676757812,20.45656394958496,24.334636688232422,9.059589385986328,15.514582633972168,,9.371246337890625,24.025104522705078,15.013145446777344
2006-12-21,11.418489456176758,,16.481760025024414,20.367794036865234,24.2863826751709,9.016874313354492,15.520536422729492,,9.366143226623535,23.960893630981445,14.946739196777344
2006-12-22,11.355928421020508,,16.322959899902344,20.267921447753906,24.134714126586914,8.94697380065918,15.508630752563477,,9.332964897155762,23.86098861694336,14.935009002685547
2006-12-26,11.45470142364502,,16.342458724975586,20.451025009155273,24.251909255981445,8.997457504272461,15.56811809539795,,9.37890338897705,23.87525749206543,14.981898307800293
2006-12-27,11.566654205322266,,16.534690856933594,20.595272064208984,24.37600326538086,9.0634765625,15.621662139892578,,9.429944038391113,23.989421844482422,15.079556465148926
2006-12-28,11.550187110900879,,16.498472213745117,20.500946044921875,24.293275833129883,9.059589385986328,15.615713119506836,,9.373793601989746,23.960893630981445,15.063936233520508
2006-12-29,11.471165657043457,,16.334104537963867,20.38443374633789,24.134714126586914,9.032408714294434,15.538374900817871,,9.371246337890625,23.89666175842285,14.985804557800293
2007-01-03,11.395441055297852,,15.762983322143555,20.48430633544922,24.2863826751709,9.059589385986328,15.639507293701172,,9.396769523620605,23.90380096435547,15.04830265045166
2007-01-04,11.342757225036621,,15.476025581359863,20.417728424072266,24.182981491088867,9.19939136505127,15.663300514221191,,9.38400936126709,24.174943923950195,15.044400215148926
2007-01-05,11.267030715942383,,15.579107284545898,20.256818771362305,24.100248336791992,9.125600814819336,15.550273895263672,,9.215571403503418,24.039382934570312,14.94283676147461
2007-01-08,11.267030715942383,,15.579107284545898,20.345600128173828,24.189868927001953,9.152786254882812,15.574068069458008,,9.210465431213379,24.06791114807129,14.966269493103027
2007-01-09,11.27032470703125,,15.44537353515625,20.312305450439453,24.176074981689453,9.164432525634766,15.609755516052246,,9.218121528625488,24.039382934570312,15.04830265045166
2007-01-10,11.349347114562988,,15.147284507751465,20.378887176513672,24.25879669189453,9.211038589477539,15.67519760131836,,9.22067642211914,24.08218765258789,15.126444816589355
2007-01-11,11.471165657043457,,15.06092357635498,20.50649642944336,24.458724975585938,9.304231643676758,15.794177055358887,,9.230881690979004,24.34620475769043,15.294425964355469
2007-01-12,11.599577903747559,,15.44537353515625,20.528697967529297,24.527664184570312,9.327529907226562,15.77038288116455,,9.154319763183594,24.460359573364258,15.337394714355469
2007-01-16,11.629212379455566,,15.286580085754395,20.58417510986328,24.658641815185547,9.308116912841797,15.782281875610352,,9.182390213012695,24.5174560546875,15.392085075378418
2007-01-17,11.668719291687012,,15.456528663635254,20.528697967529297,24.679325103759766,9.187734603881836,15.829877853393555,,9.202811241149902,24.66015625,15.392085075378418
2007-01-18,11.599577903747559,,15.342304229736328,20.445463180541992,24.569021224975586,9.082890510559082,15.806073188781738,,9.197702407836914,24.731508255004883,15.478034973144531
2007-01-19,11.777377128601074,,15.762983322143555,20.50649642944336,24.55522918701172,9.079010963439941,15.829877853393555,,9.20025634765625,24.7386531829834,15.474126815795898
2007-01-22,11.655549049377441,,15.654333114624023,20.489849090576172,24.2863826751709,9.012994766235352,15.812031745910645,,9.197702407836914,24.588808059692383,15.37646198272705
2007-01-23,11.8037109375,,16.061080932617188,20.478763580322266,24.569021224975586,9.012994766235352,15.841768264770508,,9.251300811767578,24.460359573364258,15.43116569519043
2007-01-24,11.925538063049316,,16.13072395324707,20.689592361450195,24.500091552734375,9.176088333129883,15.901256561279297,,9.281926155090332,24.64588737487793,15.489752769470215
2007-01-25,11.88602066040039,,15.799193382263184,20.389982223510742,24.369104385375977,9.0634765625,15.800129890441895,,9.27426528930664,24.560266494750977,15.243638038635254
2007-01-26,11.879441261291504,,15.838200569152832,20.4288272857666,24.272598266601562,9.067357063293457,15.758476257324219,,9.251300811767578,24.424684524536133,15.169418334960938
2007-01-29,11.83334732055664,,15.7601900100708,20.32895851135254,24.327749252319336,9.106184959411621,15.800129890441895,,9.281926155090332,24.389019012451172,15.20848274230957
2007-01-30,11.866273880004883,,16.08058738708496,20.406633377075195,24.3139591217041,9.160552978515625,15.788228988647461,,9.309995651245117,24.510318756103516,15.25145149230957
2007-01-31,11.935413360595703,,16.18366050720215,20.573091506958008,24.63796615600586,9.214919090270996,15.853666305541992,,9.3380708694458,24.62448501586914,15.415534973144531
2007-02-01,12.080284118652344,,16.242162704467773,20.70623779296875,24.851665496826172,9.176088333129883,15.913147926330566,,9.41718578338623,24.83141326904297,15.470222473144531
2007-02-02,12.060530662536621,,16.334104537963867,20.745079040527344,24.948169708251953,9.22268295288086,15.942896842956543,,9.468221664428711,24.78145980834961,15.513198852539062
2007-02-05,12.01114273071289,,16.317394256591797,20.739532470703125,24.99641990661621,9.19939136505127,15.88935375213623,,9.570307731628418,24.774322509765625,15.46240520477295
2007-02-06,12.093452453613281,,16.267240524291992,20.833845138549805,25.00332260131836,9.187734603881836,15.86556625366211,,9.621350288391113,24.702980041503906,15.517112731933594
2007-02-07,12.093452453613281,,16.169740676879883,20.911523818969727,24.98264503479004,9.230450630187988,15.829877853393555,,9.657079696655273,24.7386531829834,15.591325759887695
2007-02-08,12.106627464294434,,16.334104537963867,20.844945907592773,24.810304641723633,9.242100715637207,15.800129890441895,,9.674945831298828,24.71724510192871,15.560076713562012
2007-02-09,12.050654411315918,,16.267240524291992,20.623018264770508,24.713788986206055,9.141135215759277,15.776327133178711,,9.708125114440918,24.64588737487793,15.415534973144531
2007-02-12,12.100040435791016,,16.041580200195312,20.573091506958008,24.755144119262695,9.102301597595215,15.740642547607422,,9.672391891479492,24.538862228393555,15.341299057006836
2007-02-13,12.343687057495117,,16.27559471130371,20.72289276123047,24.95506477355957,9.13725471496582,15.794177055358887,,9.756610870361328,24.638750076293945,15.474126815795898
2007-02-14,12.419416427612305,,16.27838134765625,20.92262077331543,25.320432662963867,9.265398025512695,15.88935375213623,,9.825518608093262,24.767194747924805,15.55616569519043
2007-02-15,12.478686332702637,,16.155799865722656,20.95591163635254,25.375585556030273,9.300348281860352,15.984536170959473,,9.741301536560059,24.881349563598633,15.60695743560791
2007-02-16,12.41612434387207,,16.158592224121094,20.95036506652832,25.272178649902344,9.280933380126953,16.008331298828125,,9.759163856506348,24.78145980834961,15.587423324584961
2007-02-20,12.518197059631348,,15.977500915527344,21.06133270263672,25.313535690307617,9.284815788269043,16.09161949157715,,9.784682273864746,24.795734405517578,15.700714111328125
2007-02-21,12.59721851348877,,16.15301513671875,20.972562789916992,25.38246726989746,9.269288063049316,16.00238800048828,,9.743851661682129,24.68157386779785,15.638206481933594
2007-02-22,12.59392261505127,,16.297883987426758,20.88932991027832,25.299760818481445,9.319766998291016,15.942896842956543,,9.756610870361328,24.64588737487793,15.603049278259277
2007-02-23,12.643310546875,,16.339677810668945,20.695148468017578,25.230804443359375,9.311997413635254,15.954792022705078,,9.868904113769531,24.538862228393555,15.567892074584961
2007-02-26,12.75854778289795,,16.437183380126953,20.54534339904785,25.0860538482666,9.288698196411133,15.94884204864502,,10.103693962097168,24.638750076293945,15.435062408447266
2007-02-27,12.241617202758789,,15.782479286193848,19.585474014282227,24.334636688232422,8.931441307067871,15.585966110229492,,9.736198425292969,23.889530181884766,14.90376091003418
2007-02-28,12.254786491394043,,15.852131843566895,19.94611358642578,24.362215042114258,8.96639347076416,15.609755516052246,,9.833173751831055,24.053653717041016,14.954543113708496
2007-03-01,12.202108383178711,,15.801986694335938,19.923927307128906,24.320852279663086,8.958623886108398,15.645458221435547,,9.863802909851074,23.946617126464844,14.868608474731445
2007-03-02,12.001269340515137,,15.615321159362793,19.69644546508789,24.01751708984375,8.791647911071777,15.401551246643066,,9.710673332214355,23.732545852661133,14.759220123291016
2007-03-05,11.843226432800293,,15.434240341186523,19.38574981689453,23.95549201965332,8.811059951782227,15.348014831542969,,9.588174819946289,23.61124610900879,14.563888549804688
2007-03-06,12.083574295043945,,15.726760864257812,19.790767669677734,24.231224060058594,8.94697380065918,15.466994285583496,,9.731090545654297,23.86098861694336,14.813911437988281
2007-03-07,12.024312973022461,,15.921782493591309,19.67426109313965,24.134714126586914,8.83436107635498,15.407501220703125,,9.710673332214355,23.868118286132812,14.79829216003418
2007-03-08,12.142850875854492,,16.061080932617188,19.8518009185791,24.3139591217041,8.908143043518066,15.550273895263672,,9.761716842651367,23.946617126464844,14.915485382080078
2007-03-09,12.284422874450684,,15.991434097290039,19.9017276763916,24.438045501708984,8.931441307067871,15.597868919372559,,9.748955726623535,23.996564865112305,14.946739196777344
2007-03-12,12.323935508728027,,15.969135284423828,19.9017276763916,24.55522918701172,8.985812187194824,15.615713119506836,,9.845934867858887,23.996564865112305,14.927207946777344
2007-03-13,12.024312973022461,,15.754624366760254,19.308067321777344,24.141616821289062,8.84212589263916,15.318267822265625,,9.713228225708008,23.604122161865234,14.653742790222168
2007-03-14,12.100040435791016,,15.935705184936523,19.35246467590332,24.238126754760742,8.923673629760742,15.348014831542969,,9.761716842651367,23.696870803833008,14.626388549804688
2007-03-15,12.330521583557129,,15.9329252243042,19.585474014282227,24.26569938659668,8.927558898925781,15.54432201385498,,9.88676929473877,23.75396156311035,14.657645225524902
2007-03-16,12.230951309204102,,15.761587142944336,19.511930465698242,24.352754592895508,8.91202449798584,15.50187873840332,,9.852898597717285,23.778308868408203,14.60598373413086
2007-03-19,12.412275314331055,,16.01314353942871,19.640087127685547,24.52545928955078,8.9702787399292,15.603513717651367,,9.924739837646484,23.964529037475586,14.821234703063965
2007-03-20,12.465021133422852,,16.127748489379883,19.818370819091797,24.58763885498047,9.028528213500977,15.75296688079834,,10.068432807922363,24.08627700805664,14.930818557739258
2007-03-21,12.606782913208008,,16.41843605041504,20.269676208496094,24.926164627075195,9.211038589477539,15.902430534362793,,10.186464309692383,24.329792022705078,15.165650367736816
2007-03-22,12.547441482543945,,16.74825096130371,20.147106170654297,24.974523544311523,9.176088333129883,15.980148315429688,,10.176197052001953,24.415727615356445,15.122591018676758
2007-03-23,12.60019588470459,,16.832107543945312,20.16939353942871,25.119600296020508,9.152786254882812,16.016019821166992,,10.224945068359375,24.29398536682129,15.130422592163086
2007-03-26,12.689207077026367,,16.94950294494629,20.069101333618164,24.912343978881836,9.164432525634766,15.902430534362793,,10.268567085266113,24.329792022705078,15.056059837341309
2007-03-27,12.550748825073242,,16.98025131225586,19.946516036987305,24.794897079467773,9.168319702148438,15.830687522888184,,10.253170013427734,24.157901763916016,14.96213150024414
2007-03-28,12.425464630126953,,16.977462768554688,19.695798873901367,24.59455108642578,9.0634765625,15.800800323486328,,10.232648849487305,23.99317169189453,14.793848037719727
2007-03-29,12.521065711975098,,17.083669662475586,19.79608917236328,24.58763885498047,9.075121879577637,15.890481948852539,,10.291655540466309,24.10776710510254,14.8447265625
2007-03-30,12.544146537780762,,16.848880767822266,19.851804733276367,24.56001091003418,9.055705070495605,15.932320594787598,,10.186464309692383,24.100608825683594,14.883866310119629
2007-04-02,12.540854454040527,,17.0137882232666,19.66794776916504,24.60146141052246,9.102301597595215,15.974174499511719,,10.430215835571289,24.22953224182129,14.93474292755127
2007-04-03,12.676020622253418,,17.120004653930664,19.91309356689453,24.774181365966797,9.176088333129883,16.0817813873291,,10.443047523498535,24.480201721191406,15.126509666442871
2007-04-04,12.69579792022705,,17.1479549407959,19.91309356689453,24.677467346191406,9.230450630187988,16.153518676757812,,10.396865844726562,24.623441696166992,15.083454132080078
2007-04-05,12.679317474365234,,17.259756088256836,19.924236297607422,24.75344467163086,9.265398025512695,16.195369720458984,,10.443047523498535,24.795324325561523,15.204784393310547
2007-04-09,12.873825073242188,,17.195476531982422,19.91866683959961,24.725814819335938,9.265398025512695,16.153518676757812,,10.520024299621582,24.802494049072266,15.193044662475586
2007-04-10,12.732061386108398,,17.45541000366211,20.0078067779541,24.718904495239258,9.257633209228516,16.23123550415039,,10.5225830078125,24.83830451965332,15.224358558654785
2007-04-11,12.676020622253418,,17.349197387695312,19.840667724609375,24.622182846069336,9.172205924987793,16.12363052368164,,10.496930122375488,24.73087501525879,15.106937408447266
2007-04-12,12.788107872009277,,17.614744186401367,19.80723762512207,24.91925811767578,9.269288063049316,16.141565322875977,,10.4507417678833,25.01020050048828,15.212606430053711
2007-04-13,12.817776679992676,,17.623125076293945,19.89080810546875,24.912343978881836,9.277054786682129,16.195369720458984,,10.448176383972168,25.37546157836914,15.224358558654785
2007-04-16,12.989212036132812,,17.72654151916504,20.375539779663086,25.112693786621094,9.354716300964355,16.23123550415039,,10.509754180908203,25.618982315063477,15.376986503601074
2007-04-17,12.867223739624023,,17.625919342041016,20.369977951049805,25.112693786621094,9.37413215637207,16.38069725036621,,10.55850887298584,25.69776725769043,15.43960952758789
2007-04-18,12.797995567321777,,17.564435958862305,20.60397720336914,25.181785583496094,9.350833892822266,16.338851928710938,,10.635490417480469,25.690597534179688,15.42786693572998
2007-04-19,12.75184154510498,,17.318458557128906,20.57612419128418,25.264684677124023,9.354716300964355,16.350801467895508,,10.58416748046875,25.798032760620117,15.306541442871094
2007-04-20,12.883715629577637,,17.637094497680664,20.681978225708008,25.43739128112793,9.409082412719727,16.500267028808594,,10.666274070739746,25.898296356201172,15.486564636230469
2007-04-23,12.880413055419922,,17.656667709350586,20.626262664794922,25.534120559692383,9.389664649963379,16.464391708374023,,10.745816230773926,25.92695426940918,15.455265998840332
2007-04-24,12.82767105102539,,17.603559494018555,20.56498146057129,25.458127975463867,9.440147399902344,16.458415985107422,,10.822793960571289,25.92695426940918,15.400463104248047
2007-04-25,13.032064437866211,,17.933380126953125,20.843563079833984,25.72064208984375,9.510043144226074,16.5421142578125,,10.853583335876465,26.005733489990234,15.557011604309082
2007-04-26,12.979315757751465,,17.927791595458984,20.810136795043945,25.706825256347656,9.564410209655762,16.476348876953125,,10.817663192749023,26.034381866455078,15.533536911010742
2007-04-27,12.969426155090332,,17.924983978271484,20.782268524169922,26.003904342651367,9.556644439697266,16.440473556518555,,10.727859497070312,25.948442459106445,15.431775093078613
2007-04-30,12.732061386108398,,17.71257209777832,20.620691299438477,25.699926376342773,9.482860565185547,16.38069725036621,,10.686806678771973,25.862489700317383,15.236091613769531
2007-05-01,12.679317474365234,,17.79082489013672,20.659690856933594,25.85881805419922,9.529459953308105,16.31492805480957,,10.77404499053955,25.91977882385254,15.279141426086426
2007-05-02,12.830965995788574,,17.93896484375,20.748842239379883,26.024635314941406,9.579944610595703,16.320919036865234,,10.833056449890137,26.08451271057129,15.455265998840332
2007-05-03,12.873825073242188,,18.084314346313477,20.94385528564453,26.211149215698242,9.673138618469238,16.38069725036621,,10.820225715637207,26.14181900024414,15.42395305633545
2007-05-04,12.989212036132812,,18.070343017578125,21.016279220581055,26.238800048828125,9.7119722366333,16.38069725036621,,10.799697875976562,26.285058975219727,15.459177017211914
2007-05-07,13.160637855529785,,18.117855072021484,21.04414176940918,26.307876586914062,9.700321197509766,16.41059112548828,,10.92799186706543,26.34235191345215,15.459177017211914
2007-05-08,13.170536041259766,,18.120649337768555,20.999563217163086,26.294063568115234,9.739157676696777,16.29700469970703,,10.879240989685059,26.242080688476562,15.392645835876465
2007-05-09,13.22657585144043,,18.112266540527344,21.111003875732422,26.363147735595703,9.727506637573242,16.320919036865234,,10.886941909790039,26.328020095825195,15.486564636230469
2007-05-10,12.97272777557373,,17.818782806396484,20.810136795043945,26.183517456054688,9.677029609680176,16.219284057617188,,10.776605606079102,25.862489700317383,15.318283081054688
2007-05-11,13.124375343322754,,18.226863861083984,21.033000946044922,26.383867263793945,9.781868934631348,16.261125564575195,,10.827926635742188,25.9627628326416,15.380899429321289
2007-05-14,13.107892990112305,,18.232458114624023,20.932701110839844,26.266427993774414,9.735270500183105,16.201343536376953,,10.871546745300293,25.934114456176758,15.380899429321289
2007-05-15,13.190309524536133,,18.2939395904541,20.882564544677734,26.335514068603516,9.719738006591797,16.3089542388916,,10.930553436279297,25.905458450317383,15.326108932495117
2007-05-16,13.236472129821777,,18.36382484436035,21.12213897705078,26.46678352355957,9.805169105529785,16.476348876953125,,10.956218719482422,26.199121475219727,15.380899429321289
2007-05-17,13.229869842529297,,18.657312393188477,21.016279220581055,26.51512908935547,9.77798843383789,16.434499740600586,,10.930553436279297,26.098834991455078,15.404388427734375
2007-05-18,13.279322624206543,,18.959177017211914,21.071998596191406,26.425331115722656,9.828470230102539,16.554073333740234,,10.989572525024414,26.206266403198242,15.545278549194336
2007-05-21,13.299107551574707,,19.11849594116211,21.094287872314453,26.577312469482422,9.871184349060059,16.428524017333984,,10.974177360534668,26.263572692871094,15.603981971740723
2007-05-22,13.219978332519531,,18.939617156982422,21.111003875732422,26.522048950195312,9.859539031982422,16.458415985107422,,10.953654289245605,26.249248504638672,15.588332176208496
2007-05-23,13.279322624206543,,18.978748321533203,21.094287872314453,26.653301239013672,9.824586868286133,16.41059112548828,,10.781740188598633,26.34235191345215,15.59615421295166
2007-05-24,13.137566566467285,,18.632158279418945,20.90485191345215,26.439136505126953,9.700321197509766,16.338851928710938,,10.540552139282227,26.242080688476562,15.470913887023926
2007-05-25,13.292510032653809,,18.922842025756836,20.94385528564453,26.59803009033203,9.781868934631348,16.440473556518555,,10.545683860778809,26.227754592895508,15.525705337524414
2007-05-29,13.249656677246094,,18.79706382751465,21.033000946044922,26.770761489868164,9.84012222290039,16.500267028808594,,10.576476097106934,26.242080688476562,15.513959884643555
2007-05-30,13.417792320251465,,19.191171646118164,21.177860260009766,26.88821029663086,9.913899421691895,16.577983856201172,,10.707329750061035,26.249248504638672,15.654865264892578
2007-05-31,13.483723640441895,,19.09054183959961,21.116575241088867,27.033279418945312,9.960497856140137,16.601900100708008,,10.735554695129395,26.306547164916992,15.693989753723145
2007-06-01,13.671632766723633,,19.263843536376953,21.183429718017578,27.136899948120117,9.960497856140137,16.679615020751953,,10.676538467407227,26.335193634033203,15.784008979797363
2007-06-04,13.589218139648438,,19.565719604492188,21.15557861328125,27.14380645751953,9.995447158813477,16.73940658569336,,10.635490417480469,26.285058975219727,15.81532096862793
2007-06-05,13.543065071105957,,19.495838165283203,21.027427673339844,27.0609073638916,9.960497856140137,16.637760162353516,,10.494363784790039,26.220613479614258,15.721393585205078
2007-06-06,13.368335723876953,,19.2470703125,20.849130630493164,26.770761489868164,9.844002723693848,16.530155181884766,,10.327579498291016,25.977087020874023,15.521793365478516
2007-06-07,13.068331718444824,,18.906078338623047,20.49811553955078,26.335514068603516,9.704208374023438,16.320919036865234,,10.006855010986328,25.5903263092041,15.232172012329102
2007-06-08,13.318882942199707,,18.984342575073242,20.737699508666992,26.7016658782959,9.84012222290039,16.41656494140625,,10.078694343566895,25.676267623901367,15.42786693572998
2007-06-11,13.203499794006348,,19.129684448242188,20.832412719726562,26.736215591430664,9.859539031982422,16.506248474121094,,10.212112426757812,25.683446884155273,15.376986503601074
2007-06-12,13.041960716247559,,18.8948974609375,20.54826545715332,26.390783309936523,9.7430419921875,16.350801467895508,,10.045337677001953,25.497217178344727,15.25174617767334
2007-06-13,13.348556518554688,,19.27223777770996,20.938291549682617,27.01946258544922,9.867301940917969,16.476348876953125,,10.245474815368652,25.704927444458008,15.42786693572998
2007-06-14,13.45075511932373,,19.596466064453125,20.90485191345215,27.15764045715332,9.960497856140137,16.500267028808594,,10.30962085723877,25.77655601501465,15.537455558776855
2007-06-15,13.610705375671387,,19.897249221801758,20.979923248291016,27.303768157958984,10.018014907836914,16.535751342773438,,10.448102951049805,25.97313117980957,15.61586856842041
2007-06-18,13.610705375671387,,19.919679641723633,20.974313735961914,27.289928436279297,10.045211791992188,16.4515380859375,,10.334424018859863,25.821916580200195,15.549214363098145
2007-06-19,13.676939964294434,,19.942108154296875,21.063941955566406,27.373058319091797,10.041325569152832,16.331233978271484,,10.401597023010254,25.821916580200195,15.600180625915527
2007-06-20,13.504729270935059,,19.361833572387695,20.6942138671875,27.220664978027344,9.983040809631348,16.313196182250977,,10.130317687988281,25.497873306274414,15.572732925415039
2007-06-21,13.580901145935059,,19.748680114746094,20.72782325744629,27.276065826416016,10.033555030822754,16.361310958862305,,10.19491195678711,25.569883346557617,15.545289993286133
2007-06-22,13.541162490844727,,19.552453994750977,20.464523315429688,27.116769790649414,9.920863151550293,16.271087646484375,,10.001140594482422,25.181041717529297,15.443363189697266
2007-06-25,13.329222679138184,,19.395479202270508,20.302066802978516,27.04749870300293,9.885894775390625,16.198902130126953,,10.055392265319824,25.13784408569336,15.38062572479248
2007-06-26,13.163641929626465,,18.97779083251953,20.111589431762695,26.818931579589844,9.850914001464844,16.156797409057617,,10.001140594482422,25.267459869384766,15.274774551391602
2007-06-27,13.279541969299316,,19.272136688232422,20.414100646972656,27.08213233947754,9.948064804077148,16.283123016357422,,10.148404121398926,25.476280212402344,15.431599617004395
2007-06-28,13.329222679138184,,19.272136688232422,20.3804931640625,26.943607330322266,9.983040809631348,16.253040313720703,,10.145820617675781,25.497873306274414,15.400225639343262
2007-06-29,13.412018775939941,,19.33940887451172,20.268449783325195,27.04058265686035,9.948064804077148,16.271087646484375,,10.225911140441895,25.42586898803711,15.419827461242676
2007-07-02,13.627263069152832,,19.681398391723633,20.442113876342773,27.234516143798828,10.033555030822754,16.403419494628906,,10.373177528381348,25.569883346557617,15.502161979675293
2007-07-03,13.630572319030762,,19.832780838012695,20.621379852294922,27.428457260131836,10.103504180908203,16.39740753173828,,10.373177528381348,25.613086700439453,15.525687217712402
2007-07-05,13.660382270812988,,19.785123825073242,20.447717666625977,27.400745391845703,10.142363548278809,16.385374069213867,,10.352505683898926,25.605894088745117,15.608024597167969
2007-07-06,13.77628231048584,,20.05423355102539,20.548553466796875,27.566986083984375,10.16179370880127,16.481616973876953,,10.298254013061523,25.663497924804688,15.74915885925293
2007-07-09,13.809406280517578,,20.242053985595703,20.464523315429688,27.774778366088867,10.220084190368652,16.481616973876953,,10.31375503540039,25.584278106689453,15.690351486206055
2007-07-10,13.610705375671387,,20.062644958496094,20.03316307067871,27.310705184936523,10.103504180908203,16.331233978271484,,10.218161582946777,25.368267059326172,15.411991119384766
2007-07-11,13.710053443908691,,20.13832664489746,20.100387573242188,27.60161781311035,10.16179370880127,16.40943145751953,,10.243997573852539,25.454666137695312,15.502161979675293
2007-07-12,14.057769775390625,,20.527971267700195,20.47011947631836,28.010255813598633,10.332773208618164,16.54778289794922,,10.373177528381348,25.92991828918457,15.623710632324219
2007-07-13,14.206793785095215,,20.729808807373047,20.548553466796875,28.2042179107666,10.356090545654297,16.662078857421875,,10.528197288513184,25.8651065826416,15.702123641967773
2007-07-16,14.130629539489746,,20.463502883911133,20.475725173950195,28.384288787841797,10.387179374694824,16.59589958190918,,10.375760078430176,25.8939208984375,15.639386177062988
2007-07-17,14.256468772888184,,20.197202682495117,20.542953491210938,28.550533294677734,10.422149658203125,16.51770782470703,,10.386098861694336,25.814697265625,15.655065536499023
2007-07-18,14.279648780822754,,20.65412139892578,20.2796573638916,28.48819923400879,10.367751121520996,16.523725509643555,,10.463604927062988,25.742712020874023,15.635469436645508
2007-07-19,14.312764167785645,,20.841934204101562,20.21242332458496,28.744457244873047,10.453241348266602,16.577857971191406,,10.631538391113281,25.605894088745117,15.670750617980957
2007-07-20,14.173681259155273,,20.74382209777832,19.859495162963867,28.328876495361328,10.41438102722168,16.481616973876953,,10.515276908874512,25.368267059326172,15.47079849243164
2007-07-23,14.157126426696777,,20.827913284301758,19.84829330444336,28.515899658203125,10.429924964904785,16.481616973876953,,10.525612831115723,25.562686920166016,15.4943208694458
2007-07-24,13.87563705444336,,20.225221633911133,19.349702835083008,28.121091842651367,10.32500171661377,16.361310958862305,,10.210410118103027,25.30345344543457,15.251246452331543
2007-07-25,13.643819808959961,,20.54759979248047,19.439340591430664,28.190359115600586,10.336663246154785,16.361310958862305,,10.231081008911133,25.2890567779541,15.200270652770996
2007-07-26,13.1901273727417,,19.77391815185547,18.97995948791504,27.60161781311035,10.181220054626465,16.120704650878906,,9.998560905456543,24.770599365234375,14.753324508666992
2007-07-27,12.888776779174805,,19.202056884765625,18.68305015563965,27.089075088500977,9.96360969543457,15.904154777526855,,9.701441764831543,24.180139541625977,14.522000312805176
2007-07-30,13.2133150100708,,19.532833099365234,19.035991668701172,27.670888900756836,9.99858570098877,15.940252304077148,,9.83578872680664,24.48257064819336,14.729804992675781
2007-07-31,13.054361343383789,,19.342220306396484,18.430950164794922,27.296855926513672,9.928631782531738,15.80792236328125,,9.817699432373047,24.216135025024414,14.506319999694824
2007-08-01,13.130518913269043,,19.291759490966797,18.63823699951172,27.49772071838379,10.025782585144043,16.042510986328125,,10.039892196655273,24.381759643554688,14.525930404663086
2007-08-02,13.163641929626465,,19.16000747680664,18.7614803314209,27.68474006652832,10.045211791992188,16.06055450439453,,10.148404121398926,24.590579986572266,14.710197448730469
2007-08-03,12.723193168640137,,18.534883499145508,17.960386276245117,27.116769790649414,9.850914001464844,16.030479431152344,,9.804786682128906,24.252151489257812,14.259323120117188
2007-08-06,12.87221908569336,,18.64141273498535,18.87912940979004,27.52542495727539,10.00635051727295,16.445531845092773,,10.112231254577637,24.727388381958008,14.486720085144043
2007-08-07,12.964943885803223,,19.078706741333008,19.013578414916992,27.52542495727539,10.025782585144043,16.403419494628906,,10.29566764831543,24.842607498168945,14.56905460357666
2007-08-08,13.299413681030273,,19.440330505371094,19.467344284057617,27.740135192871094,10.181220054626465,16.692153930664062,,10.445517539978027,25.13064193725586,14.733723640441895
2007-08-09,12.964943885803223,,18.882488250732422,18.767080307006836,26.999011993408203,9.948064804077148,16.39138412475586,,10.256919860839844,24.54017448425293,14.318132400512695
2007-08-10,12.809294700622559,,18.983407974243164,18.68305015563965,26.687328338623047,9.8081693649292,16.301158905029297,,10.078643798828125,24.410566329956055,14.255406379699707
2007-08-13,12.865592002868652,,19.005830764770508,18.514989852905273,27.04749870300293,9.944180488586426,16.253040313720703,,10.130317687988281,24.48257064819336,14.333820343017578
2007-08-14,12.534432411193848,,18.879684448242188,18.1900691986084,26.354862213134766,9.742109298706055,15.994385719299316,,9.95980167388916,24.280954360961914,13.969199180603027
2007-08-15,12.219827651977539,,18.361085891723633,18.027603149414062,26.04317855834961,9.617759704589844,15.910174369812012,,9.825456619262695,24.223342895507812,13.820218086242676
2007-08-16,12.054251670837402,,18.248958587646484,18.57101058959961,26.05702781677246,9.555583000183105,15.952278137207031,,9.895209312438965,24.230545043945312,13.839815139770508
2007-08-17,12.219827651977539,,18.921733856201172,19.327302932739258,26.320236206054688,9.648848533630371,16.030479431152344,,9.98047161102295,24.288150787353516,13.937835693359375
2007-08-20,12.44832992553711,,18.879684448242188,19.069597244262695,26.701183319091797,9.683821678161621,16.15077781677246,,10.0347261428833,24.40336036682129,14.01232624053955
2007-08-21,12.524496078491211,,18.613378524780273,19.20404815673828,26.597286224365234,9.7149076461792,16.15077781677246,,10.024393081665039,24.468168258666992,14.10642147064209
2007-08-22,12.998055458068848,,18.83763313293457,19.254467010498047,27.075218200683594,9.843145370483398,16.192888259887695,,10.140650749206543,24.590579986572266,14.2946138381958
2007-08-23,12.749688148498535,,19.005830764770508,19.2824764251709,26.92975425720215,9.870345115661621,16.198902130126953,,10.17165470123291,24.748998641967773,14.23972225189209
2007-08-24,13.047735214233398,,19.412288665771484,19.349702835083008,27.151395797729492,10.010238647460938,16.313196182250977,,10.233663558959961,24.90021514892578,14.525930404663086
2007-08-27,12.931829452514648,,19.174009323120117,19.125612258911133,27.089075088500977,9.955839157104492,16.241012573242188,,9.972722053527832,24.727388381958008,14.325971603393555
2007-08-28,12.633777618408203,,18.711490631103516,18.554201126098633,26.437984466552734,9.777085304260254,16.054540634155273,,9.817699432373047,24.475374221801758,13.98095989227295
2007-08-29,12.882152557373047,,19.33100128173828,18.778295516967773,27.06134796142578,10.010238647460938,16.192888259887695,,10.011473655700684,24.655385971069336,14.420066833496094
2007-08-30,12.84903621673584,,19.319782257080078,18.660646438598633,26.8951358795166,10.052988052368164,16.138750076293945,,9.993387222290039,24.655385971069336,14.3612642288208
2007-08-31,12.964943885803223,,19.574886322021484,18.90713119506836,27.303768157958984,10.11904239654541,16.180858612060547,,9.972722053527832,24.770599365234375,14.5964994430542
2007-09-04,13.147080421447754,,19.930892944335938,19.052791595458984,27.428457260131836,10.27448558807373,16.355300903320312,,10.166486740112305,24.98662567138672,14.616101264953613
2007-09-05,13.031176567077637,,19.824371337890625,18.823108673095703,27.151395797729492,10.165677070617676,16.204925537109375,,10.140650749206543,24.93621826171875,14.384782791137695
2007-09-06,13.097411155700684,,20.12712287902832,18.68305015563965,27.373058319091797,10.216196060180664,16.162809371948242,,10.15356731414795,25.015432357788086,14.420066833496094
2007-09-07,12.78942584991455,,19.695415496826172,18.492582321166992,26.81200408935547,10.00635051727295,16.09062385559082,,10.078643798828125,24.748998641967773,14.075058937072754
2007-09-10,12.709946632385254,,19.664583206176758,18.430950164794922,26.832788467407227,9.98692512512207,16.132734298706055,,10.086396217346191,24.770599365234375,14.000569343566895
2007-09-11,12.875526428222656,,20.00096893310547,18.62143325805664,27.075218200683594,10.130703926086426,16.241012573242188,,10.15356731414795,24.95781707763672,14.157390594482422
2007-09-12,12.948389053344727,,20.141128540039062,18.660646438598633,27.054428100585938,10.103504180908203,16.325225830078125,,10.238829612731934,25.065828323364258,14.16523265838623
2007-09-13,12.991436958312988,,20.267274856567383,18.968753814697266,27.338415145874023,10.103504180908203,16.373342514038086,,10.259499549865723,25.12343406677246,14.3612642288208
2007-09-14,13.080848693847656,,20.323333740234375,19.035991668701172,27.386898040771484,10.052988052368164,16.469589233398438,,10.256919860839844,25.051429748535156,14.455360412597656
2007-09-17,13.067609786987305,,20.365388870239258,18.85671615600586,27.151395797729492,10.049097061157227,16.373342514038086,,10.264665603637695,24.972219467163086,14.278926849365234
2007-09-18,13.676939964294434,,20.982101440429688,19.568180084228516,28.031063079833984,10.247284889221191,16.692153930664062,,10.50235652923584,25.41866111755371,14.83565616607666
2007-09-19,13.83258056640625,,21.1643123626709,19.691434860229492,28.328876495361328,10.286141395568848,16.704181671142578,,10.618624687194824,25.519479751586914,14.863100051879883
2007-09-20,13.789530754089355,,21.150285720825195,19.45054054260254,28.0933895111084,10.32500171661377,16.722225189208984,,10.4739408493042,25.490680694580078,14.56905460357666
2007-09-21,13.829458236694336,,21.27620506286621,19.526731491088867,28.28412437438965,10.404048919677734,16.730688095092773,,10.490589141845703,25.61568832397461,14.574162483215332
2007-09-24,13.846088409423828,,21.23686408996582,19.255830764770508,28.01264190673828,10.376788139343262,16.718597412109375,,10.529623031616211,25.56510353088379,14.452383995056152
2007-09-25,13.799508094787598,,20.888343811035156,19.216331481933594,28.124027252197266,10.481919288635254,16.69441032409668,,10.542633056640625,25.47838020324707,14.263816833496094
2007-09-26,13.972506523132324,,20.947364807128906,19.22197914123535,28.31893539428711,10.548117637634277,16.809329986572266,,10.594663619995117,25.62291145324707,14.468100547790527
2007-09-27,14.135516166687012,,21.219999313354492,19.447721481323242,28.44424057006836,10.540325164794922,16.86981773376465,,10.519211769104004,25.724071502685547,14.397383689880371
2007-09-28,14.009106636047363,,21.023250579833984,19.36870002746582,28.597396850585938,10.501388549804688,16.924253463745117,,10.355289459228516,25.54342269897461,14.468100547790527
2007-10-01,14.271916389465332,,21.38863182067871,19.73554039001465,28.96634864807129,10.614306449890137,16.875856399536133,,10.495792388916016,25.93362045288086,14.656656265258789
2007-10-02,14.17210865020752,,21.054174423217773,19.961280822753906,28.72966957092285,10.65324592590332,16.881914138793945,,10.534822463989258,25.789100646972656,14.652726173400879
2007-10-03,13.989140510559082,,20.930505752563477,19.9161376953125,28.534744262695312,10.528648376464844,16.839567184448242,,10.50100040435791,25.8902645111084,14.735220909118652
2007-10-04,14.049017906188965,,21.009199142456055,20.034650802612305,28.6322078704834,10.555898666381836,16.875856399536133,,10.558236122131348,25.86136817932129,14.660594940185547
2007-10-05,14.288546562194824,,21.11038589477539,20.254749298095703,28.94545555114746,10.668818473815918,16.936355590820312,,10.641499519348145,26.193750381469727,14.986635208129883
2007-10-08,14.20538330078125,,20.896772384643555,19.97821617126465,28.896728515625,10.6882905960083,16.827472686767578,,10.625887870788574,26.013099670410156,14.888431549072266
2007-10-09,14.471529006958008,,21.318359375,20.147523880004883,29.16823387145996,10.766165733337402,16.924253463745117,,10.74297046661377,26.22989273071289,14.911993980407715
2007-10-10,14.385026931762695,,21.593799591064453,20.034650802612305,28.848007202148438,10.8012056350708,16.996841430664062,,10.662309646606445,26.273239135742188,14.84914779663086
2007-10-11,14.305188179016113,,21.48699951171875,19.927427291870117,28.639171600341797,10.684392929077148,17.0391788482666,,10.77159309387207,26.049236297607422,14.782365798950195
2007-10-12,14.42162036895752,,21.689359664916992,20.05722427368164,28.76446533203125,10.789528846740723,17.075462341308594,,10.74297046661377,26.193750381469727,14.857002258300781
2007-10-15,14.338452339172363,,21.866436004638672,19.650880813598633,28.54171371459961,10.711651802062988,17.02103042602539,,10.664913177490234,25.911943435668945,14.621308326721191
2007-10-16,14.085615158081055,,21.922649383544922,19.284053802490234,28.4163875579834,10.711651802062988,16.94843864440918,,10.638895034790039,25.71685218811035,14.574162483215332
2007-10-17,14.078961372375488,,21.78211784362793,19.27277183532715,28.492971420288086,10.8012056350708,17.008930206298828,,10.667518615722656,25.738525390625,14.589871406555176
2007-10-18,14.188746452331543,,21.950754165649414,19.03009605407715,28.56955337524414,10.828459739685059,16.94843864440918,,10.573848724365234,25.745744705200195,14.456315040588379
2007-10-19,13.87936019897461,,20.910829544067383,18.39801597595215,27.775949478149414,10.571480751037598,16.773035049438477,,10.339683532714844,25.43503761291504,14.134186744689941
2007-10-22,13.776219367980957,,20.67193031311035,18.623760223388672,27.880361557006836,10.637667655944824,16.881914138793945,,10.412534713745117,25.43503761291504,14.25990104675293
2007-10-23,13.995793342590332,,20.967041015625,18.725345611572266,28.06832504272461,10.75448226928711,16.936355590820312,,10.417739868164062,25.731304168701172,14.326679229736328
2007-10-24,14.022414207458496,,21.10476303100586,18.584251403808594,27.984777450561523,10.645458221435547,16.887962341308594,,10.407332420349121,25.54342269897461,14.279536247253418
2007-10-25,14.132196426391602,,21.304319381713867,18.567317962646484,28.033525466918945,10.735013008117676,17.027076721191406,,10.662309646606445,25.695175170898438,14.193114280700684
2007-10-26,14.398335456848145,,21.627532958984375,19.018810272216797,28.054407119750977,10.879081726074219,17.142005920410156,,10.808012008666992,25.781877517700195,14.358104705810547
2007-10-29,14.558024406433105,,21.73152732849121,19.075244903564453,28.235401153564453,10.91023063659668,17.148054122924805,,10.90428352355957,25.8902645111084,14.397383689880371
2007-10-30,14.21536636352539,,20.992332458496094,18.78177261352539,27.984777450561523,10.92969799041748,17.075462341308594,,10.917292594909668,25.86136817932129,14.354169845581055
2007-10-31,14.591283798217773,,21.55726432800293,19.035741806030273,28.22842788696289,11.058194160461426,17.18434715270996,,11.044783592224121,26.020328521728516,14.397383689880371
2007-11-01,14.085615158081055,,20.92488670349121,18.05940818786621,27.74810218811035,10.937487602233887,16.84562110900879,,10.818421363830566,25.659032821655273,14.032044410705566
2007-11-02,14.21203327178955,,21.318359375,17.969104766845703,27.998703002929688,10.960847854614258,16.954496383666992,,10.906886100769043,25.586780548095703,14.02419376373291
2007-11-05,14.045696258544922,,21.14691734313965,17.647418975830078,27.880361557006836,10.945274353027344,16.97869300842285,,11.026564598083496,25.572322845458984,13.835626602172852
2007-11-06,14.375051498413086,,21.85236930847168,17.946533203125,28.31893539428711,11.003678321838379,17.093618392944336,,11.036972999572754,25.709627151489258,13.957415580749512
2007-11-07,13.972506523132324,,20.952985763549805,16.964553833007812,27.636720657348633,10.707754135131836,16.906110763549805,,10.784600257873535,25.124326705932617,13.67064380645752
2007-11-08,14.105573654174805,,21.318359375,17.13949966430664,27.6436710357666,10.326172828674316,17.027076721191406,,10.995344161987305,25.290510177612305,13.631353378295898
2007-11-09,13.81615161895752,,20.92488670349121,17.009700775146484,27.09372901916504,10.112017631530762,16.863767623901367,,10.909483909606934,25.225494384765625,13.321020126342773
2007-11-12,13.263898849487305,,19.913066864013672,17.071775436401367,26.801353454589844,9.948473930358887,16.875856399536133,,10.719548225402832,25.290510177612305,13.340659141540527
2007-11-13,13.616539001464844,,20.615713119506836,17.873170852661133,27.483566284179688,10.287232398986816,17.12990951538086,,10.810614585876465,25.62291145324707,13.709928512573242
2007-11-14,13.68640422821045,,20.584796905517578,17.805444717407227,27.39307403564453,10.228829383850098,17.214590072631836,,10.74557113647461,25.724071502685547,13.493864059448242
2007-11-15,13.390320777893066,,19.899023056030273,17.353960037231445,27.010194778442383,10.104231834411621,17.202489852905273,,10.841840744018555,25.56510353088379,13.364227294921875
2007-11-16,13.3637056350708,,20.421783447265625,17.21851348876953,27.01715850830078,10.248297691345215,17.2811279296875,,10.844441413879395,25.68072509765625,13.360299110412598
2007-11-19,13.014394760131836,,20.081695556640625,16.7557373046875,26.627330780029297,10.045825004577637,17.160146713256836,,10.875661849975586,25.53620147705078,13.065673828125
2007-11-20,13.213998794555664,,20.728139877319336,16.388904571533203,26.66908836364746,10.131484031677246,17.299264907836914,,11.008355140686035,25.586780548095703,13.077465057373047
2007-11-21,12.95450496673584,,20.278444290161133,16.13494300842285,26.223552703857422,9.940690040588379,17.087566375732422,,10.917292594909668,25.01593017578125,12.951754570007324
2007-11-23,13.1474609375,,20.81245994567871,16.518714904785156,26.57162857055664,10.03803825378418,17.262981414794922,,10.906886100769043,25.42057991027832,13.179595947265625
2007-11-26,12.871336936950684,,20.092939376831055,15.965641021728516,26.15394401550293,9.827773094177246,17.087566375732422,,10.888668060302734,25.225494384765625,12.8378324508667
2007-11-27,12.974465370178223,,19.87091064453125,16.25345802307129,26.67604637145996,9.936796188354492,17.26903533935547,,10.930298805236816,25.550655364990234,13.042105674743652
2007-11-28,13.589920043945312,,20.362762451171875,17.224153518676758,27.323463439941406,10.228829383850098,17.541217803955078,,11.12023639678955,26.157625198364258,13.548863410949707
2007-11-29,13.726323127746582,,20.587615966796875,17.071775436401367,27.323463439941406,10.279447555541992,17.631942749023438,,11.044783592224121,26.31658363342285,13.415294647216797
2007-11-30,13.85607624053955,,20.64944839477539,17.495044708251953,27.427881240844727,10.224933624267578,17.656145095825195,,11.117632865905762,26.352720260620117,13.611713409423828
2007-12-03,13.786206245422363,,20.728139877319336,17.353960037231445,27.149433135986328,10.162633895874023,17.58960723876953,,11.226909637451172,26.186527252197266,13.541004180908203
2007-12-04,13.703035354614258,,20.517349243164062,17.032276153564453,27.086769104003906,10.123696327209473,17.565420150756836,,11.307563781738281,26.17930793762207,13.497797012329102
2007-12-05,13.955873489379883,,20.9698543548584,17.286237716674805,27.532299041748047,10.35732364654541,17.63800048828125,,11.502703666687012,26.38885498046875,13.478154182434082
2007-12-06,14.178766250610352,,21.543216705322266,17.84494972229004,27.84555435180664,10.462451934814453,17.631942749023438,,11.435054779052734,26.569499969482422,13.596001625061035
2007-12-07,14.311837196350098,,21.41111946105957,17.607912063598633,28.054407119750977,10.47413444519043,17.81945037841797,,11.494898796081543,26.555049896240234,13.709928512573242
2007-12-10,14.514775276184082,,21.627532958984375,17.980392456054688,28.186662673950195,10.524747848510742,17.837604522705078,,11.5469331741333,26.605621337890625,13.717778205871582
2007-12-11,13.91262149810791,,21.093517303466797,17.071775436401367,27.288644790649414,10.361215591430664,17.64405059814453,,11.27894401550293,26.193750381469727,13.277807235717773
2007-12-12,14.098925590515137,,21.78211784362793,16.941978454589844,27.636720657348633,10.540325164794922,17.69243621826172,,11.281551361083984,26.208206176757812,13.321020126342773
2007-12-13,14.20871353149414,,21.83551788330078,16.93633460998535,27.775949478149414,10.485814094543457,17.77106475830078,,11.448065757751465,26.193750381469727,13.23459529876709
2007-12-14,13.959198951721191,,21.48699951171875,16.563859939575195,27.469642639160156,10.419618606567383,17.553321838378906,,11.234713554382324,25.796323776245117,13.061747550964355
2007-12-17,13.463507652282715,,21.101961135864258,16.388904571533203,26.97539520263672,10.22104263305664,17.432344436645508,,11.130642890930176,25.521745681762695,12.939970970153809
2007-12-18,13.6132173538208,,21.304319381713867,16.400188446044922,27.05195426940918,10.22104263305664,17.35371208190918,,11.229511260986328,25.71685218811035,13.061747550964355
2007-12-19,13.593253135681152,,21.509477615356445,16.496135711669922,26.96146011352539,10.287232398986816,17.498872756958008,,11.20089340209961,25.702390670776367,12.943902015686035
2007-12-20,13.842764854431152,,21.78211784362793,16.37761878967285,27.184223175048828,10.435196876525879,17.420246124267578,,11.250325202941895,25.85413360595703,13.006750106811523
2007-12-21,14.142334938049316,,22.34539794921875,16.680599212646484,27.664066314697266,10.569364547729492,17.837923049926758,,11.27313232421875,26.0136775970459,13.032474517822266
2007-12-24,14.27331256866455,,22.446840286254883,16.982425689697266,27.971839904785156,10.647600173950195,17.813602447509766,,11.32818603515625,26.100711822509766,13.273807525634766
2007-12-26,14.347198486328125,,22.6976261138916,16.862831115722656,27.866914749145508,10.706276893615723,17.752805709838867,,11.270509719848633,26.071704864501953,13.23028564453125
2007-12-27,14.078521728515625,,22.458106994628906,16.52113151550293,27.54514503479004,10.55762767791748,17.582571029663086,,11.170893669128418,25.80338478088379,13.044336318969727
2007-12-28,14.088594436645508,,22.646900177001953,16.48126792907715,27.517179489135742,10.506784439086914,17.649450302124023,,11.252159118652344,25.701845169067383,12.984991073608398
2007-12-31,14.004637718200684,,22.359477996826172,16.475582122802734,27.39127540588379,10.428546905517578,17.509618759155273,,11.097482681274414,25.607559204101562,12.937514305114746
2008-01-02,13.87030029296875,,22.401756286621094,16.150957107543945,26.93660545349121,10.217315673828125,17.26034927368164,,11.034564018249512,25.33922576904297,12.739693641662598
2008-01-03,14.12217903137207,,22.666635513305664,16.04845428466797,26.95760154724121,10.232959747314453,17.169151306152344,,11.018832206726074,25.49152946472168,12.597260475158691
2008-01-04,13.695661544799805,,21.838197708129883,15.592852592468262,26.4050235748291,9.833967208862305,17.09619140625,,11.102725982666016,25.230438232421875,12.201618194580078
2008-01-07,13.507590293884277,,21.753646850585938,15.632708549499512,26.076261520385742,9.747910499572754,17.296833038330078,,11.333430290222168,25.730850219726562,12.245139122009277
2008-01-08,13.299367904663086,,21.373239517211914,15.063220024108887,25.495712280273438,9.489744186401367,17.169151306152344,,11.33605670928955,25.941164016723633,12.007756233215332
2008-01-09,13.38332748413086,,21.655025482177734,15.347968101501465,25.572654724121094,9.6227388381958,17.400184631347656,,11.459273338317871,26.405311584472656,12.094792366027832
2008-01-10,13.564681053161621,,21.564855575561523,15.609931945800781,25.929384231567383,9.638388633728027,17.430578231811523,,11.388487815856934,26.36904525756836,12.264922142028809
2008-01-11,13.426989555358887,,21.30280303955078,15.661192893981934,25.488704681396484,9.497567176818848,17.187393188476562,,11.385865211486816,26.44882583618164,11.972142219543457
2008-01-14,13.877016067504883,,21.725475311279297,15.877604484558105,25.803466796875,9.689238548278809,17.11443519592285,,11.401597023010254,26.245758056640625,12.086878776550293
2008-01-15,13.497512817382812,,20.826581954956055,15.222681999206543,25.264877319335938,9.485832214355469,16.932048797607422,,11.280994415283203,25.948402404785156,11.865321159362793
2008-01-16,13.0474853515625,,20.13339614868164,15.478955268859863,24.971105575561523,9.278515815734863,16.871244430541992,,11.079134941101074,26.0136775970459,11.93257999420166
2008-01-17,12.402667045593262,,19.372587203979492,14.693046569824219,24.306610107421875,9.196365356445312,16.749650955200195,,10.651798248291016,25.513280868530273,11.734759330749512
2008-01-18,12.543720245361328,,19.41486358642578,14.522194862365723,24.257644653320312,9.035990715026855,16.506460189819336,,10.494502067565918,25.14341926574707,11.679372787475586
2008-01-22,12.42953872680664,,18.865371704101562,14.835427284240723,24.34158706665039,8.867785453796387,16.336233139038086,,10.13271427154541,24.22964096069336,11.908845901489258
2008-01-23,12.644482612609863,,19.040081024169922,15.888992309570312,25.006072998046875,8.946019172668457,16.5368595123291,,10.402740478515625,24.403697967529297,12.344053268432617
2008-01-24,12.84598159790039,,19.710721969604492,15.894683837890625,25.15296745300293,9.075108528137207,16.45782470703125,,10.11960220336914,24.309412002563477,12.46670150756836
2008-01-25,12.909790992736816,,19.358491897583008,15.478955268859863,25.041048049926758,8.934283256530762,16.232877731323242,,10.009493827819824,23.925048828125,12.209531784057617
2008-01-28,13.16502857208252,,19.798080444335938,16.031368255615234,25.41176986694336,8.973400115966797,16.36054801940918,,10.166790962219238,24.22964096069336,12.411308288574219
2008-01-29,13.232196807861328,,20.020687103271484,16.2762508392334,25.635602951049805,9.051630973815918,16.409177780151367,,10.200873374938965,24.294921875,12.450871467590332
2008-01-30,13.18182373046875,,19.769906997680664,15.945939064025879,25.740522384643555,8.981222152709961,16.29366683959961,,10.148443222045898,24.01207160949707,12.371744155883789
2008-01-31,13.416903495788574,,19.612104415893555,16.59517478942871,25.880416870117188,9.094661712646484,16.5368595123291,,10.282153129577637,24.43995475769043,12.89003849029541
2008-02-01,13.742679595947266,,20.105220794677734,16.902694702148438,26.47496223449707,9.251127243041992,16.701017379760742,,10.549554824829102,24.555988311767578,13.004770278930664
2008-02-04,13.527740478515625,,20.11931037902832,16.412931442260742,26.188182830810547,9.059459686279297,16.597658157348633,,10.701611518859863,24.643014907836914,12.818822860717773
2008-02-05,13.13815975189209,,19.288043975830078,15.74661922454834,25.52368927001953,8.832584381103516,16.372703552246094,,10.379148483276367,24.19338607788086,12.458784103393555
2008-02-06,13.0474853515625,,19.023174285888672,15.564379692077637,25.481700897216797,8.734786987304688,16.305828094482422,,10.360798835754395,24.258642196655273,12.324264526367188
2008-02-07,13.097858428955078,,19.397947311401367,15.706746101379395,25.488704681396484,8.789552688598633,16.47606086730957,,10.305744171142578,24.16436767578125,12.561655044555664
2008-02-08,13.376609802246094,,19.682546615600586,15.444783210754395,25.299850463867188,8.72304916381836,16.29366683959961,,10.22447395324707,24.01207160949707,12.490439414978027
2008-02-11,13.423626899719238,,20.189762115478516,15.103081703186035,25.551673889160156,8.875608444213867,16.500377655029297,,10.30836296081543,23.939550399780273,12.62099552154541
2008-02-12,13.665436744689941,,20.178485870361328,15.518815994262695,25.810468673706055,8.895167350769043,16.719253540039062,,10.484016418457031,24.287660598754883,12.644737243652344
2008-02-13,13.608345985412598,,20.668781280517578,15.461874008178711,26.272125244140625,9.098577499389648,16.640220642089844,,10.434203147888184,24.25140380859375,12.806950569152832
2008-02-14,13.43370532989502,,20.491262435913086,15.040443420410156,25.880416870117188,8.918635368347168,16.555103302001953,,10.303118705749512,24.14986801147461,12.684301376342773
2008-02-15,13.51766300201416,,20.527902603149414,15.27962589263916,25.71953582763672,8.887341499328613,16.628061294555664,,10.447308540344238,24.171628952026367,12.75156021118164
2008-02-19,13.85350513458252,,21.20418357849121,15.25685977935791,25.845449447631836,8.805198669433594,16.895566940307617,,10.36341667175293,24.47621726989746,12.60517406463623
2008-02-20,13.934113502502441,,21.457780838012695,15.433388710021973,25.929384231567383,8.820846557617188,16.5368595123291,,10.384390830993652,24.403697967529297,12.779254913330078
2008-02-21,13.746041297912598,,20.868858337402344,15.16004467010498,25.726537704467773,8.805198669433594,16.597658157348633,,10.156307220458984,24.14986801147461,12.474611282348633
2008-02-22,13.877016067504883,,21.10555648803711,15.490349769592285,25.985322952270508,8.797372817993164,16.780054092407227,,10.334585189819336,24.200634002685547,12.747607231140137
2008-02-25,14.196066856384277,,21.708568572998047,15.490349769592285,26.188182830810547,8.848225593566895,16.804367065429688,,10.345067977905273,24.512468338012695,12.917733192443848
2008-02-26,14.263237953186035,,22.077699661254883,15.627021789550781,26.209169387817383,8.949928283691406,17.011079788208008,,10.478772163391113,24.294921875,13.044336318969727
2008-02-27,14.259870529174805,,21.790281295776367,15.69536304473877,26.25813102722168,8.957756042480469,16.780054092407227,,10.227090835571289,24.403697967529297,13.016641616821289
2008-02-28,14.182625770568848,,22.16506004333496,15.205596923828125,26.06928062438965,8.84431266784668,16.810455322265625,,10.158931732177734,24.120853424072266,12.708041191101074
2008-02-29,13.725883483886719,,21.429609298706055,14.710129737854004,25.355804443359375,8.664375305175781,16.494298934936523,,9.86005973815918,23.78727149963379,12.391526222229004
2008-03-03,13.954259872436523,,21.69730567932129,14.510814666748047,25.726537704467773,8.660466194152832,16.65846061706543,,10.009493827819824,23.779998779296875,12.363831520080566
2008-03-04,13.61842155456543,,21.274621963500977,14.431074142456055,25.425750732421875,8.672204971313477,16.64629554748535,,10.182522773742676,23.809019088745117,12.344053268432617
2008-03-05,14.001274108886719,,21.810014724731445,14.317179679870605,25.761512756347656,8.734786987304688,16.68885040283203,,10.1536865234375,23.7654972076416,12.348005294799805
2008-03-06,13.877016067504883,,21.373239517211914,13.821722030639648,25.27187728881836,8.61352825164795,16.5368595123291,,9.946575164794922,23.286853790283203,12.047317504882812
2008-03-07,13.296008110046387,,20.784320831298828,13.850187301635742,24.908159255981445,8.61352825164795,16.45782470703125,,9.88365364074707,23.018522262573242,11.93257999420166
2008-03-10,13.01054573059082,,20.527902603149414,13.457235336303711,24.509458541870117,8.519643783569336,16.372703552246094,,9.870548248291016,22.48186683654785,11.794103622436523
2008-03-11,13.803136825561523,,21.584577560424805,14.33995246887207,25.341825485229492,8.820846557617188,16.719253540039062,,10.040952682495117,22.69942283630371,12.114579200744629
2008-03-12,13.604984283447266,,21.10555648803711,14.100769996643066,25.29286003112793,8.730875015258789,16.676692962646484,,10.040952682495117,22.69942283630371,12.047317504882812
2008-03-13,13.937468528747559,,21.457780838012695,14.066594123840332,25.64259147644043,8.695671081542969,16.676692962646484,,10.009493827819824,22.670427322387695,12.059189796447754
2008-03-14,13.692306518554688,,21.066102981567383,13.667946815490723,25.23689842224121,8.58614444732666,16.390939712524414,,9.936086654663086,22.249788284301758,11.885104179382324
2008-03-17,13.416903495788574,,20.330642700195312,13.354724884033203,25.110998153686523,8.547026634216309,16.29975700378418,,9.941333770751953,22.220773696899414,11.726847648620605
2008-03-18,13.88709545135498,,21.21826171875,14.476639747619629,26.43301010131836,8.930371284484863,16.597658157348633,,10.116981506347656,22.9169921875,12.18974781036377
2008-03-19,12.946735382080078,,19.92206382751465,14.095072746276855,25.467729568481445,8.664375305175781,16.68885040283203,,9.91773509979248,22.619653701782227,12.027533531188965
2008-03-20,12.902934074401855,,20.010517120361328,15.110058784484863,25.735414505004883,8.760627746582031,16.88199806213379,,9.888959884643555,22.64806365966797,12.380118370056152
2008-03-24,13.361103057861328,,20.360939025878906,15.305256843566895,26.318540573120117,9.06973934173584,17.07147979736328,,9.920642852783203,22.94673728942871,12.792132377624512
2008-03-25,13.762005805969238,,20.564403533935547,15.259329795837402,26.48013687133789,9.077564239501953,17.11426544189453,,9.891596794128418,22.99043846130371,12.689131736755371
2008-03-26,13.70136833190918,,21.010900497436523,14.70820140838623,26.269371032714844,8.901487350463867,16.97368049621582,,9.928564071655273,22.764616012573242,12.451432228088379
2008-03-27,13.664308547973633,,20.7989501953125,14.47856616973877,25.981306076049805,8.831056594848633,17.05925750732422,,10.028904914855957,22.88117218017578,12.332578659057617
2008-03-28,13.54976749420166,,20.742431640625,14.151328086853027,25.882953643798828,8.776281356811523,17.040918350219727,,9.936480522155762,22.822895050048828,12.094884872436523
2008-03-31,13.53292465209961,,20.9289493560791,14.277632713317871,26.27639389038086,8.764541625976562,17.02869987487793,,10.018342018127441,22.70633888244629,12.17015552520752
2008-04-01,13.964143753051758,,21.321746826171875,15.282301902770996,26.873594284057617,9.018875122070312,17.23651123046875,,10.277117729187012,23.070573806762695,12.716859817504883
2008-04-02,14.058476448059082,,21.61848258972168,15.270809173583984,26.993022918701172,9.128427505493164,17.242630004882812,,10.409147262573242,22.91030502319336,12.716859817504883
2008-04-03,14.314513206481934,,21.669340133666992,15.339704513549805,26.873594284057617,9.124515533447266,17.1937255859375,,10.353699684143066,22.837467193603516,12.75647258758545
2008-04-04,14.456009864807129,,21.847383499145508,15.133025169372559,26.97896957397461,9.093217849731445,17.340417861938477,,10.343132972717285,23.01957893371582,12.697053909301758
2008-04-07,14.378519058227539,,21.963233947753906,15.224882125854492,26.810346603393555,9.10103988647461,17.230396270751953,,10.388021469116211,23.28182601928711,12.649508476257324
2008-04-08,14.51328182220459,,22.211923599243164,15.052655220031738,26.78927993774414,9.046260833740234,17.22428321838379,,10.456677436828613,23.20170021057129,12.621784210205078
2008-04-09,14.358306884765625,,22.25432014465332,14.80005168914795,26.529315948486328,9.007135391235352,17.05314064025879,,10.430270195007324,23.092422485351562,12.344465255737305
2008-04-10,14.395366668701172,,22.211923599243164,14.70820140838623,26.64173698425293,9.081480026245117,17.095932006835938,,10.356341361999512,23.274547576904297,12.475201606750488
2008-04-11,14.210071563720703,,21.901081085205078,14.426898956298828,25.59488296508789,8.838885307312012,16.985904693603516,,10.369539260864258,22.968589782714844,12.245423316955566
2008-04-14,14.139331817626953,,22.404083251953125,14.088183403015137,25.608957290649414,8.803671836853027,16.97979164123535,,10.353699684143066,22.86659049987793,12.1582670211792
2008-04-15,14.216811180114746,,22.522777557373047,14.231706619262695,25.728389739990234,8.803671836853027,17.083707809448242,,10.467240333557129,22.844751358032227,12.14242172241211
2008-04-16,14.897334098815918,,23.285776138305664,14.616340637207031,26.445022583007812,9.16364860534668,17.181495666503906,,10.686410903930664,22.968589782714844,12.41181468963623
2008-04-17,14.823219299316406,,23.266016006469727,14.868945121765137,26.135879516601562,9.1597318649292,17.205947875976562,,10.707533836364746,22.822895050048828,12.46727466583252
2008-04-18,14.904065132141113,,23.622074127197266,15.196184158325195,26.922771453857422,9.32015609741211,17.089818954467773,,10.74185848236084,23.041427612304688,12.704976081848145
2008-04-21,14.941129684448242,,23.890552520751953,14.960799217224121,26.831432342529297,9.378846168518066,17.138708114624023,,10.644157409667969,22.968589782714844,12.704976081848145
2008-04-22,14.823219299316406,,23.90182876586914,14.754133224487305,26.402862548828125,9.331892013549805,17.03480339050293,,10.61247444152832,22.728199005126953,12.522740364074707
2008-04-23,14.590770721435547,,23.715320587158203,14.656530380249023,26.416913986206055,9.390582084655762,17.14482307434082,,10.628317832946777,22.801042556762695,12.518780708312988
2008-04-24,14.378519058227539,,23.0936222076416,15.184700012207031,26.585519790649414,9.504055976867676,17.169275283813477,,10.617748260498047,22.873882293701172,12.693089485168457
2008-04-25,14.78952693939209,,23.421438217163086,15.471742630004883,26.957901000976562,9.390582084655762,17.07147979736328,,10.652076721191406,23.172555923461914,12.819865226745605
2008-04-28,14.705300331115723,,23.460983276367188,15.511935234069824,27.11246681213379,9.390582084655762,17.175397872924805,,10.54909896850586,23.31097412109375,12.804020881652832
2008-04-29,14.22017765045166,,22.932544708251953,15.322480201721191,26.859533309936523,9.480572700500488,17.1937255859375,,10.59926700592041,23.056011199951172,12.907018661499023
2008-04-30,14.253867149353027,,23.10209846496582,15.276551246643066,27.049219131469727,9.312326431274414,16.900341033935547,,10.53061580657959,22.93216323852539,12.459356307983398
2008-05-01,14.15280818939209,,22.596256256103516,15.798980712890625,27.224885940551758,9.70360279083252,17.205947875976562,,10.654719352722168,23.340106964111328,13.176408767700195
2008-05-02,14.297664642333984,,23.02297019958496,15.90805721282959,27.33026885986328,9.699687957763672,17.181495666503906,,10.83163833618164,23.347396850585938,13.148679733276367
2008-05-05,14.621085166931152,,23.356435775756836,15.63248348236084,27.2600040435791,9.65665054321289,17.12038230895996,,10.675848007202148,23.28182601928711,13.002093315124512
2008-05-06,14.738992691040039,,23.975317001342773,15.798980712890625,27.36539649963379,9.774027824401855,17.230396270751953,,10.673203468322754,23.238115310668945,13.057560920715332
2008-05-07,14.573922157287598,,23.5288143157959,15.230619430541992,26.943843841552734,9.601874351501465,17.06536102294922,,10.512130737304688,23.034149169921875,12.81193733215332
2008-05-08,14.823219299316406,,24.000741958618164,14.92061996459961,27.035181045532227,9.617523193359375,17.11426544189453,,10.538536071777344,22.94673728942871,12.831746101379395
2008-05-09,14.637923240661621,,23.955533981323242,14.92061996459961,26.86655616760254,9.586220741271973,17.016468048095703,,10.572860717773438,22.92487335205078,12.75647258758545
2008-05-12,14.937763214111328,,23.822710037231445,15.098588943481445,27.29513168334961,9.742724418640137,17.205947875976562,,10.675848007202148,23.099714279174805,13.017942428588867
2008-05-13,15.021986961364746,,24.212696075439453,14.960799217224121,27.477806091308594,9.742724418640137,17.14482307434082,,10.65999984741211,22.88117218017578,13.065483093261719
2008-05-14,15.106215476989746,,23.935760498046875,15.06413459777832,27.505905151367188,9.762293815612793,17.212059020996094,,10.699613571166992,23.070573806762695,13.212064743041992
2008-05-15,15.278023719787598,,24.25225830078125,15.21340274810791,27.667499542236328,9.950103759765625,17.419879913330078,,10.689050674438477,23.00501251220703,13.338836669921875
2008-05-16,15.46668815612793,,25.136777877807617,15.150256156921387,27.59722900390625,9.926629066467285,17.41376495361328,,10.768265724182129,23.092422485351562,13.247724533081055
2008-05-19,15.426249504089355,,25.292213439941406,15.006733894348145,27.906373977661133,9.977494239807129,17.511560440063477,,10.889732360839844,23.238115310668945,13.251681327819824
2008-05-20,15.507109642028809,,25.54370880126953,14.656530380249023,27.4637451171875,9.8209810256958,17.248727798461914,,10.963663101196289,23.172555923461914,13.045680046081543
2008-05-21,15.052305221557617,,25.165035247802734,14.28337287902832,27.000036239624023,9.562745094299316,17.07147979736328,,10.908215522766113,22.968589782714844,12.768359184265137
2008-05-22,14.98492431640625,,24.797670364379883,14.363749504089355,26.936819076538086,9.5979585647583,17.254850387573242,,10.97159194946289,23.216262817382812,12.712899208068848
2008-05-23,14.779422760009766,,24.376602172851562,14.151328086853027,26.550403594970703,9.578394889831543,17.163162231445312,,10.802595138549805,22.837467193603516,12.55839729309082
2008-05-27,14.712039947509766,,24.218347549438477,14.22596549987793,26.831432342529297,9.734902381896973,17.212059020996094,,10.858041763305664,22.93216323852539,12.653474807739258
2008-05-28,15.079253196716309,,24.729839324951172,14.145588874816895,27.014102935791016,9.789680480957031,17.23651123046875,,10.865968704223633,22.91030502319336,12.653474807739258
2008-05-29,14.97818660736084,,24.05443572998047,14.398189544677734,27.119497299194336,9.860112190246582,17.30374526977539,,10.982152938842773,23.40566635131836,12.899101257324219
2008-05-30,14.995035171508789,,24.303117752075195,14.214486122131348,27.28811264038086,9.918801307678223,17.41376495361328,,10.908215522766113,23.369253158569336,12.800055503845215
2008-06-02,14.880487442016602,,24.447250366210938,14.002073287963867,27.056249618530273,9.777941703796387,17.26095962524414,,10.829000473022461,23.092422485351562,12.673285484313965
2008-06-03,14.897334098815918,,23.921619415283203,13.956148147583008,26.964920043945312,9.723164558410645,17.352642059326172,,10.733939170837402,23.24540138244629,12.689131736755371
2008-06-04,14.833327293395996,,23.565549850463867,13.87002944946289,26.859533309936523,9.742724418640137,17.340417861938477,,10.863326072692871,23.252683639526367,12.764402389526367
2008-06-05,15.331923484802246,,24.794841766357422,14.145588874816895,27.056249618530273,9.942282676696777,17.517675399780273,,10.992716789245605,23.4566593170166,12.930790901184082
2008-06-06,14.880487442016602,,24.30876922607422,13.393542289733887,26.00238800048828,9.672300338745117,17.083707809448242,,10.704890251159668,22.888458251953125,12.384082794189453
2008-06-09,15.106215476989746,,25.02374267578125,13.20982551574707,26.269371032714844,9.652740478515625,17.14482307434082,,10.871245384216309,22.764616012573242,12.376161575317383
2008-06-10,14.914175987243652,,24.40768814086914,13.250016212463379,26.114803314208984,9.609694480895996,17.175397872924805,,10.860690116882324,22.54607582092285,12.423698425292969
2008-06-11,14.648035049438477,,24.55745506286621,12.865368843078613,25.622995376586914,9.363197326660156,17.083707809448242,,10.850120544433594,22.320241928100586,12.16222858428955
2008-06-12,14.641295433044434,,24.184436798095703,13.215568542480469,25.714332580566406,9.468835830688477,17.199840545654297,,10.805233001708984,22.1308536529541,12.261268615722656
2008-06-13,15.005141258239746,,24.472686767578125,13.42223834991455,26.009414672851562,9.57056999206543,17.187620162963867,,10.902939796447754,22.48050880432129,12.566320419311523
2008-06-16,14.99166202545166,,24.560293197631836,13.54853630065918,25.868898391723633,9.594043731689453,17.004243850708008,,10.913495063781738,22.553359985351562,12.526704788208008
2008-06-17,15.07252311706543,,24.96722412109375,13.152416229248047,25.81268882751465,9.554917335510254,16.949230194091797,,10.97422981262207,22.495079040527344,12.399933815002441
2008-06-18,14.97144889831543,,25.063304901123047,12.934263229370117,25.440322875976562,9.453187942504883,16.75975227355957,,10.931985855102539,22.240123748779297,12.126575469970703
2008-06-19,14.998411178588867,,24.461376190185547,13.07204532623291,25.770549774169922,9.488402366638184,16.81477165222168,,10.945184707641602,22.269254684448242,12.281079292297363
2008-06-20,14.694825172424316,,24.29647445678711,12.84616756439209,25.34066390991211,9.319275856018066,16.62384605407715,,10.818825721740723,21.95602035522461,11.92005729675293
2008-06-23,14.789589881896973,,25.257007598876953,12.440739631652832,25.390071868896484,9.232954978942871,16.562461853027344,,10.949175834655762,22.117027282714844,11.71330738067627
2008-06-24,14.508683204650879,,24.778141021728516,12.585537910461426,25.0865535736084,9.221184730529785,16.617712020874023,,10.858728408813477,22.197532653808594,11.761014938354492
2008-06-25,14.552679061889648,,24.68465232849121,12.556575775146484,24.903026580810547,9.299660682678223,16.992176055908203,,10.986414909362793,22.446367263793945,11.848491668701172
2008-06-26,14.193941116333008,,24.50614356994629,12.104817390441895,24.49362564086914,9.12308406829834,16.476526260375977,,10.659221649169922,21.99260711669922,11.570168495178223
2008-06-27,14.180403709411621,,24.721479415893555,11.913687705993652,23.787752151489258,9.001444816589355,16.304624557495117,,10.568769454956055,22.13899040222168,11.375344276428223
2008-06-30,14.122872352600098,,25.06999397277832,11.734139442443848,24.006568908691406,8.989673614501953,16.421266555786133,,10.826809883117676,22.380504608154297,11.323657989501953
2008-07-01,13.862278938293457,,25.174827575683594,11.768892288208008,23.992460250854492,8.926888465881348,16.402862548828125,,10.882673263549805,22.380504608154297,11.180521965026855
2008-07-02,13.27001667022705,,24.415477752685547,11.589348793029785,23.25836181640625,8.809173583984375,16.384443283081055,,10.853408813476562,22.226810455322266,11.057267189025879
2008-07-03,13.351238250732422,,24.055641174316406,11.548806190490723,23.583053588867188,8.76993465423584,16.372161865234375,,10.741680145263672,22.321949005126953,11.152691841125488
2008-07-07,13.418929100036621,,23.452106475830078,11.166552543640137,23.5548152923584,8.868029594421387,16.53791046142578,,10.635278701782227,22.175575256347656,11.025455474853516
2008-07-08,13.276789665222168,,23.06395149230957,11.890525817871094,24.098329544067383,8.958280563354492,16.752769470214844,,10.691143989562988,22.761072158813477,11.31173038482666
2008-07-09,13.300480842590332,,22.6247615814209,11.212881088256836,23.427764892578125,8.691455841064453,16.587017059326172,,10.818825721740723,22.870853424072266,11.073168754577637
2008-07-10,13.351238250732422,,23.31894302368164,11.131797790527344,23.787752151489258,8.801325798034668,16.70979881286621,,10.84542465209961,22.99526596069336,10.87834644317627
2008-07-11,13.341090202331543,,23.17728614807129,10.819040298461914,23.357173919677734,8.718921661376953,16.531774520874023,,10.762964248657227,22.55614471435547,10.651715278625488
2008-07-14,13.489996910095215,,23.330280303955078,10.263031005859375,23.463054656982422,8.652215957641602,16.544042587280273,,10.688478469848633,22.709840774536133,10.596052169799805
2008-07-15,13.358012199401855,,22.347087860107422,9.94448471069336,22.997182846069336,8.632596015930176,16.51335906982422,,10.613997459411621,22.81962013244629,10.596052169799805
2008-07-16,13.40877628326416,,21.771900177001953,11.24763011932373,23.52659034729004,8.758162498474121,16.722068786621094,,10.403843879699707,22.98063087463379,11.021484375
2008-07-17,13.493389129638672,,21.41489601135254,11.734139442443848,24.17598533630371,8.848411560058594,16.752769470214844,,10.238912582397461,23.207509994506836,11.073168754577637
2008-07-18,13.402006149291992,,21.788904190063477,11.971611022949219,24.211267471313477,8.946511268615723,16.47037696838379,,10.249553680419922,23.200191497802734,11.415109634399414
2008-07-21,13.679520606994629,,22.44059944152832,12.017940521240234,24.232454299926758,8.76993465423584,16.43354606628418,,10.430450439453125,22.79034423828125,11.21232795715332
2008-07-22,13.699832916259766,,21.695409774780273,13.025711059570312,24.528921127319336,8.722847938537598,16.722068786621094,,10.395865440368652,23.10504722595215,11.510531425476074
2008-07-23,13.527225494384766,,20.907712936401367,13.008329391479492,24.71950912475586,8.879800796508789,16.838708877563477,,10.143152236938477,23.207509994506836,11.733187675476074
2008-07-24,13.185409545898438,,20.856712341308594,12.133780479431152,24.105398178100586,8.652215957641602,16.734352111816406,,10.127191543579102,23.185556411743164,11.482697486877441
2008-07-25,13.205710411071777,,20.913381576538086,12.087440490722656,24.33126449584961,8.773862838745117,16.64226531982422,,10.004822731018066,23.324613571166992,11.303777694702148
2008-07-28,13.188800811767578,,20.995546340942383,11.519847869873047,23.773637771606445,8.589433670043945,16.50107765197754,,10.02876091003418,23.134321212768555,11.037383079528809
2008-07-29,13.449378967285156,,20.7462215423584,12.452322959899902,24.670085906982422,8.762085914611816,16.887819290161133,,10.042060852050781,23.368518829345703,11.431011199951172
2008-07-30,13.7675142288208,,21.981578826904297,12.643447875976562,24.95949363708496,8.820942878723145,17.084257125854492,,10.238912582397461,23.36119842529297,11.419082641601562
2008-07-31,13.665985107421875,,21.08055305480957,12.52761173248291,24.19715690612793,8.76993465423584,16.820297241210938,,10.129850387573242,23.383163452148438,11.34354019165039
2008-08-01,13.418929100036621,,21.077730178833008,12.52761173248291,24.17598533630371,8.671836853027344,16.78959083557129,,9.839890480041504,23.207509994506836,11.23221206665039
2008-08-04,12.836821556091309,,20.08603286743164,12.423369407653809,24.070100784301758,8.714999198913574,16.94306182861328,,9.733488082885742,23.40511703491211,11.315710067749023
2008-08-05,12.98572826385498,,20.236196517944336,13.054667472839355,24.740680694580078,8.879800796508789,17.237722396850586,,9.8132905960083,24.166255950927734,11.820660591125488
2008-08-06,13.114334106445312,,20.698043823242188,12.921457290649414,25.213621139526367,9.005367279052734,17.42188835144043,,9.866495132446289,24.261402130126953,11.761014938354492
2008-08-07,13.073723793029785,,20.45720672607422,12.28436279296875,24.366561889648438,8.989673614501953,17.084257125854492,,9.858515739440918,23.96864891052246,11.530412673950195
2008-08-08,13.019576072692871,,20.111536026000977,12.707159996032715,25.206554412841797,9.16232681274414,17.440305709838867,,9.887771606445312,24.385818481445312,12.079097747802734
2008-08-11,13.036498069763184,,20.10303497314453,12.921457290649414,25.27008628845215,9.221184730529785,17.593782424926758,,9.996841430664062,24.40777587890625,12.448864936828613
2008-08-12,13.144792556762695,,20.114362716674805,12.266990661621094,25.023019790649414,9.240801811218262,17.716550827026367,,9.879796981811523,24.356544494628906,12.285852432250977
2008-08-13,13.4290771484375,,20.82554817199707,11.913687705993652,24.93126106262207,9.205488204956055,17.538530349731445,,9.879796981811523,24.371171951293945,12.087053298950195
2008-08-14,13.402006149291992,,20.443031311035156,12.28436279296875,25.023019790649414,9.276117324829102,17.618335723876953,,9.794671058654785,24.356544494628906,12.269949913024902
2008-08-15,13.317398071289062,,20.060531616210938,12.371240615844727,25.164207458496094,9.311431884765625,17.79021644592285,,9.829248428344727,24.598058700561523,12.413082122802734
2008-08-18,13.19555950164795,,19.805522918701172,11.896310806274414,24.881853103637695,9.193717002868652,17.716550827026367,,9.842549324035645,24.393142700195312,12.202353477478027
2008-08-19,13.114334106445312,,20.516712188720703,11.548806190490723,24.571273803710938,9.0328369140625,17.477140426635742,,9.89575481414795,24.283353805541992,11.975724220275879
2008-08-20,13.344467163085938,,21.108896255493164,11.78626823425293,24.373626708984375,9.052453994750977,17.4832763671875,,9.932994842529297,24.129671096801758,11.828607559204102
2008-08-21,13.459539413452148,,21.63872528076172,11.571972846984863,24.430099487304688,9.01714038848877,17.292970657348633,,10.02876091003418,23.975975036621094,11.92403507232666
2008-08-22,13.45276927947998,,21.142887115478516,12.012149810791016,24.910083770751953,9.142704963684082,17.606056213378906,,10.06866455078125,24.37849998474121,12.202353477478027
2008-08-25,13.16171932220459,,20.868040084838867,11.589348793029785,24.521862030029297,9.02499008178711,17.32366943359375,,9.962264060974121,23.983287811279297,11.860420227050781
2008-08-26,13.232786178588867,,21.293060302734375,11.682016372680664,24.514795303344727,8.989673614501953,17.256147384643555,,10.071322441101074,23.954015731811523,11.951868057250977
2008-08-27,13.354622840881348,,21.630231857299805,11.907898902893066,24.58538818359375,9.075998306274414,17.335947036743164,,10.143152236938477,23.990610122680664,11.987648963928223
2008-08-28,13.544142723083496,,21.250564575195312,12.388612747192383,25.135967254638672,9.130932807922363,17.446443557739258,,10.159111022949219,24.129671096801758,12.26596736907959
2008-08-29,13.45276927947998,,21.15139389038086,12.405990600585938,24.86067771911621,8.926888465881348,17.27455711364746,,10.018118858337402,23.866193771362305,12.126808166503906
2008-09-02,13.114334106445312,,19.989702224731445,12.579743385314941,24.867740631103516,8.87587833404541,17.464868545532227,,9.89575481414795,23.822282791137695,12.365374565124512
2008-09-03,13.046648025512695,,19.913190841674805,12.776664733886719,24.684202194213867,8.758162498474121,17.335947036743164,,9.73880386352539,23.961332321166992,12.428983688354492
2008-09-04,12.582998275756836,,19.46550750732422,12.151154518127441,23.837169647216797,8.444244384765625,17.2254581451416,,9.616439819335938,23.43438148498535,12.015480995178223
2008-09-05,12.59653377532959,,19.386178970336914,12.591326713562012,23.830101013183594,8.444244384765625,17.385051727294922,,9.41426944732666,23.309980392456055,12.039340019226074
2008-09-08,12.572839736938477,,19.253007888793945,13.135750770568848,24.211267471313477,8.546272277832031,17.753387451171875,,9.651021003723145,23.69786262512207,12.584050178527832
2008-09-09,12.173489570617676,,17.921300888061523,12.295947074890137,23.49835777282715,8.397161483764648,17.661304473876953,,9.347765922546387,23.492948532104492,12.34549331665039
2008-09-10,12.278403282165527,,18.626819610595703,12.145362854003906,23.59716796875,8.35792350769043,17.784082412719727,,9.451507568359375,23.397794723510742,12.21825885772705
2008-09-11,12.488228797912598,,18.89316749572754,12.423369407653809,24.14069366455078,8.495256423950195,17.857746124267578,,9.525996208190918,23.492948532104492,12.405132293701172
2008-09-12,12.887587547302246,,19.53068733215332,12.249613761901855,24.077163696289062,8.534500122070312,17.894580841064453,,9.704228401184082,23.712501525878906,12.405132293701172
2008-09-15,12.35285758972168,,18.03464126586914,11.056501388549805,23.110132217407227,8.122489929199219,17.67972755432129,,9.36638069152832,23.0538272857666,11.987648963928223
2008-09-16,12.488228797912598,,18.796833038330078,11.88473129272461,23.180709838867188,8.275520324707031,17.67972755432129,,9.225397109985352,23.017223358154297,12.067167282104492
2008-09-17,12.254714012145996,,18.402990341186523,10.743748664855957,22.397197723388672,7.816424369812012,17.047422409057617,,8.778491973876953,22.651290893554688,11.590047836303711
2008-09-18,12.251331329345703,,18.952667236328125,11.589348793029785,22.856008529663086,8.149955749511719,17.15792465209961,,9.100369453430176,22.94403648376465,11.888246536254883
2008-09-19,13.031954765319824,,20.253128051757812,13.086259841918945,23.499025344848633,8.209409713745117,17.120223999023438,,9.392890930175781,23.19548225402832,12.049845695495605
2008-09-22,12.865139961242676,,19.897811889648438,12.016197204589844,22.874465942382812,7.9967942237854,17.027511596679688,,9.15941333770752,22.64408302307129,11.555083274841309
2008-09-23,12.5655517578125,,19.24118423461914,11.981121063232422,22.370559692382812,7.992851734161377,16.798830032348633,,9.001072883605957,22.10738754272461,11.391494750976562
2008-09-24,12.317032814025879,,19.298032760620117,11.846624374389648,22.32087516784668,8.012541770935059,16.767927169799805,,9.084270477294922,22.313241958618164,11.351593971252441
2008-09-25,12.282986640930176,,19.76990509033203,12.174077033996582,22.498306274414062,8.150350570678711,17.18202781677246,,9.264073371887207,22.717601776123047,11.555083274841309
2008-09-26,11.997026443481445,,19.244028091430664,12.50737476348877,22.40604591369629,8.189724922180176,17.120223999023438,,9.266759872436523,22.673480987548828,11.670794486999512
2008-09-29,11.132312774658203,,16.955778121948242,10.858437538146973,21.646642684936523,7.480997085571289,16.47744369506836,,8.781011581420898,22.16620635986328,10.892739295959473
2008-09-30,11.370616912841797,,17.993309020996094,11.630280494689941,21.85955238342285,7.815672874450684,17.05841064453125,,8.917879104614258,22.092674255371094,11.1321439743042
2008-10-01,11.183375358581543,,17.69768714904785,12.086371421813965,21.341461181640625,7.744802474975586,17.18202781677246,,8.8803071975708,22.239723205566406,11.1321439743042
2008-10-02,10.37994384765625,,16.688575744628906,11.484098434448242,20.063947677612305,7.441624164581299,16.965707778930664,,8.751492500305176,22.276477813720703,10.729148864746094
2008-10-03,10.277813911437988,,16.48960304260254,10.981229782104492,19.74457359313965,7.335313320159912,16.829734802246094,,8.619991302490234,21.79859733581543,10.354093551635742
2008-10-06,9.770560264587402,,15.602726936340332,10.408195495605469,19.226470947265625,6.929765701293945,16.341468811035156,,8.198652267456055,20.982534408569336,10.062819480895996
2008-10-07,9.266711235046387,,14.747127532958984,9.3089017868042,18.587724685668945,6.575404167175293,15.822295188903809,,7.863193035125732,20.475250244140625,9.416434288024902
2008-10-08,9.56629753112793,,15.025690078735352,8.934674263000488,18.303831100463867,6.5163421630859375,15.389657020568848,,7.726325035095215,20.107656478881836,9.232893943786621
2008-10-09,8.953508377075195,,12.862515449523926,8.004952430725098,17.260530471801758,6.2997870445251465,14.462570190429688,,7.205687999725342,18.563732147216797,8.646363258361816
2008-10-10,8.742440223693848,,12.336641311645508,8.829422950744629,16.706945419311523,6.260412693023682,14.586182594299316,,6.913171768188477,17.747661590576172,8.829900741577148
2008-10-13,9.971415519714355,,14.369058609008789,9.519404411315918,18.495452880859375,6.992760181427002,15.266048431396484,,7.747792720794678,19.887088775634766,9.17703628540039
2008-10-14,9.682043075561523,,14.38612174987793,10.133368492126465,18.488359451293945,6.756520748138428,15.296947479248047,,7.683384895324707,20.291444778442383,9.232893943786621
2008-10-15,8.480299949645996,,12.30821704864502,9.034079551696777,16.74953269958496,6.248600959777832,14.771600723266602,,7.111761569976807,18.30641746520996,8.159582138061523
2008-10-16,8.538175582885742,,12.777235984802246,9.23873519897461,17.09019660949707,6.575404167175293,14.913756370544434,,7.3184051513671875,19.262170791625977,8.69823169708252
2008-10-17,8.766266822814941,,13.058650016784668,8.975605964660645,16.721141815185547,6.512404918670654,15.02500057220459,,7.3559770584106445,19.18865203857422,8.873797416687012
2008-10-20,9.20883846282959,,14.579415321350098,9.419999122619629,17.551515579223633,6.772274017333984,15.148611068725586,,7.9759087562561035,19.960609436035156,8.921675682067871
2008-10-21,8.82073974609375,,13.91710090637207,9.133481979370117,17.3953800201416,6.417909622192383,15.006464004516602,,7.723642826080322,19.90179443359375,8.82192325592041
2008-10-22,8.337316513061523,,12.564050674438477,8.560446739196777,16.59339141845703,6.083233833312988,14.771600723266602,,7.3962321281433105,19.409208297729492,8.219429969787598
2008-10-23,8.1466703414917,,13.23204517364502,8.472737312316895,16.635971069335938,6.22104024887085,14.833405494689941,,7.573353290557861,18.960729598999023,8.219429969787598
2008-10-24,7.796021938323975,,12.407706260681152,7.923088073730469,15.677849769592285,5.929673671722412,14.0917329788208,,7.372078895568848,18.894575119018555,7.748607635498047
2008-10-27,7.217278003692627,,11.614638328552246,7.706738471984863,15.074575424194336,5.807617664337158,13.733262062072754,,7.084928035736084,18.085847854614258,7.632899761199951
2008-10-28,8.126246452331543,,13.38554573059082,8.917132377624512,16.621767044067383,6.614776134490967,14.67888355255127,,7.798780918121338,19.22541618347168,8.379033088684082
2008-10-29,8.459877967834473,,13.681163787841797,8.367487907409668,16.6927490234375,6.358847618103027,14.394587516784668,,7.549205780029297,19.093082427978516,8.550600051879883
2008-10-30,8.72541332244873,,14.312214851379395,8.65985107421875,17.296018600463867,6.59508752822876,15.000279426574707,,7.970542907714844,19.54155158996582,8.809954643249512
2008-10-31,8.82414722442627,,14.610682487487793,9.080856323242188,17.870893478393555,6.555713653564453,14.907571792602539,,7.758530139923096,19.556249618530273,9.169055938720703
2008-11-03,8.783292770385742,,14.158713340759277,9.133481979370117,17.565719604492188,6.555713653564453,15.136258125305176,,7.839041709899902,19.703285217285156,8.905712127685547
2008-11-04,9.195219993591309,,15.071171760559082,9.648046493530273,18.332216262817383,6.831331253051758,15.358757972717285,,7.986643314361572,19.960609436035156,9.256837844848633
2008-11-05,8.810526847839355,,14.397492408752441,8.765100479125977,17.565719604492188,6.417909622192383,15.086813926696777,,7.839041709899902,19.666534423828125,8.746115684509277
2008-11-06,8.3305082321167,,13.530508995056152,8.162829399108887,16.742431640625,6.063544273376465,14.926118850708008,,7.471374988555908,19.18865203857422,8.283272743225098
2008-11-07,8.466681480407715,,14.170088768005371,8.314859390258789,16.912769317626953,6.236788749694824,14.99410343170166,,7.798780918121338,19.431264877319336,8.426913261413574
2008-11-10,8.470087051391602,,14.218408584594727,8.069271087646484,16.919864654541016,6.169853687286377,15.037360191345215,,7.610929012298584,19.291574478149414,8.231401443481445
2008-11-11,8.13305377960205,,13.80908489227295,7.788604259490967,16.543710708618164,6.035984992980957,14.697431564331055,,7.610929012298584,18.946029663085938,7.944120407104492
2008-11-12,7.615591049194336,,12.677749633789062,7.3091254234313965,15.755910873413086,5.752492427825928,14.382222175598145,,7.358659744262695,18.52696990966797,7.461329936981201
2008-11-13,8.235184669494629,,14.167243957519531,7.841230869293213,16.600482940673828,6.110794544219971,14.95701789855957,,7.916867256164551,19.51949119567871,8.043869018554688
2008-11-14,7.734742641448975,,13.578834533691406,7.443609714508057,15.897856712341309,5.831240177154541,14.512016296386719,,7.729011058807373,18.776941299438477,7.652847766876221
2008-11-17,7.57473611831665,,13.297428131103516,6.969980716705322,15.57848072052002,5.665870189666748,14.320418357849121,,7.715590000152588,18.453454971313477,7.43339729309082
2008-11-18,7.489627838134766,,13.669793128967285,6.870575428009033,15.592668533325195,5.7446184158325195,14.419309616088867,,7.6323957443237305,18.578428268432617,7.39749002456665
2008-11-19,7.040246963500977,,12.962003707885742,6.15136194229126,14.58486557006836,5.425692081451416,14.048469543457031,,7.468690395355225,17.828535079956055,6.922677993774414
2008-11-20,6.767899513244629,,11.358809471130371,5.490614891052246,14.194511413574219,5.193386077880859,13.560205459594727,,7.033936023712158,17.321245193481445,6.515693664550781
2008-11-21,6.842792987823486,,12.626583099365234,5.660184860229492,14.613256454467773,5.469005107879639,14.2091646194458,,7.737057685852051,17.343303680419922,6.962575912475586
2008-11-24,7.237703800201416,,13.539034843444824,6.519741058349609,15.344265937805176,5.736746311187744,14.388401985168457,,7.814888000488281,17.688854217529297,7.509207725524902
2008-11-25,7.503243446350098,,13.755071640014648,6.899814128875732,15.564285278320312,5.815492153167725,14.468753814697266,,7.970542907714844,17.80648422241211,7.604969024658203
2008-11-26,7.847090244293213,,14.525407791137695,7.221414089202881,16.053997039794922,5.996610164642334,14.654169082641602,,7.943703651428223,18.085847854614258,8.051855087280273
2008-11-28,7.881129264831543,,14.292311668395996,7.402682781219482,16.401765823364258,6.004483699798584,14.876666069030762,,8.083255767822266,18.32111930847168,8.175538063049316
2008-12-01,7.213873386383057,,12.771553039550781,6.168900489807129,15.053290367126465,5.571373462677002,14.054648399353027,,7.546517372131348,17.38005828857422,7.461329936981201
2008-12-02,7.493031024932861,,13.203620910644531,6.671769142150879,15.748811721801758,5.768242835998535,14.258610725402832,,7.742427825927734,17.828535079956055,7.80845832824707
2008-12-03,7.479416370391846,,13.212148666381836,7.016759395599365,16.018512725830078,5.93361234664917,14.431663513183594,,7.876612186431885,18.254945755004883,8.087760925292969
2008-12-04,7.3296217918396,,12.296847343444824,6.9407453536987305,15.69913101196289,5.693430423736572,14.246248245239258,,7.592141151428223,17.909408569335938,8.175538063049316
2008-12-05,7.4657979011535645,,12.55267333984375,7.490390777587891,16.08238410949707,5.917863368988037,14.647987365722656,,7.640447616577148,18.519622802734375,8.414945602416992
2008-12-08,8.027521133422852,,13.10981559753418,7.993257999420166,16.50112533569336,6.193479061126709,14.734513282775879,,7.7638959884643555,18.666658401489258,8.73015308380127
2008-12-09,7.94240665435791,,13.240568161010742,7.671658515930176,16.210134506225586,6.1541056632995605,14.450212478637695,,7.653865337371826,18.37257957458496,8.55459213256836
2008-12-10,8.187528610229492,,13.92562484741211,7.537168979644775,16.472732543945312,6.102919578552246,14.444029808044434,,7.769262790679932,18.32111930847168,8.7540922164917
2008-12-11,7.833468914031982,,13.860245704650879,6.958284854888916,15.763008117675781,5.972986221313477,14.283336639404297,,7.707538604736328,18.43140411376953,8.38301944732666
2008-12-12,7.86410665512085,,13.72380542755127,7.092772006988525,15.805590629577637,6.043859958648682,14.301877975463867,,7.755842208862305,18.46816062927246,8.355093955993652
2008-12-15,7.847090244293213,,13.64421272277832,6.800408363342285,15.79849910736084,5.97692346572876,14.28951644897461,,7.635080337524414,18.43140411376953,8.327160835266113
2008-12-16,8.327103614807129,,14.067756652832031,7.5605597496032715,16.579200744628906,6.287972927093506,14.62326717376709,,7.895397663116455,19.159236907958984,8.770052909851074
2008-12-17,8.333911895751953,,13.976786613464355,7.490390777587891,16.586288452148438,6.165915489196777,14.549095153808594,,7.656547546386719,19.041606903076172,8.8179349899292
2008-12-18,8.013901710510254,,13.163825035095215,7.274039268493652,16.004318237304688,5.992673397064209,14.598541259765625,,7.720958232879639,19.18130111694336,8.570556640625
2008-12-19,7.849539279937744,,13.143534660339355,7.258018493652344,16.181324005126953,6.044528007507324,14.48010540008545,,7.766884803771973,19.298171997070312,8.535173416137695
2008-12-22,7.563538074493408,,12.752089500427246,7.002828598022461,15.930493354797363,5.961400985717773,14.517508506774902,,7.663619041442871,19.16502571105957,8.306015014648438
2008-12-23,7.535970211029053,,12.780659675598145,6.836659908294678,15.880341529846191,5.878273010253906,14.39908218383789,,7.576652526855469,19.172426223754883,8.217567443847656
2008-12-24,7.542860984802246,,12.732086181640625,6.98502779006958,15.980667114257812,5.9178595542907715,14.523744583129883,,7.6146979331970215,19.105854034423828,8.277873992919922
2008-12-26,7.635895252227783,,12.903521537780762,6.990963935852051,16.102497100830078,5.90994119644165,14.536208152770996,,7.631009101867676,19.120643615722656,8.370341300964355
2008-12-29,7.498064994812012,,13.186399459838867,6.931615352630615,15.801507949829102,5.9138994216918945,14.50503921508789,,7.647312164306641,19.09105682373047,8.209527969360352
2008-12-30,7.701365947723389,,13.50642204284668,7.198672294616699,16.38914680480957,6.024736404418945,14.735682487487793,,7.764166355133057,19.460891723632812,8.519092559814453
2008-12-31,7.835756778717041,,13.649276733398438,7.430121898651123,16.783279418945312,6.099945545196533,14.879047393798828,,7.889175891876221,19.638416290283203,8.671867370605469
2009-01-02,8.121756553649902,,14.329310417175293,7.513204097747803,17.39958381652832,6.32953405380249,15.090978622436523,,8.073974609375,20.037841796875,9.106060981750488
2009-01-05,8.138983726501465,,14.666473388671875,7.388576984405518,17.2634220123291,6.309741973876953,15.15330982208252,,8.188112258911133,19.941680908203125,9.06585693359375
2009-01-06,8.321611404418945,,14.826478958129883,7.507271766662598,17.643224716186523,6.456205368041992,14.928914070129395,,8.07125473022461,19.616230010986328,9.218631744384766
2009-01-07,8.128644943237305,,14.197877883911133,7.115589141845703,16.854948043823242,6.250366687774658,14.779315948486328,,8.00603199005127,19.438697814941406,8.852782249450684
2009-01-08,8.242359161376953,,14.380743980407715,7.085909843444824,17.0197696685791,6.293909072875977,14.58607292175293,,7.965271472930908,19.549659729003906,8.90504264831543
2009-01-09,8.042499542236328,,13.897862434387207,6.860401153564453,16.647123336791992,6.155361652374268,14.336738586425781,,7.902767658233643,19.342552185058594,8.631660461425781
2009-01-12,7.708258628845215,,13.349266052246094,6.498390197753906,16.28165054321289,6.044528007507324,14.342976570129395,,7.905481338500977,19.09105682373047,8.426621437072754
2009-01-13,7.749610900878906,,13.683562278747559,6.587409973144531,16.00217056274414,6.016819000244141,14.430242538452148,,7.756016731262207,19.253787994384766,8.318075180053711
2009-01-14,7.460158824920654,,13.02924633026123,6.2075958251953125,15.407369613647461,5.834730625152588,14.112343788146973,,7.660895824432373,18.9801082611084,7.992427349090576
2009-01-15,7.680697441101074,,13.192111015319824,5.922732830047607,15.550699234008789,5.8743157386779785,14.174677848815918,,7.701663494110107,19.113245010375977,8.189423561096191
2009-01-16,7.766836643218994,,13.297834396362305,5.744694232940674,15.636688232421875,5.9138994216918945,14.30557632446289,,7.853851318359375,19.27597427368164,8.285917282104492
2009-01-20,7.329220771789551,,12.589221954345703,4.795157432556152,14.912903785705566,5.672435283660889,14.137274742126465,,7.717970848083496,18.80997657775879,7.799454212188721
2009-01-21,7.587657451629639,,13.434978485107422,5.501375675201416,15.29271411895752,5.945568084716797,14.205842018127441,,7.804930210113525,19.20941162109375,8.036653518676758
2009-01-22,7.470499038696289,,13.06639289855957,5.163103103637695,15.242545127868652,5.810980796813965,14.193376541137695,,7.802212238311768,19.290782928466797,7.936144828796387
2009-01-23,7.584213733673096,,13.44640827178955,5.335208415985107,14.783912658691406,5.894106388092041,14.056243896484375,,7.818520545959473,19.290782928466797,7.912021160125732
2009-01-26,7.494622707366943,,13.69499397277832,5.2402520179748535,14.955893516540527,5.965359687805176,14.149737358093262,,8.00603199005127,19.187217712402344,7.968306541442871
2009-01-27,7.549755096435547,,13.717851638793945,5.424227237701416,15.228215217590332,6.0009846687316895,14.224533081054688,,8.04408073425293,19.586637496948242,7.944187164306641
2009-01-28,7.763393402099609,,14.092155456542969,6.118575572967529,15.665351867675781,6.171197414398193,14.367910385131836,,8.095714569091797,19.88990020751953,8.281891822814941
2009-01-29,7.553197860717773,,13.594995498657227,5.637871265411377,15.092053413391113,5.989109039306641,14.243245124816895,,8.035926818847656,19.60883331298828,7.948207855224609
2009-01-30,7.256857872009277,,13.406410217285156,5.4835734367370605,14.769577980041504,5.810980796813965,13.80691146850586,,7.875589370727539,19.40172004699707,7.7512102127075195
2009-02-02,7.153483867645264,,13.192111015319824,5.4835734367370605,14.432765007019043,5.902023792266846,13.688467979431152,,7.9190673828125,19.52745819091797,7.6788434982299805
2009-02-03,7.291318893432617,,13.420694351196289,5.382683277130127,14.697920799255371,6.020777702331543,13.987674713134766,,7.954399585723877,20.03044891357422,7.895942211151123
2009-02-04,7.380906581878662,,13.546412467956543,5.323338031768799,14.619085311889648,6.016819000244141,13.607436180114746,,8.014185905456543,19.941680908203125,7.72306489944458
2009-02-05,7.577317237854004,,13.877861022949219,5.406420707702637,14.791075706481934,6.111821174621582,13.800670623779297,,8.07125473022461,20.111812591552734,7.867796897888184
2009-02-06,7.804741859436035,,14.135013580322266,5.809974193572998,15.149384498596191,6.3216166496276855,14.037538528442383,,8.12289047241211,20.2745361328125,8.092938423156738
2009-02-09,7.777175426483154,,14.186450004577637,5.875256061553955,15.436041831970215,6.337450981140137,13.900406837463379,,8.076691627502441,20.21537208557129,8.068814277648926
2009-02-10,7.4291462898254395,,13.526412963867188,5.275861740112305,14.626249313354492,6.080151557922363,13.451602935791016,,7.84841251373291,19.542255401611328,7.6868815422058105
2009-02-11,7.4291462898254395,,13.372116088867188,5.5310492515563965,14.740918159484863,6.092029571533203,13.52640438079834,,7.823953628540039,19.786361694335938,7.747189521789551
2009-02-12,7.553197860717773,,13.394975662231445,5.459832668304443,14.576088905334473,6.119737148284912,13.651074409484863,,7.756016731262207,20.015655517578125,7.759252548217773
2009-02-13,7.439486980438232,,13.426405906677246,5.252123832702637,14.576088905334473,6.092029571533203,13.439133644104004,,7.709815502166748,19.712383270263672,7.634618282318115
2009-02-17,7.115579605102539,,12.497787475585938,4.72987699508667,13.837967872619629,5.838688850402832,13.245906829833984,,7.375549793243408,19.372135162353516,7.345149517059326
2009-02-18,7.0742316246032715,,12.426358222961426,4.72987699508667,13.859463691711426,5.84264612197876,13.314472198486328,,7.264132022857666,19.364730834960938,7.296910285949707
2009-02-19,7.001868724822998,,12.429214477539062,4.4806227684021,13.55132007598877,5.700143337249756,13.482770919799805,,7.296741962432861,19.327762603759766,7.220523834228516
2009-02-20,7.057001113891602,,12.109198570251465,4.415341854095459,13.343497276306152,5.755561828613281,13.277068138122559,,7.130969524383545,19.128036499023438,7.1722822189331055
2009-02-23,6.629723072052002,,11.543455123901367,4.261042594909668,12.827528953552246,5.490347385406494,12.934234619140625,,6.9597601890563965,18.75080680847168,7.011464595794678
2009-02-24,6.83991813659668,,12.086333274841309,4.777353763580322,13.107016563415527,5.636808395385742,13.183568954467773,,7.160860538482666,19.024490356445312,7.31701135635376
2009-02-25,6.736542701721191,,12.014910697937012,4.747683048248291,12.79170036315918,5.688266277313232,13.058902740478516,,7.1146626472473145,18.639856338500977,7.248668193817139
2009-02-26,6.743433475494385,,12.043481826782227,4.824831962585449,12.569549560546875,5.6288933753967285,12.77216911315918,,6.997805595397949,17.707860946655273,7.095893859863281
2009-02-27,6.674520015716553,,11.75203800201416,4.510296821594238,12.254234313964844,5.589308738708496,12.691132545471191,,6.889101028442383,16.997774124145508,7.047646999359131
2009-03-02,6.230010986328125,,10.891993522644043,4.225435256958008,11.451616287231445,5.4547224044799805,12.448033332824707,,6.671693801879883,16.265487670898438,6.7823076248168945
2009-03-03,6.254129886627197,,10.94628620147705,4.142353057861328,11.365622520446777,5.403260707855225,12.298430442810059,,6.4325480461120605,16.228513717651367,6.73004150390625
2009-03-04,6.471219062805176,,11.46916389465332,4.0889410972595215,11.680936813354492,5.545764923095703,12.535296440124512,,6.492332935333252,16.694507598876953,6.878795146942139
2009-03-05,6.2610249519348145,,10.963425636291504,3.703193426132202,11.229466438293457,5.375552654266357,12.248564720153809,,6.307537078857422,16.250701904296875,6.557168006896973
2009-03-06,6.340276718139648,,11.083433151245117,3.6675832271575928,11.10763931274414,5.403260707855225,12.28596305847168,,6.299384117126465,16.487396240234375,6.561188697814941
2009-03-09,6.264467239379883,,11.103429794311523,3.7150609493255615,11.007312774658203,5.233048439025879,12.098960876464844,,6.1798095703125,16.184123992919922,6.476762771606445
2009-03-10,6.612494945526123,,11.66632080078125,4.266979694366455,11.838593482971191,5.533891677856445,12.323365211486816,,6.261336326599121,16.768478393554688,6.874776363372803
2009-03-11,6.812349796295166,,11.617742538452148,4.379737377166748,11.953251838684082,5.656600475311279,12.310898780822754,,6.250465393066406,16.4652099609375,6.983323097229004
2009-03-12,6.981194019317627,,11.96633529663086,4.8307671546936035,12.340229034423828,5.818897247314453,12.628802299499512,,6.331995487213135,17.271453857421875,7.240623950958252
2009-03-13,7.012207508087158,,11.85776138305664,4.860439777374268,12.36173152923584,5.818897247314453,12.815800666809082,,6.418956756591797,17.84840202331543,7.3250532150268555
2009-03-16,7.122470855712891,,12.00918960571289,4.765487194061279,12.49789047241211,5.7674384117126465,13.01526927947998,,6.5928826332092285,17.656084060668945,7.152177810668945
2009-03-17,7.184494972229004,,12.42349910736084,5.074084281921387,12.863364219665527,5.977236747741699,13.258369445800781,,6.696152210235596,17.929763793945312,7.497927188873291
2009-03-18,7.394690036773682,,12.54922103881836,5.584461688995361,13.107016563415527,6.060361862182617,13.189802169799805,,6.913558006286621,17.959346771240234,7.7351250648498535
2009-03-19,7.463607311248779,,12.852094650268555,5.1393632888793945,12.978026390075684,6.076196670532227,13.021496772766113,,7.014113426208496,17.522939682006836,7.650696754455566
2009-03-20,7.332217216491699,,12.349494934082031,4.879220962524414,12.582247734069824,5.9834980964660645,12.897977828979492,,6.965202331542969,17.52740478515625,7.497910499572754
2009-03-23,7.765561580657959,,13.366179466247559,5.682430744171143,13.493900299072266,6.3375749588012695,13.462300300598145,,7.234466075897217,18.1674747467041,8.027416229248047
2009-03-24,7.7343597412109375,,13.113438606262207,5.406702041625977,13.385363578796387,6.234138488769531,13.399598121643066,,7.077853202819824,17.929304122924805,7.922323226928711
2009-03-25,7.803697109222412,,13.050254821777344,5.586526393890381,13.493900299072266,6.2699432373046875,13.531275749206543,,7.075108528137207,18.04839515686035,7.978912830352783
2009-03-26,8.115704536437988,,13.162266731262207,5.652461528778076,14.21743392944336,6.433055877685547,13.68176555633545,,7.160284519195557,18.249343872070312,8.346729278564453
2009-03-27,7.938899040222168,,12.771679878234863,5.47863245010376,13.949729919433594,6.293810844421387,13.550084114074707,,7.0888447761535645,18.055843353271484,8.124423027038574
2009-03-30,7.665026664733887,,12.29780101776123,5.0050950050354,13.25512981414795,6.09887170791626,13.255383491516113,,6.948718547821045,17.951629638671875,7.881899833679199
2009-03-31,7.6996941566467285,,12.194412231445312,5.280827045440674,13.334716796875,6.2142438888549805,13.230303764343262,,7.020155429840088,18.018619537353516,7.942533493041992
2009-04-01,7.855700492858887,,12.452886581420898,5.430680274963379,13.631372451782227,6.389293670654297,13.456031799316406,,7.047631740570068,18.011186599731445,8.088043212890625
2009-04-02,8.150373458862305,,12.964098930358887,5.580532550811768,14.362142562866211,6.5563859939575195,13.738192558288574,,7.1383056640625,18.085601806640625,8.532662391662598
2009-04-03,8.254375457763672,,13.216835021972656,5.808309555053711,14.37661075592041,6.647890567779541,13.68176555633545,,7.185013294219971,17.787900924682617,8.645841598510742
2009-04-06,8.108771324157715,,12.949737548828125,5.652461528778076,14.412792205810547,6.580257415771484,13.719383239746094,,7.124565601348877,17.959081649780273,8.524580955505371
2009-04-07,7.831431865692139,,12.56202220916748,5.484625816345215,14.000382423400879,6.397252082824707,13.468575477600098,,7.0915937423706055,17.758127212524414,8.27397346496582
2009-04-08,7.921564102172852,,12.722853660583496,5.514596939086914,14.12337589263916,6.492734432220459,13.581439018249512,,7.160284519195557,17.877216339111328,8.508410453796387
2009-04-09,8.264777183532715,,13.096207618713379,6.37175989151001,14.817971229553223,6.655847549438477,13.5877046585083,,7.1630330085754395,17.959081649780273,8.856024742126465
2009-04-13,8.372248649597168,,12.952608108520508,6.641495704650879,14.861385345458984,6.655847549438477,13.550084114074707,,7.069610595703125,18.100496292114258,8.860068321228027
2009-04-14,8.216242790222168,,12.91815185546875,6.203921794891357,14.644319534301758,6.58423376083374,13.361979484558105,,6.978942394256592,18.018619537353516,8.662009239196777
2009-04-15,8.410378456115723,,12.935380935668945,6.503627777099609,14.781794548034668,6.564341068267822,13.600253105163574,,7.044885158538818,18.122814178466797,8.690305709838867
2009-04-16,8.413844108581543,,12.995694160461426,6.575556755065918,15.281025886535645,6.759284496307373,13.782084465026855,,7.094343662261963,18.204687118530273,8.993454933166504
2009-04-17,8.476251602172852,,13.147905349731445,6.659475803375244,15.273805618286133,6.747346878051758,13.851061820983887,,7.083351135253906,18.413076400756836,9.102583885192871
2009-04-20,8.08450698852539,,12.51032829284668,5.91620397567749,14.600907325744629,6.532515525817871,13.581439018249512,,7.0036725997924805,18.055843353271484,8.754973411560059
2009-04-21,8.24744701385498,,12.757315635681152,6.353776454925537,14.955449104309082,6.643912315368652,13.719383239746094,,7.028400897979736,17.884654998779297,8.90048599243164
2009-04-22,8.285574913024902,,12.622329711914062,6.12600040435791,15.186966896057129,6.675739765167236,13.537541389465332,,6.954215049743652,17.69114875793457,8.989410400390625
2009-04-23,8.306378364562988,,12.857839584350586,6.413715362548828,15.353375434875488,6.707566738128662,13.537541389465332,,6.978942394256592,17.706029891967773,8.989410400390625
2009-04-24,8.701589584350586,,13.231191635131836,6.557577133178711,15.67173957824707,6.803046226501465,13.481112480163574,,6.967954635620117,17.683704376220703,9.211721420288086
2009-04-27,8.510915756225586,,12.981331825256348,6.44968318939209,15.360620498657227,6.771222114562988,13.562625885009766,,7.017411708831787,17.877216339111328,9.090459823608398
2009-04-28,8.46584701538086,,13.010047912597656,6.2518744468688965,15.179734230041504,6.767241954803467,13.625327110290527,,7.044885158538818,17.944194793701172,9.090459823608398
2009-04-29,8.656521797180176,,13.369051933288574,6.521610260009766,15.68620491027832,6.842832565307617,13.851061820983887,,7.097089767456055,18.011186599731445,9.256181716918945
2009-04-30,8.89919662475586,,13.147905349731445,6.431700229644775,15.744093894958496,6.862722873687744,13.79463005065918,,7.102584362030029,17.996299743652344,9.413824081420898
2009-05-01,8.91999340057373,,13.572958946228027,6.3837456703186035,15.917741775512695,6.954225063323975,13.851061820983887,,7.289425373077393,17.966537475585938,9.369359016418457
2009-05-04,9.422676086425781,,14.115765571594238,7.031112194061279,16.43868637084961,7.081531524658203,14.064249992370605,,7.399327278137207,18.26422691345215,9.672508239746094
2009-05-05,9.367209434509277,,13.926207542419434,6.9292120933532715,16.489336013793945,7.037776470184326,13.945121765136719,,7.385589122772217,18.472620010375977,9.668466567993164
2009-05-06,9.40534496307373,,14.466143608093262,7.4806718826293945,16.749805450439453,7.077556610107422,14.032903671264648,,7.341623783111572,18.36098289489746,9.76951789855957
2009-05-07,9.096803665161133,,14.279464721679688,7.264882564544678,16.409740447998047,6.80702543258667,14.08933162689209,,7.380094051361084,18.73311996459961,9.555289268493652
2009-05-08,9.290942192077637,,14.888327598571777,7.8043532371521,17.01027488708496,6.799069404602051,14.271166801452637,,7.487246990203857,19.04570960998535,9.696758270263672
2009-05-11,9.155738830566406,,14.43454647064209,7.348802089691162,16.503795623779297,6.818962097167969,14.202198028564453,,7.454283714294434,18.718233108520508,9.526995658874512
2009-05-12,9.245870590209961,,14.526455879211426,7.192953586578369,16.32291603088379,6.783153057098389,14.371493339538574,,7.506482124328613,19.023378372192383,9.324899673461914
2009-05-13,8.847195625305176,,14.04683780670166,6.827310562133789,15.650026321411133,6.612083911895752,14.108142852783203,,7.305907249450684,18.978723526000977,8.997491836547852
2009-05-14,8.923463821411133,,14.087040901184082,7.055091381072998,15.765799522399902,6.683695316314697,14.158307075500488,,7.300413608551025,19.001049041748047,9.009623527526855
2009-05-15,8.95466423034668,,13.785486221313477,6.911229610443115,15.773036003112793,6.683695316314697,14.02662467956543,,7.127313613891602,18.85219383239746,8.944950103759766
2009-05-18,9.21120548248291,,14.262225151062012,7.366786003112793,16.351856231689453,6.866701126098633,14.321325302124023,,7.127313613891602,19.03826141357422,9.385526657104492
2009-05-19,9.31867504119873,,14.331162452697754,7.216928482055664,16.228858947753906,6.906487464904785,14.40284538269043,,7.256450653076172,18.8968505859375,9.349149703979492
2009-05-20,9.360279083251953,,14.379989624023438,7.025115013122559,16.243331909179688,6.83487606048584,14.421658515930176,,7.124565601348877,18.97127914428711,9.248095512390137
2009-05-21,9.15227222442627,,13.954930305480957,7.037105083465576,15.751330375671387,6.715519905090332,14.289989471435547,,7.039388656616211,18.800111770629883,9.02983283996582
2009-05-22,9.11760139465332,,13.960675239562988,6.989151954650879,15.693441390991211,6.739394187927246,14.377765655517578,,7.097089767456055,18.822425842285156,9.126835823059082
2009-05-26,9.336009979248047,,14.256492614746094,7.216928482055664,16.265039443969727,6.914444923400879,14.55959701538086,,7.303159236907959,18.99361228942871,9.434030532836914
2009-05-27,8.985867500305176,,14.101398468017578,7.001141548156738,15.736851692199707,6.846810817718506,14.189657211303711,,7.154787540435791,18.800111770629883,9.227886199951172
2009-05-28,9.14533805847168,,14.569538116455078,7.1989521980285645,15.888789176940918,6.946268558502197,14.34013843536377,,7.303159236907959,18.8968505859375,9.191512107849121
2009-05-29,9.419210433959961,,14.842376708984375,7.3308186531066895,16.27227020263672,7.021859169006348,14.496901512145996,,7.3553667068481445,19.224334716796875,9.345108032226562
2009-06-01,9.706953048706055,,15.388051986694336,7.40873908996582,17.024742126464844,7.2207794189453125,14.78532886505127,,7.59166145324707,19.35085678100586,9.793769836425781
2009-06-02,9.804023742675781,,15.347838401794434,7.288857936859131,17.053688049316406,7.204864501953125,14.935821533203125,,7.5009894371032715,19.469932556152344,9.874606132507324
2009-06-03,9.467747688293457,,14.756214141845703,7.192953586578369,16.72086524963379,7.1252970695495605,14.860577583312988,,7.374599456787109,19.42527961730957,9.745266914367676
2009-06-04,9.686153411865234,,15.089361190795898,7.450699806213379,17.024742126464844,7.224754810333252,14.88565731048584,,7.443289756774902,19.1573429107666,9.765475273132324
2009-06-05,9.547484397888184,,14.96587085723877,7.384765148162842,17.169448852539062,7.296368598937988,14.810413360595703,,7.45153284072876,19.194557189941406,9.704849243164062
2009-06-08,9.498948097229004,,14.931402206420898,7.438711166381836,17.212867736816406,7.252604007720947,14.866848945617676,,7.404820919036865,18.986169815063477,9.793769836425781
2009-06-09,9.668821334838867,,15.077874183654785,7.492660999298096,17.176687240600586,7.284433841705322,14.735164642333984,,7.385589122772217,18.8894100189209,9.850353240966797
2009-06-10,9.679218292236328,,15.212859153747559,7.378772735595703,17.068159103393555,7.304322719573975,14.572142601013184,,7.5009894371032715,18.807540893554688,9.704849243164062
2009-06-11,9.814419746398926,,15.51728343963623,7.438711166381836,17.039213180541992,7.3321709632873535,14.634847640991211,,7.646610736846924,19.008501052856445,9.656340599060059
2009-06-12,9.713887214660645,,15.367941856384277,7.486666202545166,17.068159103393555,7.312279224395752,14.747709274291992,,7.74277925491333,19.075475692749023,9.64421558380127
2009-06-15,9.388012886047363,,14.960122108459473,7.2948503494262695,16.547216415405273,7.236692905426025,14.390304565429688,,7.5861663818359375,18.487506866455078,9.450197219848633
2009-06-16,9.134937286376953,,14.64133358001709,7.168978691101074,16.243331909179688,7.145188331604004,14.202198028564453,,7.533957004547119,18.561935424804688,9.211721420288086
2009-06-17,9.030932426452637,,14.402961730957031,6.959184169769287,16.120319366455078,7.184971332550049,14.346421241760254,,7.555941581726074,18.986169815063477,9.341069221496582
2009-06-18,9.107203483581543,,14.348395347595215,7.12701940536499,16.134803771972656,7.153147220611572,14.60976791381836,,7.726294994354248,19.35085678100586,9.31276798248291
2009-06-19,9.085939407348633,,14.205211639404297,7.254145622253418,16.169754028320312,7.241464614868164,14.462549209594727,,7.633752822875977,19.50794792175293,9.389081001281738
2009-06-22,8.625894546508789,,13.495099067687988,6.832392692565918,15.630760192871094,7.061628818511963,14.405684471130371,,7.6115217208862305,19.1563777923584,9.108996391296387
2009-06-23,8.737419128417969,,13.575923919677734,6.910720348358154,15.485095977783203,7.065626621246338,14.317231178283691,,7.544829845428467,19.096525192260742,9.015628814697266
2009-06-24,8.824554443359375,,13.630776405334473,6.9950714111328125,15.587068557739258,7.165534019470215,14.355138778686523,,7.608742713928223,19.193777084350586,9.068404197692871
2009-06-25,9.012752532958984,,13.916556358337402,7.145694732666016,16.067785263061523,7.269440650939941,14.601550102233887,,7.736575126647949,19.724855422973633,9.385025024414062
2009-06-26,8.99881362915039,,13.824174880981445,7.181845664978027,16.002235412597656,7.257449626922607,14.551007270812988,,7.708785533905029,19.724855422973633,9.320079803466797
2009-06-29,9.078970909118652,,13.95407772064209,7.272222995758057,16.1624813079834,7.333381175994873,14.639460563659668,,7.808828353881836,19.84453773498535,9.437797546386719
2009-06-30,8.991840362548828,,13.870361328125,7.199923515319824,15.994955062866211,7.277431964874268,14.525738716125488,,7.75046968460083,19.67997169494629,9.368793487548828
2009-07-01,9.012752532958984,,13.881911277770996,7.157747745513916,16.060495376586914,7.309402942657471,14.772148132324219,,7.8505096435546875,19.732341766357422,9.42967700958252
2009-07-02,8.765305519104004,,13.324783325195312,6.910720348358154,15.557936668395996,7.125569820404053,14.462549209594727,,7.6254191398620605,19.26108741760254,9.048108100891113
2009-07-06,8.695599555969238,,13.189116477966309,6.916744232177734,15.565220832824707,7.105588912963867,14.759505271911621,,7.669880390167236,19.410701751708984,9.092754364013672
2009-07-07,8.448152542114258,,12.851374626159668,6.808290958404541,15.033506393432617,6.929745197296143,14.576273918151855,,7.517040729522705,19.335893630981445,8.849202156066895
2009-07-08,8.45511531829834,,12.854256629943848,6.693817138671875,14.975242614746094,6.933744430541992,14.639460563659668,,7.483691692352295,19.51542091369629,8.922266960144043
2009-07-09,8.521337509155273,,12.987048149108887,6.77816915512085,15.113626480102539,6.977702617645264,14.532047271728516,,7.486469268798828,19.268569946289062,8.987218856811523
2009-07-10,8.47254467010498,,12.894673347473145,6.687791347503662,15.091780662536621,7.00567626953125,14.462549209594727,,7.478133201599121,19.178804397583008,8.970980644226074
2009-07-13,8.730451583862305,,13.09096908569336,7.1155686378479,15.477814674377441,7.137559413909912,14.721597671508789,,7.608742713928223,19.51542091369629,9.11711311340332
2009-07-14,8.796667098999023,,13.26705265045166,7.085444927215576,15.703600883483887,7.145551681518555,14.765824317932129,,7.667103290557861,19.605175018310547,9.25918960571289
2009-07-15,9.141705513000488,,13.737574577331543,7.386698246002197,16.191614151000977,7.413310527801514,15.005916595458984,,7.819944381713867,19.777225494384766,9.514922142028809
2009-07-16,9.228837013244629,,13.90500545501709,7.362595081329346,16.49024772644043,7.521212577819824,15.107013702392578,,7.822721004486084,19.904380798339844,9.63263988494873
2009-07-17,9.274144172668457,,13.985823631286621,7.31439733505249,16.30086326599121,7.593145370483398,15.119656562805176,,7.786593914031982,19.84453773498535,9.64887523651123
2009-07-20,9.472796440124512,,14.225420951843262,7.374648094177246,16.628629684448242,7.661084175109863,15.163881301879883,,7.8449530601501465,19.88941764831543,9.85184097290039
2009-07-21,9.584327697753906,,14.3495512008667,7.308370590209961,16.635915756225586,7.70504903793335,15.144930839538574,,7.922763347625732,20.181140899658203,9.85184097290039
2009-07-22,9.612210273742676,,14.219645500183105,7.31439733505249,16.686899185180664,7.749007225036621,15.1512451171875,,7.881080150604248,20.106334686279297,9.920851707458496
2009-07-23,9.939817428588867,,14.62377643585205,7.525274753570557,17.036514282226562,7.9008708000183105,15.359743118286133,,8.086719512939453,20.510255813598633,10.152227401733398
2009-07-24,10.019976615905762,,14.776772499084473,7.483096122741699,17.05109405517578,7.8529157638549805,15.49874496459961,,8.21455192565918,20.869308471679688,10.144108772277832
2009-07-27,10.040891647338867,,14.825846672058105,7.603597640991211,17.145771026611328,7.8529157638549805,15.441882133483887,,8.195098876953125,20.854339599609375,10.184699058532715
2009-07-28,9.957244873046875,,14.609345436096191,7.5855231285095215,17.131206512451172,7.868899822235107,15.460837364196777,,8.061711311340332,20.996461868286133,10.152227401733398
2009-07-29,9.748132705688477,,14.271612167358398,7.5855231285095215,17.05109405517578,7.860903739929199,15.542978286743164,,8.022808074951172,20.981494903564453,10.099452018737793
2009-07-30,10.044374465942383,,14.470784187316895,7.760251998901367,17.32786750793457,7.9008708000183105,15.524022102355957,,8.145081520080566,21.01142692565918,10.257767677307129
2009-07-31,10.148931503295898,,14.612232208251953,7.838576316833496,17.393413543701172,7.872897624969482,15.492429733276367,,8.04226016998291,20.84687042236328,10.257767677307129
2009-08-03,10.50790786743164,,14.987494468688965,8.037405014038086,17.772172927856445,7.980801105499268,15.511385917663574,,8.122847557067871,20.974021911621094,10.468852043151855
2009-08-04,10.469572067260742,,14.961522102355957,8.200078964233398,17.903276443481445,7.956821441650391,15.536659240722656,,8.003352165222168,21.026378631591797,10.51350212097168
2009-08-05,10.553218841552734,,14.811420440673828,8.483253479003906,17.757600784301758,7.884884834289551,15.435566902160645,,7.947774887084961,20.727176666259766,10.424198150634766
2009-08-06,10.466086387634277,,14.690173149108887,8.423004150390625,17.85228729248047,7.828937530517578,15.27761459350586,,7.961666584014893,20.57758140563965,10.41607666015625
2009-08-07,10.528816223144531,,14.672853469848633,8.645929336547852,18.29659652709961,7.908864498138428,15.340787887573242,,8.036700248718262,20.667335510253906,10.757057189941406
2009-08-10,10.389413833618164,,14.73636245727539,8.609782218933105,18.12178611755371,7.872897624969482,15.353424072265625,,8.053374290466309,20.831897735595703,10.659634590148926
2009-08-11,10.36501407623291,,14.522746086120605,8.290452003479004,17.88142967224121,7.76099967956543,15.353424072265625,,8.058930397033691,20.801971435546875,10.545975685119629
2009-08-12,10.459114074707031,,14.678621292114258,8.459152221679688,18.194618225097656,7.916857719421387,15.3471097946167,,8.097838401794434,20.9141788482666,10.623103141784668
2009-08-13,10.650801658630371,,14.857598304748535,8.633879661560059,18.274742126464844,7.952823638916016,15.435566902160645,,8.070050239562988,20.89174461364746,10.651517868041992
2009-08-14,10.382438659667969,,14.638212203979492,8.579652786254883,18.012529373168945,7.876891613006592,15.416611671447754,,8.070050239562988,20.89174461364746,10.505383491516113
2009-08-17,9.98861312866211,,14.164796829223633,8.218158721923828,17.48082160949707,7.689060688018799,15.258655548095703,,7.958889007568359,20.809463500976562,10.172524452209473
2009-08-18,10.138476371765137,,14.306244850158691,8.386855125427246,17.692052841186523,7.804956912994385,15.283934593200684,,7.975563049316406,20.794498443603516,10.286188125610352
2009-08-19,10.270913124084473,,14.571825981140137,8.38083267211914,17.7430362701416,7.824939727783203,15.385015487670898,,8.03392505645752,21.086225509643555,10.39172649383545
2009-08-20,10.291828155517578,,14.695944786071777,8.59772777557373,17.96154022216797,7.912858963012695,15.460837364196777,,8.100615501403809,21.235815048217773,10.468852043151855
2009-08-21,10.563674926757812,,15.111626625061035,8.766432762145996,18.427698135375977,8.028757095336914,15.63143539428711,,8.259018898010254,21.452741622924805,10.68399429321289
2009-08-24,10.48003101348877,,15.305027961730957,8.700153350830078,18.46413230895996,8.004778861999512,15.637749671936035,,8.272907257080078,21.602344512939453,10.606866836547852
2009-08-25,10.427750587463379,,15.071207046508789,8.808609008789062,18.566085815429688,8.024758338928223,15.663022994995117,,8.220109939575195,21.602344512939453,10.716468811035156
2009-08-26,10.389413833618164,,15.140487670898438,8.784502983093262,18.3767147064209,8.060725212097168,15.713573455810547,,8.211774826049805,21.609827041625977,10.777349472045898
2009-08-27,10.462599754333496,,15.094298362731934,8.874882698059082,18.54425048828125,8.076714515686035,15.713573455810547,,8.211774826049805,21.602344512939453,10.797649383544922
2009-08-28,10.528816223144531,,15.06254768371582,8.886931419372559,18.4422664642334,8.10468578338623,15.650386810302734,,8.192322731018066,21.445270538330078,10.801708221435547
2009-08-31,10.389413833618164,,14.770997047424316,8.856803894042969,18.2237548828125,8.000781059265137,15.681981086730957,,8.122847557067871,21.40785789489746,10.619038581848145
2009-09-01,10.082712173461914,,14.514083862304688,8.38083267211914,17.917844772338867,7.8369293212890625,15.536659240722656,,8.058930397033691,21.06378173828125,10.428258895874023
2009-09-02,10.176812171936035,,14.40727710723877,8.308526992797852,17.845012664794922,7.8529157638549805,15.549294471740723,,8.003352165222168,21.108667373657227,10.375486373901367
2009-09-03,10.32319164276123,,14.508308410644531,8.47120475769043,18.078083038330078,7.888882637023926,15.58088493347168,,7.997794151306152,21.01142692565918,10.485087394714355
2009-09-04,10.466086387634277,,14.710381507873535,8.567605018615723,18.43498420715332,8.028757095336914,15.694613456726074,,8.036700248718262,21.310625076293945,10.675869941711426
2009-09-08,10.60898208618164,,15.114508628845215,8.603757858276367,18.595224380493164,8.088702201843262,15.827292442321777,,8.056154251098633,21.2133846282959,10.769238471984863
2009-09-09,10.657770156860352,,15.149154663085938,8.73630428314209,18.90842056274414,8.148650169372559,15.820974349975586,,8.045040130615234,21.460224151611328,10.882894515991211
2009-09-10,10.717020988464355,,15.411832809448242,8.808609008789062,19.06867027282715,8.260546684265137,15.93471908569336,,8.045040130615234,21.624784469604492,11.029027938842773
2009-09-11,10.730961799621582,,15.472453117370605,8.75438117980957,19.192487716674805,8.268538475036621,16.00420379638672,,8.04226016998291,21.63226318359375,10.9924955368042
2009-09-14,10.866888046264648,,15.587919235229492,8.868855476379395,19.37457847595215,8.24056339263916,15.966300964355469,,8.158974647521973,21.714548110961914,11.029027938842773
2009-09-15,11.107367515563965,,15.743803977966309,8.886931419372559,19.607656478881836,8.296513557434082,15.884159088134766,,8.220109939575195,21.52005958557129,11.081794738769531
2009-09-16,11.260714530944824,,16.13349151611328,9.194209098815918,19.855300903320312,8.360458374023438,16.01052474975586,,8.35071849822998,21.714548110961914,11.29288387298584
2009-09-17,11.2084321975708,,16.05555534362793,9.164088249206543,19.8917179107666,8.328482627868652,15.953661918640137,,8.295144081115723,21.699583053588867,11.280702590942383
2009-09-18,11.202484130859375,,15.999303817749023,9.150181770324707,19.777494430541992,8.379426956176758,16.16301727294922,,8.333046913146973,21.607173919677734,11.321425437927246
2009-09-21,11.090496063232422,,15.863032341003418,9.065569877624512,19.660337448120117,8.3433256149292,16.112112045288086,,8.293740272521973,21.817541122436523,11.276626586914062
2009-09-22,11.212985038757324,,16.11238670349121,9.271059036254883,19.8946475982666,8.387450218200684,16.143932342529297,,8.271275520324707,21.749921798706055,11.321425437927246
2009-09-23,11.034501075744629,,15.776046752929688,9.083703994750977,19.726234436035156,8.387450218200684,16.143932342529297,,8.24320125579834,21.441892623901367,11.158527374267578
2009-09-24,10.793025016784668,,15.549891471862793,8.902390480041504,19.404048919677734,8.307223320007324,16.061203002929688,,8.22073745727539,21.419353485107422,11.052648544311523
2009-09-25,10.688033103942871,,15.5295991897583,8.817774772644043,19.133129119873047,8.255078315734863,16.061203002929688,,8.198278427124023,21.43438148498535,10.987486839294434
2009-09-28,10.891016960144043,,15.778947830200195,9.11391830444336,19.528532028198242,8.391461372375488,16.093032836914062,,8.268472671508789,21.667285919189453,11.195180892944336
2009-09-29,10.901511192321777,,15.735455513000488,9.071615219116211,19.484603881835938,8.347336769104004,16.16938018798828,,8.28531551361084,21.69733238220215,11.248122215270996
2009-09-30,10.828019142150879,,15.6339750289917,9.029308319091797,19.286897659301758,8.371404647827148,16.20119857788086,,8.234780311584473,21.53956413269043,11.187037467956543
2009-10-01,10.404560089111328,,15.146860122680664,8.630426406860352,18.80362892150879,8.12270736694336,16.054841995239258,,8.094393730163574,21.23152732849121,10.942689895629883
2009-10-02,10.36256217956543,,15.068581581115723,8.636470794677734,18.5620059967041,8.12270736694336,16.10574722290039,,8.007363319396973,21.14888572692871,10.804226875305176
2009-10-05,10.537546157836914,,15.402017593383789,8.90843391418457,18.942758560180664,8.190901756286621,16.143932342529297,,8.094393730163574,21.28412437438965,10.971199989318848
2009-10-06,10.75802993774414,,15.767346382141113,9.023263931274414,19.125812530517578,8.339317321777344,16.290287017822266,,8.15616512298584,21.4569149017334,11.138168334960938
2009-10-07,10.76152515411377,,15.889128684997559,9.119963645935059,19.052587509155273,8.32326889038086,16.360279083251953,,8.16177749633789,21.471946716308594,11.146310806274414
2009-10-08,11.013500213623047,,16.297954559326172,9.132054328918457,19.3894100189209,8.375415802001953,16.455739974975586,,8.16177749633789,21.494482040405273,11.325502395629883
2009-10-09,11.024005889892578,,16.283458709716797,9.210622787475586,19.44066619873047,8.431571960449219,16.493919372558594,,8.212318420410156,21.69733238220215,11.321425437927246
2009-10-12,11.052000999450684,,16.503812789916992,9.283146858215332,19.404048919677734,8.435585021972656,16.563915252685547,,8.296546936035156,21.802507400512695,11.378437995910645
2009-10-13,11.111491203308105,,16.5299129486084,9.19249153137207,19.418699264526367,8.46767520904541,16.50664520263672,,8.23758602142334,21.59215545654297,11.398807525634766
2009-10-14,11.349472999572754,,16.805355072021484,9.506763458251953,19.982519149780273,8.56795597076416,16.563915252685547,,8.24320125579834,21.922719955444336,11.541340827941895
2009-10-15,11.370469093322754,,17.15619468688965,9.422152519226074,19.953224182128906,8.551911354064941,16.69118309020996,,8.30777645111084,21.982820510864258,11.55763053894043
2009-10-16,11.212985038757324,,17.104013442993164,9.198538780212402,19.814102172851562,8.471684455871582,16.7802734375,,8.335851669311523,21.967796325683594,11.53726863861084
2009-10-19,11.384468078613281,,17.327266693115234,9.240838050842285,20.02644920349121,8.563940048217773,16.875717163085938,,8.453770637512207,22.15561866760254,11.667586326599121
2009-10-20,11.26547908782959,,17.217092514038086,9.168313026428223,19.887325286865234,8.535862922668457,16.85662841796875,,8.36954402923584,21.945261001586914,11.549485206604004
2009-10-21,11.132492065429688,,17.170692443847656,8.993043899536133,19.748201370239258,8.539875030517578,16.729360580444336,,8.38077449798584,21.65976905822754,11.398807525634766
2009-10-22,11.26547908782959,,17.23738670349121,9.2589693069458,19.887325286865234,8.579988479614258,16.754819869995117,,8.40042781829834,21.79500389099121,11.549485206604004
2009-10-23,11.041500091552734,,16.903945922851562,9.126007080078125,19.535860061645508,8.555920600891113,16.589366912841797,,8.26285457611084,21.569610595703125,11.504685401916504
2009-10-26,10.75802993774414,,16.625595092773438,8.890302658081055,19.382089614868164,8.499763488769531,16.462095260620117,,8.153358459472656,21.336715698242188,11.435460090637207
2009-10-27,10.6705322265625,,16.773473739624023,8.823823928833008,19.118484497070312,8.455636978149414,16.474828720092773,,8.133699417114258,21.426868438720703,11.239977836608887
2009-10-28,10.341565132141113,,16.219669342041016,8.551855087280273,18.72309112548828,8.331293106079102,16.43028450012207,,8.052281379699707,21.208988189697266,10.922327041625977
2009-10-29,10.649535179138184,,16.651691436767578,8.90843391418457,19.169748306274414,8.491740226745605,16.69754409790039,,8.12247371673584,21.39681625366211,11.215542793273926
2009-10-30,10.268073081970215,,16.019603729248047,8.491416931152344,18.51805877685547,8.26711654663086,16.436641693115234,,7.970862865447998,21.088783264160156,10.922327041625977
2009-11-02,10.359064102172852,,16.12108039855957,8.563945770263672,18.730403900146484,8.31524658203125,16.595733642578125,,7.956825256347656,21.178945541381836,11.028213500976562
2009-11-03,10.46405029296875,,16.329849243164062,8.588114738464355,19.052587509155273,8.283159255981445,16.487552642822266,,7.939977645874023,21.186445236206055,11.036351203918457
2009-11-04,10.46405029296875,,16.31535530090332,8.467243194580078,19.01597023010254,8.331293106079102,16.55118179321289,,7.993320941925049,21.4569149017334,11.040431022644043
2009-11-05,10.649535179138184,,16.593706130981445,8.684816360473633,19.50656509399414,8.511798858642578,16.627546310424805,,8.12808895111084,21.81002426147461,11.341789245605469
2009-11-06,10.740527153015137,,16.550214767456055,8.648554801940918,19.68229866027832,8.523829460144043,16.672086715698242,,8.119665145874023,21.907686233520508,11.443604469299316
2009-11-09,11.090496063232422,,16.866247177124023,8.956785202026367,20.18021583557129,8.720380783081055,16.945714950561523,,8.265661239624023,22.275829315185547,11.692022323608398
2009-11-10,11.104497909545898,,16.877851486206055,8.92656421661377,20.063060760498047,8.716368675231934,16.939355850219727,,8.304966926574707,22.426082611083984,11.732748031616211
2009-11-11,11.212985038757324,,16.872055053710938,9.047444343566895,20.216833114624023,8.768515586853027,16.990262985229492,,8.28531551361084,22.45613670349121,11.74496078491211
2009-11-12,11.160492897033691,,16.500919342041016,8.878211975097656,19.982519149780273,8.704333305358887,16.888446807861328,,8.170202255249023,22.328420639038086,11.614645004272461
2009-11-13,11.202484130859375,,16.60529899597168,8.860079765319824,20.13628387451172,8.784558296203613,17.002986907958984,,8.24320125579834,22.373491287231445,11.818265914916992
2009-11-16,11.433465957641602,,17.04022216796875,8.956785202026367,20.597593307495117,8.880829811096191,17.098434448242188,,8.35831356048584,22.598880767822266,12.00967025756836
2009-11-17,11.566454887390137,,17.0112247467041,8.980958938598633,20.560983657836914,8.920941352844238,17.181156158447266,,8.313393592834473,22.65898895263672,11.911935806274414
2009-11-18,11.566454887390137,,16.944534301757812,9.053481101989746,20.451143264770508,8.872809410095215,17.16843605041504,,8.276894569396973,22.786710739135742,11.879353523254395
2009-11-19,11.391467094421387,,16.564712524414062,8.878211975097656,20.14361000061035,8.744447708129883,17.085718154907227,,8.175820350646973,22.674009323120117,11.74496078491211
2009-11-20,11.352972030639648,,16.411033630371094,8.823823928833008,20.10700035095215,8.700325965881348,17.111164093017578,,8.212318420410156,22.831783294677734,11.683877944946289
2009-11-23,11.468460083007812,,16.622690200805664,8.950738906860352,20.473102569580078,8.852749824523926,17.25752067565918,,8.316201210021973,23.042142868041992,11.785687446594238
2009-11-24,11.454461097717285,,16.7183780670166,8.884257316589355,20.304691314697266,8.836705207824707,17.29570770263672,,8.333046913146973,23.222461700439453,11.773470878601074
2009-11-25,11.639949798583984,,16.84885597229004,8.866127014160156,20.473102569580078,8.852749824523926,17.26388931274414,,8.428507804870605,23.365205764770508,11.887496948242188
2009-11-27,11.3214750289917,,16.532814025878906,8.630426406860352,20.07770347595215,8.708345413208008,17.10480499267578,,8.28531551361084,23.132307052612305,11.65536880493164
2009-11-30,11.373971939086914,,16.474821090698242,8.860079765319824,20.14361000061035,8.724394798278809,17.041166305541992,,8.355506896972656,23.04965591430664,11.65536880493164
2009-12-01,11.594451904296875,,16.69228172302246,8.866127014160156,20.473102569580078,8.864786148071289,17.276615142822266,,8.512731552124023,23.455358505249023,11.838626861572266
2009-12-02,11.70644474029541,,16.593706130981445,8.860079765319824,20.414535522460938,8.852749824523926,17.25752067565918,,8.627847671508789,23.402759552001953,11.875282287597656
2009-12-03,11.517455101013184,,16.32694435119629,8.678770065307617,20.31934928894043,8.856759071350098,17.12389373779297,,8.655921936035156,23.290071487426758,11.793831825256348
2009-12-04,11.391467094421387,,16.20806884765625,8.84195327758789,20.626873016357422,8.912918090820312,17.212982177734375,,8.602578163146973,23.275039672851562,11.87120532989502
2009-12-07,11.40546989440918,,16.170379638671875,8.696903228759766,20.55365562438965,8.896870613098145,17.193893432617188,,8.678384780883789,23.2450008392334,11.907857894897461
2009-12-08,11.223483085632324,,15.894923210144043,8.618335723876953,20.238801956176758,8.816648483276367,16.996620178222656,,8.641885757446289,23.064687728881836,11.818265914916992
2009-12-09,11.363470077514648,,15.894923210144043,8.648554801940918,20.333984375,8.900882720947266,17.028440475463867,,8.672770500183105,23.260009765625,11.818265914916992
2009-12-10,11.3214750289917,,16.092084884643555,8.636470794677734,20.421850204467773,8.940999031066895,17.085718154907227,,8.782265663146973,23.50043487548828,12.001526832580566
2009-12-11,11.352972030639648,,16.100784301757812,8.696903228759766,20.626873016357422,8.920941352844238,17.181156158447266,,8.933877944946289,23.50043487548828,12.11962604522705
2009-12-14,11.517455101013184,,16.26605224609375,8.745254516601562,20.905126571655273,8.993142127990723,17.244792938232422,,8.975994110107422,23.718307495117188,12.213293075561523
2009-12-15,11.40546989440918,,16.318256378173828,8.606246948242188,20.84654426574707,8.936986923217773,17.174795150756836,,8.919839859008789,23.72581672668457,12.197002410888672
2009-12-16,11.520955085754395,,16.42262840270996,8.660643577575684,20.758682250976562,8.965065956115723,17.092069625854492,,8.880533218383789,23.605609893798828,12.209221839904785
2009-12-17,11.26547908782959,,16.283458709716797,8.497461318969727,20.531694412231445,8.856759071350098,16.888446807861328,,8.829997062683105,23.387737274169922,12.062614440917969
2009-12-18,11.257387161254883,,16.36916732788086,8.626065254211426,20.525054931640625,8.98920726776123,16.85568618774414,,8.90641975402832,23.516923904418945,12.124439239501953
2009-12-21,11.42278003692627,,16.564481735229492,8.753451347351074,20.67982292175293,9.069718360900879,16.94561767578125,,8.931986808776855,23.735998153686523,12.280043601989746
2009-12-22,11.489641189575195,,16.643198013305664,8.771650314331055,20.701936721801758,9.142181396484375,17.061243057250977,,8.858121871948242,23.841766357421875,12.271856307983398
2009-12-23,11.665593147277832,,16.774391174316406,8.735252380371094,20.73877716064453,9.178411483764648,17.074092864990234,,8.878007888793945,23.766210556030273,12.349651336669922
2009-12-24,11.757085800170898,,16.853092193603516,8.814114570617676,20.81985092163086,9.26294994354248,17.13833236694336,,8.943351745605469,23.766210556030273,12.357841491699219
2009-12-28,11.767645835876465,,16.882253646850586,8.783784866333008,20.78300666809082,9.291122436523438,17.170448303222656,,8.949031829833984,23.887086868286133,12.349651336669922
2009-12-29,11.78524398803711,,16.771467208862305,8.747385025024414,20.841962814331055,9.279044151306152,17.202560424804688,,8.943351745605469,23.85687255859375,12.390599250793457
2009-12-30,11.771166801452637,,16.753984451293945,8.753451347351074,20.73877716064453,9.31125259399414,17.170448303222656,,8.940508842468262,23.78887367248535,12.304611206054688
2009-12-31,11.60928726196289,,16.6198787689209,8.735252380371094,20.480838775634766,9.23073959350586,17.003429412841797,,8.812665939331055,23.47159194946289,12.189960479736328
2010-01-04,11.971753120422363,,17.144628524780273,8.911171913146973,20.871435165405273,9.367613792419434,17.131898880004883,,8.829710006713867,23.87952423095703,12.284137725830078
2010-01-05,12.010457992553711,,17.284555435180664,9.074959754943848,20.945138931274414,9.355537414550781,17.13833236694336,,8.724594116210938,23.645339965820312,12.329181671142578
2010-01-06,12.21456241607666,,17.49154281616211,9.093156814575195,20.989360809326172,9.250868797302246,17.12548065185547,,8.775733947753906,23.887086868286133,12.345561981201172
2010-01-07,12.119551658630371,,17.465303421020508,9.287269592285156,21.217819213867188,9.214639663696289,17.12548065185547,,8.735960960388184,23.970182418823242,12.447927474975586
2010-01-08,12.288463592529297,,17.578998565673828,9.23267936706543,21.556838989257812,9.2750244140625,17.06766700744629,,8.727437973022461,24.007957458496094,12.44383430480957
2010-01-11,12.221600532531738,,17.555673599243164,9.238741874694824,21.79267692565918,9.238792419433594,17.112632751464844,,8.818349838256836,24.143939971923828,12.419261932373047
2010-01-12,11.989340782165527,,17.302045822143555,9.105291366577148,21.615802764892578,9.138151168823242,17.208984375,,8.781414031982422,23.970182418823242,12.259572982788086
2010-01-13,12.130108833312988,,17.366182327270508,9.208414077758789,21.70423126220703,9.226716995239258,17.33104133605957,,8.878007888793945,24.287473678588867,12.398794174194336
2010-01-14,11.982307434082031,,17.415735244750977,9.25087833404541,21.70423126220703,9.250868797302246,17.279647827148438,,8.838236808776855,24.506546020507812,12.398794174194336
2010-01-15,11.894332885742188,,17.275808334350586,9.062824249267578,21.424169540405273,9.122052192687988,17.196144104003906,,8.781414031982422,24.340356826782227,12.275945663452148
2010-01-19,12.084360122680664,,17.433237075805664,9.178084373474121,21.660015106201172,9.279044151306152,17.298919677734375,,8.88369369506836,24.929597854614258,12.439738273620605
2010-01-20,11.869697570800781,,17.162113189697266,9.153816223144531,21.3283748626709,9.130098342895508,17.170448303222656,,8.789939880371094,24.71807098388672,12.271856307983398
2010-01-21,11.35592269897461,,16.81228256225586,8.892973899841309,20.83458709716797,9.033487319946289,16.92634391784668,,8.66209888458252,24.181713104248047,12.116257667541504
2010-01-22,11.130701065063477,,16.412899017333984,8.601798057556152,20.517690658569336,8.71949291229248,16.887800216674805,,8.471752166748047,23.917301177978516,11.882855415344238
2010-01-25,11.229232788085938,,16.5207576751709,8.650330543518066,20.650348663330078,8.791949272155762,16.919923782348633,,8.528570175170898,23.917301177978516,11.94427490234375
2010-01-26,11.070877075195312,,16.41581153869629,8.498677253723145,20.561901092529297,8.76779556274414,16.90064811706543,,8.562663078308105,23.781330108642578,11.960654258728027
2010-01-27,10.97586441040039,,16.351673126220703,8.704923629760742,20.62085723876953,8.840258598327637,16.939197540283203,,8.505842208862305,23.947521209716797,11.98112964630127
2010-01-28,10.778797149658203,,16.179677963256836,8.662460327148438,20.385028839111328,8.586641311645508,16.89422607421875,,8.440503120422363,23.796438217163086,11.91152286529541
2010-01-29,10.606364250183105,,15.888148307800293,8.601798057556152,20.178668975830078,8.437695503234863,16.82998275756836,,8.389359474182129,23.630239486694336,11.837817192077637
2010-02-01,11.02865219116211,,16.412899017333984,8.747385025024414,20.480838775634766,8.534309387207031,16.958457946777344,,8.443341255187988,23.766210556030273,11.989319801330566
2010-02-02,11.063838958740234,,16.628625869750977,8.832314491271973,20.871435165405273,8.618849754333496,17.202560424804688,,8.511524200439453,24.25725555419922,12.157198905944824
2010-02-03,10.937154769897461,,16.485776901245117,8.735252380371094,20.746156692504883,8.6389741897583,17.08051109313965,,8.451864242553711,23.932405471801758,12.165390014648438
2010-02-04,10.528947830200195,,15.809432983398438,8.359151840209961,20.13445472717285,8.397440910339355,16.733642578125,,8.230266571044922,23.32805824279785,11.81324577331543
2010-02-05,10.72601318359375,,15.812353134155273,8.456212043762207,20.046018600463867,8.481974601745605,16.688671112060547,,8.216064453125,23.2902889251709,11.780488014221191
2010-02-08,10.553580284118652,,15.666585922241211,8.286355972290039,19.82492446899414,8.445743560791016,16.66939926147461,,8.122310638427734,23.176965713500977,11.706786155700684
2010-02-09,10.810468673706055,,15.996014595031738,8.371285438537598,20.208145141601562,8.518202781677246,16.86853790283203,,8.20470142364502,23.358285903930664,11.88695240020752
2010-02-10,10.73656940460205,,15.928958892822266,8.438013076782227,20.178668975830078,8.494054794311523,16.84926414489746,,8.167767524719238,23.21473503112793,11.837817192077637
2010-02-11,10.91955852508545,,16.20008659362793,8.456212043762207,20.480838775634766,8.582615852355957,16.984159469604492,,8.216064453125,23.37338638305664,11.977036476135254
2010-02-12,10.898447036743164,,16.205909729003906,8.462278366088867,20.318696975708008,8.598719596862793,16.984159469604492,,8.184812545776367,23.320512771606445,11.977036476135254
2010-02-16,11.172926902770996,,16.587810516357422,8.638199806213379,20.797739028930664,8.727537155151367,17.157596588134766,,8.326863288879395,23.52447509765625,12.16948413848877
2010-02-17,11.179967880249023,,16.564481735229492,8.668529510498047,20.9746150970459,8.751694679260254,17.279647827148438,,8.292771339416504,23.705778121948242,12.26776123046875
2010-02-18,11.299613952636719,,16.657772064208984,8.723119735717773,21.166231155395508,8.808051109313965,17.382429122924805,,8.33822250366211,23.819103240966797,12.345561981201172
2010-02-19,11.362955093383789,,16.72191047668457,8.771650314331055,21.2694149017334,8.783900260925293,17.42095947265625,,8.454707145690918,23.819103240966797,12.374222755432129
2010-02-22,11.313688278198242,,16.491605758666992,8.886907577514648,21.284149169921875,8.76779556274414,17.42095947265625,,8.409248352050781,23.75110626220703,12.370126724243164
2010-02-23,11.134222030639648,,16.21757698059082,8.723119735717773,21.011465072631836,8.659101486206055,17.324615478515625,,8.35243034362793,23.52447509765625,12.29642391204834
2010-02-24,11.106070518493652,,16.319604873657227,8.874778747558594,21.225196838378906,8.743642807006836,17.433813095092773,,8.360954284667969,23.69822883605957,12.456117630004883
2010-02-25,11.081435203552246,,16.328351974487305,8.850509643554688,21.17359733581543,8.71949291229248,17.4466609954834,,8.343905448913574,23.713340759277344,12.476593017578125
2010-02-26,11.084957122802734,,16.36625862121582,8.905107498168945,21.25466537475586,8.731566429138184,17.363157272338867,,8.278563499450684,23.72089195251465,12.497058868408203
2010-03-01,11.253868103027344,,16.517841339111328,8.929370880126953,21.534725189208984,8.844283103942871,17.485204696655273,,8.3978853225708,23.947521209716797,12.693613052368164
2010-03-02,11.348882675170898,,16.654863357543945,8.959701538085938,21.571575164794922,8.832208633422852,17.549440383911133,,8.423456192016602,24.030624389648438,12.628096580505371
2010-03-03,11.447412490844727,,16.72774314880371,8.965768814086914,21.601058959960938,8.836234092712402,17.55586051940918,,8.409248352050781,23.932405471801758,12.664948463439941
2010-03-04,11.524835586547852,,16.640277862548828,9.05675983428955,21.70423126220703,8.87246322631836,17.61367416381836,,8.42629623413086,23.85687255859375,12.779595375061035
2010-03-05,11.672633171081543,,16.952219009399414,9.23267936706543,22.035871505737305,8.981155395507812,17.722875595092773,,8.511524200439453,24.189260482788086,13.017093658447266
2010-03-08,11.672633171081543,,16.925981521606445,9.25087833404541,21.932693481445312,9.029461860656738,17.65864372253418,,8.511524200439453,24.045726776123047,13.049849510192871
2010-03-09,11.598731994628906,,16.925981521606445,9.281205177307129,22.10957908630371,9.069718360900879,17.632953643798828,,8.500158309936523,24.030624389648438,13.029376983642578
2010-03-10,11.602251052856445,,17.074661254882812,9.384330749511719,22.153793334960938,9.130098342895508,17.607257843017578,,8.502999305725098,24.045726776123047,13.05804443359375
2010-03-11,11.669116020202637,,17.045501708984375,9.463188171386719,22.2348690032959,9.166333198547363,17.639373779296875,,8.531414031982422,24.23459815979004,13.15221881866455
2010-03-12,11.714859962463379,,17.05425453186035,9.426795959472656,22.38225746154785,9.158278465270996,17.652217864990234,,8.477434158325195,24.05328369140625,13.189067840576172
2010-03-15,11.711343765258789,,16.87934112548828,9.426795959472656,22.38225746154785,9.150232315063477,17.787120819091797,,8.508681297302246,24.21192169189453,13.172689437866211
2010-03-16,11.883774757385254,,17.030925750732422,9.542054176330566,22.684423446655273,9.218666076660156,17.870624542236328,,8.60811710357666,24.27991485595703,13.270964622497559
2010-03-17,11.950632095336914,,17.21750259399414,9.657305717468262,22.72127914428711,9.246842384338379,17.947708129882812,,8.636526107788086,24.287473678588867,13.33647632598877
2010-03-18,11.86618423461914,,16.96096420288086,9.602712631225586,22.87604331970215,9.258923530578613,17.966983795166016,,8.59675407409668,24.45366668701172,13.332388877868652
2010-03-19,11.7367525100708,,16.75705909729004,9.539482116699219,22.784339904785156,9.203598022460938,17.914081573486328,,8.587294578552246,24.4445743560791,13.292181015014648
2010-03-22,11.90955924987793,,16.713176727294922,9.588127136230469,22.850894927978516,9.272248268127441,18.004390716552734,,8.52996826171875,24.603742599487305,13.431669235229492
2010-03-23,12.06473159790039,,16.77753448486328,9.667166709899902,23.109718322753906,9.36109733581543,18.146316528320312,,8.564362525939941,24.725013732910156,13.48499870300293
2010-03-24,12.029464721679688,,16.680994033813477,9.673238754272461,22.94702911376953,9.316669464111328,18.017297744750977,,8.47551155090332,24.459732055664062,13.431669235229492
2010-03-25,11.78964900970459,,16.4001522064209,9.715800285339355,22.9322452545166,9.332823753356934,17.991493225097656,,8.421051979064941,24.361194610595703,13.509615898132324
2010-03-26,11.877816200256348,,16.405996322631836,9.727962493896484,22.99140167236328,9.288400650024414,18.004390716552734,,8.441115379333496,24.17928123474121,13.562949180603027
2010-03-29,12.004781723022461,,16.724884033203125,9.740119934082031,23.19847297668457,9.316669464111328,18.0882511138916,,8.544300079345703,24.436986923217773,13.58345890045166
2010-03-30,12.022409439086914,,16.751203536987305,9.67932415008545,23.235441207885742,9.357053756713867,18.120513916015625,,8.521371841430664,24.436986923217773,13.571157455444336
2010-03-31,11.962453842163086,,16.8272647857666,9.697566986083984,23.102333068847656,9.328784942626953,18.017297744750977,,8.501304626464844,24.353620529174805,13.472686767578125
2010-04-01,12.170536041259766,,17.12566375732422,9.776603698730469,23.250232696533203,9.312630653381348,18.13340950012207,,8.61882209777832,24.490053176879883,13.567055702209473
2010-04-05,12.318649291992188,,17.429908752441406,9.873881340026855,23.42032241821289,9.421666145324707,18.13340950012207,,8.670415878295898,24.421836853027344,13.731148719787598
2010-04-06,12.339814186096191,,17.429908752441406,9.97724437713623,23.427719116210938,9.429743766784668,18.075355529785156,,8.742071151733398,24.40667724609375,13.751665115356445
2010-04-07,12.262223243713379,,17.257307052612305,9.940759658813477,23.294601440429688,9.393403053283691,17.959238052368164,,8.656085014343262,24.300554275512695,13.702436447143555
2010-04-08,12.290433883666992,,17.318748474121094,10.019804000854492,23.36855697631836,9.409555435180664,17.991493225097656,,8.6044921875,24.209606170654297,13.83371639251709
2010-04-09,12.311596870422363,,17.503049850463867,10.056278228759766,23.501663208007812,9.482247352600098,18.0882511138916,,8.667551040649414,24.315725326538086,13.936273574829102
2010-04-12,12.272804260253906,,17.54401206970215,10.098838806152344,23.553438186645508,9.502436637878418,18.146316528320312,,8.690479278564453,24.247495651245117,13.936273574829102
2010-04-13,12.226961135864258,,17.482572555541992,10.104920387268066,23.59040069580078,9.530707359313965,18.0882511138916,,8.644619941711426,24.270235061645508,14.010124206542969
2010-04-14,12.318649291992188,,17.649322509765625,10.366355895996094,23.893604278564453,9.668014526367188,18.114057540893555,,8.653219223022461,24.186866760253906,14.227560043334961
2010-04-15,12.318649291992188,,17.646394729614258,10.323799133300781,24.12285804748535,9.712437629699707,18.08180809020996,,8.650351524353027,24.11865234375,14.289095878601074
2010-04-16,12.10705280303955,,17.347997665405273,9.946839332580566,23.730915069580078,9.583202362060547,18.004390716552734,,8.550032615661621,23.974632263183594,14.100375175476074
2010-04-19,12.110575675964355,,17.37140464782715,10.044120788574219,23.686538696289062,9.603399276733398,18.075355529785156,,8.558632850646973,24.171703338623047,14.124994277954102
2010-04-20,12.149367332458496,,17.710756301879883,10.177882194519043,23.960161209106445,9.655898094177246,18.126962661743164,,8.667551040649414,24.224761962890625,14.297306060791016
2010-04-21,12.117632865905762,,17.693208694458008,10.117077827453613,24.12285804748535,9.676090240478516,18.126962661743164,,8.6761474609375,23.8002986907959,14.362940788269043
2010-04-22,12.237534523010254,,17.73709487915039,10.171797752380371,24.344707489013672,9.700325012207031,18.126962661743164,,8.704812049865723,23.527435302734375,14.62139892578125
2010-04-23,12.346861839294434,,18.164207458496094,10.202200889587402,24.49261474609375,9.724550247192383,18.08180809020996,,8.773601531982422,23.76240348815918,14.633703231811523
2010-04-26,12.399765968322754,,18.102773666381836,10.044120788574219,24.544368743896484,9.712437629699707,18.043092727661133,,8.742071151733398,23.512266159057617,14.748576164245605
2010-04-27,11.948349952697754,,17.546939849853516,9.703642845153809,23.952770233154297,9.522631645202637,17.727005004882812,,8.593027114868164,23.239397048950195,14.321908950805664
2010-04-28,12.092941284179688,,17.725383758544922,9.843481063842773,24.12285804748535,9.550899505615234,17.86893653869629,,8.68188190460205,23.3909912109375,14.272685050964355
2010-04-29,12.20227336883545,,17.74586296081543,10.068441390991211,24.67009735107422,9.647819519042969,17.926982879638672,,8.690479278564453,23.7093448638916,14.58857250213623
2010-04-30,11.987142562866211,,17.52645492553711,9.82524299621582,24.08588218688965,9.44589900970459,17.823774337768555,,8.724876403808594,23.406150817871094,14.284988403320312
2010-05-03,11.98008918762207,,17.725383758544922,10.013718605041504,24.566564559936523,9.575132369995117,17.926982879638672,,8.836657524108887,23.519855499267578,14.572169303894043
2010-05-04,11.563945770263672,,17.251462936401367,9.740119934082031,23.790082931518555,9.300515174865723,17.746353149414062,,8.684746742248535,23.383413314819336,14.145506858825684
2010-05-05,11.479302406311035,,16.97939682006836,9.685402870178223,23.486881256103516,9.260129928588867,17.810863494873047,,8.62455940246582,23.459211349487305,13.944488525390625
2010-05-06,11.101948738098145,,16.4001522064209,9.278044700622559,22.710376739501953,8.981480598449707,17.365755081176758,,8.386653900146484,22.830097198486328,13.448076248168945
2010-05-07,10.97851848602295,,16.087129592895508,9.174686431884766,22.207521438598633,8.783600807189941,17.249643325805664,,8.340798377990723,22.526912689208984,13.201927185058594
2010-05-10,11.500460624694824,,16.77461051940918,9.685402870178223,23.479480743408203,9.187440872192383,17.752811431884766,,8.598761558532715,23.133275985717773,13.891148567199707
2010-05-11,11.355868339538574,,16.6634464263916,9.648924827575684,23.412919998168945,9.126860618591309,17.746353149414062,,8.615958213806152,23.087804794311523,13.887048721313477
2010-05-12,11.592156410217285,,16.89455795288086,9.7583646774292,23.930583953857422,9.365129470825195,17.86893653869629,,8.687612533569336,23.27730369567871,14.0880708694458
2010-05-13,11.419350624084473,,16.786312103271484,9.582042694091797,23.560819625854492,9.227825164794922,17.75926399230957,,8.650351524353027,23.027162551879883,13.772172927856445
2010-05-14,11.140746116638184,,16.45281219482422,9.332763671875,23.06535530090332,9.050135612487793,17.591533660888672,,8.578695297241211,22.71639633178711,13.542436599731445
2010-05-17,11.140746116638184,,16.28313636779785,9.33884334564209,23.006187438964844,9.094560623168945,17.77861785888672,,8.587294578552246,22.71639633178711,13.644996643066406
2010-05-18,10.950305938720703,,16.15733528137207,9.071324348449707,22.717784881591797,8.957249641418457,17.675403594970703,,8.50417423248291,22.534486770629883,13.390642166137695
2010-05-19,10.950305938720703,,15.97303295135498,9.083483695983887,22.42937660217285,8.88859748840332,17.630247116088867,,8.418185234069824,22.48142433166504,13.308589935302734
2010-05-20,10.453043937683105,,15.259222030639648,8.663969039916992,21.45322036743164,8.60590648651123,17.107725143432617,,8.16595458984375,21.776514053344727,12.791670799255371
2010-05-21,10.71048641204834,,15.525434494018555,8.967963218688965,21.756420135498047,8.67051887512207,17.17223358154297,,8.203217506408691,21.829566955566406,13.017313957214355
2010-05-24,10.527101516723633,,15.171454429626465,8.712605476379395,21.431028366088867,8.630138397216797,17.04966926574707,,8.125825881958008,21.776514053344727,12.927059173583984
2010-05-25,10.703435897827148,,15.206562042236328,8.791644096374512,21.416244506835938,8.60590648651123,16.849689483642578,,8.082832336425781,21.6855525970459,13.05833911895752
2010-05-26,10.618795394897461,,15.174375534057617,8.730846405029297,21.46061897277832,8.521099090576172,16.74002456665039,,8.07996654510498,21.549118041992188,13.017313957214355
2010-05-27,11.038468360900879,,15.81799030303955,9.126042366027832,22.185340881347656,8.811868667602539,17.081912994384766,,8.234743118286133,21.98874855041504,13.48499870300293
2010-05-28,10.844507217407227,,15.519580841064453,8.925405502319336,21.8895320892334,8.73917293548584,16.99806022644043,,8.24334716796875,21.882627487182617,13.279875755310059
2010-06-01,10.495365142822266,,14.782373428344727,8.73692512512207,21.401458740234375,8.654362678527832,16.959348678588867,,8.05130386352539,21.64007568359375,13.078847885131836
2010-06-02,10.81981372833252,,15.423044204711914,9.010519027709961,21.95608901977539,8.848213195800781,17.249643325805664,,8.220414161682129,22.110023498535156,13.407052993774414
2010-06-03,10.689329147338867,,15.630759239196777,8.96188735961914,22.059612274169922,8.937058448791504,17.27544403076172,,8.306400299072266,22.23888397216797,13.452178955078125
2010-06-04,10.266128540039062,,15.080771446228027,8.603171348571777,21.024301528930664,8.650331497192383,16.81743621826172,,8.05989933013916,21.58702278137207,12.931158065795898
2010-06-07,10.082745552062988,,14.949125289916992,8.4329252243042,20.484464645385742,8.525136947631836,16.688413619995117,,8.108628273010254,21.556705474853516,12.685006141662598
2010-06-08,10.311978340148926,,15.197785377502441,8.609244346618652,20.69892120361328,8.541290283203125,16.959348678588867,,8.214680671691895,21.609764099121094,12.791670799255371
2010-06-09,10.326082229614258,,15.039812088012695,8.518045425415039,20.69892120361328,8.496868133544922,16.927099227905273,,8.168822288513184,21.511220932006836,12.808080673217773
2010-06-10,10.696380615234375,,15.794580459594727,8.797724723815918,21.497583389282227,8.702825546264648,17.217391967773438,,8.36945915222168,21.920534133911133,13.242947578430176
2010-06-11,10.816289901733398,,15.891111373901367,8.822044372558594,21.571550369262695,8.779557228088379,17.07546615600586,,8.375192642211914,22.102445602416992,13.230643272399902
2010-06-14,10.71048641204834,,15.809206008911133,8.785566329956055,21.549354553222656,8.76340389251709,17.17223358154297,,8.423916816711426,22.140338897705078,13.26756477355957
2010-06-15,10.974990844726562,,16.271432876586914,8.99228572845459,22.20012092590332,8.993593215942383,17.34640884399414,,8.587294578552246,22.519317626953125,13.58345890045166
2010-06-16,10.960887908935547,,16.259727478027344,8.998359680175781,22.140966415405273,9.017827033996582,17.230289459228516,,8.641757011413574,22.60270881652832,13.489104270935059
2010-06-17,10.900931358337402,,16.242172241210938,8.986204147338867,22.207521438598633,9.050135612487793,17.385108947753906,,8.704812049865723,22.633028030395508,13.407052993774414
2010-06-18,10.963274002075195,,16.342683792114258,9.035554885864258,22.294475555419922,9.049729347229004,17.321439743041992,,8.712630271911621,22.51189613342285,13.363839149475098
2010-06-21,11.030573844909668,,16.307422637939453,9.023371696472168,22.331623077392578,8.984885215759277,17.27596092224121,,8.651803016662598,22.473806381225586,13.256827354431152
2010-06-22,10.757822036743164,,15.83133602142334,8.883237838745117,21.78913116455078,8.907881736755371,17.08754539489746,,8.437467575073242,22.25286865234375,12.960492134094238
2010-06-23,10.77907657623291,,15.710840225219727,8.840587615966797,21.707378387451172,8.891674041748047,17.197988510131836,,8.36215877532959,22.161447525024414,12.952259063720703
2010-06-24,10.506324768066406,,15.381692886352539,8.682180404663086,21.328380584716797,8.713351249694824,16.990087509155273,,8.315813064575195,22.001468658447266,12.64357852935791
2010-06-25,10.662182807922363,,15.425780296325684,8.919793128967285,21.491863250732422,8.70524787902832,16.814651489257812,,8.353466033935547,22.100509643554688,12.680621147155762
2010-06-28,10.541748046875,,15.217116355895996,8.83449649810791,21.343238830566406,8.72145938873291,16.957597732543945,,8.40849781036377,22.062421798706055,12.585959434509277
2010-06-29,10.152101516723633,,14.714582443237305,8.517671585083008,20.51834487915039,8.397237777709961,16.684717178344727,,8.2376070022583,21.658647537231445,12.137341499328613
2010-06-30,10.049373626708984,,14.599973678588867,8.414094924926758,20.384578704833984,8.267553329467773,16.567764282226562,,8.185468673706055,21.48343849182129,11.989174842834473
2010-07-01,9.99269962310791,,14.54707145690918,8.33488941192627,20.32512092590332,8.23513412475586,16.600252151489258,,8.14781379699707,21.300586700439453,12.08795166015625
2010-07-02,9.93602180480957,,14.511808395385742,8.237403869628906,20.072450637817383,8.222975730895996,16.535282135009766,,8.156506538391113,21.35392189025879,11.952132225036621
2010-07-06,9.946646690368652,,14.652868270874023,8.286148071289062,20.109609603881836,8.30402660369873,16.63273811340332,,8.252089500427246,21.4605770111084,11.952132225036621
2010-07-07,10.343378067016602,,15.170101165771484,8.651712417602539,20.808164596557617,8.571505546569824,16.95110511779785,,8.506980895996094,21.879579544067383,12.28962230682373
2010-07-08,10.513409614562988,,15.38463306427002,8.718730926513672,21.07569694519043,8.624191284179688,17.204484939575195,,8.573596954345703,22.062421798706055,12.396635055541992
2010-07-09,10.76490592956543,,15.463979721069336,8.840587615966797,21.28378677368164,8.668770790100098,17.204484939575195,,8.63153076171875,22.11574363708496,12.515995025634766
2010-07-12,10.623217582702637,,15.422836303710938,8.85277271270752,21.172313690185547,8.709300994873047,17.26296043395996,,8.66049575805664,22.07765007019043,12.532456398010254
2010-07-13,10.910144805908203,,15.607983589172363,9.072113037109375,21.54389190673828,8.83493423461914,17.41889762878418,,8.689460754394531,22.245258331298828,12.845252990722656
2010-07-14,10.874716758728027,,15.590347290039062,9.00509262084961,21.58847427368164,8.887619972229004,17.425395965576172,,8.692354202270508,22.245258331298828,12.762934684753418
2010-07-15,10.864089965820312,,15.57271671295166,8.986810684204102,21.581050872802734,8.915985107421875,17.47736930847168,,8.750284194946289,22.313827514648438,12.804096221923828
2010-07-16,10.566539764404297,,15.20242977142334,8.609063148498535,20.86019515991211,8.660669326782227,17.23048210144043,,8.599669456481934,21.84910774230957,12.355480194091797
2010-07-19,10.577166557312012,,15.29940414428711,8.602975845336914,20.97909164428711,8.745776176452637,17.26296043395996,,8.732908248901367,21.94814109802246,12.474834442138672
2010-07-20,10.895967483520508,,15.649128913879395,8.69436264038086,21.306081771850586,8.802515983581543,17.470876693725586,,8.811112403869629,21.887195587158203,12.651809692382812
2010-07-21,10.860549926757812,,15.39344596862793,8.554224967956543,21.25406265258789,8.697141647338867,17.282451629638672,,8.674976348876953,21.52913475036621,12.425447463989258
2010-07-22,11.094337463378906,,15.73435115814209,8.804033279418945,21.908035278320312,8.932199478149414,17.47736930847168,,8.814004898071289,21.666269302368164,12.79997730255127
2010-07-23,11.338750839233398,,15.80488109588623,8.871047973632812,22.346494674682617,8.992988586425781,17.639806747436523,,8.8284912109375,21.658647537231445,12.985187530517578
2010-07-26,11.406054496765137,,15.943004608154297,8.992907524108887,22.71063232421875,9.049729347229004,17.73075294494629,,8.892213821411133,21.97100067138672,13.178628921508789
2010-07-27,11.313956260681152,,15.866600036621094,9.017278671264648,22.554576873779297,9.074045181274414,17.795726776123047,,9.022554397583008,21.99384880065918,13.009881973266602
2010-07-28,11.278534889221191,,15.83133602142334,8.938071250915527,22.49512481689453,9.001092910766602,17.69827651977539,,8.979109764099121,21.696744918823242,12.91933536529541
2010-07-29,11.267905235290527,,15.854846000671387,8.968538284301758,22.42081069946289,8.920042991638184,17.483861923217773,,8.840073585510254,21.681503295898438,12.853484153747559
2010-07-30,11.338750839233398,,15.822505950927734,8.962442398071289,22.509979248046875,8.883564949035645,17.52935028076172,,8.79662799835205,21.76530647277832,12.939911842346191
2010-08-02,11.643387794494629,,16.375015258789062,9.187873840332031,22.955867767333984,9.069992065429688,17.73075294494629,,8.979109764099121,22.176692962646484,13.215672492980957
2010-08-03,11.430851936340332,,16.3691349029541,9.084297180175781,22.836971282958984,9.021354675292969,17.5748233795166,,8.935662269592285,22.35953140258789,13.01400089263916
2010-08-04,11.537116050720215,,16.49550437927246,9.120857238769531,23.037616729736328,9.094306945800781,17.639806747436523,,8.973315238952637,22.580455780029297,13.232132911682129
2010-08-05,11.561917304992676,,16.54839515686035,9.084297180175781,23.05247688293457,9.053781509399414,17.56183624267578,,8.958830833435059,22.58807373046875,13.273287773132324
2010-08-06,11.508780479431152,,16.35149574279785,9.00509262084961,22.9261417388916,9.029468536376953,17.600818634033203,,8.976208686828613,22.633777618408203,13.182745933532715
2010-08-09,11.57962417602539,,16.419092178344727,9.053834915161133,23.045053482055664,9.090258598327637,17.691776275634766,,9.008073806762695,22.694730758666992,13.31032943725586
2010-08-10,11.45565128326416,,16.283906936645508,8.974628448486328,22.88898468017578,8.99704360961914,17.73075294494629,,9.060208320617676,22.748062133789062,13.19509220123291
2010-08-11,11.06954288482666,,15.7990083694458,8.657808303833008,22.034364700317383,8.782246589660645,17.438386917114258,,8.877735137939453,22.161447525024414,12.849366188049316
2010-08-12,11.140388488769531,,15.704959869384766,8.596877098083496,21.87830352783203,8.660669326782227,17.41889762878418,,8.860349655151367,22.25286865234375,12.79997730255127
2010-08-13,11.08725357055664,,15.678508758544922,8.572507858276367,21.84858512878418,8.620138168334961,17.412397384643555,,8.892213821411133,22.1690731048584,12.655929565429688
2010-08-16,11.136841773986816,,15.675573348999023,8.548141479492188,21.80399513244629,8.636350631713867,17.392913818359375,,8.892213821411133,22.054800033569336,12.651809692382812
2010-08-17,11.39897346496582,,15.937126159667969,8.615155220031738,22.18299674987793,8.729568481445312,17.56183624267578,,8.979109764099121,22.35953140258789,12.857600212097168
2010-08-18,11.44148063659668,,15.784305572509766,8.651712417602539,22.264741897583008,8.778199195861816,17.5748233795166,,8.929868698120117,22.329055786132812,12.976956367492676
2010-08-19,11.179353713989258,,15.528631210327148,8.450651168823242,21.78913116455078,8.67282485961914,17.366918563842773,,8.802421569824219,21.917665481567383,12.725893020629883
2010-08-20,11.15455436706543,,15.33760929107666,8.426278114318848,21.677661895751953,8.652559280395508,17.366918563842773,,8.825594902038574,21.841489791870117,12.717662811279297
2010-08-23,11.030573844909668,,15.343491554260254,8.371447563171387,21.439851760864258,8.575557708740234,17.405908584594727,,8.883524894714355,21.940519332885742,12.602424621582031
2010-08-24,10.77553653717041,,15.10544204711914,8.231311798095703,21.001394271850586,8.45803451538086,17.321439743041992,,8.898005485534668,21.46820068359375,12.38840389251709
2010-08-25,10.807412147521973,,15.058424949645996,8.255683898925781,20.964223861694336,8.510712623596191,17.36042594909668,,8.892213821411133,21.681503295898438,12.515995025634766
2010-08-26,10.793244361877441,,14.923238754272461,8.1886625289917,20.93450164794922,8.425607681274414,17.23048210144043,,8.851663589477539,21.54437828063965,12.429564476013184
2010-08-27,11.115593910217285,,15.311161041259766,8.365350723266602,21.35810661315918,8.526925086975098,17.340932846069336,,9.019657135009766,21.76530647277832,12.631234169006348
2010-08-30,10.94910717010498,,15.087817192077637,8.1886625289917,21.0311222076416,8.413450241088867,17.191492080688477,,8.883524894714355,21.491044998168945,12.408980369567871
2010-08-31,10.995156288146973,,15.046669960021973,8.261778831481934,20.949369430541992,8.385082244873047,17.204484939575195,,8.924074172973633,21.407243728637695,12.425447463989258
2010-09-01,11.324584007263184,,15.607983589172363,8.578596115112305,21.781702041625977,8.599875450134277,17.509857177734375,,9.118138313293457,21.90243148803711,12.853484153747559
2010-09-02,11.459189414978027,,15.737288475036621,8.663899421691895,22.056659698486328,8.676877975463867,17.620309829711914,,9.118138313293457,22.016708374023438,13.092198371887207
2010-09-03,11.593792915344238,,15.928317070007324,8.8466796875,22.39107322692871,8.806561470031738,17.73075294494629,,9.158686637878418,22.222396850585938,13.28563404083252
2010-09-07,11.480443000793457,,15.690272331237793,8.645621299743652,22.18299674987793,8.733613014221191,17.659290313720703,,9.112345695495605,22.09288787841797,13.071616172790527
2010-09-08,11.569000244140625,,15.825445175170898,8.730918884277344,22.41337013244629,8.782246589660645,17.737258911132812,,9.068896293640137,22.214784622192383,13.166281700134277
2010-09-09,11.530031204223633,,15.857779502868652,8.840587615966797,22.39107322692871,8.806561470031738,17.795726776123047,,9.158686637878418,22.450942993164062,13.178628921508789
2010-09-10,11.625673294067383,,16.02235221862793,8.85277271270752,22.591726303100586,8.810617446899414,17.880197525024414,,9.106553077697754,22.679492950439453,13.289754867553711
2010-09-13,11.8134126663208,,16.151662826538086,9.041648864746094,22.814674377441406,8.96867561340332,17.899682998657227,,9.138413429260254,22.732826232910156,13.45026683807373
2010-09-14,11.792160987854004,,16.095821380615234,8.962442398071289,22.7477970123291,9.005146026611328,17.93217658996582,,9.12682819366455,22.809005737304688,13.462611198425293
2010-09-15,11.770907402038574,,16.063495635986328,8.992907524108887,22.7477970123291,9.061888694763184,18.055618286132812,,9.074690818786621,23.022319793701172,13.487308502197266
2010-09-16,11.82758617401123,,15.990028381347656,8.968538284301758,22.71806526184082,9.114571571350098,18.075111389160156,,9.042831420898438,22.9309024810791,13.487308502197266
2010-09-17,11.829748153686523,,15.910025596618652,8.921517372131348,22.930940628051758,9.163786888122559,18.027334213256836,,9.027323722839355,22.926300048828125,13.522404670715332
2010-09-20,11.905652046203613,,16.178680419921875,9.092495918273926,23.274538040161133,9.298007011413574,18.223649978637695,,9.147298812866211,23.23259925842285,13.782533645629883
2010-09-21,11.851436614990234,,16.190488815307617,9.007001876831055,23.31934356689453,9.281739234924316,18.190933227539062,,9.100476264953613,23.247913360595703,13.724724769592285
2010-09-22,11.880351066589355,,16.07239532470703,8.860451698303223,23.19983673095703,9.237003326416016,18.223649978637695,,9.1648530960083,23.28619384765625,13.63388442993164
2010-09-23,11.76830768585205,,15.972013473510742,8.689469337463379,22.856243133544922,9.2247953414917,18.10586166381836,,9.059511184692383,23.16368293762207,13.563693046569824
2010-09-24,12.057455062866211,,16.31743621826172,8.921517372131348,23.48366928100586,9.403762817382812,18.347970962524414,,9.205819129943848,23.477632522583008,13.914661407470703
2010-09-27,11.988781929016113,,16.25543975830078,8.823814392089844,23.334291458129883,9.407827377319336,18.243274688720703,,9.223377227783203,23.301513671875,13.823819160461426
2010-09-28,11.988781929016113,,16.370582580566406,8.842134475708008,23.46126365661621,9.420026779174805,18.361059188842773,,9.229230880737305,23.492950439453125,13.931175231933594
2010-09-29,11.894811630249023,,16.544767379760742,8.774959564208984,23.45379638671875,9.399696350097656,18.30870819091797,,9.211670875549316,23.40871810913086,13.832082748413086
2010-09-30,11.847822189331055,,16.550674438476562,8.762748718261719,23.364168167114258,9.363089561462402,18.243274688720703,,9.182408332824707,23.347455978393555,13.794915199279785
2010-10-01,12.003240585327148,,16.772092819213867,8.854345321655273,23.386573791503906,9.367154121398926,18.2760009765625,,9.23215389251709,23.347455978393555,13.811437606811523
2010-10-04,11.811685562133789,,16.562482833862305,8.793278694152832,23.14008331298828,9.289875030517578,18.223649978637695,,9.214597702026367,23.11773109436035,13.782533645629883
2010-10-05,12.144201278686523,,16.952186584472656,8.994791984558105,23.760034561157227,9.472908020019531,18.39377784729004,,9.317014694213867,23.546554565429688,14.07155990600586
2010-10-06,12.259859085083008,,17.10276222229004,8.988689422607422,23.90195655822754,9.428170204162598,18.47229766845703,,9.27312183380127,23.45466423034668,13.976593017578125
2010-10-07,12.136974334716797,,17.01713752746582,8.952049255371094,23.849672317504883,9.428170204162598,18.40686798095703,,9.290677070617676,23.500600814819336,14.042654037475586
2010-10-08,12.375515937805176,,17.229703903198242,8.976473808288574,24.051340103149414,9.481037139892578,18.44611930847168,,9.31994342803955,23.561870574951172,14.187172889709473
2010-10-11,12.35383415222168,,17.276939392089844,8.964263916015625,23.98412322998047,9.497308731079102,18.465749740600586,,9.322868347167969,23.577180862426758,14.191293716430664
2010-10-12,12.38636589050293,,17.25037384033203,9.068068504333496,23.969181060791016,9.554252624511719,18.511566162109375,,9.284828186035156,23.630779266357422,14.224337577819824
2010-10-13,12.585153579711914,,17.459993362426758,9.074176788330078,24.36505889892578,9.631539344787598,18.668607711791992,,9.31994342803955,23.799245834350586,14.244974136352539
2010-10-14,12.465877532958984,,17.43341636657715,8.915406227111816,24.22314453125,9.635603904724121,18.675155639648438,,9.305310249328613,23.7533016204834,14.228460311889648
2010-10-15,12.502023696899414,,17.48064613342285,8.762748718261719,24.07375144958496,9.798296928405762,18.720956802368164,,9.334571838378906,23.852846145629883,14.331692695617676
2010-10-18,12.556234359741211,,17.52788543701172,8.95815372467041,24.058815002441406,9.86337947845459,18.786380767822266,,9.334571838378906,24.074909210205078,14.35232925415039
2010-10-19,12.23455810546875,,17.17951774597168,8.836026191711426,23.737634658813477,9.688477516174316,18.557363510131836,,9.352128028869629,23.623130798339844,14.092202186584473
2010-10-20,12.48756217956543,,17.400936126708984,8.921517372131348,24.07375144958496,9.769829750061035,18.720956802368164,,9.42821216583252,23.845186233520508,14.273879051208496
2010-10-21,12.483948707580566,,17.3920841217041,8.921517372131348,24.26795768737793,9.777958869934082,18.786380767822266,,9.38724422454834,23.90644645690918,14.356456756591797
2010-10-22,12.393590927124023,,17.507225036621094,8.915406227111816,24.260488510131836,9.806427955627441,18.85181999206543,,9.32579231262207,23.914112091064453,14.434906005859375
2010-10-25,12.661050796508789,,17.554454803466797,8.884876251220703,24.342647552490234,9.8349027633667,18.89763069152832,,9.305310249328613,24.044286727905273,14.525741577148438
2010-10-26,12.585153579711914,,17.58988380432129,8.89709186553955,24.23060417175293,9.859310150146484,18.792926788330078,,9.28189754486084,23.975360870361328,14.587679862976074
2010-10-27,12.46949577331543,,17.516082763671875,8.903197288513184,24.051340103149414,9.887778282165527,18.69477653503418,,9.243860244750977,23.829875946044922,14.496850967407227
2010-10-28,12.476720809936523,,17.477705001831055,8.903197288513184,23.999069213867188,9.887778282165527,18.760217666625977,,9.267271041870117,23.967710494995117,14.562910079956055
2010-10-29,12.577924728393555,,17.489511489868164,8.890979766845703,24.036399841308594,9.904050827026367,18.82564353942871,,9.28189754486084,23.8681697845459,14.558780670166016
2010-11-01,12.570695877075195,,17.510169982910156,8.890979766845703,24.036399841308594,9.912189483642578,18.74712562561035,,9.191187858581543,23.8681697845459,14.529879570007324
2010-11-02,12.700811386108398,,17.702075958251953,8.915406227111816,24.26795768737793,10.009798049926758,18.858356475830078,,9.299459457397461,24.097885131835938,14.695034980773926
2010-11-03,12.664669036865234,,17.74045753479004,9.000897407531738,24.305309295654297,10.066741943359375,18.91726303100586,,9.28189754486084,24.11319923400879,14.769359588623047
2010-11-04,13.080316543579102,,18.30434799194336,9.300117492675781,24.820697784423828,10.217238426208496,19.146282196044922,,9.381388664245605,24.228059768676758,15.000582695007324
2010-11-05,13.12730598449707,,18.39586639404297,9.513842582702637,24.970077514648438,10.209102630615234,19.048128128051758,,9.378464698791504,24.08257484436035,15.07490062713623
2010-11-08,13.159830093383789,,18.451963424682617,9.44056510925293,24.865507125854492,10.217238426208496,19.015409469604492,,9.32579231262207,24.021305084228516,15.050126075744629
2010-11-09,12.928516387939453,,18.416536331176758,9.263477325439453,24.641429901123047,10.188763618469238,18.91726303100586,,9.293604850769043,23.9217586517334,14.913875579833984
2010-11-10,12.993571281433105,,18.652713775634766,9.367284774780273,24.633956909179688,10.196894645690918,18.858356475830078,,9.25263786315918,23.914112091064453,15.046003341674805
2010-11-11,13.12730598449707,,18.859378814697266,9.275690078735352,24.492042541503906,10.042340278625488,18.877994537353516,,9.246785163879395,23.983020782470703,15.025349617004395
2010-11-12,12.834546089172363,,18.581867218017578,9.123025894165039,24.208194732666016,9.899980545043945,18.786380767822266,,9.170701026916504,23.68438720703125,14.868453025817871
2010-11-15,12.7333402633667,,18.487388610839844,9.165776252746582,24.28290367126465,9.871511459350586,18.792926788330078,,9.202895164489746,23.692045211791992,14.839550971984863
2010-11-16,12.45865249633789,,18.1419734954834,9.013113021850586,23.89449119567871,9.692546844482422,18.583539962768555,,9.094624519348145,23.347455978393555,14.63723373413086
2010-11-17,12.455031394958496,,18.21577262878418,8.952049255371094,23.909421920776367,9.696615219116211,18.59008026123047,,9.091699600219727,23.385746002197266,14.765228271484375
2010-11-18,12.689969062805176,,18.617294311523438,9.074176788330078,24.394935607910156,9.859310150146484,18.838735580444336,,9.144368171691895,23.71501350402832,14.893227577209473
2010-11-19,12.791165351867676,,18.773759841918945,9.074176788330078,24.46962547302246,9.887778282165527,18.85181999206543,,9.109254837036133,23.737985610961914,14.963421821594238
2010-11-22,12.823699951171875,,18.7147216796875,8.939835548400879,24.417343139648438,9.944725036621094,18.85181999206543,,9.135590553283691,23.745647430419922,15.033611297607422
2010-11-23,12.577924728393555,,18.348634719848633,8.799385070800781,24.081220626831055,9.798296928405762,18.629344940185547,,9.036100387573242,23.40105438232422,14.810647010803223
2010-11-24,12.820084571838379,,18.679290771484375,8.933731079101562,24.626476287841797,9.960988998413086,18.773298263549805,,9.091699600219727,23.623130798339844,15.116201400756836
2010-11-26,12.603221893310547,,18.454906463623047,8.80549430847168,24.424816131591797,9.86337947845459,18.64897346496582,,9.030250549316406,23.416372299194336,14.99232292175293
2010-11-29,12.711651802062988,,18.57891845703125,8.878771781921387,24.417343139648438,9.838970184326172,18.616262435913086,,9.012691497802734,23.393407821655273,14.959298133850098
2010-11-30,12.71888256072998,,18.51395606994629,8.829917907714844,24.357593536376953,9.741353034973145,18.531190872192383,,9.00098705291748,23.178998947143555,14.926255226135254
2010-12-01,13.065858840942383,,19.06308937072754,9.007001876831055,24.985010147094727,9.948786735534668,18.83219337463379,,9.106330871582031,23.623130798339844,15.244190216064453
2010-12-02,13.264649391174316,,19.346513748168945,9.239049911499023,25.373430252075195,10.066741943359375,18.845277786254883,,9.132662773132324,23.806909561157227,15.44237995147705
2010-12-03,13.376691818237305,,19.432126998901367,9.269582748413086,25.42571258544922,10.091147422790527,18.85181999206543,,9.153149604797363,23.806909561157227,15.450631141662598
2010-12-06,13.39837646484375,,19.497079849243164,9.257370948791504,25.41077423095703,10.091147422790527,18.80601692199707,,9.126814842224121,23.65375328063965,15.46714973449707
2010-12-07,13.416450500488281,,19.423274993896484,9.269582748413086,25.47798728942871,10.103348731994629,18.910715103149414,,9.065363883972168,23.6690673828125,15.475410461425781
2010-12-08,13.275492668151855,,19.331754684448242,9.422243118286133,25.38835906982422,10.188763618469238,18.98269271850586,,9.03317642211914,23.692045211791992,15.43412971496582
2010-12-09,13.347774505615234,,19.37602996826172,9.538264274597168,25.46305274963379,10.196894645690918,19.035036087036133,,9.07121467590332,23.730335235595703,15.45476245880127
2010-12-10,13.46343994140625,,19.45574378967285,9.623756408691406,25.694610595703125,10.245708465576172,19.067760467529297,,9.106330871582031,23.960050582885742,15.508442878723145
2010-12-13,13.535723686218262,,19.621078491210938,9.617650032043457,25.709545135498047,10.225369453430176,19.067760467529297,,9.15022087097168,23.99833869934082,15.43412971496582
2010-12-14,13.52487850189209,,19.529560089111328,9.532157897949219,25.829057693481445,10.2416410446167,19.159366607666016,,9.173632621765137,24.243375778198242,15.429986953735352
2010-12-15,13.452592849731445,,19.423274993896484,9.452774047851562,25.72447967529297,10.200966835021973,19.178998947143555,,9.094624519348145,24.166805267333984,15.380448341369629
2010-12-16,13.579092979431152,,19.532506942749023,9.46498966217041,26.008316040039062,10.217238426208496,19.3491268157959,,9.176558494567871,24.335268020629883,15.491928100585938
2010-12-17,13.685857772827148,,19.539337158203125,9.517695426940918,25.930984497070312,10.237645149230957,19.379491806030273,,9.224233627319336,24.376829147338867,15.516852378845215
2010-12-20,13.729575157165527,,19.666841506958008,9.523822784423828,25.92348289489746,10.245811462402344,19.359689712524414,,9.236076354980469,24.369129180908203,15.608222961425781
2010-12-21,13.868047714233398,,19.86552619934082,9.68929672241211,26.133695602416992,10.307036399841309,19.313488006591797,,9.239039421081543,24.30755615234375,15.674675941467285
2010-12-22,13.860759735107422,,19.933731079101562,9.79960823059082,26.193750381469727,10.294795989990234,19.3992919921875,,9.28049373626709,24.376829147338867,15.695443153381348
2010-12-23,13.897195816040039,,19.990079879760742,9.726067543029785,26.141199111938477,10.290715217590332,19.40589141845703,,9.286418914794922,24.361431121826172,15.628988265991211
2010-12-27,13.919054985046387,,19.918901443481445,9.81186580657959,26.186246871948242,10.311123847961426,19.313488006591797,,9.292342185974121,24.315256118774414,15.58329963684082
2010-12-28,13.948206901550293,,19.9930477142334,9.81186580657959,26.171234130859375,10.298876762390137,19.36628532409668,,9.324914932250977,24.330642700195312,15.550073623657227
2010-12-29,14.006505966186523,,20.191726684570312,9.793481826782227,26.193750381469727,10.319286346435547,19.372888565063477,,9.292342185974121,24.33834457397461,15.599915504455566
2010-12-30,14.006505966186523,,20.20952033996582,9.762836456298828,26.148714065551758,10.294795989990234,19.339885711669922,,9.277536392211914,24.253681182861328,15.570847511291504
2010-12-31,13.995572090148926,,20.23917007446289,9.77509880065918,26.178739547729492,10.282548904418945,19.34648895263672,,9.28049373626709,24.24597930908203,15.537620544433594
2011-01-03,14.108532905578613,,20.390413284301758,9.989598274230957,26.36642837524414,10.396842956542969,19.372888565063477,,9.324914932250977,24.469196319580078,15.720355987548828
2011-01-04,14.0137939453125,,20.215456008911133,9.977336883544922,26.328887939453125,10.437663078308105,19.32008171081543,,9.369332313537598,24.546173095703125,15.63314437866211
2011-01-05,14.04658031463623,,20.295520782470703,10.093780517578125,26.464025497436523,10.498893737792969,19.32668685913086,,9.310107231140137,24.60004997253418,15.761898040771484
2011-01-06,13.973708152770996,,20.102760314941406,10.026366233825684,26.418973922729492,10.560123443603516,19.260677337646484,,9.31899356842041,24.70010757446289,15.666370391845703
2011-01-07,13.959136962890625,,20.248071670532227,9.940568923950195,26.47153091430664,10.511139869689941,19.161670684814453,,9.351566314697266,24.684703826904297,15.658064842224121
2011-01-10,13.977355003356934,,20.16800880432129,9.916055679321289,26.50907325744629,10.519303321838379,19.174875259399414,,9.301226615905762,24.615442276000977,15.64560317993164
2011-01-11,14.090310096740723,,20.50309944152832,9.952825546264648,26.606664657592773,10.502974510192871,19.161670684814453,,9.31602954864502,24.73858642578125,15.641446113586426
2011-01-12,14.228766441345215,,20.784818649291992,10.118292808532715,26.82438850402832,10.59686279296875,19.32008171081543,,9.363411903381348,24.869449615478516,15.678827285766602
2011-01-13,14.104887962341309,,20.725505828857422,10.087653160095215,26.854415893554688,10.588696479797363,19.359689712524414,,9.354527473449707,24.73858642578125,15.653902053833008
2011-01-14,14.137679100036621,,20.95088005065918,10.24699592590332,26.959524154663086,10.68258285522461,19.359689712524414,,9.398946762084961,24.769384384155273,15.749425888061523
2011-01-18,14.214200019836426,,21.08135986328125,10.185710906982422,27.15471649169922,10.694830894470215,19.372888565063477,,9.422636032104492,24.861743927001953,15.795111656188965
2011-01-19,13.886265754699707,,20.826339721679688,9.958954811096191,26.86943817138672,10.61727237701416,19.333280563354492,,9.398946762084961,24.692415237426758,15.63729476928711
2011-01-20,13.689496994018555,,20.67806053161621,10.007980346679688,26.73430061340332,10.560123443603516,19.432300567626953,,9.470015525817871,24.753986358642578,15.670517921447754
2011-01-21,13.656704902648926,,20.78778648376465,10.087653160095215,26.952014923095703,10.498893737792969,19.465303421020508,,9.46113395690918,24.777080535888672,15.707901954650879
2011-01-24,13.802459716796875,,20.86488151550293,10.075396537780762,27.20726776123047,10.645843505859375,19.498300552368164,,9.514432907104492,24.746299743652344,15.770203590393066
2011-01-25,13.82067584991455,,20.80556869506836,10.057007789611816,27.177244186401367,10.694830894470215,19.564306259155273,,9.499629020690918,24.746299743652344,15.778507232666016
2011-01-26,14.112174987792969,,21.303775787353516,10.050880432128906,27.33489990234375,10.756057739257812,19.51150894165039,,9.464093208312988,24.715513229370117,15.803427696228027
2011-01-27,13.995572090148926,,21.179210662841797,10.13668441772461,27.432497024536133,10.792798042297363,19.313488006591797,,9.499629020690918,24.777080535888672,15.928021430969238
2011-01-28,13.776954650878906,,21.087295532226562,9.958954811096191,26.899465560913086,10.543794631958008,19.128658294677734,,9.372295379638672,24.330642700195312,15.408860206604004
2011-01-31,14.006505966186523,,21.692245483398438,10.050880432128906,27.20726776123047,10.609108924865723,19.06266212463379,,9.393021583557129,24.384519577026367,15.442085266113281
2011-02-01,14.38180923461914,,22.04512596130371,10.259254455566406,27.590158462524414,10.788712501525879,19.20126724243164,,9.48778247833252,24.823259353637695,15.624839782714844
2011-02-02,14.356301307678223,,22.02735137939453,10.179584503173828,27.50006675720215,10.809123992919922,19.128658294677734,,9.437440872192383,24.73858642578125,15.579146385192871
2011-02-03,14.418251037597656,,22.039199829101562,10.185710906982422,27.515077590942383,10.825455665588379,19.227676391601562,,9.475936889648438,24.769384384155273,15.761898040771484
2011-02-04,14.42190170288086,,21.98285675048828,10.179584503173828,27.61268424987793,10.894845008850098,19.339885711669922,,9.416715621948242,24.884843826293945,15.869882583618164
2011-02-07,14.498414039611816,,22.110366821289062,10.326664924621582,27.875446319580078,10.947911262512207,19.36628532409668,,9.478898048400879,24.846359252929688,15.95294189453125
2011-02-08,14.545783042907715,,22.03624153137207,10.400214195251465,28.06311798095703,10.992817878723145,19.458703994750977,,9.475936889648438,24.915637969970703,16.14399528503418
2011-02-09,14.414605140686035,,21.757482528686523,10.326664924621582,28.055622100830078,10.972405433654785,19.491701126098633,,9.475936889648438,24.861743927001953,16.251985549926758
2011-02-10,14.440113067626953,,21.979888916015625,10.326664924621582,28.20575523376465,10.923418998718262,19.41909408569336,,9.49370288848877,24.869449615478516,16.27275276184082
2011-02-11,14.520271301269531,,21.976930618286133,10.46762752532959,28.415979385375977,10.980569839477539,19.52470588684082,,9.475936889648438,24.92332649230957,16.438888549804688
2011-02-14,14.676952362060547,,22.460298538208008,10.4737548828125,28.38595199584961,10.996898651123047,19.438894271850586,,9.407830238342285,25.007993698120117,16.372432708740234
2011-02-15,14.5093412399292,,22.226024627685547,10.46149730682373,28.280838012695312,10.956077575683594,19.432300567626953,,9.437440872192383,24.95411491394043,16.393207550048828
2011-02-16,14.698814392089844,,22.52256965637207,10.51665210723877,28.415979385375977,11.017301559448242,19.48509979248047,,9.416715621948242,25.084964752197266,16.526103973388672
2011-02-17,14.829985618591309,,22.744983673095703,10.504398345947266,28.483543395996094,11.037718772888184,19.61711311340332,,9.43448257446289,25.19272232055664,16.530254364013672
2011-02-18,14.666015625,,22.839866638183594,10.528910636901855,28.558629989624023,11.02138900756836,19.669918060302734,,9.449287414550781,25.254304885864258,16.617483139038086
2011-02-22,14.1959810256958,,22.617467880249023,10.204096794128418,27.7327880859375,10.75197696685791,19.531301498413086,,9.407830238342285,24.869449615478516,16.2187557220459
2011-02-23,14.090310096740723,,23.07711410522461,10.161194801330566,27.244810104370117,10.625434875488281,19.48509979248047,,9.387102127075195,24.630828857421875,15.982008934020996
2011-02-24,14.017430305480957,,22.750905990600586,10.13668441772461,27.402462005615234,10.662172317504883,19.40589141845703,,9.351566314697266,24.715513229370117,16.077552795410156
2011-02-25,14.225132942199707,,23.112693786621094,10.27763843536377,27.650217056274414,10.79687786102295,19.504898071289062,,9.404869079589844,24.869449615478516,16.243680953979492
2011-02-28,14.378165245056152,,23.290618896484375,10.326664924621582,27.78534507751465,10.841781616210938,19.61711311340332,,9.508511543273926,25.146541595458984,16.368284225463867
2011-03-01,14.024724960327148,,22.854698181152344,10.106036186218262,27.192256927490234,10.633596420288086,19.465303421020508,,9.413752555847168,24.946413040161133,16.056781768798828
2011-03-02,14.075738906860352,,22.98517608642578,10.044753074645996,27.3273983001709,10.698912620544434,19.41248893737793,,9.428556442260742,25.02338981628418,16.119083404541016
2011-03-03,14.35994815826416,,23.37958526611328,10.253124237060547,27.988048553466797,10.870353698730469,19.610504150390625,,9.535160064697266,25.539094924926758,16.405662536621094
2011-03-04,14.228766441345215,,23.23130226135254,10.124424934387207,27.65771484375,10.784634590148926,19.52470588684082,,9.478898048400879,25.500606536865234,16.285219192504883
2011-03-07,13.984644889831543,,23.068212509155273,10.057007789611816,27.402462005615234,10.645843505859375,19.471893310546875,,9.514432907104492,25.308181762695312,16.12323570251465
2011-03-08,14.14497184753418,,22.8784236907959,10.27763843536377,27.83038330078125,10.73564624786377,19.643512725830078,,9.621038436889648,25.44672966003418,16.251985549926758
2011-03-09,13.915411949157715,,22.721256256103516,10.27763843536377,27.77033233642578,10.690747261047363,19.742530822753906,,9.718758583068848,25.485212326049805,16.289363861083984
2011-03-10,13.612981796264648,,21.893888473510742,10.069263458251953,27.20726776123047,10.490726470947266,19.610504150390625,,9.609192848205566,25.084964752197266,16.102466583251953
2011-03-11,13.813387870788574,,22.273479461669922,10.13668441772461,27.530086517333984,10.531550407409668,19.62371826171875,,9.629919052124023,25.169631958007812,16.202150344848633
2011-03-14,13.762377738952637,,22.395048141479492,10.044753074645996,27.297353744506836,10.482566833496094,19.48509979248047,,9.502591133117676,25.04648780822754,16.002790451049805
2011-03-15,13.762377738952637,,22.226024627685547,9.928313255310059,27.0421085357666,10.327447891235352,19.313488006591797,,9.321954727172852,24.753986358642578,15.869882583618164
2011-03-16,13.485450744628906,,21.870176315307617,9.744452476501465,26.539100646972656,10.074365615844727,19.036256790161133,,9.17685317993164,24.32295036315918,15.599915504455566
2011-03-17,13.72594165802002,,22.537395477294922,9.860896110534668,26.952014923095703,10.180501937866211,19.128658294677734,,9.188695907592773,24.607738494873047,15.670517921447754
2011-03-18,13.793203353881836,,22.43177032470703,9.997305870056152,27.123180389404297,10.198518753051758,19.284008026123047,,9.234453201293945,24.71985626220703,15.660523414611816
2011-03-21,14.030831336975098,,23.113149642944336,10.046463012695312,27.718891143798828,10.370539665222168,19.52297019958496,,9.342108726501465,24.92862319946289,15.902215957641602
2011-03-22,13.997929573059082,,23.06256103515625,9.991161346435547,27.50020408630371,10.354162216186523,19.49641990661621,,9.357059478759766,24.91316795349121,15.777206420898438
2011-03-23,14.202651023864746,,23.122066497802734,9.966582298278809,27.5906982421875,10.411500930786133,19.52961540222168,,9.351080894470215,24.897701263427734,15.91472053527832
2011-03-24,14.264803886413574,,23.20538902282715,10.015742301940918,27.87723731994629,10.57533073425293,19.708847045898438,,9.38995361328125,25.191526412963867,16.148096084594727
2011-03-25,14.341569900512695,,23.413663864135742,10.040319442749023,27.97525978088379,10.599905967712402,19.708847045898438,,9.386960983276367,25.2611141204834,16.177265167236328
2011-03-28,14.27575969696045,,23.35712242126465,10.009594917297363,27.95262908935547,10.57533073425293,19.702207565307617,,9.3540678024292,25.253381729125977,16.01057243347168
2011-03-29,14.425651550292969,,23.64276695251465,10.028029441833496,28.178855895996094,10.649053573608398,19.795143127441406,,9.446772575378418,25.40028953552246,16.15642547607422
2011-03-30,14.575533866882324,,23.806428909301758,10.107912063598633,28.291963577270508,10.694113731384277,19.901355743408203,,9.55443000793457,25.585872650146484,16.331449508666992
2011-03-31,14.630372047424316,,23.72905731201172,10.07104206085205,28.405061721801758,10.673630714416504,19.86152458190918,,9.530503273010254,25.60133171081543,16.273101806640625
2011-04-01,14.685215950012207,,23.800464630126953,10.15706729888916,28.638830184936523,10.653152465820312,19.96109962463379,,9.605264663696289,25.732776641845703,16.377286911010742
2011-04-04,14.780258178710938,,23.81534194946289,10.144774436950684,28.6765193939209,10.616288185119629,20.00092315673828,,9.599283218383789,25.887420654296875,16.414783477783203
2011-04-05,14.955732345581055,,23.886756896972656,10.13863468170166,28.57096290588379,10.599905967712402,20.020835876464844,,9.560407638549805,25.771451950073242,16.468971252441406
2011-04-06,14.831441879272461,,23.636816024780273,10.255378723144531,28.601125717163086,10.677724838256836,20.113779067993164,,9.629188537597656,25.825565338134766,16.43979835510254
2011-04-07,14.802199363708496,,23.636816024780273,10.20622444152832,28.46539878845215,10.681819915771484,20.140329360961914,,9.590315818786621,25.7791690826416,16.373123168945312
2011-04-08,14.69617748260498,,23.720130920410156,10.114053726196289,28.216556549072266,10.620387077331543,20.08058738708496,,9.563401222229004,25.76370620727539,16.277271270751953
2011-04-11,14.5316743850708,,23.25299072265625,10.114053726196289,28.193931579589844,10.604004859924316,20.186796188354492,,9.437800407409668,25.91061019897461,16.281448364257812
2011-04-12,14.334251403808594,,22.53293228149414,10.077187538146973,27.982812881469727,10.517993927001953,20.253173828125,,9.413877487182617,25.87969207763672,16.260597229003906
2011-04-13,14.25016975402832,,22.625167846679688,10.003450393676758,27.899845123291016,10.58352279663086,20.266454696655273,,9.437800407409668,25.856491088867188,16.314783096313477
2011-04-14,14.294044494628906,,22.779903411865234,9.91128158569336,27.899845123291016,10.563045501708984,20.385940551757812,,9.494621276855469,25.995676040649414,16.277271270751953
2011-04-15,14.389094352722168,,22.967348098754883,9.917424201965332,27.99788475036621,10.542564392089844,20.472244262695312,,9.599283218383789,26.22763442993164,16.356449127197266
2011-04-18,14.188026428222656,,22.625167846679688,9.782245635986328,27.59822654724121,10.448362350463867,20.35938835144043,,9.51555061340332,25.933815002441406,16.21059226989746
2011-04-19,14.440274238586426,,22.854272842407227,9.812968254089355,27.839529037475586,10.477034568786621,20.399219512939453,,9.51854133605957,26.15032386779785,16.24810218811035
2011-04-20,14.630372047424316,,23.39283561706543,9.837544441223145,28.291963577270508,10.698205947875977,20.50543785095215,,9.641152381896973,26.40548324584961,16.53980827331543
2011-04-21,14.78757381439209,,23.499954223632812,9.89284896850586,28.374910354614258,10.79240894317627,20.51207733154297,,9.641152381896973,26.482805252075195,16.631484985351562
2011-04-25,14.674245834350586,,23.377952575683594,9.880558013916016,28.291963577270508,10.800602912902832,20.458965301513672,,9.653114318847656,26.51373291015625,16.614822387695312
2011-04-26,14.838748931884766,,23.610036849975586,9.942004203796387,28.834877014160156,10.890705108642578,20.59836769104004,,9.730862617492676,26.823013305664062,16.643993377685547
2011-04-27,14.886271476745605,,23.59813690185547,10.003450393676758,28.963062286376953,10.956239700317383,20.731124877929688,,9.808614730834961,27.124582290649414,16.84401512145996
2011-04-28,14.882619857788086,,23.595165252685547,10.083329200744629,29.061094284057617,10.960335731506348,20.8638916015625,,9.89533805847168,27.263744354248047,16.910694122314453
2011-04-29,14.941118240356445,,23.946260452270508,10.064897537231445,29.181743621826172,10.952146530151367,20.923641204833984,,9.916269302368164,27.248287200927734,16.898183822631836
2011-05-02,14.83509349822998,,23.627891540527344,10.02188777923584,29.136503219604492,10.911185264587402,20.950197219848633,,9.919259071350098,27.526647567749023,16.956533432006836
2011-05-03,14.69983196258545,,23.035783767700195,10.064897537231445,29.015850067138672,10.915281295776367,21.00328826904297,,9.982060432434082,27.457061767578125,16.860689163208008
2011-05-04,14.440274238586426,,22.628149032592773,9.978872299194336,28.593578338623047,10.882516860961914,20.97674560546875,,9.970099449157715,27.433866500854492,16.823183059692383
2011-05-05,14.268450736999512,,22.15802764892578,9.849835395812988,28.45786476135254,10.825172424316406,20.81743049621582,,9.898329734802246,27.256019592285156,16.777345657348633
2011-05-06,14.385436058044434,,22.256227493286133,9.898993492126465,28.706684112548828,10.84565258026123,20.870532989501953,,9.955146789550781,27.449323654174805,16.78984832763672
2011-05-09,14.59382152557373,,22.646005630493164,9.87441349029541,28.827335357666016,10.890705108642578,20.943559646606445,,9.976083755493164,27.603979110717773,16.810678482055664
2011-05-10,14.718108177185059,,22.75311851501465,9.966582298278809,29.091266632080078,10.989007949829102,21.069679260253906,,10.119621276855469,27.774080276489258,17.02738380432129
2011-05-11,14.326947212219238,,22.09554672241211,9.831401824951172,28.699146270751953,10.890705108642578,21.029842376708984,,10.086722373962402,27.727693557739258,16.864852905273438
2011-05-12,14.312321662902832,,22.06281280517578,9.831401824951172,28.759475708007812,10.972623825073242,21.341854095458984,,10.18840217590332,27.982845306396484,17.031543731689453
2011-05-13,14.129536628723145,,21.955703735351562,9.69007396697998,28.412609100341797,10.837461471557617,21.315298080444336,,10.14055347442627,27.89779281616211,16.902366638183594
2011-05-16,14.078352928161621,,21.789072036743164,9.67778491973877,28.307052612304688,10.681819915771484,21.321931838989258,,10.152517318725586,27.944189071655273,16.677331924438477
2011-05-17,13.913848876953125,,21.789072036743164,9.751520156860352,27.922483444213867,10.681819915771484,21.368398666381836,,10.227280616760254,27.944189071655273,16.693998336791992
2011-05-18,14.22458553314209,,22.229446411132812,9.794534683227539,28.29949378967285,10.7596435546875,21.401588439941406,,10.194382667541504,28.160690307617188,16.889862060546875
2011-05-19,14.220926284790039,,22.232418060302734,9.794534683227539,28.480464935302734,10.780122756958008,21.521076202392578,,10.218306541442871,28.098825454711914,16.944034576416016
2011-05-20,14.078352928161621,,22.205644607543945,9.659353256225586,28.178855895996094,10.718684196472168,21.454696655273438,,10.20634651184082,27.866867065429688,16.781513214111328
2011-05-23,13.93212604522705,,21.860483169555664,9.52416706085205,27.779199600219727,10.567143440246582,21.30865478515625,,10.086722373962402,27.580774307250977,16.62315559387207
2011-05-24,14.001583099365234,,22.169937133789062,9.511881828308105,27.63593292236328,10.534374237060547,21.288738250732422,,10.077754020690918,27.503450393676758,16.53980827331543
2011-05-25,14.198996543884277,,22.54483413696289,9.518026351928711,27.86969566345215,10.567143440246582,21.149333953857422,,10.056821823120117,27.54212188720703,16.543973922729492
2011-05-26,14.231893539428711,,22.65789794921875,9.567181587219238,27.982812881469727,10.636768341064453,21.182527542114258,,10.053829193115234,27.580774307250977,16.693998336791992
2011-05-27,14.385436058044434,,22.714435577392578,9.634772300720215,28.1185302734375,10.690014839172363,21.268831253051758,,10.053829193115234,27.596237182617188,16.735668182373047
2011-05-31,14.5316743850708,,22.94354820251465,9.733085632324219,28.374910354614258,10.837461471557617,21.448057174682617,,10.12859058380127,27.920989990234375,16.85235023498535
2011-06-01,14.078352928161621,,22.396074295043945,9.40742301940918,27.447431564331055,10.612195014953613,21.228994369506836,,10.023924827575684,27.534385681152344,16.468971252441406
2011-06-02,14.100289344787598,,22.387128829956055,9.413566589355469,27.5906982421875,10.620387077331543,20.983379364013672,,9.99402141571045,27.472522735595703,16.431459426879883
2011-06-03,13.921154975891113,,22.393089294433594,9.352121353149414,27.221214294433594,10.460648536682129,20.78423500061035,,9.925240516662598,27.20962905883789,16.21893310546875
2011-06-06,13.782232284545898,,21.88726234436035,9.173929214477539,27.025157928466797,10.382828712463379,20.678016662597656,,9.88038444519043,27.0472469329834,16.04807472229004
2011-06-07,13.833420753479004,,21.88726234436035,9.15549373626709,27.01007080078125,10.350065231323242,20.631553649902344,,9.892346382141113,27.10137176513672,16.064739227294922
2011-06-08,13.690841674804688,,21.95271873474121,9.069466590881348,26.776317596435547,10.280436515808105,20.644832611083984,,9.916269302368164,27.132299423217773,15.939723014831543
2011-06-09,13.917502403259277,,22.250267028808594,9.173929214477539,26.97991371154785,10.288627624511719,20.757686614990234,,9.925240516662598,27.418384552001953,16.073074340820312
2011-06-10,13.742026329040527,,21.818830490112305,9.112481117248535,26.55010223388672,10.14527416229248,20.518705368041992,,9.859451293945312,26.915807723999023,15.777206420898438
2011-06-13,13.66159439086914,,21.473674774169922,9.2046480178833,26.55764389038086,10.153464317321777,20.611642837524414,,9.904302597045898,27.0472469329834,15.75636100769043
2011-06-14,13.924806594848633,,21.9318904876709,9.25380802154541,27.062862396240234,10.280436515808105,20.830707550048828,,9.943185806274414,27.279220581054688,16.035566329956055
2011-06-15,13.603106498718262,,21.42905616760254,9.051033973693848,26.655672073364258,10.087931632995605,20.518705368041992,,9.820578575134277,26.90806770324707,15.789701461791992
2011-06-16,13.471494674682617,,21.461774826049805,9.100191116333008,26.74615478515625,10.063358306884766,20.68466567993164,,9.898329734802246,26.954469680786133,15.752198219299316
2011-06-17,13.469659805297852,,21.40653419494629,9.182207107543945,26.863622665405273,10.054314613342285,20.81635284423828,,9.965996742248535,27.016630172729492,15.870548248291016
2011-06-20,13.583622932434082,,21.466262817382812,9.176037788391113,27.09852409362793,10.09131908416748,20.9700984954834,,10.023396492004395,27.288578033447266,16.00019073486328
2011-06-21,13.932859420776367,,21.893306732177734,9.305538177490234,27.522891998291016,10.272258758544922,20.95005226135254,,10.029435157775879,27.45952606201172,16.326383590698242
2011-06-22,13.874043464660645,,21.830595016479492,9.250040054321289,27.371328353881836,10.19823932647705,20.81635284423828,,9.962972640991211,27.296356201171875,16.200923919677734
2011-06-23,13.863011360168457,,21.591690063476562,9.157539367675781,27.31070899963379,10.268145561218262,20.629179000854492,,9.878392219543457,27.2652645111084,16.259475708007812
2011-06-24,13.774786949157715,,21.182552337646484,9.10203742980957,27.00001335144043,10.09131908416748,20.46206283569336,,9.908598899841309,26.946699142456055,16.10055923461914
2011-06-27,13.804198265075684,,21.296037673950195,9.194540977478027,27.212200164794922,10.227023124694824,20.555646896362305,,9.98110294342041,27.086557388305664,16.297109603881836
2011-06-28,14.07256031036377,,21.917207717895508,9.23770809173584,27.63655662536621,10.354500770568848,20.59575653076172,,10.02641487121582,27.46729278564453,16.606576919555664
2011-06-29,14.296810150146484,,22.174030303955078,9.428874015808105,27.780536651611328,10.436745643615723,20.716083526611328,,10.092876434326172,27.521678924560547,16.681852340698242
2011-06-30,14.473261833190918,,22.502534866333008,9.465874671936035,28.220062255859375,10.568331718444824,20.876522064208984,,10.114020347595215,27.607154846191406,16.815671920776367
2011-07-01,14.605609893798828,,22.714570999145508,9.638542175292969,28.72777557373047,10.741047859191895,21.03694725036621,,10.23486042022705,27.941267013549805,17.154407501220703
2011-07-05,14.62398624420166,,22.85493278503418,9.55220890045166,28.568653106689453,10.757499694824219,21.0302677154541,,10.1744384765625,27.86357307434082,17.22968864440918
2011-07-06,14.682809829711914,,22.813135147094727,9.502875328063965,28.720203399658203,10.80684757232666,21.143909454345703,,10.195585250854492,27.941267013549805,17.16695213317871
2011-07-07,14.90338134765625,,23.15656089782715,9.657042503356934,29.023311614990234,10.938432693481445,21.290966033935547,,10.237876892089844,27.925718307495117,17.40532875061035
2011-07-08,14.789422988891602,,22.962432861328125,9.533706665039062,28.659578323364258,10.884977340698242,21.217439651489258,,10.19860553741455,27.80140495300293,17.300777435302734
2011-07-11,14.491645812988281,,22.41892433166504,9.27470588684082,28.129133224487305,10.7040376663208,21.063688278198242,,10.089855194091797,27.42068099975586,16.966228485107422
2011-07-12,14.432830810546875,,22.335308074951172,9.23770809173584,27.856321334838867,10.609458923339844,20.99683952331543,,10.135169982910156,27.42068099975586,16.882585525512695
2011-07-13,14.557816505432129,,22.502534866333008,9.243873596191406,27.969987869262695,10.63413143157959,20.99683952331543,,10.107980728149414,27.52943992614746,16.97040557861328
2011-07-14,14.418122291564941,,22.353219985961914,9.176037788391113,27.666868209838867,10.54366397857666,20.90325927734375,,10.062664985656738,27.482831954956055,16.84076690673828
2011-07-15,14.546786308288574,,22.953487396240234,9.157539367675781,27.689598083496094,10.65880298614502,20.963415145874023,,10.077770233154297,27.342966079711914,16.849132537841797
2011-07-18,14.374007225036621,,22.875837326049805,9.034204483032227,27.378917694091797,10.621796607971191,20.82971954345703,,9.98110294342041,27.14094352722168,16.6860294342041
2011-07-19,14.590898513793945,,23.293941497802734,9.145208358764648,27.735057830810547,10.876749992370605,21.117170333862305,,10.068708419799805,27.381818771362305,17.008037567138672
2011-07-20,14.579879760742188,,23.234214782714844,9.250040054321289,27.788110733032227,10.843852043151855,21.083740234375,,10.129128456115723,27.288578033447266,16.92022132873535
2011-07-21,14.756336212158203,,23.691120147705078,9.472042083740234,28.204898834228516,10.893199920654297,21.257549285888672,,10.280173301696777,27.70039939880371,17.11676788330078
2011-07-22,14.686480522155762,,23.81058692932129,9.447372436523438,27.909360885620117,10.987781524658203,21.217439651489258,,10.216729164123535,27.653778076171875,17.183685302734375
2011-07-25,14.649724006652832,,23.715024948120117,9.37954330444336,27.894222259521484,10.958993911743164,21.023576736450195,,10.252982139587402,27.366283416748047,17.070772171020508
2011-07-26,14.491645812988281,,23.601539611816406,9.367207527160645,27.378917694091797,11.008341789245605,20.9700984954834,,10.216729164123535,27.148723602294922,17.041500091552734
2011-07-27,14.160789489746094,,23.15656089782715,9.145208358764648,26.63627815246582,10.716373443603516,20.742822647094727,,10.186524391174316,26.674745559692383,16.74457359313965
2011-07-28,14.131380081176758,,23.060991287231445,9.151372909545898,26.408933639526367,10.699928283691406,20.742822647094727,,10.123085021972656,26.65143394470215,16.66093635559082
2011-07-29,13.97329330444336,,22.831043243408203,9.126705169677734,26.28012466430664,10.613568305969238,20.609130859375,,10.020371437072754,26.511579513549805,16.581478118896484
2011-08-01,13.925512313842773,,22.798187255859375,9.09587574005127,26.113405227661133,10.605344772338867,20.535594940185547,,10.050582885742188,26.06089973449707,16.4936580657959
2011-08-02,13.495392799377441,,22.16208839416504,8.849205017089844,25.20404815673828,10.383285522460938,20.26819610595703,,9.878392219543457,25.501466751098633,15.870548248291016
2011-08-03,13.565245628356934,,22.036653518676758,8.892372131347656,25.431396484375,10.490201950073242,20.348413467407227,,9.878392219543457,25.548078536987305,15.98764419555664
2011-08-04,12.646185874938965,,20.525541305541992,8.442204475402832,24.06736946105957,10.066646575927734,19.713363647460938,,9.555150985717773,24.530197143554688,15.209799766540527
2011-08-05,12.61677360534668,,20.32843780517578,8.281871795654297,24.06736946105957,10.004968643188477,19.99412727355957,,9.63369369506836,24.716678619384766,15.197256088256836
2011-08-08,11.69404411315918,,18.59931755065918,7.49869966506958,22.36992645263672,9.441596984863281,19.238752365112305,,9.123162269592285,23.450151443481445,14.243768692016602
2011-08-09,12.41458511352539,,19.54600715637207,8.078369140625,23.476299285888672,9.873373985290527,19.70668601989746,,9.422234535217285,24.30486297607422,14.904516220092773
2011-08-10,11.988141059875488,,18.871068954467773,7.5172014236450195,22.278993606567383,9.48682689666748,18.951303482055664,,9.243998527526855,23.27920913696289,14.268856048583984
2011-08-11,12.580016136169434,,19.850616455078125,7.936537265777588,23.339895248413086,9.848698616027832,19.512821197509766,,9.63369369506836,24.343721389770508,14.90032958984375
2011-08-12,12.66089153289795,,19.9969482421875,7.881038188934326,23.794574737548828,9.918606758117676,19.746797561645508,,9.576298713684082,24.584596633911133,15.084344863891602
2011-08-15,12.86308479309082,,20.671878814697266,8.133868217468262,24.150733947753906,10.095433235168457,20.027551651000977,,9.902557373046875,24.99639892578125,15.305984497070312
2011-08-16,12.65721321105957,,20.32843780517578,7.973536491394043,23.80972671508789,10.021419525146484,20.074352264404297,,9.890472412109375,24.97309112548828,15.222350120544434
2011-08-17,12.69398021697998,,20.409074783325195,8.022870063781738,23.733943939208984,9.976180076599121,20.208036422729492,,9.962972640991211,24.99639892578125,15.201437950134277
2011-08-18,11.955055236816406,,19.226455688476562,7.634368419647217,22.422969818115234,9.49094295501709,19.847063064575195,,9.845160484313965,24.172775268554688,14.44867992401123
2011-08-19,11.763891220092773,,18.886003494262695,7.480197429656982,22.074386596679688,9.260661125183105,19.753477096557617,,9.78474235534668,24.11060905456543,14.239583015441895
2011-08-22,11.763891220092773,,18.73370361328125,7.387701511383057,22.15774917602539,9.310002326965332,19.81363868713379,,9.76057243347168,24.09507179260254,14.28140640258789
2011-08-23,12.17930793762207,,19.578857421875,7.628202438354492,22.938276290893555,9.651317596435547,20.221405029296875,,9.93578815460205,24.879854202270508,14.833427429199219
2011-08-24,12.35208797454834,,19.695323944091797,7.831705093383789,23.400522232055664,9.737676620483398,20.308311462402344,,10.150269508361816,25.167346954345703,15.096888542175293
2011-08-25,12.21606731414795,,19.280210494995117,7.807039260864258,22.961002349853516,9.597862243652344,20.00082015991211,,9.984121322631836,24.739986419677734,14.795783042907715
2011-08-26,12.473401069641113,,19.653507232666016,7.874866962432861,23.438405990600586,9.787020683288574,20.16792869567871,,9.969018936157227,25.050785064697266,15.105256080627441
2011-08-29,12.852052688598633,,20.226900100708008,8.201703071594238,24.181045532226562,10.033748626708984,20.528905868530273,,10.165374755859375,25.687944412231445,15.544352531433105
2011-08-30,12.958663940429688,,20.346357345581055,8.146203994750977,24.38564682006836,10.074871063232422,20.582386016845703,,10.171419143676758,25.773408889770508,15.615450859069824
2011-08-31,12.991752624511719,,20.4986629486084,8.251036643981934,24.552358627319336,10.050200462341309,20.64923858642578,,10.237876892089844,25.952125549316406,15.71163272857666
2011-09-01,12.81529426574707,,20.343366622924805,8.066038131713867,24.150733947753906,9.939170837402344,20.57570457458496,,10.171419143676758,25.781179428100586,15.519268989562988
2011-09-02,12.48811149597168,,19.775955200195312,7.733035087585449,23.377782821655273,9.712996482849121,20.281566619873047,,10.056624412536621,25.213972091674805,15.080163955688477
2011-09-06,12.421936988830566,,19.560932159423828,7.597365856170654,23.135297775268555,9.667765617370605,20.201353073120117,,10.008291244506836,25.276121139526367,15.03415584564209
2011-09-07,12.77852725982666,,20.277673721313477,7.961203098297119,23.855194091796875,9.918606758117676,20.56233024597168,,10.120064735412598,25.882192611694336,15.42308235168457
2011-09-08,12.609420776367188,,20.041746139526367,7.78853702545166,23.49903678894043,9.86925983428955,20.508853912353516,,10.114020347595215,25.60247039794922,15.213983535766602
2011-09-09,12.194010734558105,,19.378767013549805,7.541864395141602,22.87006378173828,9.659542083740234,20.054292678833008,,9.908598899841309,24.840993881225586,14.81251049041748
2011-09-12,12.11313533782959,,19.47134017944336,7.628202438354492,22.91554069519043,9.774683952331543,20.074352264404297,,9.99016284942627,24.926477432250977,14.9881591796875
2011-09-13,12.311652183532715,,19.525094985961914,7.677535057067871,23.339895248413086,9.889823913574219,20.147871017456055,,10.056624412536621,25.18288230895996,15.163789749145508
2011-09-14,12.502813339233398,,19.76700210571289,7.770033359527588,23.749095916748047,10.037861824035645,20.388530731201172,,10.126105308532715,25.42375373840332,15.414715766906738
2011-09-15,12.716035842895508,,20.158214569091797,7.967369079589844,24.234088897705078,10.19823932647705,20.629179000854492,,10.252982139587402,25.656862258911133,15.673998832702637
2011-09-16,12.757793426513672,,20.114442825317383,7.992132663726807,24.362110137939453,10.311341285705566,20.763153076171875,,10.369867324829102,25.795129776000977,15.849400520324707
2011-09-19,12.569313049316406,,19.796640396118164,7.775455951690674,24.133501052856445,10.286574363708496,20.588111877441406,,10.311881065368652,25.552967071533203,15.820026397705078
2011-09-20,12.421480178833008,,19.67371368408203,7.750694274902344,23.95823097229004,10.261807441711426,20.628501892089844,,10.461417198181152,25.787324905395508,15.736109733581543
2011-09-21,11.859725952148438,,18.855226516723633,7.366872310638428,22.967594146728516,10.109074592590332,20.204355239868164,,10.269156455993652,25.092056274414062,15.228350639343262
2011-09-22,11.194487571716309,,17.790895462036133,7.1563944816589355,22.106496810913086,9.795355796813965,19.820602416992188,,10.095208168029785,24.584272384643555,14.77094841003418
2011-09-23,11.176005363464355,,17.599010467529297,7.230681419372559,22.33510971069336,9.90680980682373,19.861000061035156,,10.195917129516602,24.592092514038086,14.99335765838623
2011-09-26,11.534499168395996,,18.240610122680664,7.552595138549805,22.899009704589844,10.030646324157715,20.244752883911133,,10.278312683105469,24.998308181762695,15.345847129821777
2011-09-27,11.774720191955566,,18.507448196411133,7.589739799499512,23.302885055541992,10.158611297607422,20.365934371948242,,10.314935684204102,25.3810977935791,15.450753211975098
2011-09-28,11.253619194030762,,17.901819229125977,7.373066425323486,22.70850372314453,10.01413631439209,19.9821834564209,,10.211175918579102,24.943628311157227,15.186389923095703
2011-09-29,11.264704704284668,,18.07271957397461,7.577358245849609,23.036176681518555,9.993496894836426,20.17742347717285,,10.375970840454102,25.107675552368164,15.06049919128418
2011-09-30,10.850778579711914,,17.54204750061035,7.311161518096924,22.266525268554688,9.741700172424316,19.96871566772461,,10.25999927520752,24.787385940551758,14.628280639648438
2011-10-03,10.54403018951416,,16.945419311523438,6.983055114746094,21.64166259765625,9.522921562194824,19.679227828979492,,10.015864372253418,23.998380661010742,14.200258255004883
2011-10-04,10.954258918762207,,17.500076293945312,7.261633396148682,22.24367332458496,9.71693229675293,19.867725372314453,,9.967034339904785,24.25617027282715,14.649261474609375
2011-10-05,11.390361785888672,,18.144664764404297,7.366872310638428,22.71611785888672,9.919197082519531,19.8946590423584,,9.973137855529785,24.64676856994629,14.917827606201172
2011-10-06,11.678629875183105,,18.486459732055664,7.595928192138672,23.173343658447266,10.067797660827637,20.130298614501953,,10.150138854980469,24.943628311157227,15.26611328125
2011-10-07,11.501235961914062,,18.258602142333984,7.323541164398193,23.120006561279297,10.030646324157715,20.244752883911133,,10.192864418029785,24.92018699645996,15.253528594970703
2011-10-10,11.985382080078125,,19.086078643798828,7.701170921325684,23.927753448486328,10.340234756469727,20.56118392944336,,10.391228675842285,25.490467071533203,15.769679069519043
2011-10-11,12.000160217285156,,19.125057220458984,7.694981575012207,23.996339797973633,10.385642051696777,20.52078628540039,,10.296626091003418,25.4514102935791,15.836814880371094
2011-10-12,12.118430137634277,,19.22699737548828,7.8930792808532715,24.301149368286133,10.431049346923828,20.682371139526367,,10.272211074829102,25.46702766418457,15.979488372802734
2011-10-13,12.055601119995117,,19.200008392333984,7.707362651824951,24.09540557861328,10.546627044677734,20.62177276611328,,10.272211074829102,25.443592071533203,15.966897010803223
2011-10-14,12.37343692779541,,19.967538833618164,7.800218105316162,24.529760360717773,10.732378005981445,20.783355712890625,,10.369867324829102,25.68576431274414,16.227066040039062
2011-10-17,11.95212173461914,,19.60476303100586,7.558786869049072,23.828683853149414,10.563138961791992,20.64198112487793,,10.327142715454102,25.24048614501953,15.895557403564453
2011-10-18,12.258866310119629,,20.23436737060547,7.917842388153076,24.51451873779297,10.658077239990234,20.79682159423828,,10.400383949279785,25.427968978881836,16.218669891357422
2011-10-19,11.904071807861328,,20.024494171142578,7.806410789489746,24.217321395874023,10.451683044433594,20.736228942871094,,10.409538269042969,25.3810977935791,15.975293159484863
2011-10-20,12.014945983886719,,20.180395126342773,7.924036026000977,24.423070907592773,10.406281471252441,20.850685119628906,,10.467524528503418,25.357656478881836,16.055021286010742
2011-10-21,12.332781791687012,,20.55217170715332,8.128326416015625,24.895532608032227,10.538374900817871,21.18731117248535,,10.64452075958252,25.865434646606445,16.499828338623047
2011-10-24,12.628443717956543,,20.822002410888672,8.307859420776367,25.360370635986328,10.70348834991455,21.03919219970703,,10.598745346069336,26.25604248046875,16.743215560913086
2011-10-25,12.30690860748291,,20.387271881103516,8.06023120880127,24.84218978881836,10.534245491027832,20.790088653564453,,10.479728698730469,25.724824905395508,16.37813377380371
2011-10-26,12.528657913208008,,20.82799530029297,8.202613830566406,25.0174617767334,10.579647064208984,20.998796463012695,,10.522452354431152,26.068553924560547,16.315200805664062
2011-10-27,13.208680152893066,,21.751426696777344,8.691673278808594,26.107154846191406,10.893367767333984,21.268102645874023,,10.772698402404785,26.701313018798828,16.759992599487305
2011-10-28,13.30107307434082,,21.89832878112793,8.697864532470703,26.107154846191406,10.930517196655273,21.2142391204834,,10.68419361114502,26.724756240844727,16.629911422729492
2011-10-31,12.73192310333252,,20.89995002746582,8.357378959655762,25.46705436706543,10.736509323120117,20.897809982299805,,10.635369300842285,26.21697425842285,16.373933792114258
2011-11-01,12.391913414001465,,20.225370407104492,7.961176872253418,24.69740104675293,10.439302444458008,20.53424835205078,,10.412595748901367,25.71701431274414,16.021453857421875
2011-11-02,12.698663711547852,,20.83399200439453,8.196423530578613,25.185100555419922,10.567272186279297,20.7294921875,,10.59570026397705,25.88887596130371,16.185100555419922
2011-11-03,12.957368850708008,,21.382646560668945,8.338807106018066,25.802349090576172,10.819067001342773,20.985328674316406,,10.723872184753418,26.170108795166016,16.394916534423828
2011-11-04,12.927799224853516,,21.364665985107422,8.227377891540527,25.60421371459961,10.753018379211426,20.864139556884766,,10.675043106079102,25.92793846130371,16.33197021484375
2011-11-07,13.038668632507324,,21.481582641601562,8.270709991455078,25.665184020996094,10.819067001342773,21.03919219970703,,10.733026504516602,26.23260498046875,16.436885833740234
2011-11-08,13.193899154663086,,21.832366943359375,8.4254789352417,25.954757690429688,10.942904472351074,21.247900009155273,,10.803213119506836,26.55289649963379,16.596343994140625
2011-11-09,12.550832748413086,,20.866973876953125,7.967370986938477,24.94887351989746,10.563138961791992,20.749691009521484,,10.568231582641602,25.787324905395508,16.004669189453125
2011-11-10,12.702363014221191,,21.229745864868164,8.004512786865234,25.253690719604492,10.596160888671875,20.951671600341797,,10.63842487335205,26.15447998046875,16.155733108520508
2011-11-11,12.998022079467773,,21.66448402404785,8.196423530578613,25.855693817138672,10.798428535461426,21.194034576416016,,10.791009902954102,26.615394592285156,16.562772750854492
2011-11-14,12.861275672912598,,21.379655838012695,8.029275894165039,25.695663452148438,10.715869903564453,21.012264251708984,,10.662835121154785,26.435718536376953,16.441082000732422
2011-11-15,12.887147903442383,,21.355674743652344,8.066417694091797,25.848060607910156,10.860344886779785,21.113252639770508,,10.681146621704102,26.498207092285156,16.499828338623047
2011-11-16,12.584097862243652,,21.034868240356445,7.868316650390625,25.46705436706543,10.699357986450195,20.92473602294922,,10.552972793579102,25.990436553955078,16.189308166503906
2011-11-17,12.225602149963379,,20.555160522460938,7.713550567626953,25.02507781982422,10.49296760559082,20.850685119628906,,10.498039245605469,25.71701431274414,15.90395736694336
2011-11-18,12.292130470275879,,20.432247161865234,7.738316059112549,25.08603858947754,10.406281471252441,20.91126823425293,,10.571281433105469,25.662328720092773,15.895557403564453
2011-11-21,12.077775001525879,,20.066469192504883,7.546406269073486,24.506900787353516,10.224658966064453,20.57464027404785,,10.440052032470703,25.170177459716797,15.647985458374023
2011-11-22,11.985382080078125,,19.87758445739746,7.478307247161865,24.346874237060547,10.208145141601562,20.59483528137207,,10.311881065368652,25.23267364501953,15.6395902633667
2011-11-23,11.667543411254883,,19.274967193603516,7.274013042449951,23.7829647064209,9.964600563049316,20.372669219970703,,10.150138854980469,24.865503311157227,15.329057693481445
2011-11-25,11.608409881591797,,19.137052536010742,7.292588233947754,23.744871139526367,9.910940170288086,20.44672203063965,,10.202019691467285,24.771764755249023,15.24514102935791
2011-11-28,12.044513702392578,,19.853607177734375,7.50925874710083,24.544998168945312,10.237040519714355,20.769895553588867,,10.330192565917969,25.4357852935791,15.710917472839355
2011-11-29,12.066685676574707,,20.13842010498047,7.4721174240112305,24.567861557006836,10.183377265930176,20.985328674316406,,10.443106651306152,25.54514503479004,15.765470504760742
2011-11-30,12.757793426513672,,21.247739791870117,7.930222034454346,25.825210571289062,10.575523376464844,21.47681427001953,,10.745231628417969,26.466960906982422,16.25644874572754
2011-12-01,12.676485061645508,,21.130815505981445,7.8868913650512695,25.74138069152832,10.63331127166748,21.44314956665039,,10.71471118927002,26.506023406982422,16.269031524658203
2011-12-02,12.565621376037598,,21.112817764282227,7.992132663726807,25.688053131103516,10.6250581741333,21.36907958984375,,10.604853630065918,26.177919387817383,16.394916534423828
2011-12-05,12.713443756103516,,21.37364959716797,8.153088569641113,25.96237564086914,10.744763374328613,21.49700355529785,,10.687249183654785,26.22478485107422,16.545984268188477
2011-12-06,12.831707954406738,,21.37065887451172,8.159279823303223,25.954757690429688,10.74063777923584,21.523937225341797,,10.717766761779785,26.334152221679688,16.491436004638672
2011-12-07,12.842798233032227,,21.166780471801758,8.258328437805176,25.947128295898438,10.753018379211426,21.57779312133789,,10.70250415802002,26.529460906982422,16.596343994140625
2011-12-08,12.443655014038086,,20.576152801513672,7.936413288116455,25.307025909423828,10.583782196044922,21.328689575195312,,10.546869277954102,26.03731918334961,16.243850708007812
2011-12-09,12.602570533752441,,21.043865203857422,8.10975456237793,25.88617706298828,10.748894691467285,21.550867080688477,,10.681146621704102,26.420093536376953,16.512414932250977
2011-12-12,12.303217887878418,,20.55217170715332,7.917842388153076,25.413707733154297,10.612669944763184,21.355623245239258,,10.589593887329102,26.10761833190918,16.462060928344727
2011-12-13,12.096256256103516,,20.36029052734375,7.806410789489746,25.07841682434082,10.513604164123535,21.308488845825195,,10.629264831542969,26.06074333190918,16.138944625854492
2011-12-14,11.948424339294434,,19.787647247314453,7.775455951690674,24.781230926513672,10.352617263793945,21.200775146484375,,10.56213092803955,26.04511260986328,15.971094131469727
2011-12-15,12.029725074768066,,19.703697204589844,7.781651020050049,24.956485748291016,10.327851295471191,21.416210174560547,,10.690302848815918,26.334152221679688,15.996267318725586
2011-12-16,12.106021881103516,,19.913557052612305,7.81279993057251,25.062358856201172,10.356460571289062,21.392440795898438,,10.65882396697998,26.246170043945312,15.996271133422852
2011-12-19,11.890174865722656,,19.56429672241211,7.638351917266846,24.801536560058594,10.256956100463867,21.304122924804688,,10.578588485717773,26.246170043945312,15.819003105163574
2011-12-20,12.35908031463623,,20.36818504333496,7.924948215484619,25.653047561645508,10.547168731689453,21.745695114135742,,10.803860664367676,26.796077728271484,16.25372886657715
2011-12-21,12.377690315246582,,20.593994140625,7.968554973602295,25.66071891784668,10.37304401397705,21.976667404174805,,10.964329719543457,26.96891212463379,16.308603286743164
2011-12-22,12.500499725341797,,20.834861755371094,8.1367769241333,25.906211853027344,10.493274688720703,21.969877243041992,,10.976672172546387,27.165306091308594,16.355022430419922
2011-12-23,12.619584083557129,,20.95529556274414,8.192852973937988,26.15169334411621,10.59692096710205,22.12611961364746,,11.047653198242188,27.338125228881836,16.536518096923828
2011-12-27,12.615866661071777,,21.009485244750977,8.149238586425781,26.144027709960938,10.613503456115723,22.166893005371094,,11.137142181396484,27.400970458984375,16.587162017822266
2011-12-28,12.314424514770508,,20.609052658081055,8.018399238586426,25.729768753051758,10.505711555480957,22.058183670043945,,11.097025871276855,27.10245132446289,16.405672073364258
2011-12-29,12.474446296691895,,20.82282066345215,8.143006324768066,26.051969528198242,10.584485054016113,22.173681259155273,,11.183425903320312,27.29885482788086,16.574504852294922
2011-12-30,12.46700382232666,,20.81378936767578,8.099393844604492,25.890871047973633,10.551312446594238,22.07178497314453,,11.10319995880127,27.251712799072266,16.468992233276367
2012-01-03,12.813108444213867,,21.391864776611328,8.311223030090332,26.458547592163086,10.700570106506348,22.051395416259766,,10.90570068359375,27.605228424072266,16.608259201049805
2012-01-04,12.921027183532715,,21.43702507019043,8.286306381225586,26.58128547668457,10.729588508605957,22.003841400146484,,10.84398078918457,27.471675872802734,16.739105224609375
2012-01-05,12.958240509033203,,21.334657669067383,8.398449897766113,26.588956832885742,10.762758255004883,21.990259170532227,,10.865580558776855,27.550228118896484,16.878387451171875
2012-01-06,12.939634323120117,,21.208208084106445,8.34860897064209,26.535266876220703,10.766900062561035,21.847599029541016,,10.8069486618042,27.59737205505371,16.90371322631836
2012-01-09,12.96568489074707,,21.31057357788086,8.392217636108398,26.734712600708008,10.750321388244629,21.881563186645508,,10.82237434387207,27.644500732421875,16.878387451171875
2012-01-10,13.20758056640625,,21.5002498626709,8.541748046875,27.118288040161133,10.78763198852539,21.956287384033203,,10.837808609008789,27.848758697509766,16.98811912536621
2012-01-11,13.337831497192383,,21.211210250854492,8.641432762145996,27.20266342163086,10.820798873901367,21.861181259155273,,10.788434028625488,27.87232780456543,17.01344871520996
2012-01-12,13.523911476135254,,21.01250457763672,8.672582626342773,27.440486907958984,10.874695777893066,21.85439109802246,,10.773002624511719,27.95873260498047,17.06409454345703
2012-01-13,13.434591293334961,,20.90712547302246,8.610280990600586,27.22568702697754,10.812508583068848,21.83400535583496,,10.76683235168457,27.833026885986328,17.04299545288086
2012-01-17,13.509024620056152,,21.054655075073242,8.541748046875,27.36376190185547,10.862263679504395,21.915523529052734,,10.75757884979248,28.00587272644043,17.089418411254883
2012-01-18,13.66160774230957,,21.40089988708496,8.672582626342773,27.609249114990234,11.019805908203125,21.963098526000977,,10.754487991333008,28.16297721862793,17.36376953125
2012-01-19,13.672770500183105,,21.488210678100586,8.75357437133789,27.900753021240234,11.09857177734375,22.003841400146484,,10.664997100830078,28.16297721862793,17.515705108642578
2012-01-20,13.613226890563965,,21.491220474243164,8.809650421142578,27.73966407775879,11.111014366149902,22.010639190673828,,10.680429458618164,28.16297721862793,17.372207641601562
2012-01-23,13.605780601501465,,21.662837982177734,8.840802192687988,27.708972930908203,11.148324012756348,21.990259170532227,,10.723631858825684,28.037290573120117,17.359540939331055
2012-01-24,13.605780601501465,,21.599609375,8.828338623046875,27.73966407775879,11.140036582946777,21.86798095703125,,10.637225151062012,28.0451602935791,17.41019630432129
2012-01-25,13.82163143157959,,21.864564895629883,8.847034454345703,28.04652214050293,11.227095603942871,22.119333267211914,,10.813121795654297,28.249391555786133,17.53681755065918
2012-01-26,13.81790828704834,,21.566490173339844,8.772269248962402,27.992820739746094,11.152471542358398,22.03781509399414,,10.850152015686035,28.123706817626953,17.50726318359375
2012-01-27,13.836515426635742,,21.521331787109375,8.803418159484863,27.969804763793945,11.152471542358398,21.88836097717285,,10.71745491027832,28.13941764831543,17.494596481323242
2012-01-30,13.82163143157959,,21.418956756591797,8.722428321838379,27.870086669921875,11.185641288757324,21.745695114135742,,10.649565696716309,28.100135803222656,17.44395637512207
2012-01-31,13.836515426635742,,21.28347396850586,8.759805679321289,27.785696029663086,11.206367492675781,21.759281158447266,,10.702025413513184,28.123706817626953,17.43973159790039
2012-02-01,13.974207878112793,,21.367778778076172,8.896873474121094,28.08487892150879,11.318305015563965,21.915523529052734,,10.739058494567871,28.398656845092773,17.498828887939453
2012-02-02,13.907225608825684,,21.530366897583008,8.940486907958984,28.100221633911133,11.347330093383789,21.997051239013672,,10.720544815063477,28.288673400878906,17.47771644592285
2012-02-03,14.09702205657959,,21.909727096557617,9.183466911315918,28.583513259887695,11.492440223693848,22.064985275268555,,10.748313903808594,28.453655242919922,17.836469650268555
2012-02-06,14.018866539001465,,22.171667098999023,9.139853477478027,28.514461517333984,11.496577262878418,22.051395416259766,,10.702025413513184,28.296531677246094,17.798490524291992
2012-02-07,14.00398063659668,,22.286069869995117,9.133622169494629,28.483783721923828,11.525603294372559,22.07178497314453,,10.779176712036133,28.398656845092773,17.88290786743164
2012-02-08,14.018866539001465,,22.210803985595703,9.202156066894531,28.545148849487305,11.59608268737793,22.078571319580078,,10.79151725769043,28.398656845092773,17.925111770629883
2012-02-09,14.03375244140625,,22.213823318481445,9.164775848388672,28.62188148498535,11.708020210266113,22.200851440429688,,10.760658264160156,28.249391555786133,17.95465850830078
2012-02-10,13.788135528564453,,21.99102020263672,9.077550888061523,28.361047744750977,11.62095832824707,22.153303146362305,,10.739058494567871,28.131559371948242,17.857574462890625
2012-02-13,13.825356483459473,,22.165639877319336,9.15854549407959,28.70625114440918,11.695590019226074,22.248409271240234,,10.726716041564941,28.343669891357422,18.001081466674805
2012-02-14,13.646710395812988,,22.204784393310547,9.071324348449707,28.60652732849121,11.716316223144531,22.30275535583496,,10.7298002243042,28.461509704589844,17.979982376098633
2012-02-15,13.657885551452637,,22.16864776611328,9.015252113342285,28.230628967285156,11.65412712097168,22.295961380004883,,10.708199501037598,28.406522750854492,17.899789810180664
2012-02-16,13.89977741241455,,22.457698822021484,9.15854549407959,28.491453170776367,11.824108123779297,22.438621520996094,,10.82237434387207,28.56363868713379,17.97576141357422
2012-02-17,13.907225608825684,,22.54199981689453,9.214620590209961,28.598861694335938,11.824108123779297,22.459003448486328,,10.816205024719238,28.469364166259766,18.13192367553711
2012-02-21,13.989094734191895,,22.695541381835938,9.208392143249512,28.698593139648438,11.873858451843262,22.329931259155273,,10.776089668273926,28.265108108520508,18.0686092376709
2012-02-22,13.966765403747559,,22.746726989746094,9.090015411376953,28.66789436340332,11.832401275634766,22.268789291381836,,10.788434028625488,28.265108108520508,18.022184371948242
2012-02-23,13.98165512084961,,22.86113739013672,9.17101001739502,28.75996971130371,11.87800407409668,22.384273529052734,,10.779176712036133,28.288673400878906,18.110816955566406
2012-02-24,13.974207878112793,,22.951467514038086,9.139853477478027,28.75228500366211,11.948486328125,22.459003448486328,,10.82546329498291,28.43007469177246,18.089717864990234
2012-02-27,13.97793197631836,,22.879207611083984,9.208392143249512,28.77529525756836,11.969212532043457,22.459003448486328,,10.82237434387207,28.48506736755371,18.19523048400879
2012-02-28,14.022588729858398,,22.803936004638672,9.23331069946289,28.7369384765625,12.056279182434082,22.53372573852539,,10.769917488098145,28.595056533813477,18.296525955200195
2012-02-29,13.758365631103516,,22.545007705688477,9.195929527282715,28.560503005981445,12.002381324768066,22.574491500854492,,10.76683235168457,28.422222137451172,18.2289981842041
2012-03-01,13.910943031311035,,22.76177978515625,9.295613288879395,28.660240173339844,12.072860717773438,22.540525436401367,,10.794607162475586,28.571491241455078,18.38094139099121
2012-03-02,13.87745475769043,,22.502849578857422,9.2644624710083,28.491453170776367,12.056279182434082,22.560901641845703,,10.788434028625488,28.52436065673828,18.368284225463867
2012-03-05,13.654160499572754,,22.35833168029785,9.227078437805176,28.292001724243164,11.952630996704102,22.662805557250977,,10.813121795654297,28.461509704589844,18.351394653320312
2012-03-06,13.375051498413086,,21.99402618408203,9.002789497375488,27.655277252197266,11.836544036865234,22.47258758544922,,10.769917488098145,28.092281341552734,18.06438636779785
2012-03-07,13.408547401428223,,22.177692413330078,9.114934921264648,27.939117431640625,11.923608779907227,22.50655746459961,,10.776089668273926,28.217973709106445,18.271202087402344
2012-03-08,13.631834983825684,,22.35833168029785,9.202156066894531,28.33803367614746,12.043841361999512,22.662805557250977,,10.810036659240723,28.53219985961914,18.4569091796875
2012-03-09,13.635550498962402,,22.337265014648438,9.276922225952148,28.39940071105957,12.097740173339844,22.73752784729004,,10.853239059448242,28.650039672851562,18.56243133544922
2012-03-12,13.561127662658691,,22.213823318481445,9.25200080871582,28.391733169555664,12.1143217086792,22.81905174255371,,10.976672172546387,28.650039672851562,18.511777877807617
2012-03-13,13.784409523010254,,22.481779098510742,9.607128143310547,28.982433319091797,12.354781150817871,22.98888397216797,,11.013707160949707,29.058542251586914,18.798782348632812
2012-03-14,13.732314109802246,,22.265005111694336,9.619586944580078,28.913389205932617,12.400388717651367,22.920955657958984,,10.850152015686035,29.050683975219727,18.773460388183594
2012-03-15,13.832796096801758,,22.301130294799805,9.787809371948242,29.258602142333984,12.433555603027344,22.961713790893555,,10.840892791748047,29.097827911376953,18.83677101135254
2012-03-16,13.859313011169434,,22.60791778564453,9.825309753417969,29.271696090698242,12.42773151397705,22.946687698364258,,10.832172393798828,29.09467315673828,18.776235580444336
2012-03-19,13.945236206054688,,22.710670471191406,9.8753080368042,29.271696090698242,12.519231796264648,22.960351943969727,,10.757425308227539,29.086767196655273,18.873613357543945
2012-03-20,13.866788864135742,,22.3691349029541,9.925312995910645,28.93258285522461,12.506759643554688,22.946687698364258,,10.76988410949707,28.9367618560791,18.90323829650879
2012-03-21,13.866788864135742,,22.103158950805664,9.881560325622559,28.917165756225586,12.502598762512207,22.980844497680664,,10.748080253601074,28.92096519470215,18.92864418029785
2012-03-22,13.642646789550781,,21.60446548461914,9.75030517578125,28.593473434448242,12.473483085632324,23.00132942199707,,10.772998809814453,28.82622528076172,18.882070541381836
2012-03-23,13.788342475891113,,21.840213775634766,9.831555366516113,28.639705657958984,12.473483085632324,23.055957794189453,,10.776110649108887,28.913063049316406,18.90323829650879
2012-03-26,13.967652320861816,,22.003419876098633,9.987812042236328,29.0636043548584,12.65649127960205,23.213035583496094,,10.850858688354492,29.418376922607422,19.203828811645508
2012-03-27,13.93776798248291,,21.782779693603516,9.894062042236328,28.97112274169922,12.652329444885254,23.199382781982422,,10.90380573272705,29.473651885986328,19.174190521240234
2012-03-28,13.743512153625488,,21.510751724243164,9.919062614440918,28.69367027282715,12.606578826904297,23.144744873046875,,10.81348991394043,29.410486221313477,19.009092330932617
2012-03-29,13.762188911437988,,21.510751724243164,9.819061279296875,28.709081649780273,12.581621170043945,23.13791275024414,,10.85709285736084,29.473651885986328,19.00484275817871
2012-03-30,13.81075382232666,,21.686065673828125,9.8753080368042,28.84009552001953,12.54419231414795,23.274507522583008,,10.913151741027832,29.69472312927246,19.089519500732422
2012-04-02,14.005014419555664,,21.89763069152832,9.950310707092285,29.02506446838379,12.677287101745605,23.458890914916992,,10.96921443939209,29.797351837158203,19.14032745361328
2012-04-03,13.90040397644043,,21.707216262817383,9.894062042236328,28.816980361938477,12.668964385986328,23.329143524169922,,10.962984085083008,29.78156280517578,19.102218627929688
2012-04-04,13.706151008605957,,21.429153442382812,9.737804412841797,28.608898162841797,12.519231796264648,23.254018783569336,,10.947409629821777,29.6236629486084,18.924407958984375
2012-04-05,13.627706527709961,,21.308259963989258,9.712804794311523,28.493276596069336,12.548348426818848,23.254018783569336,,10.866434097290039,29.61575698852539,19.055646896362305
2012-04-09,13.429717063903809,,21.039260864257812,9.562799453735352,28.030838012695312,12.461005210876465,23.04230308532715,,10.810376167297363,29.24468231201172,18.882070541381836
2012-04-10,13.15327262878418,,20.62518882751465,9.356544494628906,27.46051788330078,12.286320686340332,22.837419509887695,,10.670221328735352,28.913063049316406,18.420602798461914
2012-04-11,13.295228958129883,,20.6312255859375,9.506548881530762,27.7688045501709,12.357025146484375,22.95351791381836,,10.695137977600098,29.015703201293945,18.67462730407715
2012-04-12,13.657588958740234,,21.081571578979492,9.681553840637207,28.362253189086914,12.510917663574219,22.967172622680664,,10.72939395904541,29.17361831665039,18.91170883178711
2012-04-13,13.496955871582031,,20.764223098754883,9.456544876098633,28.000030517578125,12.315435409545898,22.967172622680664,,10.69201946258545,28.88149070739746,18.860897064208984
2012-04-16,13.538052558898926,,20.62518882751465,9.525298118591309,28.07708740234375,12.186498641967773,23.06279182434082,,10.791686058044434,28.889387130737305,18.79316520690918
2012-04-17,13.721099853515625,,20.960668563842773,9.650301933288574,28.53951644897461,12.452686309814453,23.294986724853516,,10.847744941711426,29.315731048583984,18.99214744567871
2012-04-18,13.683741569519043,,20.91836166381836,9.587801933288574,28.416202545166016,12.361184120178223,23.294986724853516,,10.829059600830078,29.236774444580078,19.021780014038086
2012-04-19,13.635177612304688,,20.891157150268555,9.544047355651855,28.100215911865234,12.22392749786377,23.219860076904297,,10.801025390625,29.284147262573242,18.869373321533203
2012-04-20,13.627706527709961,,20.842802047729492,9.494049072265625,28.33913803100586,12.178179740905762,23.431577682495117,,10.90692138671875,29.442058563232422,18.89900779724121
2012-04-23,13.459598541259766,,20.82164764404297,9.42529296875,28.023141860961914,12.082517623901367,23.06962013244629,,10.860203742980957,29.213088989257812,18.69579315185547
2012-04-24,13.459598541259766,,20.97578239440918,9.531551361083984,28.39309310913086,12.057561874389648,23.076448440551758,,10.93494701385498,29.315731048583984,18.632282257080078
2012-04-25,13.743512153625488,,21.184341430664062,9.612804412841797,28.44702911376953,12.398619651794434,23.22669792175293,,10.991012573242188,29.6236629486084,18.94557762145996
2012-04-26,13.72856616973877,,21.408002853393555,9.694049835205078,28.616586685180664,12.494281768798828,23.438400268554688,,11.053300857543945,29.61575698852539,19.18266487121582
2012-04-27,13.795811653137207,,21.398927688598633,9.700305938720703,28.793859481811523,12.490118980407715,23.404264450073242,,11.090676307678223,29.63155746459961,19.419742584228516
2012-04-30,13.698680877685547,,21.531923294067383,9.64405345916748,28.52410316467285,12.402777671813965,23.342798233032227,,11.10624885559082,29.61575698852539,19.309667587280273
2012-05-01,13.780866622924805,,21.840213775634766,9.744051933288574,28.608898162841797,12.444367408752441,23.404264450073242,,11.16230583190918,29.726287841796875,19.43667984008789
2012-05-02,13.713623046875,,21.483558654785156,9.669058799743652,28.616586685180664,12.452686309814453,23.424739837646484,,11.096903800964355,29.671030044555664,19.542522430419922
2012-05-03,13.556724548339844,,21.126909255981445,9.587801933288574,28.385379791259766,12.34870719909668,23.458890914916992,,11.06264591217041,29.560495376586914,19.390108108520508
2012-05-04,13.32885456085205,,20.643325805664062,9.437798500061035,27.976900100708008,12.090835571289062,23.274507522583008,,11.078213691711426,29.17361831665039,19.013315200805664
2012-05-07,13.340058326721191,,20.582870483398438,9.494049072265625,27.89983367919922,12.057561874389648,23.308650970458984,,11.056413650512695,29.236774444580078,19.00484275817871
2012-05-08,13.276554107666016,,20.51637840270996,9.431546211242676,27.83047103881836,12.015970230102539,23.254018783569336,,11.075102806091309,29.24468231201172,18.776235580444336
2012-05-09,13.157011032104492,,20.41663360595703,9.325291633605957,27.50676155090332,12.015970230102539,23.13791275024414,,11.08133316040039,29.04730224609375,18.704259872436523
2012-05-10,13.115918159484863,,20.504283905029297,9.362792015075684,27.545297622680664,11.924468040466309,23.30181884765625,,11.184111595153809,29.252580642700195,18.76776885986328
2012-05-11,13.078566551208496,,20.35316276550293,9.256539344787598,27.49134063720703,11.932787895202637,23.240354537963867,,11.190338134765625,29.220991134643555,18.729660034179688
2012-05-14,12.899251937866211,,20.014652252197266,9.069034576416016,27.175357818603516,11.828805923461914,23.144744873046875,,11.177882194519043,29.126245498657227,18.467159271240234
2012-05-15,12.704995155334473,,19.68218421936035,9.019033432006836,27.036630630493164,11.795530319213867,23.117429733276367,,11.100018501281738,28.952543258666992,18.43754005432129
2012-05-16,12.566780090332031,,19.57034683227539,8.88778018951416,27.00579833984375,11.699869155883789,23.192550659179688,,11.115592002868652,28.999914169311523,18.407901763916016
2012-05-17,12.290335655212402,,19.446428298950195,8.706522941589355,26.427764892578125,11.533502578735352,23.028640747070312,,11.053300857543945,28.73147201538086,17.921031951904297
2012-05-18,12.24177360534668,,19.325531005859375,8.606518745422363,26.296743392944336,11.4253568649292,22.89205551147461,,11.03149700164795,28.47881507873535,17.78554916381836
2012-05-21,12.600391387939453,,19.769832611083984,8.687773704528809,26.88249397277832,11.708187103271484,22.980844497680664,,11.043956756591797,28.755159378051758,18.098848342895508
2012-05-22,12.521950721740723,,19.721466064453125,8.756524085998535,26.982675552368164,11.670753479003906,23.00815200805664,,11.121820449829102,28.676198959350586,18.17082405090332
2012-05-23,12.671375274658203,,19.794008255004883,8.787774085998535,27.129119873046875,11.683235168457031,22.946687698364258,,11.06264591217041,28.549888610839844,18.268192291259766
2012-05-24,12.749826431274414,,19.778894424438477,8.794027328491211,27.098283767700195,11.61668872833252,23.16523551940918,,11.10624885559082,28.82622528076172,18.352863311767578
2012-05-25,12.697525024414062,,19.68520164489746,8.762775421142578,26.913312911987305,11.591731071472168,23.144744873046875,,11.143619537353516,28.755159378051758,18.32322883605957
2012-05-29,12.917932510375977,,20.014652252197266,8.88778018951416,27.275545120239258,11.745620727539062,23.308650970458984,,11.177882194519043,28.849910736083984,18.577251434326172
2012-05-30,12.686318397521973,,19.401098251342773,8.681520462036133,26.820837020874023,11.670753479003906,23.117429733276367,,11.109358787536621,28.684114456176758,18.285127639770508
2012-05-31,12.634021759033203,,19.231830596923828,8.756524085998535,26.720632553100586,11.61668872833252,23.06962013244629,,11.168534278869629,28.541980743408203,18.247024536132812
2012-06-01,12.36505126953125,,18.751262664794922,8.431512832641602,25.980756759643555,11.313060760498047,22.646190643310547,,11.121820449829102,28.036678314208984,17.671249389648438
2012-06-04,12.376255989074707,,18.73615074157715,8.350266456604004,25.71100425720215,11.379608154296875,22.72132110595703,,11.159196853637695,28.099838256835938,17.734752655029297
2012-06-05,12.495800971984863,,18.896347045898438,8.487771034240723,25.788076400756836,11.450321197509766,22.69400405883789,,11.199682235717773,28.257755279541016,17.832130432128906
2012-06-06,12.809595108032227,,19.479673385620117,8.737776756286621,26.474000930786133,11.712345123291016,23.00132942199707,,11.35540771484375,28.69988441467285,18.217382431030273
2012-06-07,12.832006454467773,,19.49176025390625,8.731527328491211,26.620441436767578,11.654120445251465,23.083276748657227,,11.442610740661621,28.71569061279297,18.217382431030273
2012-06-08,12.917932510375977,,19.494787216186523,8.837778091430664,26.820837020874023,11.78305435180664,23.28133201599121,,11.467528343200684,28.889387130737305,18.37826919555664
2012-06-11,12.678849220275879,,19.228816986083984,8.675268173217773,26.474000930786133,11.61668872833252,23.172060012817383,,11.458185195922852,28.63673210144043,18.098848342895508
2012-06-12,12.91419506072998,,19.50082778930664,8.80652904510498,26.897903442382812,11.733144760131836,23.28133201599121,,11.470643997192383,28.90517807006836,18.293588638305664
2012-06-13,12.716206550598145,,19.252992630004883,8.775277137756348,26.628149032592773,11.662436485290527,23.24718475341797,,11.473758697509766,28.87358856201172,18.026878356933594
2012-06-14,12.820804595947266,,19.555234909057617,8.881526947021484,26.83624839782715,11.72066593170166,23.56816291809082,,11.551619529724121,29.307832717895508,18.268192291259766
2012-06-15,12.969161987304688,,19.929096221923828,9.005879402160645,27.0716495513916,11.845510482788086,23.606666564941406,,11.608827590942383,29.418188095092773,18.44748306274414
2012-06-18,13.036766052246094,,19.749916076660156,8.955635070800781,27.133604049682617,11.933192253112793,23.668554306030273,,11.652840614318848,29.61661720275879,18.579191207885742
2012-06-19,13.284658432006836,,20.03539276123047,9.10636043548584,27.497549057006836,12.025047302246094,23.647930145263672,,11.62768840789795,29.886524200439453,18.749134063720703
2012-06-20,13.20954418182373,,19.95643424987793,9.125203132629395,27.35041618347168,12.045926094055176,23.524154663085938,,11.514525413513184,29.807144165039062,18.727888107299805
2012-06-21,12.777607917785645,,19.139467239379883,8.924232482910156,26.81610870361328,11.762004852294922,23.24909210205078,,11.395071983337402,29.39436149597168,18.32002067565918
2012-06-22,12.845216751098633,,19.26702117919922,9.005879402160645,26.90903091430664,11.891437530517578,23.31786346435547,,11.398213386535645,29.703954696655273,18.400747299194336
2012-06-25,12.683714866638184,,18.835758209228516,8.817473411560059,26.413442611694336,11.64926528930664,23.17345428466797,,11.37621021270752,29.33880043029785,18.116092681884766
2012-06-26,12.725029945373535,,19.039243698120117,8.861434936523438,26.459901809692383,11.695197105407715,23.22846794128418,,11.391931533813477,29.426124572753906,18.34126091003418
2012-06-27,12.863996505737305,,19.434059143066406,8.968196868896484,26.7154541015625,11.7661771774292,23.36599349975586,,11.520816802978516,29.743642807006836,18.31577491760254
2012-06-28,12.867751121520996,,19.567686080932617,8.961917877197266,26.692218780517578,11.670145988464355,23.469148635864258,,11.561676979064941,29.608692169189453,18.213804244995117
2012-06-29,13.254611015319824,,20.15687370300293,9.19428539276123,27.62143898010254,11.995824813842773,23.909229278564453,,11.62768840789795,30.172285079956055,18.60043716430664
2012-07-02,13.187004089355469,,20.16598892211914,9.250805854797363,27.381397247314453,12.062628746032715,24.046772003173828,,11.699994087219238,30.26755142211914,18.655664443969727
2012-07-03,13.374796867370605,,20.64887809753418,9.301047325134277,27.667903900146484,12.158659934997559,24.156784057617188,,11.671701431274414,30.25960922241211,18.638668060302734
2012-07-05,13.356021881103516,,20.378578186035156,9.162884712219238,27.636932373046875,12.158659934997559,24.06739044189453,,11.602542877197266,30.069093704223633,18.685409545898438
2012-07-06,13.202028274536133,,20.132587432861328,9.08752155303955,27.265249252319336,11.979122161865234,24.03988265991211,,11.577396392822266,29.870649337768555,18.596189498901367
2012-07-09,13.119397163391113,,20.041467666625977,9.07496166229248,27.249752044677734,11.954066276550293,24.01238250732422,,11.539673805236816,30.02941131591797,18.494216918945312
2012-07-10,12.924089431762695,,19.728654861450195,9.005879402160645,26.808368682861328,11.820456504821777,24.03988265991211,,11.558530807495117,29.886524200439453,18.383756637573242
2012-07-11,12.882772445678711,,19.995906829833984,9.08123779296875,26.591550827026367,11.7661771774292,24.005508422851562,,11.61825942993164,29.862701416015625,18.277536392211914
2012-07-12,12.818928718566895,,19.929096221923828,8.987038612365723,26.490873336791992,11.64926528930664,24.02613067626953,,11.633978843688965,29.934144973754883,18.23505401611328
2012-07-13,13.048033714294434,,20.278356552124023,9.23824405670166,27.001956939697266,11.803755760192871,24.29430389404297,,11.737712860107422,30.26755142211914,18.53244400024414
2012-07-16,12.99920654296875,,20.345172882080078,9.219404220581055,26.81610870361328,11.791228294372559,24.170541763305664,,11.731422424316406,30.32311248779297,18.413496017456055
2012-07-17,13.164468765258789,,20.600284576416016,9.269649505615234,26.932260513305664,11.837157249450684,24.27368927001953,,11.756570816040039,30.71207618713379,18.596189498901367
2012-07-18,13.243341445922852,,20.779476165771484,9.225686073303223,27.435596466064453,12.041751861572266,24.280559539794922,,11.79429817199707,30.759695053100586,18.69390106201172
2012-07-19,13.386065483093262,,20.843250274658203,9.169166564941406,27.56723976135254,12.146136283874512,24.246170043945312,,11.81629467010498,30.759695053100586,18.817119598388672
2012-07-20,13.303436279296875,,20.891847610473633,9.030999183654785,27.226520538330078,12.008350372314453,24.09489631652832,,11.84144401550293,30.362791061401367,18.587688446044922
2012-07-23,13.093108177185059,,20.69139289855957,8.955635070800781,27.087146759033203,11.891437530517578,23.888599395751953,,11.762859344482422,30.005599975585938,18.31577491760254
2012-07-24,12.890287399291992,,20.360363006591797,8.930514335632324,26.785144805908203,11.770352363586426,23.812963485717773,,11.659126281738281,29.672197341918945,18.19255828857422
2012-07-25,12.890287399291992,,20.37554168701172,8.961917877197266,26.8780517578125,11.7244234085083,23.819847106933594,,11.652840614318848,29.81508445739746,18.154329299926758
2012-07-26,12.950382232666016,,20.955623626708984,9.100082397460938,27.288463592529297,11.903965950012207,24.211788177490234,,11.835162162780762,30.100841522216797,18.44748306274414
2012-07-27,13.187004089355469,,21.326143264770508,9.269649505615234,27.884735107421875,12.162837028503418,24.486845016479492,,11.97347354888916,30.823198318481445,18.8128662109375
2012-07-30,13.175737380981445,,21.386871337890625,9.250805854797363,27.80729103088379,12.167011260986328,24.610624313354492,,12.01747989654541,30.664459228515625,18.74064064025879
2012-07-31,13.085590362548828,,21.153026580810547,9.206843376159668,27.72985076904297,12.217114448547363,24.500606536865234,,11.920032501220703,30.47393226623535,18.49847412109375
2012-08-01,13.089351654052734,,21.256288528442383,9.162884712219238,27.54401206970215,12.175361633300781,24.376834869384766,,11.828875541687012,30.489805221557617,18.421993255615234
2012-08-02,12.935359954833984,,20.900949478149414,9.093802452087402,27.404624938964844,12.096030235290527,24.177404403686523,,11.762859344482422,30.196094512939453,18.46872329711914
2012-08-03,13.190757751464844,,21.392955780029297,9.307328224182129,28.00088882446289,12.334028244018555,24.583110809326172,,11.901169776916504,30.553306579589844,18.834108352661133
2012-08-06,13.310951232910156,,21.450653076171875,9.345010757446289,28.00088882446289,12.421710014343262,24.569368362426758,,11.872880935668945,30.561250686645508,18.90207862854004
2012-08-07,13.46494197845459,,21.7725830078125,9.382695198059082,28.28740692138672,12.50521469116211,24.43871307373047,,11.750287055969238,30.489805221557617,19.080528259277344
2012-08-08,13.479960441589355,,21.790807723999023,9.382695198059082,28.248672485351562,12.509392738342285,24.610624313354492,,11.766000747680664,30.60094451904297,18.98704719543457
2012-08-09,13.555083274841309,,21.93962287902832,9.376416206359863,28.27191162109375,12.551145553588867,24.507474899291992,,11.766000747680664,30.585060119628906,18.97430992126465
2012-08-10,13.54382038116455,,21.979108810424805,9.382695198059082,28.403554916381836,12.580374717712402,24.500606536865234,,11.800578117370605,30.71207618713379,18.957319259643555
2012-08-13,13.46870231628418,,21.89710235595703,9.3889741897583,28.341596603393555,12.617955207824707,24.493724822998047,,11.788007736206055,30.632699966430664,18.965816497802734
2012-08-14,13.40860366821289,,21.857624053955078,9.376416206359863,28.302881240844727,12.592899322509766,24.589996337890625,,11.77543830871582,30.71207618713379,19.01255226135254
2012-08-15,13.431139945983887,,21.854589462280273,9.40781307220459,28.364845275878906,12.597075462341309,24.603750228881836,,11.718850135803223,30.783512115478516,19.07202911376953
2012-08-16,13.63020133972168,,22.04895782470703,9.47061538696289,28.651329040527344,12.76826286315918,24.66564178466797,,11.690561294555664,30.704132080078125,19.229225158691406
2012-08-17,13.61142349243164,,22.03984260559082,9.50201416015625,28.790727615356445,12.839241981506348,24.686267852783203,,11.659126281738281,30.54537582397461,19.301456451416016
2012-08-20,13.585128784179688,,21.96392250061035,9.527137756347656,28.728788375854492,12.851773262023926,24.686267852783203,,11.68112564086914,30.6088809967041,19.22072410583496
2012-08-21,13.603911399841309,,21.894073486328125,9.558541297912598,28.666831970214844,12.76826286315918,24.534982681274414,,11.596254348754883,30.505680084228516,19.19524574279785
2012-08-22,13.716586112976074,,21.9760684967041,9.545979499816895,28.5274600982666,12.789139747619629,24.459339141845703,,11.577396392822266,30.529504776000977,19.25047492980957
2012-08-23,13.48747444152832,,21.73310661315918,9.451776504516602,28.295137405395508,12.684757232666016,24.266809463500977,,11.4579439163208,30.489805221557617,19.11876106262207
2012-08-24,13.461179733276367,,21.860658645629883,9.50201416015625,28.42678451538086,12.764087677001953,24.479969024658203,,11.511383056640625,30.751758575439453,19.27596664428711
2012-08-27,13.382306098937988,,21.869779586791992,9.495736122131348,28.341596603393555,12.776618003845215,24.51434898376465,,11.536531448364258,30.783512115478516,19.2462158203125
2012-08-28,13.352263450622559,,21.884952545166016,9.48317813873291,28.233186721801758,12.747389793395996,24.52811050415039,,11.514525413513184,30.73589515686035,19.28446388244629
2012-08-29,13.382306098937988,,21.73918342590332,9.50201416015625,28.22545051574707,12.772439002990723,24.473100662231445,,11.495662689208984,30.839080810546875,19.377933502197266
2012-08-30,13.262120246887207,,21.508358001708984,9.451776504516602,27.98540496826172,12.630475997924805,24.376834869384766,,11.439081192016602,30.73589515686035,19.27171516418457
2012-08-31,13.389825820922852,,21.7239933013916,9.520861625671387,28.1557559967041,12.730688095092773,24.38370132446289,,11.426507949829102,30.831144332885742,19.352445602416992
2012-09-04,13.217055320739746,,21.556962966918945,9.520861625671387,27.861494064331055,12.730688095092773,24.52811050415039,,11.470518112182617,30.894641876220703,19.305702209472656
2012-09-05,13.27715015411377,,21.474960327148438,9.520861625671387,27.784069061279297,12.718158721923828,24.486845016479492,,11.420221328735352,30.90258026123047,19.335437774658203
2012-09-06,13.61142349243164,,21.927473068237305,9.7469482421875,28.411293029785156,13.002084732055664,24.789413452148438,,11.549103736877441,31.394733428955078,19.768800735473633
2012-09-07,13.878087043762207,,22.30710792541504,9.847432136535645,28.651329040527344,12.981206893920898,24.589996337890625,,11.511383056640625,31.378870010375977,19.875015258789062
2012-09-10,13.855552673339844,,22.209917068481445,9.765788078308105,28.465499877929688,12.843423843383789,24.562490463256836,,11.498806953430176,31.267723083496094,19.845273971557617
2012-09-11,13.90438461303711,,22.446813583374023,9.847432136535645,28.620363235473633,12.876827239990234,24.486845016479492,,11.470518112182617,31.28360366821289,19.836780548095703
2012-09-12,13.885607719421387,,22.58347511291504,9.885113716125488,28.736528396606445,12.94780445098877,24.356203079223633,,11.404505729675293,31.299484252929688,19.934497833251953
2012-09-13,14.227391242980957,,22.950958251953125,10.142605781555176,29.061748504638672,13.123173713684082,24.789413452148438,,11.564825057983398,31.61701011657715,20.189420700073242
2012-09-14,14.403915405273438,,23.254667282104492,10.22424602508545,29.239856719970703,13.185800552368164,24.603750228881836,,11.486233711242676,31.489999771118164,20.270145416259766
2012-09-17,14.182319641113281,,23.078508377075195,10.13004207611084,29.100465774536133,13.198328971862793,24.67251205444336,,11.413935661315918,31.672561645507812,20.19365882873535
2012-09-18,14.144753456115723,,22.914514541625977,10.079801559448242,29.10822105407715,13.206674575805664,24.810035705566406,,11.379355430603027,31.7757511138916,20.09593963623047
2012-09-19,14.22362995147705,,22.692808151245117,10.07352066040039,29.17790985107422,13.219202995300293,24.878816604614258,,11.391931533813477,31.807523727416992,20.30413055419922
2012-09-20,14.201103210449219,,22.7565860748291,10.017001152038574,28.899141311645508,13.194154739379883,25.016338348388672,,11.439081192016602,31.942462921142578,20.27863121032715
2012-09-21,14.13956069946289,,22.782207489013672,9.982941627502441,28.81340789794922,13.21092414855957,24.902070999145508,,11.445751190185547,32.06134033203125,20.26413917541504
2012-09-24,14.098028182983398,,22.666288375854492,9.98924732208252,28.81340789794922,13.127066612243652,24.985166549682617,,11.553763389587402,32.149078369140625,20.20871925354004
2012-09-25,13.871490478515625,,22.41918182373047,9.837899208068848,28.4315128326416,12.942595481872559,24.812042236328125,,11.528348922729492,32.12514114379883,19.969959259033203
2012-09-26,13.8035306930542,,22.205638885498047,9.774832725524902,28.322410583496094,12.850358009338379,24.812042236328125,,11.553763389587402,31.957630157470703,19.833532333374023
2012-09-27,13.973427772521973,,22.507658004760742,9.86312484741211,28.587398529052734,13.01806354522705,24.8951416015625,,11.506111145019531,32.1411018371582,20.033916473388672
2012-09-28,13.894144058227539,,22.40087890625,9.831591606140137,28.470495223999023,12.925823211669922,24.812042236328125,,11.560118675231934,32.00547790527344,19.94864273071289
2012-10-01,13.939453125,,22.513763427734375,9.87573528289795,28.602977752685547,12.896475791931152,24.971323013305664,,11.506111145019531,32.19694137573242,19.935855865478516
2012-10-02,13.863943099975586,,22.553409576416016,9.894658088684082,28.556217193603516,12.913246154785156,24.992094039916992,,11.566466331481934,32.340545654296875,19.897489547729492
2012-10-03,13.79975700378418,,22.275798797607422,9.982941627502441,28.704299926757812,12.980328559875488,25.068275451660156,,11.623649597167969,32.611778259277344,20.05523681640625
2012-10-04,13.977213859558105,,22.498502731323242,10.134293556213379,28.86796760559082,13.01806354522705,25.18600082397461,,11.690361022949219,32.81119918823242,20.23855972290039
2012-10-05,14.045172691345215,,22.446636199951172,10.1279878616333,28.961496353149414,12.95097827911377,25.28293800354004,,11.671296119689941,32.843109130859375,20.29824447631836
2012-10-08,14.018741607666016,,22.483240127563477,10.121684074401855,28.891345977783203,12.816815376281738,25.206769943237305,,11.690361022949219,32.81917190551758,20.259878158569336
2012-10-09,13.886592864990234,,22.513763427734375,10.05862045288086,28.556217193603516,12.653305053710938,24.96439552307129,,11.668126106262207,32.42030715942383,19.935855865478516
2012-10-10,13.735569953918457,,22.0927677154541,10.052313804626465,28.29122543334961,12.602993965148926,24.86052703857422,,11.649064064025879,32.180992126464844,19.812211990356445
2012-10-11,13.792205810546875,,22.25749397277832,10.109071731567383,28.376962661743164,12.552681922912598,24.80512809753418,,11.661771774291992,32.204925537109375,19.722679138183594
2012-10-12,13.731793403625488,,22.135480880737305,9.970329284667969,28.40813446044922,12.54429817199707,24.82590103149414,,11.595062255859375,32.15705871582031,19.718420028686523
2012-10-15,13.84883975982666,,22.24835205078125,10.083843231201172,28.602977752685547,12.607187271118164,24.992094039916992,,11.64271354675293,32.61974334716797,19.914533615112305
2012-10-16,14.1810884475708,,22.602230072021484,10.146907806396484,28.90692710876465,12.779084205627441,25.054426193237305,,11.687185287475586,32.970760345458984,20.093605041503906
2012-10-17,14.298128128051758,,22.885929107666016,10.279339790344238,29.07839584350586,12.712000846862793,25.165218353271484,,11.83013916015625,32.970760345458984,20.20871925354004
2012-10-18,14.301912307739258,,22.882877349853516,10.298262596130371,29.16412925720215,12.565258026123047,25.026718139648438,,11.884138107299805,32.978736877441406,20.221506118774414
2012-10-19,14.003642082214355,,22.522912979125977,10.159523010253906,28.67312240600586,12.280160903930664,24.728946685791016,,11.788841247558594,32.388404846191406,19.859113693237305
2012-10-22,14.067819595336914,,22.410037994384766,10.159523010253906,28.59518051147461,12.364012718200684,24.742795944213867,,11.757071495056152,32.412330627441406,19.795169830322266
2012-10-23,13.644957542419434,,21.88837242126465,9.98924732208252,28.30682945251465,12.229851722717285,24.4104061126709,,11.649064064025879,31.981552124023438,19.637414932250977
2012-10-24,13.637405395507812,,21.7205867767334,9.98924732208252,28.127559661865234,12.158575057983398,24.4104061126709,,11.56329345703125,32.037384033203125,19.560672760009766
2012-10-25,13.60720157623291,,21.92498779296875,10.014472961425781,28.28343963623047,12.133419036865234,24.562740325927734,,11.620471954345703,32.29267501831055,19.513778686523438
2012-10-26,13.633630752563477,,21.952442169189453,9.964025497436523,28.30682945251465,12.154382705688477,24.479652404785156,,11.620471954345703,32.16503143310547,19.577726364135742
2012-10-31,13.60342788696289,,21.946334838867188,10.027088165283203,28.439319610595703,12.104073524475098,24.507347106933594,,11.722128868103027,31.933670043945312,19.641679763793945
2012-11-01,13.867716789245605,,22.040910720825195,10.153217315673828,28.94590950012207,12.301121711730957,24.521198272705078,,11.598235130310059,32.19694137573242,19.86763572692871
2012-11-02,13.618524551391602,,21.677875518798828,10.0901517868042,28.704299926757812,12.141809463500977,24.37577247619629,,11.518817901611328,32.021419525146484,19.8548526763916
2012-11-05,13.71291732788086,,21.84261131286621,10.071236610412598,28.860172271728516,12.208883285522461,24.3342227935791,,11.331387519836426,32.037384033203125,19.906007766723633
2012-11-06,13.856390953063965,,22.193437576293945,10.184748649597168,29.171918869018555,12.263391494750977,24.5142822265625,,11.337747573852539,32.06930160522461,20.01259994506836
2012-11-07,13.637405395507812,,21.61381721496582,9.844204902648926,28.486072540283203,11.957332611083984,24.223438262939453,,11.099491119384766,31.53481101989746,19.77809715270996
2012-11-08,13.452400207519531,,21.22333526611328,9.762223243713379,28.189908981323242,11.785432815551758,23.960275650024414,,11.080428123474121,31.159879684448242,19.458351135253906
2012-11-09,13.425973892211914,,21.21723747253418,9.774832725524902,28.26785659790039,11.839938163757324,23.960275650024414,,11.013715744018555,31.24761390686035,19.36455535888672
2012-11-12,13.425973892211914,,21.25994110107422,9.793753623962402,28.345775604248047,11.823169708251953,23.960275650024414,,10.921594619750977,31.407182693481445,19.381603240966797
2012-11-13,13.403322219848633,,21.17146873474121,9.724383354187012,28.26785659790039,11.764467239379883,23.946434020996094,,10.962888717651367,31.28750991821289,19.437028884887695
2012-11-14,13.176789283752441,,20.91521644592285,9.554113388061523,27.605384826660156,11.647079467773438,23.68328285217285,,10.886651039123535,30.912567138671875,19.147117614746094
2012-11-15,13.131478309631348,,20.94267463684082,9.573030471801758,27.605384826660156,11.579995155334473,23.676355361938477,,10.82311725616455,30.824819564819336,19.134334564208984
2012-11-16,13.1616849899292,,21.02503776550293,9.636093139648438,27.683313369750977,11.596765518188477,23.828702926635742,,10.915242195129395,31.056167602539062,19.262237548828125
2012-11-19,13.535465240478516,,21.51009178161621,9.818979263305664,28.20549201965332,11.915404319763184,24.21651268005371,,10.92477035522461,31.383235931396484,19.67578887939453
2012-11-20,13.546791076660156,,21.424678802490234,9.869428634643555,28.2288818359375,11.865092277526855,24.306520462036133,,10.905707359313965,31.55873680114746,19.77384376525879
2012-11-21,13.569443702697754,,21.540599822998047,9.869428634643555,28.26785659790039,11.90282917022705,24.341156005859375,,10.858060836791992,31.53481101989746,19.842058181762695
2012-11-23,13.743125915527344,,21.845664978027344,9.98924732208252,28.634153366088867,12.095687866210938,24.701250076293945,,10.82947063446045,31.925710678100586,20.10639190673828
2012-11-26,13.754447937011719,,21.63212013244629,9.951412200927734,28.657533645629883,12.150190353393555,24.521198272705078,,10.966069221496582,31.782106399536133,20.01259994506836
2012-11-27,13.694040298461914,,21.452129364013672,9.86312484741211,28.59518051147461,12.095687866210938,24.500425338745117,,10.994659423828125,31.590662002563477,19.93159294128418
2012-11-28,13.750669479370117,,21.64737319946289,9.900962829589844,28.83677864074707,12.166963577270508,24.735876083374023,,11.03913402557373,31.83795928955078,20.19165802001953
2012-11-29,13.845061302185059,,21.696184158325195,9.951412200927734,29.000459671020508,12.225654602050781,24.86744499206543,,11.102666854858398,32.06134033203125,20.24708366394043
2012-11-30,13.856390953063965,,21.677875518798828,9.938800811767578,28.9381046295166,12.213079452514648,24.957473754882812,,11.22020435333252,32.1012077331543,20.26413917541504
2012-12-03,13.599648475646973,,21.558900833129883,9.900962829589844,28.626354217529297,12.196310043334961,24.86052703857422,,11.150318145751953,32.02941131591797,20.15755271911621
2012-12-04,13.626077651977539,,21.47959327697754,9.87573528289795,28.735477447509766,12.175350189208984,24.812042236328125,,11.093133926391602,32.1012077331543,20.072284698486328
2012-12-05,13.463730812072754,,21.629070281982422,9.995558738708496,29.039417266845703,12.053762435913086,24.853593826293945,,11.261504173278809,32.204925537109375,20.01259994506836
2012-12-06,13.497708320617676,,21.699234008789062,10.027088165283203,29.031635284423828,12.125035285949707,24.881298065185547,,11.255147933959961,32.1889533996582,20.140501022338867
2012-12-07,13.610971450805664,,21.830415725708008,10.109071731567383,29.218692779541016,12.06214714050293,25.054426193237305,,11.264681816101074,32.29267501831055,20.217239379882812
2012-12-10,13.697816848754883,,21.806015014648438,10.083843231201172,29.366762161254883,12.0914945602417,25.026718139648438,,11.267857551574707,32.42829513549805,20.10213279724121
2012-12-11,13.807305335998535,,21.934139251708984,10.134293556213379,29.42911720275879,12.25500774383545,25.04056739807129,,11.293268203735352,32.77131271362305,20.166080474853516
2012-12-12,13.773324012756348,,22.01345443725586,10.178441047668457,29.475881576538086,12.234045028686523,24.985166549682617,,11.274211883544922,32.723445892333984,20.19165802001953
2012-12-13,13.735569953918457,,21.80905532836914,10.1279878616333,29.382352828979492,12.145998001098633,24.943618774414062,,11.229737281799316,32.4442253112793,20.05949592590332
2012-12-14,13.837518692016602,,21.726694107055664,10.0901517868042,29.32000160217285,12.028604507446289,24.902070999145508,,11.185260772705078,32.31660842895508,19.974231719970703
2012-12-17,13.977213859558105,,21.92498779296875,10.298262596130371,29.592790603637695,12.175350189208984,24.957473754882812,,11.356802940368652,32.5718879699707,20.33236312866211
2012-12-18,14.143331527709961,,22.327665328979492,10.449610710144043,29.97467613220215,12.355626106262207,24.95053482055664,,11.436223983764648,32.82716751098633,20.571102142333984
2012-12-19,14.082928657531738,,22.17513656616211,10.386552810668945,29.811006546020508,12.292742729187012,24.701250076293945,,11.350449562072754,32.476158142089844,20.42615509033203
2012-12-20,14.218838691711426,,22.32461929321289,10.531596183776855,29.966894149780273,12.313703536987305,24.839754104614258,,11.385396003723145,32.52401351928711,20.468780517578125
2012-12-21,14.093147277832031,,22.098026275634766,10.407218933105469,29.778465270996094,12.207444190979004,24.62826156616211,,11.343633651733398,32.25052261352539,20.286855697631836
2012-12-24,14.165520668029785,,21.929386138916016,10.388176918029785,29.692100524902344,12.173707008361816,24.551237106323242,,11.295445442199707,32.1221923828125,20.30401611328125
2012-12-26,14.253124237060547,,21.831266403198242,10.388176918029785,29.590044021606445,12.106239318847656,24.34115982055664,,11.199069023132324,32.0098991394043,20.093772888183594
2012-12-27,14.20361042022705,,21.791400909423828,10.350105285644531,29.54294204711914,12.09359359741211,24.3831787109375,,11.17979621887207,31.961772918701172,20.119508743286133
2012-12-28,14.024590492248535,,21.41120147705078,10.267609596252441,29.221044540405273,11.95865249633789,24.12407875061035,,11.067349433898926,31.648971557617188,19.95646095275879
2012-12-31,14.298832893371582,,21.898719787597656,10.400869369506836,29.754919052124023,12.165274620056152,24.43919563293457,,11.218338966369629,31.98583984375,20.35550880432129
2013-01-02,14.656879425048828,,22.3831787109375,10.70547103881836,30.46933937072754,12.57008171081543,25.069427490234375,,11.42394733428955,32.61945343017578,20.780298233032227
2013-01-03,14.550224304199219,,22.377042770385742,10.692781448364258,30.48503875732422,12.48996353149414,25.00640106201172,,11.42394733428955,32.65956115722656,20.831785202026367
2013-01-04,14.729238510131836,,22.625411987304688,10.8197021484375,30.712718963623047,12.439362525939941,25.076440811157227,,11.481776237487793,32.80393600463867,20.90901756286621
2013-01-07,14.698775291442871,,22.450641632080078,10.794317245483398,30.579252243041992,12.42249584197998,24.90837287902832,,11.369332313537598,32.908206939697266,20.85753631591797
2013-01-08,14.721627235412598,,22.377042770385742,10.76258659362793,30.343730926513672,12.376113891601562,24.83834457397461,,11.333992958068848,32.91621017456055,20.797456741333008
2013-01-09,14.816848754882812,,22.340251922607422,10.749893188476562,30.64990997314453,12.397198677062988,24.894357681274414,,11.311505317687988,33.27714920043945,20.831785202026367
2013-01-10,14.881603240966797,,22.542617797851562,10.883153915405273,30.799074172973633,12.460445404052734,25.041419982910156,,11.359700202941895,33.50973129272461,20.951932907104492
2013-01-11,14.858755111694336,,22.57022476196289,10.857771873474121,30.689178466796875,12.477312088012695,25.153459548950195,,11.372544288635254,33.5017204284668,20.969087600708008
2013-01-14,14.862560272216797,,22.573286056518555,10.826041221618652,30.806930541992188,12.397198677062988,25.23048973083496,,11.350057601928711,33.53379821777344,21.020578384399414
2013-01-15,14.877796173095703,,22.67447280883789,10.870467185974121,30.893281936645508,12.3170747756958,25.307518005371094,,11.382180213928223,33.493690490722656,21.17504119873047
2013-01-16,14.771138191223145,,22.77565574645996,10.876809120178223,30.767671585083008,12.359243392944336,25.27251625061035,,11.327568054199219,33.4215202331543,21.127851486206055
2013-01-17,14.885416030883789,,22.91976547241211,10.870467185974121,31.097412109375,12.409847259521484,25.440574645996094,,11.372544288635254,33.71826934814453,21.35096549987793
2013-01-18,14.98444652557373,,23.146657943725586,10.883153915405273,31.348644256591797,12.392974853515625,25.545610427856445,,11.462503433227539,33.830562591552734,21.3767147064209
2013-01-22,15.129189491271973,,23.36742401123047,10.984688758850098,31.47426414489746,12.42670726776123,25.55260467529297,,11.558877944946289,33.92681121826172,21.4324893951416
2013-01-23,15.045389175415039,,23.28770637512207,10.978343963623047,31.482107162475586,12.5574312210083,25.545610427856445,,11.529964447021484,33.88670349121094,21.449665069580078
2013-01-24,15.091094970703125,,23.35515594482422,11.0354585647583,31.6705265045166,12.342374801635742,25.615642547607422,,11.581361770629883,34.10324478149414,21.61270523071289
2013-01-25,15.144425392150879,,23.57592010498047,11.086224555969238,31.772584915161133,12.355026245117188,25.74168586730957,,11.639188766479492,34.367923736572266,21.840120315551758
2013-01-28,14.999677658081055,,23.53606414794922,11.041805267333984,31.796142578125,12.397198677062988,25.7626953125,,11.632762908935547,34.24762725830078,21.73714256286621
2013-01-29,15.083478927612305,,23.916269302368164,11.086224555969238,31.866790771484375,12.41405963897705,25.902751922607422,,11.713077545166016,34.61656188964844,21.65133285522461
2013-01-30,14.999677658081055,,23.79669952392578,11.0354585647583,31.57631492614746,12.376113891601562,25.85373306274414,,11.72271728515625,34.512298583984375,21.61270523071289
2013-01-31,14.862560272216797,,23.71696662902832,11.02911376953125,31.466419219970703,12.397198677062988,25.81871223449707,,11.751629829406738,34.41606521606445,21.50972557067871
2013-02-01,15.045389175415039,,23.937744140625,11.175067901611328,31.772584915161133,12.536346435546875,26.028799057006836,,11.78375244140625,34.68874740600586,21.634166717529297
2013-02-04,14.900639533996582,,23.710838317871094,11.048149108886719,31.497814178466797,12.371891021728516,25.783706665039062,,11.70344066619873,34.30377960205078,21.36813735961914
2013-02-05,14.976826667785645,,23.916269302368164,11.156027793884277,31.788286209106445,12.515264511108398,26.0918025970459,,11.735566139221191,34.68074035644531,21.595544815063477
2013-02-06,14.992060661315918,,23.931608200073242,11.175067901611328,31.796142578125,12.511043548583984,26.126832962036133,,11.770905494689941,34.6727180480957,21.642744064331055
2013-02-07,14.912077903747559,,23.87027931213379,11.143335342407227,31.756885528564453,12.511043548583984,26.26687240600586,,11.786964416503906,34.54438018798828,21.595544815063477
2013-02-08,14.999677658081055,,24.094114303588867,11.168721199035645,31.882497787475586,12.62067985534668,26.245878219604492,,11.786964416503906,34.80104064941406,21.76288604736328
2013-02-11,14.980634689331055,,23.97453498840332,11.219489097595215,31.858949661254883,12.645981788635254,26.245878219604492,,11.81588077545166,34.728843688964844,21.689939498901367
2013-02-12,14.988253593444824,,24.038923263549805,11.308327674865723,32.00027847290039,12.603816032409668,26.217866897583008,,11.867280960083008,34.68874740600586,21.775766372680664
2013-02-13,15.04157543182373,,24.124773025512695,11.282943725585938,32.17298126220703,12.59959888458252,26.245878219604492,,11.867280960083008,34.66468811035156,21.822961807250977
2013-02-14,14.992060661315918,,24.33327293395996,11.321022033691406,32.220088958740234,12.565866470336914,26.301895141601562,,11.770905494689941,34.736873626708984,21.831541061401367
2013-02-15,14.988253593444824,,24.05425453186035,11.270257949829102,32.23579406738281,12.5574312210083,26.336910247802734,,11.796607971191406,34.81707763671875,21.857282638549805
2013-02-19,14.923505783081055,,24.33327293395996,11.378134727478027,32.4713134765625,12.641761779785156,26.603004455566406,,11.899409294128418,35.033634185791016,21.938810348510742
2013-02-20,14.5045166015625,,23.82428550720215,11.206799507141113,32.04737091064453,12.468879699707031,26.55398941040039,,11.876917839050293,34.80906677246094,21.604124069213867
2013-02-21,14.371206283569336,,23.658708572387695,11.117955207824707,31.81184959411621,12.367680549621582,26.63801383972168,,11.825515747070312,34.648643493652344,21.423921585083008
2013-02-22,14.561649322509766,,23.907075881958008,11.25756549835205,32.06307601928711,12.51948070526123,26.792072296142578,,11.94438362121582,34.80104064941406,21.544057846069336
2013-02-25,14.226460456848145,,23.28156852722168,10.952961921691895,31.403593063354492,12.342374801635742,26.427934646606445,,11.838371276855469,34.41606521606445,21.209375381469727
2013-02-26,14.378817558288574,,23.511539459228516,11.010069847106934,31.59200668334961,12.41405963897705,26.490962982177734,,11.873706817626953,34.50429153442383,21.419618606567383
2013-02-27,14.634018898010254,,23.87027931213379,11.181412696838379,32.18868637084961,12.51948070526123,26.687042236328125,,11.982939720153809,34.88124084472656,21.745725631713867
2013-02-28,14.660680770874023,,23.82122039794922,11.162375450134277,32.16514205932617,12.494176864624023,26.67302703857422,,12.024697303771973,34.84916305541992,21.85299301147461
2013-03-01,14.668301582336426,,23.851892471313477,11.194100379943848,32.11018371582031,12.515264511108398,26.76407814025879,,12.047186851501465,35.113834381103516,21.90447998046875
2013-03-04,14.687347412109375,,23.79975700378418,11.289290428161621,32.04737091064453,12.553214073181152,26.967145919799805,,12.169266700744629,35.30633544921875,22.097570419311523
2013-03-05,14.786385536193848,,23.95306968688965,11.384480476379395,32.50273513793945,12.726101875305176,27.058189392089844,,12.233514785766602,35.611114501953125,22.320693969726562
2013-03-06,14.915889739990234,,23.980661392211914,11.460627555847168,32.50273513793945,12.71766471862793,26.995149612426758,,12.227091789245605,35.68329620361328,22.303524017333984
2013-03-07,14.957784652709961,,24.103309631347656,11.54312801361084,32.526268005371094,12.747184753417969,26.995149612426758,,12.172473907470703,35.65923309326172,22.342140197753906
2013-03-08,15.079669952392578,,24.219823837280273,11.574854850769043,32.83246994018555,12.772482872009277,27.044172286987305,,12.198180198669434,35.7234001159668,22.5781307220459
2013-03-11,15.163466453552246,,24.23209571838379,11.663698196411133,32.94236373901367,12.802001953125,27.07218360900879,,12.227091789245605,35.90787124633789,22.633920669555664
2013-03-12,15.174895286560059,,24.259685516357422,11.600239753723145,32.75395584106445,12.755615234375,27.044172286987305,,12.194965362548828,36.06828689575195,22.569557189941406
2013-03-13,15.136805534362793,,24.204500198364258,11.631966590881348,32.91096496582031,12.747184753417969,27.114212036132812,,12.249580383300781,36.07630920410156,22.69399070739746
2013-03-14,15.228219985961914,,24.53564453125,11.70811939239502,33.067989349365234,12.839953422546387,27.205242156982422,,12.275279998779297,36.108394622802734,22.719736099243164
2013-03-15,15.241220474243164,,24.516246795654297,11.747596740722656,33.093223571777344,12.786602973937988,27.0863094329834,,12.355968475341797,36.03105545043945,22.632802963256836
2013-03-18,15.134138107299805,,24.319120407104492,11.63298511505127,32.88821792602539,12.790836334228516,27.001853942871094,,12.287917137145996,35.79745864868164,22.460651397705078
2013-03-19,15.06911849975586,,24.051166534423828,11.569315910339355,32.85667037963867,12.773904800415039,27.227054595947266,,12.320324897766113,35.82161331176758,22.301427841186523
2013-03-20,15.18385124206543,,24.186683654785156,11.645719528198242,32.896087646484375,12.837411880493164,27.487436294555664,,12.411057472229004,36.11966323852539,22.55963706970215
2013-03-21,14.923778533935547,,24.063491821289062,11.505640029907227,32.56492233276367,12.693453788757324,27.402969360351562,,12.349491119384766,35.91828536987305,22.370275497436523
2013-03-22,14.942904472351074,,24.254451751708984,11.575675964355469,32.81725311279297,12.773904800415039,27.656326293945312,,12.368932723999023,36.192161560058594,22.645715713500977
2013-03-25,14.82815933227539,,24.162050247192383,11.543846130371094,32.52549362182617,12.744260787963867,27.63520050048828,,12.343008995056152,36.08745193481445,22.60697364807129
2013-03-26,14.93143081665039,,24.41768455505371,11.62025260925293,32.69108581542969,12.824710845947266,27.89558982849121,,12.459668159484863,36.506309509277344,22.718873977661133
2013-03-27,14.927599906921387,,24.49776268005371,11.562948226928711,32.69108581542969,12.790836334228516,27.874469757080078,,12.517992973327637,36.69157791137695,22.72747802734375
2013-03-28,14.984970092773438,,24.42692756652832,11.594780921936035,32.927635192871094,12.816241264343262,27.98708152770996,,12.670295715332031,37.0137939453125,22.80925941467285
2013-04-01,14.854935646057129,,24.37765121459961,11.537476539611816,32.52549362182617,12.731561660766602,27.973007202148438,,12.64112663269043,37.1104621887207,22.63709831237793
2013-04-02,14.709592819213867,,24.239049911499023,11.60751724243164,32.42300033569336,12.782367706298828,28.275611877441406,,12.683257102966309,37.65016555786133,22.826457977294922
2013-04-03,14.58720588684082,,23.786296844482422,11.416501998901367,32.22585678100586,12.680755615234375,27.96596336364746,,12.647611618041992,37.42460250854492,22.61557960510254
2013-04-04,14.713418960571289,,23.755495071411133,11.518375396728516,32.3677978515625,12.684985160827637,28.113746643066406,,12.767512321472168,37.593772888183594,22.744691848754883
2013-04-05,14.652223587036133,,23.8078556060791,11.480172157287598,32.304718017578125,12.587606430053711,27.909666061401367,,12.822599411010742,37.38432312011719,22.632802963256836
2013-04-08,14.698123931884766,,23.9680118560791,11.594780921936035,32.49396514892578,12.642650604248047,28.226348876953125,,12.919816970825195,37.416561126708984,22.891016006469727
2013-04-09,14.870233535766602,,24.171295166015625,11.626619338989258,32.59646224975586,12.731561660766602,28.198198318481445,,12.880928039550781,37.537384033203125,22.830766677856445
2013-04-10,14.973496437072754,,24.30064582824707,11.785799980163574,33.030155181884766,12.955963134765625,28.4093074798584,,12.984623908996582,38.16569137573242,23.097585678100586
2013-04-11,15.03851318359375,,24.405349731445312,11.811270713806152,33.11687469482422,12.91362476348877,28.543010711669922,,13.013788223266602,38.536224365234375,23.291257858276367
2013-04-12,14.81668472290039,,24.02344512939453,11.760333061218262,32.927635192871094,12.858579635620117,28.64858627319336,,13.068877220153809,38.60873794555664,23.416059494018555
2013-04-15,14.26976203918457,,23.044036865234375,11.512007713317871,31.926237106323242,12.646883010864258,28.191143035888672,,12.880928039550781,37.907928466796875,22.800640106201172
2013-04-16,14.529837608337402,,23.32738494873047,11.690289497375488,32.35991287231445,12.803537368774414,28.718950271606445,,13.036467552185059,38.45568084716797,23.127714157104492
2013-04-17,14.315658569335938,,22.81612205505371,11.47380542755127,31.823747634887695,12.541032791137695,28.47264862060547,,12.96194076538086,38.27846145629883,22.891016006469727
2013-04-18,14.273580551147461,,23.01015281677246,11.352827072143555,31.68180274963379,12.409777641296387,28.416343688964844,,13.004070281982422,37.81126022338867,22.641403198242188
2013-04-19,14.441874504089355,,22.963956832885742,11.512007713317871,31.839506149291992,12.426717758178711,28.859678268432617,,13.198497772216797,38.342918395996094,22.912540435791016
2013-04-22,14.579561233520508,,23.210351943969727,11.524740219116211,31.878923416137695,12.52409553527832,28.9300594329834,,13.182291030883789,38.57651138305664,23.011516571044922
2013-04-23,14.705768585205078,,23.478302001953125,11.73486614227295,32.107608795166016,12.659584999084473,29.155254364013672,,13.214703559875488,38.818172454833984,23.243913650512695
2013-04-24,14.927599906921387,,23.792457580566406,11.804900169372559,32.43877029418945,12.680755615234375,28.690786361694336,,13.256827354431152,38.14958190917969,23.261125564575195
2013-04-25,15.092068672180176,,23.81094741821289,11.874942779541016,32.60435485839844,12.723093032836914,28.78228187561035,,13.260062217712402,38.30263137817383,23.45909309387207
2013-04-26,14.877882957458496,,23.770893096923828,11.824004173278809,32.50973129272461,12.718863487243652,28.77523422241211,,13.27950668334961,38.29458236694336,23.35580825805664
2013-04-29,15.103534698486328,,24.011127471923828,11.874942779541016,32.67531204223633,12.900918960571289,28.866729736328125,,13.38968563079834,38.4154167175293,23.437572479248047
2013-04-30,15.126484870910645,,24.106603622436523,11.906776428222656,32.683204650878906,13.040640830993652,28.8104248046875,,13.425329208374023,38.12542724609375,23.50213050842285
2013-05-01,14.858758926391602,,23.730871200561523,11.773063659667969,32.257423400878906,12.926326751708984,28.78228187561035,,13.292474746704102,37.72265625,23.3773250579834
2013-05-02,14.965845108032227,,24.041927337646484,11.874942779541016,32.6595458984375,13.091448783874512,28.887840270996094,,13.27626895904541,38.14152908325195,23.605419158935547
2013-05-03,15.229747772216797,,24.476205825805664,12.002286911010742,33.219390869140625,13.214237213134766,29.014509201049805,,13.250346183776855,38.399295806884766,23.902374267578125
2013-05-06,15.271819114685059,,24.642513275146484,12.129630088806152,33.4322624206543,13.277746200561523,28.803386688232422,,13.065637588500977,38.14958190917969,23.979835510253906
2013-05-07,15.417154312133789,,24.833477020263672,12.193304061889648,33.73978805541992,13.26927661895752,29.021547317504883,,13.192009925842285,38.27040481567383,24.18210792541504
2013-05-08,15.55101490020752,,24.873502731323242,12.295183181762695,33.95269012451172,13.375125885009766,29.05672836303711,,13.075355529785156,38.383182525634766,24.199323654174805
2013-05-09,15.531893730163574,,24.851953506469727,12.206039428710938,33.95269012451172,13.337021827697754,28.852649688720703,,12.877686500549316,38.4315185546875,24.24236297607422
2013-05-10,15.51659870147705,,24.72258758544922,12.256978988647461,34.05518341064453,13.375125885009766,28.965246200561523,,12.906853675842285,38.81010437011719,24.431718826293945
2013-05-13,15.405678749084473,,24.71951675415039,12.295183181762695,33.92113494873047,13.341256141662598,29.014509201049805,,12.838801383972168,39.13233184814453,24.436025619506836
2013-05-14,15.596909523010254,,25.070621490478516,12.505303382873535,34.33904266357422,13.383591651916504,29.359333038330078,,12.92629623413086,39.52702713012695,24.685632705688477
2013-05-15,15.684880256652832,,24.999792098999023,12.619912147521973,34.48096466064453,13.425932884216309,29.64784812927246,,13.049436569213867,39.736454010009766,24.819046020507812
2013-05-16,15.612215995788574,,24.8765926361084,12.537135124206543,34.307518005371094,13.497913360595703,29.4719295501709,,12.942496299743652,39.32563400268555,24.530698776245117
2013-05-17,15.780497550964355,,25.292381286621094,12.702682495117188,34.827903747558594,13.63339614868164,29.51414680480957,,13.065637588500977,39.55118942260742,24.767391204833984
2013-05-20,15.795796394348145,,25.649646759033203,12.728153228759766,34.930416107177734,13.63339614868164,29.2115478515625,,13.000825881958008,39.277313232421875,24.694238662719727
2013-05-21,15.7766695022583,,25.5972957611084,12.759991645812988,34.97773361206055,13.591056823730469,29.239700317382812,,13.026749610900879,39.70423889160156,24.80613899230957
2013-05-22,15.562490463256836,,25.301626205444336,12.626277923583984,34.670230865478516,13.442870140075684,29.1904354095459,,12.806398391723633,39.70423889160156,24.569435119628906
2013-05-23,15.570143699645996,,25.313945770263672,12.549872398376465,34.575592041015625,13.43863582611084,29.07081413269043,,12.71889877319336,39.688133239746094,24.517793655395508
2013-05-24,15.51659870147705,,25.166107177734375,12.56260871887207,34.465206146240234,13.41746711730957,29.345256805419922,,12.582805633544922,39.56729507446289,24.44462776184082
2013-05-28,15.658108711242676,,25.430984497070312,12.689947128295898,34.646549224853516,13.480977058410645,29.394519805908203,,12.436979293823242,39.970069885253906,24.681331634521484
2013-05-29,15.60838794708252,,25.37554359436035,12.689947128295898,34.44943618774414,13.447105407714844,28.831544876098633,,12.252272605895996,39.34175491333008,24.42741584777832
2013-05-30,15.658108711242676,,25.3170166015625,12.842764854431152,34.65444564819336,13.531781196594238,28.718950271606445,,12.284676551818848,39.623680114746094,24.42741584777832
2013-05-31,15.413331985473633,,24.793439865112305,12.632645606994629,34.323272705078125,13.404765129089355,28.184114456176758,,12.210152626037598,38.75372314453125,24.151981353759766
2013-06-03,15.489829063415527,,25.033668518066406,12.645381927490234,34.488853454589844,13.472505569458008,28.493759155273438,,12.23607063293457,38.963165283203125,24.259572982788086
2013-06-04,15.470703125,,24.836559295654297,12.530770301818848,34.29963684082031,13.413230895996094,28.500795364379883,,12.193949699401855,38.721519470214844,24.173507690429688
2013-06-05,15.126484870910645,,24.547040939331055,12.327016830444336,33.676719665527344,13.281977653503418,28.15596580505371,,12.087008476257324,38.15762710571289,23.773265838623047
2013-06-06,15.225923538208008,,24.731847763061523,12.498933792114258,33.88957977294922,13.31161880493164,28.275611877441406,,12.229591369628906,38.71345138549805,24.022871017456055
2013-06-07,15.36743450164795,,25.042903900146484,12.715418815612793,34.528282165527344,13.434398651123047,28.627464294433594,,12.30412483215332,39.06787109375,24.461841583251953
2013-06-10,15.440102577209473,,24.972076416015625,12.721786499023438,34.4257698059082,13.46403694152832,28.627464294433594,,12.300880432128906,39.124263763427734,24.38867950439453
2013-06-11,15.225923538208008,,24.593242645263672,12.51166820526123,34.110389709472656,13.324319839477539,28.557092666625977,,12.219871520996094,38.963165283203125,24.14767074584961
2013-06-12,15.149436950683594,,24.442325592041016,12.377954483032227,33.87383270263672,13.235404968261719,28.416343688964844,,12.099971771240234,38.56843948364258,23.880849838256836
2013-06-13,15.428629875183105,,24.851953506469727,12.613545417785645,34.370582580566406,13.38782787322998,28.711898803710938,,12.297643661499023,39.16453552246094,24.32843589782715
2013-06-14,15.31771469116211,,24.611717224121094,12.44799518585205,34.14191818237305,13.286213874816895,28.641529083251953,,12.313840866088867,39.10009765625,24.250967025756836
2013-06-17,15.447752952575684,,24.96590805053711,12.568973541259766,34.410003662109375,13.408998489379883,28.89486312866211,,12.352730751037598,39.188697814941406,24.384380340576172
2013-06-18,15.51659870147705,,25.107595443725586,12.65174674987793,34.8121337890625,13.514850616455078,29.000429153442383,,12.436979293823242,39.51896667480469,24.633981704711914
2013-06-19,15.398030281066895,,24.8765926361084,12.479827880859375,34.28385543823242,13.358189582824707,28.42337989807129,,12.151819229125977,38.890663146972656,24.354257583618164
2013-06-20,15.000271797180176,,24.149730682373047,12.212410926818848,33.503231048583984,13.061812400817871,27.564838409423828,,11.808324813842773,37.89180374145508,23.717313766479492
2013-06-21,14.949398040771484,,24.19119644165039,12.223273277282715,33.52382278442383,12.9830904006958,27.92890739440918,,11.962525367736816,38.26565170288086,23.763080596923828
2013-06-24,14.710450172424316,,23.83221435546875,12.005916595458984,32.9611701965332,12.825637817382812,27.815587997436523,,11.952703475952148,37.941986083984375,23.547203063964844
2013-06-25,14.799091339111328,,24.13858413696289,12.229662895202637,33.33363342285156,12.932021141052246,27.858076095581055,,12.109846115112305,38.13618850708008,23.75876808166504
2013-06-26,14.8684663772583,,24.287137985229492,12.351134300231934,33.658573150634766,13.008620262145996,28.148483276367188,,12.263716697692871,38.68642807006836,24.056669235229492
2013-06-27,14.860756874084473,,24.33354949951172,12.510954856872559,33.99144744873047,13.072447776794434,28.27597999572754,,12.289904594421387,38.823974609375,24.263893127441406
2013-06-28,14.779828071594238,,24.23143196105957,12.434244155883789,33.79328155517578,13.017133712768555,28.098907470703125,,12.319374084472656,38.52458190917969,24.350252151489258
2013-07-01,14.86461067199707,,24.404735565185547,12.4725980758667,34.13408660888672,13.08521556854248,28.3043155670166,,12.165499687194824,38.629791259765625,24.518632888793945
2013-07-02,14.818364143371582,,24.457345962524414,12.485383033752441,33.76954650878906,13.106493949890137,28.339731216430664,,12.162227630615234,38.54886245727539,24.561798095703125
2013-07-03,14.82221508026123,,24.441862106323242,12.447026252746582,33.78538513183594,13.183090209960938,28.2830810546875,,12.1163911819458,38.49220657348633,24.67405128479004
2013-07-05,14.922423362731934,,24.74515151977539,12.670781135559082,34.316368103027344,13.268199920654297,28.353904724121094,,12.0803861618042,39.0181770324707,24.941736221313477
2013-07-08,15.007211685180664,,24.90607261657715,12.766672134399414,34.411476135253906,13.259684562683105,28.637222290039062,,12.253894805908203,39.23666000366211,25.174875259399414
2013-07-09,15.238441467285156,,25.159833908081055,12.875351905822754,34.894901275634766,13.310749053955078,28.849727630615234,,12.342290878295898,39.349952697753906,25.274173736572266
2013-07-10,15.234590530395508,,25.005109786987305,12.798637390136719,34.88698959350586,13.35330581665039,28.8851318359375,,12.41103458404541,39.6088752746582,25.300086975097656
2013-07-11,15.481246948242188,,25.20625877380371,12.920103073120117,35.44175720214844,13.578840255737305,29.338462829589844,,12.610737800598145,40.1186637878418,25.662742614746094
2013-07-12,15.427286148071289,,25.348609924316406,13.009605407714844,35.22777557373047,13.587347984313965,29.34554672241211,,12.650029182434082,40.36139678955078,25.78363609313965
2013-07-15,15.46582317352295,,25.326950073242188,13.06714153289795,35.354591369628906,13.625648498535156,29.38804817199707,,12.856277465820312,40.401851654052734,25.718873977661133
2013-07-16,15.350208282470703,,25.172212600708008,13.015998840332031,35.16437530517578,13.634159088134766,29.281797409057617,,12.78752613067627,40.16718673706055,25.580707550048828
2013-07-17,15.492799758911133,,25.283632278442383,13.07353401184082,35.26739501953125,13.646920204162598,29.338462829589844,,12.780977249145508,40.27239990234375,25.593673706054688
2013-07-18,15.500516891479492,,25.552867889404297,13.246140480041504,35.624046325683594,13.612878799438477,29.43763542175293,,12.892287254333496,40.38568115234375,25.740455627441406
2013-07-19,15.600708961486816,,25.90875244140625,13.252537727355957,35.988590240478516,13.38309097290039,29.607622146606445,,12.895561218261719,40.91971969604492,25.718873977661133
2013-07-22,15.616132736206055,,25.8252010345459,13.34203052520752,36.01237487792969,13.42138957977295,29.54387664794922,,12.882465362548828,41.12202835083008,25.70160484313965
2013-07-23,15.662376403808594,,25.868518829345703,13.2908935546875,35.988590240478516,13.366070747375488,29.48720932006836,,12.915206909179688,40.97636795043945,25.667064666748047
2013-07-24,15.515923500061035,,25.58070945739746,13.194995880126953,35.71122741699219,13.455432891845703,29.29596519470215,,12.718774795532227,40.911624908447266,25.580707550048828
2013-07-25,15.662376403808594,,25.750932693481445,13.207786560058594,35.72706985473633,13.463946342468262,29.451801300048828,,12.836630821228027,41.11394500732422,25.61524772644043
2013-07-26,15.604560852050781,,25.685937881469727,13.194995880126953,35.608184814453125,13.502240180969238,29.416378021240234,,12.882465362548828,41.380958557128906,25.697288513183594
2013-07-29,15.693208694458008,,25.472402572631836,13.099106788635254,35.51307678222656,13.480964660644531,29.35262680053711,,12.905384063720703,41.25959396362305,25.563446044921875
2013-07-30,15.654670715332031,,25.422887802124023,13.09271240234375,35.66366195678711,13.549049377441406,29.32430648803711,,12.947945594787598,41.26768493652344,25.498674392700195
2013-07-31,15.600708961486816,,25.506446838378906,13.099106788635254,35.790470123291016,13.502240180969238,29.31721305847168,,12.852999687194824,41.28385925292969,25.632522583007812
2013-08-01,15.716333389282227,,25.921125411987305,13.31007194519043,36.40071487426758,13.646920204162598,29.558053970336914,,12.961042404174805,41.54280471801758,26.029727935791016
2013-08-02,15.804967880249023,,25.806625366210938,13.303680419921875,36.47202682495117,13.706499099731445,29.57221031188965,,12.944672584533691,41.55898666381836,26.215375900268555
2013-08-05,15.762571334838867,,25.744733810424805,13.278107643127441,36.32939147949219,13.736283302307129,29.593463897705078,,12.859549522399902,41.50233840942383,26.15924835205078
2013-08-06,15.616132736206055,,25.58690071105957,13.156639099121094,36.059940338134766,13.663947105407715,29.558053970336914,,12.794075965881348,41.30812454223633,26.05130958557129
2013-08-07,15.623839378356934,,25.497161865234375,13.06714153289795,36.00444793701172,13.629903793334961,29.416378021240234,,12.852999687194824,41.34049606323242,25.822484970092773
2013-08-08,15.855074882507324,,25.636417388916016,13.099106788635254,36.17087936401367,13.672454833984375,29.57221031188965,,12.90211009979248,41.34049606323242,25.99518394470215
2013-08-09,15.9475736618042,,25.55904769897461,13.054357528686523,36.052005767822266,13.604368209838867,29.444717407226562,,12.813714981079102,41.19483947753906,25.93906021118164
2013-08-12,15.924440383911133,,25.45073127746582,13.003213882446289,36.099552154541016,13.693732261657715,29.359724044799805,,12.74496841430664,41.024925231933594,25.90451431274414
2013-08-13,15.982246398925781,,25.497161865234375,13.06714153289795,36.258060455322266,13.78735065460205,29.38096046447754,,12.676217079162598,41.178672790527344,25.90451431274414
2013-08-14,15.9475736618042,,25.379560470581055,13.015998840332031,36.00444793701172,13.77458381652832,29.17555046081543,,12.594368934631348,40.85499572753906,25.61957550048828
2013-08-15,15.831954956054688,,25.24029541015625,12.824212074279785,35.60024642944336,13.553305625915527,28.70806884765625,,12.433953285217285,40.16718673706055,25.17055892944336
2013-08-16,15.708620071411133,,25.138179779052734,12.798637390136719,35.64781951904297,13.54053783416748,28.538061141967773,,12.289904594421387,39.981101989746094,25.07989501953125
2013-08-19,15.585291862487793,,24.738954544067383,12.63241958618164,35.45762252807617,13.497984886169434,28.410564422607422,,12.185148239135742,40.053916931152344,24.97195816040039
2013-08-20,15.673933029174805,,24.890600204467773,12.753884315490723,35.52102279663086,13.51926326751709,28.417646408081055,,12.299729347229004,40.16718673706055,25.2266788482666
2013-08-21,15.554462432861328,,24.75443458557129,12.664387702941895,35.275333404541016,13.48947525024414,28.198083877563477,,12.158954620361328,39.9244499206543,25.01081657409668
2013-08-22,15.739449501037598,,25.122699737548828,12.811423301696777,35.758766174316406,13.549049377441406,28.318496704101562,,12.227705001831055,40.183380126953125,25.2612247467041
2013-08-23,15.866630554199219,,25.30219268798828,12.824212074279785,35.76667785644531,13.646920204162598,28.481395721435547,,12.329190254211426,40.28857421875,25.265544891357422
2013-08-26,15.866630554199219,,25.258859634399414,12.741097450256348,35.68743896484375,13.58309555053711,28.148483276367188,,12.23752498626709,40.345211029052734,25.213729858398438
2013-08-27,15.589151382446289,,25.101041793823242,12.434244155883789,34.96623611450195,13.344794273376465,27.99974250793457,,12.230978965759277,39.68977737426758,24.80357551574707
2013-08-28,15.558314323425293,,25.518817901611328,12.45341968536377,34.9979248046875,13.35330581665039,27.787250518798828,,12.273536682128906,39.859710693359375,24.93741226196289
2013-08-29,15.60842227935791,,25.252681732177734,12.485383033752441,35.100975036621094,13.425644874572754,27.900575637817383,,12.201512336730957,39.981101989746094,25.05830955505371
2013-08-30,15.581440925598145,,25.243404388427734,12.427848815917969,34.90283966064453,13.361817359924316,27.985578536987305,,12.211333274841309,39.827354431152344,24.902881622314453
2013-09-03,15.673933029174805,,25.429079055786133,12.530130386352539,35.12476348876953,13.374582290649414,27.964330673217773,,12.070556640625,40.08628463745117,25.07989501953125
2013-09-04,15.820384979248047,,25.56524085998535,12.626029968261719,35.481380462646484,13.502240180969238,28.141407012939453,,12.070556640625,40.54750061035156,25.343259811401367
2013-09-05,15.847369194030762,,25.651893615722656,12.657994270324707,35.56855773925781,13.510748863220215,28.098907470703125,,12.021454811096191,40.60416030883789,25.351892471313477
2013-09-06,15.82809066772461,,25.648801803588867,12.657994270324707,35.5527229309082,13.51926326751709,28.169748306274414,,12.106576919555664,40.620338439941406,25.321670532226562
2013-09-09,16.067031860351562,,25.93661117553711,12.80502986907959,35.99652862548828,13.680967330932617,28.36807632446289,,12.149133682250977,40.871177673339844,25.546171188354492
2013-09-10,16.20962905883789,,25.945892333984375,12.95845890045166,36.51959228515625,13.766073226928711,28.39640998840332,,12.244070053100586,41.1301155090332,25.792272567749023
2013-09-11,16.309833526611328,,26.143957138061523,12.971248626708984,36.67017364501953,13.702242851257324,28.601821899414062,,12.122944831848145,41.40523910522461,25.982234954833984
2013-09-12,16.1402587890625,,25.989213943481445,12.875351905822754,36.51959228515625,13.715008735656738,28.608896255493164,,12.090202331542969,41.34049606323242,25.921789169311523
2013-09-13,16.24817657470703,,25.97992515563965,12.913712501525879,36.62261962890625,13.727776527404785,28.842634201049805,,12.181869506835938,41.43759536743164,25.99518394470215
2013-09-16,16.42930793762207,,25.973735809326172,13.054357528686523,37.098140716552734,13.706499099731445,29.10471534729004,,12.214607238769531,41.80982208251953,26.11174964904785
2013-09-17,16.383054733276367,,26.091333389282227,13.118282318115234,37.25663375854492,13.77458381652832,29.203882217407227,,12.28663444519043,41.83409118652344,26.262863159179688
2013-09-18,16.7607421875,,26.406999588012695,13.233359336853027,37.72422790527344,13.94904899597168,29.55095672607422,,12.653298377990723,42.09302520751953,26.565082550048828
2013-09-19,16.70293617248535,,26.342002868652344,13.182212829589844,37.85103988647461,13.957564353942871,29.416378021240234,,12.594368934631348,41.95547103881836,26.556442260742188
2013-09-20,16.50772476196289,,26.1284122467041,13.112257957458496,37.388450622558594,13.858365058898926,29.210378646850586,,12.404324531555176,41.876644134521484,26.396236419677734
2013-09-23,16.38378143310547,,26.00093650817871,12.926128387451172,37.269039154052734,13.901118278503418,29.082067489624023,,12.553058624267578,41.58414840698242,26.192726135253906
2013-09-24,16.37603759765625,,26.02581024169922,12.842693328857422,37.404380798339844,13.841259956359863,28.94664192199707,,12.546443939208984,41.37290573120117,26.261999130249023
2013-09-25,16.41864013671875,,26.01959800720215,12.913291931152344,37.237186431884766,13.819878578186035,28.704296112060547,,12.460511207580566,41.04790496826172,26.101787567138672
2013-09-26,16.52709197998047,,26.066234588623047,12.913291931152344,37.404380798339844,13.87119197845459,28.853984832763672,,12.443988800048828,41.194149017333984,26.348602294921875
2013-09-27,16.329561233520508,,25.97608757019043,12.868365287780762,37.165531158447266,13.785669326782227,28.675771713256836,,12.36466121673584,41.194149017333984,26.352933883666992
2013-09-30,16.271453857421875,,25.7770938873291,12.778512954711914,36.95056915283203,13.700154304504395,28.36927604675293,,12.3514404296875,41.10477066040039,26.253345489501953
2013-10-01,16.341175079345703,,25.941877365112305,12.868365287780762,37.18144607543945,13.819878578186035,28.540346145629883,,12.387796401977539,41.62477111816406,26.465513229370117
2013-10-02,16.38378143310547,,26.00093650817871,12.86194896697998,37.006282806396484,13.824153900146484,28.476200103759766,,12.401020050048828,41.52727127075195,26.456851959228516
2013-10-03,16.244348526000977,,25.77399253845215,12.76567554473877,36.60023498535156,13.704425811767578,28.333654403686523,,12.25559139251709,41.161651611328125,26.1580867767334
2013-10-04,16.480613708496094,,26.03515625,12.868365287780762,36.83909225463867,13.760015487670898,28.37640953063965,,12.278725624084473,41.61665344238281,26.404897689819336
2013-10-07,16.279203414916992,,25.82062530517578,12.720748901367188,36.584312438964844,13.700154304504395,28.283742904663086,,12.219234466552734,41.15352249145508,26.032508850097656
2013-10-08,16.019697189331055,,25.54391860961914,12.560295104980469,36.17031478881836,13.482075691223145,28.283742904663086,,12.305171012878418,40.56038284301758,25.621152877807617
2013-10-09,16.04292869567871,,25.45376205444336,12.605224609375,36.154380798339844,13.533392906188965,28.305124282836914,,12.35474681854248,40.487266540527344,25.50423240661621
2013-10-10,16.38378143310547,,25.92632484436035,12.964640617370605,37.08591842651367,13.760015487670898,28.83259391784668,,12.539834976196289,41.429779052734375,26.097463607788086
2013-10-11,16.480613708496094,,26.20614242553711,13.035236358642578,37.26106643676758,13.875468254089355,28.91813850402832,,12.599327087402344,41.62477111816406,26.322628021240234
2013-10-14,16.538715362548828,,26.38335609436035,13.099419593811035,37.404380798339844,13.922500610351562,29.039304733276367,,12.52991771697998,41.925411224365234,26.430879592895508
2013-10-15,16.438011169433594,,26.286975860595703,13.003148078918457,37.03018569946289,13.836983680725098,28.775575637817383,,12.35474681854248,41.65727996826172,26.179737091064453
2013-10-16,16.60455322265625,,26.681821823120117,13.279123306274414,37.2769889831543,13.969533920288086,29.20326042175293,,12.467120170593262,42.51041030883789,26.504486083984375
2013-10-17,16.821456909179688,,26.737789154052734,13.394649505615234,37.56361389160156,13.973809242248535,29.53114128112793,,12.668742179870605,42.86791229248047,26.6993350982666
2013-10-18,16.871807098388672,,27.030040740966797,13.420324325561523,37.969669342041016,14.21326732635498,29.573904037475586,,12.701791763305664,42.69728469848633,26.863882064819336
2013-10-21,16.86794090270996,,26.908794403076172,13.394649505615234,38.065208435058594,14.290233612060547,29.509750366210938,,12.675352096557617,42.477909088134766,26.93317222595215
2013-10-22,17.111942291259766,,27.058021545410156,13.420324325561523,38.31998825073242,14.285953521728516,29.880416870117188,,12.837300300598145,42.87604522705078,27.115026473999023
2013-10-23,16.999629974365234,,26.635190963745117,13.31121826171875,38.335906982421875,14.217543601989746,29.93743324279785,,12.847216606140137,42.7947883605957,26.94182777404785
2013-10-24,17.0848388671875,,26.76266098022461,13.330472946166992,38.622528076171875,14.251754760742188,29.880416870117188,,12.820775985717773,42.7947883605957,27.210298538208008
2013-10-25,17.13519287109375,,26.924335479736328,13.388238906860352,38.82156753540039,14.324440002441406,29.951696395874023,,12.95628833770752,42.85165786743164,27.413806915283203
2013-10-28,17.04998207092285,,26.946090698242188,13.356144905090332,38.765838623046875,14.371476173400879,30.343721389770508,,12.92984676361084,42.9979133605957,27.361841201782227
2013-10-29,17.0848388671875,,27.135746002197266,13.394649505615234,38.8773078918457,14.465547561645508,30.607454299926758,,12.946370124816895,43.28228759765625,27.522066116333008
2013-10-30,16.980262756347656,,26.952322006225586,13.343311309814453,38.70216369628906,14.435612678527832,30.343721389770508,,12.86374568939209,43.046661376953125,27.38782501220703
2013-10-31,16.953147888183594,,26.859050750732422,13.202109336853027,38.71010971069336,14.388579368591309,30.186906814575195,,12.817472457885742,42.87604522705078,27.457109451293945
2013-11-01,16.914419174194336,,26.76266098022461,13.234199523925781,38.98877716064453,14.392854690551758,30.30095863342285,,12.910014152526855,43.16042709350586,27.522066116333008
2013-11-04,16.9841365814209,,27.09532928466797,13.240618705749512,39.1320915222168,14.448445320129395,30.329463958740234,,12.936460494995117,43.19290542602539,27.617326736450195
2013-11-05,16.910541534423828,,26.849720001220703,13.17002010345459,39.0922737121582,14.409961700439453,30.386497497558594,,12.843910217285156,43.046661376953125,27.617326736450195
2013-11-06,17.026735305786133,,26.930553436279297,13.234199523925781,39.20375442504883,14.555344581604004,30.714380264282227,,13.019084930419922,42.94917297363281,27.548038482666016
2013-11-07,16.802091598510742,,26.513931274414062,13.086581230163574,38.78972244262695,14.367202758789062,30.265310287475586,,12.896791458129883,42.567283630371094,26.976470947265625
2013-11-08,17.115819931030273,,26.908794403076172,13.388238906860352,39.315208435058594,14.495476722717285,30.41501235961914,,12.873659133911133,43.19290542602539,27.405153274536133
2013-11-11,17.108078002929688,,26.95853614807129,13.394649505615234,39.283363342285156,14.512584686279297,30.322345733642578,,12.87035083770752,43.29854202270508,27.44844627380371
2013-11-12,17.053844451904297,,26.70981216430664,13.2662935256958,39.299278259277344,14.551067352294922,30.372236251831055,,12.761281967163086,43.27416229248047,27.40081787109375
2013-11-13,17.146812438964844,,26.9429874420166,13.381817817687988,39.53017044067383,14.675065994262695,30.628829956054688,,12.824081420898438,43.51792907714844,27.83382225036621
2013-11-14,17.290117263793945,,27.10465431213379,13.497344970703125,39.681434631347656,14.636582374572754,30.849811553955078,,12.936460494995117,43.88353729248047,28.0286865234375
2013-11-15,17.402441024780273,,27.25389289855957,13.561524391174316,39.816802978515625,14.66651725769043,30.885440826416016,,13.01247787475586,44.13542175292969,28.12393569946289
2013-11-18,17.29399871826172,,27.045583724975586,13.555109977722168,39.88048553466797,14.610931396484375,30.792787551879883,,12.995952606201172,43.94042205810547,27.903106689453125
2013-11-19,17.23976707458496,,27.09222412109375,13.574360847473145,39.593868255615234,14.559619903564453,30.678728103637695,,12.900101661682129,43.989173889160156,27.781869888305664
2013-11-20,17.10033416748047,,27.02692985534668,13.53585433959961,39.41871643066406,14.512584686279297,30.550432205200195,,12.757972717285156,44.119163513183594,27.638978958129883
2013-11-21,17.23976707458496,,27.284988403320312,13.728401184082031,39.7371826171875,14.636582374572754,30.607454299926758,,12.787727355957031,44.29792404174805,27.924758911132812
2013-11-22,17.328857421875,,27.43109893798828,13.792577743530273,40.087493896484375,14.606657028198242,30.764270782470703,,12.77780818939209,44.89105224609375,28.080638885498047
2013-11-25,17.220394134521484,,27.182382583618164,13.811835289001465,39.99993133544922,14.606657028198242,30.714380264282227,,12.728228569030762,45.06979751586914,28.106624603271484
2013-11-26,17.17778778076172,,27.11397361755371,13.798995971679688,40.07953643798828,14.657965660095215,30.685869216918945,,12.602633476257324,44.939815521240234,28.271167755126953
2013-11-27,17.189414978027344,,26.930553436279297,13.837505340576172,40.23877716064453,14.773412704467773,30.70725440979004,,12.576191902160645,44.92355728149414,28.379417419433594
2013-11-29,17.173921585083008,,26.87458610534668,13.786162376403809,40.12730026245117,14.833281517028809,30.657360076904297,,12.569581985473633,44.8991813659668,28.4054012298584
2013-12-02,17.131315231323242,,26.89323616027832,13.779745101928711,39.96010971069336,14.78624439239502,30.49341583251953,,12.516697883605957,44.91543197631836,28.271167755126953
2013-12-03,16.929903030395508,,26.95853614807129,13.638545036315918,39.617759704589844,14.820454597473145,30.643095016479492,,12.57949447631836,44.52544021606445,28.002704620361328
2013-12-04,17.01125144958496,,26.87148666381836,13.670633316040039,39.45852279663086,14.833281517028809,30.57183265686035,,12.635685920715332,44.37104797363281,27.937742233276367
2013-12-05,16.914419174194336,,26.78130340576172,13.54227066040039,39.47443771362305,14.78624439239502,30.2938232421875,,12.533225059509277,44.28980255126953,27.968061447143555
2013-12-06,17.146812438964844,,26.86526107788086,13.728401184082031,40.07953643798828,14.88886833190918,30.70725440979004,,12.705096244812012,44.86668395996094,28.201879501342773
2013-12-09,17.235891342163086,,26.902570724487305,13.786162376403809,40.183040618896484,14.935904502868652,30.814176559448242,,12.629075050354004,44.956050872802734,28.180234909057617
2013-12-10,17.286243438720703,,26.821731567382812,13.734814643859863,40.09545135498047,14.90596866607666,30.550432205200195,,12.503477096557617,44.777305603027344,28.197561264038086
2013-12-11,16.99187660217285,,26.44243049621582,13.548688888549805,39.46648025512695,14.769140243530273,30.600322723388672,,12.401020050048828,44.005428314208984,27.937742233276367
2013-12-12,16.957019805908203,,26.55436134338379,13.548688888549805,39.506282806396484,14.670795440673828,30.179779052734375,,12.417547225952148,43.68853759765625,27.851152420043945
2013-12-13,17.03835678100586,,26.467309951782227,13.561524391174316,39.62572479248047,14.623760223388672,30.129884719848633,,12.397712707519531,43.72104263305664,27.920429229736328
2013-12-16,17.108078002929688,,26.697372436523438,13.644959449768066,39.99993133544922,14.769140243530273,30.122753143310547,,12.463818550109863,43.80229949951172,28.1023006439209
2013-12-17,17.220394134521484,,26.54503631591797,13.555109977722168,39.983985900878906,14.764863014221191,29.980195999145508,,12.44067668914795,43.591060638427734,28.0286865234375
2013-12-18,17.429555892944336,,26.946090698242188,13.869593620300293,40.65278244018555,14.880311012268066,30.479158401489258,,12.605937957763672,44.671669006347656,28.444368362426758
2013-12-19,17.4566650390625,,27.02382469177246,13.850343704223633,40.69258117675781,14.90596866607666,30.422122955322266,,12.513396263122559,44.574180603027344,28.427040100097656
2013-12-20,17.512012481689453,,27.071609497070312,13.934813499450684,41.0198974609375,15.022419929504395,30.560028076171875,,12.637325286865234,44.79853820800781,28.54530143737793
2013-12-23,17.597763061523438,,27.0997257232666,13.999297142028809,41.179935455322266,15.22008228302002,30.531291961669922,,12.587223052978516,44.96987533569336,28.671377182006836
2013-12-24,17.788745880126953,,27.249649047851562,14.025090217590332,41.37198257446289,15.263055801391602,30.57439422607422,,12.637325286865234,44.88827133178711,28.732234954833984
2013-12-26,17.886188507080078,,27.44331169128418,14.057332038879395,41.66007614135742,15.301722526550293,30.696487426757812,,12.580537796020508,45.22279357910156,28.94526481628418
2013-12-27,17.940752029418945,,27.577625274658203,14.050886154174805,41.61205291748047,15.288837432861328,30.768308639526367,,12.630650520324707,45.18198013305664,28.810501098632812
2013-12-30,17.95244598388672,,27.380844116210938,14.025090217590332,41.5720329284668,15.258757591247559,30.847314834594727,,12.66071605682373,45.255401611328125,28.9409236907959
2013-12-31,18.01480484008789,,27.64634132385254,14.09602165222168,41.82011795043945,15.357585906982422,30.868860244750977,,12.684098243713379,45.23094177246094,29.053951263427734
2014-01-02,17.87059783935547,,27.252782821655273,14.01864242553711,41.2359504699707,15.207191467285156,30.488210678100586,,12.490342140197754,44.97802734375,28.9191837310791
2014-01-03,17.827728271484375,,27.15282440185547,14.115365028381348,41.34797668457031,15.13414192199707,30.43075180053711,,12.450254440307617,45.08407974243164,28.84092903137207
2014-01-06,17.73027801513672,,27.190305709838867,14.128265380859375,41.107913970947266,15.10836124420166,30.31583023071289,,12.47030258178711,44.89643478393555,28.66267967224121
2014-01-07,17.699100494384766,,27.39646339416504,14.134712219238281,41.36398696899414,15.245872497558594,30.481027603149414,,12.580537796020508,45.369625091552734,28.836566925048828
2014-01-08,17.80432891845703,,27.20592498779297,14.17984676361084,41.291961669921875,15.245872497558594,30.251184463500977,,12.513731956481934,45.7693977355957,28.758323669433594
2014-01-09,17.734182357788086,,27.121585845947266,14.231441497802734,41.49201965332031,15.1470308303833,30.409204483032227,,12.587223052978516,46.112060546875,28.75397300720215
2014-01-10,17.788745880126953,,27.14346694946289,14.205645561218262,41.55603790283203,15.177107810974121,30.452299118041992,,12.767611503601074,46.291561126708984,28.84092903137207
2014-01-13,17.54709243774414,,26.603090286254883,13.99284839630127,41.05190658569336,15.013826370239258,30.279932022094727,,12.637325286865234,45.916255950927734,28.26271629333496
2014-01-14,17.792638778686523,,26.949792861938477,14.108918190002441,41.48401641845703,15.267350196838379,30.43793296813965,,12.654030799865723,46.495513916015625,28.50617218017578
2014-01-15,17.901777267456055,,26.871702194213867,14.276576042175293,41.78010559082031,15.452122688293457,30.445125579833984,,12.630650520324707,46.4547119140625,28.575735092163086
2014-01-16,17.944650650024414,,26.909189224243164,14.186294555664062,41.676082611083984,15.447827339172363,30.452299118041992,,12.717508316040039,46.568939208984375,28.423568725585938
2014-01-17,17.901777267456055,,26.86545753479004,14.14116382598877,41.4680061340332,15.3618803024292,30.215282440185547,,12.714159965515137,46.52000427246094,28.29749298095703
2014-01-21,18.010910034179688,,27.087238311767578,14.154057502746582,41.508026123046875,15.439229011535645,30.330196380615234,,12.854462623596191,46.789222717285156,28.271413803100586
2014-01-22,17.835521697998047,,27.21217155456543,14.160504341125488,41.63606262207031,15.422045707702637,30.330196380615234,,12.867825508117676,46.83002471923828,28.345314025878906
2014-01-23,17.570472717285156,,26.902936935424805,13.928370475769043,41.139915466308594,15.39196491241455,30.0644474029541,,12.831079483032227,46.50366973876953,28.14533233642578
2014-01-24,17.098859786987305,,26.340709686279297,13.612401008605957,39.859535217285156,15.095468521118164,29.79154396057129,,12.687435150146484,45.41043472290039,27.60625648498535
2014-01-27,17.028709411621094,,26.24700164794922,13.528576850891113,39.899559020996094,14.95366382598877,29.669437408447266,,12.717508316040039,45.043312072753906,27.49756622314453
2014-01-28,17.126148223876953,,26.44691276550293,13.709122657775879,40.275672912597656,14.863429069519043,29.89928436279297,,12.76426887512207,45.64702224731445,27.68885612487793
2014-01-29,17.196306228637695,,26.30010223388672,13.547918319702148,39.843544006347656,14.747406959533691,29.37498664855957,,12.757589340209961,45.23094177246094,27.245412826538086
2014-01-30,17.278160095214844,,26.384443283081055,13.741365432739258,40.235660552978516,14.927886962890625,29.41806411743164,,12.954684257507324,46.05496597290039,27.7018985748291
2014-01-31,17.16512680053711,,26.043977737426758,13.580156326293945,40.03559875488281,14.962255477905273,29.27442169189453,,13.061577796936035,45.65517807006836,27.310626983642578
2014-02-03,16.763675689697266,,25.57855796813965,13.238394737243652,38.923282623291016,14.64858341217041,28.642406463623047,,12.958023071289062,44.75774383544922,26.59330177307129
2014-02-04,16.911785125732422,,25.8409366607666,13.367364883422852,39.171348571777344,14.704442024230957,28.79322624206543,,12.88119125366211,45.19830322265625,26.919353485107422
2014-02-05,16.931264877319336,,25.587940216064453,13.35446834564209,39.155357360839844,14.717329978942871,28.814773559570312,,12.824397087097168,44.94539260864258,26.954139709472656
2014-02-06,17.184612274169922,,25.9689998626709,13.560811996459961,39.699501037597656,14.880614280700684,29.12359619140625,,12.917935371398926,45.19830322265625,27.523651123046875
2014-02-07,17.422367095947266,,26.25012969970703,13.728468894958496,40.3877067565918,15.082578659057617,29.39651870727539,,12.988089561462402,45.9733772277832,27.86275291442871
2014-02-10,17.50811767578125,,26.12206268310547,13.741365432739258,40.13163375854492,15.112658500671387,29.511438369750977,,13.084962844848633,46.35682678222656,27.845361709594727
2014-02-11,17.710792541503906,,26.462522506713867,13.883230209350586,40.57977294921875,15.297432899475098,29.856176376342773,,13.208563804626465,46.98503112792969,28.049686431884766
2014-02-12,17.679607391357422,,26.400060653686523,13.883230209350586,40.81181716918945,15.357585906982422,29.726890563964844,,13.225271224975586,46.98503112792969,28.075788497924805
2014-02-13,17.831619262695312,,26.524993896484375,13.934813499450684,40.843841552734375,15.469310760498047,29.877721786499023,,13.368910789489746,47.319515228271484,28.1627254486084
2014-02-14,17.975830078125,,26.871702194213867,13.954156875610352,41.107913970947266,15.499388694763184,30.050100326538086,,13.45576286315918,47.49085235595703,28.332273483276367
2014-02-18,17.987525939941406,,26.993520736694336,13.979949951171875,41.07590103149414,15.50798225402832,29.877721786499023,,13.502532958984375,47.931419372558594,28.367063522338867
2014-02-19,17.86280059814453,,27.02788543701172,13.78650188446045,40.69178009033203,15.456417083740234,29.813087463378906,,13.425697326660156,47.63770294189453,28.136648178100586
2014-02-20,18.04989242553711,,27.20592498779297,13.825196266174316,41.07590103149414,15.50798225402832,29.942363739013672,,13.52925968170166,48.07010269165039,28.288801193237305
2014-02-21,18.00311279296875,,26.99040412902832,13.850990295410156,41.123924255371094,15.447827339172363,29.877721786499023,,13.5459566116333,47.98038101196289,28.345314025878906
2014-02-24,17.940752029418945,,27.39646339416504,13.954156875610352,41.436012268066406,15.50798225402832,29.985454559326172,,13.512550354003906,48.33934783935547,28.46271324157715
2014-02-25,18.007017135620117,,27.383962631225586,13.870332717895508,41.29997253417969,15.465017318725586,30.10036849975586,,13.495857238769531,48.21696853637695,28.66267967224121
2014-02-26,18.14342498779297,,27.21217155456543,13.850990295410156,41.33997344970703,15.477907180786133,30.071653366088867,,13.452425003051758,48.21696853637695,28.823532104492188
2014-02-27,18.287643432617188,,27.24028968811035,13.921917915344238,41.580039978027344,15.602521896362305,30.208106994628906,,13.419017791748047,48.49435806274414,28.9409236907959
2014-02-28,18.350004196166992,,27.377717971801758,13.99284839630127,41.66007614135742,15.619709014892578,30.416385650634766,,13.512550354003906,48.49435806274414,29.058292388916016
2014-03-03,18.30712890625,,27.20280647277832,13.883230209350586,41.37999725341797,15.452122688293457,30.251184463500977,,13.37893009185791,48.135379791259766,28.78441047668457
2014-03-04,18.595550537109375,,27.499534606933594,14.166950225830078,41.980159759521484,15.654077529907227,30.660568237304688,,13.475810050964355,49.04914474487305,29.14525032043457
2014-03-05,18.638423919677734,,27.243408203125,14.31527042388916,42.036170959472656,15.675573348999023,30.560028076171875,,13.385615348815918,48.92677688598633,29.266977310180664
2014-03-06,18.708581924438477,,27.440189361572266,14.360401153564453,42.27626037597656,15.697053909301758,30.552846908569336,,13.318804740905762,48.6248893737793,29.340879440307617
2014-03-07,18.626731872558594,,27.493282318115234,14.424887657165527,42.41228485107422,15.649789810180664,30.639026641845703,,13.35888671875,48.50251007080078,29.29740333557129
2014-03-10,18.61114501953125,,27.537017822265625,14.4313383102417,42.22823715209961,15.624006271362305,30.667757034301758,,13.325484275817871,48.70648193359375,29.21915054321289
2014-03-11,18.42015838623047,,27.224658966064453,14.334609985351562,41.92415237426758,15.589629173278809,30.653390884399414,,13.288738250732422,48.60858154296875,29.049610137939453
2014-03-12,18.41236686706543,,27.227785110473633,14.308812141418457,41.84413528442383,15.615405082702637,30.71803855895996,,13.45576286315918,48.60040283203125,29.00612449645996
2014-03-13,18.279850006103516,,26.95604133605957,14.147607803344727,41.251949310302734,15.4048490524292,30.56720542907715,,13.596068382263184,47.93959426879883,28.653993606567383
2014-03-14,18.279850006103516,,26.981027603149414,14.057332038879395,41.091915130615234,15.310320854187012,30.581586837768555,,13.65954303741455,47.678504943847656,28.627899169921875
2014-03-17,18.427959442138672,,27.124710083007812,14.205645561218262,41.596046447753906,15.490795135498047,30.761137008666992,,13.749734878540039,48.1435432434082,28.81919288635254
2014-03-18,18.53319549560547,,27.35272789001465,14.276576042175293,41.82011795043945,15.692750930786133,30.825767517089844,,13.729686737060547,48.65752410888672,28.94526481628418
2014-03-19,18.369489669799805,,27.14658546447754,14.270129203796387,41.387996673583984,15.628299713134766,30.588756561279297,,13.512550354003906,48.510677337646484,28.75397300720215
2014-03-20,18.615036010742188,,27.252782821655273,14.49582290649414,41.508026123046875,15.748616218566895,30.696487426757812,,13.542622566223145,48.510677337646484,28.82788848876953
2014-03-21,18.536781311035156,,27.32717514038086,14.49776840209961,41.512054443359375,15.669646263122559,30.679180145263672,,13.645357131958008,47.63058853149414,28.643844604492188
2014-03-24,18.39198875427246,,27.270662307739258,14.491291046142578,41.37541198730469,15.656695365905762,30.650287628173828,,13.682412147521973,47.09846115112305,28.356008529663086
2014-03-25,18.493732452392578,,27.515514373779297,14.47834300994873,41.753150939941406,15.751638412475586,30.874073028564453,,13.73967456817627,47.5159797668457,28.185924530029297
2014-03-26,18.22763442993164,,27.386812210083008,14.329482078552246,41.32718276977539,15.561762809753418,30.8018856048584,,13.682412147521973,47.5323600769043,27.959150314331055
2014-03-27,18.17676544189453,,27.609664916992188,14.251815795898438,41.270938873291016,15.50565242767334,30.780227661132812,,13.793562889099121,47.42593002319336,27.823955535888672
2014-03-28,18.30198860168457,,27.954954147338867,14.310063362121582,41.57634353637695,15.566071510314941,30.85962677001953,,13.813773155212402,47.245811462402344,28.03328514099121
2014-03-31,18.50156593322754,,27.954954147338867,14.458929061889648,42.05857849121094,15.686906814575195,31.083410263061523,,13.96535587310791,47.88438415527344,28.225183486938477
2014-04-01,18.603303909301758,,28.12130355834961,14.484818458557129,42.35594940185547,15.872472763061523,31.03287696838379,,13.867668151855469,48.18730926513672,28.61768341064453
2014-04-02,18.740259170532227,,28.221752166748047,14.517179489135742,42.65332794189453,15.881112098693848,31.068984985351562,,13.847460746765137,48.400146484375,28.80955696105957
2014-04-03,18.763742446899414,,28.403806686401367,14.491291046142578,42.71762466430664,15.803423881530762,31.105073928833008,,13.891253471374512,48.2937126159668,28.670015335083008
2014-04-04,18.525043487548828,,28.300228118896484,14.348896980285645,42.22734832763672,15.501340866088867,31.004003524780273,,13.96535587310791,47.49141311645508,28.194652557373047
2014-04-07,18.255027770996094,,27.826250076293945,14.128839492797852,41.62456512451172,15.380497932434082,31.03287696838379,,13.9417724609375,47.01658248901367,27.64515495300293
2014-04-08,18.325469970703125,,28.105609893798828,14.148260116577148,41.62456512451172,15.51860237121582,31.19169807434082,,14.140511512756348,46.631813049316406,27.92425537109375
2014-04-09,18.603303909301758,,28.234312057495117,14.271230697631836,42.15503692626953,15.725743293762207,31.328847885131836,,14.11019515991211,47.63058853149414,28.225183486938477
2014-04-10,18.231544494628906,,27.841949462890625,13.941146850585938,41.31914520263672,15.363248825073242,31.0184326171875,,14.056299209594727,46.04236602783203,27.523038864135742
2014-04-11,18.012409210205078,,27.763484954833984,13.772875785827637,40.90925216674805,15.190621376037598,30.85962677001953,,14.042825698852539,45.60846710205078,27.143611907958984
2014-04-14,18.15719985961914,,28.143281936645508,13.882898330688477,41.142330169677734,15.341665267944336,31.105073928833008,,14.127036094665527,45.86225891113281,27.35731315612793
2014-04-15,18.266765594482422,,28.51995086669922,14.012343406677246,41.431671142578125,15.419344902038574,31.184467315673828,,14.322405815124512,46.353458404541016,27.392200469970703
2014-04-16,18.536781311035156,,28.862089157104492,14.122370719909668,42.066619873046875,15.570389747619629,31.487659454345703,,14.426819801330566,46.58270263671875,27.775976181030273
2014-04-17,18.59547233581543,,29.12575340270996,14.148260116577148,42.396141052246094,15.548810958862305,31.49486541748047,,14.248300552368164,46.574501037597656,27.81087303161621
2014-04-21,18.599390029907227,,29.323505401611328,14.135313034057617,42.51670837402344,15.609228134155273,31.509313583374023,,14.231454849243164,47.13120651245117,27.885007858276367
2014-04-22,18.665916442871094,,29.27641487121582,14.23239517211914,42.54081344604492,15.673962593078613,31.49486541748047,,14.251666069030762,47.646968841552734,28.124868392944336
2014-04-23,18.66982650756836,,29.430238723754883,14.264761924743652,42.7015380859375,15.50565242767334,31.44434928894043,,14.258400917053223,47.40956115722656,27.994043350219727
2014-04-24,18.587648391723633,,29.43964385986328,14.258291244506836,42.62117004394531,15.626493453979492,31.567062377929688,,14.356091499328613,47.33586502075195,28.146677017211914
2014-04-25,18.45459747314453,,29.263866424560547,14.141790390014648,42.20323181152344,15.427972793579102,31.61036491394043,,14.521141052246094,46.98386001586914,27.66695785522461
2014-04-28,18.376338958740234,,29.3140869140625,14.057652473449707,42.22734832763672,15.574703216552734,31.97130012512207,,14.591876029968262,47.262184143066406,27.597179412841797
2014-04-29,18.505468368530273,,29.449060440063477,14.19356918334961,42.339881896972656,15.682586669921875,31.834144592285156,,14.531243324279785,47.54055404663086,27.72364616394043
2014-04-30,18.6541690826416,,29.423946380615234,14.212980270385742,42.62117004394531,15.730060577392578,31.935218811035156,,14.554821968078613,47.58147430419922,27.841398239135742
2014-05-01,18.536781311035156,,29.358028411865234,14.238866806030273,42.51670837402344,15.747326850891113,31.906335830688477,,14.615455627441406,47.687904357910156,27.950424194335938
2014-05-02,18.60721206665039,,29.41767120361328,14.23239517211914,42.45240020751953,15.70417308807373,31.906335830688477,,14.315664291381836,47.27857208251953,28.02020263671875
2014-05-05,18.708955764770508,,29.555774688720703,14.174155235290527,42.54081344604492,15.786162376403809,31.834144592285156,,14.443665504455566,47.58966827392578,28.046367645263672
2014-05-06,18.615039825439453,,29.599716186523438,13.973509788513184,42.21931076049805,15.609228134155273,31.63202476501465,,14.372932434082031,47.172142028808594,27.64515495300293
2014-05-07,18.759824752807617,,29.85710906982422,14.161202430725098,42.58100128173828,15.617856979370117,31.935218811035156,,14.6053466796875,47.303123474121094,27.61025619506836
2014-05-08,18.685482025146484,,29.430238723754883,14.200037002563477,42.572959899902344,15.661015510559082,31.978515625,,14.44703483581543,47.049339294433594,27.68876075744629
2014-05-09,18.685482025146484,,29.401973724365234,14.19356918334961,42.6051025390625,15.678269386291504,32.13010787963867,,14.234827995300293,47.33586502075195,27.841398239135742
2014-05-12,18.92418098449707,,29.60914421081543,14.335958480834961,43.24003601074219,15.889734268188477,32.15898895263672,,14.103462219238281,47.818904876708984,28.19028663635254
2014-05-13,18.939834594726562,,29.71900177001953,14.32301139831543,43.31236267089844,15.898367881774902,32.223960876464844,,14.137145042419434,47.89257049560547,28.11178970336914
2014-05-14,18.943744659423828,,29.7315673828125,14.219453811645508,42.99088668823242,15.825003623962402,32.050697326660156,,14.207878112792969,47.925331115722656,27.797788619995117
2014-05-15,18.677644729614258,,29.392560958862305,14.057652473449707,42.6131477355957,15.730060577392578,31.769166946411133,,14.150615692138672,47.44229507446289,27.597179412841797
2014-05-16,18.74418067932129,,29.317218780517578,14.077067375183105,42.669403076171875,15.82932186126709,31.964075088500977,,14.194398880004883,47.60602951049805,27.802148818969727
2014-05-19,18.82243537902832,,29.40825653076172,14.148260116577148,42.83818054199219,15.932886123657227,31.89910888671875,,13.975458145141602,47.900760650634766,27.928621292114258
2014-05-20,18.720703125,,29.323505401611328,14.064122200012207,42.267539978027344,15.842267036437988,31.78362464904785,,13.975458145141602,47.59783935546875,27.675674438476562
2014-05-21,18.806791305541992,,29.64052963256836,14.154728889465332,42.68547058105469,15.950149536132812,31.964075088500977,,13.985566139221191,47.998992919921875,28.011486053466797
2014-05-22,18.84983253479004,,29.612274169921875,14.219453811645508,42.76584243774414,15.980358123779297,31.913558959960938,,14.100089073181152,48.28553771972656,28.15976333618164
2014-05-23,19.010276794433594,,29.552650451660156,14.264761924743652,43.03911209106445,16.114152908325195,31.964075088500977,,14.066404342651367,48.31010055541992,28.382171630859375
2014-05-27,19.010276794433594,,29.634244918823242,14.387730598449707,43.2641487121582,16.252239227294922,32.050697326660156,,14.177565574645996,48.57207489013672,28.53045654296875
2014-05-28,19.01810073852539,,29.684471130371094,14.361838340759277,43.29629135131836,16.209091186523438,32.007408142089844,,14.261772155761719,48.43289566040039,28.49992561340332
2014-05-29,19.20984649658203,,29.938718795776367,14.394207000732422,43.47312545776367,16.30402946472168,32.260047912597656,,14.302194595336914,48.81767272949219,28.61768341064453
2014-05-30,19.2059326171875,,29.9167537689209,14.426559448242188,43.44097137451172,16.3212890625,32.512699127197266,,14.396512031555176,48.94866943359375,28.643844604492188
2014-06-02,19.284194946289062,,29.879077911376953,14.465394973754883,43.62581253051758,16.295398712158203,32.43329620361328,,14.39314079284668,49.0141716003418,28.739795684814453
2014-06-03,19.241153717041016,,29.982664108276367,14.484818458557129,43.57761001586914,16.26950454711914,32.317787170410156,,14.44703483581543,49.10420608520508,28.68745231628418
2014-06-04,19.272459030151367,,29.966978073120117,14.523648262023926,43.56957244873047,16.29970359802246,32.43329620361328,,14.440298080444336,49.24339294433594,28.82700538635254
2014-06-05,19.362459182739258,,30.139617919921875,14.659567832946777,44.01161193847656,16.407602310180664,32.563232421875,,14.56155776977539,49.300689697265625,29.014541625976562
2014-06-06,19.456378936767578,,30.387582778930664,14.756647109985352,44.45365524291992,16.480960845947266,32.64985275268555,,14.511035919189453,49.2515754699707,29.18462562561035
2014-06-09,19.405502319335938,,30.43467140197754,14.821366310119629,44.6786994934082,16.532739639282227,32.59931182861328,,14.413344383239746,48.99778366088867,29.19333839416504
2014-06-10,19.432903289794922,,30.384441375732422,14.814897537231445,44.57421875,16.541383743286133,32.59931182861328,,14.379666328430176,49.16151428222656,29.136646270751953
2014-06-11,19.323331832885742,,30.500595092773438,14.717817306518555,44.24469757080078,16.502540588378906,32.512699127197266,,14.197771072387695,49.10420608520508,29.049427032470703
2014-06-12,19.158977508544922,,30.601024627685547,14.627206802368164,43.649940490722656,16.360132217407227,32.281707763671875,,14.241562843322754,48.85861587524414,28.678735733032227
2014-06-13,19.233327865600586,,30.8929443359375,14.63367748260498,43.80264663696289,16.455066680908203,32.274478912353516,,14.33250904083252,48.81767272949219,28.691816329956055
2014-06-16,19.190282821655273,,31.078136444091797,14.562484741210938,43.75442123413086,16.455066680908203,32.39720153808594,,14.430188179016113,48.91592788696289,28.75723648071289
2014-06-17,19.22941017150879,,31.056171417236328,14.711337089538574,43.87499237060547,16.493907928466797,32.39720153808594,,14.409979820251465,48.891353607177734,28.870616912841797
2014-06-18,19.436811447143555,,31.29158592224121,14.795486450195312,44.124141693115234,16.58021354675293,32.779788970947266,,14.736716270446777,49.28431701660156,29.088680267333984
2014-06-19,19.397676467895508,,31.514455795288086,14.776068687438965,44.23666000366211,16.550010681152344,32.96746826171875,,14.85798168182373,49.448062896728516,29.018898010253906
2014-06-20,19.516021728515625,,31.827909469604492,14.834548950195312,44.422367095947266,16.513591766357422,32.866451263427734,,14.767611503601074,49.86384963989258,28.910404205322266
2014-06-23,19.543537139892578,,31.941417694091797,14.867039680480957,44.16399002075195,16.561281204223633,32.684749603271484,,14.716656684875488,49.674869537353516,28.945402145385742
2014-06-24,19.3587589263916,,31.269746780395508,14.769562721252441,43.71992874145508,16.47457504272461,32.56845474243164,,14.760819435119629,49.70773696899414,28.87540054321289
2014-06-25,19.512083053588867,,31.506261825561523,14.782562255859375,43.760292053222656,16.53960609436035,32.517578125,,14.81517505645752,50.250083923339844,29.120399475097656
2014-06-26,19.508153915405273,,31.540931701660156,14.730583190917969,43.728004455566406,16.522262573242188,32.401283264160156,,14.859333992004395,50.315818786621094,29.142276763916016
2014-06-27,19.44918441772461,,31.540931701660156,14.78905963897705,43.832950592041016,16.621980667114258,32.459415435791016,,14.917091369628906,50.1843376159668,29.212278366088867
2014-06-30,19.516021728515625,,31.566152572631836,14.7760648727417,43.64726638793945,16.626314163208008,32.43037414550781,,15.03598690032959,49.98712921142578,29.199155807495117
2014-07-01,19.56319236755371,,31.585084915161133,14.867039680480957,43.91370391845703,16.795394897460938,32.5030517578125,,14.886514663696289,50.61988830566406,29.50977325439453
2014-07-02,19.586782455444336,,31.53777503967285,14.854043006896973,43.84102249145508,16.812732696533203,32.59025955200195,,14.597750663757324,51.0061149597168,29.553537368774414
2014-07-03,19.712589263916016,,31.65761947631836,14.970999717712402,44.2043571472168,16.88643455505371,32.77195739746094,,14.438080787658691,51.21153259277344,29.781024932861328
2014-07-07,19.547468185424805,,31.414793014526367,14.906021118164062,43.889469146728516,16.903785705566406,32.82283020019531,,14.506028175354004,50.825313568115234,29.59727668762207
2014-07-08,19.496356964111328,,31.364343643188477,14.7760648727417,43.59074783325195,16.752042770385742,32.75741958618164,,14.6045503616333,50.348697662353516,29.308523178100586
2014-07-09,19.56319236755371,,31.572467803955078,14.815048217773438,43.66341018676758,16.834415435791016,32.902774810791016,,14.563780784606934,50.56235885620117,29.66290855407715
2014-07-10,19.476707458496094,,31.269746780395508,14.717588424682617,43.40504837036133,16.786727905273438,32.85190963745117,,14.662302017211914,50.52949523925781,29.387283325195312
2014-07-11,19.512083053588867,,31.03006935119629,14.743582725524902,43.65534591674805,16.873428344726562,32.895511627197266,,14.550190925598145,50.63630676269531,29.48352813720703
2014-07-14,19.500289916992188,,31.298114776611328,14.834548950195312,43.90562438964844,16.99482536315918,33.01181411743164,,14.383728981018066,50.800662994384766,29.566659927368164
2014-07-15,19.460981369018555,,31.16252326965332,14.938512802124023,43.92985534667969,16.964473724365234,32.72108459472656,,14.458471298217773,50.365135192871094,29.46603012084961
2014-07-16,19.594646453857422,,31.635543823242188,14.912522315979004,44.115543365478516,17.120553970336914,32.72835159301758,,14.506028175354004,50.20078659057617,29.540407180786133
2014-07-17,19.512083053588867,,31.12467384338379,14.717588424682617,43.42926025390625,16.899446487426758,32.52482986450195,,14.373537063598633,49.65020751953125,29.26041030883789
2014-07-18,19.633962631225586,,31.216129302978516,14.886530876159668,43.7925910949707,17.103206634521484,32.85190963745117,,14.519617080688477,50.4637336730957,29.53166389465332
2014-07-21,19.578922271728516,,31.263431549072266,14.847543716430664,43.76837158203125,17.081527709960938,32.699283599853516,,14.506028175354004,50.25831985473633,29.396032333374023
2014-07-22,19.606447219848633,,31.487335205078125,14.893021583557129,43.92985534667969,17.224607467651367,32.6411247253418,,14.475449562072754,50.69383239746094,29.518531799316406
2014-07-23,19.689006805419922,,31.689146041870117,14.925515174865723,43.75221252441406,17.25494956970215,32.59751892089844,,14.489047050476074,51.10470962524414,29.496662139892578
2014-07-24,19.665416717529297,,31.7175350189209,14.958002090454102,43.54229736328125,17.241945266723633,32.684749603271484,,14.533202171325684,50.99787139892578,29.56228256225586
2014-07-25,19.70079803466797,,31.484167098999023,14.87353229522705,43.42926025390625,17.220258712768555,32.553916931152344,,14.417703628540039,50.80888366699219,29.234159469604492
2014-07-28,19.751907348632812,,31.40848731994629,14.880025863647461,43.211280822753906,17.250608444213867,32.38675308227539,,14.618133544921875,50.858184814453125,29.291025161743164
2014-07-29,19.610376358032227,,31.329654693603516,14.802058219909668,42.67033767700195,17.215930938720703,32.24138259887695,,14.482248306274414,50.8992805480957,29.207901000976562
2014-07-30,19.508153915405273,,31.14360237121582,14.867039680480957,42.710693359375,17.2332763671875,31.899782180786133,,14.237651824951172,51.10470962524414,29.369789123535156
2014-07-31,19.12679100036621,,30.471906661987305,14.561635971069336,41.8467903137207,16.908117294311523,31.354673385620117,,14.01343059539795,50.05287170410156,28.827280044555664
2014-08-01,19.142528533935547,,30.225942611694336,14.438178062438965,41.80641555786133,16.81707000732422,31.594528198242188,,14.067790985107422,50.09394836425781,28.722272872924805
2014-08-04,19.37055206298828,,30.7336483001709,14.555148124694824,41.951744079589844,16.93846321105957,31.6962833404541,,13.993051528930664,50.307621002197266,29.002275466918945
2014-08-05,19.170047760009766,,30.061962127685547,14.405689239501953,41.70146179199219,16.77805519104004,31.558181762695312,,13.823187828063965,49.82277297973633,28.8010196685791
2014-08-06,19.311582565307617,,30.15026092529297,14.464165687561035,41.491554260253906,16.726036071777344,31.827106475830078,,13.646539688110352,49.798133850097656,28.73977279663086
2014-08-07,19.142528533935547,,29.9610538482666,14.399192810058594,41.53191375732422,16.65665626525879,31.56545639038086,,13.802811622619629,49.15717315673828,28.591018676757812
2014-08-08,19.3430233001709,,30.462444305419922,14.542146682739258,42.121299743652344,16.765043258666992,31.885263442993164,,14.077977180480957,49.7405891418457,29.03290557861328
2014-08-11,19.32337188720703,,30.465614318847656,14.555148124694824,42.290855407714844,16.8474178314209,32.11056137084961,,14.027024269104004,49.715965270996094,29.164165496826172
2014-08-12,19.386280059814453,,30.24171257019043,14.587627410888672,42.1939582824707,16.838748931884766,32.08876419067383,,14.016830444335938,49.674869537353516,29.089780807495117
2014-08-13,19.492431640625,,30.339462280273438,14.652607917785645,42.60572052001953,17.00349235534668,32.18323516845703,,14.081379890441895,50.27475357055664,29.194778442382812
2014-08-14,19.492431640625,,30.166030883789062,14.743582725524902,42.79143524169922,17.033843994140625,32.31407165527344,,14.203675270080566,50.86639404296875,29.422286987304688
2014-08-15,19.551395416259766,,30.38992691040039,14.672099113464355,42.70262145996094,17.033843994140625,32.35768508911133,,14.258040428161621,50.915706634521484,29.36540985107422
2014-08-18,19.744049072265625,,30.471906661987305,14.834548950195312,43.348533630371094,17.194252014160156,32.5466423034668,,14.220664024353027,51.310157775878906,29.63665199279785
2014-08-19,19.803022384643555,,30.70526123046875,14.860538482666016,43.4534912109375,17.302640914916992,32.63388442993164,,14.400712013244629,51.64706802368164,29.859783172607422
2014-08-20,19.830537796020508,,30.77149200439453,14.89952564239502,43.91370391845703,17.302640914916992,32.612060546875,,14.431291580200195,51.63884353637695,29.999799728393555
2014-08-21,19.803022384643555,,30.796722412109375,15.074966430664062,43.87332534790039,17.385011672973633,32.67020797729492,,14.465262413024902,51.71281051635742,29.973541259765625
2014-08-22,19.724388122558594,,30.591739654541016,15.022989273071289,43.71992874145508,17.389345169067383,32.59025955200195,,14.421102523803711,51.762123107910156,30.03040885925293
2014-08-25,19.79908561706543,,30.862947463989258,15.152936935424805,43.889469146728516,17.406694412231445,32.77195739746094,,14.519617080688477,52.15655517578125,30.117904663085938
2014-08-26,19.818756103515625,,31.02062225341797,15.185425758361816,43.7441520690918,17.415359497070312,32.750152587890625,,14.346356391906738,52.345542907714844,30.122289657592773
2014-08-27,19.818756103515625,,30.957548141479492,15.152936935424805,43.71992874145508,17.41102409362793,32.76469039916992,,14.502630233764648,52.304481506347656,30.152917861938477
2014-08-28,19.834468841552734,,30.9638614654541,15.107455253601074,43.65534591674805,17.385011672973633,32.77922058105469,,14.607942581176758,52.288028717041016,30.113542556762695
2014-08-29,19.865921020507812,,31.137290954589844,15.178935050964355,43.61496353149414,17.463050842285156,32.80103302001953,,14.7030611038208,52.47703552246094,30.109161376953125
2014-09-02,19.79908561706543,,30.74311637878418,15.237415313720703,43.760292053222656,17.467382431030273,32.81555938720703,,14.57058048248291,52.4523811340332,30.16604232788086
2014-09-03,19.830537796020508,,30.825098037719727,15.211417198181152,43.70378494262695,17.372013092041016,32.837379455566406,,14.64191722869873,52.690696716308594,30.0872802734375
2014-09-04,19.830537796020508,,30.40884017944336,15.22441291809082,43.71992874145508,17.363332748413086,32.93912124633789,,14.635123252868652,52.427734375,30.201047897338867
2014-09-05,19.917036056518555,,30.613813400268555,15.243910789489746,43.86524963378906,17.467382431030273,33.12809371948242,,14.818572044372559,52.73178482055664,30.301664352416992
2014-09-08,19.838403701782227,,30.137643814086914,15.25040340423584,43.824893951416016,17.493389129638672,32.8809700012207,,14.730244636535645,52.739990234375,30.174789428710938
2014-09-09,19.677207946777344,,30.005203247070312,15.094459533691406,43.68764114379883,17.367671966552734,32.80103302001953,,14.560381889343262,52.60029602050781,29.872920989990234
2014-09-10,19.677207946777344,,29.932666778564453,15.172433853149414,43.71992874145508,17.471715927124023,32.9609375,,14.495842933654785,52.97008514404297,29.9779109954834
2014-09-11,19.649688720703125,,29.95159912109375,15.211417198181152,43.73606872558594,17.510738372802734,32.9754638671875,,14.618133544921875,52.822181701660156,29.991043090820312
2014-09-12,19.55926513671875,,29.503803253173828,15.198418617248535,43.59074783325195,17.437034606933594,32.742881774902344,,14.356555938720703,52.435943603515625,29.903533935546875
2014-09-15,19.586782455444336,,29.71192169189453,15.191927909851074,43.574607849121094,17.332984924316406,32.902774810791016,,14.400712013244629,52.29624938964844,29.781024932861328
2014-09-16,19.677207946777344,,30.071422576904297,15.256902694702148,43.81682205200195,17.463050842285156,33.149898529052734,,14.584162712097168,53.01116943359375,29.934160232543945
2014-09-17,19.795156478881836,,29.90744400024414,15.321881294250488,43.986358642578125,17.497732162475586,33.07722473144531,,14.556984901428223,53.0522575378418,29.921043395996094
2014-09-18,19.928823471069336,,29.75292205810547,15.471333503723145,44.1962890625,17.601781845092773,33.14262771606445,,14.45167350769043,53.44670104980469,30.052289962768555
2014-09-19,19.922508239746094,,29.728515625,15.430872917175293,44.153289794921875,17.5643367767334,33.22820281982422,,14.581930160522461,53.5052375793457,30.065019607543945
2014-09-22,19.914608001708984,,29.29110336303711,15.326486587524414,43.6584587097168,17.446779251098633,33.16970443725586,,14.472240447998047,53.216609954833984,29.64360809326172
2014-09-23,19.811912536621094,,29.205514907836914,15.222091674804688,43.301536560058594,17.407588958740234,32.87712860107422,,14.431103706359863,52.903228759765625,29.389005661010742
2014-09-24,20.017301559448242,,29.230884552001953,15.306909561157227,43.52867889404297,17.52080535888672,33.30134582519531,,14.37968635559082,53.82688522338867,29.722623825073242
2014-09-25,19.713167190551758,,28.783950805664062,15.052447319030762,42.8472785949707,17.137636184692383,32.862510681152344,,14.293994903564453,52.94446563720703,29.28804588317871
2014-09-26,19.906707763671875,,29.154804229736328,15.19599723815918,43.24475860595703,17.324865341186523,32.98683166503906,,14.314558982849121,53.10940933227539,29.590930938720703
2014-09-29,19.82375717163086,,29.088239669799805,15.143793106079102,43.179840087890625,17.320505142211914,32.97952651977539,,14.407112121582031,52.993961334228516,29.437284469604492
2014-09-30,19.58677864074707,,28.723735809326172,15.117697715759277,43.11497116088867,17.372756958007812,32.99415588378906,,14.42768383026123,52.705318450927734,29.274873733520508
2014-10-01,19.124662399291992,,28.137332916259766,14.935006141662598,42.303775787353516,17.10279655456543,32.78935623168945,,14.509944915771484,52.15278244018555,28.884191513061523
2014-10-02,19.07726287841797,,27.991525650024414,14.974151611328125,42.25510787963867,17.094093322753906,32.847869873046875,,14.489378929138184,52.04555892944336,29.01587677001953
2014-10-03,19.13255500793457,,27.947145462036133,15.189467430114746,42.8310546875,17.233421325683594,33.23551940917969,,14.581930160522461,53.117652893066406,29.389005661010742
2014-10-06,19.128612518310547,,27.978845596313477,15.143793106079102,42.701255798339844,17.23777961730957,33.25015640258789,,14.581930160522461,52.8702507019043,29.230974197387695
2014-10-07,18.792877197265625,,27.61433219909668,14.889331817626953,41.66292190551758,16.96782875061035,33.052669525146484,,14.561365127563477,52.02907943725586,28.796401977539062
2014-10-08,19.037763595581055,,27.883752822875977,15.169891357421875,42.40922164916992,17.2900333404541,33.535396575927734,,14.890433311462402,53.3568115234375,29.2485408782959
2014-10-09,18.571699142456055,,26.859949111938477,14.850184440612793,41.42768859863281,17.002662658691406,33.198974609375,,14.64706039428711,52.25173568725586,28.585693359375
2014-10-10,18.28731346130371,,26.482763290405273,14.732734680175781,40.81927490234375,16.56724739074707,33.359859466552734,,14.71561336517334,51.93011474609375,28.335477828979492
2014-10-13,17.817291259765625,,25.66497802734375,14.602241516113281,40.18656539916992,16.384384155273438,32.89906311035156,,14.701908111572266,50.70134735107422,27.760433197021484
2014-10-14,17.872591018676758,,25.341663360595703,14.660968780517578,40.74627685546875,16.41050910949707,32.88444137573242,,14.83558177947998,50.32199478149414,27.962350845336914
2014-10-15,17.995031356811523,,25.53502082824707,14.38040828704834,40.6489372253418,16.297304153442383,32.489463806152344,,14.640204429626465,49.90964889526367,27.729703903198242
2014-10-16,18.172773361206055,,25.991453170776367,14.38040828704834,40.949066162109375,16.201509475708008,32.248111724853516,,14.653918266296387,49.654014587402344,27.760433197021484
2014-10-17,18.413707733154297,,26.213327407836914,14.563092231750488,41.76026153564453,16.393089294433594,32.643070220947266,,14.739607810974121,50.44569396972656,28.067707061767578
2014-10-20,18.694135665893555,,26.441553115844727,14.647915840148926,41.8819465637207,16.510644912719727,33.111175537109375,,14.94527530670166,51.05595397949219,28.458389282226562
2014-10-21,19.09701156616211,,27.246641159057617,14.921956062316895,42.8148307800293,16.832857131958008,33.25015640258789,,14.996696472167969,52.40842819213867,29.01149559020996
2014-10-22,18.942970275878906,,26.729990005493164,14.784939765930176,42.25510787963867,16.75447654724121,33.32328796386719,,15.089251518249512,52.14453125,28.76127815246582
2014-10-23,18.927165985107422,,27.22763442993164,14.928476333618164,43.18798065185547,16.941701889038086,33.30134582519531,,15.116673469543457,53.035179138183594,29.15196990966797
2014-10-24,19.06936264038086,,27.132537841796875,15.072028160095215,43.569236755371094,17.089744567871094,33.57928466796875,,15.264063835144043,53.77739715576172,29.12562370300293
2014-10-27,18.67044448852539,,26.561994552612305,15.091599464416504,43.553016662597656,17.107158660888672,33.65974426269531,,15.229787826538086,53.83513641357422,29.182689666748047
2014-10-28,18.8560791015625,,27.16740608215332,15.254717826843262,44.32363510131836,17.3422794342041,33.791404724121094,,15.33604907989502,54.230979919433594,29.498748779296875
2014-10-29,18.623043060302734,,27.25615882873535,15.293866157531738,44.169525146484375,17.324865341186523,33.73289108276367,,15.246918678283691,54.255706787109375,29.41095542907715
2014-10-30,18.765235900878906,,27.157894134521484,15.378684997558594,44.347984313964844,17.381465911865234,33.94499588012695,,15.582852363586426,55.25358200073242,29.604101181030273
2014-10-31,19.116758346557617,,27.709428787231445,15.554850578308105,44.786014556884766,17.651418685913086,34.16441345214844,,15.586280822753906,55.47622299194336,29.893823623657227
2014-11-03,18.982465744018555,,27.272001266479492,15.613574028015137,44.729248046875,17.725444793701172,34.296058654785156,,15.689120292663574,55.54222106933594,29.893823623657227
2014-11-04,18.78498649597168,,26.71096420288086,15.620100021362305,44.70491027832031,17.72108268737793,34.47892761230469,,15.606843948364258,55.55045700073242,29.533863067626953
2014-11-05,18.9666748046875,,27.180082321166992,15.724492073059082,44.980709075927734,17.768980026245117,34.72029495239258,,15.959914207458496,55.49273681640625,29.652387619018555
2014-11-06,19.120718002319336,,27.522409439086914,15.75058364868164,45.45120620727539,17.760263442993164,34.79343795776367,,15.689120292663574,55.830848693847656,29.902603149414062
2014-11-07,19.2115535736084,,27.82670021057129,15.75711441040039,45.516090393066406,17.782045364379883,34.91777038574219,,15.853649139404297,55.278324127197266,29.85432243347168
2014-11-10,19.26289939880371,,27.576305389404297,15.841937065124512,45.74323654174805,17.829933166503906,35.07137680053711,,15.932487487792969,55.8390998840332,29.836746215820312
2014-11-11,19.357688903808594,,27.658706665039062,15.789742469787598,45.686439514160156,17.83864402770996,35.00554656982422,,15.87421989440918,56.0452766418457,29.964059829711914
2014-11-12,19.405094146728516,,27.414640426635742,15.75711441040039,45.751346588134766,17.895248413085938,35.00554656982422,,15.596565246582031,55.96279525756836,30.104522705078125
2014-11-13,19.409046173095703,,27.050119400024414,15.75058364868164,45.621551513671875,17.991029739379883,35.129878997802734,,15.469736099243164,55.921566009521484,30.293291091918945
2014-11-14,19.46828842163086,,27.325889587402344,15.698391914367676,45.6783447265625,18.117305755615234,34.932403564453125,,15.404603958129883,55.459739685058594,30.411802291870117
2014-11-17,19.464340209960938,,27.183256149291992,15.698391914367676,45.613433837890625,18.082468032836914,35.16646194458008,,15.606843948364258,55.73189926147461,30.376691818237305
2014-11-18,19.697372436523438,,27.205446243286133,15.75058364868164,45.95413589477539,18.143423080444336,35.29811096191406,,15.651412010192871,56.63078689575195,30.43375587463379
2014-11-19,19.66972541809082,,27.348081588745117,15.717971801757812,45.81623077392578,18.02586555480957,35.44439697265625,,15.63769817352295,56.317405700683594,30.56106185913086
2014-11-20,19.772424697875977,,27.690404891967773,15.717971801757812,45.93791961669922,18.117305755615234,35.29079818725586,,15.603422164916992,56.0782470703125,30.692745208740234
2014-11-21,20.013351440429688,,28.0517578125,15.796269416809082,46.384071350097656,18.143423080444336,35.43709182739258,,15.665121078491211,56.3421516418457,30.767358779907227
2014-11-24,19.922508239746094,,27.83620262145996,15.900656700134277,46.505760192871094,18.239219665527344,35.41512680053711,,15.534868240356445,56.63078689575195,31.052698135375977
2014-11-25,19.851411819458008,,27.382938385009766,15.887603759765625,46.643646240234375,18.247926712036133,35.44439697265625,,15.534868240356445,56.705013275146484,31.14927864074707
2014-11-26,19.86720848083496,,27.037445068359375,15.907182693481445,46.55442810058594,18.41338348388672,35.60531234741211,,15.603422164916992,57.05137252807617,31.144874572753906
2014-11-28,19.416942596435547,,25.300460815429688,15.920228958129883,46.16505432128906,18.500457763671875,36.05878829956055,,15.767950057983398,57.405982971191406,31.522396087646484
2014-12-01,19.215499877929688,,25.38921356201172,15.809314727783203,45.57288360595703,18.291465759277344,35.82474136352539,,15.798807144165039,57.26579666137695,31.175609588623047
2014-12-02,19.330047607421875,,25.66497802734375,15.959373474121094,45.962242126464844,18.295822143554688,35.94907760620117,,15.905065536499023,57.900794982910156,31.29412841796875
2014-12-03,19.614425659179688,,25.978776931762695,16.031147003173828,46.578758239746094,18.361135482788086,35.693092346191406,,15.860504150390625,57.99150848388672,31.34681510925293
2014-12-04,19.673677444458008,,25.75372886657715,16.050718307495117,46.34352111816406,18.361135482788086,35.66381072998047,,15.846796035766602,57.91728591918945,31.32925033569336
2014-12-05,19.657878875732422,,25.44626808166504,16.194263458251953,46.44896697998047,18.339359283447266,35.729644775390625,,15.723392486572266,58.379119873046875,31.399490356445312
2014-12-08,19.34583854675293,,24.41611671447754,16.272563934326172,45.93791961669922,18.15213394165039,35.65650939941406,,15.850224494934082,58.58530044555664,31.144874572753906
2014-12-09,19.397188186645508,,24.682373046875,16.23341941833496,45.94602584838867,18.147785186767578,35.539485931396484,,15.929064750671387,58.33788299560547,31.08782386779785
2014-12-10,18.998262405395508,,23.92164421081543,16.024625778198242,45.0699462890625,17.873470306396484,35.20302200317383,,15.730245590209961,57.43898010253906,30.675186157226562
2014-12-11,19.014068603515625,,23.905799865722656,16.063772201538086,45.28895950317383,17.95184898376465,35.49559783935547,,15.887932777404785,57.603912353515625,30.925395965576172
2014-12-12,18.48479461669922,,23.462034225463867,15.75058364868164,44.46965789794922,17.686256408691406,35.0421142578125,,15.737099647521973,56.72150421142578,30.727861404418945
2014-12-15,18.38606071472168,,23.25284194946289,15.607044219970703,44.32363510131836,17.577394485473633,34.808067321777344,,15.603422164916992,56.20198059082031,30.543498992919922
2014-12-16,18.24386978149414,,23.458873748779297,15.456979751586914,44.36420822143555,17.3422794342041,34.676414489746094,,15.58970832824707,55.55045700073242,30.07379722595215
2014-12-17,18.741533279418945,,24.431964874267578,15.809314727783203,44.77790451049805,17.668840408325195,35.18109130859375,,15.867365837097168,56.58955764770508,30.648841857910156
2014-12-18,19.168107986450195,,24.901073455810547,16.174699783325195,45.90546798706055,18.173912048339844,35.853981018066406,,16.179296493530273,58.13993835449219,31.153663635253906
2014-12-19,19.40420150756836,,25.69683837890625,16.185184478759766,46.16324234008789,18.194046020507812,35.81715393066406,,16.205923080444336,58.28068542480469,31.23874282836914
2014-12-22,19.41611671447754,,25.4353084564209,16.296676635742188,46.603755950927734,18.412872314453125,36.16339874267578,,16.24742317199707,57.72609329223633,31.542877197265625
2014-12-23,19.56715965270996,,25.74466896057129,16.38848876953125,46.775047302246094,18.461023330688477,36.41386413574219,,16.288923263549805,56.40172576904297,31.719192504882812
2014-12-24,19.499595642089844,,25.556509017944336,16.362255096435547,46.824005126953125,18.443513870239258,36.37702941894531,,16.589797973632812,56.81559371948242,31.666297912597656
2014-12-26,19.56715965270996,,25.550111770629883,16.362255096435547,46.824005126953125,18.522293090820312,36.435951232910156,,16.790390014648438,57.221160888671875,31.838207244873047
2014-12-29,19.56715965270996,,25.64261817932129,16.42127799987793,46.89741134643555,18.430387496948242,36.3254508972168,,16.984060287475586,57.4198112487793,32.08064270019531
2014-12-30,19.499595642089844,,25.438486099243164,16.401599884033203,46.62006759643555,18.29908561706543,36.16339874267578,,16.631296157836914,57.17152786254883,31.93077850341797
2014-12-31,19.30881118774414,,25.247135162353516,16.21797752380371,46.155094146728516,18.097749710083008,35.72138977050781,,16.33042335510254,56.6003532409668,31.802946090698242
2015-01-02,19.336627960205078,,25.365135192871094,16.21797752380371,46.097999572753906,18.0627384185791,35.61825180053711,,16.406505584716797,56.80730056762695,31.5737361907959
2015-01-05,18.843774795532227,,24.315828323364258,15.876967430114746,45.021202087402344,17.787006378173828,35.36779022216797,,16.205923080444336,56.51759719848633,30.969852447509766
2015-01-06,18.67683219909668,,23.958616256713867,15.634315490722656,44.46648406982422,17.572546005249023,35.32358932495117,,16.216293334960938,56.32722854614258,30.661317825317383
2015-01-07,18.887495040893555,,24.009641647338867,15.798270225524902,44.80094528198242,17.721349716186523,35.92765426635742,,16.37537956237793,57.65160369873047,31.146167755126953
2015-01-08,19.336627960205078,,24.548660278320312,16.03435516357422,45.6982536315918,18.110881805419922,36.4727897644043,,16.489505767822266,58.63658905029297,31.613405227661133
2015-01-09,19.237262725830078,,24.354101181030273,15.817933082580566,45.20881652832031,18.053985595703125,36.178131103515625,,16.38575553894043,58.11509704589844,31.247556686401367
2015-01-12,19.19354248046875,,23.652437210083008,15.686776161193848,44.898841857910156,17.843900680541992,36.067626953125,,16.347719192504883,58.13993835449219,31.08004379272461
2015-01-13,18.978910446166992,,23.464265823364258,15.634315490722656,44.809104919433594,17.83077621459961,36.06025695800781,,16.39267349243164,57.88335418701172,31.08004379272461
2015-01-14,18.756330490112305,,23.537614822387695,15.411340713500977,44.564388275146484,17.73011016845703,35.949771881103516,,16.534460067749023,57.792320251464844,30.70537567138672
2015-01-15,18.720563888549805,,23.237821578979492,15.221158027648926,44.352298736572266,17.50251579284668,36.00868225097656,,16.66588592529297,57.17152786254883,30.308670043945312
2015-01-16,19.018661499023438,,23.993703842163086,15.40478515625,44.64595413208008,17.673215866088867,36.29599380493164,,16.814594268798828,58.24759292602539,30.70979118347168
2015-01-20,19.050458908081055,,24.022403717041016,15.339207649230957,44.96409225463867,17.8220157623291,36.443328857421875,,16.85609245300293,58.24759292602539,30.533470153808594
2015-01-21,19.237262725830078,,24.5103816986084,15.378552436828613,45.331180572509766,17.852649688720703,36.62013626098633,,17.018638610839844,58.36345672607422,30.731821060180664
2015-01-22,19.479713439941406,,24.62519645690918,15.758915901184082,46.05720138549805,18.145898818969727,36.98847198486328,,16.946014404296875,59.05874252319336,31.309253692626953
2015-01-23,19.177640914916992,,24.449783325195312,15.588407516479492,45.673797607421875,18.141521453857422,36.575927734375,,16.994428634643555,58.71937942504883,31.265180587768555
2015-01-26,19.261112213134766,,24.80061912536621,15.66710376739502,45.730892181396484,18.06711769104004,36.575927734375,,16.984060287475586,59.025604248046875,31.428279876708984
2015-01-27,19.12995147705078,,24.784666061401367,15.496589660644531,45.12724685668945,17.546279907226562,36.15602493286133,,17.008258819580078,58.60348129272461,31.177017211914062
2015-01-28,18.78415870666504,,23.8087215423584,15.214599609375,44.73569107055664,17.515644073486328,35.736114501953125,,16.86301040649414,57.759193420410156,30.771499633789062
2015-01-29,19.03058624267578,,23.888452529907227,15.339207649230957,45.249603271484375,17.68196678161621,36.0234260559082,,17.08780860900879,58.24759292602539,31.190250396728516
2015-01-30,18.955059051513672,,24.095754623413086,15.089996337890625,44.515419006347656,17.463125228881836,35.375152587890625,,16.710844039916992,57.337039947509766,30.850839614868164
2015-02-02,19.1259708404541,,24.832504272460938,15.332649230957031,45.17618942260742,17.642580032348633,35.79505920410156,,16.783472061157227,57.65987777709961,31.1285400390625
2015-02-03,19.54728889465332,,25.5118465423584,15.588407516479492,45.910362243652344,17.843900680541992,36.11181640625,,16.845718383789062,58.04890823364258,31.789724349975586
2015-02-04,19.42010498046875,,25.090839385986328,15.549057960510254,45.55958557128906,17.878917694091797,36.126564025878906,,16.64167594909668,57.32050323486328,32.001304626464844
2015-02-05,19.88910675048828,,25.451248168945312,15.706451416015625,45.95114517211914,18.04523277282715,36.31072235107422,,16.79384422302246,58.288944244384766,32.199668884277344
2015-02-06,19.841407775878906,,25.457626342773438,15.831048965454102,45.84510803222656,17.98833465576172,36.14865493774414,,16.102169036865234,57.759193420410156,32.15116882324219
2015-02-09,19.81755828857422,,25.483139038085938,15.752361297607422,45.722747802734375,17.962081909179688,35.876094818115234,,15.960379600524902,57.0804557800293,32.02775192260742
2015-02-10,19.96462631225586,,25.470382690429688,15.876967430114746,45.975624084472656,18.229055404663086,36.29599380493164,,16.288923263549805,58.04064178466797,32.42006301879883
2015-02-11,19.93282699584961,,25.29178237915039,15.876967430114746,45.99195098876953,18.29908561706543,36.46543502807617,,15.936172485351562,58.09857177734375,32.42886734008789
2015-02-12,20.274646759033203,,25.623477935791016,16.03435516357422,46.42428207397461,18.548551559448242,36.63486099243164,,15.863542556762695,58.305484771728516,32.81235885620117
2015-02-13,20.44554901123047,,26.165674209594727,16.021244049072266,46.6363639831543,18.66672134399414,36.46543502807617,,15.621455192565918,58.53727722167969,33.010711669921875
2015-02-17,20.469404220581055,,26.245403289794922,16.073707580566406,46.7016487121582,18.67547607421875,36.4727897644043,,15.607626914978027,58.959415435791016,32.93577575683594
2015-02-18,20.525056838989258,,25.93283462524414,15.975332260131836,46.96268081665039,18.69298553466797,36.671688079833984,,15.977672576904297,59.025604248046875,32.91815185546875
2015-02-19,20.580698013305664,,25.811634063720703,15.909756660461426,47.04426193237305,18.75863265991211,36.435951232910156,,15.797834396362305,59.12495803833008,33.01952362060547
2015-02-20,20.64031410217285,,25.687255859375,16.027790069580078,47.44397735595703,18.85492515563965,36.53909683227539,,15.801295280456543,59.745750427246094,33.25315856933594
2015-02-23,20.6164608001709,,25.58200454711914,15.988447189331055,47.240047454833984,18.868053436279297,36.64223098754883,,15.908495903015137,60.0189208984375,33.22229766845703
2015-02-24,20.70391082763672,,25.652185440063477,16.0671443939209,47.42766189575195,18.924951553344727,36.767459869384766,,16.026081085205078,59.94441604614258,33.38097381591797
2015-02-25,20.644290924072266,,25.792505264282227,16.0671443939209,47.329776763916016,18.806777954101562,36.64223098754883,,15.763252258300781,59.919586181640625,33.63661575317383
2015-02-26,20.51312828063965,,25.314102172851562,16.027790069580078,47.11767578125,18.924951553344727,36.69379806518555,,15.659501075744629,60.08512496948242,33.530853271484375
2015-02-27,20.465438842773438,,25.20247459411621,15.968769073486328,46.89741134643555,18.859298706054688,36.841148376464844,,15.642208099365234,59.79543685913086,33.486759185791016
2015-03-02,20.600568771362305,,25.027057647705078,16.086822509765625,47.329776763916016,19.008102416992188,36.90742492675781,,15.341328620910645,60.33345031738281,33.88788604736328
2015-03-03,20.489276885986328,,25.119548797607422,16.040904998779297,47.02794647216797,18.88117790222168,36.767459869384766,,15.434701919555664,59.78715896606445,33.79530715942383
2015-03-04,20.417734146118164,,25.084474563598633,15.942540168762207,46.660850524902344,18.806777954101562,36.5096321105957,,15.348251342773438,60.076866149902344,33.618995666503906
2015-03-05,20.330291748046875,,24.9345645904541,16.00812339782715,46.6934928894043,18.784894943237305,36.63486099243164,,15.469285011291504,60.29206848144531,33.64104080200195
2015-03-06,20.05604362487793,,24.488054275512695,15.890079498291016,46.05720138549805,18.552928924560547,35.920284271240234,,15.00586986541748,59.10841369628906,33.23991775512695
2015-03-09,20.0838623046875,,24.312639236450195,15.9622163772583,46.48955535888672,18.640464782714844,36.11919403076172,,15.033533096313477,59.47260284423828,33.42946243286133
2015-03-10,19.777812957763672,,23.97456932067871,15.621198654174805,45.63301086425781,18.25969123840332,35.603519439697266,,15.00586986541748,58.8104362487793,32.909324645996094
2015-03-11,19.753971099853516,,24.044734954833984,15.71957015991211,45.58406448364258,18.141521453857422,35.3309440612793,,14.90903377532959,58.777313232421875,32.7286262512207
2015-03-12,20.000394821166992,,23.89164161682129,16.060588836669922,46.17139434814453,18.25969123840332,35.846622467041016,,15.192623138427734,59.555381774902344,33.394203186035156
2015-03-13,19.809616088867188,,23.802337646484375,15.949101448059082,45.74721908569336,18.15903091430664,35.56669616699219,,15.036993980407715,59.439483642578125,33.12973403930664
2015-03-16,19.777812957763672,,24.124465942382812,16.145837783813477,46.505855560302734,18.373491287231445,36.00132751464844,,15.296368598937988,60.755577087402344,33.51762008666992
2015-03-17,19.559213638305664,,24.03197479248047,16.106491088867188,46.318241119384766,18.377859115600586,35.743492126464844,,15.272160530090332,60.5817756652832,33.33250045776367
2015-03-18,19.857311248779297,,24.730451583862305,16.198305130004883,46.86479949951172,18.62733268737793,35.98657989501953,,15.683707237243652,61.368125915527344,33.6278190612793
2015-03-19,19.515485763549805,,24.338150024414062,16.047466278076172,46.546634674072266,18.574810028076172,35.82453155517578,,15.538454055786133,61.72402572631836,33.5793342590332
2015-03-20,19.64116668701172,,24.69619369506836,16.26535415649414,46.809715270996094,18.694786071777344,36.273681640625,,15.678227424621582,62.17059326171875,33.95304489135742
2015-03-23,19.64116668701172,,24.6094970703125,16.173194885253906,46.416351318359375,18.694786071777344,36.33295822143555,,15.688687324523926,61.99631118774414,33.89556121826172
2015-03-24,19.57733154296875,,24.445730209350586,16.041553497314453,46.2606315612793,18.63326644897461,36.12544250488281,,15.51440143585205,61.45676803588867,33.7186393737793
2015-03-25,19.357898712158203,,24.76361656188965,15.784832954406738,45.473915100097656,18.15424919128418,36.03649139404297,,15.333154678344727,60.336185455322266,33.170223236083984
2015-03-26,19.40178680419922,,24.73471450805664,15.771663665771484,45.35100555419922,18.167436599731445,35.880855560302734,,15.20418643951416,60.19508361816406,32.96235656738281
2015-03-27,19.3938045501709,,24.532424926757812,15.751920700073242,45.52309036254883,18.180620193481445,36.103206634521484,,15.294817924499512,60.626708984375,33.13042068481445
2015-03-30,19.657119750976562,,25.05903434753418,15.982305526733398,46.16231155395508,18.400344848632812,36.46638870239258,,15.483033180236816,61.2409782409668,33.47097396850586
2015-03-31,19.461626052856445,,24.911327362060547,15.870402336120605,45.7033805847168,18.21137809753418,36.12544250488281,,15.48652172088623,60.178489685058594,33.32500457763672
2015-04-01,19.517484664916992,,24.9049015045166,15.857239723205566,45.40018844604492,18.185009002685547,36.169918060302734,,15.50046157836914,59.572532653808594,33.1790771484375
2015-04-02,19.537433624267578,,24.956279754638672,15.936224937438965,45.42475128173828,18.180620193481445,36.41449737548828,,15.52834415435791,59.75516891479492,33.475399017333984
2015-04-06,19.693031311035156,,25.405824661254883,15.96255111694336,45.76893615722656,18.356399536132812,36.703575134277344,,15.7444486618042,59.846473693847656,33.63460922241211
2015-04-07,19.661113739013672,,25.421876907348633,15.876986503601074,45.662410736083984,18.316844940185547,36.533084869384766,,15.563203811645508,59.98758316040039,33.448856353759766
2015-04-08,19.71697235107422,,25.21637725830078,15.936224937438965,45.81809997558594,18.37398338317871,36.59239196777344,,15.517895698547363,60.493927001953125,33.762874603271484
2015-04-09,19.772825241088867,,25.620975494384766,15.96255111694336,46.03937911987305,18.422325134277344,36.69615936279297,,15.451662063598633,60.95042419433594,33.79383087158203
2015-04-10,19.82868003845215,,25.733356475830078,15.955972671508789,46.6867790222168,18.492633819580078,36.762855529785156,,15.566690444946289,61.473358154296875,33.90882110595703
2015-04-13,19.7488956451416,,25.476465225219727,16.015213012695312,46.244258880615234,18.439897537231445,36.59239196777344,,15.413326263427734,61.141361236572266,33.723060607910156
2015-04-14,19.832670211791992,,25.93565559387207,16.015213012695312,46.30161666870117,18.382770538330078,36.673912048339844,,15.490006446838379,61.2409782409668,33.70537567138672
2015-04-15,20.024166107177734,,26.555391311645508,16.074460983276367,46.38356399536133,18.54537010192871,36.570159912109375,,15.52834415435791,61.39867401123047,33.70537567138672
2015-04-16,19.98029327392578,,26.494373321533203,16.10078239440918,46.28521728515625,18.479446411132812,36.703575134277344,,15.427267074584961,61.365455627441406,33.77171325683594
2015-04-17,19.79676055908203,,26.301713943481445,15.883563995361328,45.72796630859375,18.22455596923828,36.36262130737305,,15.37149429321289,60.83423614501953,33.271934509277344
2015-04-20,19.94038963317871,,26.401248931884766,15.949390411376953,46.2606315612793,18.53658676147461,36.48862838745117,,15.601544380187988,61.20774841308594,33.639034271240234
2015-04-21,19.792770385742188,,26.12189483642578,15.870402336120605,46.20329284667969,18.52779197692871,36.555335998535156,,15.462118148803711,61.61447525024414,33.67441177368164
2015-04-22,19.832670211791992,,26.2952823638916,15.982305526733398,46.39995574951172,18.71676254272461,36.57756423950195,,15.49349594116211,61.71406173706055,33.70537567138672
2015-04-23,19.884536743164062,,26.475112915039062,16.008636474609375,46.35078430175781,18.791467666625977,36.451568603515625,,15.580632209777832,61.94648742675781,33.87343978881836
2015-04-24,20.052099227905273,,26.324190139770508,15.982305526733398,46.15409851074219,18.954071044921875,36.45897674560547,,15.73748779296875,61.747283935546875,34.3333854675293
2015-04-27,20.227643966674805,,26.2952823638916,15.923059463500977,46.13771057128906,19.006811141967773,36.258853912353516,,15.549259185791016,60.626708984375,34.03264617919922
2015-04-28,20.255573272705078,,26.426944732666016,16.015213012695312,46.21967697143555,19.068336486816406,36.295921325683594,,15.660798072814941,60.925537109375,33.91324234008789
2015-04-29,20.243614196777344,,26.632448196411133,16.008636474609375,45.99020767211914,18.976043701171875,35.96979522705078,,15.594573974609375,60.36941146850586,33.683258056640625
2015-04-30,20.115934371948242,,26.54895782470703,15.883563995361328,45.58865737915039,18.71236801147461,35.85120391845703,,15.413326263427734,59.52274703979492,33.30732727050781
2015-05-01,20.447078704833984,,26.609970092773438,16.021799087524414,46.16231155395508,18.940881729125977,36.17732620239258,,15.50046157836914,60.32789611816406,33.76729202270508
2015-05-04,20.391218185424805,,26.54254150390625,16.179779052734375,46.23606872558594,18.958465576171875,36.22920608520508,,15.615487098693848,60.7097282409668,33.83805465698242
2015-05-05,20.159820556640625,,26.215007781982422,16.03496551513672,45.61324691772461,18.664031982421875,35.94014358520508,,15.266934394836426,59.94607925415039,33.48423767089844
2015-05-06,20.163814544677734,,26.112258911132812,15.955972671508789,45.58865737915039,18.505821228027344,36.05131912231445,,15.18327808380127,59.713680267333984,33.34713363647461
2015-05-07,20.251585006713867,,25.829687118530273,16.06787109375,45.826297760009766,18.642047882080078,36.1402587890625,,15.239041328430176,59.9958610534668,33.519615173339844
2015-05-08,20.57474708557129,,26.253538131713867,16.298263549804688,46.36717224121094,18.910120010375977,36.44414520263672,,15.347094535827637,60.967044830322266,33.87785720825195
2015-05-11,20.478994369506836,,25.75904083251953,16.239023208618164,46.326210021972656,18.813438415527344,36.295921325683594,,15.242531776428223,61.0002326965332,33.72748947143555
2015-05-12,20.263551712036133,,25.877853393554688,16.179779052734375,46.277042388916016,18.71236801147461,36.21438217163086,,15.225099563598633,60.6101188659668,33.66556930541992
2015-05-13,20.239612579345703,,25.8104248046875,16.18636131286621,46.37538146972656,18.791467666625977,36.19955062866211,,15.07522201538086,60.676536560058594,33.45328140258789
2015-05-14,20.45107078552246,,25.80078887939453,16.331174850463867,46.842498779296875,19.094697952270508,36.75544357299805,,15.249504089355469,61.51485061645508,33.60364532470703
2015-05-15,20.550813674926758,,25.90354347229004,16.25876808166504,46.80152130126953,19.033170700073242,36.87403869628906,,15.448180198669434,61.639381408691406,33.87343978881836
2015-05-18,20.45905303955078,,25.926015853881836,16.350923538208008,46.89166259765625,19.12546157836914,36.75544357299805,,15.507433891296387,62.00458908081055,34.00170135498047
2015-05-19,20.359302520751953,,25.55674171447754,16.443078994750977,46.760528564453125,19.077117919921875,36.65909194946289,,15.542287826538086,62.295127868652344,33.99285888671875
2015-05-20,20.34733772277832,,25.60491371154785,16.397003173828125,46.588436126708984,19.090303421020508,36.57756423950195,,15.566690444946289,62.37809371948242,33.95304489135742
2015-05-21,20.419147491455078,,25.845746994018555,16.35750389099121,46.842498779296875,19.17380142211914,36.65909194946289,,15.559722900390625,62.38641357421875,34.085716247558594
2015-05-22,20.395212173461914,,25.752620697021484,16.364091873168945,46.62941360473633,19.160619735717773,36.50345230102539,,15.535316467285156,62.237022399902344,34.028236389160156
2015-05-26,20.139875411987305,,25.34481430053711,16.179779052734375,46.1213264465332,18.883760452270508,36.21438217163086,,15.437724113464355,61.606178283691406,33.78498077392578
2015-05-27,20.271535873413086,,25.299867630004883,16.35750389099121,46.416351318359375,19.239727020263672,36.44414520263672,,15.50046157836914,62.32002258300781,34.037078857421875
2015-05-28,20.32339096069336,,25.2003231048584,16.33776092529297,46.19507598876953,19.200170516967773,36.392276763916016,,15.535316467285156,62.36151123046875,33.97957229614258
2015-05-29,20.191741943359375,,25.171422958374023,16.192935943603516,45.73617172241211,19.059547424316406,36.16252136230469,,15.510919570922852,62.20381164550781,33.745182037353516
2015-06-01,20.199716567993164,,25.107206344604492,16.20611000061035,45.94103240966797,19.112279891967773,36.16252136230469,,15.531831741333008,62.452823638916016,33.84247970581055
2015-06-02,20.263551712036133,,25.280601501464844,16.232439041137695,46.031185150146484,19.072725296020508,36.06614303588867,,15.326181411743164,62.04611587524414,33.91766357421875
2015-06-03,20.283504486083984,,25.107206344604492,16.37066650390625,46.2606315612793,19.112279891967773,36.043907165527344,,15.09962272644043,62.16226577758789,34.18301773071289
2015-06-04,20.04412078857422,,24.766834259033203,16.225852966308594,45.744361877441406,18.936494827270508,35.78449630737305,,15.07870101928711,61.73069763183594,33.93977737426758
2015-06-05,19.952363967895508,,24.94021987915039,16.31801414489746,45.77714538574219,18.874971389770508,35.27307891845703,,14.890483856201172,61.70576095581055,33.84247970581055
2015-06-08,19.88054847717285,,24.798934936523438,16.219274520874023,45.44114303588867,18.664031982421875,35.25824737548828,,14.803339958190918,61.39867401123047,33.60364532470703
2015-06-09,19.892507553100586,,24.79572868347168,16.25876808166504,45.43294143676758,18.620080947875977,35.42872619628906,,14.768485069274902,61.382057189941406,33.56827163696289
2015-06-10,20.099973678588867,,25.10077476501465,16.48915672302246,45.88367462158203,18.910120010375977,35.7770881652832,,14.84168815612793,62.13740921020508,33.91324234008789
2015-06-11,20.147855758666992,,24.988391876220703,16.554981231689453,46.14592361450195,18.918916702270508,35.76225280761719,,14.96019458770752,62.56072235107422,34.028236389160156
2015-06-12,20.02816390991211,,24.709033966064453,16.482574462890625,45.8754768371582,18.751920700073242,35.62144088745117,,14.827743530273438,61.78876876831055,33.87343978881836
2015-06-15,19.904478073120117,,24.651229858398438,16.4101619720459,45.490318298339844,18.637662887573242,35.36201858520508,,14.803339958190918,61.86347961425781,33.7142219543457
2015-06-16,20.008214950561523,,24.843902587890625,16.502315521240234,45.53129577636719,18.76070785522461,35.7474365234375,,14.873056411743164,62.17059326171875,33.91766357421875
2015-06-17,20.091997146606445,,24.78289031982422,16.482574462890625,45.65422439575195,18.76949691772461,35.94014358520508,,14.998533248901367,62.22871017456055,34.07246017456055
2015-06-18,20.25956153869629,,24.766834259033203,16.63397216796875,46.11314010620117,18.936494827270508,36.34037780761719,,15.197219848632812,63.10856246948242,34.483760833740234
2015-06-19,20.12369728088379,,24.537012100219727,16.356292724609375,45.889122009277344,18.778892517089844,36.289669036865234,,15.050542831420898,63.05939483642578,34.36264419555664
2015-06-22,20.19985008239746,,24.837617874145508,16.607526779174805,46.16912841796875,18.933401107788086,36.431365966796875,,15.029438972473145,63.55083465576172,34.553428649902344
2015-06-23,20.14373779296875,,24.91843032836914,16.640579223632812,46.05382537841797,18.94664764404297,36.27476119995117,,14.825440406799316,63.67576217651367,34.69096374511719
2015-06-24,19.887226104736328,,24.763275146484375,16.501745223999023,45.6255989074707,18.85836410522461,36.11068344116211,,14.709365844726562,63.03443145751953,34.45138931274414
2015-06-25,19.87119483947754,,24.511150360107422,16.4025821685791,45.271453857421875,18.8142147064209,36.0435676574707,,14.610879898071289,63.384254455566406,34.42476272583008
2015-06-26,19.7950496673584,,24.59195899963379,16.455461502075195,45.35380554199219,18.65529441833496,36.118141174316406,,14.698813438415527,63.292606353759766,34.56229782104492
2015-06-29,19.334136962890625,,24.12649154663086,16.058786392211914,44.49729919433594,18.25800132751465,35.558799743652344,,14.621434211730957,61.743431091308594,33.781429290771484
2015-06-30,19.394262313842773,,24.294578552246094,16.118289947509766,44.521995544433594,18.275659561157227,35.4991455078125,,14.582745552062988,61.95997619628906,33.932273864746094
2015-07-01,19.50246810913086,,23.98426628112793,16.3629093170166,44.74436569213867,18.39925765991211,35.954071044921875,,14.670674324035645,62.62632369995117,34.31828308105469
2015-07-02,19.44234275817871,,24.090938568115234,16.29018211364746,44.66201400756836,18.42574691772461,35.92423629760742,,14.8535795211792,62.33478927612305,34.25172805786133
2015-07-06,19.28203010559082,,23.774171829223633,16.224071502685547,44.489051818847656,18.350698471069336,35.894405364990234,,14.913371086120605,62.30979919433594,34.18516540527344
2015-07-07,19.217910766601562,,23.990741729736328,16.257125854492188,44.85143280029297,18.37718963623047,36.632728576660156,,15.282685279846191,62.60965347290039,34.482444763183594
2015-07-08,18.797086715698242,,23.505874633789062,15.9728422164917,44.044334411621094,18.07701301574707,36.222557067871094,,15.201788902282715,61.53517532348633,33.8258056640625
2015-07-09,18.853187561035156,,23.62547492980957,16.09845542907715,44.151405334472656,18.00637435913086,36.25239944458008,,15.032953262329102,61.868377685546875,33.9677619934082
2015-07-10,19.117713928222656,,23.754772186279297,16.29018211364746,44.612586975097656,18.29331398010254,36.677486419677734,,15.113855361938477,62.701263427734375,34.46025085449219
2015-07-13,19.326129913330078,,23.922853469848633,16.488515853881836,45.10673904418945,18.571426391601562,37.02054214477539,,15.120889663696289,63.23433303833008,34.95718002319336
2015-07-14,19.43433380126953,,24.094173431396484,16.528194427490234,45.23026657104492,18.642051696777344,37.080204010009766,,15.099783897399902,63.86732482910156,35.00153350830078
2015-07-15,19.28203010559082,,23.67072868347168,16.66702651977539,45.040863037109375,18.646467208862305,36.98324203491211,,15.173648834228516,63.95063400268555,34.966041564941406
2015-07-16,19.23394012451172,,23.70305061340332,16.832307815551758,45.246734619140625,18.884841918945312,37.36359786987305,,15.398754119873047,64.2504653930664,35.179019927978516
2015-07-17,19.101682662963867,,23.415367126464844,16.78603172302246,45.23026657104492,19.176191329956055,37.341217041015625,,15.24750804901123,64.10887145996094,35.11688232421875
2015-07-20,18.941364288330078,,23.105064392089844,16.805862426757812,45.23851013183594,19.277721405029297,37.4083366394043,,15.170133590698242,64.31710815429688,35.13463592529297
2015-07-21,18.825132369995117,,23.114761352539062,16.78603172302246,44.75260925292969,19.149707794189453,37.3188591003418,,15.032953262329102,64.03390502929688,35.02372360229492
2015-07-22,18.744983673095703,,22.92727279663086,16.911645889282227,44.55493927001953,18.8407039642334,37.40088653564453,,15.099783897399902,64.17552947998047,35.19232177734375
2015-07-23,18.472440719604492,,22.907886505126953,16.766199111938477,44.14317321777344,18.80097007751465,37.25918960571289,,14.874679565429688,63.94229507446289,34.98378372192383
2015-07-24,18.067636489868164,,22.468292236328125,16.607526779174805,43.56666564941406,18.699432373046875,37.05036544799805,,14.888751983642578,62.34312438964844,34.98378372192383
2015-07-27,17.867252349853516,,22.145050048828125,16.488515853881836,43.352542877197266,18.531692504882812,37.02800369262695,,15.078680038452148,62.284820556640625,34.72201919555664
2015-07-28,18.23998260498047,,22.778589248657227,16.55463409423828,44.19257354736328,18.699432373046875,37.445640563964844,,15.149026870727539,63.409271240234375,34.9926643371582
2015-07-29,18.37224578857422,,23.08890151977539,16.719926834106445,44.736122131347656,18.823047637939453,37.572410583496094,,15.205305099487305,63.51752853393555,35.35204315185547
2015-07-30,18.46442413330078,,22.92727279663086,16.719926834106445,44.69496154785156,18.85836410522461,37.445640563964844,,15.317854881286621,63.42591094970703,35.4807014465332
2015-07-31,18.41633415222168,,22.4262638092041,16.66702651977539,44.65378189086914,18.796558380126953,37.52021408081055,,15.472620964050293,63.792354583740234,35.591617584228516
2015-08-03,18.272045135498047,,21.95433807373047,16.647192001342773,44.439640045166016,18.69502830505371,37.572410583496094,,15.553519248962402,63.742401123046875,35.47182846069336
2015-08-04,18.35220718383789,,21.879989624023438,16.620746612548828,44.41493606567383,18.584659576416016,37.572410583496094,,15.303792953491211,63.70907211303711,35.62268829345703
2015-08-05,18.44438362121582,,21.71513557434082,16.686857223510742,44.66201400756836,18.765655517578125,37.90055847167969,,15.34247875213623,64.24209594726562,35.23670196533203
2015-08-06,18.38025665283203,,22.061002731323242,16.62735939025879,44.43141174316406,18.580249786376953,37.61716079711914,,15.423378944396973,62.84286117553711,34.75751876831055
2015-08-07,18.123754501342773,,21.66665267944336,16.660415649414062,44.217288970947266,18.59349250793457,37.4083366394043,,15.613308906555176,62.73457336425781,34.73090362548828
2015-08-10,18.568628311157227,,22.358379364013672,16.819082260131836,45.08203125,18.884841918945312,37.550048828125,,15.550002098083496,63.24263381958008,35.01041030883789
2015-08-11,18.22394561767578,,22.400405883789062,16.66702651977539,44.53024673461914,18.602317810058594,37.41579818725586,,15.627381324768066,62.70957946777344,34.69541549682617
2015-08-12,18.292085647583008,,22.807687759399414,16.514965057373047,44.53847885131836,18.686195373535156,37.43817901611328,,15.905252456665039,62.751251220703125,34.544559478759766
2015-08-13,18.23998260498047,,22.461820602416992,16.574464797973633,44.505531311035156,18.633228302001953,37.289024353027344,,15.90876293182373,62.60965347290039,34.744205474853516
2015-08-14,18.324148178100586,,22.413331985473633,16.6934757232666,44.78554916381836,18.725923538208008,37.4083366394043,,16.028352737426758,62.78456115722656,34.766395568847656
2015-08-17,18.42835235595703,,22.461820602416992,16.726524353027344,45.0079231262207,18.831871032714844,37.445640563964844,,16.105735778808594,63.41758346557617,35.09914779663086
2015-08-18,18.308109283447266,,22.377775192260742,16.71330451965332,44.925533294677734,18.734752655029297,37.25918960571289,,16.067047119140625,63.32594680786133,35.13019943237305
2015-08-19,18.083675384521484,,21.760391235351562,16.561248779296875,44.505531311035156,18.61115074157715,36.9161262512207,,16.133869171142578,63.067752838134766,35.06808853149414
2015-08-20,17.74299430847168,,21.269067764282227,16.210847854614258,43.583152770996094,18.15646743774414,36.58052444458008,,16.03890609741211,61.601837158203125,34.083126068115234
2015-08-21,17.310150146484375,,20.525623321533203,15.629057884216309,42.380714416503906,17.46340560913086,35.5811882019043,,15.84545612335205,59.71946334838867,32.99168395996094
2015-08-24,16.584720611572266,,19.423383712768555,14.961323738098145,40.87359619140625,16.774755477905273,34.34318161010742,,15.251030921936035,57.17910385131836,31.673967361450195
2015-08-25,16.324203491210938,,19.142168045043945,14.762980461120605,40.33829116821289,16.6423282623291,34.08217239379883,,14.783228874206543,56.604373931884766,31.545307159423828
2015-08-26,16.76507568359375,,19.80156707763672,15.31832218170166,41.59833908081055,17.481063842773438,35.088966369628906,,15.04702091217041,58.99481964111328,32.74323654174805
2015-08-27,17.374279022216797,,20.78098487854004,15.695167541503906,42.60308837890625,17.887184143066406,35.60355758666992,,15.222893714904785,60.14424133300781,33.51078796386719
2015-08-28,17.474468231201172,,21.25290870666504,15.622442245483398,42.61956787109375,17.922504425048828,35.528995513916016,,15.177170753479004,59.80275344848633,33.52409744262695
2015-08-31,17.378280639648438,,21.47271156311035,15.49022102355957,42.2407112121582,17.759170532226562,35.282867431640625,,14.934475898742676,58.711631774902344,33.26676559448242
2015-09-01,16.849233627319336,,20.716327667236328,14.987765312194824,41.12067413330078,17.189714431762695,34.559471130371094,,14.529982566833496,57.170753479003906,32.42378616333008
2015-09-02,17.089712142944336,,20.907045364379883,15.192708969116211,42.034828186035156,17.60466194152832,35.02931213378906,,14.540535926818848,58.34518051147461,33.1070442199707
2015-09-03,17.19391441345215,,20.965227127075195,15.27866268157959,42.05954360961914,17.617910385131836,35.26795959472656,,14.607365608215332,57.9287109375,33.12034225463867
2015-09-04,16.853248596191406,,20.619359970092773,14.974539756774902,41.47481155395508,17.348628997802734,34.693702697753906,,14.406877517700195,57.20408630371094,32.765411376953125
2015-09-08,17.274072647094727,,20.942604064941406,15.35799503326416,42.61956787109375,17.83421516418457,35.41712188720703,,14.712886810302734,58.80328369140625,33.52409744262695
2015-09-09,17.14181900024414,,20.548250198364258,15.146431922912598,42.16661071777344,17.60024642944336,34.83539962768555,,14.529982566833496,57.8953742980957,33.16471862792969
2015-09-10,17.1818904876709,,20.6678466796875,15.219165802001953,42.191314697265625,17.776824951171875,34.89506149291992,,14.50536060333252,58.45344161987305,33.25789260864258
2015-09-11,17.157846450805664,,20.483600616455078,15.285270690917969,42.421905517578125,17.860706329345703,35.12626266479492,,14.614405632019043,58.828243255615234,33.5063591003418
2015-09-14,16.953445434570312,,20.305822372436523,15.252216339111328,42.20777893066406,17.816560745239258,35.01438522338867,,14.649576187133789,58.64502716064453,33.32887649536133
2015-09-15,17.077686309814453,,20.532087326049805,15.47038459777832,42.94075012207031,18.04610824584961,35.43202590942383,,14.726954460144043,59.48625183105469,33.67940139770508
2015-09-16,17.322166442871094,,21.113910675048828,15.569558143615723,43.253700256347656,18.12114906311035,35.83475112915039,,14.874679565429688,59.652828216552734,34.06093215942383
2015-09-17,17.242008209228516,,21.10098648071289,15.3513822555542,43.06428527832031,17.997543334960938,35.83475112915039,,15.078680038452148,60.1942138671875,34.14968490600586
2015-09-18,16.878488540649414,,20.546777725219727,15.054412841796875,42.1129035949707,17.763858795166016,35.42042541503906,,14.993829727172852,59.27553176879883,33.60593032836914
2015-09-21,16.934911727905273,,20.66400146484375,15.227148056030273,42.31990051269531,17.941232681274414,35.68313217163086,,15.054182052612305,58.48976135253906,33.89985656738281
2015-09-22,16.620548248291016,,20.445831298828125,15.0344877243042,41.70718002319336,17.63969612121582,35.29281997680664,,14.866009712219238,58.130313873291016,33.450042724609375
2015-09-23,16.265893936157227,,20.182077407836914,15.041131019592285,41.41737747192383,17.684045791625977,35.352867126464844,,14.905064582824707,58.07177734375,33.360965728759766
2015-09-24,16.2215633392334,,20.270000457763672,14.934828758239746,41.160667419433594,17.684045791625977,35.41291046142578,,15.02578067779541,57.478302001953125,33.271888732910156
2015-09-25,16.201416015625,,20.309072494506836,15.154072761535645,41.243465423583984,17.65300750732422,35.638099670410156,,15.17134952545166,55.90673828125,33.267452239990234
2015-09-28,15.697635650634766,,19.498275756835938,14.801952362060547,40.43204116821289,17.24947738647461,35.1126823425293,,15.096786499023438,53.74169921875,32.30995178222656
2015-09-29,15.758090019226074,,19.468961715698242,14.828531265258789,40.696998596191406,17.174100875854492,35.097660064697266,,15.100340843200684,54.23490905761719,32.20306396484375
2015-09-30,16.08857536315918,,19.928089141845703,15.054412841796875,41.309722900390625,17.515544891357422,35.42042541503906,,15.370182037353516,55.363399505615234,33.07150650024414
2015-10-01,16.269929885864258,,19.9671688079834,15.061060905456543,41.218650817871094,17.52440643310547,35.42042541503906,,15.189102172851562,55.92345428466797,33.31643295288086
2015-10-02,16.668912887573242,,20.790985107421875,15.08098316192627,41.74028396606445,17.77273178100586,35.90829849243164,,15.391477584838867,57.08539581298828,33.792972564697266
2015-10-05,17.10418128967285,,21.41944694519043,15.399881362915039,42.92435836791992,18.1230411529541,36.523780822753906,,15.590314865112305,57.23588562011719,34.291744232177734
2015-10-06,17.325841903686523,,21.894859313964844,15.326804161071777,42.88296127319336,18.145204544067383,36.276092529296875,,15.483802795410156,55.890018463134766,34.03788757324219
2015-10-07,17.555564880371094,,22.171630859375,15.446382522583008,43.446006774902344,18.22945785522461,36.606361389160156,,15.430542945861816,56.784488677978516,34.153690338134766
2015-10-08,17.80140495300293,,22.594942092895508,15.539399147033691,44.05046844482422,18.313718795776367,37.04169845581055,20.8613224029541,15.622268676757812,56.95164489746094,34.57231903076172
2015-10-09,17.79334259033203,,22.44841766357422,15.439739227294922,44.19949722290039,18.39353370666504,37.124267578125,20.826791763305664,15.547706604003906,57.21079635620117,34.612396240234375
2015-10-12,17.640201568603516,,22.15860366821289,15.453032493591309,44.207786560058594,18.415708541870117,37.22182846069336,20.957992553710938,15.686178207397461,57.36127853393555,34.77716064453125
2015-10-13,17.571680068969727,,21.92741584777832,15.333442687988281,43.73581314086914,18.37580108642578,36.99666213989258,20.826791763305664,15.650674819946289,56.64236831665039,34.590126037597656
2015-10-14,17.71274185180664,,22.116275787353516,15.20721435546875,43.26383972167969,18.34031867980957,36.56882858276367,20.826791763305664,15.647123336791992,56.53368377685547,34.23829650878906
2015-10-15,17.76110076904297,,22.513540267944336,15.55268383026123,43.73581314086914,18.575340270996094,36.899078369140625,20.7646484375,15.877902030944824,57.79591751098633,34.683650970458984
2015-10-16,17.769163131713867,,22.542842864990234,15.645697593688965,43.51224899291992,18.61081314086914,37.25186538696289,21.159637451171875,15.899210929870605,58.314208984375,34.866241455078125
2015-10-19,17.644227981567383,,22.096738815307617,15.632405281066895,43.57020950317383,18.6817569732666,37.41698455810547,21.406848907470703,15.909854888916016,58.523197174072266,35.0310173034668
2015-10-20,17.672435760498047,,22.15860366821289,15.72541332244873,43.860015869140625,18.632976531982422,37.39447784423828,21.427568435668945,15.963117599487305,57.60368728637695,34.98649215698242
2015-10-21,17.51526641845703,,21.885080337524414,15.612479209899902,43.86830520629883,18.4910831451416,37.401973724365234,21.4448299407959,15.931163787841797,57.08539581298828,34.83061981201172
2015-10-22,17.994855880737305,,22.279085159301758,15.8649320602417,45.09375762939453,18.907913208007812,38.14506530761719,21.716211318969727,16.11578369140625,56.742679595947266,35.28931427001953
2015-10-23,18.14397430419922,,22.226987838745117,16.037670135498047,45.259342193603516,19.435596466064453,38.085025787353516,21.455188751220703,15.831744194030762,57.95476531982422,35.463008880615234
2015-10-26,17.994855880737305,,21.683197021484375,15.971229553222656,45.159996032714844,19.36020851135254,38.00996780395508,21.482812881469727,15.774933815002441,58.18046188354492,35.712398529052734
2015-10-27,17.918283462524414,,21.422704696655273,15.878220558166504,44.663185119628906,19.24935531616211,38.06249237060547,21.488338470458984,15.718130111694336,59.250457763671875,35.54317092895508
2015-10-28,18.18830680847168,,21.898113250732422,16.250267028808594,45.01925277709961,19.537586212158203,37.844825744628906,21.410297393798828,15.551254272460938,59.74366760253906,35.88163757324219
2015-10-29,18.224578857421875,,22.008819580078125,16.230329513549805,44.9943962097168,19.484378814697266,37.85984420776367,21.507673263549805,15.462491989135742,60.01115417480469,35.984073638916016
2015-10-30,18.24875831604004,,22.1520938873291,15.997802734375,44.936439514160156,19.355775833129883,37.43951416015625,21.3723201751709,15.533501625061035,59.63497543334961,36.059776306152344
2015-11-02,18.361602783203125,,22.669832229614258,16.21704864501953,45.458091735839844,19.528715133666992,37.66468811035156,21.3723201751709,15.551254272460938,60.90559005737305,36.22455978393555
2015-11-03,18.434144973754883,,23.249441146850586,16.243619918823242,45.49120330810547,19.63071060180664,37.484554290771484,21.648540496826172,15.597413063049316,60.68824005126953,36.362613677978516
2015-11-04,18.3132381439209,,23.04104232788086,16.19711685180664,45.367008209228516,19.65287971496582,37.32691955566406,21.558767318725586,15.679075241088867,60.420753479003906,36.12657928466797
2015-11-05,18.220544815063477,,22.84566879272461,16.2635498046875,45.42496871948242,19.595233917236328,37.319427490234375,21.475906372070312,15.544151306152344,60.22848892211914,36.255733489990234
2015-11-06,18.268903732299805,,22.728445053100586,16.429637908935547,45.42496871948242,19.661741256713867,36.914119720458984,20.681779861450195,15.000926971435547,59.977718353271484,36.26018524169922
2015-11-09,18.14397430419922,,22.503767013549805,16.250267028808594,45.077186584472656,19.471067428588867,36.66640090942383,20.516050338745117,15.0399808883667,59.517940521240234,35.76140594482422
2015-11-10,18.010974884033203,,22.552608489990234,16.323341369628906,45.06892776489258,19.34247589111328,36.763980865478516,20.73702049255371,15.174898147583008,59.919189453125,36.0998649597168
2015-11-11,18.0311279296875,,22.073944091796875,16.27019691467285,45.12687301635742,19.333602905273438,36.71144104003906,20.8088436126709,15.306272506713867,59.3256950378418,35.88607406616211
2015-11-12,17.66840362548828,,21.572486877441406,16.024381637573242,44.51414489746094,19.16510772705078,36.21603775024414,20.681779861450195,15.160696029663086,58.29750442504883,35.552085876464844
2015-11-13,17.894100189208984,,21.48457145690918,15.891507148742676,44.31542205810547,18.788192749023438,35.90079116821289,20.4124698638916,15.103891372680664,58.15537643432617,34.61684799194336
2015-11-16,18.123821258544922,,22.200931549072266,16.08417320251465,44.886756896972656,19.076417922973633,36.51628875732422,20.391754150390625,15.35953426361084,58.88265609741211,35.03547668457031
2015-11-17,18.103668212890625,,21.95672035217285,16.05095672607422,44.7956657409668,19.08085060119629,36.50126647949219,20.70940399169922,15.082586288452148,59.13343811035156,35.10227584838867
2015-11-18,18.42608642578125,,22.31816291809082,16.336627960205078,45.41667556762695,19.36907958984375,37.00416946411133,20.954540252685547,15.178451538085938,60.2869987487793,35.703495025634766
2015-11-19,18.405933380126953,,22.018585205078125,16.363208770751953,45.61540603637695,19.457763671875,37.10173416137695,21.068483352661133,15.341772079467773,59.27553176879883,35.748023986816406
2015-11-20,18.349512100219727,,21.78413963317871,16.389772415161133,45.84725570678711,19.59967041015625,36.83904266357422,21.241125106811523,15.405685424804688,59.78544998168945,36.175559997558594
2015-11-23,18.373695373535156,,21.940439224243164,16.323341369628906,45.61540603637695,19.484378814697266,37.16179656982422,21.351604461669922,15.263664245605469,59.63497543334961,36.30917739868164
2015-11-24,18.526830673217773,,22.409334182739258,16.27684211730957,45.5408821105957,19.48880958557129,37.259361267089844,21.027050018310547,15.242361068725586,59.818885803222656,36.23345184326172
2015-11-25,18.409957885742188,,22.226987838745117,16.29012107849121,45.5408821105957,19.426727294921875,37.35694122314453,21.027050018310547,15.150049209594727,60.14487838745117,36.41604995727539
2015-11-27,18.385780334472656,,22.067426681518555,16.32999038696289,45.62369155883789,19.471067428588867,37.49955749511719,21.185876846313477,15.178451538085938,60.26193618774414,36.28245162963867
2015-11-30,18.43011474609375,,22.148836135864258,16.316696166992188,45.325599670410156,19.493244171142578,37.09423065185547,21.23421287536621,15.203310012817383,59.442726135253906,35.97515869140625
2015-12-01,18.55908203125,,22.324674606323242,16.49608039855957,45.5408821105957,19.66617774963379,37.40950012207031,21.585697174072266,15.324024200439453,60.445838928222656,36.34478759765625
2015-12-02,18.3092098236084,,21.63436508178711,16.30341339111328,45.077186584472656,19.54201889038086,37.22182846069336,21.14444923400879,14.983171463012695,59.93589401245117,36.02860641479492
2015-12-03,18.14799690246582,,21.201278686523438,16.037670135498047,44.51414489746094,19.289268493652344,37.026702880859375,20.723209381103516,14.869558334350586,58.623504638671875,35.48528289794922
2015-12-04,18.46638298034668,,21.067771911621094,16.46285629272461,45.17656326293945,19.76373291015625,37.85984420776367,21.14444923400879,15.0790376663208,60.002777099609375,36.171119689941406
2015-12-07,18.13591194152832,,20.26674461364746,16.310054779052734,44.952980041503906,19.66617774963379,37.964927673339844,21.14444923400879,15.146498680114746,59.66842269897461,36.019691467285156
2015-12-08,17.79334259033203,,20.05833625793457,16.104106903076172,44.23262023925781,19.617401123046875,37.86734390258789,21.213497161865234,15.125197410583496,59.80216598510742,35.91281509399414
2015-12-09,18.329362869262695,,20.322093963623047,15.918091773986816,44.10013961791992,19.329172134399414,37.507057189941406,21.096107482910156,15.128744125366211,59.200294494628906,35.45410919189453
2015-12-10,18.19232749938965,,20.452346801757812,15.931363105773926,44.3071403503418,19.382387161254883,37.552101135253906,20.9234619140625,14.880209922790527,59.643341064453125,35.57434844970703
2015-12-11,17.708709716796875,,19.6871337890625,15.579253196716309,43.56192398071289,18.978862762451172,37.139278411865234,20.811599731445312,14.837605476379395,58.7656135559082,34.76381301879883
2015-12-14,17.474960327148438,,19.79132843017578,15.612479209899902,43.71925354003906,19.125194549560547,37.507057189941406,20.875823974609375,14.912163734436035,59.150142669677734,34.94194793701172
2015-12-15,17.571680068969727,,20.289533615112305,15.977876663208008,43.72753143310547,19.209444046020508,37.74726104736328,21.116819381713867,15.029336929321289,59.919189453125,35.13345718383789
2015-12-16,17.75303840637207,,20.156030654907227,16.236968994140625,44.50587463378906,19.471067428588867,38.47531509399414,21.496618270874023,15.409235954284668,60.696598052978516,35.721309661865234
2015-12-17,17.39838409423828,,19.661088943481445,16.00444984436035,43.76893615722656,19.16510772705078,37.97993850708008,21.468997955322266,15.44118881225586,60.044586181640625,35.13345718383789
2015-12-18,17.163288116455078,,19.316741943359375,15.576594352722168,43.101661682128906,18.793420791625977,37.30698776245117,21.189727783203125,15.24927806854248,59.17404556274414,34.581172943115234
2015-12-21,17.317575454711914,,19.336450576782227,15.730352401733398,43.434871673583984,18.98505973815918,37.73042297363281,21.224639892578125,15.238509178161621,59.71131896972656,34.75557327270508
2015-12-22,17.536848068237305,,19.563173294067383,15.87742805480957,44.034671783447266,19.123212814331055,38.221893310546875,21.420129776000977,15.367655754089355,60.114280700683594,35.01047134399414
2015-12-23,17.951005935668945,,20.41417121887207,16.06461524963379,44.55116271972656,19.283649444580078,38.50165557861328,21.62958335876465,15.604409217834473,60.760650634765625,35.18935012817383
2015-12-24,17.910400390625,,20.230167388916016,16.051246643066406,44.53450012207031,19.274736404418945,38.46385192871094,21.65052604675293,15.593650817871094,60.819400787353516,35.0954475402832
2015-12-28,17.784528732299805,,19.86216926574707,16.037878036499023,44.43452835083008,19.261367797851562,38.41092300415039,21.59258460998535,15.622343063354492,60.53398132324219,35.184879302978516
2015-12-29,17.951005935668945,,20.00016975402832,16.20501136779785,44.859371185302734,19.52430534362793,38.74362564086914,21.950746536254883,15.708438873291016,61.2727165222168,35.59181594848633
2015-12-30,17.784528732299805,,19.730743408203125,16.091350555419922,44.4845085144043,19.35940933227539,38.607513427734375,21.950746536254883,15.694086074829102,61.012508392333984,35.305625915527344
2015-12-31,17.630233764648438,,19.819456100463867,15.930908203125,44.15963363647461,19.087562561035156,38.17652893066406,21.772014617919922,15.52548599243164,60.46683120727539,34.952335357666016
2016-01-04,17.354122161865234,,19.81287956237793,15.623388290405273,43.56815719604492,18.837989807128906,37.69260787963867,21.266525268554688,15.493203163146973,59.375545501708984,34.353111267089844
2016-01-05,17.346004486083984,,19.888450622558594,15.683552742004395,43.684791564941406,18.788970947265625,37.93456268310547,21.91094207763672,15.604409217834473,59.66094207763672,34.30839157104492
2016-01-06,16.8912353515625,,19.12288475036621,15.442893981933594,43.0100212097168,18.557228088378906,37.806026458740234,21.69940185546875,15.575712203979492,59.17404556274414,33.97298812866211
2016-01-07,16.432418823242188,,18.656312942504883,15.008353233337402,41.84376907348633,18.00905990600586,37.352359771728516,21.301437377929688,15.4716796875,57.973609924316406,33.27538299560547
2016-01-08,16.26593589782715,,18.416454315185547,14.774368286132812,41.418914794921875,17.86644744873047,37.065025329589844,21.022171020507812,15.464508056640625,57.10057830810547,32.91763687133789
2016-01-11,15.98983097076416,,18.02216339111328,14.794426918029785,41.443904876708984,17.982328414916992,37.4128532409668,21.147838592529297,15.547018051147461,56.42060470581055,33.177001953125
2016-01-12,16.01419448852539,,18.06488037109375,14.908066749572754,41.777122497558594,18.196243286132812,37.61699676513672,20.91744041442871,15.48603343963623,57.142555236816406,33.543701171875
2016-01-13,15.644695281982422,,17.631162643432617,14.52032470703125,40.769142150878906,17.70601463317871,36.92893600463867,20.70100975036621,15.478856086730957,55.44681930541992,32.41231155395508
2016-01-14,15.855844497680664,,18.390172958374023,14.647346496582031,41.2523078918457,18.04026222229004,37.102840423583984,20.770822525024414,15.712021827697754,56.932682037353516,32.644840240478516
2016-01-15,15.531006813049316,,17.85788345336914,14.31977367401123,40.527557373046875,17.532207489013672,36.52062225341797,20.421730041503906,15.57211971282959,56.13519287109375,31.97406578063965
2016-01-19,15.340168952941895,,17.473461151123047,14.31308650970459,40.51921844482422,17.550033569335938,36.95918273925781,20.561368942260742,15.805291175842285,56.12677764892578,32.09479904174805
2016-01-20,15.22647762298584,,17.010168075561523,14.032305717468262,39.99441146850586,17.41188621520996,36.497947692871094,20.009803771972656,15.450160026550293,56.23591613769531,31.813087463378906
2016-01-21,15.360479354858398,,17.53916358947754,13.972134590148926,40.169349670410156,17.509925842285156,36.6416015625,20.16340446472168,15.435812950134277,56.06802749633789,32.22001266479492
2016-01-22,15.636585235595703,,18.314592361450195,14.226176261901855,40.51921844482422,17.995695114135742,37.26918411254883,20.582317352294922,15.712021827697754,56.957862854003906,32.78347396850586
2016-01-25,15.137151718139648,,17.460304260253906,13.938711166381836,40.0193977355957,17.786239624023438,36.936492919921875,20.582317352294922,15.579300880432129,56.42900085449219,32.407840728759766
2016-01-26,15.397016525268555,,18.12073516845703,14.17269229888916,40.7774772644043,17.960039138793945,37.2767448425293,20.76523780822754,15.686912536621094,56.85712814331055,32.88185119628906
2016-01-27,15.2752046585083,,18.035308837890625,14.119209289550781,40.319305419921875,17.590152740478516,37.23894119262695,20.582317352294922,15.722790718078613,56.21072006225586,32.3675651550293
2016-01-28,15.299560546875,,18.584020614624023,14.12590217590332,40.55253601074219,17.81743621826172,37.61699676513672,20.358898162841797,15.973894119262695,54.90116882324219,32.78347396850586
2016-01-29,15.742152214050293,,19.12616729736328,14.52032470703125,41.643836975097656,18.378955841064453,38.380680084228516,20.379840850830078,16.29315185546875,55.799400329589844,33.14121627807617
2016-02-01,15.807120323181152,,18.807449340820312,14.460164070129395,41.54386520385742,18.44580841064453,38.509239196777344,20.812715530395508,16.447404861450195,55.88334274291992,33.34245681762695
2016-02-02,15.701543807983398,,18.179882049560547,14.059042930603027,40.7108268737793,18.11602210998535,38.01774215698242,20.547407150268555,16.519147872924805,55.07746505737305,32.694034576416016
2016-02-03,16.229398727416992,,18.827171325683594,14.072417259216309,41.368934631347656,18.093738555908203,37.93456268310547,20.568347930908203,16.723613739013672,55.43842697143555,32.609066009521484
2016-02-04,16.680097579956055,,18.81731414794922,14.192752838134766,42.08534240722656,18.1115665435791,37.586753845214844,20.691932678222656,16.651884078979492,55.13623046875,32.42125701904297
2016-02-05,16.489259719848633,,18.38031005859375,14.005562782287598,41.68549346923828,17.603511810302734,37.52626419067383,20.31560516357422,16.70568084716797,54.06171417236328,31.37481689453125
2016-02-08,16.054798126220703,,18.285024642944336,13.651248931884766,41.33560562133789,17.3494873046875,37.42797088623047,19.239017486572266,16.648286819458008,53.322975158691406,30.766639709472656
2016-02-09,16.253759384155273,,17.844738006591797,13.631189346313477,41.58551788330078,17.269277572631836,37.677490234375,19.088212966918945,16.70568084716797,53.7175178527832,30.71744728088379
2016-02-10,16.09946060180664,,17.77245330810547,13.55765438079834,41.368934631347656,17.296009063720703,37.63211441040039,19.49315071105957,16.687755584716797,54.196014404296875,30.66379737854004
2016-02-11,15.750269889831543,,17.696882247924805,13.143168449401855,40.560874938964844,17.26035499572754,37.32968521118164,19.004436492919922,16.393592834472656,53.322975158691406,30.64590072631836
2016-02-12,16.21721649169922,,18.163448333740234,13.69804573059082,41.377254486083984,17.50101089477539,37.85896301269531,19.192935943603516,16.34337615966797,54.036521911621094,31.209360122680664
2016-02-16,16.46489906311035,,18.34416961669922,13.918652534484863,42.21030807495117,17.81297492980957,38.161407470703125,19.192935943603516,16.447404861450195,55.052276611328125,31.96510887145996
2016-02-17,16.789731979370117,,18.945457458496094,14.10584545135498,42.860084533691406,18.17841339111328,38.554595947265625,19.793376922607422,16.41512107849121,55.74904251098633,32.653785705566406
2016-02-18,16.741010665893555,,18.70887565612793,14.02562427520752,42.835079193115234,18.107107162475586,38.380680084228516,20.037736892700195,16.68416404724121,55.404850006103516,32.439144134521484
2016-02-19,16.546112060546875,,18.666168212890625,14.02562427520752,42.75178146362305,18.120479583740234,38.4411735534668,20.009803771972656,16.572961807250977,55.3460807800293,32.528568267822266
2016-02-22,16.86281394958496,,19.142593383789062,14.246232032775879,43.47652816772461,18.361127853393555,38.63020324707031,20.317007064819336,16.766672134399414,56.13519287109375,33.15910720825195
2016-02-23,16.448659896850586,,18.48873519897461,13.992192268371582,43.0433464050293,18.07145881652832,38.622642517089844,20.2122802734375,16.781021118164062,55.71546173095703,32.975765228271484
2016-02-24,16.619197845458984,,18.676023483276367,13.958765983581543,43.06833267211914,18.209613800048828,38.74362564086914,20.22904396057129,16.859935760498047,55.90013885498047,33.168060302734375
2016-02-25,16.834394454956055,,18.69244956970215,14.15263843536377,43.63481903076172,18.436899185180664,39.18216323852539,20.358898162841797,17.032127380371094,56.59690475463867,33.49897003173828
2016-02-26,17.078018188476562,,18.80416488647461,14.252920150756836,43.6931266784668,18.387874603271484,38.63020324707031,20.505512237548828,16.56220054626465,56.49616622924805,33.46320724487305
2016-02-29,16.972448348999023,,18.590591430664062,14.099159240722656,43.418209075927734,18.258638381958008,38.50165557861328,20.477581024169922,16.60883140563965,55.59792709350586,33.28879165649414
2016-03-01,17.406911849975586,,19.076881408691406,14.573810577392578,44.26792526245117,18.802335739135742,38.87217330932617,20.9663143157959,16.52632713317871,56.78997039794922,34.169769287109375
2016-03-02,17.337888717651367,,19.5434513092041,14.7342529296875,44.301246643066406,18.855815887451172,38.985565185546875,21.19671058654785,16.612415313720703,56.8823127746582,34.13846206665039
2016-03-03,17.443450927734375,,19.839174270629883,14.834535598754883,44.61780548095703,18.855815887451172,39.18216323852539,21.226032257080078,16.712858200073242,56.72280502319336,34.33970642089844
2016-03-04,17.646482467651367,,20.029739379882812,14.894697189331055,44.80106735229492,18.90483856201172,39.348514556884766,21.287473678588867,16.89939308166504,56.5884895324707,34.30839157104492
2016-03-07,17.8494930267334,,20.499595642089844,14.888011932373047,44.934349060058594,18.788970947265625,39.106563568115234,21.27351188659668,16.99265480041504,57.04181671142578,34.16081619262695
2016-03-08,17.50029754638672,,19.63873863220215,14.647346496582031,44.301246643066406,18.673095703125,39.21997833251953,21.241395950317383,17.161264419555664,56.345054626464844,33.89249801635742
2016-03-09,17.609928131103516,,19.957454681396484,14.667400360107422,44.44286346435547,18.833524703979492,39.514862060546875,21.176462173461914,17.24018096923828,56.4457893371582,33.9595947265625
2016-03-10,17.70331573486328,,19.973886489868164,14.65402889251709,44.376220703125,18.815706253051758,39.52998352050781,21.076622009277344,17.254528045654297,56.479366302490234,34.044551849365234
2016-03-11,18.028154373168945,,20.489742279052734,15.035088539123535,45.017662048339844,19.10538673400879,39.65853500366211,21.566743850708008,17.272470474243164,57.57905197143555,34.56775665283203
2016-03-14,17.906341552734375,,20.355026245117188,14.98829460144043,45.05931854248047,19.127660751342773,39.63583755493164,21.63656234741211,17.293989181518555,57.33563232421875,34.697444915771484
2016-03-15,17.94693946838379,,20.315601348876953,14.981605529785156,45.03432083129883,19.198970794677734,39.73413848876953,21.779691696166992,17.326274871826172,56.4457893371582,34.688499450683594
2016-03-16,18.097177505493164,,20.66716766357422,14.948185920715332,45.192604064941406,19.421804428100586,39.82487487792969,21.615617752075195,17.59172821044922,56.31147003173828,34.97023391723633
2016-03-17,18.43012809753418,,20.949737548828125,15.128689765930176,46.18391799926758,19.49311065673828,40.066829681396484,22.338926315307617,17.688581466674805,55.65668487548828,35.01941680908203
2016-03-18,18.50632095336914,,21.009971618652344,15.26298713684082,46.5799674987793,19.524465560913086,40.01438903808594,22.181753158569336,17.57581901550293,56.311283111572266,35.064762115478516
2016-03-21,18.591890335083008,,20.93716812133789,15.236120223999023,46.85629653930664,19.591650009155273,40.03718185424805,22.0689697265625,17.557754516601562,56.639862060546875,35.082725524902344
2016-03-22,18.380008697509766,,20.821346282958984,15.189118385314941,46.58835220336914,19.596128463745117,39.80158233642578,22.03020477294922,17.499921798706055,57.20432662963867,35.02436065673828
2016-03-23,18.151840209960938,,20.36467742919922,15.074969291687012,46.28691864013672,19.484148025512695,39.809181213378906,21.949148178100586,17.63003158569336,56.79994201660156,34.77739715576172
2016-03-24,18.151840209960938,,20.463951110839844,14.980956077575684,46.15294647216797,19.53789520263672,39.763587951660156,21.984392166137695,17.67702293395996,56.77465057373047,34.822288513183594
2016-03-28,18.22926139831543,,20.354747772216797,15.027960777282715,46.16969680786133,19.488632202148438,39.97639083862305,22.12535858154297,17.611961364746094,56.61458206176758,34.97944641113281
2016-03-29,18.331125259399414,,20.450714111328125,15.054819107055664,46.471126556396484,19.793214797973633,40.272789001464844,22.60466194152832,17.872188568115234,57.271724700927734,35.33419418334961
2016-03-30,18.412607192993164,,20.490427017211914,15.142112731933594,46.554847717285156,19.909666061401367,40.53879928588867,22.55532455444336,17.828815460205078,57.280155181884766,35.55870056152344
2016-03-31,18.25777816772461,,20.480499267578125,15.108539581298828,46.44599533081055,19.86935806274414,40.325984954833984,22.668094635009766,17.933622360229492,57.103233337402344,35.51829147338867
2016-04-01,18.4329833984375,,20.205842971801758,15.24283504486084,46.6637077331543,20.021638870239258,40.75159454345703,22.715322494506836,18.00229835510254,57.7519416809082,35.6664924621582
2016-04-04,18.192590713500977,,20.056922912597656,15.168967247009277,46.13618850708008,19.94549560546875,40.76680374145508,22.68219757080078,17.926393508911133,58.44276428222656,35.3880729675293
2016-04-05,18.078502655029297,,19.921247482299805,14.954093933105469,45.851524353027344,19.75289535522461,40.49320602416992,22.47919273376465,17.590274810791016,57.684547424316406,35.087242126464844
2016-04-06,18.28630256652832,,20.3514461517334,15.034674644470215,46.07758331298828,19.94549560546875,40.812400817871094,22.541223526000977,17.56859588623047,59.234683990478516,35.41949462890625
2016-04-07,18.021459579467773,,20.232315063476562,14.752649307250977,45.63381576538086,19.658836364746094,40.37160110473633,22.35795783996582,17.561359405517578,58.58599090576172,35.01987075805664
2016-04-08,18.139617919921875,,20.63933753967285,14.806366920471191,45.80963897705078,19.658836364746094,40.59199523925781,22.569416046142578,17.65533447265625,58.4259033203125,34.96599578857422
2016-04-11,18.221113204956055,,20.553302764892578,14.866803169250488,45.826385498046875,19.605083465576172,40.303199768066406,22.55532455444336,17.579435348510742,57.979400634765625,34.83576583862305
2016-04-12,18.47372817993164,,21.165496826171875,15.054819107055664,46.094329833984375,19.739456176757812,40.55399703979492,22.654003143310547,17.702316284179688,58.45117950439453,35.10068893432617
2016-04-13,18.65708351135254,,21.2647762298584,15.397276878356934,46.78093338012695,19.941015243530273,40.24238967895508,22.56730079650879,17.593896865844727,58.99879455566406,35.59462356567383
2016-04-14,18.66929817199707,,21.31441307067871,15.430851936340332,46.864662170410156,19.936532974243164,40.05998992919922,22.477783203125,17.57220458984375,59.03248596191406,35.59462356567383
2016-04-15,18.754867553710938,,21.026508331298828,15.377135276794434,46.931636810302734,19.860397338867188,40.310791015625,22.632858276367188,17.669784545898438,58.9903678894043,35.69340896606445
2016-04-18,18.84043312072754,,21.373979568481445,15.491292953491211,46.9735107421875,19.94549560546875,40.53879928588867,22.717437744140625,17.738460540771484,59.537986755371094,36.030181884765625
2016-04-19,19.243804931640625,,21.800861358642578,15.686019897460938,47.308441162109375,19.833524703979492,40.515987396240234,22.639904022216797,17.76736831665039,59.748600006103516,35.832611083984375
2016-04-20,19.18675994873047,,21.99610137939453,15.806889533996582,47.23309326171875,19.873830795288086,40.05998992919922,22.414350509643555,17.32282829284668,60.06877136230469,35.87751388549805
2016-04-21,19.1011962890625,,21.867048263549805,15.665873527526855,47.11586380004883,19.802162170410156,39.345584869384766,21.895578384399414,16.961406707763672,60.42258834838867,35.75178146362305
2016-04-22,19.235658645629883,,22.184728622436523,15.813606262207031,47.23309326171875,19.457273483276367,39.4899787902832,22.174694061279297,17.113203048706055,60.548954010009766,35.679931640625
2016-04-25,19.170467376708984,,21.936538696289062,15.780029296875,47.00700378417969,19.46175765991211,39.763587951660156,22.330467224121094,17.14572525024414,60.31306838989258,35.720359802246094
2016-04-26,19.325302124023438,,22.287309646606445,15.88075065612793,47.4256706237793,19.367694854736328,39.60398864746094,22.393203735351562,17.17102813720703,60.08561706542969,35.805660247802734
2016-04-27,19.488271713256836,,22.710887908935547,15.907611846923828,47.76058578491211,19.27811050415039,39.79398727416992,22.308618545532227,17.4204158782959,60.01819610595703,35.76974105834961
2016-04-28,19.30491828918457,,22.373348236083984,15.739741325378418,47.30006408691406,19.03624153137207,39.831993103027344,22.3311767578125,17.39511489868164,59.73176193237305,35.38359451293945
2016-04-29,19.190837860107422,,22.336950302124023,15.652446746826172,47.02375411987305,18.870512008666992,39.74839401245117,22.11831283569336,17.499921798706055,58.79661560058594,35.563201904296875
2016-05-02,19.26010513305664,,22.31378173828125,15.793460845947266,47.26656723022461,19.009357452392578,40.20439147949219,22.350914001464844,17.6408748626709,59.13359069824219,36.06163024902344
2016-05-03,18.94229507446289,,21.78762435913086,15.592008590698242,46.881412506103516,18.83467674255371,40.12838363647461,22.46368980407715,17.62642478942871,58.948246002197266,35.72933578491211
2016-05-04,18.750795364379883,,21.473255157470703,15.471142768859863,46.303646087646484,18.77644157409668,40.24999237060547,22.787925720214844,17.832429885864258,58.38380432128906,35.567684173583984
2016-05-05,18.65708351135254,,21.64864158630371,15.464425086975098,46.27853012084961,18.7854061126709,40.25759506225586,22.809066772460938,17.76375961303711,58.62808609008789,35.338687896728516
2016-05-06,18.807838439941406,,21.5989990234375,15.531574249267578,46.58835220336914,18.92426300048828,40.46280288696289,22.928895950317383,17.64810562133789,58.28269958496094,35.599117279052734
2016-05-09,18.579668045043945,,21.284631729125977,15.491292953491211,46.379024505615234,18.92426300048828,40.683204650878906,23.16008186340332,17.749303817749023,58.948246002197266,35.697906494140625
2016-05-10,18.88932228088379,,21.658567428588867,15.712879180908203,47.174476623535156,19.170612335205078,41.08600997924805,23.246076583862305,17.76736831665039,59.445316314697266,36.155914306640625
2016-05-11,18.824134826660156,,21.724754333496094,15.545004844665527,46.78093338012695,19.031753540039062,40.75919723510742,22.823165893554688,17.832429885864258,58.72920227050781,35.42848587036133
2016-05-12,18.90561866760254,,21.784318923950195,15.551716804504395,46.680458068847656,18.978010177612305,40.97959518432617,22.90070343017578,17.937236785888672,58.38380432128906,35.4958381652832
2016-05-13,18.72227668762207,,21.506345748901367,15.363704681396484,46.094329833984375,18.906335830688477,40.46280288696289,22.570119857788086,17.850500106811523,58.24897384643555,35.073753356933594
2016-05-16,19.044157028198242,,21.8703556060791,15.444291114807129,46.6637077331543,19.170612335205078,40.7212028503418,22.87813949584961,17.872188568115234,59.040931701660156,35.29376983642578
2016-05-17,18.946369171142578,,21.972938537597656,15.35699462890625,46.4376335144043,18.978010177612305,39.92319107055664,22.498933792114258,17.56859588623047,58.4259033203125,34.89413833618164
2016-05-18,18.65708351135254,,21.761152267456055,15.625587463378906,46.27853012084961,19.01384162902832,39.4595832824707,21.9442138671875,17.239700317382812,58.67024612426758,34.69206619262695
2016-05-19,18.72227668762207,,21.764461517333984,15.47785472869873,45.843135833740234,18.91082763671875,39.847190856933594,21.89980697631836,17.413185119628906,58.17317581176758,34.660640716552734
2016-05-20,18.856727600097656,,21.89352035522461,15.585295677185059,46.07758331298828,19.139253616333008,39.641990661621094,22.04923439025879,17.45293617248535,58.71234893798828,34.8896369934082
2016-05-23,19.076751708984375,,21.837261199951172,15.571864128112793,45.99385070800781,19.10342025756836,39.67999267578125,22.11831283569336,17.297531127929688,58.47646713256836,34.76839828491211
2016-05-24,19.203065872192383,,21.94646644592285,15.806889533996582,46.471126556396484,19.46175765991211,40.01438903808594,22.266332626342773,17.47100830078125,59.3189582824707,35.18598937988281
2016-05-25,19.439382553100586,,22.293930053710938,15.974760055541992,46.789302825927734,19.596128463745117,40.07518768310547,22.417163848876953,17.4204158782959,59.68965148925781,35.379093170166016
2016-05-26,19.231576919555664,,22.20127296447754,15.88075065612793,46.655330657958984,19.658836364746094,40.23478317260742,22.400249481201172,17.61919403076172,59.69805908203125,35.45093536376953
2016-05-27,19.22343635559082,,22.214509963989258,15.98818588256836,46.8311767578125,19.75289535522461,40.2803840637207,22.488367080688477,17.64810562133789,59.9676513671875,35.6170768737793
2016-05-31,19.125648498535156,,22.128461837768555,15.947896957397461,46.82278823852539,19.793214797973633,40.02199172973633,22.498933792114258,17.76375961303711,60.110877990722656,35.58115005493164
2016-06-01,19.150089263916016,,22.135087966918945,15.98147201538086,46.864662170410156,19.743940353393555,40.432403564453125,22.414350509643555,17.81074333190918,60.32994079589844,35.55870056152344
2016-06-02,19.256031036376953,,22.105308532714844,16.015050888061523,46.92327117919922,19.72601890563965,40.44759750366211,22.48483657836914,17.817977905273438,61.10499572753906,35.75627899169922
2016-06-03,19.41901206970215,,22.01926612854004,15.786738395690918,46.881412506103516,19.681230545043945,40.70599365234375,22.586334228515625,18.099882125854492,60.90281677246094,35.52278137207031
2016-06-06,19.61865997314453,,22.505722045898438,15.88075065612793,47.32518768310547,19.71706199645996,40.75159454345703,22.597610473632812,18.074586868286133,61.231388092041016,35.61259078979492
2016-06-07,19.62681007385254,,23.01533317565918,15.847180366516113,47.5512580871582,19.797687530517578,40.70599365234375,22.615938186645508,18.060117721557617,60.85226058959961,35.6574821472168
2016-06-08,19.740894317626953,,22.962385177612305,15.86060905456543,47.85269546508789,19.83799934387207,40.9492073059082,22.7244930267334,18.168548583984375,61.06287384033203,35.697906494140625
2016-06-09,19.598281860351562,,22.78699493408203,15.746451377868652,47.84432601928711,19.842479705810547,41.10879135131836,22.77241325378418,18.323959350585938,60.9617805480957,35.6170768737793
2016-06-10,19.45160675048828,,22.293930053710938,15.551716804504395,47.2833137512207,19.69019317626953,41.13920593261719,22.661041259765625,18.276973724365234,60.47312545776367,35.244384765625
2016-06-13,19.235658645629883,,22.227745056152344,15.444291114807129,46.77256393432617,19.4707088470459,40.797203063964844,22.654003143310547,18.255292892456055,59.9929313659668,35.051300048828125
2016-06-14,19.093048095703125,,22.214509963989258,15.21597671508789,46.78093338012695,19.5155029296875,40.956809997558594,22.54827308654785,18.35287094116211,60.08561706542969,34.96150207519531
2016-06-15,19.17861557006836,,22.161558151245117,15.236120223999023,46.797672271728516,19.466232299804688,40.83519744873047,22.78087615966797,18.23721694946289,59.67279815673828,35.06028366088867
2016-06-16,19.243804931640625,,22.055673599243164,15.276412010192871,46.881412506103516,19.506540298461914,41.047996520996094,22.897876739501953,18.35287094116211,59.883419036865234,35.17253494262695
2016-06-17,19.327747344970703,,22.280839920043945,15.263588905334473,46.92099380493164,19.37647247314453,40.882083892822266,22.86234474182129,18.419187545776367,59.261680603027344,35.117103576660156
2016-06-20,19.438316345214844,,22.474042892456055,15.351351737976074,47.350379943847656,19.45748519897461,41.01206588745117,22.883663177490234,18.349964141845703,59.63385772705078,35.432559967041016
2016-06-21,19.38507652282715,,22.740514755249023,15.439105033874512,47.31668472290039,19.592512130737305,41.11909484863281,23.068439483642578,18.375463485717773,59.43087387084961,35.35144805908203
2016-06-22,19.405553817749023,,22.613937377929688,15.425600051879883,47.18198776245117,19.525001525878906,41.14204025268555,23.047121047973633,18.288015365600586,59.60005187988281,35.3018684387207
2016-06-23,19.704479217529297,,22.987009048461914,15.749646186828613,47.7292366027832,19.790552139282227,41.39435958862305,23.146615982055664,18.339025497436523,60.37823486328125,35.64885711669922
2016-06-24,18.84455680847168,,22.24420166015625,14.905789375305176,45.78437423706055,19.0299015045166,40.59919357299805,22.855239868164062,18.368179321289062,58.62728500366211,34.32401657104492
2016-06-27,18.209857940673828,,21.5313720703125,14.480488777160645,44.70668411254883,18.64731788635254,40.51508331298828,22.819705963134766,18.594087600708008,57.84061813354492,33.69314193725586
2016-06-28,18.365459442138672,,22.130952835083008,14.851784706115723,45.46444320678711,19.016399383544922,40.767391204833984,23.239004135131836,18.6633243560791,58.96565246582031,34.36458206176758
2016-06-29,18.67667007446289,,22.55065155029297,15.18932819366455,46.27268981933594,19.308958053588867,41.241432189941406,23.67961883544922,18.714332580566406,60.090641021728516,34.9188346862793
2016-06-30,18.97559356689453,,22.730518341064453,15.432353019714355,47.15671920776367,19.520496368408203,42.166587829589844,23.87150764465332,19.11878776550293,60.65736389160156,35.175682067871094
2016-07-01,18.983776092529297,,22.850431442260742,15.351351737976074,47.30826187133789,19.565507888793945,41.967803955078125,23.857288360595703,19.122434616088867,61.038028717041016,35.54070281982422
2016-07-05,18.639812469482422,,22.39076805114746,15.121818542480469,46.878875732421875,19.421480178833008,42.20481491088867,24.03139877319336,19.264537811279297,60.97880172729492,35.25230026245117
2016-07-06,18.713523864746094,,22.48736572265625,15.162323951721191,47.114627838134766,19.556507110595703,42.2430419921875,23.999422073364258,19.30462074279785,61.663963317871094,35.55421829223633
2016-07-07,18.76265525817871,,22.257524490356445,15.182570457458496,47.24092102050781,19.556507110595703,42.158939361572266,23.700939178466797,18.947528839111328,61.57090759277344,35.70741653442383
2016-07-08,19.22947120666504,,22.553979873657227,15.472861289978027,48.183895111083984,19.862571716308594,42.579444885253906,24.111703872680664,19.144296646118164,62.33220291137695,36.329288482666016
2016-07-11,19.323650360107422,,22.59728240966797,15.560619354248047,48.48698043823242,19.97959327697754,42.58710479736328,24.297903060913086,19.12972068786621,62.16303253173828,36.54108810424805
2016-07-12,19.675823211669922,,23.156885147094727,15.756399154663086,48.933204650878906,20.141626358032227,42.35773849487305,24.34764862060547,18.86737632751465,62.467529296875,36.685279846191406
2016-07-13,19.729047775268555,,22.957029342651367,15.756399154663086,49.05107498168945,20.14612579345703,42.594749450683594,24.461360931396484,19.016767501831055,62.44215393066406,36.50503921508789
2016-07-14,19.905126571655273,,23.0736141204834,15.90491008758545,49.42152786254883,20.276657104492188,42.58710479736328,24.325626373291016,18.89286994934082,62.71282958984375,36.65374755859375
2016-07-15,19.9747371673584,,23.060287475585938,15.877908706665039,49.41311264038086,20.258644104003906,42.58710479736328,24.290088653564453,18.947528839111328,62.662105560302734,36.491519927978516
2016-07-18,20.105770111083984,,23.076946258544922,15.931918144226074,49.371009826660156,20.3936767578125,42.54122543334961,24.297903060913086,19.002197265625,62.687461853027344,36.6312141418457
2016-07-19,19.987024307250977,,22.947036743164062,15.938671112060547,49.396270751953125,20.348665237426758,42.510643005371094,24.367538452148438,18.969396591186523,62.55211639404297,36.56361770629883
2016-07-20,19.995210647583008,,22.913728713989258,15.965665817260742,49.488868713378906,20.614225387573242,42.35773849487305,24.33344268798828,18.86008071899414,63.118858337402344,36.71682357788086
2016-07-21,19.87236785888672,,22.687219619750977,15.884657859802246,48.983726501464844,20.506196975708008,42.23540115356445,24.404499053955078,18.973041534423828,63.30495834350586,36.6176872253418
2016-07-22,19.92559814453125,,22.75716781616211,15.985921859741211,49.07633590698242,20.627727508544922,42.43418884277344,24.58928108215332,19.224458694458008,63.43182373046875,36.770904541015625
2016-07-25,19.89284896850586,,22.304153442382812,15.952170372009277,48.81532287597656,20.600717544555664,42.388309478759766,24.553747177124023,19.191669464111328,63.36416244506836,36.82947540283203
2016-07-26,20.04435157775879,,22.434066772460938,15.965665817260742,49.219451904296875,20.64573097229004,42.059539794921875,24.415159225463867,19.0240535736084,63.254215240478516,36.78441619873047
2016-07-27,20.068925857543945,,22.214221954345703,15.958921432495117,49.025821685791016,20.816762924194336,41.432579040527344,24.23394775390625,18.805421829223633,63.54178237915039,36.67177200317383
2016-07-28,20.040254592895508,,22.21755599975586,15.992680549621582,49.008975982666016,20.830263137817383,41.61608123779297,24.383190155029297,18.878305435180664,63.48258972167969,36.739356994628906
2016-07-29,19.937883377075195,,22.444059371948242,15.965665817260742,48.865848541259766,20.906782150268555,41.8225212097168,24.644716262817383,18.991256713867188,63.60944366455078,36.7799072265625
2016-08-01,19.82732582092285,,21.7045841217041,15.925166130065918,48.806907653808594,20.94729232788086,41.86838912963867,24.72430419921875,19.002197265625,64.01548767089844,36.8385009765625
2016-08-02,19.774093627929688,,21.901111602783203,15.790146827697754,48.35227584838867,20.78975486755371,41.80723190307617,24.34764862060547,18.878305435180664,63.77015686035156,36.28874588012695
2016-08-03,19.82322883605957,,22.324142456054688,15.952170372009277,48.588008880615234,20.861774444580078,41.57786560058594,24.162878036499023,18.765348434448242,63.59253692626953,36.39238739013672
2016-08-04,19.905126571655273,,22.290834426879883,15.911662101745605,48.6048469543457,20.974306106567383,41.66960525512695,24.12023162841797,18.754411697387695,63.499481201171875,36.374351501464844
2016-08-05,19.970643997192383,,22.49402618408203,16.2154483795166,49.093162536621094,21.176837921142578,41.73841857910156,24.12023162841797,18.484777450561523,63.65176773071289,36.75737380981445
2016-08-08,20.011600494384766,,22.793813705444336,16.235700607299805,49.160526275634766,21.17233657836914,41.692535400390625,24.113130569458008,18.47749137878418,63.11042785644531,36.635719299316406
2016-08-09,19.95016860961914,,22.67389488220215,16.24919891357422,49.1436882019043,21.217342376708984,41.8225212097168,24.27659034729004,18.473844528198242,63.26265335083008,36.52756118774414
2016-08-10,19.954265594482422,,22.427404403686523,16.120935440063477,49.11842727661133,21.149837493896484,41.975440979003906,24.226835250854492,18.47749137878418,63.05119323730469,36.60417938232422
2016-08-11,20.040254592895508,,22.75716781616211,16.154691696166992,49.43836212158203,21.226350784301758,41.975440979003906,23.999422073364258,18.521211624145508,63.41490936279297,36.969173431396484
2016-08-12,19.82732582092285,,22.88374900817871,16.107437133789062,49.30366897583008,21.203845977783203,42.12070846557617,24.07759666442871,18.546720504760742,63.254215240478516,36.95115661621094
2016-08-15,20.027971267700195,,23.06695556640625,16.2154483795166,49.632015228271484,21.307363510131836,42.013675689697266,24.049171447753906,18.26250648498535,63.36416244506836,37.02326202392578
2016-08-16,19.9215087890625,,23.103591918945312,16.174945831298828,49.41311264038086,21.149837493896484,41.830162048339844,23.757789611816406,18.047529220581055,62.79743576049805,36.811466217041016
2016-08-17,19.905126571655273,,23.173540115356445,16.228952407836914,49.55624008178711,21.14082908630371,41.94485855102539,23.857288360595703,18.317161560058594,62.9243049621582,36.72584533691406
2016-08-18,20.03206443786621,,23.64986801147461,16.2154483795166,49.7077751159668,21.149837493896484,42.090126037597656,23.807540893554688,18.543079376220703,62.949684143066406,36.70330810546875
2016-08-19,20.060733795166016,,23.453338623046875,16.208694458007812,49.69093322753906,21.163330078125,41.99073791503906,23.62276268005371,18.317161560058594,62.898948669433594,36.72584533691406
2016-08-22,20.03206443786621,,23.183534622192383,16.208694458007812,49.64885711669922,21.163330078125,42.05189514160156,23.736478805541992,18.36452865600586,63.02580642700195,36.68978500366211
2016-08-23,20.20405387878418,,23.346750259399414,16.228952407836914,49.69093322753906,21.239850997924805,41.967803955078125,23.722259521484375,18.28437042236328,63.085025787353516,36.87454605102539
2016-08-24,19.970643997192383,,23.253480911254883,16.222198486328125,49.53940963745117,21.122825622558594,41.89897918701172,23.658300399780273,18.277082443237305,62.095359802246094,36.69879913330078
2016-08-25,20.068925857543945,,23.19019317626953,16.255949020385742,49.530967712402344,21.167837142944336,41.73841857910156,23.757789611816406,18.288015365600586,61.57090759277344,36.5771598815918
2016-08-26,19.954265594482422,,23.110252380371094,16.276206970214844,49.38785934448242,21.176837921142578,41.52434539794922,23.523269653320312,17.90906524658203,61.80775833129883,36.47349548339844
2016-08-29,20.134437561035156,,23.26681137084961,16.41797637939453,49.7414665222168,21.257854461669922,41.769004821777344,23.757789611816406,18.054819107055664,61.9431266784668,36.599674224853516
2016-08-30,20.085296630859375,,23.186866760253906,16.56648826599121,49.606746673583984,21.185836791992188,41.52434539794922,23.68673324584961,17.865345001220703,61.731632232666016,36.396888732910156
2016-08-31,19.88465690612793,,22.82046127319336,16.57999610900879,49.32891082763672,21.149837493896484,41.57786560058594,23.722259521484375,17.938213348388672,61.5455436706543,36.30226135253906
2016-09-01,19.966554641723633,,22.753843307495117,16.512487411499023,49.371009826660156,21.217342376708984,41.59315490722656,23.71515464782715,17.84712028503418,61.384849548339844,36.374351501464844
2016-09-02,20.167198181152344,,23.010324478149414,16.586740493774414,49.615177154541016,21.31186294555664,41.91426467895508,23.87150764465332,18.08396339416504,61.4525032043457,36.44645309448242
2016-09-06,20.122154235839844,,23.35674285888672,16.559738159179688,49.47203063964844,21.419891357421875,42.00602340698242,24.070491790771484,18.28072166442871,61.672428131103516,36.51405334472656
2016-09-07,20.093490600585938,,23.489980697631836,16.55298614501953,49.530967712402344,21.47389793395996,41.63901901245117,24.190509796142578,18.28437042236328,61.672428131103516,36.53207778930664
2016-09-08,20.00749969482422,,23.929672241210938,16.539491653442383,49.488868713378906,21.298362731933594,41.409645080566406,23.88330841064453,18.3463191986084,61.72319412231445,36.216651916503906
2016-09-09,19.426029205322266,,23.216846466064453,16.228952407836914,48.091270446777344,20.776248931884766,40.285701751708984,22.975988388061523,17.65764045715332,60.48819351196289,35.34241485595703
2016-09-12,19.61029815673828,,23.446685791015625,16.411226272583008,48.70587158203125,21.122825622558594,41.04265213012695,23.068870544433594,17.97100067138672,61.384849548339844,35.83811569213867
2016-09-13,19.245849609375,,22.777158737182617,16.120935440063477,47.990230560302734,20.96980094909668,40.53803253173828,22.661632537841797,17.72323226928711,60.5643196105957,35.32890319824219
2016-09-14,19.200809478759766,,22.507347106933594,16.080442428588867,47.948150634765625,21.068815231323242,40.41569519042969,22.70450210571289,17.792463302612305,60.5643196105957,35.33340835571289
2016-09-15,19.323650360107422,,22.787147521972656,16.174945831298828,48.32701110839844,21.415388107299805,40.74447250366211,22.875967025756836,17.92728042602539,61.190269470214844,35.59026336669922
2016-09-16,19.246274948120117,,22.603172302246094,16.021648406982422,47.92235565185547,21.33674430847168,40.61214065551758,22.797378540039062,18.102203369140625,61.23188018798828,35.51337814331055
2016-09-19,19.275089263916016,,22.589771270751953,16.12380599975586,48.13400650024414,21.29606819152832,40.52751159667969,23.03314781188965,18.28227424621582,61.01110076904297,35.486228942871094
2016-09-20,19.217464447021484,,22.425569534301758,16.13215446472168,48.17633056640625,21.282512664794922,40.635231018066406,22.990270614624023,18.249197006225586,61.19791030883789,35.51337814331055
2016-09-21,19.509695053100586,,22.944984436035156,16.232364654541016,48.802772521972656,21.52204132080078,40.85832595825195,23.254615783691406,18.6203556060791,61.809295654296875,35.857147216796875
2016-09-22,19.571434020996094,,22.971797943115234,16.2657527923584,49.14984130859375,21.65311050415039,41.219905853271484,23.711841583251953,18.734270095825195,62.27632141113281,36.1195182800293
2016-09-23,19.47265625,,22.666847229003906,16.1822566986084,48.86201477050781,21.463294982910156,41.0352668762207,23.804719924926758,18.719566345214844,62.08104705810547,36.038082122802734
2016-09-26,19.382099151611328,,22.566314697265625,15.923405647277832,48.650390625,21.33674430847168,40.68907165527344,23.854736328125,18.671796798706055,61.35927200317383,35.64002227783203
2016-09-27,19.439725875854492,,22.415515899658203,16.04865837097168,48.98898696899414,21.571762084960938,40.85832595825195,23.64754295349121,18.42926025390625,61.792301177978516,36.001888275146484
2016-09-28,19.661989212036133,,23.383981704711914,16.12380599975586,49.369937896728516,21.61244010925293,40.927574157714844,23.811872482299805,18.403541564941406,61.69889831542969,36.101409912109375
2016-09-29,19.509695053100586,,23.34377098083496,15.898357391357422,48.98054122924805,21.48137855529785,40.52751159667969,23.518959045410156,18.127933502197266,60.61199951171875,35.915958404541016
2016-09-30,19.653757095336914,,23.662118911743164,16.11545181274414,49.42073059082031,21.594362258911133,40.93525314331055,23.41179084777832,18.00298500061035,61.23188018798828,36.2054443359375
2016-10-03,19.629056930541992,,23.64536476135254,16.040302276611328,49.46306228637695,21.531085968017578,40.6736946105957,22.961694717407227,17.749422073364258,61.18095016479492,36.182838439941406
2016-10-04,19.361520767211914,,23.404085159301758,16.107107162475586,49.04826354980469,21.45426368713379,40.32749557495117,22.61162567138672,17.378259658813477,61.062042236328125,36.05617904663086
2016-10-05,19.49323844909668,,23.762659072875977,16.365955352783203,49.361480712890625,21.531085968017578,40.28902816772461,22.19011878967285,17.341514587402344,61.299835205078125,36.2054443359375
2016-10-06,19.653757095336914,,23.799514770507812,16.39100456237793,49.361480712890625,21.580799102783203,40.36595916748047,22.23298454284668,17.33783721923828,61.07054901123047,36.23259353637695
2016-10-07,19.287433624267578,,23.662118911743164,16.382659912109375,48.72658157348633,21.52204132080078,40.25825881958008,22.175830841064453,17.315792083740234,61.02808380126953,36.06974411010742
2016-10-10,19.402681350708008,,24.03409194946289,16.466154098510742,48.77735900878906,21.67119026184082,40.25825881958008,22.261558532714844,17.4591064453125,61.308292388916016,36.12855529785156
2016-10-11,19.139257431030273,,23.759309768676758,16.31585693359375,48.269432067871094,21.427139282226562,40.0505485534668,22.09010124206543,17.26066780090332,59.7713508605957,35.689788818359375
2016-10-12,19.102214813232422,,23.658769607543945,16.299156188964844,48.362579345703125,21.463294982910156,40.273643493652344,22.404449462890625,17.42971420288086,59.49113082885742,35.857147216796875
2016-10-13,19.003435134887695,,23.5280818939209,16.140501022338867,48.34563446044922,21.327709197998047,40.28133010864258,22.47588539123535,17.646520614624023,59.516605377197266,35.725975036621094
2016-10-14,19.065174102783203,,23.39068031311035,16.215654373168945,48.44721984863281,21.409059524536133,40.28902816772461,22.447307586669922,17.547306060791016,59.117496490478516,35.68526077270508
2016-10-17,19.081632614135742,,23.276750564575195,16.140501022338867,48.320247650146484,21.363862991333008,40.09669876098633,22.4687442779541,17.64284896850586,58.92220687866211,35.391231536865234
2016-10-18,19.254501342773438,,23.370569229125977,16.274105072021484,48.42181396484375,21.48137855529785,40.219783782958984,22.583044052124023,17.793519973754883,59.626991271972656,35.6264533996582
2016-10-19,19.394451141357422,,23.70233917236328,16.416057586669922,48.574180603027344,21.52204132080078,39.98898696899414,22.66878318786621,17.75309181213379,59.40622329711914,35.78477478027344
2016-10-20,19.37799072265625,,23.67552375793457,16.416057586669922,48.311763763427734,21.422616958618164,39.96592330932617,22.590194702148438,17.742069244384766,59.68644714355469,35.716915130615234
2016-10-21,19.369754791259766,,23.521381378173828,16.40770721435547,48.244056701660156,21.48137855529785,40.18132400512695,22.57590675354004,17.63917350769043,59.19395065307617,36.001888275146484
2016-10-24,19.415029525756836,,23.450998306274414,16.45780372619629,48.33716583251953,21.689268112182617,40.44288635253906,22.60448455810547,17.705320358276367,59.083560943603516,36.259742736816406
2016-10-25,19.23805046081543,,23.34377098083496,16.44110679626465,48.2101936340332,21.61244010925293,40.58906936645508,22.57590675354004,17.815567016601562,58.913719177246094,35.83452224731445
2016-10-26,19.2092342376709,,23.397380828857422,16.541305541992188,48.379493713378906,21.490413665771484,40.53520584106445,22.28299903869629,17.859663009643555,58.55705642700195,35.68072509765625
2016-10-27,19.184541702270508,,23.310260772705078,16.583059310913086,48.049339294433594,21.463294982910156,40.35057830810547,21.75432014465332,17.75309181213379,58.82880401611328,35.382179260253906
2016-10-28,19.233928680419922,,23.246585845947266,16.507909774780273,48.33716583251953,21.440696716308594,40.51981735229492,21.81147003173828,17.80821418762207,57.5550651550293,35.30077362060547
2016-10-31,19.24216079711914,,22.995250701904297,16.482852935791016,48.430294036865234,21.431659698486328,40.61983108520508,22.111530303955078,18.164684295654297,57.19844055175781,35.32791519165039
2016-11-01,19.131032943725586,,22.998605728149414,16.416057586669922,48.01548767089844,21.246355056762695,40.44288635253906,21.675731658935547,17.833938598632812,56.892757415771484,35.07911682128906
2016-11-02,19.02813148498535,,22.74392318725586,16.307504653930664,47.83770751953125,21.110763549804688,40.34287643432617,21.339946746826172,17.60977554321289,56.59554672241211,34.866519927978516
2016-11-03,19.032245635986328,,22.83440399169922,16.32421112060547,47.761531829833984,20.907386779785156,40.0659294128418,21.2470703125,17.675920486450195,56.06058120727539,34.77604293823242
2016-11-04,19.098098754882812,,22.710399627685547,16.274105072021484,47.803863525390625,20.871234893798828,39.70435333251953,21.389963150024414,17.620800018310547,56.45119094848633,34.70819854736328
2016-11-07,19.390331268310547,,23.19966697692871,16.683256149291992,48.98054122924805,21.32318878173828,40.37364196777344,21.782888412475586,17.929489135742188,57.89474105834961,35.50883865356445
2016-11-08,19.452072143554688,,23.229825973510742,16.69161033630371,49.276817321777344,21.427139282226562,40.54290771484375,21.91863441467285,18.06913185119629,58.056095123291016,35.65359115600586
2016-11-09,19.86366844177246,,23.60850715637207,17.401355743408203,50.512760162353516,21.400020599365234,39.98898696899414,21.42568588256836,17.40398597717285,60.10251998901367,35.725975036621094
2016-11-10,20.09416389465332,,23.70903778076172,18.0443058013916,51.58786392211914,21.056537628173828,38.91965103149414,21.104188919067383,16.985048294067383,60.764862060546875,35.857147216796875
2016-11-11,19.81839942932129,,23.276750564575195,18.094404220581055,51.68097686767578,21.119810104370117,38.88118362426758,21.12561798095703,16.915237426757812,59.856266021728516,36.060699462890625
2016-11-14,19.86366844177246,,23.407440185546875,18.536949157714844,51.90108108520508,20.798921585083008,38.81194305419922,21.53998565673828,16.904211044311523,59.6694450378418,36.06522750854492
2016-11-15,19.94598960876465,,24.06760597229004,18.52025032043457,52.09578323364258,21.09268569946289,39.0504264831543,21.397106170654297,17.176149368286133,59.83927917480469,36.2054443359375
2016-11-16,19.908946990966797,,23.90005111694336,18.253053665161133,51.79949951171875,21.287029266357422,39.058128356933594,21.3828182220459,17.058555603027344,59.58451843261719,36.40448760986328
2016-11-17,19.917179107666016,,23.73920249938965,18.503549575805664,51.909542083740234,21.422616958618164,38.9888916015625,21.182771682739258,17.062227249145508,59.82229995727539,36.8432502746582
2016-11-18,19.88837242126465,,23.836380004882812,18.503549575805664,51.892608642578125,21.4045352935791,38.85040283203125,21.225645065307617,17.01078224182129,59.1854362487793,36.73017501831055
2016-11-21,20.122974395751953,,24.4027099609375,18.57034683227539,52.17197799682617,21.621484756469727,39.11197280883789,21.168485641479492,17.190845489501953,59.39773178100586,36.96992874145508
2016-11-22,20.2464599609375,,24.389307022094727,18.57870864868164,52.409000396728516,21.689268112182617,39.31200408935547,21.532846450805664,17.256990432739258,58.54008865356445,37.4086799621582
2016-11-23,20.337007522583008,,24.489845275878906,18.6872501373291,52.798404693603516,21.6033992767334,39.096595764160156,21.3828182220459,17.08428192138672,58.76936721801758,37.44486618041992
2016-11-25,20.39874839782715,,24.369199752807617,18.71230125427246,53.08622360229492,21.693788528442383,39.40431213378906,21.475690841674805,17.330488204956055,58.998626708984375,37.53535079956055
2016-11-28,20.316423416137695,,24.030744552612305,18.495201110839844,52.72221755981445,21.711868286132812,39.48893737792969,21.554277420043945,17.664897918701172,58.55705642700195,37.236793518066406
2016-11-29,20.337007522583008,,23.735849380493164,18.545297622680664,52.76455307006836,21.725421905517578,39.54280090332031,21.704309463500977,17.738399505615234,58.93919372558594,37.336307525634766
2016-11-30,20.555156707763672,,24.942245483398438,18.79579734802246,52.832252502441406,21.467809677124023,38.91196060180664,21.439966201782227,17.179821014404297,58.37875747680664,37.02418899536133
2016-12-01,20.56338882446289,,25.0025691986084,19.12143898010254,53.17935562133789,21.024892807006836,38.65808868408203,21.111331939697266,17.04384994506836,57.95417785644531,37.04228210449219
2016-12-02,20.571619033813477,,25.076284408569336,18.912696838378906,53.1708984375,21.10173225402832,38.90426254272461,21.311370849609375,17.198196411132812,58.09003829956055,36.83872985839844
2016-12-05,20.732139587402344,,25.297456741333008,19.13814926147461,53.12855911254883,21.30510711669922,38.950416564941406,21.482839584350586,17.220247268676758,57.98815155029297,37.24131393432617
2016-12-06,20.7568359375,,25.250545501708984,19.305152893066406,53.230133056640625,21.368391036987305,39.065818786621094,21.575708389282227,17.187170028686523,58.14948272705078,37.32726287841797
2016-12-07,21.053184509277344,,25.451608657836914,19.60575294494629,54.2205924987793,21.7751407623291,39.627418518066406,22.025798797607422,17.411338806152344,57.64848327636719,38.05101776123047
2016-12-08,21.19313621520996,,25.589004516601562,19.789447784423828,53.915836334228516,21.829376220703125,39.465877532958984,22.14010238647461,17.44073486328125,57.75888442993164,38.05101776123047
2016-12-09,21.197248458862305,,25.66942596435547,19.83119773864746,54.16133499145508,21.98756217956543,40.03514862060547,22.125818252563477,17.624473571777344,58.463661193847656,38.13695526123047
2016-12-12,21.10257911682129,,25.790069580078125,19.639148712158203,53.966617584228516,21.919771194458008,40.19670104980469,22.354434967041016,17.80821418762207,58.74387741088867,37.82030487060547
2016-12-13,21.069650650024414,,26.081613540649414,19.68924331665039,53.89045333862305,22.195459365844727,40.38134765625,22.411596298217773,17.991954803466797,59.219398498535156,38.159576416015625
2016-12-14,20.818574905395508,,25.558847427368164,19.597396850585938,53.34865188598633,22.11862564086914,39.942832946777344,22.018651962280273,17.620800018310547,58.913719177246094,37.9017333984375
2016-12-15,20.954397201538086,,25.615816116333008,19.76439666748047,53.40790557861328,22.21805763244629,40.11208724975586,21.84004783630371,17.74574089050293,59.29581832885742,37.81125259399414
2016-12-16,20.8897647857666,,25.774818420410156,19.594125747680664,53.30059814453125,22.05735969543457,40.34150314331055,22.146343231201172,17.962060928344727,59.34273910522461,37.6256217956543
2016-12-19,20.848337173461914,,25.656911849975586,19.602508544921875,53.59869384765625,22.21624183654785,40.419010162353516,22.342775344848633,18.028844833374023,59.095394134521484,37.7257194519043
2016-12-20,20.864910125732422,,25.599645614624023,19.84575653076172,53.90531921386719,22.297950744628906,40.34150314331055,22.357328414916992,18.05111312866211,59.052757263183594,38.02603530883789
2016-12-21,20.87320327758789,,25.64007568359375,19.79543685913086,53.70090103149414,22.2525577545166,40.3337516784668,22.073589324951172,17.97690773010254,58.72014236450195,38.007843017578125
2016-12-22,20.786195755004883,,25.7445068359375,19.745107650756836,53.59869384765625,22.2071590423584,40.27175521850586,22.04448699951172,18.039979934692383,58.796897888183594,37.59830856323242
2016-12-23,20.82762336730957,,25.720916748046875,19.77865219116211,53.64979934692383,22.2298641204834,40.34925842285156,22.066320419311523,18.036264419555664,59.240394592285156,37.516414642333984
2016-12-27,20.93948745727539,,25.778188705444336,19.80381965637207,53.760520935058594,22.32065200805664,40.34150314331055,22.124515533447266,18.05111312866211,59.359798431396484,37.66201400756836
2016-12-28,20.72818946838379,,25.498580932617188,19.602508544921875,53.198387145996094,22.120908737182617,40.09348678588867,21.957181930541992,17.880428314208984,58.907772064208984,37.40264892578125
2016-12-29,20.72818946838379,,25.448043823242188,19.459918975830078,53.181358337402344,22.125452041625977,40.27948760986328,22.1608943939209,18.121604919433594,59.01011276245117,37.35261917114258
2016-12-30,20.591461181640625,,25.373937606811523,19.501853942871094,52.99397659301758,21.95294761657715,40.077980041503906,22.371875762939453,18.02142333984375,58.796897888183594,37.03865432739258
2017-01-03,20.71161460876465,,25.660280227661133,19.71994400024414,53.309120178222656,22.148149490356445,40.22523880004883,22.44463539123535,17.97690773010254,59.56448745727539,37.257049560546875
2017-01-04,21.01407241821289,,25.60637855529785,19.879310607910156,53.62425994873047,22.225324630737305,40.22523880004883,22.728374481201172,18.04369354248047,60.03356170654297,37.753028869628906
2017-01-05,20.951913833618164,,25.542375564575195,19.677997589111328,53.4709358215332,22.26163673400879,40.35700225830078,22.84478187561035,18.06224250793457,60.340599060058594,37.7257194519043
2017-01-06,20.972639083862305,,25.565954208374023,19.745107650756836,53.77755355834961,22.42505645751953,40.395755767822266,22.84478187561035,18.117897033691406,60.51118469238281,37.91228485107422
2017-01-09,20.96848487854004,,25.195384979248047,19.610897064208984,53.360225677490234,22.42051887512207,40.07024002075195,22.699275970458984,17.880428314208984,60.76702117919922,37.88043212890625
2017-01-10,20.98092269897461,,24.966304779052734,19.652841567993164,53.5816650390625,22.42505645751953,39.86872100830078,22.41553497314453,17.82477569580078,60.98025131225586,38.016937255859375
2017-01-11,21.150787353515625,,25.235815048217773,19.77865219116211,53.86273193359375,22.529462814331055,39.94622039794922,22.29184341430664,18.01030158996582,60.366180419921875,38.09884262084961
2017-01-12,21.109357833862305,,25.13138198852539,19.610897064208984,53.641292572021484,22.474990844726562,39.907474517822266,22.3791561126709,18.025136947631836,60.42589569091797,38.06243896484375
2017-01-13,21.076213836669922,,25.05725860595703,19.71994400024414,53.84569549560547,22.543087005615234,39.93072509765625,22.328231811523438,17.999162673950195,60.48556900024414,38.20349884033203
2017-01-17,20.98092269897461,,25.212228775024414,19.250221252441406,53.42835998535156,22.456830978393555,40.496517181396484,22.510107040405273,18.195817947387695,60.178565979003906,38.267189025878906
2017-01-18,21.113506317138672,,25.15495491027832,19.40959358215332,53.63275909423828,22.515846252441406,40.636016845703125,22.5610408782959,18.173551559448242,60.10179138183594,38.198944091796875
2017-01-19,20.98092269897461,,25.016834259033203,19.325712203979492,54.024566650390625,22.484067916870117,40.4887580871582,22.342775344848633,18.014007568359375,59.71800994873047,38.08063888549805
2017-01-20,21.1673583984375,,25.111167907714844,19.417972564697266,54.0330696105957,22.606639862060547,40.75227355957031,22.481014251708984,18.04740333557129,59.56448745727539,38.18984603881836
2017-01-23,21.20879364013672,,24.845033645629883,19.29216194152832,53.73496627807617,22.647493362426758,40.73677444458008,22.61924171447754,17.954639434814453,59.3171501159668,38.217140197753906
2017-01-24,21.755685806274414,,25.11789894104004,19.535409927368164,54.27156066894531,22.788217544555664,41.00804138183594,22.62652015686035,17.950927734375,58.907772064208984,38.53111267089844
2017-01-25,21.900699615478516,,25.249286651611328,19.862539291381836,54.84221649169922,23.0061092376709,41.000301361083984,22.488283157348633,17.950927734375,59.46212387084961,38.767730712890625
2017-01-26,21.958703994750977,,25.269500732421875,19.912864685058594,54.96996307373047,22.94255828857422,40.82202911376953,22.47374153137207,17.95835304260254,59.0015754699707,38.826873779296875
2017-01-27,21.879987716674805,,25.006731033325195,19.83736801147461,54.927371978759766,23.033355712890625,40.597259521484375,22.284578323364258,17.954639434814453,59.48773193359375,38.704017639160156
2017-01-30,21.656251907348633,,24.548572540283203,19.677997589111328,54.458946228027344,22.847230911254883,40.56626892089844,22.1608943939209,17.969480514526367,59.19774627685547,38.658512115478516
2017-01-31,21.527814865112305,,24.55867576599121,19.55219078063965,53.98197937011719,22.733745574951172,40.76004409790039,22.342775344848633,18.247760772705078,60.14444351196289,38.5993537902832
2017-02-01,21.635534286499023,,24.376760482788086,19.57734489440918,53.88828659057617,22.90624237060547,40.4422607421875,22.095415115356445,17.932376861572266,60.66469955444336,38.526554107666016
2017-02-02,21.54024314880371,,24.51488494873047,19.501853942871094,53.78608322143555,22.86084747314453,40.81427764892578,22.357328414916992,18.121604919433594,60.64765548706055,38.49471664428711
2017-02-03,21.57754135131836,,24.72712516784668,19.89608383178711,54.1863899230957,23.010656356811523,41.077796936035156,22.502840042114258,18.14387321472168,60.912017822265625,38.444644927978516
2017-02-06,21.519529342651367,,24.51824951171875,19.80381965637207,54.26304626464844,23.024276733398438,40.85303497314453,22.364604949951172,18.106765747070312,60.98025131225586,38.33089828491211
2017-02-07,21.34966278076172,,24.171260833740234,19.75349235534668,54.35673522949219,23.11505889892578,41.18632125854492,22.320953369140625,18.15129280090332,61.03995132446289,38.29450225830078
2017-02-08,21.399381637573242,,24.228532791137695,19.61928367614746,54.280086517333984,23.155914306640625,41.356815338134766,22.510107040405273,18.32939338684082,60.946136474609375,38.53111267089844
2017-02-09,21.391094207763672,,24.50140380859375,19.887704849243164,54.69740676879883,23.228544235229492,41.52732849121094,22.604694366455078,18.173551559448242,61.16788101196289,38.77227020263672
2017-02-10,21.585817337036133,,24.686691284179688,19.946414947509766,55.13178634643555,23.296642303466797,41.5583381652832,22.757474899291992,18.288578033447266,61.287296295166016,39.008880615234375
2017-02-13,21.763975143432617,,24.733854293823242,20.172887802124023,55.685401916503906,23.401050567626953,41.5583381652832,22.86661148071289,18.377626419067383,61.66254425048828,39.054378509521484
2017-02-14,21.759836196899414,,24.814720153808594,20.407751083374023,55.710960388183594,23.478219985961914,41.56608200073242,22.750202178955078,18.244054794311523,62.148685455322266,39.277347564697266
2017-02-15,21.730831146240234,,24.717018127441406,20.567123413085938,56.00908279418945,23.55538558959961,41.945858001708984,22.684720993041992,18.199525833129883,62.82246780395508,39.48210525512695
2017-02-16,21.730831146240234,,24.38013458251953,20.51679039001465,56.02610397338867,23.60986328125,42.000118255615234,22.77930450439453,18.38133430480957,62.73714828491211,39.28188705444336
2017-02-17,21.66868782043457,,24.245378494262695,20.525177001953125,56.11979293823242,23.691574096679688,42.20937728881836,22.84478187561035,18.392467498779297,62.82246780395508,39.40928649902344
2017-02-21,21.739116668701172,,24.410446166992188,20.62583351135254,56.400848388671875,23.81414031982422,42.58915710449219,23.157625198364258,18.585412979125977,63.1038932800293,39.63680648803711
2017-02-22,21.7971248626709,,24.039880752563477,20.642608642578125,56.247554779052734,23.84137535095215,42.59689712524414,23.070316314697266,18.663326263427734,63.01008224487305,39.63680648803711
2017-02-23,21.676971435546875,,24.140941619873047,20.642608642578125,55.881309509277344,23.836837768554688,42.697669982910156,23.223102569580078,18.85626983642578,63.470603942871094,39.368350982666016
2017-02-24,21.722536087036133,,23.91523551940918,20.483238220214844,56.11979293823242,23.891313552856445,42.84492874145508,23.339508056640625,19.1419620513916,63.77768325805664,39.55035400390625
2017-02-27,21.66868782043457,,24.120731353759766,20.592283248901367,56.324195861816406,23.877696990966797,42.65115737915039,23.455913543701172,19.034366607666016,64.0846939086914,39.59584426879883
2017-02-28,21.64797019958496,,24.04661750793457,20.58389663696289,56.09423828125,23.764204025268555,42.70540237426758,23.38316535949707,19.208763122558594,63.95675277709961,39.30009460449219
2017-03-01,22.070566177368164,,24.528362274169922,21.171049118041992,57.039649963378906,24.10012435913086,42.906925201416016,23.324962615966797,19.038076400756836,64.596435546875,39.74146270751953
2017-03-02,21.83441162109375,,24.295907974243164,20.843923568725586,56.42641830444336,23.941251754760742,42.8991813659668,23.2522029876709,19.175363540649414,64.3917236328125,39.64590835571289
2017-03-03,21.81783676147461,,24.252113342285156,20.944576263427734,56.48603439331055,23.9957218170166,42.73641586303711,23.179452896118164,19.116003036499023,64.64759826660156,39.58675765991211
2017-03-06,21.676971435546875,,24.306018829345703,20.785205841064453,56.349754333496094,23.959394454956055,42.55040740966797,23.084869384765625,19.078895568847656,64.40025329589844,39.459354400634766
2017-03-07,21.55681800842285,,24.090415954589844,20.72648811340332,56.187923431396484,23.959394454956055,42.49614715576172,23.00484275817871,19.067768096923828,63.948238372802734,39.33195114135742
2017-03-08,21.55681800842285,,23.46381187438965,20.73487663269043,55.99203872680664,23.986642837524414,42.40313720703125,22.66289710998535,18.793190002441406,64.20408630371094,39.495758056640625
2017-03-09,21.490528106689453,,23.6187801361084,20.810367584228516,55.73652648925781,23.982097625732422,42.47290802001953,22.371875762939453,18.752378463745117,64.55374145507812,39.459354400634766
2017-03-10,21.5899658203125,,23.585094451904297,20.793590545654297,56.077205657958984,24.109207153320312,42.666656494140625,22.350048065185547,18.90821075439453,64.80110931396484,39.51850509643555
2017-03-13,21.652109146118164,,23.588457107543945,20.843923568725586,56.04313659667969,24.13190460205078,42.697669982910156,22.3791561126709,18.963869094848633,64.74994659423828,39.62315368652344
2017-03-14,21.465667724609375,,23.32231903076172,20.785205841064453,55.51506423950195,24.07743263244629,42.57365417480469,22.350048065185547,18.94532012939453,64.5111312866211,39.614051818847656
2017-03-15,21.80954360961914,,23.84111785888672,20.75165557861328,56.14533996582031,24.240856170654297,42.891414642333984,22.77930450439453,19.24957275390625,65.32135772705078,39.8233528137207
2017-03-16,21.660398483276367,,23.672683715820312,20.785205841064453,55.88981628417969,24.254474639892578,42.95343780517578,22.728374481201172,19.038076400756836,64.69023895263672,39.81881332397461
2017-03-17,21.75349235534668,,23.6553955078125,20.581493377685547,56.19527053833008,24.306875228881836,42.8365592956543,22.770837783813477,19.15285301208496,64.3341293334961,39.86947250366211
2017-03-20,21.8740234375,,23.621503829956055,20.41313362121582,56.09260559082031,24.32965850830078,42.92226791381836,22.792808532714844,19.025741577148438,64.24002075195312,39.773624420166016
2017-03-21,21.508285522460938,,23.455446243286133,19.840728759765625,55.23700714111328,23.974214553833008,42.88330078125,22.756200790405273,19.294921875,63.73500442504883,39.2716178894043
2017-03-22,21.57062530517578,,23.421550750732422,19.79863929748535,55.433799743652344,24.12459373474121,42.797607421875,22.807449340820312,19.388381958007812,63.75209045410156,39.3172492980957
2017-03-23,21.66205596923828,,23.32666015625,19.840728759765625,55.35679244995117,24.0607967376709,42.704105377197266,22.975852966308594,19.328567504882812,63.555233001708984,39.40852737426758
2017-03-24,21.470874786376953,,23.23515510559082,19.815475463867188,55.211341857910156,24.079030990600586,42.61840057373047,22.953887939453125,19.399599075317383,63.5894660949707,39.504364013671875
2017-03-27,21.5165958404541,,23.126707077026367,19.739713668823242,55.01456069946289,24.079030990600586,42.57944869995117,22.770837783813477,19.324827194213867,63.76066589355469,39.49067687988281
2017-03-28,21.765960693359375,,23.455446243286133,20.009090423583984,55.596370697021484,24.25218963623047,42.65736770629883,22.902639389038086,19.30988121032715,63.8034553527832,39.791893005371094
2017-03-29,21.782588958740234,,23.77739715576172,19.882816314697266,55.587799072265625,24.293209075927734,42.73527145385742,22.983173370361328,19.25753402709961,63.82057571411133,40.02921676635742
2017-03-30,21.7867431640625,,23.77062225341797,20.143768310546875,55.89580535888672,24.33877182006836,42.64957046508789,23.034423828125,19.107990264892578,63.82913589477539,40.13417434692383
2017-03-31,21.782588958740234,,23.68928337097168,19.97541046142578,55.664817810058594,24.293209075927734,42.524906158447266,23.136932373046875,19.182758331298828,63.6494026184082,40.13873291015625
2017-04-03,21.699464797973633,,23.64862060546875,19.93332862854004,55.545021057128906,24.270416259765625,42.454795837402344,23.166213989257812,19.179018020629883,63.70072937011719,39.97901153564453
2017-04-04,21.77843475341797,,23.821456909179688,19.908065795898438,55.69047546386719,24.288644790649414,42.57944869995117,23.100322723388672,19.238840103149414,63.6664924621582,39.91511535644531
2017-04-05,21.76180648803711,,23.746904373168945,19.756549835205078,55.51079559326172,24.188396453857422,42.50153350830078,23.136932373046875,19.347261428833008,63.46963882446289,39.81927490234375
2017-04-06,21.878177642822266,,23.93668556213379,19.882816314697266,55.664817810058594,24.192951202392578,42.50153350830078,23.268718719482422,19.29865837097168,63.580909729003906,39.94248962402344
2017-04-07,21.85740089416504,,23.845182418823242,19.79863929748535,55.724693298339844,24.179283142089844,42.61840057373047,23.29801368713379,19.216405868530273,63.69219207763672,39.82383346557617
2017-04-10,21.861557006835938,,24.024803161621094,19.748126983642578,55.86159896850586,24.133710861206055,42.74305725097656,23.45909309387207,19.25005340576172,63.57233810424805,39.96989059448242
2017-04-11,21.803367614746094,,24.028194427490234,19.689205169677734,55.93858337402344,24.042572021484375,42.7586555480957,23.568918228149414,19.242578506469727,63.48673629760742,39.937931060791016
2017-04-12,21.53321647644043,,23.92652130126953,19.529272079467773,55.16857147216797,23.960552215576172,42.92226791381836,23.532312393188477,19.3846435546875,63.48673629760742,39.77820587158203
2017-04-13,21.325410842895508,,23.489334106445312,19.27672576904297,54.774986267089844,23.864850997924805,42.72748565673828,23.481054306030273,19.321090698242188,63.3241081237793,39.49980163574219
2017-04-17,21.47918701171875,,23.54016876220703,19.613452911376953,55.3739013671875,24.08358383178711,43.031341552734375,23.7519588470459,19.407073974609375,63.555233001708984,39.90598678588867
2017-04-18,21.454254150390625,,23.319873809814453,19.428251266479492,55.19424819946289,24.079030990600586,43.22612762451172,23.810537338256836,19.45194435119629,62.86189270019531,39.91053771972656
2017-04-19,21.483341217041016,,22.977596282958984,19.369335174560547,55.245567321777344,24.0607967376709,43.0625114440918,23.75928497314453,19.317350387573242,63.050254821777344,39.94705581665039
2017-04-20,21.72024154663086,,23.08942985534668,19.697629928588867,55.912933349609375,24.27953338623047,42.9767951965332,23.7519588470459,19.242578506469727,63.44395065307617,40.3669319152832
2017-04-21,21.6953067779541,,22.974205017089844,19.495595932006836,55.96426010131836,24.229408264160156,42.85213851928711,23.67142677307129,19.33978843688965,63.067317962646484,40.27565002441406
2017-04-24,21.944679260253906,,23.109773635864258,19.93332862854004,56.75995635986328,24.516498565673828,43.2417106628418,23.437122344970703,19.44072151184082,63.69219207763672,40.5357780456543
2017-04-25,22.29795265197754,,23.306324005126953,20.11009979248047,57.03374099731445,24.644092559814453,43.41312026977539,23.488372802734375,19.414552688598633,63.96610641479492,40.85525894165039
2017-04-26,22.293798446655273,,23.228378295898438,20.093263626098633,57.042301177978516,24.616748809814453,43.0625114440918,23.29068946838379,19.35474395751953,64.3170166015625,41.04694747924805
2017-04-27,22.243927001953125,,22.974205017089844,20.000667572021484,57.02519989013672,24.71700668334961,43.00798034667969,23.305334091186523,19.422029495239258,64.45398712158203,41.265987396240234
2017-04-28,22.05689811706543,,22.99114418029785,19.807058334350586,56.75995635986328,24.78079605102539,42.99237823486328,23.17354393005371,19.328567504882812,64.62516021728516,41.101707458496094
2017-05-01,22.069368362426758,,22.9267578125,19.93332862854004,56.58884811401367,24.96764373779297,42.82877731323242,23.31998062133789,19.212675094604492,64.77070617675781,41.156463623046875
2017-05-02,22.106769561767578,,22.811525344848633,19.908065795898438,56.86265182495117,25.022323608398438,42.540489196777344,23.32729721069336,19.2351016998291,64.95045471191406,41.202110290527344
2017-05-03,21.89064598083496,,22.87592124938965,20.068010330200195,56.90541458129883,24.97674560546875,42.57944869995117,23.0417423248291,19.167804718017578,64.63372802734375,40.960227966308594
2017-05-04,21.91558837890625,,22.455678939819336,20.1016788482666,56.965293884277344,24.958518981933594,42.906681060791016,23.06371307373047,19.2351016998291,65.06172180175781,40.89632797241211
2017-05-05,22.227304458618164,,22.811525344848633,20.068010330200195,57.25620651245117,25.049663543701172,43.0235481262207,23.24675941467285,19.33978843688965,65.0274887084961,41.15190505981445
2017-05-08,22.048580169677734,,22.974205017089844,20.05117416381836,57.10220718383789,25.159029006958008,43.00798034667969,23.12228775024414,19.33230972290039,64.62516021728516,41.229488372802734
2017-05-09,21.882341384887695,,22.78441619873047,19.97541046142578,57.17921447753906,25.190927505493164,42.85213851928711,23.034423828125,19.190242767333984,64.70219421386719,41.4668083190918
2017-05-10,21.952991485595703,,23.08604621887207,20.042753219604492,57.05942916870117,25.286624908447266,42.88330078125,23.158893585205078,19.22014808654785,64.513916015625,41.32533264160156
2017-05-11,21.91974639892578,,23.038591384887695,19.91648292541504,57.042301177978516,25.254722595214844,42.94562911987305,23.049070358276367,19.24631690979004,64.54814147949219,41.07887268066406
2017-05-12,21.86571502685547,,22.960647583007812,19.832313537597656,56.72574234008789,25.318519592285156,42.82096862792969,22.96120834350586,19.33978843688965,64.43687438964844,41.01955795288086
2017-05-15,22.05689811706543,,23.14026641845703,19.98383331298828,56.990970611572266,25.459781646728516,42.96121597290039,23.06371307373047,19.422029495239258,64.85627746582031,41.0286865234375
2017-05-16,22.06105613708496,,23.025039672851562,20.042753219604492,56.931095123291016,25.578275680541992,42.92226791381836,22.94655990600586,19.279958724975586,64.60803985595703,40.887203216552734
2017-05-17,21.595565795898438,,22.7979736328125,19.41141700744629,55.79314041137695,24.88105010986328,42.85993194580078,23.093002319335938,19.328567504882812,63.76066589355469,40.225440979003906
2017-05-18,21.608028411865234,,22.79119300842285,19.48717498779297,55.87015151977539,25.02687644958496,42.891109466552734,23.136932373046875,19.395862579345703,64.04312896728516,40.458213806152344
2017-05-19,21.79505157470703,,23.072486877441406,19.65553092956543,56.60595703125,25.172698974609375,43.12483215332031,23.268718719482422,19.470632553100586,64.222900390625,40.732032775878906
2017-05-22,21.819995880126953,,23.021644592285156,19.706045150756836,57.042301177978516,25.373207092285156,43.36635971069336,23.32729721069336,19.63887596130371,64.39407348632812,40.937408447265625
2017-05-23,21.83661651611328,,23.075870513916016,19.857568740844727,57.162078857421875,25.418781280517578,43.41312026977539,23.35658073425293,19.69121551513672,64.60803985595703,40.782249450683594
2017-05-24,21.982084274291992,,22.95386505126953,19.84914207458496,57.230525970458984,25.523584365844727,43.584529876708984,23.488372802734375,19.80336570739746,64.77070617675781,40.92826461791992
2017-05-25,21.9571533203125,,22.537023544311523,19.882816314697266,57.606990814208984,25.70586395263672,43.85722351074219,23.57623863220215,19.964130401611328,65.07884216308594,41.288814544677734
2017-05-26,21.998708724975586,,22.574296951293945,19.874399185180664,57.67544174194336,25.692190170288086,44.020843505859375,23.429807662963867,19.964130401611328,64.9590072631836,41.412044525146484
2017-05-30,21.994552612304688,,22.272676467895508,19.739713668823242,57.6583251953125,25.80156135559082,44.005245208740234,23.363906860351562,20.027687072753906,64.8648452758789,41.44399642944336
2017-05-31,22.06105613708496,,22.177780151367188,19.57135581970215,57.769561767578125,25.760540008544922,44.129920959472656,23.32729721069336,20.12862777709961,65.12165832519531,41.55352020263672
2017-06-01,22.327045440673828,,22.316734313964844,19.815475463867188,58.128902435302734,25.824344635009766,44.48832702636719,23.400516510009766,20.270692825317383,65.84064483642578,41.946014404296875
2017-06-02,22.381080627441406,,22.059165954589844,19.739713668823242,58.35991287231445,26.061309814453125,44.620765686035156,23.605531692504883,20.293123245239258,66.26863098144531,42.096614837646484
2017-06-05,22.3104248046875,,22.099836349487305,19.77338409423828,58.154563903808594,26.08409309387207,44.667518615722656,23.546951293945312,20.22957420349121,66.08031463623047,41.98251724243164
2017-06-06,22.322891235351562,,22.360790252685547,19.689205169677734,57.76100540161133,26.03396987915039,44.558433532714844,23.437122344970703,20.184711456298828,65.91768646240234,41.62197494506836
2017-06-07,22.351980209350586,,22.045612335205078,19.840728759765625,57.692562103271484,26.115991592407227,44.542850494384766,23.561599731445312,20.251996994018555,66.09744262695312,41.695011138916016
2017-06-08,22.41848373413086,,21.98121452331543,20.068010330200195,57.880794525146484,26.175230026245117,44.207820892333984,23.451766967773438,20.083765029907227,65.90914154052734,41.42573928833008
2017-06-09,22.705263137817383,,22.50990867614746,20.44681167602539,58.10323715209961,25.52814292907715,44.15328598022461,23.561599731445312,20.0650691986084,66.35420989990234,41.243186950683594
2017-06-12,22.617979049682617,,22.669193267822266,20.488893508911133,58.31714630126953,25.377763748168945,44.145511627197266,23.71535873413086,20.027687072753906,66.26863098144531,41.220359802246094
2017-06-13,22.90060043334961,,22.838647842407227,20.598329544067383,58.55670928955078,25.56004524230957,44.21560287475586,23.773927688598633,20.0762882232666,66.40560913085938,41.475948333740234
2017-06-14,22.6595458984375,,22.425186157226562,20.632001876831055,58.496829986572266,25.437009811401367,44.49610900878906,23.847150802612305,20.184711456298828,66.72227478027344,41.45311737060547
2017-06-15,22.46004867553711,,22.25572395324707,20.547821044921875,58.84761428833008,25.32308006286621,44.39480972290039,23.964292526245117,20.300601959228516,66.65380859375,41.279693603515625
2017-06-16,22.556921005249023,,22.623926162719727,20.525009155273438,59.04017639160156,25.278701782226562,43.92845153808594,23.951007843017578,20.393701553344727,66.76380920410156,41.26824188232422
2017-06-19,22.73648452758789,,22.48060417175293,20.736257553100586,59.401187896728516,25.65387725830078,44.14043045043945,23.96577262878418,20.325857162475586,67.45989227294922,41.58412551879883
2017-06-20,22.611204147338867,,22.1939697265625,20.558805465698242,58.76508331298828,25.447988510131836,43.967708587646484,23.921472549438477,20.337160110473633,67.683349609375,41.06224822998047
2017-06-21,22.37319564819336,,21.835664749145508,20.389808654785156,58.3696403503418,25.58981704711914,43.84208297729492,23.869794845581055,20.216554641723633,68.5427017211914,41.12633514404297
2017-06-22,22.39824867248535,,21.822017669677734,20.263059616088867,58.24928283691406,25.598974227905273,43.55159378051758,23.88456153869629,20.122337341308594,69.25596618652344,41.03022003173828
2017-06-23,22.485937118530273,,21.96874237060547,20.187007904052734,58.46421432495117,25.759105682373047,43.56727981567383,23.9879207611084,20.054492950439453,69.1528549194336,40.97984313964844
2017-06-26,22.552745819091797,,21.920976638793945,20.29686164855957,58.48141098022461,25.621849060058594,43.740020751953125,24.098665237426758,20.190174102783203,69.08409118652344,41.12633514404297
2017-06-27,22.41495132446289,,21.886852264404297,20.398256301879883,58.0429801940918,25.2009220123291,43.36315155029297,24.0026912689209,19.964033126831055,68.45675659179688,40.80132293701172
2017-06-28,22.61956214904785,,22.00628662109375,20.719364166259766,58.567344665527344,25.516620635986328,43.520172119140625,24.032217025756836,19.77181625366211,68.81768798828125,41.21332550048828
2017-06-29,22.3481388092041,,22.05405044555664,20.863008499145508,58.06877136230469,25.059080123901367,43.056949615478516,23.788576126098633,19.613525390625,68.19032287597656,40.81505584716797
2017-06-30,22.469240188598633,,22.15302085876465,20.84610366821289,58.5501708984375,25.036212921142578,43.13546371459961,23.773807525634766,19.583375930786133,68.09580993652344,41.03022003173828
2017-07-03,22.665489196777344,,22.579561233520508,21.150304794311523,58.91122055053711,24.86233901977539,43.0962028503418,23.995302200317383,19.492923736572266,68.21612548828125,40.989013671875
2017-07-05,22.59033203125,,22.122304916381836,21.18410873413086,59.083152770996094,25.109407424926758,43.06479263305664,23.707361221313477,19.398698806762695,68.62003326416016,40.8882942199707
2017-07-06,22.490108489990234,,21.876615524291992,21.023557662963867,58.567344665527344,24.880645751953125,42.8213996887207,23.279138565063477,19.391162872314453,67.7348861694336,40.47172927856445
2017-07-07,22.607032775878906,,21.842493057250977,21.167203903198242,59.02299499511719,25.168893814086914,42.79783630371094,23.412033081054688,19.406234741210938,68.07861328125,40.83336639404297
2017-07-10,22.748998641967773,,21.914148330688477,21.14185333251953,59.194915771484375,25.351900100708008,42.4995002746582,23.22745704650879,19.391162872314453,67.9497299194336,40.920352935791016
2017-07-11,22.715595245361328,,22.03358268737793,20.955951690673828,59.14333724975586,25.406810760498047,42.381736755371094,23.190542221069336,19.379858016967773,67.87239074707031,40.83793258666992
2017-07-12,22.978668212890625,,22.095003128051758,21.023557662963867,59.470001220703125,25.73623275756836,42.61725997924805,23.49325180053711,19.545684814453125,68.33645629882812,41.149234771728516
2017-07-13,22.953611373901367,,22.18372917175293,21.150304794311523,59.4270133972168,25.786558151245117,42.62511444091797,23.537548065185547,19.47784423828125,68.39657592773438,41.153804779052734
2017-07-14,23.070531845092773,,22.31680679321289,21.057361602783203,59.684898376464844,26.01532745361328,42.962730407714844,23.773807525634766,19.568294525146484,68.86064147949219,41.286563873291016
2017-07-17,23.1164608001709,,22.289508819580078,20.989755630493164,59.6505126953125,26.019906997680664,43.00984191894531,23.825498580932617,19.658754348754883,68.61143493652344,41.387271881103516
2017-07-18,23.020423889160156,,22.18372917175293,20.955951690673828,59.512977600097656,26.13886070251465,43.00984191894531,23.79595947265625,19.71528434753418,68.66299438476562,41.574954986572266
2017-07-19,23.24173355102539,,22.507905960083008,20.96440887451172,59.573150634765625,26.271541595458984,43.166866302490234,23.973159790039062,19.798206329345703,69.22159576416016,41.77638626098633
2017-07-20,23.070531845092773,,22.439659118652344,20.955951690673828,59.237876892089844,26.326452255249023,43.17471694946289,23.906713485717773,19.941425323486328,69.67704010009766,41.68939971923828
2017-07-21,23.074705123901367,,22.21784782409668,20.955951690673828,59.126136779785156,26.294424057006836,43.24538803100586,23.951007843017578,20.084638595581055,69.59970092773438,41.716861724853516
2017-07-24,23.053829193115234,,22.176897048950195,21.048908233642578,58.997196197509766,26.35848045349121,43.10405349731445,23.93623924255371,19.89620018005371,69.57392883300781,41.574954986572266
2017-07-25,23.300186157226562,,22.456714630126953,21.31085205078125,58.91980743408203,26.308147430419922,43.40241241455078,23.93623924255371,19.783132553100586,69.07549285888672,41.8679313659668
2017-07-26,23.158218383789062,,22.48060417175293,21.167203903198242,58.997196197509766,26.40880584716797,43.39455795288086,24.135583877563477,19.97157859802246,68.8434829711914,41.84961700439453
2017-07-27,23.074705123901367,,22.709232330322266,21.048908233642578,58.66191101074219,26.308147430419922,43.818538665771484,24.11343765258789,20.02056884765625,68.37083435058594,42.15633773803711
2017-07-28,22.991188049316406,,22.681930541992188,21.048908233642578,58.799468994140625,26.28069305419922,43.44951629638672,24.098665237426758,19.990421295166016,68.71456909179688,41.83589172363281
2017-07-31,22.815811157226562,,22.73311424255371,21.20100975036621,58.72209930419922,26.152587890625,43.433807373046875,24.061756134033203,20.05826187133789,68.6543960571289,41.82215118408203
2017-08-01,22.832515716552734,,22.729703903198242,21.35310935974121,58.5501708984375,26.28527069091797,43.386695861816406,24.165119171142578,20.171335220336914,68.49971008300781,41.895408630371094
2017-08-02,22.853391647338867,,22.644399642944336,21.38690948486328,58.80806350708008,26.35848045349121,43.35529327392578,24.04698944091797,20.258014678955078,68.34503936767578,41.780948638916016
2017-08-03,22.68219566345215,,22.32704734802246,21.31085205078125,59.10035705566406,26.298999786376953,43.3160400390625,23.9879207611084,20.359779357910156,68.45675659179688,41.66651153564453
2017-08-04,22.79075813293457,,22.398710250854492,21.45450210571289,59.21208572387695,26.35848045349121,43.198272705078125,24.061756134033203,20.26932144165039,68.30207824707031,41.67108917236328
2017-08-07,22.803295135498047,,22.228086471557617,21.420705795288086,59.21208572387695,26.51861000061035,43.520172119140625,24.04698944091797,20.33339500427246,68.44816589355469,41.76721954345703
2017-08-08,22.623733520507812,,22.176897048950195,21.361557006835938,59.03156661987305,26.482013702392578,43.35529327392578,23.93623924255371,20.416305541992188,68.13019561767578,41.79011535644531
2017-08-09,22.644611358642578,,22.1973819732666,21.361557006835938,59.04874801635742,26.468284606933594,43.42595291137695,23.96577262878418,20.310779571533203,68.20752716064453,41.547489166259766
2017-08-10,22.38572120666504,,21.961923599243164,20.981307983398438,58.300865173339844,25.946699142456055,43.24538803100586,23.75166130065918,20.374853134155273,67.3567886352539,40.9249267578125
2017-08-11,22.331436157226562,,21.818605422973633,20.896808624267578,58.335262298583984,26.12513542175293,43.27677917480469,23.596614837646484,20.254249572753906,67.54584503173828,41.135498046875
2017-08-14,22.540220260620117,,21.753772735595703,21.18410873413086,58.94561004638672,26.541492462158203,43.488773345947266,23.9879207611084,20.371074676513672,68.00129699707031,41.42847442626953
2017-08-15,22.544397354125977,,21.671875,21.20100975036621,58.81666564941406,26.582666397094727,43.7086181640625,23.94362449645996,20.484149932861328,68.00129699707031,41.04850769042969
2017-08-16,22.76570701599121,,21.463716506958008,21.158756256103516,58.97999572753906,26.660451889038086,43.8577766418457,24.0174503326416,20.567068099975586,68.19032287597656,41.25908660888672
2017-08-17,22.419124603271484,,21.160018920898438,20.795406341552734,57.9570198059082,26.13886070251465,43.45735549926758,23.84764289855957,20.420080184936523,67.33958435058594,40.599891662597656
2017-08-18,22.427480697631836,,21.26580047607422,20.803850173950195,57.72490692138672,26.111413955688477,43.33960723876953,23.670448303222656,20.540681838989258,67.03021240234375,40.398475646972656
2017-08-21,22.448354721069336,,21.156606674194336,20.744709014892578,57.8194694519043,26.102258682250977,43.49663162231445,23.914091110229492,20.61606216430664,67.33100128173828,40.47172927856445
2017-08-22,22.740650177001953,,21.296512603759766,20.972858428955078,58.48141098022461,26.49115753173828,43.504478454589844,23.899328231811523,20.66128921508789,68.14739990234375,40.9066047668457
2017-08-23,22.698894500732422,,21.388648986816406,20.905258178710938,57.93123245239258,26.427101135253906,43.378849029541016,24.142974853515625,20.72913360595703,67.63176727294922,40.558692932128906
2017-08-24,22.657140731811523,,21.402294158935547,20.905258178710938,57.7507209777832,26.404232025146484,42.78215789794922,24.098665237426758,20.71405601501465,67.82942199707031,40.47172927856445
2017-08-25,22.728120803833008,,21.497844696044922,20.96440887451172,58.02579879760742,26.3996524810791,42.9234733581543,24.216796875,20.78189468383789,67.84658813476562,40.572444915771484
2017-08-28,22.76152992248535,,21.402294158935547,20.829204559326172,57.99140167236328,26.449981689453125,42.79783630371094,24.091289520263672,20.81958770751953,68.20752716064453,40.59532165527344
2017-08-29,22.65296173095703,,21.375,20.76161003112793,58.41261291503906,26.564363479614258,42.947025299072266,24.076522827148438,20.77435302734375,68.33645629882812,40.558692932128906
2017-08-30,22.819995880126953,,21.385238647460938,20.84610366821289,58.65333557128906,26.756528854370117,42.939170837402344,24.1872615814209,20.71405601501465,68.68879699707031,40.8516731262207
2017-08-31,22.9953670501709,,21.48760414123535,20.87145233154297,58.851043701171875,26.91666603088379,42.95487976074219,24.305400848388672,20.71782112121582,69.8575210571289,41.043949127197266
2017-09-01,23.145692825317383,,21.69576072692871,20.930606842041016,58.90261459350586,26.89379119873047,43.159019470214844,24.305400848388672,20.65375328063965,69.80595397949219,41.231624603271484
2017-09-05,22.88262176513672,,21.8151912689209,20.482759475708008,58.309471130371094,26.655872344970703,43.221832275390625,24.283245086669922,20.706514358520508,69.50515747070312,41.06224822998047
2017-09-06,22.941083908081055,,22.170082092285156,20.533458709716797,58.3696403503418,26.67875099182129,43.40241241455078,24.32016372680664,20.612295150756836,69.84030151367188,41.318599700927734
2017-09-07,22.978668212890625,,22.21102523803711,20.178560256958008,58.49000930786133,26.77025604248047,43.46521759033203,24.50473976135254,20.766820907592773,70.61373901367188,40.961544036865234
2017-09-08,22.97031593322754,,21.975574493408203,20.364458084106445,58.68770980834961,26.550640106201172,43.253231048583984,24.512126922607422,20.86481475830078,70.93172454833984,40.81964111328125
2017-09-11,23.270967483520508,,22.18372917175293,20.719364166259766,59.194915771484375,26.925819396972656,43.520172119140625,24.6893253326416,21.041950225830078,71.48171997070312,41.0347900390625
2017-09-12,23.46721649169922,,22.320219039916992,20.96440887451172,59.478580474853516,26.989870071411133,43.61439514160156,24.42352867126465,20.691442489624023,71.63640594482422,41.217899322509766
2017-09-13,23.458866119384766,,22.600032806396484,20.99820899963379,59.39262008666992,26.95327377319336,43.63795471191406,24.32016372680664,20.58968162536621,71.3699722290039,41.51544952392578
2017-09-14,23.538206100463867,,22.709232330322266,20.955951690673828,59.67629623413086,26.86176300048828,43.55159378051758,24.489973068237305,20.763051986694336,71.46453094482422,41.291133880615234
2017-09-15,23.539037704467773,,22.762815475463867,21.017898559570312,59.923282623291016,26.97150230407715,43.627437591552734,24.57623291015625,20.79229736328125,71.23594665527344,41.175376892089844
2017-09-18,23.669185638427734,,22.859622955322266,21.26396942138672,60.26008605957031,26.99445915222168,43.69063949584961,24.43494987487793,20.579626083374023,71.21870422363281,41.03295135498047
2017-09-19,23.790929794311523,,22.95296859741211,21.425188064575195,60.32051467895508,27.113847732543945,43.55632781982422,24.189559936523438,20.537851333618164,70.6580581665039,40.9962043762207
2017-09-20,23.874895095825195,,23.10854721069336,21.55246925354004,60.760955810546875,27.00364875793457,43.13759994506836,24.122636795043945,20.385942459106445,70.72705841064453,41.13402557373047
2017-09-21,23.824514389038086,,23.11546516418457,21.603384017944336,60.942291259765625,26.856718063354492,42.72675704956055,24.0854549407959,20.382143020629883,70.36481475830078,41.065120697021484
2017-09-22,23.740550994873047,,23.233009338378906,21.57792854309082,61.097740173339844,26.8704833984375,42.60034942626953,23.87724494934082,20.215042114257812,70.36481475830078,41.13402557373047
2017-09-25,23.782533645629883,,23.56837272644043,21.55246925354004,61.097740173339844,26.55365753173828,42.908470153808594,23.966476440429688,20.401132583618164,70.15776824951172,41.04673767089844
2017-09-26,23.677587509155273,,23.558000564575195,21.54397964477539,61.097740173339844,26.65009117126465,43.01117706298828,23.988788604736328,20.36315155029297,70.04566192626953,41.05133819580078
2017-09-27,23.677587509155273,,23.658260345458984,21.80702781677246,61.16682052612305,26.920991897583008,42.679351806640625,23.78801155090332,20.089723587036133,70.01980590820312,41.27643585205078
2017-09-28,23.845504760742188,,23.679000854492188,21.840970993041992,61.13228988647461,26.953140258789062,42.679351806640625,23.959043502807617,20.161882400512695,70.08016204833984,41.22591018676758
2017-09-29,23.845504760742188,,23.675546646118164,21.942792892456055,61.31363296508789,27.136812210083008,42.64775848388672,23.973915100097656,20.146686553955078,70.49421691894531,41.382110595703125
2017-10-02,24.105785369873047,,23.668630599975586,22.12946128845215,61.736785888671875,27.178131103515625,42.56874465942383,23.884681701660156,20.180866241455078,71.2100830078125,41.460182189941406
2017-10-03,24.2065486907959,,23.644424438476562,22.205829620361328,62.00450897216797,27.242414474487305,42.61614990234375,23.87724494934082,20.123905181884766,71.19283294677734,41.6347541809082
2017-10-04,24.21494483947754,,23.62713623046875,22.104007720947266,61.98721694946289,27.224048614501953,42.750450134277344,24.0854549407959,20.325183868408203,71.53784942626953,41.850677490234375
2017-10-05,24.361879348754883,,23.73432159423828,22.333114624023438,62.13402557373047,27.48577308654785,42.940067291259766,24.159814834594727,20.306194305419922,71.5895767211914,42.0849723815918
2017-10-06,24.30730628967285,,23.53379249572754,22.358566284179688,62.125389099121094,27.527095794677734,42.51343536376953,24.092891693115234,20.29100227355957,71.49469757080078,42.1355094909668
2017-10-09,24.30310821533203,,23.582202911376953,22.273710250854492,61.952667236328125,27.59597396850586,42.394935607910156,24.144948959350586,20.31757926940918,71.04618072509766,42.00227737426758
2017-10-10,24.319900512695312,,23.60293960571289,22.37554168701172,62.047672271728516,27.62352180480957,42.766258239746094,24.182126998901367,20.515066146850586,71.2100830078125,41.960933685302734
2017-10-11,24.332496643066406,,23.658260345458984,22.333114624023438,62.01313781738281,27.715356826782227,42.85318374633789,24.315980911254883,20.6024112701416,71.34809112548828,41.9838981628418
2017-10-12,24.378671646118164,,23.571826934814453,22.16341209411621,62.341278076171875,27.646480560302734,43.034889221191406,24.487009048461914,20.708742141723633,71.27044677734375,41.703670501708984
2017-10-13,24.496219635009766,,23.558000564575195,22.171890258789062,62.229026794433594,27.77963638305664,43.113895416259766,24.553926467895508,20.564428329467773,71.08932495117188,41.90580749511719
2017-10-16,24.479429244995117,,23.60985565185547,22.316137313842773,62.29808807373047,27.880659103393555,43.12968826293945,24.43494987487793,20.51885986328125,70.77882385253906,41.960933685302734
2017-10-17,24.416461944580078,,23.623682022094727,22.205829620361328,62.13402557373047,27.880659103393555,42.971683502197266,24.43494987487793,20.640384674072266,71.72758483886719,41.9838981628418
2017-10-18,24.357683181762695,,23.45773696899414,22.324623107910156,62.15993118286133,27.949527740478516,42.916378021240234,24.39033317565918,20.6024112701416,71.83109283447266,41.86905288696289
2017-10-19,24.45003890991211,,23.385135650634766,22.341596603393555,62.33266067504883,27.866884231567383,42.6872444152832,24.375463485717773,20.81887435913086,72.27098846435547,41.86905288696289
2017-10-20,24.659950256347656,,23.430072784423828,22.604639053344727,63.00624084472656,28.055139541625977,42.58454513549805,24.338279724121094,20.834070205688477,72.34861755371094,41.97012710571289
2017-10-23,24.613767623901367,,23.309064865112305,22.587669372558594,62.60898208618164,27.921981811523438,42.55293655395508,24.249052047729492,20.845460891723633,72.1675033569336,41.685298919677734
2017-10-24,24.752309799194336,,23.354019165039062,22.748886108398438,62.96306228637695,28.000038146972656,42.402835845947266,24.092891693115234,20.86444854736328,71.68446350097656,41.7863655090332
2017-10-25,24.622167587280273,,23.191524505615234,22.613122940063477,62.341278076171875,27.848506927490234,42.28432083129883,24.033401489257812,20.77330780029297,71.5809555053711,41.625579833984375
2017-10-26,24.949626922607422,,23.23992347717285,22.740400314331055,62.427635192871094,27.96331214904785,42.315921783447266,23.899555206298828,20.777097702026367,70.8650894165039,41.772586822509766
2017-10-27,24.819480895996094,,23.281408309936523,22.723432540893555,62.45355987548828,28.71634292602539,41.95248794555664,23.936737060546875,20.906219482421875,70.84783172607422,42.44789123535156
2017-10-30,24.701927185058594,,23.402420043945312,22.630094528198242,62.02177810668945,28.780620574951172,41.596961975097656,24.0854549407959,20.910024642944336,70.08879089355469,42.25494384765625
2017-10-31,24.769102096557617,,23.47847557067871,22.570695877075195,61.77133560180664,28.904605865478516,41.9445915222168,24.167247772216797,20.93280792236328,69.95939636230469,42.259544372558594
2017-11-01,24.890851974487305,,23.744691848754883,22.604639053344727,61.736785888671875,28.90919303894043,42.07889938354492,24.144948959350586,20.815078735351562,70.13191986083984,42.2733268737793
2017-11-02,24.710325241088867,,23.675546646118164,22.816768646240234,62.09086227416992,28.9229679107666,41.97618865966797,24.35315704345703,20.891033172607422,69.81279754638672,41.95634078979492
2017-11-03,24.697731018066406,,23.744691848754883,22.723432540893555,62.03041458129883,29.15255355834961,41.984092712402344,24.35315704345703,20.966983795166016,70.39066314697266,42.12630844116211
2017-11-06,24.592782974243164,,24.287479400634766,22.697975158691406,62.06495666503906,29.216835021972656,41.533756256103516,24.72495460510254,20.887235641479492,70.17506408691406,42.4340934753418
2017-11-07,24.61796760559082,,24.256370544433594,22.384023666381836,62.15993118286133,29.230606079101562,41.99989318847656,24.955476760864258,21.13788414001465,70.32167053222656,42.18144989013672
2017-11-08,24.64316177368164,,24.138813018798828,22.273710250854492,62.05630111694336,29.391321182250977,42.4581413269043,25.141382217407227,21.153072357177734,70.48554992675781,42.22737503051758
2017-11-09,24.433256149291992,,24.21142578125,22.19734764099121,61.279075622558594,29.15714454650879,42.450225830078125,25.141382217407227,21.179658889770508,70.49421691894531,42.29169464111328
2017-11-10,24.39546775817871,,24.08350372314453,22.12946128845215,61.365447998046875,29.15714454650879,42.8847541809082,25.141382217407227,21.080917358398438,70.03704071044922,42.4340934753418
2017-11-13,24.52140998840332,,23.945209503173828,22.16341209411621,61.15819549560547,29.147960662841797,43.12968826293945,25.21574592590332,21.33156394958496,70.10603332519531,42.576515197753906
2017-11-14,24.298908233642578,,23.558000564575195,22.15492057800293,60.99411392211914,29.088268280029297,43.27979278564453,25.193435668945312,21.597408294677734,69.82139587402344,42.61326599121094
2017-11-15,24.15196990966797,,23.29178237915039,22.214317321777344,60.648685455322266,28.872459411621094,42.82155990600586,25.007532119750977,21.411317825317383,69.62303161621094,42.42951583862305
2017-11-16,24.445842742919922,,23.198440551757812,22.22280502319336,61.218658447265625,29.276521682739258,43.41411209106445,25.104196548461914,21.342960357666016,70.34754943847656,42.783241271972656
2017-11-17,24.479429244995117,,23.31252670288086,22.19734764099121,60.88185119628906,29.088268280029297,43.26400375366211,24.955476760864258,21.19484519958496,70.07157897949219,42.97159194946289
2017-11-20,24.513011932373047,,23.257211685180664,22.29917335510254,61.15819549560547,29.198467254638672,43.21659851074219,24.895984649658203,21.130285263061523,69.77826690673828,43.05428695678711
2017-11-21,24.64316177368164,,23.309064865112305,22.367050170898438,61.598602294921875,29.506113052368164,43.35881423950195,25.02983856201172,21.187252044677734,70.39066314697266,43.32073974609375
2017-11-22,24.575990676879883,,23.402420043945312,22.25674057006836,61.66769790649414,29.451007843017578,43.303504943847656,24.948040008544922,21.187252044677734,70.36481475830078,43.3620719909668
2017-11-24,24.701927185058594,,23.468103408813477,22.248252868652344,61.66769790649414,29.61631202697754,43.27190399169922,25.037275314331055,21.221433639526367,70.52867889404297,43.47232437133789
2017-11-27,24.554994583129883,,23.22955322265625,22.231294631958008,61.77133560180664,29.61631202697754,43.29560089111328,24.962913513183594,21.312576293945312,70.5890884399414,43.50448989868164
2017-11-28,24.827878952026367,,23.409334182739258,22.80828094482422,62.712623596191406,29.71273422241211,43.6511344909668,24.903425216674805,21.411317825317383,71.10659790039062,43.986854553222656
2017-11-29,24.86565589904785,,23.537256240844727,23.198596954345703,63.26530075073242,29.056121826171875,43.880252838134766,24.843936920166016,21.422710418701172,71.46021270751953,44.17520523071289
2017-11-30,25.004196166992188,,23.889894485473633,23.351335525512695,64.34477996826172,29.313262939453125,44.28318405151367,24.873680114746094,21.494863510131836,71.9949722290039,44.40031051635742
2017-12-01,24.798486709594727,,24.090415954589844,23.402250289916992,63.5502815246582,29.16172981262207,44.39380645751953,24.918296813964844,21.422710418701172,71.8483657836914,44.38193130493164
2017-12-04,25.05457878112793,,24.080045700073242,23.75862693786621,64.08570098876953,28.693382263183594,44.812538146972656,24.59111213684082,21.301185607910156,70.96857452392578,44.896453857421875
2017-12-05,24.928632736206055,,23.9763240814209,23.6313533782959,63.54164123535156,28.702560424804688,44.741416931152344,24.49444007873535,21.03154182434082,70.84783172607422,44.639198303222656
2017-12-06,24.781696319580078,,23.66516876220703,23.54649543762207,63.636627197265625,28.88623046875,45.02585220336914,24.53162384033203,21.11130142211914,70.7874526977539,44.34977722167969
2017-12-07,24.949626922607422,,23.73432159423828,23.622861862182617,64.22389221191406,29.065311431884766,44.59130859375,24.628292083740234,21.149280548095703,70.8046875,44.464630126953125
2017-12-08,24.949626922607422,,23.952125549316406,23.767112731933594,64.50022888183594,29.20305633544922,44.70982360839844,24.687776565551758,21.217636108398438,71.59819793701172,44.67594528198242
2017-12-11,24.983203887939453,,24.124990463256836,23.70770835876465,64.37066650390625,29.455598831176758,44.701908111572266,24.747268676757812,21.346755981445312,71.90010833740234,44.77241516113281
2017-12-12,24.987401962280273,,24.059303283691406,23.94530487060547,64.43978881835938,29.446414947509766,44.70982360839844,24.858808517456055,20.982175827026367,72.18474578857422,44.79079055786133
2017-12-13,25.05457878112793,,24.024730682373047,23.6483211517334,64.6902084350586,29.455598831176758,44.96262741088867,24.851369857788086,21.039146423339844,72.43486785888672,44.827545166015625
2017-12-14,24.777496337890625,,23.938291549682617,23.49558448791504,64.24979400634766,29.418869018554688,44.76512145996094,24.873680114746094,21.012557983398438,71.70172119140625,44.965354919433594
2017-12-15,24.9243106842041,,23.916725158691406,23.706993103027344,64.70301055908203,29.75438690185547,45.27293395996094,24.952611923217773,21.08960723876953,72.49061584472656,45.15988540649414
2017-12-18,25.291337966918945,,24.10117530822754,23.920116424560547,65.1631851196289,30.017093658447266,45.24905776977539,25.035320281982422,20.85578727722168,72.51661682128906,45.56553649902344
2017-12-19,25.26180648803711,,24.135976791381836,23.81781005859375,65.18058013916016,29.83273696899414,45.30476760864258,24.561677932739258,20.47631072998047,72.42998504638672,45.50559997558594
2017-12-20,25.27025032043457,,24.477046966552734,23.775196075439453,65.39762115478516,29.823518753051758,45.22517395019531,24.298542022705078,20.31532096862793,72.1961898803711,45.418033599853516
2017-12-21,25.35883903503418,,24.995616912841797,23.979785919189453,65.44971466064453,29.763599395751953,45.193336486816406,24.215848922729492,20.073837280273438,72.03165435791016,45.7130126953125
2017-12-22,25.455873489379883,,25.04782485961914,23.911588668823242,65.46708679199219,29.745174407958984,45.26498031616211,24.37372589111328,20.10450553894043,71.79784393310547,45.62546157836914
2017-12-26,25.434776306152344,,25.267087936401367,23.84339141845703,65.53653717041016,29.546993255615234,45.368438720703125,24.50153350830078,19.985675811767578,71.81515502929688,45.72686004638672
2017-12-27,25.468523025512695,,25.18355369567871,23.86896324157715,65.69285583496094,29.579252243041992,45.3604850769043,24.599266052246094,20.07000732421875,71.93638610839844,45.634681701660156
2017-12-28,25.582433700561523,,25.221839904785156,23.96273422241211,65.82306671142578,29.629953384399414,45.28885269165039,24.742115020751953,20.18116569519043,72.04031372070312,45.759124755859375
2017-12-29,25.536029815673828,,25.14874839782715,23.792240142822266,65.70150756835938,29.47325325012207,45.2808952331543,24.764665603637695,20.192665100097656,71.59867095947266,45.49176788330078
2018-01-02,25.89883804321289,,25.562908172607422,23.800765991210938,66.09220886230469,29.83734703063965,45.0023193359375,24.621824264526367,20.004838943481445,72.40402221679688,46.18321228027344
2018-01-03,26.080245971679688,,25.94573974609375,23.928638458251953,66.44821166992188,30.086219787597656,44.98640060424805,24.629337310791016,19.847688674926758,73.09679412841797,46.39525604248047
2018-01-04,26.30805778503418,,26.102357864379883,24.15027618408203,66.9344482421875,30.238317489624023,45.11375427246094,24.208330154418945,19.6828670501709,73.2007064819336,46.547359466552734
2018-01-05,26.51898765563965,,26.09191131591797,24.218473434448242,67.39464569091797,30.55632209777832,45.312721252441406,24.260957717895508,19.675201416015625,73.82423400878906,46.91613006591797
2018-01-08,26.556962966918945,,26.248537063598633,24.18437385559082,67.67247772216797,30.671539306640625,45.424163818359375,24.42635726928711,19.85918426513672,73.55577087402344,46.97144317626953
2018-01-09,26.5147705078125,,26.182411193847656,24.371919631958008,68.10662078857422,30.59318733215332,45.3604850769043,24.148181915283203,19.663700103759766,74.42176818847656,47.06364059448242
2018-01-10,26.354459762573242,,26.151077270507812,24.576505661010742,68.0979232788086,30.487192153930664,45.13762283325195,23.772281646728516,19.449045181274414,74.29185485839844,47.0313606262207
2018-01-11,26.700393676757812,,26.687047958374023,24.695852279663086,68.96617889404297,30.61162567138672,45.073951721191406,23.621917724609375,19.376218795776367,74.61225128173828,47.79655075073242
2018-01-12,26.742586135864258,,26.944595336914062,24.917491912841797,69.60870361328125,30.791358947753906,45.08985137939453,23.448999404907227,19.265056610107422,75.18380737304688,48.41423416137695
2018-01-16,26.430400848388672,,26.60352325439453,24.849294662475586,68.98355102539062,30.671539306640625,45.29679870605469,23.5617733001709,19.22289276123047,75.55616760253906,48.068519592285156
2018-01-17,26.552749633789062,,26.83670425415039,25.036834716796875,69.3655776977539,31.132421493530273,45.81417465209961,23.697099685668945,19.341720581054688,76.28358459472656,48.29899215698242
2018-01-18,26.53586769104004,,26.617443084716797,25.00273895263672,68.99222564697266,31.187721252441406,45.678863525390625,23.471546173095703,19.219064712524414,76.30091857910156,48.25751876831055
2018-01-19,26.696182250976562,,26.582637786865234,25.18175506591797,69.1919174194336,31.247638702392578,46.188262939453125,23.63694953918457,19.161563873291016,76.58670043945312,48.67699432373047
2018-01-22,26.63290023803711,,27.156890869140625,25.3863468170166,69.1919174194336,31.551809310913086,46.53847885131836,23.862491607666016,19.188396453857422,77.08894348144531,49.2162971496582
2018-01-23,26.628681182861328,,27.115131378173828,25.411922454833984,69.22666931152344,31.69009780883789,46.38725662231445,24.23088264465332,19.372385025024414,76.7165756225586,49.63115692138672
2018-01-24,26.742586135864258,,27.042043685913086,25.582416534423828,69.16587829589844,31.445816040039062,46.48276138305664,24.163217544555664,19.253555297851562,76.94173431396484,49.84320068359375
2018-01-25,26.919771194458008,,26.829744338989258,25.531265258789062,69.2353515625,31.390504837036133,46.50663757324219,24.1105899810791,19.55253791809082,77.5998764038086,49.755615234375
2018-01-26,27.03789710998535,,26.975914001464844,25.718801498413086,70.0341567993164,31.888267517089844,46.729496002197266,24.17825698852539,19.564041137695312,79.2712173461914,50.24424362182617
2018-01-29,26.729934692382812,,26.56871795654297,25.616514205932617,69.5652847290039,31.597900390625,46.54642868041992,23.900089263916016,19.31488609313965,79.05467987060547,50.10594177246094
2018-01-30,26.53586769104004,,26.03275489807129,25.2840518951416,69.01828002929688,31.312164306640625,46.23601150512695,23.80234718322754,19.349384307861328,77.39204406738281,49.85703659057617
2018-01-31,26.556962966918945,,26.050146102905273,25.352251052856445,69.22666931152344,31.547197341918945,46.0211181640625,24.29102897644043,19.564041137695312,76.29224395751953,49.6956901550293
2018-02-01,26.19414710998535,,26.31813621520996,25.590938568115234,69.1051254272461,31.574865341186523,45.82212829589844,23.847457885742188,19.25739288330078,76.31822204589844,49.14253616333008
2018-02-02,25.506498336791992,,25.21835708618164,25.028316497802734,67.71585845947266,30.639278411865234,44.94660568237305,23.576807022094727,19.119403839111328,75.24441528320312,48.67237091064453
2018-02-05,24.53196907043457,,24.16034507751465,23.766672134399414,64.64221954345703,29.3580322265625,43.31491470336914,22.967832565307617,18.80509376525879,71.91038513183594,47.0313606262207
2018-02-06,25.333528518676758,,24.351755142211914,24.201419830322266,65.82306671142578,30.201438903808594,43.7924919128418,22.922733306884766,18.525272369384766,72.70712280273438,48.234466552734375
2018-02-07,25.105714797973633,,23.94456672668457,24.218473434448242,65.94462585449219,29.814300537109375,43.60145950317383,22.81748390197754,18.437114715576172,72.62053680419922,48.086952209472656
2018-02-08,24.2239933013916,,23.220661163330078,23.152889251708984,63.40061569213867,28.579139709472656,42.662254333496094,22.103254318237305,18.230125427246094,70.10052490234375,46.16938018798828
2018-02-09,24.64586639404297,,23.20325469970703,23.596176147460938,64.08654022216797,29.27968406677246,42.749813079833984,22.622007369995117,18.61343765258789,71.09638977050781,46.47822189331055
2018-02-12,25.143686294555664,,23.582611083984375,23.928638458251953,65.1197738647461,29.80508804321289,43.187564849853516,22.682151794433594,18.75525665283203,71.76319122314453,47.109737396240234
2018-02-13,25.08041000366211,,23.485166549682617,24.030929565429688,65.2673568725586,29.878829956054688,43.38655090332031,22.84754180908203,18.83958625793457,71.81515502929688,47.354034423828125
2018-02-14,25.41790199279785,,23.82623291015625,24.602079391479492,66.09220886230469,30.42726707458496,43.3626823425293,22.704708099365234,18.62876319885254,72.62918090820312,48.11000061035156
2018-02-15,25.607744216918945,,23.76706886291504,24.738473892211914,67.09074401855469,31.007980346679688,44.07902145385742,22.915212631225586,19.042743682861328,73.4345474243164,48.538700103759766
2018-02-16,25.51493263244629,,23.707895278930664,24.704378128051758,67.10811614990234,30.96189308166504,44.25413131713867,23.065576553344727,19.211397171020508,73.9627914428711,48.3036003112793
2018-02-20,25.40103530883789,,23.579124450683594,24.627653121948242,66.43084716796875,30.989532470703125,43.251251220703125,22.832517623901367,18.962244033813477,73.14875030517578,48.15610122680664
2018-02-21,25.312435150146484,,23.182369232177734,24.661754608154297,66.44821166992188,30.791358947753906,42.733890533447266,22.4115047454834,18.713088989257812,72.8456802368164,48.086952209472656
2018-02-22,25.481185913085938,,23.43643569946289,24.45716094970703,66.89105224609375,30.828231811523438,42.84531021118164,22.667118072509766,18.808921813964844,72.73308563232422,48.146873474121094
2018-02-23,25.856653213500977,,23.94456672668457,24.82372283935547,67.44672393798828,31.473466873168945,43.25920486450195,23.080612182617188,19.2995548248291,73.89351654052734,48.81988525390625
2018-02-26,25.970556259155273,,24.087255477905273,25.198806762695312,68.37577819824219,31.96660041809082,43.52983093261719,23.163314819335938,19.242063522338867,74.82874298095703,49.23012924194336
2018-02-27,25.61195945739746,,23.77402687072754,24.960119247436523,67.51618957519531,31.64398765563965,42.956756591796875,22.667118072509766,18.935413360595703,74.04936218261719,48.18837356567383
2018-02-28,25.156339645385742,,23.22761344909668,24.61060333251953,66.55242156982422,31.41815948486328,42.51102828979492,22.637042999267578,18.80509376525879,72.86297607421875,47.97172164916992
2018-03-01,24.89900016784668,,23.192813873291016,24.18437385559082,65.25000762939453,30.897361755371094,42.41551971435547,22.524267196655273,18.808921813964844,71.70257568359375,47.455448150634766
2018-03-02,24.873687744140625,,23.300708770751953,24.244049072265625,65.23263549804688,31.19232940673828,42.77369689941406,22.44908905029297,18.759096145629883,72.42998504638672,47.501548767089844
2018-03-05,25.202749252319336,,23.54781150817871,24.585033416748047,66.01407623291016,31.510334014892578,43.14777755737305,22.764848709106445,19.142398834228516,73.08814239501953,48.068519592285156
2018-03-06,25.481185913085938,,23.56173324584961,24.687326431274414,66.3093032836914,31.57947540283203,43.17961120605469,22.85506820678711,18.885587692260742,72.98420715332031,48.4004020690918
2018-03-07,25.38837242126465,,23.384233474731445,24.64470672607422,66.30060577392578,31.754610061645508,42.789608001708984,22.952800750732422,18.74376106262207,73.35659790039062,48.073123931884766
2018-03-08,25.409467697143555,,23.37727165222168,24.721424102783203,66.64794921875,31.892864227294922,43.17961120605469,23.13323974609375,18.88174819946289,73.8501968383789,48.22524642944336
2018-03-09,25.869306564331055,,23.822751998901367,25.318153381347656,68.11529541015625,32.49662399291992,43.45820236206055,23.28359603881836,18.935413360595703,74.91534423828125,48.971988677978516
2018-03-12,25.806026458740234,,23.815792083740234,25.232900619506836,67.27310943603516,32.59801483154297,43.37860107421875,23.39637565612793,19.01590919494629,74.59493255615234,49.133331298828125
2018-03-13,25.700559616088867,,23.645254135131836,24.951595306396484,66.94313049316406,32.224700927734375,43.346763610839844,23.471546173095703,19.05807113647461,74.690185546875,48.78761672973633
2018-03-14,25.3841495513916,,23.50604248046875,24.670278549194336,66.21379852294922,32.19705581665039,42.908992767333984,23.516660690307617,19.253555297851562,74.32649230957031,48.72768783569336
2018-03-15,25.050874710083008,,23.384233474731445,24.678804397583008,66.40482330322266,32.215492248535156,42.606544494628906,23.516660690307617,19.242063522338867,74.20525360107422,48.67699432373047
2018-03-16,25.049177169799805,,23.59278678894043,24.7001895904541,66.75960540771484,32.18220520019531,42.62174987792969,23.639928817749023,19.41086196899414,74.20523834228516,48.62613296508789
2018-03-19,24.68921661376953,,23.228256225585938,24.520523071289062,66.24527740478516,31.544191360473633,42.205528259277344,23.405494689941406,19.291120529174805,73.0060043334961,48.0204963684082
2018-03-20,24.663808822631836,,23.424541473388672,24.58041000366211,66.4719467163086,31.53032684326172,42.085479736328125,23.39793586730957,19.2022705078125,73.11028289794922,48.307125091552734
2018-03-21,24.94330406188965,,24.03793716430664,24.571857452392578,66.55040740966797,31.340782165527344,41.56521987915039,23.186185836791992,19.1366024017334,72.79743957519531,48.2701416015625
2018-03-22,24.197975158691406,,23.54722023010254,23.664953231811523,64.35354614257812,30.531713485717773,41.221038818359375,23.102994918823242,19.221588134765625,70.703125,47.24381637573242
2018-03-23,23.72366714477539,,23.403507232666016,22.946277618408203,63.41204833984375,29.718029022216797,40.70877456665039,22.740009307861328,18.951189041137695,69.23448181152344,46.314552307128906
2018-03-26,24.210674285888672,,23.82411766052246,23.690624237060547,64.94636535644531,30.846088409423828,41.29306411743164,23.05006217956543,19.148191452026367,70.66835021972656,47.68301010131836
2018-03-27,23.965049743652344,,23.59979820251465,23.228618621826172,64.0484390258789,29.856718063354492,41.26905822753906,23.087871551513672,19.42245101928711,69.8341064453125,46.7491340637207
2018-03-28,23.66014862060547,,23.140628814697266,23.271400451660156,63.830509185791016,29.657922744750977,41.83734893798828,23.511363983154297,19.414730072021484,70.207763671875,46.18049240112305
2018-03-29,24.113269805908203,,23.627840042114258,23.58795738220215,64.76329040527344,30.24507713317871,42.12548828125,23.503807067871094,19.519027709960938,70.7378921508789,46.82772445678711
2018-04-02,23.58814811706543,,23.154644012451172,23.066062927246094,63.429508209228516,29.523853302001953,41.09296417236328,23.21643829345703,19.368377685546875,69.13020324707031,45.50551223754883
2018-04-03,23.92270851135254,,23.648866653442383,23.382614135742188,64.3099594116211,29.815113067626953,41.63725662231445,23.299625396728516,19.434049606323242,70.18171691894531,46.083404541015625
2018-04-04,24.07939910888672,,23.617321014404297,23.630733489990234,64.58893585205078,30.231203079223633,42.28557586669922,23.57186508178711,19.476533889770508,71.18108367919922,46.9294319152832
2018-04-05,24.528291702270508,,24.04143524169922,23.818960189819336,65.24275970458984,30.35603904724121,42.38962936401367,23.59455680847168,19.63104820251465,71.12893676757812,47.55817794799805
2018-04-06,23.931171417236328,,23.6068058013916,23.2457275390625,63.43821334838867,29.611684799194336,41.95740509033203,23.352558135986328,19.476533889770508,69.4169692993164,46.54570770263672
2018-04-09,24.062458038330078,,23.718969345092773,23.37407112121582,63.246437072753906,29.842853546142578,41.93339920043945,23.345003128051758,19.51516342163086,70.10348510742188,46.43476867675781
2018-04-10,24.557937622070312,,24.504112243652344,23.724843978881836,64.21406555175781,30.57794189453125,42.02945327758789,23.186185836791992,19.364511489868164,71.28535461425781,46.998779296875
2018-04-11,24.375839233398438,,24.75998306274414,23.442508697509766,63.74332046508789,30.39763069152832,41.949405670166016,23.246686935424805,19.33747100830078,70.703125,46.85546112060547
2018-04-12,24.634164810180664,,24.75647735595703,23.853187561035156,64.65868377685547,30.762868881225586,41.885372161865234,22.974437713623047,19.082523345947266,71.18108367919922,47.05887985229492
2018-04-13,24.608755111694336,,25.029874801635742,23.493846893310547,64.50174713134766,30.661161422729492,42.09347152709961,23.09543800354004,19.23317527770996,71.14629364013672,46.795372009277344
2018-04-16,24.939071655273438,,25.285747528076172,23.596513748168945,65.14686584472656,30.896949768066406,42.549705505371094,23.201311111450195,19.495851516723633,71.711181640625,47.146728515625
2018-04-17,25.222806930541992,,25.383892059326172,23.596513748168945,65.69608306884766,31.47022247314453,42.64577102661133,23.511363983154297,19.692853927612305,72.26734924316406,48.02512741088867
2018-04-18,25.404905319213867,,25.783466339111328,23.485286712646484,66.37602996826172,31.38701629638672,42.325599670410156,23.45086669921875,19.61945915222168,72.32817077636719,48.251651763916016
2018-04-19,25.12117576599121,,25.81501579284668,23.844629287719727,66.1929702758789,31.040266036987305,41.10098648071289,23.057626724243164,19.607872009277344,71.71986389160156,48.09908676147461
2018-04-20,24.985654830932617,,25.692338943481445,23.853187561035156,65.90528869628906,30.61030387878418,40.412620544433594,22.853439331054688,19.43017578125,71.33747863769531,47.60904312133789
2018-04-23,24.91366195678711,,25.85007095336914,23.827518463134766,65.82684326171875,30.49934959411621,40.36458969116211,22.89881706237793,19.4417667388916,71.61559295654297,47.71074676513672
2018-04-24,24.240320205688477,,25.573163986206055,23.673507690429688,63.987396240234375,29.96767807006836,40.108463287353516,22.921504974365234,19.57310676574707,71.07679748535156,46.95716857910156
2018-04-25,24.37160301208496,,25.77645492553711,23.656400680541992,64.17047882080078,29.972307205200195,40.18049240112305,22.84587860107422,19.57696533203125,71.3983383178711,47.151344299316406
2018-04-26,24.52405548095703,,26.15151023864746,23.664953231811523,63.93509292602539,30.51784324645996,40.42061996459961,23.140817642211914,19.773975372314453,72.30210876464844,47.914154052734375
2018-04-27,24.46053695678711,,25.874603271484375,23.69917869567871,63.80434799194336,30.46236801147461,40.63674545288086,23.45086669921875,19.9748477935791,72.59757232666016,48.13144302368164
2018-04-30,24.142921447753906,,25.871097564697266,23.485286712646484,62.958736419677734,30.26357078552246,40.38059616088867,23.360118865966797,19.916902542114258,71.48521423339844,47.9419059753418
2018-05-01,24.121746063232422,,25.713367462158203,23.493846893310547,62.671058654785156,30.642667770385742,40.02842330932617,23.52649688720703,19.85509490966797,71.4504623413086,48.006622314453125
2018-05-02,24.06669044494629,,25.818525314331055,23.228618621826172,62.121829986572266,30.61030387878418,39.2440185546875,23.420621871948242,19.83578109741211,70.46847534179688,47.67839813232422
2018-05-03,24.176795959472656,,25.758928298950195,23.031845092773438,62.270050048828125,30.679651260375977,39.20401382446289,23.413055419921875,19.808740615844727,69.8341064453125,47.46573257446289
2018-05-04,24.47746467590332,,25.885120391845703,23.331287384033203,62.993587493896484,31.262184143066406,39.77229309082031,23.6777400970459,19.8975887298584,70.39026641845703,48.08982849121094
2018-05-07,24.468997955322266,,25.92015838623047,23.485286712646484,63.41204833984375,31.479475021362305,39.524166107177734,23.723115921020508,19.793289184570312,70.2859878540039,48.251651763916016
2018-05-08,24.418182373046875,,26.123456954956055,23.647846221923828,63.86536407470703,31.548824310302734,39.36408615112305,23.55673599243164,19.298843383789062,69.7558822631836,48.04823303222656
2018-05-09,24.769678115844727,,26.65623664855957,23.998628616333008,64.55406951904297,31.937158584594727,39.42012023925781,23.73824119567871,19.163646697998047,70.15563201904297,48.214664459228516
2018-05-10,24.947538375854492,,26.856029510498047,24.195404052734375,64.98995208740234,32.35326385498047,39.652225494384766,23.957542419433594,19.434049606323242,71.09418487548828,48.390342712402344
2018-05-11,24.939071655273438,,26.89458465576172,24.178295135498047,65.12942504882812,32.3070182800293,39.652225494384766,23.844112396240234,19.461082458496094,72.15438079833984,48.49205780029297
2018-05-14,25.036476135253906,,27.08035659790039,24.16118812561035,65.01610565185547,32.302398681640625,39.636226654052734,23.6777400970459,19.38768768310547,72.63233184814453,48.58451843261719
2018-05-15,24.960243225097656,,27.08736228942871,24.118406295776367,64.79816436767578,31.997268676757812,39.484153747558594,23.276939392089844,19.22544288635254,71.69378662109375,48.30250549316406
2018-05-16,25.256689071655273,,27.1820011138916,24.16118812561035,65.03351593017578,32.14059066772461,39.764286041259766,23.21643829345703,19.07480239868164,72.09354400634766,48.7047233581543
2018-05-17,25.315969467163086,,27.592098236083984,24.10985565185547,65.28633880615234,31.974159240722656,39.900352478027344,23.09543800354004,18.9202823638916,72.11961364746094,48.542903900146484
2018-05-18,25.349853515625,,27.37828826904297,23.91307258605957,65.669921875,31.840087890625,39.652225494384766,23.110559463500977,18.924144744873047,72.30210876464844,48.482818603515625
2018-05-21,25.485366821289062,,27.658687591552734,24.084186553955078,66.66373443603516,32.11747360229492,39.8203239440918,23.345003128051758,19.02071189880371,72.37161254882812,48.75095748901367
2018-05-22,25.27362823486328,,27.290658950805664,24.24674415588379,65.84426879882812,32.07124328613281,39.748291015625,23.375242233276367,19.090248107910156,72.23260498046875,48.533668518066406
2018-05-23,25.214345932006836,,27.28714942932129,24.092735290527344,65.78323364257812,32.3070182800293,39.892356872558594,23.56429672241211,19.264076232910156,72.46720886230469,48.88502502441406
2018-05-24,25.125411987304688,,26.838504791259766,23.904512405395508,66.10580444335938,32.2700309753418,39.860347747802734,23.473562240600586,19.42245101928711,72.1804428100586,48.9913444519043
2018-05-25,24.989887237548828,,26.140993118286133,23.827518463134766,65.9837417602539,32.24692153930664,39.92437744140625,23.586992263793945,19.5074405670166,72.07615661621094,49.0653190612793
2018-05-29,24.557937622070312,,26.06037712097168,23.031845092773438,64.92893981933594,32.07124328613281,39.83633041381836,23.647493362426758,19.5074405670166,71.33747863769531,48.68623352050781
2018-05-30,24.845903396606445,,26.849021911621094,23.45106315612793,65.84426879882812,32.3070182800293,40.39661407470703,23.957542419433594,19.665813446044922,72.40636444091797,49.13003921508789
2018-05-31,24.638395309448242,,26.645721435546875,23.254287719726562,64.89405822753906,32.316280364990234,39.748291015625,23.881921768188477,19.69672203063965,71.61559295654297,48.89426803588867
2018-06-01,25.015302658081055,,26.77189826965332,23.51095199584961,65.60890197753906,32.866432189941406,39.748291015625,23.980239868164062,19.395410537719727,72.44115447998047,49.2548713684082
2018-06-04,25.159284591674805,,26.540571212768555,23.58795738220215,65.51299285888672,33.12995529174805,40.07645797729492,24.214670181274414,19.24090003967285,72.7105484008789,49.80502700805664
2018-06-05,25.349853515625,,26.477479934692383,23.485286712646484,65.59144592285156,33.24553298950195,39.892356872558594,24.09366798400879,19.140472412109375,72.56281280517578,50.09628677368164
2018-06-06,25.81992530822754,,26.60365867614746,23.91307258605957,66.14067840576172,33.46282196044922,39.940391540527344,24.16173553466797,18.684650421142578,73.37968444824219,50.5632209777832
2018-06-07,25.688650131225586,,27.006750106811523,23.990074157714844,66.41962432861328,33.19468688964844,40.18851089477539,24.16173553466797,18.81598472595215,73.47528076171875,50.71116256713867
2018-06-08,25.760639190673828,,26.954172134399414,24.0242977142334,66.63758087158203,33.139198303222656,40.68476486206055,24.24492073059082,18.808259963989258,73.90108489990234,50.8175048828125
2018-06-11,25.79874610900879,,27.09437370300293,23.972957611083984,66.76831817626953,33.17619705200195,41.02094650268555,24.237350463867188,18.76962661743164,74.04014587402344,51.02091598510742
2018-06-12,25.832624435424805,,26.8875732421875,23.91307258605957,66.69859313964844,33.33799743652344,41.10098648071289,24.37347984313965,18.98595428466797,73.99668884277344,51.265926361083984
2018-06-13,25.55312728881836,,26.785924911499023,23.827518463134766,66.16681671142578,33.16694259643555,40.97290802001953,23.82899284362793,18.935731887817383,74.0140609741211,51.34453201293945
2018-06-14,25.59124183654785,,26.74736785888672,23.605064392089844,65.91400909423828,33.40272903442383,41.04493713378906,24.05586051940918,19.171369552612305,74.39643096923828,51.88081741333008
2018-06-15,25.412548065185547,,26.172883987426758,23.60420799255371,65.74947357177734,33.27513885498047,41.57247543334961,24.01695442199707,19.307775497436523,74.54121398925781,51.96611785888672
2018-06-18,25.348730087280273,,26.434017181396484,23.561241149902344,65.47811126708984,33.3122673034668,40.96751403808594,23.99407958984375,19.37013816833496,73.82597351074219,51.87803649902344
2018-06-19,24.884981155395508,46.2041015625,26.374027252197266,23.5010929107666,64.09522247314453,33.14057922363281,41.185298919677734,24.02458953857422,19.56110954284668,74.01787567138672,51.813133239746094
2018-06-20,24.80414581298828,46.77750015258789,26.490478515625,23.44094467163086,64.13898468017578,33.210182189941406,41.22562789916992,24.283906936645508,19.576698303222656,74.17486572265625,52.058807373046875
2018-06-21,24.54036521911621,46.490806579589844,25.999975204467773,23.372207641601562,63.33375930786133,32.955013275146484,41.306297302246094,24.42880630493164,19.642961502075195,73.74749755859375,51.68799591064453
2018-06-22,24.89774513244629,46.69426727294922,26.51870346069336,23.260499954223633,63.552555084228516,32.84829330444336,41.64506912231445,24.642364501953125,19.77936553955078,74.07894897460938,51.59992599487305
2018-06-25,24.51058006286621,45.732452392578125,25.985864639282227,23.011314392089844,62.74732208251953,32.16627502441406,41.854774475097656,24.581348419189453,20.106746673583984,73.39859771728516,50.478172302246094
2018-06-26,24.604183197021484,45.80828094482422,26.314035415649414,22.933977127075195,62.98360824584961,32.29619598388672,41.67732620239258,24.711008071899414,20.130136489868164,73.17182159423828,50.83973693847656
2018-06-27,24.527599334716797,45.40876007080078,26.666912078857422,22.650415420532227,62.47599411010742,31.85542106628418,41.58858871459961,24.642364501953125,20.227569580078125,72.55252075195312,50.1815299987793
2018-06-28,24.621198654174805,45.861934661865234,26.631622314453125,22.84804916381836,62.56351089477539,32.245155334472656,41.58858871459961,24.886425018310547,20.21977424621582,72.64846801757812,50.575523376464844
2018-06-29,24.706283569335938,45.806434631347656,26.79747772216797,22.84804916381836,62.694820404052734,32.231239318847656,41.56440734863281,24.94744110107422,20.250947952270508,72.79673767089844,50.66359329223633
2018-07-02,24.57440185546875,46.0931282043457,26.402250289916992,22.95975112915039,62.83485794067383,32.518890380859375,41.322410583496094,24.802520751953125,20.395156860351562,73.02352142333984,50.73311996459961
2018-07-03,24.531850814819336,45.52899169921875,26.568113327026367,22.753528594970703,62.633541107177734,32.13380432128906,41.41921615600586,24.94744110107422,20.453615188598633,73.19799041748047,50.478172302246094
2018-07-05,24.744579315185547,46.22261047363281,26.539875030517578,22.805082321166992,62.939876556396484,32.58847427368164,41.99190139770508,25.275390625,20.562744140625,73.95684051513672,50.728485107421875
2018-07-06,24.86796760559082,46.95321273803711,26.70219612121582,22.91679573059082,63.15868377685547,32.96893310546875,42.12095642089844,25.382165908813477,20.7225399017334,75.02095794677734,51.127113342285156
2018-07-09,25.08920669555664,47.22142028808594,27.1009521484375,23.44094467163086,64.33155059814453,33.21946334838867,41.959651947021484,25.145732879638672,20.08336067199707,75.5704574584961,51.73896789550781
2018-07-10,25.30193328857422,47.20199966430664,27.30208969116211,23.35502052307129,64.5328140258789,33.298336029052734,42.45973587036133,25.267763137817383,20.274337768554688,75.85830688476562,51.850215911865234
2018-07-11,24.87647819519043,47.13817596435547,26.72336769104004,23.243309020996094,63.4737663269043,33.168434143066406,42.322608947753906,25.19149398803711,20.45751190185547,75.2564697265625,51.729698181152344
2018-07-12,24.936033248901367,47.87803649902344,26.769254684448242,23.28627586364746,64.21773529052734,33.69270706176758,42.26614761352539,25.25251007080078,20.47310447692871,76.09381103515625,52.07270431518555
2018-07-13,24.923269271850586,47.80405044555664,26.910396575927734,23.183164596557617,64.55036926269531,33.655582427978516,42.54039764404297,25.168615341186523,20.47699737548828,76.23335266113281,52.1885871887207
2018-07-16,24.723310470581055,47.66533279418945,26.599868774414062,23.595619201660156,64.28777313232422,33.576717376708984,42.338741302490234,25.031328201293945,20.45751190185547,75.7710952758789,52.3183708190918
2018-07-17,25.046649932861328,47.67457962036133,26.494009017944336,23.621395111083984,64.5416030883789,33.82725524902344,42.70170974731445,24.86354637145996,20.441930770874023,76.18973541259766,52.36936569213867
2018-07-18,24.81265640258789,47.53586196899414,26.51164436340332,23.999469757080078,65.25056457519531,33.77157211303711,42.35487747192383,24.772014617919922,20.336688995361328,76.25082397460938,52.33692932128906
2018-07-19,24.90200424194336,47.202919006347656,26.51870346069336,23.638582229614258,65.22431182861328,33.65094757080078,42.37907028198242,25.008451461791992,20.523771286010742,75.82341003417969,52.216407775878906
2018-07-20,24.79988670349121,47.045692443847656,26.42696189880371,23.681543350219727,65.154296875,33.66023254394531,42.637184143066406,24.78727149963379,20.37957000732422,75.67513275146484,51.984649658203125
2018-07-23,24.66374969482422,47.23991394042969,26.310504913330078,24.0080623626709,64.75166320800781,33.83189392089844,42.371009826660156,24.718629837036133,20.235361099243164,75.8321304321289,51.929012298583984
2018-07-24,24.98284149169922,47.572845458984375,26.642213821411133,24.076807022094727,65.02299499511719,34.01746368408203,42.451663970947266,24.649988174438477,20.305517196655273,76.52120971679688,51.776058197021484
2018-07-25,25.17854881286621,47.915035247802734,26.864530563354492,24.128368377685547,66.01201629638672,34.44430923461914,42.77429962158203,24.894046783447266,20.36397933959961,77.49809265136719,52.15614700317383
2018-07-26,25.323209762573242,46.1079216003418,27.157411575317383,24.11977195739746,66.51968383789062,33.9154052734375,43.000152587890625,24.97794532775879,20.582231521606445,77.28004455566406,51.88267517089844
2018-07-27,25.229604721069336,45.2330436706543,27.04096221923828,24.171329498291016,66.5284652709961,33.33544921875,43.05662536621094,24.749141693115234,20.515974044799805,76.72179412841797,51.74824142456055
2018-07-30,25.18280601501465,44.52093505859375,27.263277053833008,24.18851661682129,65.87201690673828,32.81582260131836,43.00822067260742,24.726261138916016,20.391258239746094,76.76542663574219,51.33570098876953
2018-07-31,25.412548065185547,44.81687927246094,27.21388053894043,24.016658782958984,67.3249282836914,32.90396499633789,43.209877014160156,25.206748962402344,20.57443618774414,77.56787872314453,51.576725006103516
2018-08-01,25.15302276611328,44.63190841674805,26.836292266845703,24.016658782958984,66.4146499633789,33.20091247558594,42.84689712524414,25.374540328979492,20.441930770874023,77.58534240722656,51.32179260253906
2018-08-02,24.987092971801758,44.9278564453125,26.688085556030273,24.02525520324707,66.32714080810547,33.61845779418945,43.2824821472168,25.25251007080078,20.54326057434082,77.8731460571289,51.6740837097168
2018-08-03,25.2253475189209,45.2330436706543,26.550466537475586,24.16273307800293,66.3884048461914,33.73909378051758,43.7906379699707,25.580467224121094,20.7731990814209,78.33546447753906,51.850215911865234
2018-08-06,25.216833114624023,45.68621063232422,26.649267196655273,24.2916259765625,66.48467254638672,33.920040130615234,43.83096694946289,25.527082443237305,20.788795471191406,78.47499084472656,52.1978645324707
2018-08-07,25.30193328857422,45.7416877746582,26.846878051757812,24.403322219848633,66.95731353759766,34.049949645996094,43.56477737426758,25.47368621826172,20.757617950439453,78.48371887207031,52.43890380859375
2018-08-08,25.1955623626709,45.70470428466797,26.652793884277344,24.463481903076172,66.65974426269531,34.142738342285156,43.23406982421875,25.313522338867188,20.648488998413086,78.60586547851562,52.49453353881836
2018-08-09,25.33171844482422,45.95441436767578,26.405778884887695,24.317401885986328,66.29212188720703,34.156673431396484,43.10500717163086,25.359281539916992,20.74202537536621,78.51863098144531,52.68918991088867
2018-08-10,24.965818405151367,45.56597900390625,26.568113327026367,24.033842086791992,65.7057113647461,33.88292694091797,42.94369125366211,25.1152286529541,20.652387619018555,78.17843627929688,52.24885940551758
2018-08-13,24.71479606628418,45.50123596191406,26.22934341430664,23.801841735839844,65.39059448242188,33.836544036865234,42.94369125366211,25.107601165771484,20.67966651916504,78.20459747314453,51.984649658203125
2018-08-14,24.923269271850586,45.82491683959961,26.29286766052246,24.02525520324707,65.84574127197266,34.045310974121094,43.24213409423828,25.206748962402344,20.7225399017334,78.5709457397461,52.48988342285156
2018-08-15,24.527599334716797,45.186798095703125,25.37538719177246,23.83620834350586,65.5306625366211,33.73909378051758,43.419586181640625,25.427927017211914,20.913516998291016,78.44010925292969,51.850215911865234
2018-08-16,24.676504135131836,45.168304443359375,25.55887794494629,24.154138565063477,66.3621597290039,33.887569427490234,44.040679931640625,25.6262264251709,21.139562606811523,79.20765686035156,52.10517120361328
2018-08-17,24.859458923339844,44.955596923828125,25.622398376464844,24.205698013305664,66.7647705078125,33.9385986328125,44.37946701049805,25.870288848876953,21.24869155883789,79.45188903808594,52.151512145996094
2018-08-20,25.03389549255371,45.029579162597656,25.795318603515625,24.283031463623047,67.21114349365234,33.887569427490234,44.355255126953125,25.900794982910156,21.174640655517578,79.71356201171875,52.522342681884766
2018-08-21,25.13174819946289,45.307029724121094,25.92586898803711,24.37755584716797,67.71005249023438,33.94324493408203,44.040679931640625,25.66436195373535,21.02263832092285,79.71356201171875,52.93951416015625
2018-08-22,25.004112243652344,45.25154495239258,26.236408233642578,24.2916259765625,67.05359649658203,34.045310974121094,43.76642990112305,25.504196166992188,20.866748809814453,79.79207611083984,52.99513244628906
2018-08-23,24.83392906188965,45.06657791137695,26.11290168762207,24.179920196533203,66.86102294921875,34.119544982910156,43.66157531738281,25.44318962097168,20.851150512695312,79.76590728759766,52.944149017333984
2018-08-24,25.157272338867188,45.723201751708984,26.303443908691406,24.265850067138672,67.1498794555664,34.462867736816406,43.60512161254883,25.618600845336914,20.940793991088867,80.14969635009766,53.25471115112305
2018-08-27,25.501893997192383,46.1671028137207,26.497529983520508,24.59237289428711,67.99885559082031,34.778358459472656,43.62931442260742,25.580467224121094,20.812175750732422,80.43753051757812,53.597721099853516
2018-08-28,25.404043197631836,45.96365737915039,26.384614944458008,24.56659698486328,67.85884094238281,34.838680267333984,43.484107971191406,25.893169403076172,20.769306182861328,80.48114776611328,53.704322814941406
2018-08-29,25.595495223999023,46.22261047363281,26.546945571899414,24.557998657226562,67.91134643554688,35.15419006347656,43.53252029418945,25.85503387451172,20.921302795410156,81.00447845458984,54.306922912597656
2018-08-30,25.293420791625977,45.9359130859375,26.47283363342285,24.36895751953125,67.43871307373047,35.04745101928711,43.3953971862793,25.717748641967773,20.92910385131836,80.94342041015625,53.99634552001953
2018-08-31,25.216833114624023,45.48274612426758,26.26816177368164,24.343183517456055,67.48248291015625,35.07530212402344,43.3792610168457,25.816892623901367,20.839466094970703,80.92597961425781,54.20957565307617
2018-09-04,25.042404174804688,44.91860580444336,26.211708068847656,24.463481903076172,67.4299545288086,34.94074630737305,43.32280349731445,25.58808708190918,20.932998657226562,80.2805404663086,54.31155014038086
2018-09-05,25.208337783813477,44.335968017578125,26.176414489746094,24.480670928955078,67.91134643554688,34.50462341308594,43.82289505004883,25.748254776000977,21.225299835205078,80.603271484375,53.727516174316406
2018-09-06,25.259384155273438,44.00303268432617,25.692974090576172,24.36895751953125,68.12140655517578,34.25410079956055,43.94388961791992,25.832157135009766,21.34612464904785,80.603271484375,53.57917785644531
2018-09-07,25.093454360961914,44.095523834228516,25.68944549560547,24.343183517456055,67.91134643554688,34.13810348510742,43.85516357421875,25.504196166992188,21.084993362426758,80.72537231445312,53.57453918457031
2018-09-10,25.12323570251465,44.18799591064453,25.678861618041992,24.317401885986328,68.2614517211914,34.24480438232422,44.0084114074707,25.6414737701416,21.190231323242188,80.51603698730469,53.77386474609375
2018-09-11,25.174293518066406,44.63190841674805,25.92234230041504,24.343183517456055,68.24394226074219,34.537113189697266,43.847103118896484,25.649110794067383,21.135663986206055,80.44627380371094,54.204933166503906
2018-09-12,25.18705177307129,44.50242614746094,26.056434631347656,24.11977195739746,68.4540023803711,34.393272399902344,44.355255126953125,25.671981811523438,21.11617660522461,80.84748840332031,54.306922912597656
2018-09-13,25.284914016723633,44.81687927246094,26.067026138305664,24.085403442382812,68.86537170410156,34.796932220458984,44.290733337402344,25.832157135009766,21.27596664428711,81.85055541992188,54.399620056152344
2018-09-14,25.27640151977539,44.733646392822266,26.20464515686035,24.25725555419922,69.20671844482422,34.76910400390625,44.16973876953125,25.61097526550293,21.162946701049805,81.58015441894531,54.1956672668457
2018-09-17,25.36574935913086,44.29896545410156,26.246986389160156,24.154138565063477,69.23298645019531,34.33297348022461,44.331058502197266,25.755882263183594,21.233097076416016,81.2835922241211,53.5235595703125
2018-09-18,25.391279220581055,44.61341857910156,26.41990089416504,24.274444580078125,69.86318969726562,34.551029205322266,44.14554977416992,25.603343963623047,21.194128036499023,81.75462341308594,54.204933166503906
2018-09-19,25.667831420898438,44.733646392822266,26.50106430053711,24.6868896484375,69.80191040039062,34.462867736816406,44.06488800048828,25.359281539916992,20.734230041503906,81.64122009277344,54.228111267089844
2018-09-20,25.944366455078125,45.22380065917969,26.508119583129883,24.901708602905273,69.90693664550781,34.87116241455078,44.621437072753906,25.549959182739258,20.777101516723633,82.4349594116211,54.598934173583984
2018-09-21,25.888370513916016,45.021636962890625,26.68328094482422,24.80504035949707,70.35900115966797,34.73335647583008,44.69292449951172,25.54996109008789,20.865581512451172,82.54618072509766,54.35765075683594
2018-09-24,25.525009155273438,45.021636962890625,27.074113845825195,24.52885627746582,69.15410614013672,34.90561294555664,44.010581970214844,25.04897689819336,20.680755615234375,82.71253204345703,54.004310607910156
2018-09-25,25.39249610900879,45.04017639160156,27.248214721679688,24.43391990661621,68.94302368164062,34.863712310791016,43.75064468383789,25.025856018066406,20.397619247436523,82.45858764648438,54.23212432861328
2018-09-26,25.14027976989746,45.21638107299805,26.985292434692383,24.14046859741211,68.8990478515625,34.73335647583008,43.79938888549805,24.748390197753906,20.197059631347656,82.64248657226562,54.35765075683594
2018-09-27,24.922256469726562,45.60585021972656,26.985292434692383,24.05416488647461,68.99580383300781,34.938201904296875,43.742523193359375,24.82546615600586,20.40548324584961,83.06278991699219,54.54362106323242
2018-09-28,24.76409149169922,45.438941955566406,26.910676956176758,23.80386734008789,68.95182800292969,35.068546295166016,43.80751037597656,25.133758544921875,20.704355239868164,83.31671905517578,54.497127532958984
2018-10-01,25.01202392578125,45.25346374511719,27.283740997314453,23.898805618286133,69.55866241455078,35.23613357543945,43.7750244140625,24.941076278686523,20.633569717407227,83.72826385498047,54.32975387573242
2018-10-02,25.11890411376953,45.21638107299805,27.312170028686523,23.898805618286133,69.71695709228516,35.240787506103516,44.026832580566406,24.86400032043457,20.912771224975586,83.6319580078125,53.59519577026367
2018-10-03,24.939359664916992,45.42039489746094,27.532466888427734,24.123207092285156,70.00719451904297,35.34786605834961,43.55569076538086,24.578828811645508,20.661090850830078,83.47432708740234,53.413883209228516
2018-10-04,24.823932647705078,44.77125549316406,27.418760299682617,24.287193298339844,69.77853393554688,34.710079193115234,43.45009994506836,24.463214874267578,20.771202087402344,82.65996551513672,52.5770378112793
2018-10-05,24.640119552612305,44.34469223022461,27.41520881652832,24.16636085510254,69.41793823242188,34.27248764038086,43.40947723388672,24.47092056274414,21.089723587036133,82.56368255615234,52.181854248046875
2018-10-08,24.627294540405273,44.19631576538086,27.393884658813477,24.330347061157227,69.59383392333984,33.8860969543457,44.010581970214844,24.78692626953125,21.266695022583008,82.52864074707031,52.316673278808594
2018-10-09,23.810802459716797,44.16850280761719,27.639055252075195,24.235410690307617,68.52088165283203,34.00712966918945,43.913116455078125,24.87171173095703,21.35320281982422,82.66876220703125,52.16325759887695
2018-10-10,23.186676025390625,42.42512512207031,26.772106170654297,23.484521865844727,66.3133544921875,32.35914611816406,43.38511276245117,24.478635787963867,21.235231399536133,80.71609497070312,50.4058837890625
2018-10-11,22.917362213134766,42.0634651184082,25.866086959838867,22.78542709350586,64.56319427490234,31.949481964111328,42.312870025634766,23.761844635009766,20.845918655395508,78.5357437133789,49.51791000366211
2018-10-12,22.981481552124023,43.000064849853516,25.93714141845703,22.811311721801758,64.99413299560547,32.973670959472656,42.54843521118164,23.746435165405273,20.82232093811035,79.7441177368164,50.433780670166016
2018-10-15,22.904541015625,42.833152770996094,25.720409393310547,22.707746505737305,65.11724853515625,32.43362808227539,42.80837631225586,23.892873764038086,20.920637130737305,79.1925048828125,50.31755447387695
2018-10-16,23.272171020507812,43.9644889831543,25.933591842651367,23.087509155273438,66.21659088134766,33.41124725341797,43.287635803222656,24.33989906311035,21.136924743652344,81.3640365600586,51.32640838623047
2018-10-17,23.1225528717041,44.14067459106445,25.77015495300293,23.32053565979004,65.73291778564453,33.25762176513672,43.4907112121582,24.270526885986328,21.097599029541016,81.7931137084961,50.903343200683594
2018-10-18,22.86178970336914,43.33390808105469,25.64224624633789,22.932147979736328,64.59834289550781,32.605873107910156,43.43384552001953,24.278244018554688,21.12905502319336,80.86494445800781,49.9270133972168
2018-10-19,22.6993408203125,43.32463455200195,25.41485023498535,23.01846694946289,64.36089324951172,32.5919075012207,44.42485427856445,24.524879455566406,21.45938491821289,80.12940216064453,49.43886947631836
2018-10-22,22.51980209350586,43.29680633544922,25.134157180786133,22.526498794555664,64.14102172851562,32.8619270324707,44.09180450439453,24.178049087524414,21.321744918823242,79.47267150878906,49.63877868652344
2018-10-23,22.297513961791992,43.20408248901367,24.47685432434082,22.345252990722656,63.08561325073242,32.736228942871094,44.28677749633789,24.332191467285156,21.203767776489258,79.04359436035156,49.64807891845703
2018-10-24,21.592161178588867,41.14542007446289,23.510427474975586,21.784250259399414,60.9484748840332,31.269792556762695,44.47359085083008,24.617366790771484,21.718923568725586,76.43421936035156,48.16501235961914
2018-10-25,21.87002944946289,42.50857925415039,23.798219680786133,22.120847702026367,61.37944793701172,32.345184326171875,44.579200744628906,24.91024398803711,21.3807373046875,77.42369842529297,49.620182037353516
2018-10-26,21.74178695678711,41.358707427978516,23.620574951171875,21.8015079498291,60.7725715637207,31.698091506958008,43.726280212402344,24.26282501220703,20.98748779296875,76.54804992675781,48.07667541503906
2018-10-29,21.690492630004883,40.71885681152344,23.179988861083984,21.991384506225586,59.761173248291016,31.162729263305664,44.22990798950195,24.663610458374023,21.282421112060547,76.74068450927734,47.653602600097656
2018-10-30,22.18636703491211,41.831642150878906,23.716495513916016,22.371150970458984,60.99246597290039,31.51188850402832,45.1071891784668,25.072099685668945,21.365007400512695,77.56377410888672,48.369571685791016
2018-10-31,22.489877700805664,42.69405746459961,23.8621768951416,22.68185806274414,61.45859146118164,32.26137924194336,44.68479537963867,24.732980728149414,21.113327026367188,77.66885375976562,48.992557525634766
2018-11-01,23.1225528717041,42.944427490234375,24.064695358276367,22.78542709350586,62.54035568237305,32.63846206665039,45.00159454345703,24.82546615600586,21.018951416015625,78.64957427978516,49.99211883544922
2018-11-02,23.066984176635742,42.50857925415039,24.004297256469727,22.768165588378906,62.43479537963867,32.00069046020508,44.76602554321289,24.617366790771484,20.900970458984375,78.15923309326172,50.19668197631836
2018-11-05,23.1353816986084,42.332393646240234,24.405794143676758,23.13066291809082,62.76023483276367,31.968101501464844,45.32651901245117,25.025856018066406,21.195907592773438,78.85099029541016,50.26641082763672
2018-11-06,23.51584243774414,42.58277130126953,24.519487380981445,23.251493453979492,63.41982650756836,32.168270111083984,45.60268783569336,25.164588928222656,21.33747673034668,79.25376892089844,50.48956298828125
2018-11-07,23.939041137695312,43.36172103881836,24.920978546142578,23.55357551574707,64.44883728027344,33.11330032348633,45.86262893676758,25.442052841186523,21.58129119873047,81.58296203613281,51.85641860961914
2018-11-08,23.836454391479492,42.953704833984375,24.380918502807617,23.62261962890625,64.34329986572266,33.08537292480469,45.88700485229492,25.496007919311523,21.545896530151367,81.62674713134766,51.870365142822266
2018-11-09,23.50301742553711,42.07275390625,24.338281631469727,23.40684700012207,63.69246292114258,32.51276779174805,46.15506362915039,25.526838302612305,21.577356338500977,81.39032745361328,51.14976119995117
2018-11-12,23.156753540039062,41.44216537475586,23.833751678466797,22.94078254699707,62.43479537963867,31.367563247680664,45.911376953125,25.580780029296875,21.5655574798584,80.28704071044922,50.12228775024414
2018-11-13,23.088359832763672,41.312339782714844,23.286584854125977,23.070241928100586,62.716243743896484,31.404817581176758,45.80576705932617,25.634735107421875,21.656002044677734,79.72660827636719,50.09904861450195
2018-11-14,23.06270980834961,41.516357421875,23.247501373291016,22.75954246520996,62.50517272949219,31.027711868286133,45.49709701538086,25.62702751159668,21.431852340698242,79.08738708496094,49.72247314453125
2018-11-15,23.37904930114746,41.822364807128906,23.588592529296875,23.09613800048828,63.33189392089844,31.805166244506836,45.42399215698242,25.4266414642334,21.254892349243164,79.78792572021484,49.64807891845703
2018-11-16,23.614158630371094,41.61835861206055,23.869281768798828,23.122028350830078,63.3143196105957,31.753952026367188,45.5377197265625,25.78888702392578,21.58129119873047,80.593505859375,49.45280838012695
2018-11-19,23.27644920349121,40.35718536376953,23.8621768951416,23.113401412963867,62.31167221069336,30.543577194213867,45.464603424072266,25.858247756958008,21.67566680908203,79.56900024414062,48.24403381347656
2018-11-20,22.853239059448242,39.82862091064453,23.08051300048828,22.60418128967285,61.018829345703125,29.887163162231445,44.709163665771484,25.519128799438477,21.585224151611328,78.82472229003906,47.151493072509766
2018-11-21,23.037059783935547,40.301551818847656,23.442920684814453,22.621440887451172,61.44979476928711,30.105972290039062,44.351749420166016,25.503713607788086,21.266695022583008,78.37814331054688,47.64430618286133
2018-11-23,22.789121627807617,39.772987365722656,22.707443237304688,22.44019317626953,61.32665252685547,29.831308364868164,44.50608444213867,25.411222457885742,21.278491973876953,78.49195861816406,47.430450439453125
2018-11-26,23.04987907409668,40.681758880615234,23.048532485961914,22.897626876831055,61.775211334228516,30.506328582763672,44.56294250488281,25.465181350708008,21.40433120727539,79.25376892089844,48.49510192871094
2018-11-27,22.76774787902832,40.81157684326172,22.98457908630371,22.914892196655273,61.66966247558594,30.566850662231445,44.96097946166992,25.603910446166992,21.5655574798584,80.07686614990234,48.63922119140625
2018-11-28,23.118288040161133,41.66472244262695,23.37896156311035,23.355066299438477,63.147212982177734,31.6375732421875,45.334632873535156,25.812007904052734,21.549827575683594,82.00328063964844,50.07579803466797
2018-11-29,23.285003662109375,41.803829193115234,23.531740188598633,23.156557083129883,63.18239212036133,31.33032989501953,45.40774917602539,25.84283447265625,21.541963577270508,82.27471160888672,49.843345642089844
2018-11-30,23.3448486328125,41.738914489746094,23.489103317260742,23.277387619018555,63.798030853271484,31.628252029418945,45.7001838684082,26.08946990966797,21.860492706298828,83.94718170166016,50.20596694946289
2018-12-03,23.755231857299805,41.803829193115234,24.011396408081055,23.424108505249023,64.53679656982422,32.32656478881836,45.74079513549805,26.21278953552246,22.080713272094727,83.54440307617188,51.14508819580078
2018-12-04,23.04987907409668,40.57046890258789,23.322118759155273,22.40566635131836,61.79281234741211,31.10219955444336,44.96909713745117,25.86595916748047,22.096437454223633,81.67929077148438,49.304039001464844
2018-12-06,22.737821578979492,41.02486801147461,22.892194747924805,22.094961166381836,61.44979476928711,31.172033309936523,45.017845153808594,26.575042724609375,22.120031356811523,81.372802734375,49.541141510009766
2018-12-07,22.19063949584961,40.24592208862305,22.7642879486084,21.672046661376953,59.83154296875,30.07338523864746,44.44923400878906,26.174251556396484,22.202613830566406,79.29754638671875,48.058074951171875
2018-12-10,22.25048828125,40.551937103271484,22.40898895263672,21.369964599609375,59.98105239868164,30.487707138061523,44.44923400878906,26.074060440063477,22.24587059020996,79.60401153564453,48.095272064208984
2018-12-11,22.177818298339844,40.58902359008789,22.416086196899414,21.162830352783203,59.629249572753906,30.524953842163086,44.814762115478516,26.120309829711914,22.336320877075195,79.84921264648438,48.11386489868164
2018-12-12,22.370189666748047,41.02486801147461,22.504915237426758,21.283662796020508,59.963462829589844,30.76236915588379,44.757911682128906,25.62702751159668,22.194753646850586,80.53218841552734,48.62062454223633
2018-12-13,22.109418869018555,40.83940505981445,22.575979232788086,21.128307342529297,59.796348571777344,30.813575744628906,45.03407287597656,25.80430030822754,22.387441635131836,80.61100006103516,48.378875732421875
2018-12-14,21.938430786132812,40.44066619873047,22.060787200927734,20.92116355895996,58.96963119506836,30.059410095214844,44.27052307128906,25.758056640625,22.34418296813965,77.89655303955078,47.574562072753906
2018-12-17,21.562244415283203,39.65242004394531,21.659292221069336,20.714019775390625,58.002193450927734,29.421634674072266,43.24702072143555,24.794635772705078,21.624542236328125,76.34664916992188,46.36579895019531
2018-12-18,21.681930541992188,39.82862091064453,21.147659301757812,20.636350631713867,58.29243469238281,29.654403686523438,42.73527145385742,25.04126739501953,21.479047775268555,75.68118286132812,46.728424072265625
2018-12-19,21.386974334716797,38.97548294067383,20.898944854736328,20.37742042541504,57.193077087402344,29.067832946777344,42.32099533081055,24.810049057006836,21.44365119934082,74.69170379638672,45.80323791503906
2018-12-20,21.10056495666504,38.28925323486328,20.319793701171875,20.1961727142334,56.146480560302734,28.546438217163086,41.56554412841797,24.509462356567383,21.431852340698242,73.64093780517578,44.77578353881836
2018-12-21,20.910812377929688,37.037010192871094,20.122554779052734,19.792339324951172,55.08634567260742,27.67912483215332,41.13437271118164,24.13438606262207,21.340242385864258,72.72615051269531,43.761104583740234
2018-12-24,20.368684768676758,36.25553512573242,19.308475494384766,19.375471115112305,53.396141052246094,26.94038963317871,39.94575119018555,23.245433807373047,20.44792366027832,70.98452758789062,42.9303092956543
2018-12-26,21.280841827392578,38.2929801940918,20.509868621826172,20.252626419067383,55.882789611816406,28.567472457885742,41.06059646606445,23.98622703552246,20.725536346435547,74.08074188232422,45.47402572631836
2018-12-27,21.672380447387695,38.469749450683594,20.617462158203125,20.495798110961914,56.58185958862305,28.7731990814209,41.454071044921875,24.040807723999023,20.900033950805664,74.8987808227539,45.71672439575195
2018-12-28,21.55620765686035,38.348785400390625,20.45966339111328,20.487110137939453,56.431419372558594,28.707740783691406,41.454071044921875,24.1265869140625,20.951587677001953,74.98674011230469,45.72138977050781
2018-12-31,21.736927032470703,38.40462112426758,20.56725311279297,20.686853408813477,56.997772216796875,28.97892189025879,41.6262092590332,24.173370361328125,20.987281799316406,76.09506225585938,46.21146011352539
2019-01-02,21.848793029785156,38.91630554199219,20.972501754760742,20.860549926757812,57.289794921875,28.99762725830078,41.38029479980469,23.619731903076172,20.626394271850586,74.94275665283203,46.5615119934082
2019-01-03,21.22920799255371,38.26506805419922,20.764501571655273,20.39158058166504,55.54650115966797,27.534189224243164,41.1425666809082,23.72889518737793,20.62242317199707,73.4210433959961,45.55337905883789
2019-01-04,22.063920974731445,39.91179275512695,21.470993041992188,21.068981170654297,57.652610778808594,28.754499435424805,42.019691467285156,23.97062873840332,20.927797317504883,75.61127471923828,47.0609245300293
2019-01-07,22.14137077331543,40.367652893066406,21.790164947509766,21.095035552978516,58.121620178222656,29.01165008544922,41.96229934692383,24.173370361328125,20.785022735595703,75.90156555175781,48.12508010864258
2019-01-08,22.37371063232422,41.04679870605469,21.95872688293457,21.11240577697754,58.91804504394531,29.25478172302246,42.347572326660156,24.594463348388672,21.042804718017578,76.49089050292969,48.65715789794922
2019-01-09,22.382314682006836,41.10261535644531,22.30659294128418,21.216623306274414,59.316261291503906,29.63349723815918,41.954105377197266,24.493080139160156,20.91590118408203,76.83391571044922,48.90452194213867
2019-01-10,22.580230712890625,41.18635559082031,22.371145248413086,21.22530746459961,60.12153625488281,29.7644100189209,42.200016021728516,24.88298225402832,21.189542770385742,76.98346710205078,48.76450729370117
2019-01-11,22.489877700805664,40.9816780090332,22.238452911376953,21.277416229248047,60.05961227416992,29.708303451538086,42.32299041748047,24.929765701293945,21.110225677490234,77.2385482788086,48.811187744140625
2019-01-14,22.317773818969727,40.83281707763672,22.184661865234375,21.42505645751953,60.05075454711914,29.43244743347168,42.1180534362793,24.851791381835938,20.634321212768555,76.38534545898438,48.512474060058594
2019-01-15,22.171485900878906,41.511959075927734,22.263561248779297,21.61611557006836,59.86493682861328,29.876619338989258,42.53611755371094,25.13251304626465,20.888137817382812,77.75753021240234,48.95119857788086
2019-01-16,22.257539749145508,41.33521270751953,22.234865188598633,22.076400756835938,59.926856994628906,29.904674530029297,42.30658721923828,25.24948501586914,20.96348762512207,77.61678314208984,48.839195251464844
2019-01-17,22.649080276489258,41.50267028808594,22.439281463623047,22.197986602783203,60.953372955322266,30.096376419067383,42.48694610595703,25.374242782592773,21.050737380981445,78.30286407470703,49.170562744140625
2019-01-18,23.023406982421875,41.83760452270508,22.89474105834961,22.58011245727539,62.11261749267578,30.5545711517334,42.99517822265625,25.46782112121582,21.07453155517578,79.23526000976562,49.85200881958008
2019-01-22,22.70501136779785,40.97237777709961,22.39624786376953,22.319576263427734,60.82948303222656,30.040264129638672,42.60169219970703,25.421035766601562,21.114194869995117,78.68988800048828,49.105220794677734
2019-01-23,22.55011749267578,40.78630447387695,22.166728973388672,22.34562873840332,60.917991638183594,30.143129348754883,43.10993194580078,25.436628341674805,21.32834815979004,78.7778549194336,49.203243255615234
2019-01-24,22.429645538330078,40.97237777709961,22.28507423400879,22.39773178100586,61.227699279785156,30.395612716674805,42.57709884643555,25.538000106811523,21.439390182495117,78.1181640625,49.408599853515625
2019-01-25,22.855607986450195,41.493370056152344,22.56839370727539,22.58011245727539,62.00640869140625,30.82575035095215,42.40496063232422,25.834318161010742,21.145919799804688,78.21490478515625,49.95467758178711
2019-01-28,22.821178436279297,41.130531311035156,22.342453002929688,22.510637283325195,61.41353988647461,30.414316177368164,42.585304260253906,26.09164810180664,21.04676628112793,77.3265151977539,49.66532516479492
2019-01-29,23.057830810546875,40.64674377441406,22.410594940185547,22.432476043701172,62.263031005859375,30.087020874023438,42.68367385864258,26.294389724731445,21.106258392333984,77.70475006103516,49.3432502746582
2019-01-30,23.30307960510254,41.23286056518555,22.726184844970703,22.562742233276367,63.236473083496094,31.022127151489258,42.9705810546875,26.512733459472656,21.268856048583984,78.7690658569336,50.31407928466797
2019-01-31,22.954566955566406,42.91679382324219,22.873218536376953,22.528003692626953,63.51078414916992,30.989397048950195,43.765724182128906,26.77005958557129,21.716999053955078,79.75422668457031,50.77147674560547
2019-02-01,23.023406982421875,42.767940521240234,23.271297454833984,22.62353515625,63.608123779296875,31.171749114990234,43.626365661621094,26.606306076049805,21.633718490600586,79.82460021972656,50.029361724853516
2019-02-04,22.984682083129883,43.16798400878906,23.325098037719727,22.71906280517578,64.43110656738281,31.672025680541992,43.90507507324219,26.762264251708984,21.669404983520508,79.59588623046875,50.3560791015625
2019-02-05,23.152488708496094,43.642459869384766,23.360952377319336,22.658273696899414,64.9886245727539,31.93853187561035,43.91328430175781,26.941617965698242,21.713035583496094,79.4815673828125,50.82748031616211
2019-02-06,23.014802932739258,42.66560363769531,23.188814163208008,22.632219314575195,65.00631713867188,32.04607391357422,43.92148208618164,26.73107147216797,21.701135635375977,79.84221649169922,50.61743927001953
2019-02-07,22.696407318115234,42.256248474121094,22.675981521606445,22.406415939331055,64.5638427734375,31.606569290161133,43.88868713378906,26.957210540771484,21.986669540405273,78.96260070800781,50.20205307006836
2019-02-08,22.674896240234375,42.54464340209961,22.571979522705078,22.293516159057617,64.66119384765625,31.78890609741211,44.0936279296875,26.957210540771484,22.081859588623047,79.11213684082031,50.001365661621094
2019-02-11,22.709320068359375,42.107398986816406,22.679563522338867,22.362995147705078,65.00631713867188,31.774890899658203,44.2083740234375,27.035179138183594,22.073925018310547,79.01536560058594,50.09004592895508
2019-02-12,23.21702766418457,42.59117889404297,22.966468811035156,22.693012237548828,66.01512145996094,32.195682525634766,44.552677154541016,26.848045349121094,22.1254825592041,80.09727478027344,50.860145568847656
2019-02-13,23.24715232849121,42.619075775146484,23.253366470336914,22.753807067871094,66.40448760986328,32.23776626586914,44.6346549987793,27.027400970458984,22.062030792236328,80.27320861816406,51.20552444458008
2019-02-14,23.12666893005371,42.777244567871094,23.335853576660156,22.475889205932617,66.09476470947266,32.29386901855469,44.13459396362305,27.12876319885254,22.026336669921875,80.45791625976562,51.01883316040039
2019-02-15,23.440763473510742,42.96330642700195,23.7124080657959,22.95355224609375,66.97968292236328,32.55103302001953,44.552677154541016,27.292518615722656,22.0937557220459,81.6717758178711,51.36890411376953
2019-02-19,23.58705711364746,43.00982666015625,23.784133911132812,22.98828887939453,66.953125,32.56037902832031,44.78219223022461,27.323713302612305,22.22463035583496,81.478271484375,51.578922271728516
2019-02-20,23.99150276184082,42.8609733581543,23.88454818725586,23.13593101501465,67.2717056274414,32.5977783203125,44.70022201538086,27.152158737182617,22.323774337768555,81.38150024414062,51.68160629272461
2019-02-21,23.896848678588867,42.46092987060547,23.515165328979492,23.01434326171875,66.99737548828125,32.611812591552734,44.83137893676758,27.19895362854004,22.486373901367188,80.66902923583984,51.578922271728516
2019-02-22,24.000104904174805,42.8609733581543,23.58330535888672,22.9796085357666,67.43983459472656,33.02792739868164,44.618247985839844,27.354896545410156,22.62517547607422,81.40788269042969,51.85895919799805
2019-02-25,24.155000686645508,42.907501220703125,23.62275505065918,23.075138092041016,67.70532989501953,33.186893463134766,44.3723258972168,27.12876319885254,22.47844123840332,81.52225494384766,51.6862678527832
2019-02-26,24.01732063293457,42.907501220703125,23.547441482543945,23.005659103393555,67.51948547363281,33.25702667236328,44.39692687988281,27.074186325073242,22.450681686401367,81.23197174072266,51.75628662109375
2019-02-27,23.978599548339844,42.693504333496094,23.63709831237793,23.092510223388672,67.78496551513672,33.224308013916016,44.331356048583984,26.988399505615234,22.47844123840332,80.85374450683594,51.71894454956055
2019-02-28,23.686017990112305,42.72141647338867,23.40040397644043,23.031707763671875,67.5549087524414,33.13079833984375,44.544471740722656,27.066381454467773,22.609315872192383,80.61626434326172,51.43889617919922
2019-03-01,23.655900955200195,43.05634689331055,23.830753326416016,23.17935562133789,67.61681365966797,33.3552131652832,44.462493896484375,27.035179138183594,22.65690803527832,81.75973510742188,51.85429000854492
2019-03-04,23.76346206665039,43.112159729003906,23.87379264831543,23.031707763671875,67.31594848632812,33.228981018066406,44.38872146606445,27.144357681274414,22.696561813354492,80.65145111083984,51.6909294128418
2019-03-05,23.651592254638672,43.3819694519043,23.794897079467773,22.944868087768555,66.88233184814453,33.13079833984375,44.355926513671875,27.222339630126953,22.66880226135254,80.60746002197266,51.821617126464844
2019-03-06,23.703222274780273,43.36336135864258,23.493650436401367,22.797225952148438,66.25405883789062,32.957794189453125,44.290348052978516,27.152158737182617,22.66880226135254,79.4288101196289,51.578922271728516
2019-03-07,23.509607315063477,42.98191452026367,23.353788375854492,22.562742233276367,65.85585021972656,32.64453887939453,44.003448486328125,27.12876319885254,22.744155883789062,78.80425262451172,50.953495025634766
2019-03-08,23.54833221435547,42.95400619506836,22.916263580322266,22.554058074951172,65.72309875488281,32.63985824584961,44.02803039550781,27.152158737182617,22.823471069335938,78.63713836669922,50.59878921508789
2019-03-11,23.883935928344727,43.726192474365234,23.27488136291504,22.788543701171875,66.28057861328125,33.3411865234375,44.60184860229492,27.573240280151367,22.98607063293457,79.53430938720703,51.294212341308594
2019-03-12,23.97429084777832,43.92155838012695,23.425508499145508,22.840646743774414,65.73194122314453,33.537559509277344,44.618247985839844,27.721397399902344,23.14470863342285,80.1148681640625,51.43889617919922
2019-03-13,24.09046173095703,44.05181884765625,23.662206649780273,22.99697494506836,66.30712890625,33.75730514526367,44.872379302978516,27.853961944580078,23.168502807617188,80.97688293457031,51.62093734741211
2019-03-14,23.909753799438477,43.856449127197266,23.68730354309082,23.083820343017578,66.0859146118164,33.827449798583984,44.83137893676758,27.92414665222168,23.16453742980957,80.84494018554688,51.46689987182617
2019-03-15,23.939571380615234,43.82195281982422,23.67791175842285,23.24530792236328,65.85272979736328,34.23693084716797,45.085243225097656,27.809642791748047,23.24843406677246,81.21664428710938,51.79706954956055
2019-03-18,23.995744705200195,43.44916534423828,24.00681495666504,23.480989456176758,66.49353790283203,34.38235092163086,45.151187896728516,27.668476104736328,23.16054344177246,81.09302520751953,52.29818344116211
2019-03-19,23.96549415588379,43.52372741699219,23.94175910949707,23.297683715820312,66.25325012207031,34.45269012451172,45.11821746826172,27.590055465698242,22.896854400634766,81.73755645751953,52.56045150756836
2019-03-20,23.94388771057129,43.91515350341797,24.151391983032227,22.817588806152344,65.79933166503906,34.35889434814453,44.92864227294922,27.715532302856445,22.956785202026367,81.1725082397461,52.63538360595703
2019-03-21,24.1988468170166,44.49299621582031,24.321269989013672,22.747758865356445,66.43122863769531,35.22196578979492,45.45615005493164,28.20961570739746,23.20049476623535,81.49034881591797,53.35661697387695
2019-03-22,23.47719955444336,43.77536392211914,23.663454055786133,22.1192626953125,64.92708587646484,34.391727447509766,45.3984489440918,28.076284408569336,23.36829376220703,80.00709533691406,52.29818344116211
2019-03-25,23.433988571166992,43.70079803466797,23.67429542541504,22.02324867248535,65.07841491699219,34.24163055419922,45.48912048339844,28.099824905395508,23.388269424438477,79.96296691894531,52.607295989990234
2019-03-26,23.57658576965332,43.91515350341797,24.014049530029297,22.28512191772461,65.5145034790039,34.42926025390625,45.87651062011719,28.27235984802246,23.556072235107422,80.51033782958984,52.83209228515625
2019-03-27,23.546337127685547,43.59828186035156,23.84416961669922,22.189096450805664,65.58573150634766,34.23223876953125,45.71989822387695,28.178247451782227,23.39226531982422,79.83934020996094,52.724369049072266
2019-03-28,23.775358200073242,43.495765686035156,23.934528350830078,22.38113784790039,66.06633758544922,34.372962951660156,45.942440032958984,28.413516998291016,23.116592407226562,80.04241180419922,53.042823791503906
2019-03-29,23.982778549194336,43.58896255493164,23.898386001586914,22.442243576049805,66.77835845947266,34.71070098876953,46.247413635253906,28.405677795410156,23.24043846130371,81.00476837158203,53.319149017333984
2019-04-01,24.34144401550293,44.25068664550781,24.21283531188965,22.992170333862305,68.15789031982422,35.18444061279297,46.09080123901367,28.319406509399414,23.08063316345215,81.12835693359375,53.90456771850586
2019-04-02,24.42354393005371,44.483673095703125,24.046579360961914,22.974708557128906,68.13117980957031,35.306400299072266,45.71165084838867,28.562532424926758,23.11259651184082,80.94295501708984,53.895179748535156
2019-04-03,24.743316650390625,44.651424407958984,23.815256118774414,23.044546127319336,67.92647552490234,35.592529296875,45.48912048339844,28.53116226196289,23.076641082763672,80.83699798583984,54.274532318115234
2019-04-04,24.99394989013672,44.90306091308594,24.014049530029297,23.184202194213867,68.34479522705078,35.44243240356445,45.662208557128906,28.444889068603516,22.996734619140625,80.66925811767578,54.71476364135742
2019-04-05,24.985305786132812,45.033538818359375,24.43693733215332,23.21912384033203,68.54060363769531,35.611297607421875,45.81880187988281,28.664485931396484,23.21247673034668,81.2254638671875,55.037906646728516
2019-04-08,24.99394989013672,44.94965362548828,24.545364379882812,23.24530792236328,68.24687957763672,35.7473258972168,46.00838088989258,28.523317337036133,23.048675537109375,81.20782470703125,55.23460388183594
2019-04-09,24.812454223632812,45.07082748413086,24.24536895751953,23.05327033996582,67.3212661743164,35.57845687866211,45.95067596435547,28.437040328979492,23.1046085357666,80.99591064453125,54.738182067871094
2019-04-10,24.79949188232422,45.26652526855469,24.33572769165039,23.12310218811035,67.30345153808594,35.827064514160156,46.08256530761719,28.664485931396484,23.032695770263672,81.02239990234375,55.00043869018555
2019-04-11,24.786529541015625,45.29449462890625,24.353797912597656,23.26276397705078,67.88196563720703,35.78015899658203,46.17323303222656,28.625272750854492,23.14855194091797,80.02474212646484,55.07069778442383
2019-04-12,25.114944458007812,45.685935974121094,24.418861389160156,23.69048309326172,68.78089904785156,36.02876281738281,46.32158660888672,28.782121658325195,23.25642967224121,79.29196166992188,55.412574768066406
2019-04-15,24.998268127441406,45.648643493652344,24.2742862701416,23.54209327697754,68.39816284179688,36.01469421386719,46.59357833862305,28.60957908630371,23.25243377685547,79.60978698730469,55.524967193603516
2019-04-16,25.11062240600586,45.69524002075195,24.43331527709961,23.873794555664062,68.8165283203125,36.1976203918457,46.60182189941406,27.935121536254883,22.96477508544922,77.97644805908203,55.76848602294922
2019-04-17,24.955055236816406,45.77912521362305,24.40079116821289,23.93490219116211,68.90550231933594,36.39931869506836,46.83260726928711,27.64495277404785,22.876873016357422,75.73391723632812,55.8762092590332
2019-04-18,24.985305786132812,45.807090759277344,24.285127639770508,23.865068435668945,69.69762420654297,36.502506256103516,46.873817443847656,27.864543914794922,22.88886070251465,75.8575439453125,55.857479095458984
2019-04-22,24.816781997680664,46.01213455200195,24.798368453979492,23.795236587524414,69.48402404785156,36.58694076538086,46.89029312133789,27.55867576599121,22.868886947631836,75.90168762207031,55.646728515625
2019-04-23,24.929122924804688,46.62723159790039,24.75861358642578,23.943628311157227,70.08924865722656,36.98564910888672,46.741939544677734,27.87239646911621,22.93281364440918,77.10240173339844,56.311763763427734
2019-04-24,24.77356719970703,46.41286849975586,24.32489013671875,23.917438507080078,69.88450622558594,36.99971008300781,46.840843200683594,28.06844139099121,23.08063316345215,77.01412200927734,56.36326217651367
2019-04-25,24.458114624023438,46.93479537963867,24.248981475830078,23.961088180541992,68.47830963134766,36.99034881591797,46.54412841796875,28.037078857421875,23.176525115966797,77.80870819091797,56.068233489990234
2019-04-26,24.661211013793945,47.30759048461914,23.934528350830078,24.17931365966797,68.99451446533203,36.8496208190918,46.96448516845703,28.225297927856445,23.21247673034668,78.58563995361328,56.51314163208008
2019-04-29,24.613677978515625,47.736297607421875,23.912845611572266,24.42371940612793,69.15469360351562,36.859004974365234,47.022186279296875,27.935121536254883,23.076641082763672,78.44438934326172,56.31644058227539
2019-04-30,24.825416564941406,46.66452407836914,23.894771575927734,24.45863914489746,69.43063354492188,36.919986724853516,47.56617736816406,28.256664276123047,23.456186294555664,78.8063735961914,56.23214340209961
2019-05-01,24.37601089477539,46.42219543457031,23.41767120361328,24.257877349853516,68.97669219970703,36.826171875,46.98097229003906,28.256664276123047,23.216474533081055,78.66511535644531,55.548377990722656
2019-05-02,24.250696182250977,46.23579025268555,23.009248733520508,24.2840576171875,68.94108581542969,36.63386154174805,46.96448516845703,28.311561584472656,23.16453742980957,79.00060272216797,55.59053421020508
2019-05-03,24.488365173339844,46.68314743041992,23.222496032714844,24.502286911010742,69.77774047851562,36.980953216552734,47.31890106201172,28.50762176513672,23.29238510131836,79.60093688964844,56.246192932128906
2019-05-06,24.13834571838379,46.60858154296875,23.24418067932129,24.336435317993164,69.11021423339844,36.69482421875,47.24472427368164,28.389999389648438,23.16453742980957,80.00709533691406,55.904319763183594
2019-05-07,23.71487045288086,45.85369873046875,23.04177474975586,23.93490219116211,67.71287536621094,35.90681457519531,46.7749137878418,27.90375328063965,23.092622756958008,78.47088623046875,55.05663299560547
2019-05-08,23.693260192871094,45.77912521362305,23.04177474975586,23.882518768310547,67.71287536621094,35.86458206176758,46.76667022705078,27.90375328063965,22.776994705200195,78.63862609863281,55.07536315917969
2019-05-09,23.507448196411133,45.63933181762695,23.04177474975586,23.83015251159668,67.61498260498047,35.62066650390625,46.667762756347656,27.99786949157715,22.749032974243164,78.47088623046875,54.85057830810547
2019-05-10,23.827219009399414,45.76980972290039,23.150209426879883,23.987274169921875,67.88196563720703,35.73326110839844,47.236480712890625,28.319406509399414,23.156545639038086,78.49736022949219,54.930179595947266
2019-05-13,23.2913875579834,44.35319900512695,22.752620697021484,23.288955688476562,65.95061492919922,34.38703536987305,46.79140090942383,28.319406509399414,23.404253005981445,77.02294921875,53.29573440551758
2019-05-14,23.49015998840332,44.60482406616211,23.030933380126953,23.472261428833008,66.63594818115234,34.94053268432617,47.01393508911133,28.421363830566406,23.24843406677246,77.41139221191406,53.83429718017578
2019-05-15,23.429668426513672,45.602046966552734,23.150209426879883,23.38497543334961,66.72494506835938,35.32048034667969,47.38483810424805,28.60957908630371,23.208484649658203,77.64095306396484,54.19960403442383
2019-05-16,23.75807762145996,46.0028076171875,23.276714324951172,23.620655059814453,67.33905792236328,35.644134521484375,47.75574493408203,28.77427864074707,23.36429786682129,78.25015258789062,54.70071029663086
2019-05-17,23.615478515625,45.66728210449219,23.04177474975586,23.46353530883789,66.5914535522461,35.35800552368164,47.599143981933594,28.73506736755371,23.484153747558594,78.08240509033203,54.28390884399414
2019-05-20,23.27842140197754,44.91237258911133,23.052614212036133,23.489723205566406,66.4223403930664,34.74352264404297,47.483741760253906,28.27235984802246,23.5161190032959,78.04708862304688,53.899871826171875
2019-05-21,23.6370792388916,45.406341552734375,23.320085525512695,23.734130859375,67.20555877685547,35.17036819458008,47.38483810424805,28.50762176513672,23.5600643157959,78.77989196777344,54.274532318115234
2019-05-22,23.47287368774414,45.35972595214844,22.958646774291992,23.59447479248047,66.65374755859375,34.987449645996094,47.599143981933594,28.640954971313477,23.735858917236328,79.23016357421875,53.71721267700195
2019-05-23,23.114213943481445,44.72598648071289,22.188777923583984,23.26276397705078,65.63912200927734,34.372962951660156,47.5826530456543,28.782121658325195,23.93961524963379,78.9564437866211,53.05220413208008
2019-05-24,23.243850708007812,44.71665954589844,22.27190589904785,23.446075439453125,65.66581726074219,34.38235092163086,47.40956497192383,28.82132339477539,23.903661727905273,79.07122802734375,53.1224479675293
2019-05-28,23.0105037689209,44.91237258911133,22.04058837890625,23.175474166870117,65.06060028076172,34.283836364746094,46.634796142578125,28.523317337036133,23.512121200561523,77.94112396240234,52.77119445800781
2019-05-29,23.01482391357422,44.474342346191406,21.899621963500977,23.1318302154541,64.76690673828125,34.082130432128906,46.296852111816406,28.193925857543945,23.20049476623535,77.19068145751953,52.3028678894043
2019-05-30,23.05371856689453,44.57686233520508,21.621318817138672,23.05327033996582,65.01611328125,34.2932243347168,46.49467849731445,28.36646270751953,23.16453742980957,77.6144790649414,52.64476776123047
2019-05-31,22.794448852539062,43.8871955871582,21.24180793762207,22.704113006591797,64.1260986328125,33.72097396850586,45.835289001464844,28.601741790771484,23.27240753173828,77.05826568603516,51.956302642822266
2019-06-03,23.511768341064453,42.50786590576172,21.512882232666016,22.85250473022461,64.56219482421875,33.12995147705078,46.41224670410156,28.71154022216797,23.504135131835938,77.24365234375,51.520751953125
2019-06-04,24.172910690307617,43.42119598388672,21.88517189025879,23.472261428833008,66.10193634033203,34.23693084716797,46.83260726928711,28.554689407348633,23.52410888671875,78.52386474609375,52.91637420654297
2019-06-05,24.350086212158203,43.43983459472656,21.643007278442383,23.620655059814453,66.74274444580078,34.68254852294922,47.36836242675781,29.20561981201172,24.02751922607422,79.1153793334961,53.17864227294922
2019-06-06,24.639610290527344,43.62624740600586,22.044204711914062,23.707944869995117,66.85845947265625,35.0859375,47.862884521484375,29.260507583618164,24.175336837768555,79.52147674560547,53.450279235839844
2019-06-07,24.8599853515625,44.33454895019531,22.145408630371094,23.67302894592285,67.3924560546875,35.737937927246094,48.324459075927734,29.35462760925293,23.99555206298828,80.35144805908203,54.2230110168457
2019-06-10,24.9031982421875,44.29726791381836,22.210460662841797,23.873794555664062,67.48147583007812,36.10381317138672,48.3409538269043,29.252674102783203,23.831745147705078,80.58979797363281,54.681976318359375
2019-06-11,24.88591194152832,44.483673095703125,22.25383758544922,23.882518768310547,66.90294647216797,36.10381317138672,48.49753952026367,29.307567596435547,23.687915802001953,80.45736694335938,54.89272689819336
2019-06-12,24.968017578125,44.26932144165039,21.93938636779785,23.64684295654297,67.04537200927734,35.9021110534668,48.57173538208008,29.4173641204834,23.99555206298828,80.8458251953125,54.8786735534668
2019-06-13,25.114944458007812,44.763267517089844,22.196006774902344,23.72540283203125,67.38356018066406,36.00999069213867,48.67887878417969,29.456584930419922,24.043495178222656,80.74870300292969,55.370426177978516
2019-06-14,25.006908416748047,44.847129821777344,22.051433563232422,23.77777671813965,67.11656951904297,35.69572830200195,48.7036018371582,29.582059860229492,24.29520034790039,80.56331634521484,55.492183685302734
2019-06-17,24.777891159057617,45.35972595214844,22.235761642456055,23.559553146362305,66.88514709472656,35.723873138427734,48.5634765625,29.903600692749023,24.22727394104004,80.92530059814453,55.51559066772461
2019-06-18,24.97234344482422,45.61137390136719,22.542985916137695,23.873794555664062,68.18460845947266,36.371177673339844,48.29973602294922,29.81733512878418,24.12739372253418,81.61395263671875,55.937095642089844
2019-06-19,24.834062576293945,45.66728210449219,22.51768684387207,23.83015251159668,68.13117980957031,36.502506256103516,48.49753952026367,30.013391494750977,24.311172485351562,82.34672546386719,56.040138244628906
2019-06-20,25.14950942993164,45.956207275390625,23.0164794921875,23.93490219116211,69.2704086303711,37.0372428894043,48.9261474609375,30.193771362304688,24.466991424560547,82.70870971679688,56.42884826660156
2019-06-21,25.069522857666016,46.15052032470703,23.182796478271484,23.881385803222656,68.90122985839844,36.86214065551758,48.76751708984375,29.856246948242188,24.561628341674805,83.10594177246094,56.16755676269531
2019-06-24,25.165163040161133,46.26263427734375,22.974895477294922,23.784873962402344,68.76716613769531,36.9327507019043,48.89208984375,29.706045150756836,24.56968116760254,82.6714859008789,55.866790771484375
2019-06-25,25.17820167541504,45.40313720703125,22.792522430419922,23.70591163635254,68.24868774414062,36.25491714477539,48.867183685302734,29.30290985107422,24.420677185058594,82.33454895019531,55.33106231689453
2019-06-26,25.13473129272461,45.22563552856445,23.142677307128906,23.662046432495117,68.41853332519531,36.64561080932617,48.16954803466797,28.7337589263916,23.88909339904785,81.29718780517578,55.5096321105957
2019-06-27,25.217321395874023,45.54327392578125,22.971250534057617,23.872615814208984,68.48113250732422,36.739749908447266,48.26091766357422,28.97091293334961,23.92131233215332,81.86463165283203,55.85738754272461
2019-06-28,25.430335998535156,45.98236083984375,23.237510681152344,24.21477508544922,69.20516204833984,36.735042572021484,48.227684020996094,29.06576919555664,24.01394271850586,82.1395034790039,56.01716995239258
2019-07-01,25.62594985961914,46.35606002807617,23.25939178466797,24.50429916381836,69.26771545410156,37.31873321533203,48.51836013793945,29.01043701171875,23.953529357910156,82.54736328125,56.5106086730957
2019-07-02,25.59986686706543,46.78579330444336,22.88735580444336,24.44287872314453,69.17833709716797,37.41758728027344,48.941925048828125,29.547956466674805,24.279727935791016,82.99069213867188,56.632808685302734
2019-07-03,25.730276107788086,47.02869415283203,22.978548049926758,24.635902404785156,69.5627212524414,37.7047233581543,49.54819869995117,29.974811553955078,24.44886589050293,83.69999694824219,57.12623596191406
2019-07-05,25.612911224365234,47.09407424926758,23.011367797851562,24.706087112426758,69.2856216430664,37.63411331176758,49.33226013183594,29.80881690979004,24.436786651611328,83.12366485595703,57.1920166015625
2019-07-08,25.317310333251953,46.67368698120117,23.044198989868164,24.5832576751709,68.71350860595703,37.34697723388672,49.39870071411133,29.91948127746582,24.473031997680664,82.50302124023438,57.262516021728516
2019-07-09,25.069522857666016,46.96329879760742,23.062429428100586,24.627124786376953,68.56156158447266,37.478782653808594,49.108036041259766,30.07758140563965,24.505245208740234,82.58279418945312,57.32361602783203
2019-07-10,25.017358779907227,47.49579620361328,23.357868194580078,24.539396286010742,68.40066528320312,37.77533721923828,49.42361831665039,30.24357795715332,24.561628341674805,82.86653137207031,57.53038787841797
2019-07-11,25.12603759765625,47.52382278442383,23.405282974243164,24.67976951599121,68.865478515625,37.91655349731445,49.54819869995117,29.856246948242188,24.56968116760254,82.88427734375,57.64788055419922
2019-07-12,25.373817443847656,47.86948776245117,23.503765106201172,24.846464157104492,70.07225036621094,38.19429016113281,49.68938064575195,29.737668991088867,24.408594131469727,81.9621810913086,58.31049346923828
2019-07-15,25.391206741333008,47.87883758544922,23.292221069335938,24.706087112426758,69.78620147705078,38.321372985839844,49.8056526184082,29.777196884155273,24.505245208740234,82.1395034790039,58.498470306396484
2019-07-16,25.45206642150879,47.7667350769043,23.044198989868164,24.64467430114746,70.23314666748047,37.963619232177734,49.82227325439453,29.729764938354492,24.364295959472656,81.73163604736328,58.423274993896484
2019-07-17,25.226016998291016,47.31829071044922,22.781587600708008,24.434114456176758,68.73139190673828,37.864776611328125,49.764129638671875,29.579570770263672,24.45692253112793,81.74935913085938,57.864036560058594
2019-07-18,25.334697723388672,46.93527603149414,22.785232543945312,24.61835289001465,68.85655975341797,38.147212982177734,50.09634017944336,29.571672439575195,24.670364379882812,82.2104263305664,57.78885269165039
2019-07-19,25.391206741333008,46.32802200317383,22.891008377075195,24.513065338134766,69.23198699951172,37.982452392578125,49.78074645996094,29.089488983154297,24.31194496154785,81.35924530029297,57.408206939697266
2019-07-22,25.326000213623047,46.505523681640625,22.99677848815918,24.56571388244629,69.2856216430664,38.42021942138672,49.49005889892578,29.057861328125,24.25959014892578,81.19076538085938,57.441104888916016
2019-07-23,25.847652435302734,46.68302536010742,23.05878448486328,24.820146560668945,70.16162872314453,38.632049560546875,49.84717559814453,29.342437744140625,24.106563568115234,81.69618225097656,57.83115768432617
2019-07-24,25.83026123046875,47.09407424926758,23.157262802124023,25.074569702148438,70.46553802490234,38.95214080810547,49.51496887207031,29.318727493286133,24.126699447631836,81.7405014038086,58.12251663208008
2019-07-25,25.643346786499023,46.972633361816406,22.8946533203125,24.89910316467285,70.32252502441406,38.79209518432617,49.58141326904297,29.192243576049805,24.06629180908203,81.34150695800781,57.79825210571289
2019-07-26,25.67376708984375,48.317909240722656,22.777931213378906,25.17107582092285,70.17057800292969,38.8768196105957,50.13785934448242,29.287107467651367,24.154888153076172,81.63410186767578,58.061424255371094
2019-07-29,25.586824417114258,48.0469970703125,22.686752319335938,24.978069305419922,70.04544067382812,38.853294372558594,50.229209899902344,29.397769927978516,24.279727935791016,81.97101593017578,57.77946472167969
2019-07-30,25.756364822387695,47.8227653503418,22.942068099975586,24.907873153686523,70.34933471679688,38.60381317138672,50.378700256347656,29.69024658203125,24.094482421875,81.61637115478516,57.3894157409668
2019-07-31,25.36077880859375,47.439735412597656,22.869117736816406,24.785053253173828,69.5627212524414,38.02009582519531,49.357173919677734,29.571672439575195,23.981718063354492,80.80948638916016,56.73147964477539
2019-08-01,25.217321395874023,47.21553039550781,22.351186752319336,24.223543167114258,68.21293640136719,37.82711410522461,49.18277359008789,29.642822265625,24.227375030517578,80.9159164428711,55.96078109741211
2019-08-02,24.921724319458008,46.75777053833008,22.030223846435547,24.21477508544922,67.77494049072266,37.210472106933594,49.19107437133789,29.87206268310547,24.223346710205078,80.72972106933594,55.5002326965332
2019-08-05,24.452245712280273,45.244327545166016,21.37369155883789,23.407615661621094,65.89775848388672,35.657081604003906,47.912086486816406,29.30290985107422,23.87701416015625,78.83226776123047,54.01052474975586
2019-08-06,24.48267364501953,45.898284912109375,21.34815788269043,23.784873962402344,66.88997650146484,36.25019836425781,48.34395217895508,29.666526794433594,24.175025939941406,79.8519287109375,54.832908630371094
2019-08-07,24.821741104125977,45.954345703125,21.18766975402832,23.469026565551758,66.85420227050781,36.47615432739258,48.9087028503418,29.943201065063477,24.235431671142578,79.8785400390625,55.05378723144531
2019-08-08,25.295570373535156,46.87921142578125,21.796781539916992,23.916481018066406,67.98946380615234,37.370521545410156,49.5399055480957,30.417482376098633,24.485109329223633,80.9425048828125,56.1158561706543
2019-08-09,25.09560775756836,46.35606002807617,21.556055068969727,23.837514877319336,67.41736602783203,36.94687271118164,49.26581954956055,30.409576416015625,24.513301849365234,81.04004669189453,55.58953094482422
2019-08-12,24.704374313354492,45.86090850830078,21.300748825073242,23.38129425048828,66.48773956298828,36.46202850341797,48.933624267578125,30.385866165161133,24.46497344970703,80.25091552734375,54.781219482421875
2019-08-13,24.969545364379883,46.53355026245117,21.497699737548828,23.67081069946289,67.28328704833984,37.375221252441406,49.49005889892578,30.401670455932617,24.48108673095703,81.29718780517578,55.68351364135742
2019-08-14,24.178375244140625,44.87998580932617,20.655153274536133,22.79347038269043,65.22733306884766,36.22666931152344,48.709373474121094,29.92738914489746,24.279727935791016,79.03621673583984,53.94002914428711
2019-08-15,24.187070846557617,44.954715728759766,20.527498245239258,22.907527923583984,65.15583801269531,36.1607666015625,49.44023132324219,30.346342086791992,24.593843460083008,79.3110580444336,53.850738525390625
2019-08-16,24.613082885742188,45.53394317626953,20.79740333557129,23.31110954284668,66.41620635986328,36.8480224609375,50.004974365234375,30.55977439880371,24.718685150146484,80.286376953125,54.46166229248047
2019-08-19,24.808700561523438,46.24394607543945,21.256975173950195,23.547988891601562,67.04194641113281,37.40817642211914,50.5032844543457,30.8364200592041,24.875749588012695,81.05777740478516,55.147789001464844
2019-08-20,24.5174503326416,45.93564987182617,21.0782527923584,23.232141494750977,66.64863586425781,37.21989059448242,49.95515060424805,30.60719871520996,24.835479736328125,80.36617279052734,55.16188049316406
2019-08-21,24.643510818481445,46.1131477355957,21.21320343017578,23.337427139282227,67.05982208251953,37.657657623291016,50.08803176879883,30.733675003051758,25.000591278076172,80.9602279663086,56.223941802978516
2019-08-22,24.478328704833984,46.0103874206543,21.11837387084961,23.495349884033203,67.15815734863281,37.56821823120117,50.35377883911133,30.883861541748047,25.024749755859375,80.56124114990234,56.238037109375
2019-08-23,23.887121200561523,44.74919509887695,20.410781860351562,22.89875030517578,65.36141967773438,36.32551956176758,49.51496887207031,30.49653434753418,24.758962631225586,78.69927215576172,54.74361801147461
2019-08-26,23.96537208557129,45.42182159423828,20.498315811157227,23.118085861206055,65.84410858154297,36.82918167114258,50.129547119140625,30.781091690063477,25.044889450073242,79.52387237548828,55.2840576171875
2019-08-27,23.982755661010742,45.50590515136719,20.37066650390625,22.97771644592285,65.50446319580078,36.77269744873047,49.98836135864258,30.6783390045166,25.08918571472168,79.05394744873047,55.01149368286133
2019-08-28,24.16968536376953,45.618019104003906,20.662446975708008,23.188278198242188,66.30895233154297,36.8056526184082,50.47005844116211,30.765291213989258,25.02072525024414,79.63027954101562,55.69761657714844
2019-08-29,24.478328704833984,46.32802200317383,20.965185165405273,23.539215087890625,67.44419860839844,37.445823669433594,50.4949836730957,30.986629486083984,25.193897247314453,80.23316192626953,56.53410339355469
2019-08-30,24.643510818481445,46.271968841552734,20.965185165405273,23.618181228637695,67.7212905883789,37.436424255371094,50.42853927612305,30.994524002075195,25.201948165893555,80.33071899414062,56.19575881958008
2019-09-03,24.44790267944336,45.81420135498047,20.863059997558594,23.372522354125977,66.80059051513672,36.979820251464844,50.719215393066406,31.43720054626465,25.648963928222656,79.86077880859375,55.965476989746094
2019-09-04,24.74783706665039,46.70171356201172,21.154850006103516,23.600629806518555,67.64979553222656,37.61058807373047,51.17598342895508,31.698040008544922,25.673120498657227,79.91400909423828,56.52001190185547
2019-09-05,24.78696632385254,47.49579620361328,21.417461395263672,24.083171844482422,68.865478515625,38.39669418334961,50.86040496826172,31.421382904052734,25.395254135131836,80.70310974121094,57.60087585449219
2019-09-06,24.88260269165039,47.393035888671875,21.530534744262695,24.074398040771484,69.0085220336914,38.36373519897461,51.0265007019043,31.460905075073242,25.294572830200195,80.9247817993164,57.741878509521484
2019-09-09,24.752187728881836,47.542510986328125,21.960922241210938,24.44287872314453,69.214111328125,38.076595306396484,50.91023254394531,31.223764419555664,25.16973304748535,80.17999267578125,57.962730407714844
2019-09-10,24.995630264282227,47.6078987121582,22.21988868713379,24.53061866760254,69.84874725341797,37.88359832763672,50.59463119506836,30.765291213989258,25.201948165893555,80.41051483154297,57.732460021972656
2019-09-11,25.234716415405273,47.860145568847656,22.241769790649414,24.670991897583008,70.50130462646484,38.279014587402344,50.777347564697266,30.694143295288086,25.45163345336914,81.20850372314453,57.84054946899414
2019-09-12,25.430335998535156,48.000274658203125,22.103166580200195,24.802595138549805,70.54601287841797,38.48613357543945,50.98495864868164,30.875957489013672,25.50800895690918,81.18190002441406,58.11781692504883
2019-09-13,25.70854377746582,47.91619873046875,22.27824592590332,24.99561309814453,70.93036651611328,38.20368576049805,50.694305419921875,30.504426956176758,25.346925735473633,81.1375732421875,58.00032424926758
2019-09-16,25.286874771118164,47.73869323730469,23.025957107543945,24.907873153686523,70.86781311035156,38.109554290771484,50.20429611206055,30.820627212524414,25.367063522338867,80.9602279663086,57.257816314697266
2019-09-17,25.491191864013672,47.78540802001953,22.704992294311523,24.934202194213867,70.8320541381836,38.264892578125,50.478363037109375,31.25538444519043,25.58855628967285,81.0843505859375,57.6055793762207
2019-09-18,25.504228591918945,47.72935485839844,22.59556770324707,25.021936416625977,70.72477722167969,38.260189056396484,50.56142044067383,31.160524368286133,25.697288513183594,81.07550811767578,57.57737350463867
2019-09-19,25.54770278930664,47.77606964111328,22.537212371826172,24.907873153686523,70.36722564697266,38.344913482666016,50.5531120300293,31.263277053833008,25.81810188293457,81.456787109375,57.42230224609375
2019-09-20,25.4882869720459,47.46611404418945,22.555606842041016,24.76149559020996,69.92240142822266,37.89774703979492,50.39271545410156,31.13039779663086,25.920373916625977,81.91083526611328,56.76409149169922
2019-09-23,25.427114486694336,47.29756546020508,22.562973022460938,24.805591583251953,69.78761291503906,38.01579284667969,50.59320831298828,31.241802215576172,25.92443084716797,81.47457122802734,56.96211624145508
2019-09-24,25.208675384521484,46.58591079711914,22.2059383392334,24.567493438720703,69.39219665527344,37.647483825683594,50.80207061767578,31.20201301574707,26.228805541992188,80.72669219970703,56.3538818359375
2019-09-25,25.339744567871094,47.11965560913086,22.242746353149414,24.77031135559082,69.84150695800781,38.09606170654297,50.835472106933594,31.170175552368164,26.21257209777832,80.33494567871094,56.86781692504883
2019-09-26,25.282943725585938,46.66081237792969,21.95197105407715,24.65567970275879,69.94037628173828,38.1385498046875,51.11953353881836,31.472566604614258,26.350555419921875,79.88977813720703,56.62263488769531
2019-09-27,25.21303939819336,46.13643264770508,21.948293685913086,24.752676010131836,69.66178131103516,37.62861251831055,51.06104278564453,31.265670776367188,26.25720977783203,79.53364562988281,56.424598693847656
2019-09-30,25.427114486694336,46.37052917480469,21.79001808166504,24.690954208374023,69.76065063476562,38.025238037109375,51.311676025390625,31.305465698242188,26.27344512939453,80.24592590332031,56.91023254394531
2019-10-01,24.828580856323242,45.90234375,21.28575897216797,24.17068099975586,68.0892105102539,37.671104431152344,51.17799758911133,31.034908294677734,26.21257209777832,79.46240234375,56.43403244018555
2019-10-02,24.382949829101562,45.20939636230469,20.763092041015625,23.67685317993164,66.80415344238281,36.96282958984375,50.150428771972656,30.84391975402832,25.863555908203125,78.30497741699219,55.42029571533203
2019-10-03,24.47032356262207,45.64950180053711,20.987613677978516,23.77385902404785,67.24446868896484,37.416114807128906,50.501312255859375,31.209978103637695,25.92443084716797,79.00834655761719,55.689056396484375
2019-10-04,24.601396560668945,46.267520904541016,21.120121002197266,24.214765548706055,67.9454116821289,38.0346794128418,51.29497528076172,31.35320472717285,26.285615921020508,80.24592590332031,56.212432861328125
2019-10-07,24.51401710510254,46.267520904541016,20.932405471801758,24.09131622314453,67.60393524169922,37.8741340637207,50.87725830078125,31.297513961791992,26.184160232543945,79.97881317138672,55.96725082397461
2019-10-08,24.08586311340332,45.51840591430664,20.57537078857422,23.615131378173828,66.56153106689453,37.18002700805664,50.39271545410156,31.14630699157715,25.940662384033203,78.45634460449219,55.37786102294922
2019-10-09,24.356735229492188,45.78997802734375,20.763092041015625,23.835586547851562,67.12765502929688,37.73248291015625,50.777000427246094,31.241802215576172,26.066476821899414,79.0261459350586,55.849369049072266
2019-10-10,24.579545974731445,46.052154541015625,21.02442169189453,24.082494735717773,67.73873901367188,37.99217987060547,50.87725830078125,31.321378707885742,26.038061141967773,79.41790008544922,56.22185134887695
2019-10-11,25.055761337280273,46.59526824951172,21.307832717895508,24.38231658935547,69.0147705078125,38.516319274902344,50.82713317871094,31.217926025390625,25.940662384033203,80.0767593383789,56.85838317871094
2019-10-14,24.876638412475586,46.49226379394531,21.29679298400879,24.417585372924805,68.88001251220703,38.49270248413086,50.576499938964844,31.265670776367188,25.774269104003906,80.04112243652344,56.83009338378906
2019-10-15,25.051395416259766,47.28820037841797,21.385135650634766,24.77031135559082,69.43714141845703,38.917659759521484,50.35930633544922,31.289548873901367,25.69310760498047,81.50130462646484,57.32987976074219
2019-10-16,25.10382080078125,47.37247848510742,21.08699607849121,24.708585739135742,69.40117645263672,38.64852523803711,50.40941619873047,31.249767303466797,25.74993133544922,81.39443969726562,57.56563186645508
2019-10-17,25.16935157775879,47.65340042114258,21.101720809936523,24.726226806640625,69.74266815185547,38.57297897338867,50.643333435058594,31.45665168762207,25.814857482910156,81.9998779296875,57.716522216796875
2019-10-18,25.12566566467285,47.10093307495117,20.99129295349121,24.787946701049805,69.14059448242188,38.20466995239258,50.743595123291016,31.759052276611328,25.900081634521484,81.6971664428711,57.60336685180664
2019-10-21,25.047029495239258,47.38184356689453,21.366729736328125,25.13186264038086,69.55396270751953,38.6154670715332,50.910667419433594,31.97391700744629,26.00153923034668,81.60812377929688,57.80609893798828
2019-10-22,24.942171096801758,46.92300796508789,21.642789840698242,25.06131935119629,70.10212707519531,38.09606170654297,50.927371978759766,31.878406524658203,26.111108779907227,81.78620147705078,57.4383430480957
2019-10-23,25.099449157714844,47.28820037841797,21.823144912719727,25.167139053344727,70.0931396484375,38.129119873046875,51.16130447387695,31.93412208557129,26.21662712097168,82.29368591308594,57.174285888671875
2019-10-24,25.178091049194336,46.754459381103516,21.731124877929688,25.13186264038086,70.19198608398438,38.68629837036133,51.33673095703125,31.81475257873535,26.3059139251709,81.87520599365234,57.14599609375
2019-10-25,25.45333480834961,47.11965560913086,21.90779685974121,25.25531005859375,70.63230895996094,39.15376281738281,51.035987854003906,31.424837112426758,26.038061141967773,81.96424102783203,57.07998275756836
2019-10-28,25.53197479248047,47.559757232666016,21.782655715942383,25.38759422302246,70.83000946044922,39.649559020996094,50.93574142456055,31.090604782104492,25.68092918395996,82.81006622314453,57.25916290283203
2019-10-29,25.68925666809082,47.12900924682617,21.870994567871094,25.44931983947754,71.06366729736328,39.29069519042969,50.93574142456055,31.170175552368164,25.70528221130371,83.98531341552734,56.9338264465332
2019-10-30,25.711095809936523,47.26011276245117,21.425622940063477,25.431678771972656,71.3152847290039,39.53151321411133,51.16965103149414,31.400957107543945,25.932546615600586,84.45718383789062,57.287445068359375
2019-10-31,25.422748565673828,47.40056610107422,21.33360481262207,25.30821990966797,70.55142211914062,39.507911682128906,51.094459533691406,31.297513961791992,26.0745906829834,84.35926055908203,56.98097610473633
2019-11-01,25.781003952026367,47.70958709716797,21.8194637298584,25.6785831451416,72.08809661865234,39.9800910949707,51.08610534667969,31.217926025390625,26.009654998779297,84.46611022949219,57.358177185058594
2019-11-04,25.981975555419922,47.97177505493164,22.52984619140625,25.899044036865234,72.92382049560547,40.18785095214844,50.59320831298828,30.867794036865234,25.676876068115234,84.20793151855469,57.38646697998047
2019-11-05,26.025659561157227,47.99051284790039,22.55929183959961,25.996044158935547,73.07659912109375,40.14064025878906,50.76028823852539,30.334619522094727,25.4130802154541,83.61138916015625,57.47134017944336
2019-11-06,26.00818634033203,47.82194900512695,22.09919548034668,26.128318786621094,73.12154388427734,40.12173843383789,50.969146728515625,30.446041107177734,25.510486602783203,83.89628601074219,57.53263473510742
2019-11-07,26.182947158813477,48.1215934753418,22.430465698242188,26.322315216064453,73.37315368652344,40.438114166259766,50.793724060058594,30.119768142700195,25.165529251098633,84.08324432373047,57.18843460083008
2019-11-08,26.287792205810547,48.25269317626953,22.338441848754883,26.313495635986328,73.47199249267578,40.664764404296875,50.76028823852539,30.064067840576172,25.060012817382812,84.69757843017578,57.212013244628906
2019-11-11,26.248476028442383,48.02796936035156,22.21330451965332,26.24295425415039,73.50794982910156,40.68366622924805,50.68511199951172,30.119768142700195,24.905799865722656,84.3503646850586,57.09413528442383
2019-11-12,26.3839168548584,48.08414077758789,22.09919548034668,26.278226852416992,73.49894714355469,40.820587158203125,50.85219192504883,29.92083168029785,24.966672897338867,84.85783386230469,57.056419372558594
2019-11-13,26.23099708557129,48.0654182434082,22.00349998474121,26.110675811767578,73.19340515136719,40.910308837890625,51.23649215698242,30.223217010498047,25.33597755432129,84.95576477050781,56.87724304199219
2019-11-14,26.392654418945312,48.28078842163086,21.94460678100586,26.163589477539062,73.42704772949219,40.86308288574219,51.21978759765625,30.525609970092773,25.42526626586914,84.96468353271484,57.1224250793457
2019-11-15,26.370807647705078,48.68344497680664,22.113920211791992,26.234134674072266,73.96623992919922,41.1936149597168,51.23649215698242,30.676809310913086,25.506427764892578,86.77206420898438,57.226158142089844
2019-11-18,26.30527114868164,48.85199737548828,21.845226287841797,26.287046432495117,73.68766021728516,41.316383361816406,51.50381851196289,30.84391975402832,25.559185028076172,86.47825622558594,57.424198150634766
2019-11-19,26.248476028442383,48.880096435546875,21.521326065063477,26.339954376220703,73.62476348876953,41.39665603637695,51.436988830566406,30.907581329345703,25.494245529174805,87.06588745117188,56.79237365722656
2019-11-20,25.92081069946289,48.5804328918457,21.738489151000977,26.21649932861328,73.04063415527344,41.146400451660156,51.553951263427734,30.923498153686523,25.648466110229492,86.95014190673828,56.660343170166016
2019-11-21,25.87711524963379,48.7115364074707,22.09552001953125,26.190046310424805,73.0136947631836,40.93862533569336,51.29497528076172,30.509702682495117,25.559185028076172,87.17271423339844,56.33974075317383
2019-11-22,25.92081069946289,48.730262756347656,22.021902084350586,26.384044647216797,73.39109802246094,40.886688232421875,51.21142578125,30.334619522094727,25.567302703857422,87.48433685302734,56.72636413574219
2019-11-25,26.09119987487793,48.880096435546875,22.043989181518555,26.551589965820312,73.92131805419922,41.48165512084961,51.2698974609375,30.358505249023438,25.48207664489746,88.50821685791016,57.226158142089844
2019-11-26,26.222267150878906,49.03926467895508,21.841550827026367,26.525135040283203,74.13699340820312,41.5194206237793,51.6876106262207,30.78026008605957,25.567302703857422,88.4369888305664,57.61750030517578
2019-11-27,26.327117919921875,49.385746002197266,21.896759033203125,26.630956649780273,74.0650863647461,41.750797271728516,51.81293487548828,30.875755310058594,25.6119441986084,88.89108276367188,58.11258316040039
2019-11-29,26.23099708557129,49.21718215942383,21.675914764404297,26.586862564086914,73.7236099243164,41.62803268432617,51.79622268676758,30.756383895874023,25.58759307861328,88.57946014404297,57.73536682128906
2019-12-02,25.96886444091797,48.74898910522461,21.675914764404297,26.4193115234375,72.5104751586914,41.0330696105957,51.91317367553711,30.191381454467773,25.42120361328125,88.18771362304688,57.25916290283203
2019-12-03,25.802854537963867,48.65534210205078,21.352006912231445,26.048954010009766,71.71965789794922,40.66948699951172,51.82963562011719,30.43807029724121,25.490192413330078,87.9918212890625,56.683929443359375
2019-12-04,25.859642028808594,48.90816879272461,21.67223358154297,26.29586410522461,71.99822235107422,40.83475875854492,52.17216873168945,30.59723472595215,25.68499183654785,88.8109359741211,56.99982833862305
2019-12-05,25.99070930480957,49.11417770385742,21.56917381286621,26.4193115234375,72.01619720458984,40.98585510253906,52.15544509887695,30.644975662231445,25.72963523864746,88.8109359741211,56.94324493408203
2019-12-06,26.257221221923828,49.40446853637695,21.981414794921875,26.77204704284668,72.88787841796875,41.439151763916016,52.355953216552734,30.652942657470703,25.652524948120117,89.39857482910156,57.40060806274414
2019-12-09,26.204788208007812,49.21718215942383,21.955652236938477,26.7103214263916,72.60930633544922,41.22195816040039,52.39772415161133,30.69273567199707,25.563241958618164,88.77533721923828,57.47134017944336
2019-12-10,26.047504425048828,49.04863739013672,21.999820709228516,26.719135284423828,72.51942443847656,41.25499725341797,52.23064422607422,30.47786521911621,25.559185028076172,88.97119140625,57.37232208251953
2019-12-11,26.244108200073242,49.27336502075195,21.963008880615234,26.657407760620117,72.97773742675781,41.533592224121094,52.30583190917969,30.24709701538086,25.628173828125,89.05133056640625,57.51849365234375
2019-12-12,26.611099243164062,49.32955551147461,22.367897033691406,27.177682876586914,73.62476348876953,41.977447509765625,52.2640495300293,29.881040573120117,25.518600463867188,89.87934112548828,58.02299499511719
2019-12-13,26.4057559967041,49.21718215942383,22.198577880859375,27.08068084716797,73.42704772949219,42.25602340698242,52.447853088378906,29.912874221801758,25.717458724975586,89.81700897216797,58.074851989746094
2019-12-16,26.519346237182617,49.7041130065918,22.496721267700195,27.177682876586914,73.39109802246094,42.633785247802734,52.63165283203125,30.14365005493164,26.038061141967773,90.7874755859375,58.329471588134766
2019-12-17,26.558671951293945,49.65729522705078,22.511445999145508,27.283498764038086,73.31920623779297,42.534629821777344,52.548099517822266,29.817384719848633,26.123291015625,90.68952941894531,58.58879470825195
2019-12-18,26.523719787597656,49.99440383911133,22.596101760864258,27.168859481811523,73.0136947631836,42.529903411865234,52.464561462402344,30.239133834838867,26.228805541992188,90.8141860961914,58.6453742980957
2019-12-19,26.61546516418457,50.4532356262207,22.5887393951416,27.16004180908203,73.21138763427734,42.836830139160156,52.74860763549805,30.525609970092773,26.236919403076172,91.17033386230469,58.829261779785156
2019-12-20,26.744625091552734,50.609962463378906,22.805421829223633,27.191951751708984,73.54823303222656,43.085533142089844,53.146995544433594,30.761310577392578,26.41728973388672,91.8157958984375,58.91914367675781
2019-12-23,26.819303512573242,50.47857666015625,23.03957176208496,27.12990951538086,74.1533203125,43.208702087402344,52.91958999633789,30.5762939453125,26.17188835144043,92.1823501586914,58.781951904296875
2019-12-24,26.850048065185547,50.46919250488281,23.02841567993164,27.191951751708984,73.85530090332031,43.222904205322266,52.98696517944336,30.616514205932617,26.20870018005371,92.0661392211914,58.91441345214844
2019-12-26,26.968664169311523,50.85395812988281,23.020984649658203,27.342628479003906,74.0268783569336,43.545047760009766,53.03750228881836,30.801536560058594,26.25368881225586,92.0035400390625,59.633453369140625
2019-12-27,26.86762809753418,50.76011276245117,22.92435073852539,27.27172088623047,73.96366882324219,43.540313720703125,53.273338317871094,30.914152145385742,26.33139991760254,92.03036499023438,59.62873077392578
2019-12-30,26.78415870666504,50.23457717895508,22.85200309753418,27.191951751708984,73.62049102783203,43.28923416137695,52.99538803100586,30.890026092529297,26.327314376831055,91.47785949707031,59.245548248291016
2019-12-31,26.981843948364258,50.32843017578125,22.98215103149414,27.28058433532715,73.57532501220703,43.42661666870117,53.04592514038086,31.10721778869629,26.429555892944336,91.65782165527344,59.330692291259766
2020-01-02,26.66554832458496,50.91963577270508,23.18885040283203,27.546476364135742,74.96611785888672,44.24143600463867,52.624794006347656,30.745222091674805,26.098270416259766,91.9007797241211,60.03555679321289
2020-01-03,26.23503303527832,50.591190338134766,23.119953155517578,27.253997802734375,74.82161712646484,43.7440071105957,52.54056167602539,30.970458984375,26.151437759399414,91.09992980957031,59.524658203125
2020-01-06,26.120819091796875,51.26687240600586,23.299863815307617,27.236268997192383,74.84869384765625,43.848228454589844,52.650062561035156,30.978504180908203,26.175981521606445,91.6668472290039,59.69022750854492
2020-01-07,26.09006118774414,51.332557678222656,23.238616943359375,27.059005737304688,74.69515228271484,43.82929611206055,52.245765686035156,30.640640258789062,26.1391658782959,91.48685455322266,59.595619201660156
2020-01-08,26.182315826416016,51.69853973388672,22.855836868286133,27.236268997192383,74.94804382324219,44.298282623291016,52.439491271972656,30.793485641479492,26.12689971923828,92.08074951171875,59.7753791809082
2020-01-09,26.278963088989258,51.97068786621094,23.02425765991211,27.404666900634766,75.26411437988281,44.80043029785156,52.810096740722656,30.785442352294922,26.270055770874023,92.47667694091797,60.092315673828125
2020-01-10,26.173532485961914,51.76422882080078,22.89411163330078,27.200815200805664,74.73129272460938,44.69621658325195,52.776397705078125,31.083084106445312,26.339582443237305,92.503662109375,59.765907287597656
2020-01-13,26.51179313659668,52.25223159790039,22.901769638061523,27.386940002441406,75.34541320800781,45.255210876464844,53.12172317504883,31.461162567138672,26.499094009399414,92.17973327636719,59.95513916015625
2020-01-14,26.401966094970703,52.1208381652832,22.90559196472168,27.333763122558594,75.35443115234375,45.04203414916992,53.13856887817383,31.308324813842773,26.576799392700195,92.73762512207031,59.936214447021484
2020-01-15,26.58208465576172,52.37421798706055,22.737171173095703,27.18309211730957,75.47184753417969,45.094139099121094,53.51759719848633,31.525514602661133,26.948993682861328,93.53850555419922,59.79903030395508
2020-01-16,26.740230560302734,52.77775955200195,22.77545166015625,27.422391891479492,76.22140502929688,45.70051574707031,53.66078186035156,31.807071685791016,27.11667823791504,94.0244140625,60.333580017089844
2020-01-17,26.85883903503418,53.1906623840332,22.629993438720703,27.502161026000977,76.2304458618164,46.00844192504883,53.75343704223633,31.847288131713867,27.304819107055664,94.0244140625,60.54645919799805
2020-01-21,26.568893432617188,53.143733978271484,22.224245071411133,27.27172088623047,75.39055633544922,45.98948287963867,53.938724517822266,32.16905212402344,27.55431365966797,94.1233901977539,60.36196517944336
2020-01-22,26.463470458984375,53.1155891418457,22.009885787963867,27.351484298706055,74.99319458007812,46.15528869628906,53.980831146240234,31.91164207458496,27.64019203186035,94.24037170410156,60.333580017089844
2020-01-23,26.43271827697754,52.899742126464844,21.925678253173828,27.28058433532715,75.80599975585938,46.373199462890625,53.930294036865234,32.21733093261719,27.885597229003906,93.76347351074219,60.42345428466797
2020-01-24,26.243818283081055,52.2615966796875,21.673038482666016,26.93492317199707,75.45377349853516,46.15528869628906,53.55970764160156,32.16905212402344,27.959218978881836,92.19773864746094,59.581417083740234
2020-01-27,25.677120208740234,51.44516372680664,21.07207489013672,26.51836395263672,74.0268783569336,45.056243896484375,53.391258239746094,32.03229904174805,27.889694213867188,91.49588012695312,58.692073822021484
2020-01-28,25.96706199645996,52.036380767822266,21.16777229309082,26.828567504882812,74.50553894042969,45.91841506958008,53.45863342285156,32.11275100708008,28.004209518432617,91.94579315185547,59.26447296142578
2020-01-29,26.050527572631836,51.95191955566406,20.94576072692871,26.784252166748047,74.90288543701172,46.0368537902832,53.189109802246094,31.943815231323242,28.07782745361328,91.69381713867188,59.231361389160156
2020-01-30,25.887989044189453,51.42639923095703,21.114185333251953,27.121047973632812,74.98416900634766,46.43478012084961,53.8208122253418,32.016212463378906,28.339590072631836,91.0279312133789,59.13202667236328
2020-01-31,25.31689453125,50.591190338134766,20.455801010131836,26.553808212280273,73.25021362304688,45.160457611083984,53.21437454223633,31.557689666748047,28.21280288696289,89.21027374267578,59.28339385986328
2020-02-03,25.848451614379883,51.19178771972656,20.187850952148438,26.739933013916016,73.22312927246094,45.757354736328125,53.21437454223633,31.58987808227539,28.30277442932129,90.02012634277344,59.70441436767578
2020-02-04,26.30531883239746,51.72669219970703,20.260587692260742,26.996965408325195,74.60485076904297,46.955894470214844,53.5344352722168,32.0001335144043,28.02056312561035,91.60382080078125,60.792442321777344
2020-02-05,26.792945861816406,51.811153411865234,21.022314071655273,27.537609100341797,75.85113525390625,47.230648040771484,53.963985443115234,31.975994110107422,28.13509178161621,93.36750793457031,61.09992980957031
2020-02-06,26.779762268066406,52.458675384521484,20.807954788208008,27.502161026000977,76.09498596191406,47.66175079345703,54.056636810302734,32.11275100708008,28.143266677856445,93.44850158691406,60.9627571105957
2020-02-07,26.397573471069336,52.421138763427734,20.662498474121094,27.404666900634766,75.54407501220703,47.22591781616211,54.12403106689453,32.12883377075195,28.05328941345215,92.71963500976562,60.69783020019531
2020-02-10,26.384397506713867,52.73082733154297,20.55915069580078,27.484432220458984,75.96855163574219,47.86544418334961,54.351436614990234,32.4988899230957,28.15962791442871,93.21455383300781,61.38376235961914
2020-02-11,26.52936363220215,52.67451858520508,20.788818359375,27.58193016052246,76.25755310058594,47.70437240600586,54.149288177490234,32.89304733276367,28.26187515258789,93.77247619628906,61.86627960205078
2020-02-12,26.674331665039062,53.35958480834961,21.06825065612793,27.59965705871582,76.97097778320312,48.22074890136719,54.12403106689453,33.10218811035156,28.28232765197754,93.88941955566406,62.50018310546875
2020-02-13,26.577688217163086,53.36894989013672,21.003173828125,27.590791702270508,76.53750610351562,48.09284210205078,54.444087982177734,33.30330276489258,28.597253799438477,93.44850158691406,62.391380310058594
2020-02-14,26.58208465576172,53.43464660644531,20.892175674438477,27.626245498657227,76.43814086914062,48.30127716064453,54.570430755615234,33.68943786621094,28.789487838745117,93.52049255371094,62.29677200317383
2020-02-18,26.51618766784668,53.7912712097168,20.719921112060547,27.386940002441406,76.00466918945312,48.12125778198242,54.376705169677734,33.657249450683594,29.030805587768555,93.18756103515625,62.292015075683594
2020-02-19,26.58647918701172,54.03525161743164,20.995519638061523,27.590791702270508,75.97756958007812,48.69447326660156,54.31774139404297,33.182640075683594,28.715866088867188,93.61947631835938,62.57114028930664
2020-02-20,26.63040542602539,53.48158264160156,20.972553253173828,27.537609100341797,75.86918640136719,48.18758010864258,54.35986328125,33.55267333984375,28.818117141723633,93.01661682128906,62.59477996826172
2020-02-21,26.50739860534668,52.66512680053711,20.72374725341797,27.27172088623047,75.48991394042969,47.10748291015625,54.4525032043457,33.72964859008789,28.764951705932617,93.07057189941406,61.63923263549805
2020-02-24,25.760589599609375,50.900875091552734,19.76679229736328,26.385412216186523,73.34053039550781,45.160457611083984,53.19752883911133,33.27916717529297,28.429567337036133,90.1371078491211,59.51992416381836
2020-02-25,24.64915657043457,49.54013442993164,18.894054412841797,25.49024200439453,70.35128021240234,43.71559143066406,52.237342834472656,32.44256591796875,27.83243751525879,87.40159606933594,57.93045425415039
2020-02-26,24.565689086914062,49.446292877197266,18.323707580566406,25.304121017456055,69.81843566894531,43.914554595947266,51.94255447387695,32.161014556884766,27.550220489501953,87.392578125,57.47159194946289
2020-02-27,23.414724349975586,47.49434280395508,17.34379005432129,24.222816467285156,67.2265625,41.54592514038086,49.82845687866211,30.34300994873047,26.310949325561523,84.42310333251953,55.14888000488281
2020-02-28,23.159929275512695,47.63511276245117,17.328475952148438,23.566951751708984,65.99834442138672,41.86332321166992,48.843021392822266,29.594894409179688,25.43160057067871,83.33428955078125,54.79410171508789
2020-03-02,24.15275001525879,49.2867546081543,18.02897071838379,24.7723331451416,68.31929779052734,44.284061431884766,51.454036712646484,31.066991806030273,26.92854118347168,87.2396011352539,56.676856994628906
2020-03-03,23.941883087158203,47.66325378417969,17.477764129638672,23.841705322265625,66.6485824584961,42.60232925415039,50.75495910644531,31.042856216430664,26.597248077392578,85.07099914550781,55.30500030517578
2020-03-04,24.93470001220703,49.3806037902832,17.89116859436035,24.63051986694336,69.40302276611328,44.4309196472168,53.248069763183594,32.2495002746582,28.10645866394043,89.97513580322266,57.216148376464844
2020-03-05,24.14395523071289,47.57880401611328,17.236618041992188,23.44287109375,66.00736236572266,43.0286865234375,52.245765686035156,31.50942039489746,27.67291831970215,87.88748931884766,55.08265686035156
2020-03-06,23.51576042175293,46.75297164916992,16.2681827545166,22.645191192626953,65.42938995361328,42.119140625,51.83306121826172,30.970458984375,27.44796371459961,87.4195556640625,54.23588562011719
2020-03-09,21.314870834350586,43.637359619140625,12.991578102111816,20.216707229614258,59.39670181274414,38.92146301269531,49.5757942199707,28.782426834106445,25.955121994018555,82.8753890991211,50.82041549682617
2020-03-10,22.18028450012207,45.86145782470703,13.607853889465332,21.404356002807617,62.47629165649414,41.517494201660156,50.99922180175781,30.182126998901367,26.196434020996094,85.7188949584961,53.63037872314453
2020-03-11,21.125961303710938,43.8907356262207,12.888221740722656,20.24329376220703,58.8097038269043,39.556270599365234,48.49769592285156,28.565223693847656,24.87944984436035,82.44345092773438,50.697425842285156
2020-03-12,19.09200096130371,39.77100372314453,11.280545234680176,18.054113388061523,52.722816467285156,35.69538497924805,43.94102096557617,26.111713409423828,22.368188858032227,76.28854370117188,45.574222564697266
2020-03-13,20.431869506835938,43.34644317626953,12.321709632873535,20.429418563842773,56.8409538269043,39.88313674926758,47.680694580078125,28.40434455871582,23.587007522583008,81.57962799072266,48.39364242553711
2020-03-16,18.18265151977539,38.457183837890625,10.645130157470703,17.628679275512695,50.392826080322266,34.37368392944336,44.446388244628906,23.859323501586914,20.908063888549805,73.53504943847656,42.26283645629883
2020-03-17,19.307260513305664,40.12760543823242,10.717859268188477,18.585891723632812,52.713783264160156,36.713890075683594,48.19447708129883,25.307287216186523,23.582921981811523,78.1512222290039,43.8901481628418
2020-03-18,18.07282066345215,38.79502487182617,9.179081916809082,17.00826644897461,48.830474853515625,35.33060836791992,46.95634460449219,23.529512405395508,22.55633544921875,75.55970001220703,41.36874771118164
2020-03-19,18.53409767150879,39.48947525024414,9.803014755249023,17.380516052246094,48.86659622192383,35.45851135253906,45.389732360839844,23.159469604492188,21.24344253540039,74.01194763183594,42.81157684326172
2020-03-20,17.87074851989746,37.743961334228516,9.898710250854492,16.760099411010742,46.4192008972168,33.83362579345703,42.45022201538086,21.84825325012207,19.558364868164062,71.16844177246094,41.53905487060547
2020-03-23,16.95974349975586,37.94442367553711,9.224026679992676,15.784934997558594,44.38601303100586,33.52457809448242,41.19398498535156,20.634191513061523,18.560331344604492,67.47203063964844,41.607513427734375
2020-03-24,18.9542236328125,40.27829360961914,10.703317642211914,17.742414474487305,50.001380920410156,36.95799255371094,43.294761657714844,22.43340492248535,20.555574417114258,72.67125701904297,45.51015853881836
2020-03-25,19.396467208862305,39.65718460083008,11.20815372467041,18.225074768066406,52.6316032409668,36.91037368774414,43.176170349121094,23.430255889892578,21.0802059173584,73.63874053955078,46.30874252319336
2020-03-26,20.307470321655273,41.91579055786133,11.8930082321167,19.369171142578125,55.9534912109375,39.196136474609375,45.539546966552734,25.229473114013672,22.877164840698242,78.53050994873047,48.224403381347656
2020-03-27,19.573360443115234,40.24066162109375,11.086835861206055,18.77924919128418,53.5963134765625,37.42466735839844,45.32777786254883,25.2943115234375,23.0010986328125,76.84870147705078,46.608211517333984
2020-03-30,20.196903228759766,41.70874786376953,11.200325965881348,19.136777877807617,54.37900924682617,39.00089645385742,47.098201751708984,25.95077896118164,23.852069854736328,80.44744110107422,47.58267593383789
2020-03-31,19.91830062866211,41.63346481323242,11.372518539428711,18.609420776367188,53.705528259277344,38.27230453491211,46.14098358154297,25.124113082885742,22.889556884765625,80.09479522705078,46.62246322631836
2020-04-01,19.02056121826172,39.97715759277344,10.808979034423828,17.474266052246094,51.28464126586914,36.44844436645508,45.36165237426758,23.600460052490234,21.51395034790039,77.04761505126953,44.54043197631836
2020-04-02,19.308012008666992,40.48533630371094,11.799083709716797,17.912235260009766,51.96722412109375,37.30086135864258,46.52216720581055,23.94894790649414,22.187294006347656,79.18156433105469,44.70680236816406
2020-04-03,18.843664169311523,39.666603088378906,11.673853874206543,17.554712295532227,51.275543212890625,36.72465133666992,46.88642501831055,23.746339797973633,21.39415740966797,78.46720123291016,43.92723083496094
2020-04-06,20.245555877685547,42.282814025878906,12.292181968688965,18.815006256103516,54.82495880126953,39.85803985595703,48.63142395019531,25.46450424194336,23.046537399291992,82.58138275146484,47.58267593383789
2020-04-07,20.78508186340332,42.593353271484375,12.554383277893066,19.002700805664062,54.69753646850586,39.50090026855469,48.07234191894531,25.472610473632812,22.757368087768555,81.90322875976562,48.290950775146484
2020-04-08,21.802227020263672,43.50621032714844,13.391864776611328,19.833961486816406,56.68159484863281,40.56283187866211,48.783905029296875,27.385284423828125,23.996652603149414,85.27587890625,49.812076568603516
2020-04-09,22.739763259887695,43.8261833190918,13.27054500579834,20.897611618041992,57.53709030151367,40.57236099243164,49.241336822509766,28.79547882080078,25.128528594970703,85.74609375,50.71049499511719
2020-04-13,22.240039825439453,43.89205551147461,13.227499961853027,20.137859344482422,55.85338592529297,40.66283416748047,48.877079010009766,27.474437713623047,24.33125877380371,84.99561309814453,50.696224212646484
2020-04-14,22.527488708496094,45.190757751464844,13.16488265991211,20.227249145507812,56.918212890625,42.36763381958008,50.95246505737305,28.390243530273438,25.045913696289062,87.81673431396484,52.67844009399414
2020-04-15,21.492660522460938,44.76726531982422,12.546557426452637,19.351293563842773,55.34373474121094,41.44380187988281,50.147727966308594,27.29612922668457,24.21971893310547,87.3646469116211,51.52334976196289
2020-04-16,21.36883544921875,44.946075439453125,12.010411262512207,19.011648178100586,54.85226821899414,41.948585510253906,50.478084564208984,27.117834091186523,24.223854064941406,89.27252197265625,52.14130401611328
2020-04-17,22.226768493652344,45.55778503417969,13.286199569702148,20.012725830078125,57.4278678894043,42.50572967529297,51.24893569946289,27.993125915527344,25.004600524902344,91.12614440917969,53.681434631347656
2020-04-20,21.67839813232422,45.14369201660156,12.87137222290039,19.664138793945312,55.898887634277344,41.824764251708984,50.24089813232422,26.955739974975586,24.058616638183594,90.40277862548828,52.7449951171875
2020-04-21,21.143295288085938,43.72266387939453,12.644392013549805,19.029516220092773,54.5792350769043,40.07234191894531,49.17356491088867,26.55862045288086,23.662038803100586,87.65398406982422,51.3759765625
2020-04-22,21.558996200561523,44.89902114868164,13.094439506530762,19.23509979248047,55.1525993347168,41.615238189697266,49.647945404052734,27.020578384399414,24.351913452148438,88.9922103881836,52.483558654785156
2020-04-23,21.709348678588867,45.218990325927734,13.517096519470215,19.15465545654297,55.58945846557617,41.32952117919922,49.20744323730469,26.712608337402344,23.942949295043945,89.48046875,52.46928405761719
2020-04-24,22.049880981445312,45.79304122924805,13.5483980178833,19.431734085083008,56.035404205322266,42.20571517944336,49.73263931274414,26.809864044189453,24.09166145324707,90.6830825805664,53.358192443847656
2020-04-27,22.638044357299805,46.16948318481445,13.841912269592285,20.093172073364258,57.4278678894043,42.567630767822266,49.87666320800781,27.58789825439453,24.343647003173828,91.84949493408203,54.35643005371094
2020-04-28,23.058177947998047,45.331912994384766,14.158900260925293,20.30769157409668,58.50180435180664,42.00094985961914,50.156192779541016,27.612213134765625,24.434534072875977,89.99585723876953,54.57034683227539
2020-04-29,23.646352767944336,47.52463912963867,15.207708358764648,20.897611618041992,59.62123107910156,43.72481155395508,49.94441223144531,27.685148239135742,24.21146011352539,90.5926513671875,55.772972106933594
2020-04-30,22.943191528320312,47.317604064941406,14.871152877807617,20.37025260925293,58.43808364868164,43.529571533203125,49.35145568847656,27.490644454956055,23.65378189086914,90.17671203613281,55.42597579956055
2020-05-01,22.461156845092773,46.658851623535156,14.029755592346191,19.717763900756836,56.6724739074707,42.33430099487305,48.80931854248047,26.647769927978516,23.083709716796875,88.45872497558594,53.35343933105469
2020-05-04,22.540761947631836,46.93175506591797,14.515027046203613,19.53899574279785,55.9534912109375,42.89622497558594,48.783905029296875,26.631563186645508,23.257213592529297,88.41352081298828,53.643409729003906
2020-05-05,22.598249435424805,47.17643356323242,14.526765823364258,19.47643280029297,56.17192459106445,43.48670959472656,48.82625961303711,26.8017578125,23.447233200073242,90.33042907714844,53.83830642700195
2020-05-06,22.209083557128906,47.04468536376953,14.147161483764648,19.056331634521484,55.39833068847656,43.82481384277344,48.29259490966797,26.307376861572266,22.649961471557617,89.43527221679688,53.828792572021484
2020-05-07,22.664581298828125,47.9293098449707,14.515027046203613,19.503244400024414,56.04451370239258,44.481971740722656,48.15705490112305,26.54241371154785,22.7408447265625,89.42625427246094,54.674922943115234
2020-05-08,23.208532333374023,48.80451583862305,15.176400184631348,19.923341751098633,57.43698501586914,45.13436508178711,49.23286819458008,27.028684616088867,23.199373245239258,89.88735961914062,55.73971176147461
2020-05-11,22.854747772216797,48.832733154296875,14.910284042358398,19.53899574279785,56.717987060546875,45.43437576293945,49.165096282958984,26.70450782775879,23.100234985351562,91.43358612060547,55.61612319946289
2020-05-12,22.5053768157959,47.88225173950195,14.648086547851562,19.029516220092773,55.12529373168945,44.49626541137695,48.75001525878906,25.56985855102539,22.897825241088867,90.0411148071289,54.39922332763672
2020-05-13,22.032188415527344,47.06350326538086,13.98279857635498,18.46640968322754,53.74193572998047,43.729583740234375,48.309539794921875,25.164636611938477,22.703657150268555,89.06454467773438,53.46278381347656
2020-05-14,22.30194854736328,47.57168960571289,14.139334678649902,18.940135955810547,54.30619430541992,44.2867317199707,48.19093704223633,25.197053909301758,22.9473934173584,90.0411148071289,54.26136779785156
2020-05-15,22.496536254882812,48.230445861816406,14.084546089172363,18.815006256103516,54.11508560180664,44.51054382324219,48.614479064941406,25.10790252685547,22.641700744628906,90.80062103271484,54.89358901977539
2020-05-18,23.522523880004883,49.24681854248047,15.235099792480469,19.780330657958984,57.682708740234375,45.601043701171875,49.385337829589844,26.33169174194336,23.571165084838867,91.55111694335938,56.97087097167969
2020-05-19,23.296981811523438,49.23741149902344,14.8085355758667,19.297670364379883,56.94552230834961,45.43437576293945,48.47896194458008,25.82110595703125,23.18285369873047,90.44799041748047,56.76647186279297
2020-05-20,23.668458938598633,50.60197067260742,15.399471282958984,19.726699829101562,58.010345458984375,46.42963790893555,49.05497360229492,26.064241409301758,23.31092071533203,90.55648040771484,57.508018493652344
2020-05-21,23.44291877746582,50.24436950683594,15.152925491333008,19.664138793945312,58.14686584472656,45.78200149536133,48.51284408569336,25.934568405151367,23.07544708251953,89.88735961914062,57.71241760253906
2020-05-22,23.40753936767578,50.54551315307617,15.059002876281738,19.592626571655273,58.10135269165039,45.94866943359375,48.68227005004883,26.501888275146484,23.331571578979492,90.0772476196289,57.626853942871094
2020-05-26,24.04878044128418,50.68667221069336,15.477742195129395,20.611587524414062,60.54045104980469,45.90104293823242,48.944847106933594,27.344757080078125,23.484416961669922,89.91448974609375,58.53952407836914
2020-05-27,24.292011260986328,51.04428482055664,15.677328109741211,21.50541114807129,62.560882568359375,46.162967681884766,49.68182373046875,27.928287506103516,23.76531982421875,90.84584045410156,59.54252624511719
2020-05-28,24.517547607421875,50.5643310546875,15.239013671875,21.16576385498047,61.96932601928711,46.072486877441406,50.12229919433594,28.244365692138672,24.467578887939453,92.03034973144531,58.81998062133789
2020-05-29,24.521970748901367,50.83724594116211,15.16857624053955,20.92442512512207,61.587066650390625,46.6534538269043,50.17313003540039,28.082273483276367,24.657596588134766,93.14250946044922,59.033905029296875
2020-06-01,24.690025329589844,51.42071533203125,15.434690475463867,21.16576385498047,61.72358703613281,46.639163970947266,50.52043151855469,28.641490936279297,24.950899124145508,92.22023010253906,59.59480285644531
2020-06-02,25.136682510375977,51.62775802612305,15.865169525146484,21.335588455200195,62.524471282958984,47.0772705078125,50.655975341796875,28.82789421081543,25.112003326416016,92.75372314453125,60.10343551635742
2020-06-03,25.707168579101562,51.78773498535156,16.330873489379883,22.13109016418457,64.96357727050781,47.44394302368164,50.72374725341797,29.51677894592285,25.413564682006836,92.5728759765625,61.23952865600586
2020-06-04,25.800031661987305,51.401885986328125,16.33478355407715,22.613752365112305,65.65525817871094,47.053466796875,50.478084564208984,28.965673446655273,24.95916175842285,91.84048461914062,60.930545806884766
2020-06-05,26.458965301513672,52.239444732666016,17.54795265197754,23.453950881958008,68.0670394897461,48.29157638549805,51.181175231933594,30.027372360229492,25.27724266052246,93.32334899902344,62.38986587524414
2020-06-08,26.49434471130371,53.21818923950195,18.338476181030273,23.900863647460938,69.43219757080078,48.534446716308594,51.73178482055664,30.683841705322266,25.954721450805664,93.9653549194336,63.34058380126953
2020-06-09,26.171518325805664,53.08643341064453,17.649709701538086,23.39137840270996,67.70303344726562,48.76301574707031,51.308231353759766,30.327232360839844,25.434223175048828,92.98880767822266,62.84621810913086
2020-06-10,25.875215530395508,52.926456451416016,16.78092384338379,22.515438079833984,66.0830078125,49.577327728271484,51.16423797607422,29.759923934936523,25.285507202148438,92.84412384033203,62.256771087646484
2020-06-11,23.876310348510742,50.48904037475586,15.199877738952637,20.67415428161621,61.441444396972656,46.73440170288086,49.22439193725586,27.920185089111328,24.29821014404297,87.68110656738281,58.99586868286133
2020-06-12,24.340662002563477,50.931358337402344,15.583402633666992,21.299827575683594,62.633689880371094,47.33918380737305,49.23286819458008,28.803590774536133,24.23624610900879,88.25077056884766,59.580543518066406
2020-06-15,24.59715461730957,51.750083923339844,15.630356788635254,21.59479331970215,63.25257110595703,47.796329498291016,49.800418853759766,29.16828155517578,24.40148162841797,88.4496841430664,60.14622116088867
2020-06-16,25.110151290893555,52.173587799072266,16.080411911010742,21.9344482421875,64.49031829833984,48.81541061401367,50.579734802246094,29.654558181762695,24.513015747070312,90.62881469726562,61.41066360473633
2020-06-17,24.902299880981445,52.239444732666016,15.5325288772583,21.603731155395508,64.02617645263672,48.805877685546875,50.50349426269531,29.306058883666992,24.43865966796875,90.53839111328125,61.24903869628906
2020-06-18,24.91998863220215,52.40884017944336,15.724287033081055,21.576923370361328,63.78953552246094,49.024925231933594,50.76608657836914,28.941364288330078,24.434534072875977,90.2309799194336,61.02562713623047
2020-06-19,24.844802856445312,52.26768493652344,15.485564231872559,21.43390655517578,63.0068473815918,48.686824798583984,50.50349426269531,28.649587631225586,23.748796463012695,91.0990219116211,60.55027389526367
2020-06-22,24.93685531616211,52.382728576660156,15.5573091506958,21.327762603759766,63.11288833618164,49.604129791259766,50.359230041503906,28.567920684814453,23.98039436340332,90.74940490722656,61.172515869140625
2020-06-23,24.994657516479492,52.722206115722656,15.573163986206055,21.426712036132812,63.12202453613281,49.96226119995117,50.28239822387695,28.461755752563477,23.73879623413086,91.1398696899414,61.65373229980469
2020-06-24,24.265405654907227,51.5340461730957,14.709086418151855,20.67110824584961,60.92806625366211,48.8353271484375,49.43724060058594,27.734891891479492,23.52219581604004,88.76081085205078,60.295841217041016
2020-06-25,24.567779541015625,51.7603645324707,14.990501403808594,21.219823837280273,61.60453414916992,49.46088409423828,49.78725814819336,28.028907775878906,23.23061180114746,89.63253021240234,60.3768424987793
2020-06-26,24.229833602905273,49.47834396362305,14.471269607543945,20.311298370361328,60.461856842041016,48.486751556396484,48.77136993408203,27.54705810546875,22.9848575592041,88.54287719726562,58.96175765991211
2020-06-29,24.70117950439453,50.393035888671875,14.665488243103027,20.536176681518555,62.44554901123047,49.01679611206055,49.6933479309082,28.020742416381836,23.418058395385742,89.34195709228516,60.08142852783203
2020-06-30,25.056913375854492,50.958824157714844,15.002394676208496,20.815031051635742,62.80205154418945,49.895416259765625,50.0604362487793,28.429080963134766,23.505538940429688,90.86746978759766,60.8485221862793
2020-07-01,25.110273361206055,52.22241973876953,14.63774299621582,20.6351318359375,62.51868438720703,49.97658920288086,50.10312271118164,29.204946517944336,24.055370330810547,91.56664276123047,61.463157653808594
2020-07-02,25.581619262695312,52.05268478393555,14.800253868103027,20.662111282348633,63.05804443359375,50.26787567138672,50.359230041503906,29.1069393157959,24.11785125732422,92.25675964355469,61.706153869628906
2020-07-06,25.946243286132812,53.09939956665039,14.843851089477539,21.057903289794922,63.963050842285156,51.14650344848633,50.6068000793457,29.13960838317871,23.822099685668945,93.1920394897461,63.168880462646484
2020-07-07,25.95513916015625,52.948516845703125,14.372176170349121,20.626131057739258,62.73807907104492,50.611698150634766,51.06779861450195,28.665925979614258,23.726301193237305,92.3838882446289,62.1778450012207
2020-07-08,25.58606719970703,53.42000198364258,14.360286712646484,20.84201431274414,62.73807907104492,51.43778991699219,50.939735412597656,28.649587631225586,23.938737869262695,92.39295959472656,62.84012985229492
2020-07-09,25.345943450927734,53.48603057861328,13.650794982910156,20.40125274658203,61.37600326538086,51.62401580810547,50.53850555419922,28.551586151123047,23.618000030517578,91.6665267944336,62.76866912841797
2020-07-10,25.786163330078125,54.41014862060547,14.086793899536133,21.102876663208008,62.171321868896484,51.609683990478516,51.469032287597656,28.584259033203125,24.063697814941406,91.44859313964844,63.51669692993164
2020-07-13,25.786163330078125,53.3162956237793,14.01148796081543,21.192838668823242,62.427276611328125,50.54005813598633,51.39219665527344,28.135080337524414,24.08869743347168,91.96617126464844,62.71147155761719
2020-07-14,26.43537712097168,53.8443489074707,14.50298023223877,21.30078125,63.78019332885742,51.12262725830078,52.14344787597656,28.412750244140625,24.31362533569336,93.7913589477539,63.335655212402344
2020-07-15,26.880043029785156,54.16496276855469,14.816102981567383,21.723554611206055,65.40740966796875,51.39958953857422,52.18612289428711,28.543428421020508,24.217815399169922,95.00810241699219,64.24092864990234
2020-07-16,26.968978881835938,54.25927734375,14.7487211227417,21.723554611206055,65.42567443847656,50.76449203491211,52.297096252441406,28.208580017089844,24.526060104370117,94.85376739501953,64.06938934326172
2020-07-17,27.195756912231445,54.13668441772461,14.54261302947998,21.54364585876465,65.81876373291016,51.01280212402344,52.578819274902344,28.6005916595459,25.080066680908203,96.15223693847656,63.769229888916016
2020-07-20,26.9600830078125,54.78733825683594,14.300832748413086,21.444705963134766,65.01431274414062,52.31640625,52.04954147338867,28.33108901977539,24.751001358032227,96.13409423828125,64.7888412475586
2020-07-21,27.195756912231445,54.523311614990234,15.164908409118652,21.867477416992188,65.87361145019531,51.79114532470703,52.501991271972656,28.339248657226562,24.86345863342285,96.07051849365234,64.88890075683594
2020-07-22,27.51146697998047,54.57988739013672,14.97861385345459,21.867477416992188,66.40383911132812,52.206573486328125,52.92029571533203,28.682270050048828,25.246685028076172,96.93316650390625,65.44635772705078
2020-07-23,27.42698097229004,53.69346618652344,14.950870513916016,21.885467529296875,66.20269775390625,50.850440979003906,53.10810089111328,28.535253524780273,25.27583885192871,96.49730682373047,64.4648666381836
2020-07-24,27.33360481262207,53.608612060546875,14.867633819580078,21.831499099731445,65.6724853515625,50.23444747924805,53.03981018066406,28.42092514038086,25.109224319458008,95.43490600585938,64.57919311523438
2020-07-27,27.729354858398438,53.976375579833984,14.883484840393066,21.651592254638672,65.94672393798828,51.027122497558594,53.3044548034668,28.75576400756836,24.805147171020508,96.15223693847656,64.97943115234375
2020-07-28,27.12016487121582,53.42000198364258,14.629815101623535,21.597627639770508,65.48965454101562,50.43023681640625,53.50081253051758,29.33561134338379,25.180036544799805,96.04326629638672,64.33621215820312
2020-07-29,27.342496871948242,53.91035842895508,14.93501091003418,22.002405166625977,66.48609924316406,51.160823822021484,53.57763671875,29.89096450805664,25.296669006347656,97.05120849609375,64.98894500732422
2020-07-30,26.813344955444336,54.061241149902344,14.348395347595215,21.60662078857422,65.81876373291016,51.44733428955078,53.57763671875,29.64595603942871,25.296669006347656,96.37924194335938,64.93655395507812
2020-07-31,26.84001922607422,54.81562423706055,14.281012535095215,21.61560821533203,65.57193756103516,52.731849670410156,53.52642822265625,29.613285064697266,25.338321685791016,95.82535552978516,65.27483367919922
2020-08-03,26.688831329345703,54.86278533935547,14.332540512084961,21.67858123779297,65.84618377685547,54.03068923950195,53.381290435791016,29.13960838317871,25.06340217590332,96.81510925292969,65.13667297363281
2020-08-04,27.066801071166992,55.2116813659668,14.681343078613281,21.588621139526367,66.0107421875,54.16916275024414,54.04718017578125,29.57245445251465,25.338321685791016,96.3883285522461,65.66075897216797
2020-08-05,27.462549209594727,55.12681579589844,14.835921287536621,21.885467529296875,67.27225494384766,54.369712829589844,53.93619155883789,29.35195541381836,25.013418197631836,96.8332748413086,66.46121215820312
2020-08-06,27.34693717956543,56.579010009765625,14.717015266418457,21.876476287841797,67.52823638916016,55.13373947143555,53.92764663696289,29.40911293029785,25.159210205078125,96.3156967163086,66.78521728515625
2020-08-07,27.440319061279297,56.512996673583984,14.736832618713379,22.344223022460938,68.68006896972656,54.31242370605469,54.2178955078125,29.80929946899414,25.613243103027344,96.62443542480469,66.88525390625
2020-08-10,27.70711898803711,56.324405670166016,15.192652702331543,22.506141662597656,70.3712387084961,54.15960693359375,54.49962615966797,29.76030158996582,25.60491371154785,96.29752349853516,67.68572235107422
2020-08-11,27.6582088470459,55.48515701293945,15.14112663269043,22.76700210571289,70.74603271484375,53.18548583984375,54.12400436401367,29.188615798950195,25.0509033203125,95.68914031982422,67.55231475830078
2020-08-12,27.822734832763672,56.145233154296875,15.291743278503418,22.704038619995117,70.97456359863281,54.39359664916992,54.82402038574219,29.556119918823242,25.413297653198242,97.29637145996094,68.44806671142578
2020-08-13,27.81828498840332,56.42813491821289,14.994473457336426,22.56011199951172,70.59976959228516,54.41746520996094,54.781341552734375,29.213109970092773,25.371646881103516,97.16925048828125,68.41946411132812
2020-08-14,27.849416732788086,56.418704986572266,15.137161254882812,22.65006446838379,70.87399291992188,54.379276275634766,54.77280807495117,29.286611557006836,25.150880813598633,96.97856903076172,68.4146957397461
2020-08-17,27.973918914794922,56.48471450805664,15.049958229064941,22.272266387939453,70.54493713378906,54.7421760559082,55.08013916015625,29.547956466674805,25.117549896240234,97.55062866210938,69.296142578125
2020-08-18,27.85831069946289,56.993919372558594,14.859704971313477,22.128347396850586,70.16096496582031,54.94751739501953,55.302093505859375,29.515291213989258,25.00508689880371,97.52339935302734,69.72493743896484
2020-08-19,27.77826499938965,56.833614349365234,14.689270973205566,22.119346618652344,69.97814178466797,54.88066482543945,54.8667106628418,28.91093635559082,24.930112838745117,97.20556640625,69.39620208740234
2020-08-20,27.68044090270996,57.54084777832031,14.372176170349121,21.91245460510254,69.60334014892578,55.61125564575195,54.7557373046875,29.221284866333008,24.709341049194336,96.89683532714844,69.29136657714844
2020-08-21,27.520360946655273,57.28623580932617,14.281012535095215,21.867477416992188,69.88671875,56.31798553466797,54.89231872558594,29.31928253173828,24.751001358032227,96.99671936035156,69.64872741699219
2020-08-24,28.005046844482422,57.98405838012695,14.67341423034668,22.389205932617188,71.14823913574219,56.80503463745117,55.361854553222656,29.3601131439209,24.96759605407715,96.55178833007812,70.70645904541016
2020-08-25,27.89388084411621,58.530982971191406,14.467305183410645,22.452167510986328,71.05684661865234,57.09154510498047,55.242340087890625,29.449949264526367,24.730167388916016,97.20556640625,70.93994903564453
2020-08-26,28.187358856201172,60.53010940551758,14.162101745605469,22.344223022460938,71.0934066772461,58.25191116333008,55.31064224243164,29.24578094482422,24.455245971679688,97.0875244140625,71.64031982421875
2020-08-27,28.111766815185547,59.79458236694336,14.189849853515625,22.722026824951172,71.3493881225586,58.299659729003906,55.6521110534668,29.637792587280273,24.534395217895508,97.85027313232422,71.25439453125
2020-08-28,28.44526481628418,59.936038970947266,14.443522453308105,22.81198501586914,72.02582550048828,58.810611724853516,56.14723587036133,29.8664608001709,24.605205535888672,98.06819152832031,71.7213134765625
2020-08-31,28.009489059448242,59.65312576293945,14.130392074584961,22.542125701904297,71.12996673583984,58.99683380126953,55.98505401611328,29.605125427246094,24.680185317993164,98.30429077148438,71.51166534423828
2020-09-01,28.796550750732422,60.14348602294922,14.035268783569336,22.605085372924805,71.85212707519531,60.123756408691406,56.04480743408203,29.556119918823242,24.396934509277344,97.42350769042969,72.25971984863281
2020-09-02,29.450204849243164,61.425941467285156,13.967888832092285,22.928916931152344,73.0405502319336,60.6585807800293,57.060699462890625,30.21764373779297,25.155040740966797,99.37577819824219,73.26026153564453
2020-09-03,28.636474609375,59.341949462890625,13.864830017089844,22.57810401916504,70.99286651611328,57.20137405395508,56.07896041870117,29.711301803588867,24.871795654296875,96.66981506347656,70.93516540527344
2020-09-04,28.654254913330078,58.25751876831055,13.8212308883667,22.749013900756836,71.15740966796875,56.4039192199707,55.950889587402344,29.605125427246094,24.730167388916016,95.97970581054688,70.11566162109375
2020-09-08,28.1162109375,56.720458984375,13.317846298217773,22.164316177368164,69.82273864746094,53.854000091552734,54.77280807495117,29.22944450378418,24.592708587646484,94.39972686767578,69.19608306884766
2020-09-09,28.841014862060547,57.39940643310547,13.40900993347168,22.389205932617188,70.90143585205078,55.61125564575195,55.566741943359375,29.547956466674805,24.91761016845703,96.07051849365234,70.5015640258789
2020-09-10,28.569772720336914,56.55071258544922,12.917518615722656,22.074369430541992,69.99642181396484,54.35538864135742,54.883785247802734,29.131441116333008,24.488576889038086,94.59947204589844,69.49148559570312
2020-09-11,28.93439483642578,56.37155532836914,12.92940902709961,22.227283477783203,70.94715118408203,53.93996810913086,55.19111633300781,29.033435821533203,24.54688835144043,94.9717788696289,69.5963363647461
2020-09-14,29.35238265991211,56.58844757080078,13.028502464294434,22.533130645751953,71.90699768066406,55.071659088134766,55.5496711730957,29.743961334228516,24.884294509887695,96.33384704589844,70.3348159790039
2020-09-15,29.49467658996582,57.59742736816406,12.933374404907227,22.227283477783203,71.95269775390625,55.616024017333984,55.47283935546875,30.135984420776367,25.0509033203125,96.46097564697266,70.91133117675781
2020-09-16,29.516904830932617,56.975059509277344,13.452608108520508,22.47915267944336,72.68403625488281,54.756507873535156,55.22526550292969,30.331981658935547,25.0175838470459,96.29752349853516,70.51587677001953
2020-09-17,29.73479461669922,55.9283447265625,13.472432136535645,22.24527931213379,72.83027648925781,54.30286407470703,54.875244140625,29.66229248046875,24.813474655151367,95.97970581054688,69.52483367919922
2020-09-18,29.223430633544922,55.39085006713867,13.321810722351074,22.200305938720703,72.0167007446289,53.3669319152832,54.37157440185547,29.074270248413086,24.376113891601562,95.83441162109375,68.5576171875
2020-09-21,28.239660263061523,54.742584228515625,12.880247116088867,21.644052505493164,69.62610626220703,53.81056594848633,53.95679473876953,28.296205520629883,24.224443435668945,94.06401824951172,67.56734466552734
2020-09-22,28.293275833129883,55.800968170166016,12.747294425964355,21.463157653808594,70.31437683105469,54.662437438964844,54.274532318115234,28.63306999206543,24.37569236755371,93.86346435546875,68.9949722290039
2020-09-23,27.462308883666992,54.46854782104492,12.171173095703125,20.98378562927246,69.05712127685547,52.95872497558594,53.45869064331055,27.81145668029785,24.00177764892578,92.89710998535156,67.86337280273438
2020-09-24,27.658876419067383,54.57250213623047,12.167141914367676,21.02901268005371,69.15807342529297,53.25543212890625,53.85373306274414,27.94291877746582,24.270658493041992,92.43215942382812,67.8347396850586
2020-09-25,27.904592514038086,55.30013656616211,12.15908145904541,21.24608039855957,70.19505310058594,54.528438568115234,54.13712692260742,28.48517608642578,24.669775009155273,93.91815185546875,68.71804809570312
2020-09-28,28.355825424194336,56.037208557128906,12.4451322555542,21.752586364746094,71.46151733398438,55.571712493896484,54.746856689453125,28.978151321411133,24.732797622680664,94.76597595214844,70.15523529052734
2020-09-29,28.14584732055664,56.09391784667969,12.102680206298828,21.481245040893555,70.8282699584961,55.38507843017578,54.38616943359375,28.830263137817383,24.724390029907227,94.6474609375,69.6109390258789
2020-09-30,28.4317684173584,56.1317138671875,12.06641960144043,21.770675659179688,70.64472198486328,55.84929275512695,55.047428131103516,28.978151321411133,24.94706153869629,96.16079711914062,70.17913818359375
2020-10-01,28.02968978881836,56.9349479675293,11.69576644897461,21.806854248046875,70.43363952636719,56.43793487548828,55.35658264160156,29.454679489135742,25.199134826660156,95.83261108398438,71.09587860107422
2020-10-02,28.279874801635742,55.8104248046875,11.808570861816406,21.97870445251465,71.222900390625,55.00700759887695,55.047428131103516,29.93121337890625,25.49742317199707,94.95742797851562,70.79507446289062
2020-10-05,28.820457458496094,56.72704315185547,12.163110733032227,22.340496063232422,72.3700180053711,56.213016510009766,55.41669464111328,30.095531463623047,25.81671905517578,96.90835571289062,71.73091125488281
2020-10-06,28.458576202392578,55.536376953125,11.981812477111816,22.1143798828125,71.48902893066406,55.342002868652344,55.056007385253906,29.84083366394043,26.035184860229492,95.62293243408203,70.40354919433594
2020-10-07,29.19126319885254,55.94271469116211,12.151025772094727,22.485210418701172,73.06745147705078,56.356571197509766,55.6485710144043,29.922996520996094,26.194828033447266,97.42799377441406,72.01263427734375
2020-10-08,29.486120223999023,56.670345306396484,12.60628604888916,22.792734146118164,73.7924575805664,56.648502349853516,56.01784896850586,30.424177169799805,26.673776626586914,97.90205383300781,72.4853286743164
2020-10-09,29.713973999023438,57.01054382324219,12.404845237731934,22.819869995117188,74.06776428222656,57.51471710205078,56.455814361572266,30.34201431274414,26.669574737548828,98.7863540649414,73.23975372314453
2020-10-12,29.66482925415039,58.513057708740234,12.4370756149292,23.0731201171875,74.48992919921875,59.08443069458008,57.10847854614258,30.498126983642578,26.83761978149414,99.4609603881836,74.21378326416016
2020-10-13,29.401235580444336,58.56975173950195,12.243687629699707,22.629926681518555,73.66397094726562,58.70636749267578,57.06554412841797,29.98051643371582,26.65276527404785,98.70429992675781,74.199462890625
2020-10-14,29.486120223999023,57.87047576904297,12.296064376831055,22.412860870361328,74.07694244384766,58.395286560058594,56.77356719970703,29.635433197021484,26.619159698486328,98.12996673583984,73.37821197509766
2020-10-15,29.401235580444336,57.426334381103516,12.4451322555542,22.584699630737305,74.34307098388672,58.13207244873047,56.80791473388672,29.77511215209961,26.602354049682617,97.41886901855469,73.65037536621094
2020-10-16,29.606748580932617,57.43578338623047,12.163110733032227,22.6027889251709,74.88451385498047,57.96457290649414,56.825096130371094,29.668298721313477,26.88803482055664,98.38524627685547,72.98190307617188
2020-10-19,29.262744903564453,56.405757904052734,11.905265808105469,22.259092330932617,73.95763397216797,56.90215301513672,56.0865478515625,29.199987411499023,26.661170959472656,96.82630920410156,72.0842514038086
2020-10-20,29.329755783081055,56.81209182739258,12.04627513885498,22.439987182617188,74.34307098388672,57.09836196899414,56.026432037353516,29.397167205810547,26.820816040039062,96.95393371582031,72.6619873046875
2020-10-21,29.21807098388672,57.76652908325195,11.816631317138672,22.32240867614746,73.5905532836914,57.0122184753418,56.07795715332031,29.29036521911621,26.749399185180664,96.47075653076172,72.26569366455078
2020-10-22,29.378904342651367,58.14451599121094,12.304121017456055,22.765600204467773,74.19625854492188,56.74421691894531,56.052188873291016,29.084959030151367,27.12751007080078,97.92938995361328,72.41370391845703
2020-10-23,29.486120223999023,58.692604064941406,12.243687629699707,22.837953567504883,74.48992919921875,56.682010650634766,56.15525436401367,29.273923873901367,27.203134536743164,98.29405212402344,73.04876708984375
2020-10-26,28.74896812438965,57.40742874145508,11.804542541503906,22.32240867614746,72.62699127197266,55.452083587646484,55.433876037597656,28.920635223388672,27.194732666015625,97.20008850097656,71.64498138427734
2020-10-27,28.476449966430664,57.775970458984375,11.651447296142578,21.915395736694336,71.03934478759766,55.72964096069336,55.28788757324219,28.550912857055664,27.17372703552246,96.53457641601562,71.6115493774414
2020-10-28,27.672277450561523,55.50802993774414,11.163956642150879,21.354618072509766,68.70838165283203,53.365501403808594,53.67339324951172,27.91826820373535,26.38389015197754,93.47144317626953,69.34833526611328
2020-10-29,28.24413299560547,56.90658950805664,11.506410598754883,21.517431259155273,69.70867919921875,54.255645751953125,53.65621566772461,28.238698959350586,26.455310821533203,92.70567321777344,69.78759765625
2020-10-30,28.226261138916016,55.94271469116211,11.570868492126465,21.580738067626953,69.62610626220703,53.05443572998047,53.46728515625,28.057945251464844,26.20743751525879,92.67831420898438,68.26446533203125
2020-11-02,29.16445541381836,55.914363861083984,11.965697288513184,21.98775291442871,71.50737762451172,53.18843078613281,54.31746292114258,28.74810028076172,26.78300666809082,94.34661102294922,68.7514877319336
2020-11-03,29.620153427124023,56.74594497680664,11.89720630645752,22.476167678833008,73.61810302734375,54.126434326171875,55.21059799194336,29.199987411499023,27.169517517089844,95.72319030761719,70.26506805419922
2020-11-04,29.115310668945312,59.19343948364258,11.913322448730469,22.2138671875,72.85639953613281,56.232147216796875,55.23635482788086,29.282136917114258,26.76200294494629,99.97149658203125,71.75956726074219
2020-11-05,30.303693771362305,60.33686447143555,11.913322448730469,22.756555557250977,74.572509765625,57.97893142700195,55.63998794555664,29.388946533203125,27.001468658447266,100.17205047607422,73.15858459472656
2020-11-06,30.379642486572266,60.19512176513672,11.655475616455078,22.575658798217773,74.64591217041016,58.18471145629883,55.897621154785156,29.273923873901367,26.942651748657227,100.20853424072266,72.93892669677734
2020-11-09,31.063186645507812,59.68483352661133,13.3193941116333,24.429834365844727,77.18795776367188,57.76357650756836,55.768795013427734,30.046232223510742,27.44260597229004,101.14753723144531,72.7001953125
2020-11-10,31.42952537536621,59.495826721191406,13.750480651855469,24.556455612182617,78.54613494873047,56.686790466308594,56.868019104003906,30.210559844970703,27.8375244140625,101.43923950195312,72.44236755371094
2020-11-11,30.96042823791504,60.034461975097656,13.609469413757324,24.456968307495117,77.88541412353516,58.03157424926758,57.35752487182617,30.44061851501465,27.942550659179688,101.31161499023438,73.07740783691406
2020-11-12,30.30815887451172,59.694278717041016,13.17032241821289,24.04995346069336,76.99524688720703,57.51471710205078,57.202938079833984,30.128395080566406,27.493019104003906,100.93785095214844,72.09858703613281
2020-11-13,30.830873489379883,60.58255386352539,13.649760246276855,24.447919845581055,78.70215606689453,58.00286865234375,57.99302673339844,30.818552017211914,27.76610565185547,102.21415710449219,73.26837921142578
2020-11-16,31.438465118408203,60.970001220703125,14.548194885253906,24.9906005859375,80.62017822265625,58.56279373168945,58.52546691894531,31.015743255615234,28.047584533691406,102.04093933105469,74.2281265258789
2020-11-17,31.322301864624023,60.75265884399414,14.69726276397705,24.954423904418945,80.40910339355469,58.237369537353516,58.113250732421875,31.032167434692383,27.497215270996094,101.37544250488281,73.91297149658203
2020-11-18,31.063186645507812,60.1384162902832,14.270203590393066,24.71925926208496,80.05117797851562,57.61521530151367,57.31458282470703,30.5063419342041,26.95945930480957,99.48831939697266,73.4068603515625
2020-11-19,31.192737579345703,60.50697708129883,14.503874778747559,24.8006649017334,80.2530746459961,58.07943344116211,57.469173431396484,30.55564308166504,26.69057846069336,99.4154052734375,73.76973724365234
2020-11-20,31.165937423706055,60.365211486816406,14.427329063415527,24.58359146118164,79.5280990600586,57.481224060058594,57.10847854614258,30.35023307800293,26.694780349731445,99.18746948242188,73.38298797607422
2020-11-23,31.425050735473633,60.3935661315918,15.44662857055664,25.04486656188965,80.8587646484375,57.46685791015625,57.12565612792969,30.251636505126953,26.6989803314209,98.9322280883789,74.1899185180664
2020-11-24,32.206886291503906,61.63148880004883,16.240312576293945,25.922210693359375,82.27204132080078,58.266075134277344,57.512115478515625,30.23520851135254,26.984668731689453,99.22393798828125,75.29289245605469
2020-11-25,31.871809005737305,61.622039794921875,15.861598014831543,25.831764221191406,81.64797973632812,58.39051055908203,57.47776794433594,30.30915069580078,27.056087493896484,98.85928344726562,75.38360595703125
2020-11-27,32.03711700439453,62.018924713134766,15.676270484924316,25.750368118286133,81.51033020019531,58.701568603515625,57.469173431396484,30.251636505126953,26.787206649780273,99.77095031738281,75.54593658447266
2020-11-30,31.71544647216797,61.80158615112305,14.810066223144531,25.21672248840332,80.78534698486328,59.09400939941406,57.46058654785156,29.988727569580078,26.400691986083984,100.04441833496094,75.08756256103516
2020-12-01,32.06391906738281,62.9355583190918,14.878562927246094,25.605648040771484,80.58343505859375,59.85014343261719,57.96726608276367,30.366662979125977,26.585546493530273,100.88316345214844,75.64620971679688
2020-12-02,31.652915954589844,63.52144241333008,15.362018585205078,25.886035919189453,80.69358825683594,59.759212493896484,57.48635482788086,30.046232223510742,26.76200294494629,101.63982391357422,75.17351531982422
2020-12-03,31.43400001525879,63.237945556640625,15.523174285888672,25.89507293701172,80.9046630859375,59.72093963623047,57.63233947753906,30.26807403564453,26.484718322753906,101.5121841430664,75.38360595703125
2020-12-04,32.068397521972656,63.29464340209961,16.369239807128906,26.211639404296875,81.86824035644531,60.319149017333984,58.07889175415039,30.67066192626953,26.22003936767578,102.5970458984375,75.4552230834961
2020-12-07,31.858409881591797,63.691524505615234,15.986496925354004,26.03074836730957,81.47360229492188,60.49143981933594,57.8556022644043,30.366662979125977,26.367084503173828,101.968017578125,75.28333282470703
2020-12-08,32.03711700439453,63.5970344543457,16.22419548034668,26.021705627441406,81.86824035644531,60.687652587890625,58.173362731933594,30.226993560791016,26.28725814819336,102.74291229248047,75.12574005126953
2020-12-09,32.054996490478516,62.8410530090332,16.260456085205078,25.958389282226562,82.05177307128906,59.524715423583984,57.941497802734375,29.94764518737793,26.24104881286621,102.38737487792969,75.05413055419922
2020-12-10,31.858409881591797,62.87885665893555,16.760034561157227,26.003610610961914,81.271728515625,59.61085510253906,57.683868408203125,29.783321380615234,26.106605529785156,102.21415710449219,74.98728942871094
2020-12-11,31.675241470336914,63.256866455078125,16.566652297973633,25.741313934326172,81.4644546508789,59.48643493652344,57.81268310546875,29.79975128173828,26.148616790771484,101.81304168701172,74.62918090820312
2020-12-14,31.273160934448242,63.058406829833984,15.986496925354004,25.442842483520508,80.40910339355469,59.70178985595703,57.589393615722656,29.586132049560547,26.014177322387695,101.0472412109375,74.73900604248047
2020-12-15,31.840539932250977,63.57815170288086,16.300745010375977,25.876989364624023,81.52867889404297,60.69721984863281,57.72681427001953,30.1037540435791,26.526729583740234,102.1412353515625,75.7464828491211
2020-12-16,31.751190185546875,63.52144241333008,16.220169067382812,25.922210693359375,81.0239486694336,61.10879135131836,57.83845138549805,30.111967086791992,26.22003936767578,101.84039306640625,76.24305725097656
2020-12-17,32.11754608154297,63.36079788208008,16.14362144470215,25.994569778442383,81.51951599121094,61.59214401245117,58.20771408081055,30.465261459350586,26.396493911743164,102.93437194824219,76.76349639892578
2020-12-18,32.260501861572266,63.417484283447266,15.87368392944336,25.768455505371094,81.52867889404297,61.37677764892578,58.3365478515625,29.939434051513672,26.16962432861328,103.01640319824219,76.39105224609375
2020-12-21,32.08943557739258,62.87517547607422,15.567477226257324,26.11581039428711,81.0365982055664,61.43819808959961,57.70784378051758,29.669780731201172,25.85271644592285,101.98567962646484,75.52810668945312
2020-12-22,31.891874313354492,62.288333892822266,15.306185722351074,25.861202239990234,80.65880584716797,61.97064971923828,57.300846099853516,29.877840042114258,25.801876068115234,101.67443084716797,75.20284271240234
2020-12-23,31.936771392822266,62.648006439208984,15.645054817199707,26.288583755493164,81.08267211914062,61.500553131103516,57.49134826660156,29.594877243041992,25.75103187561035,101.74766540527344,75.3654556274414
2020-12-24,32.138824462890625,62.71424865722656,15.563396453857422,26.32495880126953,81.09188842773438,61.908287048339844,57.777130126953125,29.886165618896484,25.93321418762207,102.04058837890625,75.5233383178711
2020-12-28,32.01311111450195,63.8405647277832,15.465408325195312,26.452266693115234,81.19326782226562,62.60862350463867,58.236083984375,30.127527236938477,26.047605514526367,102.2968978881836,76.3843765258789
2020-12-29,31.936771392822266,63.78379821777344,15.3633451461792,26.361331939697266,80.70486450195312,62.31119918823242,58.06290054321289,29.89448356628418,26.04336929321289,102.78207397460938,76.4083023071289
2020-12-30,32.37678909301758,63.357872009277344,15.604228019714355,26.479543685913086,81.22089385986328,62.277645111083984,58.002281188964844,30.060937881469727,26.174707412719727,102.7637710571289,76.86752319335938
2020-12-31,32.50251388549805,63.86899948120117,15.473577499389648,26.806901931762695,81.59872436523438,62.36879348754883,58.40926742553711,30.427125930786133,26.564491271972656,103.84394073486328,76.91056060791016
2021-01-04,32.19269561767578,62.922489166259766,15.498071670532227,26.44316864013672,79.62671661376953,61.35185241699219,57.777130126953125,29.445070266723633,25.89508056640625,103.39540100097656,76.2599868774414
2021-01-05,32.915584564208984,63.14964294433594,16.192140579223633,26.561382293701172,80.40999603271484,61.7499885559082,57.777130126953125,29.411781311035156,25.89084815979004,104.14601135253906,76.82925415039062
2021-01-06,34.262550354003906,62.84676742553711,16.686155319213867,27.734407424926758,82.32670593261719,60.68508529663086,57.820411682128906,29.270299911499023,26.534833908081055,105.57405090332031,77.61375427246094
2021-01-07,34.51848220825195,63.6796760559082,16.93111801147461,28.134511947631836,82.77824401855469,62.32081985473633,57.6472282409668,29.361845016479492,26.187419891357422,106.94718170166016,79.11101531982422
2021-01-08,34.352359771728516,63.878440856933594,16.91069984436035,28.11632537841797,82.57550811767578,62.7237434387207,57.9329948425293,29.678098678588867,26.40773582458496,107.4598159790039,80.74222564697266
2021-01-11,34.352359771728516,62.742652893066406,17.17608070373535,28.20726203918457,82.5478515625,62.205684661865234,57.439395904541016,29.17875862121582,26.161996841430664,107.9632797241211,79.23538970947266
2021-01-12,34.78787612915039,61.72991180419922,17.7762393951416,28.49823760986328,83.36801147460938,61.908287048339844,57.24888610839844,29.20372200012207,26.022180557250977,106.79157257080078,80.44563293457031
2021-01-13,34.433162689208984,61.94759750366211,17.63743019104004,28.480060577392578,82.64922332763672,62.3016357421875,57.33548355102539,29.603200912475586,26.530593872070312,107.08448028564453,80.44085693359375
2021-01-14,34.316436767578125,61.59740447998047,18.160017013549805,28.60736656188965,82.93489074707031,61.754783630371094,57.03239059448242,29.78629493713379,26.428918838500977,106.74577331542969,79.92900085449219
2021-01-15,33.82703399658203,61.796173095703125,17.453702926635742,28.134511947631836,81.85675048828125,61.1215934753418,56.833229064941406,30.244033813476562,26.68735694885254,107.07532501220703,79.31193542480469
2021-01-19,33.94376754760742,62.91300964355469,17.804819107055664,28.20726203918457,82.12398529052734,61.91788101196289,56.582088470458984,30.044294357299805,26.585674285888672,107.8808822631836,79.76158142089844
2021-01-20,34.05601119995117,64.89118957519531,17.870147705078125,28.089046478271484,82.63078308105469,63.1458740234375,56.68601608276367,30.668479919433594,26.742435455322266,108.47592163085938,81.26841735839844
2021-01-21,33.55763626098633,65.1278076171875,17.26590347290039,27.788976669311523,81.98575592041016,63.96134567260742,56.49549102783203,30.56861686706543,26.585674285888672,107.9632797241211,81.6463394165039
2021-01-22,33.39599609375,65.15620422363281,17.17608070373535,27.588918685913086,81.56185913085938,63.71670150756836,56.3482780456543,30.643510818481445,26.623802185058594,107.64287567138672,81.36888885498047
2021-01-25,33.22087860107422,65.5347900390625,17.00052261352539,27.388872146606445,81.00895690917969,64.24915313720703,56.91115951538086,30.918155670166016,27.157634735107422,108.3477554321289,81.67024993896484
2021-01-26,32.76292037963867,66.42449188232422,16.637157440185547,27.170631408691406,80.26253509521484,64.29231262207031,57.42206573486328,31.234405517578125,26.88648223876953,107.9449691772461,81.61762237548828
2021-01-27,31.797590255737305,64.27597045898438,16.41260528564453,26.370424270629883,78.66836547851562,63.07871627807617,56.45219421386719,30.834928512573242,26.161996841430664,104.66780090332031,79.1014633178711
2021-01-28,32.34535598754883,64.50311279296875,16.604494094848633,26.861467361450195,79.83866119384766,63.337738037109375,56.668697357177734,30.918155670166016,26.47551918029785,106.19654846191406,79.35020446777344
2021-01-29,31.716785430908203,63.301082611083984,16.05332374572754,26.32495880126953,78.11546325683594,61.845916748046875,55.4996337890625,30.593578338623047,26.331466674804688,105.29943084716797,77.49896240234375
2021-02-01,32.08943557739258,64.48419952392578,16.167640686035156,26.670503616333008,78.92636108398438,63.39531326293945,55.55160140991211,31.28434944152832,26.458574295043945,105.70223236083984,79.51283264160156
2021-02-02,32.5114860534668,65.46854400634766,16.34320640563965,27.316120147705078,80.60350799560547,64.25395965576172,55.9239616394043,31.417503356933594,26.674644470214844,106.00432586669922,81.20144653320312
2021-02-03,32.574344635009766,66.3487777709961,17.041353225708008,27.470706939697266,80.65880584716797,64.03328704833984,56.010562896728516,31.29267120361328,26.58991241455078,105.25367736816406,80.74701690673828
2021-02-04,32.45760726928711,66.74629974365234,17.229158401489258,28.0799560546875,81.52499389648438,65.05501556396484,56.41755294799805,31.46744728088379,26.797510147094727,105.69306182861328,81.6080551147461
2021-02-05,33.014347076416016,67.58866882324219,17.37613296508789,28.089046478271484,82.00418853759766,64.9111328125,56.945804595947266,31.575632095336914,26.941560745239258,105.88529968261719,82.38777923583984
2021-02-08,33.28824996948242,67.85369110107422,18.102867126464844,28.452775955200195,82.70450592041016,65.5922622680664,57.162296295166016,31.6422176361084,26.733963012695312,106.01347351074219,82.85657501220703
2021-02-09,33.041297912597656,68.08084106445312,17.910974502563477,28.46187400817871,82.91647338867188,65.5155258178711,57.110321044921875,31.78369903564453,26.772090911865234,106.16908264160156,82.3973388671875
2021-02-10,33.0053596496582,68.72444915771484,18.25391960144043,28.46187400817871,82.78746795654297,65.41959381103516,57.049720764160156,32.000083923339844,26.878009796142578,106.36132049560547,81.58412170410156
2021-02-11,33.03680419921875,68.80018615722656,17.972217559814453,28.370941162109375,82.61238098144531,66.13910675048828,56.79857635498047,31.94183349609375,26.725488662719727,106.56271362304688,81.35931396484375
2021-02-12,33.3780403137207,69.09358215332031,18.237590789794922,28.661922454833984,83.21134948730469,66.47968292236328,56.88517761230469,31.93350601196289,26.530593872070312,107.35910034179688,81.47411346435547
2021-02-16,33.315181732177734,69.42484283447266,18.694860458374023,29.15296173095703,83.12841796875,66.26382446289062,56.7812614440918,31.59227752685547,26.234020233154297,106.29724884033203,81.1201171875
2021-02-17,33.297218322753906,69.62359619140625,18.97248649597168,29.29845428466797,82.89803314208984,65.6786117553711,56.98908996582031,31.617244720458984,26.255205154418945,106.68170928955078,81.58892059326172
2021-02-18,33.09067916870117,69.2828598022461,18.543798446655273,29.125673294067383,82.48336029052734,65.35723876953125,56.95446014404297,31.600614547729492,26.411964416503906,106.01347351074219,81.61283874511719
2021-02-19,33.69683074951172,68.60140991210938,18.854084014892578,29.47122573852539,83.83795928955078,65.26130676269531,56.23570251464844,31.700475692749023,26.017948150634766,104.73188781738281,81.13925170898438
2021-02-22,33.82703399658203,68.32691955566406,19.50732421875,29.744016647338867,84.10518646240234,63.822235107421875,56.287662506103516,31.88357925415039,25.509536743164062,104.48473358154297,79.42674255371094
2021-02-23,33.94376754760742,68.85696411132812,19.829862594604492,29.92588233947754,84.36322784423828,63.64474868774414,56.365604400634766,32.000083923339844,25.721372604370117,104.31082153320312,78.90532684326172
2021-02-24,34.24010467529297,68.9800033569336,20.532087326049805,30.507854461669922,85.9574203491211,64.6185073852539,56.33096694946289,32.14989471435547,25.42056655883789,105.03398132324219,79.73287963867188
2021-02-25,33.44987487792969,67.47510528564453,20.136064529418945,29.953163146972656,84.37242889404297,62.35918045043945,55.716129302978516,31.62557601928711,25.1917781829834,103.98125457763672,76.76707458496094
2021-02-26,33.02334213256836,67.74010467529297,19.65839195251465,29.380287170410156,83.49700164794922,62.6901741027832,54.81551742553711,31.07628631591797,24.725738525390625,103.08417510986328,77.08756256103516
2021-03-01,33.85847091674805,69.47218322753906,20.168725967407227,30.298709869384766,85.63488006591797,64.70965576171875,55.36974334716797,31.109580993652344,25.27227783203125,104.42982482910156,78.89574432373047
2021-03-02,34.04703140258789,68.96105194091797,20.058496475219727,30.18958854675293,85.3860855102539,63.68312072753906,55.27448654174805,30.918155670166016,25.19601821899414,104.12773132324219,77.98688507080078
2021-03-03,33.710296630859375,67.97671508789062,20.352447509765625,30.426008224487305,85.47822570800781,62.080963134765625,55.01469039916992,30.53531837463379,24.89944076538086,102.80953979492188,76.15476989746094
2021-03-04,33.054771423339844,67.85369110107422,20.838293075561523,30.08047103881836,84.11438751220703,60.70906448364258,54.81551742553711,30.310611724853516,24.87826156616211,101.42727661132812,74.54268646240234
2021-03-05,33.813560485839844,69.44377899169922,21.618099212646484,30.65334701538086,86.10485076904297,61.85551452636719,56.02787399291992,30.660160064697266,25.28498649597168,103.45948028564453,75.01627349853516
2021-03-08,34.26704406738281,68.51622009277344,21.658924102783203,31.04435920715332,87.00789642333984,60.35889434814453,56.270355224609375,30.809965133666992,25.6408748626709,103.2031478881836,75.1071548461914
2021-03-09,34.47807693481445,69.2828598022461,21.27923011779785,30.762468338012695,86.64854431152344,62.41196060180664,56.218379974365234,31.159509658813477,25.979814529418945,103.80733489990234,77.94381713867188
2021-03-10,35.048282623291016,69.57627868652344,21.81815528869629,31.389896392822266,87.92941284179688,62.162513732910156,56.95446014404297,31.46744728088379,26.15776252746582,104.04534149169922,78.34087371826172
2021-03-11,35.236873626708984,70.89192962646484,21.82632064819336,31.2989559173584,87.99391174316406,63.49125289916992,56.81590270996094,31.93350601196289,26.089975357055664,104.67697143554688,79.54154205322266
2021-03-12,35.33115768432617,70.69316101074219,21.871232986450195,31.617231369018555,89.17342376708984,63.035545349121094,57.28351593017578,32.4827880859375,26.441625595092773,104.90579986572266,79.77593994140625
2021-03-15,35.37155532836914,71.19477844238281,21.6221866607666,31.43537139892578,89.91986846923828,63.707096099853516,57.53465270996094,32.8489875793457,26.780563354492188,105.62899780273438,80.84746551513672
2021-03-16,35.0797233581543,71.9425048828125,21.005687713623047,31.108009338378906,88.63898468017578,64.18678283691406,57.60393142700195,32.8489875793457,26.81446075439453,105.56492614746094,80.01033020019531
2021-03-17,35.39402389526367,71.95197296142578,21.16900062561035,31.317155838012695,89.66183471679688,64.134033203125,57.517337799072266,32.799049377441406,26.378067016601562,105.18041229248047,81.13447570800781
2021-03-18,35.196441650390625,70.7593994140625,20.21772003173828,31.480831146240234,89.57891082763672,62.35439682006836,57.28351593017578,32.59098434448242,26.28062629699707,104.96073913574219,79.14928436279297
2021-03-19,35.02135467529297,71.37462615966797,20.221805572509766,31.117103576660156,88.89698791503906,62.167320251464844,57.48269271850586,32.15821075439453,26.3526554107666,105.3360595703125,79.62287139892578
2021-03-22,35.042991638183594,71.97480010986328,20.027881622314453,30.716136932373047,88.84709167480469,63.389705657958984,58.08953857421875,32.5129280090332,26.314666748046875,106.25279998779297,80.14702606201172
2021-03-23,34.31254577636719,71.4438247680664,19.73493194580078,30.286867141723633,87.29421997070312,62.995567321777344,58.333316802978516,32.613807678222656,26.707353591918945,105.17805480957031,79.39480590820312
2021-03-24,34.560550689697266,69.64231872558594,20.230052947998047,30.396467208862305,87.9319839477539,62.23125076293945,58.10695266723633,32.47090148925781,26.715892791748047,105.05863189697266,78.2209701538086
2021-03-25,35.06102752685547,69.30099487304688,20.30432891845703,30.90793800354004,89.33698272705078,62.192787170410156,58.67285919189453,32.748291015625,27.001876831054688,105.49957275390625,78.90609741210938
2021-03-26,35.93124771118164,68.54246520996094,20.807703018188477,31.39202880859375,90.880615234375,63.7742919921875,59.70893859863281,33.54681396484375,27.09151268005371,107.4928970336914,79.56249237060547
2021-03-29,35.80950164794922,69.24410247802734,20.56014060974121,31.118011474609375,90.89908599853516,63.44260787963867,60.309696197509766,33.47117614746094,27.38176727294922,107.99812316894531,79.12651062011719
2021-03-30,35.7057991027832,69.24410247802734,20.382719039916992,31.33723258972168,91.29656219482422,62.84173583984375,59.665401458740234,33.328277587890625,27.134199142456055,107.02442169189453,79.90266418457031
2021-03-31,35.52995681762695,69.51908111572266,20.242431640625,31.099742889404297,91.00078582763672,63.841575622558594,59.47385787963867,33.19378662109375,27.33481216430664,107.23568725585938,80.5255355834961
2021-04-01,35.841068267822266,70.7137451171875,20.75819206237793,31.483366012573242,91.3058090209961,65.12505340576172,59.1865348815918,33.72333526611328,27.309202194213867,106.91417694091797,81.17233276367188
2021-04-05,36.282936096191406,72.20236206054688,20.2630615234375,31.729961395263672,92.43348693847656,66.47100067138672,59.94400405883789,33.89985275268555,27.607986450195312,107.65824127197266,83.01696014404297
2021-04-06,36.364097595214844,72.38249206542969,20.209423065185547,31.666034698486328,92.211669921875,66.1874008178711,60.19650650024414,33.98390579223633,27.753114700317383,107.244873046875,83.37628936767578
2021-04-07,35.73735427856445,72.94192504882812,20.279573440551758,31.821300506591797,91.78646087646484,66.53829956054688,60.04849624633789,34.025943756103516,27.718969345092773,107.00603485107422,83.12715911865234
2021-04-08,35.78244400024414,72.95143127441406,20.015499114990234,31.830429077148438,92.00829315185547,67.49968719482422,60.10942840576172,33.857818603515625,27.697620391845703,107.17140197753906,83.52001190185547
2021-04-09,36.09356689453125,72.93244171142578,19.883464813232422,32.10443115234375,92.9049072265625,68.14864349365234,60.00495147705078,33.90825653076172,27.667747497558594,108.34717559814453,84.31534576416016
2021-04-12,36.21981430053711,72.63851928710938,19.726675033569336,32.24143600463867,93.24689483642578,67.82176208496094,60.32709503173828,34.11000061035156,27.693355560302734,108.45741271972656,84.85677337646484
2021-04-13,36.13413619995117,72.73332977294922,19.74730682373047,31.940025329589844,92.79399108886719,68.46109771728516,60.00495147705078,34.31173324584961,28.02202796936035,108.90751647949219,85.75269317626953
2021-04-14,36.39565658569336,71.98429107666016,20.29607391357422,32.13184356689453,92.91414642333984,67.73524475097656,59.952720642089844,34.101593017578125,28.14580726623535,108.89833068847656,84.90946960449219
2021-04-15,36.823997497558594,72.90399169921875,20.131031036376953,32.10443115234375,93.28388214111328,68.89852905273438,60.43156814575195,34.74882507324219,28.457395553588867,110.7630615234375,85.5179443359375
2021-04-16,37.27037811279297,72.85658264160156,19.970111846923828,32.3327751159668,93.48724365234375,68.88410949707031,60.77983093261719,34.79926300048828,28.687891006469727,111.58977508544922,86.17911529541016
2021-04-19,37.09903335571289,72.44889831542969,19.94948387145996,32.24143600463867,93.09902954101562,68.31208038330078,60.54475784301758,34.90852355957031,28.542768478393555,111.6173324584961,85.21131134033203
2021-04-20,36.742835998535156,72.06014251708984,19.421350479125977,31.638628005981445,92.0730209350586,67.70641326904297,60.87561798095703,35.29518508911133,28.905582427978516,112.0490951538086,84.1380844116211
2021-04-21,37.410152435302734,72.18339538574219,19.66891098022461,32.07704162597656,93.3301010131836,68.38899230957031,61.18031692504883,35.454898834228516,28.662282943725586,113.3718490600586,85.25921630859375
2021-04-22,36.77890396118164,71.6524429321289,19.437850952148438,31.720823287963867,92.85868072509766,67.58624267578125,60.727577209472656,35.303585052490234,28.457395553588867,112.86663055419922,84.31534576416016
2021-04-23,37.38309860229492,72.48680877685547,19.615272521972656,32.314510345458984,93.87545776367188,68.59569549560547,60.570865631103516,35.50533676147461,28.418987274169922,113.61066436767578,85.1969223022461
2021-04-26,37.604026794433594,72.63851928710938,19.74730682373047,32.442378997802734,93.59815216064453,68.94660186767578,59.89179229736328,35.58097839355469,28.25678253173828,113.22486877441406,85.57066345214844
2021-04-27,37.50482940673828,72.3445816040039,19.98661994934082,32.698116302490234,94.37458801269531,68.77835845947266,59.84823989868164,35.58097839355469,28.039094924926758,112.57268524169922,85.47003173828125
2021-04-28,37.608543395996094,73.00829315185547,20.675674438476562,32.825984954833984,94.18049621582031,68.13903045654297,59.89179229736328,35.454898834228516,28.00067901611328,112.23278045654297,85.36941528320312
2021-04-29,37.843013763427734,75.02787780761719,20.906726837158203,33.41053771972656,94.84601593017578,68.08133697509766,60.52733612060547,35.71546936035156,28.25678253173828,111.7826919555664,85.39335632324219
2021-04-30,37.44171905517578,74.00386810302734,20.37859344482422,33.118263244628906,94.21748352050781,67.15360260009766,60.57958221435547,35.95082473754883,28.47874641418457,111.45201110839844,85.72396850585938
2021-05-03,38.00081253051758,73.61511993408203,20.939739227294922,33.28266525268555,95.18802642822266,66.96612548828125,61.075862884521484,35.75749588012695,28.47447395324707,112.71966552734375,85.31671142578125
2021-05-04,38.41564178466797,72.95143127441406,20.952119827270508,33.54754638671875,95.60396575927734,65.76439666748047,60.762428283691406,35.53895568847656,28.367767333984375,112.83905029296875,84.42555236816406
2021-05-05,38.90259552001953,72.8091812133789,21.628787994384766,33.8215446472168,95.6964111328125,65.60572814941406,60.71889114379883,35.01780319213867,27.889699935913086,113.04114532470703,84.16203308105469
2021-05-06,39.23175048828125,73.66252899169922,21.740190505981445,34.32388687133789,96.36192321777344,66.26432037353516,61.50248336791992,35.185916900634766,28.103118896484375,113.18814086914062,84.34410095214844
2021-05-07,39.619503021240234,74.22196197509766,22.128042221069336,34.506553649902344,97.37869262695312,66.83152770996094,61.50248336791992,35.61459732055664,28.18848991394043,113.96894073486328,85.10111236572266
2021-05-10,39.44366455078125,72.79971313476562,22.136295318603516,34.47916030883789,97.47112274169922,65.14429473876953,61.97262954711914,35.77430725097656,28.47447395324707,114.11589050292969,83.58710479736328
2021-05-11,39.57440948486328,72.59111022949219,21.56690216064453,33.86722183227539,96.02915954589844,64.94719696044922,61.43281555175781,35.35403060913086,28.124467849731445,112.885009765625,82.64324188232422
2021-05-12,38.57795333862305,71.16886138916016,21.67005157470703,33.52014923095703,93.7275619506836,63.12055206298828,60.614418029785156,34.49665069580078,27.467130661010742,111.81942749023438,79.84516906738281
2021-05-13,39.16862106323242,71.68087768554688,21.405982971191406,34.059017181396484,95.48381042480469,63.956966400146484,61.46763610839844,34.933746337890625,27.996408462524414,112.82989501953125,80.41053009033203
2021-05-14,39.637535095214844,73.09362030029297,22.070281982421875,34.597896575927734,96.80561828613281,65.3653793334961,61.73756408691406,35.261566162109375,28.132997512817383,113.39942169189453,81.80477142333984
2021-05-17,39.98471450805664,72.51525115966797,22.581905364990234,34.66183090209961,96.50982666015625,64.88471221923828,61.650482177734375,35.27838134765625,27.902503967285156,113.18814086914062,81.65624237060547
2021-05-18,39.542850494384766,71.77569580078125,22.057897567749023,34.177757263183594,95.10481262207031,64.36554718017578,61.458946228027344,35.34562683105469,27.898237228393555,113.22486877441406,81.01903533935547
2021-05-19,38.93865966796875,71.88948059082031,21.50913429260254,33.967681884765625,94.5687026977539,64.59146118164062,61.25868606567383,35.21113586425781,27.851289749145508,113.03197479248047,80.33866119384766
2021-05-20,38.961212158203125,73.12208557128906,21.47612190246582,33.9859504699707,94.78131103515625,65.82687377929688,61.824607849121094,35.64822006225586,28.094587326049805,114.2169418334961,81.1627426147461
2021-05-21,39.046871185302734,72.87556457519531,21.521509170532227,34.32388687133789,95.24346923828125,65.46633911132812,61.83332824707031,35.58938217163086,28.239707946777344,114.23532104492188,80.75550079345703
2021-05-24,39.39406967163086,74.20297241210938,21.73606300354004,34.48829650878906,95.83503723144531,66.629638671875,62.01616287231445,35.976043701171875,28.18848991394043,114.34555053710938,81.55565643310547
2021-05-25,39.06039810180664,74.18400573730469,21.294578552246094,34.14122009277344,95.54850006103516,66.64886474609375,62.03356170654297,36.076904296875,27.847015380859375,114.00566864013672,81.81436920166016
2021-05-26,39.07393264770508,74.66759490966797,21.484378814697266,34.241695404052734,95.85352325439453,66.64407348632812,61.90298080444336,36.16096878051758,27.851289749145508,113.34428405761719,82.5953140258789
2021-05-27,39.385032653808594,74.9520263671875,21.500879287719727,34.63442611694336,97.16609191894531,66.29313659667969,61.519901275634766,36.11893844604492,27.66347312927246,113.09626770019531,82.9259262084961
2021-05-28,39.3444709777832,74.70552062988281,21.542137145996094,34.698368072509766,97.16609191894531,66.5286865234375,61.650482177734375,36.36269760131836,27.812875747680664,113.53717041015625,82.81092834472656
2021-06-01,39.89455032348633,74.75291442871094,22.37148094177246,34.90843963623047,97.54507446289062,66.20181274414062,61.4415283203125,36.984718322753906,27.64213752746582,111.6724624633789,82.6528091430664
2021-06-02,39.560890197753906,74.52534484863281,22.788209915161133,34.963233947753906,97.26777648925781,66.65848541259766,61.66789245605469,37.49746322631836,27.787261962890625,111.45201110839844,82.26953887939453
2021-06-03,39.55187225341797,74.0228271484375,22.850101470947266,35.045440673828125,97.05513763427734,66.03836822509766,62.050987243652344,37.421810150146484,27.95372772216797,111.79188537597656,81.29210662841797
2021-06-04,39.637535095214844,75.08476257324219,23.00276756286621,35.13677215576172,97.36944580078125,67.30743408203125,62.26863479614258,37.45543670654297,27.91104507446289,112.1501235961914,81.94373321533203
2021-06-07,39.15509033203125,75.4735107421875,22.903738021850586,34.90843963623047,96.69467163085938,67.29300689697266,62.164154052734375,37.8084716796875,27.962261199951172,112.5543212890625,81.94373321533203
2021-06-08,39.22722244262695,75.25544738769531,23.101789474487305,34.81710433959961,96.9442367553711,67.29782104492188,61.641788482666016,38.01020431518555,27.72323226928711,112.20523834228516,82.60491943359375
2021-06-09,38.920631408691406,75.17957305908203,22.957378387451172,34.48829650878906,95.9552230834961,67.34587860107422,61.345767974853516,38.05223846435547,27.97080421447754,113.28916931152344,82.14973449707031
2021-06-10,38.6861686706543,75.58728790283203,22.928495407104492,34.08641815185547,95.48381042480469,67.84101867675781,61.72884750366211,38.43888854980469,28.154346466064453,115.22737121582031,82.5378189086914
2021-06-11,38.830448150634766,75.6726303100586,22.850101470947266,34.30561828613281,95.67791748046875,68.24478912353516,61.763671875,38.19512939453125,28.218364715576172,114.40985107421875,82.98819732666016
2021-06-14,38.35251235961914,76.17514038085938,22.751073837280273,33.94940948486328,95.24346923828125,68.93700408935547,61.72884750366211,38.4136848449707,28.27813148498535,114.51087951660156,83.01215362548828
2021-06-15,38.27134323120117,75.73897552490234,23.184310913085938,34.01335144042969,95.65019989013672,68.51399230957031,61.5808219909668,38.06063461303711,28.363496780395508,114.54764556884766,82.57136535644531
2021-06-16,37.847511291503906,75.07530212402344,23.060531616210938,33.97681427001953,94.74433898925781,68.14384460449219,60.762428283691406,37.71601104736328,27.936655044555664,114.10671997070312,82.60969543457031
2021-06-17,37.004356384277344,75.38816833496094,22.276578903198242,32.97211837768555,93.28388214111328,68.93219757080078,60.9800910949707,37.85890197753906,28.09031867980957,114.97936248779297,82.9211196899414
2021-06-18,36.40467071533203,74.50639343261719,21.616413116455078,32.17750930786133,92.0730209350586,68.30245971679688,59.90049362182617,37.26210021972656,27.360422134399414,113.66578674316406,82.4851303100586
2021-06-21,37.16047286987305,75.2292251586914,22.53758430480957,32.928504943847656,94.09812927246094,69.03446960449219,60.5875129699707,38.00236129760742,27.714868545532227,115.03152465820312,83.12089538574219
2021-06-22,37.30990219116211,75.87513732910156,22.68764305114746,32.9835319519043,94.20013427734375,69.6605224609375,60.67512512207031,37.83315658569336,27.547107696533203,115.280517578125,83.90302276611328
2021-06-23,37.06989288330078,75.79916381835938,22.750167846679688,33.0477180480957,93.98686981201172,69.58348083496094,60.29832077026367,37.71471405029297,27.254606246948242,114.80097961425781,84.55078125
2021-06-24,37.187644958496094,76.51154327392578,22.946073532104492,33.460357666015625,94.71942138671875,70.02169036865234,60.596256256103516,37.53705978393555,27.228796005249023,115.39118957519531,84.83869171142578
2021-06-25,37.192169189453125,76.60652923583984,23.06695556640625,33.86383056640625,94.90485382080078,69.93983459472656,61.06070327758789,37.80777359008789,27.521297454833984,115.91680145263672,85.37609100341797
2021-06-28,37.192169189453125,77.4709243774414,22.287492752075195,33.616241455078125,94.40412139892578,70.67183685302734,61.11328125,37.82469177246094,27.69765853881836,116.09203338623047,85.39529418945312
2021-06-29,37.17405700683594,77.052978515625,22.179119110107422,33.49703598022461,94.21867370605469,71.18714141845703,60.84162521362305,37.799320220947266,27.25029945373535,116.22112274169922,85.60641479492188
2021-06-30,37.273685455322266,76.9104995727539,22.454221725463867,33.64373779296875,94.95123291015625,71.11007690429688,61.31482696533203,37.503211975097656,27.19868278503418,116.14735412597656,85.673583984375
2021-07-01,37.47746658325195,77.48042297363281,22.84604263305664,33.90967559814453,95.62811279296875,71.23046875,61.13079833984375,37.65549087524414,27.495492935180664,117.18018341064453,86.15821838378906
2021-07-02,37.531803131103516,78.0218276977539,22.796022415161133,33.872989654541016,95.7764663696289,72.16954040527344,61.279781341552734,37.83315658569336,27.53850555419922,118.30522155761719,86.91635131835938
2021-07-06,36.974796295166016,77.83187866210938,22.054075241088867,33.341148376464844,94.85848999023438,72.44404602050781,61.0256462097168,38.17155838012695,27.65464973449707,118.19458770751953,87.01712036132812
2021-07-07,37.35972213745117,77.71788024902344,21.695606231689453,33.38700485229492,95.80429077148438,72.83895874023438,61.34987258911133,38.36613082885742,27.835309982299805,118.94154357910156,86.96912384033203
2021-07-08,36.8525276184082,76.86299896240234,21.570560455322266,32.71760559082031,94.46903991699219,72.15030670166016,61.12205505371094,38.33229064941406,27.753585815429688,118.28677368164062,86.75321197509766
2021-07-09,37.57709503173828,77.5468978881836,22.029062271118164,33.66209030151367,95.96192932128906,72.81486511230469,61.472572326660156,38.83989715576172,27.787994384765625,118.69254302978516,87.56413269042969
2021-07-12,37.699363708496094,78.09781646728516,21.995718002319336,33.9921989440918,96.09175109863281,72.8726577758789,61.37617111206055,39.17829132080078,27.87832260131836,118.92311096191406,88.16390991210938
2021-07-13,37.35519790649414,77.89836883544922,21.828989028930664,33.62541198730469,95.16447448730469,73.1712417602539,61.358638763427734,38.67069625854492,27.667551040649414,118.81241607666016,87.10826110839844
2021-07-14,37.27821350097656,77.84136199951172,21.178747177124023,33.46953201293945,95.15521240234375,73.71060943603516,61.90195846557617,39.009098052978516,27.908432006835938,118.70177459716797,86.949951171875
2021-07-15,37.282737731933594,77.29045867919922,20.882802963256836,33.579551696777344,95.34066009521484,73.10382843017578,62.156063079833984,39.06831741333008,28.222450256347656,118.28677368164062,86.47970581054688
2021-07-16,36.7212028503418,76.8060073852539,20.290916442871094,33.1210823059082,94.49687957763672,72.38145446777344,62.252464294433594,39.11061477661133,28.506357192993164,118.6095199584961,85.41448211669922
2021-07-19,35.93326187133789,75.63766479492188,19.5739803314209,32.19492721557617,92.52181243896484,71.38458251953125,62.068450927734375,38.501487731933594,28.0546932220459,117.36463165283203,84.43563079833984
2021-07-20,36.3408203125,76.49256134033203,19.836580276489258,32.99270248413086,95.1088638305664,72.44404602050781,62.085975646972656,39.195213317871094,28.175132751464844,118.79397583007812,85.99507904052734
2021-07-21,36.73931884765625,77.12895965576172,20.52850341796875,33.56121826171875,96.01756286621094,73.14234924316406,61.9282341003418,39.0767707824707,27.865419387817383,118.98762512207031,86.7867660522461
2021-07-22,36.75290298461914,77.39492797851562,20.299257278442383,33.194427490234375,95.66521453857422,73.68170166015625,61.823089599609375,38.7975959777832,27.908432006835938,119.86368560791016,87.16104888916016
2021-07-23,37.01103591918945,79.31365203857422,20.224224090576172,33.249446868896484,96.07320404052734,74.41370391845703,62.56794738769531,39.15291213989258,28.265470504760742,121.24694061279297,87.93840026855469
2021-07-26,37.3234977722168,79.72209167480469,20.724411010742188,33.4420166015625,96.02681732177734,74.37519836425781,62.673095703125,39.15291213989258,28.27406883239746,120.46311950683594,88.5909652709961
2021-07-27,37.37330627441406,78.772216796875,20.532672882080078,33.43284606933594,95.49829864501953,73.67208099365234,62.804561614990234,39.46593475341797,28.76014518737793,121.02561950683594,87.69367218017578
2021-07-28,37.48199462890625,79.38963317871094,20.720239639282227,33.38700485229492,95.27577209472656,73.58056640625,62.252464294433594,39.22904968261719,28.540767669677734,121.45907592773438,87.41056823730469
2021-07-29,37.894081115722656,78.53475189208984,20.920318603515625,33.7537841796875,96.02681732177734,73.9224853515625,62.559165954589844,39.11061477661133,28.618196487426758,121.75414276123047,88.39421844482422
2021-07-30,38.04804611206055,78.26880645751953,20.586856842041016,33.48786544799805,95.84138488769531,73.8743667602539,62.66433334350586,39.23752212524414,28.377304077148438,121.86481475830078,86.57566833496094
2021-08-02,37.586143493652344,78.08830261230469,20.432634353637695,33.49703598022461,95.18302917480469,73.60948181152344,62.40145492553711,39.254432678222656,28.59668731689453,122.03079986572266,86.8251953125
2021-08-03,37.97559356689453,77.73686981201172,20.782766342163086,33.872989654541016,96.4255599975586,74.0814208984375,62.681854248046875,39.41518020629883,28.76014518737793,123.72760009765625,87.46813201904297
2021-08-04,37.613311767578125,77.9553451538086,20.220056533813477,33.58872604370117,95.11812591552734,74.23072814941406,61.86690139770508,39.28827667236328,28.717130661010742,123.20198059082031,86.61885070800781
2021-08-05,37.55897903442383,78.66773986816406,20.44930648803711,34.02887725830078,95.5632095336914,74.64006042480469,62.16484832763672,39.60129928588867,29.031139373779297,122.69475555419922,87.44894409179688
2021-08-06,38.10239028930664,78.66773986816406,20.636877059936523,34.716609954833984,96.00829315185547,74.57745361328125,62.16484832763672,39.53361129760742,29.013935089111328,122.59331512451172,86.8539810180664
2021-08-09,38.05710983276367,78.52525329589844,20.345104217529297,34.80829620361328,95.62811279296875,74.33666229248047,62.39266586303711,39.3559684753418,29.005332946777344,123.06362915039062,86.73399353027344
2021-08-10,38.63220977783203,78.67724609375,20.703571319580078,35.17509841918945,96.60175323486328,73.80210876464844,62.83958435058594,38.93295669555664,29.035442352294922,122.77774047851562,87.0746841430664
2021-08-11,39.175636291503906,78.82920837402344,20.866130828857422,35.57856369018555,97.853515625,73.8117446899414,63.04991149902344,39.14446258544922,29.306447982788086,121.56050109863281,87.3290023803711
2021-08-12,39.11224365234375,78.97169494628906,20.84528923034668,35.64274215698242,97.6680908203125,74.23551177978516,63.014854431152344,39.27981948852539,29.336549758911133,122.5195541381836,87.36739349365234
2021-08-13,39.14846420288086,79.0191879272461,20.599361419677734,35.37682342529297,97.36207580566406,74.64006042480469,63.54064178466797,39.54207229614258,29.543027877807617,123.28497314453125,87.11788177490234
2021-08-16,38.9537467956543,79.15216827392578,20.220056533813477,35.285133361816406,97.69590759277344,74.97715759277344,63.90869903564453,39.58437728881836,29.72368812561035,124.6866455078125,86.71482849121094
2021-08-17,38.50542068481445,78.49674987792969,20.011640548706055,35.03755569458008,96.63882446289062,74.35591125488281,63.9437255859375,39.66051483154297,29.74089813232422,126.16211700439453,84.65635681152344
2021-08-18,38.05710983276367,77.89836883544922,19.59482192993164,34.606571197509766,95.5817642211914,73.33016967773438,63.146305084228516,39.245975494384766,29.59033966064453,124.24402618408203,84.9586410522461
2021-08-19,37.71747589111328,77.90785217285156,19.086301803588867,34.34981918334961,94.91411590576172,74.04772186279297,63.6545524597168,39.57591247558594,29.710784912109375,124.8065414428711,84.41642761230469
2021-08-20,37.93936538696289,78.58226013183594,19.127979278564453,34.56071090698242,95.16447448730469,75.00125122070312,63.75968933105469,39.76203918457031,30.080717086791992,125.5166015625,85.22734069824219
2021-08-23,38.26541519165039,79.5321044921875,19.84491539001465,34.84498977661133,95.94338989257812,75.96922302246094,63.558170318603516,39.60975646972656,29.693586349487305,125.562744140625,86.32615661621094
2021-08-24,38.50542068481445,79.78857421875,20.174205780029297,35.05588150024414,96.4255599975586,75.8825454711914,63.076194763183594,39.313655853271484,29.50000762939453,125.12006378173828,86.93553924560547
2021-08-25,38.682037353515625,79.91207122802734,20.32842445373535,35.46852493286133,97.04683685302734,75.83918762207031,62.97102737426758,39.2713508605957,29.555925369262695,124.77888488769531,87.27141571044922
2021-08-26,38.414859771728516,79.21865844726562,20.019977569580078,35.2943000793457,96.62027740478516,75.36241912841797,62.681854248046875,39.29673385620117,29.482807159423828,124.29010772705078,86.46532440185547
2021-08-27,38.922035217285156,80.47250366210938,20.553516387939453,35.7619514465332,97.28791046142578,76.08961486816406,62.900917053222656,39.61821365356445,29.47420310974121,124.15180206298828,87.25223541259766
2021-08-30,38.88127899169922,81.02342224121094,20.311756134033203,35.25762176513672,97.17665100097656,76.90830993652344,63.181358337402344,40.10044860839844,29.517215728759766,124.8526382446289,87.90959167480469
2021-08-31,38.7680778503418,81.3273696899414,20.174205780029297,35.211769104003906,96.9077377319336,76.50375366210938,63.32154846191406,40.337310791015625,29.482807159423828,124.6866455078125,88.12071228027344
2021-09-01,38.66843032836914,81.73580932617188,19.878259658813477,35.01004409790039,96.5368423461914,76.52302551269531,63.6545524597168,41.03104019165039,29.869949340820312,124.7235336303711,88.11593627929688
2021-09-02,38.917518615722656,81.18487548828125,20.382619857788086,35.12923812866211,97.57535552978516,76.44114685058594,63.899898529052734,41.22562026977539,30.140939712524414,126.06068420410156,88.11113739013672
2021-09-03,38.659393310546875,81.18487548828125,20.265907287597656,34.909175872802734,96.98190307617188,76.74455261230469,63.821067810058594,41.22562026977539,29.891443252563477,126.19902038574219,88.05835723876953
2021-09-07,38.40578842163086,81.3748550415039,20.145030975341797,34.69826889038086,95.30358123779297,76.7638168334961,63.08495330810547,40.76877975463867,29.495704650878906,125.46127319335938,88.31745147705078
2021-09-08,38.038997650146484,80.9569091796875,19.8865966796875,34.61573028564453,95.43340301513672,76.47006225585938,63.62828063964844,41.01411056518555,30.02480125427246,125.40593719482422,88.418212890625
2021-09-09,38.052574157714844,80.5579833984375,19.92827796936035,34.716609954833984,94.96976470947266,76.18111419677734,63.260231018066406,40.14273452758789,29.86133575439453,123.95812225341797,88.30306243896484
2021-09-10,38.04351806640625,80.0355453491211,19.91994285583496,34.45985412597656,94.54322814941406,75.42986297607422,62.98857116699219,39.63513946533203,29.444089889526367,122.8238754272461,87.76084899902344
2021-09-13,38.034461975097656,80.23501586914062,20.49098777770996,34.854156494140625,94.7936019897461,75.45393371582031,63.146305084228516,39.8550910949707,29.392473220825195,122.06768035888672,87.97677612304688
2021-09-14,37.61784744262695,79.5416259765625,20.195051193237305,34.38650131225586,93.65306091308594,75.35762023925781,62.85712814331055,39.77049255371094,29.293533325195312,122.04927062988281,87.68407440185547
2021-09-15,38.0163459777832,79.93106842041016,20.949495315551758,34.716609954833984,94.68229675292969,76.01737213134766,63.08495330810547,39.92277526855469,29.254819869995117,122.8423080444336,88.2502670288086
2021-09-16,37.6042594909668,79.85507202148438,20.711904525756836,34.61573028564453,94.0332260131836,76.06072235107422,62.874656677246094,39.99892044067383,29.009632110595703,122.52876281738281,88.65332794189453
2021-09-17,36.829898834228516,78.97169494628906,20.55767822265625,34.45985412597656,93.03178405761719,74.87602996826172,62.53289031982422,39.63513946533203,28.56227684020996,122.6486587524414,88.34144592285156
2021-09-20,36.12218475341797,77.38463592529297,19.92991828918457,33.66048049926758,91.96479034423828,73.51220703125,61.90861129760742,39.363746643066406,28.509824752807617,121.36878204345703,86.3255615234375
2021-09-21,36.0357780456543,77.06109619140625,19.9763240814209,33.614437103271484,91.48104095458984,73.5411605834961,61.83806228637695,39.372257232666016,28.431814193725586,121.55389404296875,86.4552993774414
2021-09-22,36.40873336791992,77.02304077148438,20.59227752685547,34.176204681396484,92.20665740966797,74.5494384765625,62.014408111572266,39.704044342041016,28.41448211669922,121.7574691772461,87.63262176513672
2021-09-23,36.92722702026367,77.81278228759766,21.31370735168457,35.01426315307617,93.62066650390625,75.54804992675781,62.24367141723633,39.50837326049805,28.262786865234375,122.63658905029297,88.52165222167969
2021-09-24,36.872650146484375,78.45027923583984,21.474021911621094,35.198448181152344,93.81599426269531,75.60113525390625,62.27012252807617,39.05748748779297,28.23244857788086,122.13687133789062,88.85323333740234
2021-09-27,37.1591796875,78.44074249267578,22.23763084411621,35.677337646484375,93.90901184082031,74.86783599853516,61.98796081542969,38.410919189453125,27.898717880249023,120.39710998535156,89.32896423339844
2021-09-28,36.69981384277344,76.52827453613281,22.31357192993164,35.08793258666992,92.82063293457031,72.6486587524414,61.25609588623047,38.18122100830078,27.547657012939453,118.33341217041016,87.60859680175781
2021-09-29,36.549720764160156,76.461669921875,22.31357192993164,35.11556625366211,92.9229507446289,72.55699157714844,61.81161880493164,38.42793273925781,27.907386779785156,119.2680892944336,87.69512176513672
2021-09-30,35.981201171875,76.22380828857422,21.976064682006836,34.5629997253418,91.01594543457031,72.03597259521484,60.700584411621094,37.815406799316406,27.686344146728516,117.80593872070312,86.23424530029297
2021-10-01,36.55427169799805,77.50830078125,22.714365005493164,35.13397979736328,92.2624740600586,73.12145233154297,60.859291076660156,38.22376251220703,27.686344146728516,117.83370208740234,86.88298797607422
2021-10-04,36.39507293701172,75.83368682861328,23.08562469482422,34.830081939697266,91.76014709472656,71.42811584472656,60.665313720703125,38.266292572021484,28.067752838134766,116.03836822509766,86.19580841064453
2021-10-05,36.71799850463867,76.9659652709961,23.22062873840332,35.51156997680664,92.78340911865234,72.446044921875,60.973941802978516,37.96853256225586,27.9984073638916,116.7324447631836,86.54178619384766
2021-10-06,36.649784088134766,77.09917449951172,22.975933074951172,35.548404693603516,93.19273376464844,72.91881561279297,61.5647087097168,38.334354400634766,28.431814193725586,116.51960754394531,86.81571960449219
2021-10-07,37.12734603881836,77.43219757080078,23.153127670288086,35.760231018066406,93.91831970214844,73.58456420898438,61.83806228637695,38.376888275146484,28.28012466430664,118.0650405883789,88.16604614257812
2021-10-08,36.92267990112305,77.05159759521484,23.86610984802246,35.93520736694336,93.90901184082031,73.30960083007812,61.76753234863281,37.96003723144531,28.072078704833984,117.47278594970703,87.76238250732422
2021-10-11,36.92722702026367,75.89078521728516,23.77752113342285,35.5760383605957,93.15550994873047,72.90435791015625,61.74988555908203,38.01107406616211,27.690683364868164,116.55661010742188,87.40677642822266
2021-10-12,36.977264404296875,75.18666076660156,23.798616409301758,35.465518951416016,92.8485336303711,72.5280532836914,61.77633285522461,38.52151870727539,27.877050399780273,115.99211120605469,88.09876251220703
2021-10-13,37.254703521728516,75.5387191772461,23.77752113342285,35.26292037963867,93.04388427734375,72.97187042236328,61.890968322753906,38.742713928222656,28.202110290527344,116.17717742919922,88.53125
2021-10-14,38.15980911254883,76.60440063476562,24.068620681762695,35.85232162475586,94.80208587646484,74.6169662475586,62.58756637573242,39.28718185424805,28.548839569091797,117.84294128417969,89.458740234375
2021-10-15,38.273502349853516,76.4236068725586,24.186744689941406,36.3864631652832,95.71370697021484,75.21519470214844,62.43764114379883,39.304195404052734,28.466489791870117,118.42594909667969,90.82827758789062
2021-10-18,38.2462158203125,77.01354217529297,24.203622817993164,36.39567565917969,95.77884674072266,75.85197448730469,62.06731414794922,39.372257232666016,28.19344139099121,117.620849609375,91.9383316040039
2021-10-19,38.44633865356445,77.75572204589844,24.47785186767578,36.754844665527344,96.34628295898438,76.60456848144531,62.093780517578125,39.55092239379883,28.548839569091797,119.16629791259766,91.67884063720703
2021-10-20,38.7556266784668,77.90792846679688,24.676137924194336,37.0495491027832,96.95094299316406,76.39228820800781,62.45530319213867,40.15494155883789,28.999584197998047,120.86906433105469,91.61157989501953
2021-10-21,38.655555725097656,78.13631439208984,24.22049903869629,36.89298629760742,97.14630126953125,76.68657684326172,62.37592315673828,40.282554626464844,28.999584197998047,121.35952758789062,92.95709228515625
2021-10-22,38.58280563354492,76.4806900024414,24.448322296142578,37.408714294433594,97.4905014038086,76.4212417602539,62.86091232299805,40.571807861328125,29.146944046020508,121.8499984741211,92.6255111694336
2021-10-25,38.96939468383789,76.81372833251953,24.806922912597656,37.362667083740234,97.7137680053711,76.67210388183594,62.81681442260742,40.69089889526367,29.021251678466797,121.99808502197266,94.92253112792969
2021-10-26,39.078548431396484,76.1286392211914,24.950366973876953,37.390296936035156,97.10910034179688,76.88920593261719,63.03724670410156,40.8780632019043,29.17728614807129,122.59957885742188,94.93694305419922
2021-10-27,38.51911926269531,75.91934204101562,24.233158111572266,36.77326583862305,95.97418975830078,76.8216552734375,62.666927337646484,40.5803108215332,28.982250213623047,121.6279067993164,95.14840698242188
2021-10-28,38.90117263793945,76.1667251586914,24.406129837036133,37.22452163696289,97.17422485351562,77.59354400634766,62.887367248535156,41.17583084106445,29.17294692993164,122.64588165283203,96.41223907470703
2021-10-29,38.714691162109375,76.40457153320312,24.24581527709961,37.07717514038086,97.20211791992188,77.92642211914062,62.825618743896484,40.682395935058594,28.999584197998047,123.83964538574219,96.66212463378906
2021-11-01,38.8056526184082,76.52827453613281,24.663476943969727,37.09559631347656,97.47189331054688,77.81063079833984,62.92263412475586,40.775978088378906,29.10360336303711,123.6916275024414,98.43534851074219
2021-11-02,39.24683380126953,76.53778076171875,24.43144416809082,37.18768310546875,97.79747009277344,78.49567413330078,63.34587097167969,41.158809661865234,29.129608154296875,124.46895599365234,97.77218627929688
2021-11-03,39.65617370605469,76.81372833251953,24.228939056396484,37.32582092285156,97.58350372314453,78.95398712158203,63.93666076660156,41.39701843261719,29.021251678466797,125.20002746582031,99.5309829711914
2021-11-04,39.6334342956543,77.11820220947266,24.2626895904541,36.83772659301758,97.9742431640625,80.18900299072266,63.998382568359375,40.92911148071289,28.86089324951172,124.33939361572266,100.87171173095703
2021-11-05,39.94271469116211,77.73667907714844,24.579105377197266,36.85614776611328,98.96959686279297,80.6038818359375,64.36870574951172,41.02269744873047,29.133943557739258,122.95126342773438,101.52046966552734
2021-11-08,40.443023681640625,77.39411926269531,24.802701950073242,37.05875015258789,99.37889862060547,81.03807067871094,63.8572998046875,41.01418685913086,28.70054054260254,123.68233489990234,100.0836181640625
2021-11-09,40.62949752807617,77.20381927490234,24.903959274291992,36.85614776611328,99.63007354736328,80.7051773071289,64.0777359008789,41.167327880859375,28.84789276123047,123.22888946533203,98.2334976196289
2021-11-10,40.35206604003906,76.32846069335938,24.24581527709961,36.79167938232422,99.0719223022461,79.37369537353516,64.27173614501953,40.9631462097168,29.08193588256836,123.58052062988281,97.86829376220703
2021-11-11,40.67498779296875,76.17621612548828,24.3386287689209,36.89298629760742,98.66261291503906,79.74516296386719,64.22764587402344,40.98015594482422,28.904239654541016,123.21963500976562,97.60399627685547
2021-11-12,40.979713439941406,77.28947448730469,24.279565811157227,36.97586441040039,99.44403076171875,80.71484375,64.22764587402344,40.997161865234375,28.886903762817383,123.83039093017578,97.93074035644531
2021-11-15,40.79323959350586,77.50830078125,24.482065200805664,36.97586441040039,99.63007354736328,80.6328353881836,64.53626251220703,41.22688293457031,29.268299102783203,123.06229400634766,97.84906768798828
2021-11-16,40.67953872680664,76.92790222167969,24.520038604736328,36.939029693603516,99.64867401123047,81.48188781738281,64.13064575195312,40.97165298461914,29.129608154296875,123.58052062988281,99.39164733886719
2021-11-17,40.41118621826172,76.63296508789062,24.144563674926758,36.51540756225586,99.05332946777344,81.23587799072266,63.989566802978516,41.24388122558594,29.155611038208008,123.7563705444336,100.02596282958984
2021-11-18,40.23836135864258,76.08106994628906,24.001117706298828,36.331214904785156,98.8486557006836,82.04633331298828,63.76032638549805,41.23537826538086,29.003923416137695,123.80265045166016,101.16004180908203
2021-11-19,40.16557693481445,75.82418060302734,23.064531326293945,35.93520736694336,98.3556137084961,82.64454650878906,63.53103256225586,41.01418685913086,29.168617248535156,123.05304718017578,101.59732818603516
2021-11-22,40.22925567626953,74.90122985839844,23.473766326904297,36.441715240478516,98.6253890991211,81.72311401367188,64.0336685180664,40.81000900268555,29.3463134765625,122.497802734375,101.34265899658203
2021-11-23,40.27018737792969,74.70140075683594,24.195188522338867,37.01271057128906,98.79283905029297,81.53496551513672,64.45690155029297,41.24388122558594,29.376649856567383,122.62733459472656,100.60740661621094
2021-11-24,39.983646392822266,74.80608367919922,24.43144416809082,36.92982482910156,98.68122100830078,82.12837219238281,64.26290893554688,41.796871185302734,29.39398956298828,122.58109283447266,100.8140640258789
2021-11-26,39.29686737060547,73.43592071533203,23.44844627380371,35.70497512817383,96.01139068603516,80.07804870605469,63.451683044433594,40.66539001464844,28.934574127197266,122.12762451171875,98.06533813476562
2021-11-29,39.478790283203125,74.06392669677734,23.583454132080078,35.81548309326172,96.17884063720703,82.08010864257812,63.61038589477539,41.17583084106445,29.363651275634766,122.4607925415039,99.58865356445312
2021-11-30,38.500919342041016,71.71373748779297,23.03078269958496,34.9589958190918,93.74156951904297,81.39506530761719,61.97913360595703,40.31657791137695,28.505496978759766,120.05469512939453,98.24314880371094
2021-12-01,38.109771728515625,70.05815887451172,22.786083221435547,34.57221221923828,92.43922424316406,80.28065490722656,61.6793327331543,39.789119720458984,28.557510375976562,119.84185028076172,96.46990966796875
2021-12-02,38.88752746582031,71.23799896240234,23.44844627380371,35.603660583496094,95.18346405029297,81.0187759399414,62.331844329833984,40.8780632019043,28.921571731567383,120.42486572265625,97.84426879882812
2021-12-03,38.80111312866211,71.07622528076172,23.262819290161133,35.023468017578125,95.07183837890625,79.66315460205078,63.10780715942383,40.67388916015625,29.21195411682129,120.64697265625,95.94129943847656
2021-12-06,39.36963653564453,72.2465591430664,23.6087646484375,35.557613372802734,96.68119812011719,80.42056274414062,64.21883392333984,41.26089859008789,29.658369064331055,121.33177185058594,97.03694152832031
2021-12-07,39.970008850097656,72.98873138427734,24.161434173583984,36.19306182861328,97.6672592163086,83.22827911376953,64.35991668701172,41.99253845214844,29.879413604736328,122.89575958251953,99.30033874511719
2021-12-08,40.13828659057617,73.52156066894531,24.157217025756836,35.999664306640625,97.90911102294922,83.60940551757812,64.1570816040039,42.17118835449219,29.849075317382812,123.8211441040039,99.55020141601562
2021-12-09,39.91542434692383,72.94116973876953,23.971586227416992,35.92599105834961,97.60212707519531,82.70726776123047,64.33345031738281,41.63522720336914,29.810070037841797,124.1080322265625,97.8250503540039
2021-12-10,40.161033630371094,72.97920989990234,24.148780822753906,35.96282958984375,98.00214385986328,84.3667984008789,65.41802215576172,41.8479118347168,29.970426559448242,124.54300689697266,98.50743103027344
2021-12-13,39.91996765136719,72.59861755371094,23.477985382080078,35.5760383605957,96.98817443847656,83.11249542236328,66.27332305908203,42.40939712524414,30.338829040527344,125.71829223632812,95.97013854980469
2021-12-14,39.87903594970703,72.4083251953125,23.380943298339844,35.7878532409668,96.06720733642578,81.74724578857422,66.31742095947266,41.941490173339844,30.15679168701172,125.20928192138672,95.41271209716797
2021-12-15,39.96546936035156,73.16952514648438,23.267038345336914,35.88916015625,96.90444946289062,83.91332244873047,66.98755645751953,42.562538146972656,30.65089225769043,127.77267456054688,96.62368774414062
2021-12-16,40.374786376953125,73.06484985351562,23.414697647094727,36.340415954589844,96.95094299316406,81.53496551513672,67.46371459960938,42.72417068481445,30.80691909790039,128.5315704345703,94.49005889892578
2021-12-17,39.86994171142578,72.76988220214844,22.93796730041504,35.53919982910156,95.29512023925781,80.98983764648438,66.30860137939453,42.57954788208008,30.343162536621094,127.63385772705078,93.84610748291016
2021-12-20,39.15773391723633,72.2616958618164,22.653776168823242,34.84888458251953,93.76839447021484,80.02652740478516,66.32814025878906,42.300682067871094,30.371994018554688,126.86097717285156,92.33109283447266
2021-12-21,39.651432037353516,73.63468170166016,23.299076080322266,35.5706672668457,95.63592529296875,82.05171966552734,66.23936462402344,42.54093551635742,30.328310012817383,127.39051818847656,94.7229995727539
2021-12-22,39.966854095458984,73.8158187866211,23.448650360107422,35.73722457885742,95.90670013427734,83.12474060058594,66.65662384033203,42.96136474609375,30.459362030029297,128.87681579589844,96.45073699951172
2021-12-23,40.36912536621094,74.47368621826172,23.461471557617188,35.92229461669922,97.03655242919922,83.5887451171875,66.80756378173828,42.83266067504883,30.454992294311523,129.40635681152344,97.78864288330078
2021-12-27,40.977108001708984,75.1983413696289,23.974292755126953,36.29243850708008,98.0636978149414,85.38191986083984,67.51780700683594,43.70785140991211,30.60350227355957,130.77194213867188,98.7415542602539
2021-12-28,41.21482467651367,75.16020202636719,23.957197189331055,36.31094741821289,98.55860137939453,84.93726348876953,67.89954376220703,43.896610260009766,30.87870216369629,130.42823791503906,98.78486633300781
2021-12-29,41.38395690917969,74.78834533691406,23.803348541259766,36.26467514038086,98.73601531982422,85.00977325439453,68.21028900146484,44.16260528564453,31.044696807861328,131.17137145996094,98.9822006225586
2021-12-30,41.237674713134766,75.10297393798828,23.658048629760742,36.199893951416016,98.38118743896484,84.44911193847656,67.99720764160156,44.359962463378906,31.158267974853516,131.4408416748047,98.62606048583984
2021-12-31,41.420528411865234,74.06371307373047,23.717880249023438,36.1351318359375,98.80137634277344,84.03823852539062,68.45887756347656,44.454341888427734,31.267471313476562,130.8834686279297,98.3902587890625
2022-01-03,40.88111114501953,74.5785903930664,24.452919006347656,36.57929229736328,97.98899841308594,84.83576202392578,68.44998931884766,44.04248809814453,30.957326889038086,129.5364227294922,101.21528625488281
2022-01-04,41.38395690917969,74.41648864746094,25.299068450927734,37.541664123535156,99.959228515625,83.93673706054688,68.9116439819336,43.87088394165039,30.861228942871094,127.82710266113281,100.5992431640625
2022-01-05,41.3793830871582,72.54773712158203,25.2947940826416,37.10675048828125,99.00680541992188,81.35572814941406,68.84952545166016,42.44655227661133,30.843761444091797,126.9167251586914,97.88491821289062
2022-01-06,40.85826110839844,72.87191009521484,25.858896255493164,37.6527099609375,99.46434020996094,80.94488525390625,68.66305541992188,42.4980354309082,30.52487564086914,125.44893646240234,97.62984466552734
2022-01-07,40.82168197631836,72.8814468383789,26.213598251342773,38.09687805175781,99.43630981445312,80.20053100585938,68.73408508300781,42.27494812011719,30.756393432617188,124.80792999267578,96.0031509399414
2022-01-10,40.405696868896484,72.42381286621094,26.132402420043945,37.96733093261719,98.3158187866211,80.21503448486328,68.1925277709961,42.026119232177734,30.555456161499023,126.08992004394531,95.41600799560547
2022-01-11,40.84912109375,73.3295669555664,27.021289825439453,38.30046081542969,98.90409088134766,81.1768798828125,68.11263275146484,41.95748519897461,30.28026580810547,127.09320831298828,96.3352279663086
2022-01-12,41.260528564453125,73.42491149902344,27.07257080078125,38.328224182128906,99.22157287597656,81.5587387084961,68.13925170898438,42.069026947021484,30.376352310180664,126.73091888427734,96.97049713134766
2022-01-13,40.9405517578125,72.66217041015625,26.935821533203125,38.1801643371582,99.43630981445312,79.4465103149414,68.2635498046875,41.92315673828125,30.52487564086914,124.76150512695312,95.02136993408203
2022-01-14,40.59312438964844,72.99586486816406,27.568294525146484,37.78226852416992,98.83873748779297,80.11836242675781,68.3878402709961,41.434085845947266,30.31520652770996,124.54784393310547,94.57860565185547
2022-01-18,40.05827713012695,72.10914611816406,27.67940330505371,36.940185546875,97.69953155517578,78.19466400146484,67.4023666381836,41.15093231201172,29.952640533447266,122.80133819580078,92.78829956054688
2022-01-19,39.95771026611328,71.98521423339844,27.47854995727539,36.3202018737793,96.6070327758789,77.10232543945312,67.82853698730469,40.618961334228516,30.088054656982422,122.29969787597656,91.11348724365234
2022-01-20,39.377159118652344,71.27011108398438,27.226415634155273,36.088863372802734,95.37447357177734,76.10665130615234,67.3846206665039,40.25859451293945,30.127370834350586,121.50077056884766,89.45311737060547
2022-01-21,38.41718673706055,68.8578872680664,26.68795394897461,35.34857177734375,94.49671173095703,74.59379577636719,67.43788146972656,40.23284149169922,30.070589065551758,120.2745361328125,86.83020782470703
2022-01-24,38.440040588378906,69.36323547363281,26.867441177368164,35.45036697387695,95.03831481933594,74.98046112060547,67.21595001220703,40.31864929199219,29.782289505004883,119.87508392333984,87.87455749511719
2022-01-25,38.092620849609375,67.94259643554688,27.910173416137695,35.598419189453125,94.10454559326172,73.24528503417969,66.47018432617188,40.20710372924805,29.314895629882812,119.10404205322266,86.3874282836914
2022-01-26,37.694923400878906,66.95101928710938,27.863161087036133,35.690956115722656,93.28282928466797,73.67543029785156,65.9641342163086,39.537837982177734,29.07464599609375,118.48160552978516,85.96875
2022-01-27,37.822914123535156,67.02728271484375,28.166580200195312,35.36708450317383,92.4518051147461,73.16793060302734,66.40805053710938,38.825687408447266,29.332365036010742,118.78816223144531,83.88484954833984
2022-01-28,38.04233932495117,68.9437255859375,28.046920776367188,35.82976531982422,93.0960922241211,76.36764526367188,67.1893081665039,40.17279052734375,29.686187744140625,121.21280670166016,85.71367645263672
2022-01-31,38.604610443115234,70.50737762451172,28.170852661132812,36.14438247680664,94.06720733642578,78.28648376464844,67.4467544555664,40.618961334228516,30.249685287475586,121.90950012207031,89.01034545898438
2022-02-01,39.198875427246094,71.11756134033203,29.175121307373047,36.64407730102539,95.36512756347656,78.48951721191406,67.3846206665039,40.344390869140625,29.847814559936523,122.23468017578125,89.54936218261719
2022-02-02,39.322303771972656,72.53821563720703,29.269147872924805,36.8939094543457,96.02809143066406,79.12753295898438,68.1925277709961,41.039390563964844,30.288997650146484,123.87895965576172,89.01516723632812
2022-02-03,38.63660430908203,67.6851577758789,28.99136734008789,36.48676300048828,94.49671173095703,76.8316650390625,68.21028900146484,40.618961334228516,30.153589248657227,123.34943389892578,86.29119110107422
2022-02-04,37.99662399291992,67.85678100585938,29.444358825683594,37.10675048828125,93.47893524169922,77.14099884033203,67.37574768066406,40.06124496459961,29.913333892822266,122.90352630615234,88.74562072753906
2022-02-07,37.809207916259766,66.67451477050781,29.820423126220703,37.217796325683594,93.55362701416016,76.62866973876953,67.50004577636719,40.06982421875,29.869646072387695,122.68987274169922,88.56277465820312
2022-02-08,38.394325256347656,66.64590454101562,29.179399490356445,37.73599624633789,94.48739624023438,77.57600402832031,67.75749206542969,39.70944595336914,29.891490936279297,123.69316864013672,89.80924987792969
2022-02-09,39.230873107910156,68.52422332763672,29.422983169555664,37.976593017578125,95.78532409667969,79.29667663574219,67.77526092529297,40.67044448852539,30.022541046142578,124.65000915527344,90.99797821044922
2022-02-10,39.0023193359375,67.54212951660156,29.23923110961914,37.643455505371094,94.21660614013672,77.22313690185547,67.04724884033203,39.512107849121094,29.262475967407227,122.69917297363281,89.4290542602539
2022-02-11,38.39890670776367,66.08336639404297,30.089664459228516,37.116004943847656,92.77861022949219,74.8644790649414,66.80756378173828,38.9715461730957,29.279943466186523,120.99913787841797,86.85907745361328
2022-02-14,38.0834846496582,66.09290313720703,29.380250930786133,36.69960021972656,92.43312072753906,74.8403091430664,66.62109375,38.551124572753906,29.030963897705078,119.76360321044922,87.35477447509766
2022-02-15,38.78288650512695,67.01775360107422,29.07256317138672,37.19927978515625,93.82441711425781,76.80748748779297,66.73651885986328,38.73988342285156,28.895551681518555,121.1106185913086,89.3087387084961
2022-02-16,39.06631851196289,66.55055236816406,29.307607650756836,37.22705078125,94.31929779052734,76.73016357421875,66.86082458496094,38.84284973144531,28.961069107055664,121.2964096069336,89.56381225585938
2022-02-17,38.39890670776367,64.77714538574219,29.260597229003906,36.30168914794922,92.59185791015625,74.43428039550781,67.37574768066406,38.508216857910156,28.97854232788086,119.34554290771484,87.1670913696289
2022-02-18,38.33489990234375,64.27184295654297,29.081111907958984,36.29243850708008,91.82614135742188,73.68028259277344,67.50004577636719,38.336612701416016,28.926130294799805,118.45375061035156,86.62808227539062
2022-02-22,37.79092025756836,63.61394119262695,28.611026763916016,36.10737228393555,90.93910217285156,72.99876403808594,66.97622680664062,38.233642578125,28.895551681518555,118.1564712524414,84.10140991210938
2022-02-23,37.30636978149414,62.54610061645508,28.90589714050293,35.47813034057617,89.26766204833984,71.17173767089844,66.4346694946289,37.735984802246094,28.406309127807617,117.56192779541016,81.29083251953125
2022-02-24,37.196651458740234,64.30042266845703,28.67940330505371,35.052459716796875,90.40685272216797,73.60294342041016,65.28939819335938,38.38809585571289,28.633459091186523,118.03569030761719,83.14852142333984
2022-02-25,38.554317474365234,65.33967590332031,29.435808181762695,36.181392669677734,92.56382751464844,74.60346984863281,67.39350891113281,39.34907913208008,29.520191192626953,121.6494140625,84.79444885253906
2022-02-28,38.115474700927734,65.26342010498047,30.16229820251465,35.64468765258789,93.27350616455078,74.4681396484375,66.496826171875,38.671241760253906,29.673078536987305,120.72974395751953,85.39120483398438
2022-03-01,37.237789154052734,64.4434585571289,30.465723037719727,34.3306884765625,91.88220977783203,72.97944641113281,66.10618591308594,38.59401321411133,29.415359497070312,120.06087493896484,84.09661865234375
2022-03-02,38.056060791015625,64.99642944335938,31.162288665771484,35.219024658203125,93.84309387207031,74.5599594116211,66.80756378173828,39.28043746948242,29.773557662963867,121.87238311767578,85.86285400390625
2022-03-03,38.10176467895508,64.31948852539062,31.247770309448242,35.10797882080078,93.9458236694336,73.67062377929688,67.34909057617188,39.70944595336914,30.297727584838867,122.49478149414062,83.91853332519531
2022-03-04,37.96919631958008,63.394649505615234,32.149478912353516,34.45098876953125,93.74039459228516,72.38011932373047,67.35798645019531,40.0440788269043,30.96607208251953,123.1078872680664,82.58543395996094
2022-03-07,36.65266036987305,61.28753662109375,32.62383270263672,33.1924934387207,91.22856903076172,69.73141479492188,66.13282775878906,39.314762115478516,31.367937088012695,120.96199798583984,78.5379867553711
2022-03-08,36.46523666381836,61.134986877441406,33.13665771484375,32.9981689453125,90.66829681396484,69.3930435180664,64.34831237792969,38.96297073364258,30.883066177368164,118.49089813232422,78.70159912109375
2022-03-09,37.594356536865234,62.965606689453125,32.12382888793945,34.21038818359375,92.31172180175781,72.13843536376953,64.78334045410156,39.61507034301758,30.664657592773438,120.72974395751953,81.23307037353516
2022-03-10,37.694923400878906,62.49842834472656,33.10673522949219,33.92352294921875,92.19035339355469,70.8769302368164,64.17076110839844,39.75235366821289,30.869956970214844,120.68328857421875,81.81061553955078
2022-03-11,37.41606903076172,61.373355865478516,32.84178161621094,33.68293380737305,91.4526596069336,69.62989044189453,63.425010681152344,39.3576545715332,30.76512908935547,119.78218841552734,80.2368392944336
2022-03-14,37.36121368408203,60.658260345458984,31.858882904052734,34.10859680175781,91.76080322265625,68.33937072753906,63.76237106323242,39.1174201965332,30.730188369750977,120.62754821777344,78.89894104003906
2022-03-15,37.79092025756836,61.821468353271484,30.692214965820312,34.58978271484375,93.21747589111328,70.63525390625,65.19174194335938,39.426292419433594,31.123329162597656,123.03363037109375,81.54109191894531
2022-03-16,38.38519287109375,63.52812957763672,30.55119514465332,35.56140899658203,94.45004272460938,72.93110656738281,65.26276397705078,39.863887786865234,31.066543579101562,124.51065826416016,84.32281494140625
2022-03-17,39.12117004394531,64.21463012695312,31.60247230529785,36.00558090209961,95.6639404296875,73.44829559326172,65.71553802490234,40.43019485473633,31.19757843017578,126.4801025390625,85.72809600830078
2022-03-18,39.3588752746582,65.05364990234375,31.57255744934082,36.088863372802734,96.02809143066406,74.95148468017578,65.8664779663086,40.52457809448242,30.93111801147461,127.26042938232422,87.53284454345703
2022-03-21,39.68603515625,64.44476318359375,32.84529495239258,36.053558349609375,96.24451446533203,74.80911254882812,65.9511947631836,40.316612243652344,31.137794494628906,127.16352844238281,86.79972076416016
2022-03-22,39.90169906616211,65.64915466308594,32.60369110107422,36.6388053894043,96.76917266845703,75.88410949707031,66.44171142578125,40.34248733520508,31.18177032470703,127.19148254394531,88.95429229736328
2022-03-23,39.71815490722656,64.7506332397461,33.16455841064453,35.96066665649414,95.84166717529297,74.71708679199219,65.90660095214844,39.885135650634766,31.22574806213379,124.90838623046875,87.85050201416016
2022-03-24,40.51655960083008,65.81165313720703,33.246524810791016,36.24864959716797,96.57242584228516,76.65886688232422,66.37035369873047,40.19579315185547,31.5467529296875,126.39935302734375,88.53495788574219
2022-03-25,40.97081756591797,66.12708282470703,33.97565841674805,36.713130950927734,97.17202758789062,76.61528015136719,66.92329406738281,40.67041015625,32.00408172607422,126.98646545410156,88.38070678710938
2022-03-28,40.78728103637695,66.33740234375,33.134361267089844,36.610939025878906,97.20013427734375,77.5256576538086,67.19976043701172,41.18817901611328,32.210758209228516,127.90901184082031,90.73770904541016
2022-03-29,41.13140869140625,67.49396514892578,33.048072814941406,36.69455337524414,98.09951782226562,79.17204284667969,67.79729461669922,42.39630126953125,32.50978469848633,128.66380310058594,92.31869506835938
2022-03-30,40.99375534057617,67.01605987548828,33.43205261230469,36.43444061279297,97.98707580566406,78.11641693115234,67.84188842773438,42.16329574584961,32.77801513671875,128.91543579101562,90.91608428955078
2022-03-31,40.44773483276367,65.74473571777344,32.97904586791992,35.598358154296875,96.4787368774414,76.9591064453125,67.68135070800781,41.697303771972656,32.74284362792969,127.65740203857422,89.17118835449219
2022-04-01,40.87445831298828,66.23223876953125,33.246524810791016,35.505462646484375,95.72924041748047,76.73151397705078,68.35916137695312,42.525733947753906,33.20016098022461,128.66380310058594,89.28206634521484
2022-04-04,40.88362503051758,68.05795288085938,33.2896728515625,35.3475341796875,95.60743713378906,78.18904113769531,68.14510345458984,42.39630126953125,32.94511413574219,127.59219360351562,91.28720092773438
2022-04-05,40.55784606933594,67.18812561035156,32.76763916015625,35.12458038330078,94.24898529052734,76.54265594482422,68.20751953125,42.430816650390625,33.15178680419922,127.8624267578125,89.1470947265625
2022-04-06,40.08981704711914,65.93589782714844,32.96178436279297,34.8830451965332,93.51821899414062,74.73162841796875,69.0726089477539,43.06076431274414,33.8114013671875,129.81002807617188,86.87201690673828
2022-04-07,40.35137176513672,65.36238861083984,33.393218994140625,34.845890045166016,93.83677673339844,74.84783935546875,69.91094207763672,42.706947326660156,33.727840423583984,132.30747985839844,87.31548309326172
2022-04-08,40.59915542602539,65.07563018798828,34.31217956542969,35.19889831542969,93.31211853027344,73.80191802978516,70.20523834228516,42.86227035522461,33.8421745300293,133.0995330810547,86.51050567626953
2022-04-11,40.39725112915039,64.2344741821289,33.281044006347656,35.04096984863281,93.0123062133789,71.94245147705078,69.91986083984375,42.27549362182617,33.380462646484375,130.45306396484375,84.90543365478516
2022-04-12,40.40643310546875,63.708740234375,33.83328628540039,34.660091400146484,92.86241149902344,71.62286376953125,69.93769836425781,42.14604187011719,33.507972717285156,129.18569946289062,85.0934066772461
2022-04-13,41.002933502197266,64.64550018310547,34.33807373046875,34.660091400146484,93.73371124267578,72.77534484863281,70.33010864257812,42.31863021850586,33.442020416259766,129.81939697265625,87.20943450927734
2022-04-14,40.86528015136719,63.54624938964844,34.45024490356445,34.26993179321289,93.63066101074219,71.00789642333984,70.312255859375,42.07699966430664,33.4596061706543,129.19496154785156,85.98995971679688
2022-04-18,40.90199661254883,63.33594512939453,34.95501708984375,34.47430419921875,93.30274200439453,71.24031066894531,69.73258209228516,41.973453521728516,33.279319763183594,127.76924133300781,86.25023651123047
2022-04-19,41.28742599487305,64.5976791381836,34.67028045654297,34.94807052612305,94.99847412109375,72.57679748535156,70.79385375976562,42.85365295410156,33.49479293823242,128.99000549316406,88.75186920166016
2022-04-20,41.54896926879883,61.7970085144043,34.804012298583984,35.18960952758789,95.51374816894531,72.50901794433594,71.85514068603516,43.66481399536133,33.767425537109375,130.72328186035156,87.60948944091797
2022-04-21,40.869873046875,60.038211822509766,33.69953536987305,34.63222885131836,94.53941345214844,71.279052734375,71.79270935058594,43.38005065917969,33.208953857421875,129.2788543701172,86.76116943359375
2022-04-22,39.341888427734375,58.613948822021484,32.875492095947266,33.60105895996094,92.21597290039062,69.28401184082031,70.66900634765625,42.6034049987793,32.65049362182617,124.5635757446289,84.74639892578125
2022-04-25,39.231773376464844,59.4168815612793,31.788270950317383,33.65680694580078,92.21597290039062,70.32511138916016,70.98114776611328,42.4049186706543,32.42622375488281,125.40229034423828,85.35852813720703
2022-04-26,38.626094818115234,57.46690368652344,31.8314208984375,32.811431884765625,90.20171356201172,67.70540618896484,69.8841781616211,41.740455627441406,32.10082244873047,123.19377136230469,81.03974151611328
2022-04-27,39.195072174072266,56.186038970947266,32.297367095947266,32.7835693359375,90.53897857666016,68.7077865600586,70.14280700683594,41.490211486816406,31.946916580200195,122.92350006103516,81.04939270019531
2022-04-28,39.81450653076172,58.432342529296875,33.276729583740234,33.201602935791016,91.56017303466797,71.45821380615234,71.17733764648438,42.249595642089844,32.303104400634766,124.61949157714844,82.71231079101562
2022-04-29,39.01611328125,56.45369338989258,32.4224853515625,32.058963775634766,89.13368225097656,68.48019409179688,69.24207305908203,40.21305465698242,31.335678100585938,121.41386413574219,78.50920104980469
2022-05-02,38.89680480957031,58.01175308227539,32.9401969909668,32.06824493408203,89.32103729248047,69.52128601074219,68.3323974609375,39.16889953613281,31.014677047729492,120.65904998779297,79.65638732910156
2022-05-03,39.33271789550781,58.164695739746094,33.86347579956055,32.48629379272461,89.91129302978516,69.64234161376953,68.13619232177734,39.64351272583008,31.133405685424805,121.04109954833984,79.45877075195312
2022-05-04,40.60832977294922,60.1624755859375,35.26996994018555,33.48029708862305,92.51578521728516,72.08772277832031,69.67015075683594,40.1094970703125,31.82818031311035,123.72491455078125,81.79167938232422
2022-05-05,39.351078033447266,57.94484329223633,34.73929977416992,32.50487518310547,90.09866333007812,68.62060546875,68.3502426147461,39.08259963989258,31.502779006958008,121.32068634033203,77.2077865600586
2022-05-06,38.78668212890625,56.75000762939453,35.774749755859375,32.272621154785156,89.48969268798828,68.0685806274414,68.42159271240234,38.685646057128906,31.753435134887695,120.93859100341797,76.22931671142578
2022-05-09,37.561553955078125,55.277976989746094,32.815086364746094,31.501577377319336,87.32552337646484,65.43435668945312,68.39482116699219,36.88209915161133,31.515966415405273,117.8074951171875,72.98060607910156
2022-05-10,37.3275260925293,55.526493072509766,33.11279296875,31.222885131835938,86.7540512084961,66.43189239501953,67.92214965820312,36.062313079833984,31.133405685424805,118.22686004638672,72.76370239257812
2022-05-11,37.34589385986328,54.5228271484375,33.557159423828125,30.934898376464844,85.96707153320312,64.33513641357422,67.6278305053711,36.010528564453125,31.357669830322266,117.4440689086914,70.15604400634766
2022-05-12,37.277061462402344,55.115474700927734,33.69953536987305,30.702651977539062,86.1263198852539,63.67173767089844,67.6100082397461,36.278053283691406,31.041051864624023,118.58097076416016,70.63804626464844
2022-05-13,37.85063171386719,56.40589904785156,34.851478576660156,31.148561477661133,87.22246551513672,65.787841796875,68.626708984375,37.18413162231445,31.410436630249023,119.83897399902344,73.41922760009766
2022-05-16,37.78179931640625,56.042659759521484,35.77043533325195,30.888446807861328,87.10067749023438,65.2067642211914,68.93885803222656,36.88209915161133,31.50718116760254,120.7242660522461,71.83341217041016
2022-05-17,38.85092544555664,57.266170501708984,36.18461608886719,31.715232849121094,89.07747650146484,67.09529113769531,68.46615600585938,37.27906036376953,31.832576751708984,122.38301086425781,73.6457748413086
2022-05-18,37.64414596557617,55.392677307128906,35.25702667236328,30.84200096130371,85.76097106933594,64.0252456665039,64.06049346923828,36.191741943359375,31.52476692199707,119.22394561767578,68.83052062988281
2022-05-19,37.9102897644043,55.31620407104492,35.12759780883789,30.63762855529785,84.99272918701172,63.32311248779297,62.91896057128906,36.12271499633789,31.458803176879883,119.48487091064453,68.87870788574219
2022-05-20,37.818504333496094,55.4595947265625,35.27859115600586,30.581878662109375,84.07459259033203,63.463523864746094,63.052730560302734,36.54555130004883,31.5467529296875,120.93859100341797,67.67852020263672
2022-05-23,38.51137161254883,56.29118347167969,36.21049880981445,31.57589340209961,85.45179748535156,64.92108917236328,64.35482788085938,37.02017593383789,31.9249267578125,122.0009536743164,68.18464660644531
2022-05-24,38.29112243652344,54.29341506958008,36.34855651855469,31.510860443115234,85.40495300292969,63.95745086669922,65.40718078613281,37.451637268066406,32.56254196166992,122.3643798828125,66.43013000488281
2022-05-25,38.460899353027344,55.01988220214844,37.09925842285156,31.761693954467773,85.90149688720703,64.70316314697266,65.42501831054688,37.658748626708984,32.54056167602539,122.32710266113281,68.30512237548828
2022-05-26,39.167537689208984,56.35810852050781,37.50912857055664,32.49557876586914,87.6440658569336,66.25755310058594,66.12063598632812,37.615604400634766,32.63290023803711,122.84894561767578,71.65509796142578
2022-05-27,40.085235595703125,57.56249237060547,38.19511413574219,33.043678283691406,89.4428482055664,68.49957275390625,66.88763427734375,38.67701721191406,33.14299774169922,124.88977813720703,74.11331176757812
2022-05-31,39.47496032714844,57.52426528930664,37.62130355834961,32.950775146484375,88.7214584350586,68.0104751586914,66.41493225097656,38.15925216674805,32.685672760009766,123.2217025756836,74.48926544189453
2022-06-01,39.08035659790039,56.864715576171875,38.233943939208984,32.421260833740234,88.1780776977539,67.80709838867188,65.54988098144531,37.74504089355469,32.63290023803711,121.45112609863281,73.71324920654297
2022-06-02,40.15864562988281,58.25072479248047,38.113136291503906,32.86716842651367,89.86443328857422,69.4486312866211,66.50414276123047,38.314579010009766,32.852779388427734,122.41095733642578,75.96904754638672
2022-06-03,39.76862716674805,56.98897171020508,38.617919921875,32.393394470214844,89.51780700683594,67.7877426147461,65.83525848388672,37.83134078979492,32.6944694519043,120.97587585449219,73.74700927734375
2022-06-06,40.14488220214844,57.275733947753906,38.57477569580078,32.48629379272461,89.8925552368164,67.7925796508789,65.86200714111328,37.719154357910156,32.839576721191406,120.99451446533203,74.48445892333984
2022-06-07,40.4339599609375,57.686763763427734,39.726722717285156,32.73711395263672,91.10110473632812,68.60124969482422,66.20983123779297,38.15925216674805,33.03746032714844,122.56938171386719,74.30130767822266
2022-06-08,39.59426498413086,57.53382110595703,39.812992095947266,32.16115188598633,89.45222473144531,67.82646942138672,65.39826202392578,37.24453353881836,32.391056060791016,121.60023498535156,73.86268615722656
2022-06-09,38.6582145690918,55.765464782714844,38.93286895751953,31.352947235107422,87.6908950805664,66.01544189453125,64.41724395751953,36.390220642089844,31.61270523071289,118.8511962890625,72.52751922607422
2022-06-10,37.474361419677734,54.207393646240234,38.27277374267578,30.219585418701172,85.10513305664062,63.478065490722656,64.14077758789062,35.52728271484375,31.37085723876953,116.94086456298828,69.6354751586914
2022-06-13,36.01063919067383,51.64566421508789,36.27521896362305,29.3184814453125,82.54749298095703,60.664669036865234,62.75843048095703,33.81865692138672,29.928510665893555,113.39973449707031,66.42048645019531
2022-06-14,35.73533248901367,51.502281188964844,36.344242095947266,29.06766128540039,82.34140014648438,61.04720687866211,62.01820373535156,33.57703399658203,29.172168731689453,112.31877136230469,66.36746978759766
2022-06-15,35.72615051269531,52.65888977050781,35.54177474975586,29.39280128479004,83.1377182006836,62.335269927978516,62.08064270019531,34.345054626464844,29.361255645751953,113.45565032958984,68.23283386230469
2022-06-16,34.4367790222168,50.737586975097656,33.5399055480957,28.649620056152344,80.36460876464844,59.79789352416992,61.60795211791992,33.5252571105957,28.79399871826172,111.7876205444336,64.89253997802734
2022-06-17,34.377132415771484,51.46404266357422,31.706300735473633,28.73322868347168,80.1584701538086,60.3450813293457,61.38500213623047,33.72373962402344,28.5257568359375,111.72235870361328,65.60108947753906
2022-06-21,34.89691162109375,51.82815170288086,33.34888458251953,29.306657791137695,81.62078094482422,61.88068389892578,63.023033142089844,34.3517951965332,29.068748474121094,114.73003387451172,67.4775161743164
2022-06-22,34.4487419128418,51.91439437866211,32.01387023925781,29.24128532409668,81.16909790039062,61.6185188293457,62.978092193603516,34.90851974487305,29.374591827392578,116.32093048095703,67.34709167480469
2022-06-23,33.97747802734375,52.55636978149414,30.82720375061035,29.129213333129883,80.75505828857422,62.540958404541016,64.20010375976562,35.595733642578125,30.06607437133789,118.93183898925781,68.40511322021484
2022-06-24,35.32658767700195,54.55898666381836,31.232940673828125,30.203229904174805,83.57801055908203,64.78877258300781,65.45804595947266,36.36993408203125,30.5891170501709,120.9063720703125,71.01394653320312
2022-06-27,35.03551483154297,54.041568756103516,32.14911651611328,30.10049819946289,83.38041687011719,64.3518295288086,65.2783432006836,36.239444732666016,30.837331771850586,121.3555679321289,70.26995849609375
2022-06-28,34.66126251220703,52.47013473510742,33.01730728149414,29.80164337158203,82.41120147705078,62.4244384765625,64.4067611694336,35.74360656738281,30.722091674804688,119.24065399169922,67.46302795410156
2022-06-29,34.41177749633789,52.63302993774414,31.869909286499023,29.633533477783203,81.93128204345703,62.550662994384766,64.81110382080078,35.51743698120117,30.744258880615234,120.27938079833984,67.4098892211914
2022-06-30,34.00519561767578,52.000633239746094,31.198041915893555,29.372034072875977,82.18534851074219,61.71561813354492,64.85602569580078,35.54353713989258,31.08555793762207,120.00800323486328,66.41948699951172
2022-07-01,34.24544906616211,52.527626037597656,31.664857864379883,29.77362060546875,82.9005126953125,61.856407165527344,65.79048919677734,36.178550720214844,31.84796142578125,121.3555679321289,67.64178466796875
2022-07-05,33.55702209472656,53.74452590942383,30.408382415771484,29.670894622802734,81.65840148925781,62.633201599121094,65.3681869506836,36.03067398071289,30.76198387145996,120.6537094116211,69.1539535522461
2022-07-06,33.769561767578125,53.75410842895508,29.88922119140625,29.596179962158203,82.12889862060547,63.172080993652344,65.55690002441406,36.00458526611328,31.081127166748047,121.4678726196289,68.92687225341797
2022-07-07,34.06988525390625,54.5973014831543,30.966812133789062,30.025787353515625,83.0981216430664,64.47804260253906,65.6197738647461,36.03067398071289,31.050100326538086,121.98255920410156,70.70478820800781
2022-07-08,33.73722457885742,54.33859634399414,30.953725814819336,29.96040916442871,82.72172546386719,64.5071792602539,65.50298309326172,35.865394592285156,30.94814682006836,122.34754943847656,70.71443176269531
2022-07-11,33.644813537597656,52.690521240234375,30.65705680847168,29.71759033203125,82.1665267944336,63.618743896484375,65.41312408447266,35.865394592285156,31.143190383911133,122.0387191772461,68.7771224975586
2022-07-12,33.58012390136719,52.661781311035156,30.059362411499023,29.53080177307129,81.9124755859375,62.74970245361328,65.22442626953125,35.639225006103516,30.992481231689453,120.48527526855469,68.36163330078125
2022-07-13,33.386077880859375,52.42222213745117,30.011369705200195,29.269306182861328,80.9150161743164,62.58464813232422,65.26935577392578,35.44784927368164,30.863933563232422,119.31552124023438,68.92206573486328
2022-07-14,32.771575927734375,51.76108169555664,29.444210052490234,28.708946228027344,80.45394134521484,63.15753936767578,65.3232650756836,35.09988784790039,30.863933563232422,118.96925354003906,68.86406707763672
2022-07-15,33.28443145751953,53.09295654296875,29.924116134643555,29.680234909057617,81.71487426757812,64.26929473876953,65.5389175415039,35.66532897949219,30.92156219482422,121.84220123291016,69.97526550292969
2022-07-18,33.362972259521484,52.824668884277344,30.60906982421875,29.568161010742188,81.22555541992188,63.647884368896484,64.90096282958984,35.31736755371094,30.491596221923828,119.26872253417969,70.17816925048828
2022-07-19,34.37944030761719,54.70270538330078,31.551422119140625,30.45538902282715,84.12376403808594,65.58984375,65.58384704589844,36.29164123535156,30.686635971069336,121.29942321777344,72.32807922363281
2022-07-20,34.43949508666992,55.60340118408203,31.8568115234375,30.567462921142578,84.77306365966797,66.61421203613281,65.14356231689453,36.10895919799805,30.278833389282227,120.10160064697266,73.51654815673828
2022-07-21,34.92925262451172,55.57465362548828,31.29837417602539,30.76358985900879,85.38468933105469,67.55122375488281,65.34122467041016,36.483009338378906,30.358623504638672,122.00127410888672,75.19779968261719
2022-07-22,34.67975616455078,53.648704528808594,31.040983200073242,30.586143493652344,85.11181640625,66.61907958984375,65.77252960205078,36.76137924194336,30.775285720825195,121.49595642089844,74.76298522949219
2022-07-25,34.82298278808594,53.46664810180664,32.179664611816406,30.782264709472656,85.51644897460938,66.19669342041016,66.09599304199219,36.7874870300293,31.160917282104492,122.13228607177734,74.12044525146484
2022-07-26,34.58734893798828,52.39348220825195,31.887353897094727,30.352659225463867,85.05537414550781,65.12377166748047,65.94326782226562,36.85706329345703,31.347082138061523,122.7592544555664,71.73381805419922
2022-07-27,35.003170013427734,54.60689163208008,32.60720443725586,30.819623947143555,86.37272644042969,67.92506408691406,66.39252471923828,37.057132720947266,31.37368392944336,123.52664947509766,74.4489517211914
2022-07-28,35.622283935546875,53.98407745361328,32.79044723510742,31.043766021728516,88.1794204711914,68.95915222167969,67.4527816772461,38.42285919189453,32.49955368041992,124.31271362304688,75.7292251586914
2022-07-29,36.09817123413086,54.0128173828125,34.212703704833984,31.482715606689453,89.99551391601562,70.01753234863281,66.931640625,38.57074737548828,32.778804779052734,123.90096282958984,78.6666030883789
2022-08-01,35.80710220336914,53.9361572265625,33.50593948364258,31.22121238708496,90.08960723876953,69.86701202392578,67.76727294921875,38.22278594970703,32.814266204833984,122.98385620117188,79.05792999267578
2022-08-02,35.442100524902344,53.84992599487305,33.42740249633789,30.875659942626953,89.13924407958984,69.37181854248047,67.22815704345703,37.71825408935547,32.74777603149414,122.54405975341797,78.51683807373047
2022-08-03,35.479061126708984,55.143470764160156,32.46759796142578,31.342618942260742,89.9766845703125,71.21666717529297,67.66844177246094,37.87482833862305,32.9516716003418,123.66702270507812,80.42998504638672
2022-08-04,35.50216293334961,55.383018493652344,31.26348114013672,31.23989486694336,90.30604553222656,71.54196166992188,67.21915435791016,37.909629821777344,33.0225944519043,123.05875396728516,80.75853729248047
2022-08-05,35.62690734863281,54.70270538330078,31.882997512817383,31.464035034179688,90.44718170166016,71.37688446044922,67.06639862060547,38.03141403198242,32.902915954589844,123.0119400024414,79.38162231445312
2022-08-08,35.82558059692383,55.01890563964844,32.04877853393555,31.44535255432129,90.41895294189453,70.77001953125,67.03047180175781,38.309776306152344,32.9516716003418,123.30206298828125,79.73912811279297
2022-08-09,35.65000915527344,54.48233413696289,32.611568450927734,31.6041202545166,90.08960723876953,70.06119537353516,66.931640625,38.61423873901367,33.319576263427734,122.9277114868164,78.4685287475586
2022-08-10,36.6618537902832,56.01541519165039,32.8471565246582,32.313899993896484,92.0656509399414,71.97404479980469,67.42582702636719,39.136173248291016,33.465850830078125,124.26592254638672,80.68121337890625
2022-08-11,36.78660202026367,56.072914123535156,33.97710418701172,32.69681167602539,92.55497741699219,71.69245147705078,67.26411437988281,38.953487396240234,33.4614143371582,123.46113586425781,80.27056884765625
2022-08-12,37.479637145996094,57.069427490234375,34.23451232910156,33.210487365722656,93.94763946533203,73.11981201171875,67.84813690185547,39.61460876464844,34.00662612915039,125.04264068603516,82.08709716796875
2022-08-15,37.4565315246582,57.27063751220703,33.5670166015625,33.20114517211914,94.17347717285156,73.58101654052734,68.52203369140625,39.788578033447266,34.29030227661133,125.66964721679688,82.65238189697266
2022-08-16,37.66444778442383,57.3856201171875,33.48848342895508,33.44395446777344,94.59691619873047,73.38195037841797,69.29476928710938,39.63200759887695,34.38782501220703,125.33275604248047,83.56546020507812
2022-08-17,37.146976470947266,56.27412796020508,33.7677001953125,33.27585983276367,93.8441390991211,72.8576431274414,69.09710693359375,39.5189208984375,34.3302001953125,124.60282135009766,82.6668472290039
2022-08-18,37.26248550415039,56.187889099121094,34.67515563964844,33.313209533691406,94.22051239013672,73.23632049560547,69.3307113647461,39.24925231933594,34.458744049072266,124.05071258544922,82.6426773071289
2022-08-19,36.57868576049805,55.27761459350586,34.66643142700195,32.650123596191406,93.00665283203125,71.90608215332031,69.10607147216797,38.86650466918945,34.44101333618164,124.38758850097656,80.93729400634766
2022-08-22,35.99653625488281,53.69661331176758,34.60098648071289,31.93099594116211,91.23760986328125,69.90099334716797,68.40524291992188,38.05751419067383,33.971153259277344,122.7592544555664,78.69075775146484
2022-08-23,36.352291107177734,53.2366943359375,35.84873580932617,31.800247192382812,91.40697479248047,69.71651458740234,68.10870361328125,37.48338317871094,33.76726150512695,121.04676818847656,78.91300964355469
2022-08-24,36.43083572387695,53.552879333496094,36.289371490478516,31.968347549438477,91.70809173583984,69.76020050048828,68.2794418334961,37.779144287109375,33.87364959716797,121.19648742675781,79.25119018554688
2022-08-25,37.257869720458984,54.5973014831543,36.56857681274414,32.46333694458008,93.11015319824219,70.93994140625,68.59392547607422,38.361968994140625,34.08197784423828,122.53467559814453,80.19810485839844
2022-08-26,36.11666488647461,52.85342025756836,36.14103317260742,31.492053985595703,89.88258361816406,67.91047668457031,66.89570617675781,37.3876953125,33.55893325805664,119.11898803710938,77.14476013183594
2022-08-29,35.862545013427734,52.4413948059082,36.68638229370117,31.26791000366211,89.47795104980469,67.01232147216797,66.78788757324219,37.06583786010742,33.660884857177734,118.2861328125,76.734130859375
2022-08-30,35.27576446533203,51.981468200683594,35.4429931640625,31.099796295166016,88.1888198852539,66.3132095336914,66.09599304199219,36.53520965576172,33.16886901855469,117.50003051757812,75.87899780273438
2022-08-31,34.841468811035156,52.10602951049805,35.120155334472656,30.866313934326172,87.44544982910156,65.6675033569336,65.6916732788086,36.40473175048828,32.9516716003418,116.75141143798828,75.13015747070312
2022-09-01,34.384056091308594,52.58512878417969,34.256324768066406,30.959714889526367,87.5677719116211,65.34708404541016,66.06005859375,36.53520965576172,33.42595672607422,118.66980743408203,75.81617736816406
2022-09-02,34.35171890258789,51.5886116027832,34.88456344604492,30.716888427734375,86.72089385986328,64.49748992919922,65.19747161865234,35.90888595581055,33.066917419433594,116.96660614013672,75.1205062866211
2022-09-06,34.24544906616211,50.946624755859375,34.56171798706055,30.64217758178711,86.8620376586914,64.07025146484375,64.82908630371094,36.28295135498047,33.1511344909668,117.07893371582031,74.96591186523438
2022-09-07,35.19260025024414,51.971885681152344,34.16035842895508,31.249225616455078,88.25468444824219,65.09464263916016,65.99716186523438,36.97884750366211,34.1883544921875,118.98798370361328,77.26556396484375
2022-09-08,35.53450393676758,51.847320556640625,34.30868148803711,31.800247192382812,88.5181655883789,65.31795501708984,65.8264389038086,37.08323287963867,34.16176223754883,121.05610656738281,77.98540496826172
2022-09-09,36.07045364379883,53.29417037963867,35.163780212402344,32.08977508544922,89.66614532470703,66.60936737060547,66.47339630126953,37.43988800048828,34.29917526245117,122.1229248046875,79.46376037597656
2022-09-12,36.40773391723633,53.572044372558594,35.80947494506836,32.351261138916016,90.20252227783203,67.67743682861328,66.73395538330078,37.753047943115234,34.62717819213867,122.93708801269531,80.48798370361328
2022-09-13,35.10943603515625,50.630435943603516,34.90637969970703,31.146499633789062,86.80558776855469,64.0848159790039,64.5055923461914,36.317745208740234,33.7052116394043,118.87567901611328,76.33795928955078
2022-09-14,34.67975616455078,50.7166633605957,35.89236068725586,31.053102493286133,86.63619995117188,64.3178482055664,64.47865295410156,35.87409591674805,33.98002624511719,118.9411849975586,77.31868743896484
2022-09-15,34.22235107421875,50.496280670166016,34.96745681762695,31.155838012695312,85.73285675048828,62.83709716796875,63.93954849243164,35.09120559692383,33.1334114074707,119.60559844970703,76.92255401611328
2022-09-16,33.68177795410156,49.9597053527832,34.22142791748047,30.875659942626953,83.94498443603516,62.487552642822266,64.09226989746094,35.09988784790039,33.009300231933594,119.26872253417969,76.30414581298828
2022-09-19,34.239341735839844,50.247764587402344,34.24171447753906,31.225839614868164,85.08431243896484,62.99713134765625,64.51822662353516,35.033180236816406,33.4515380859375,118.6260757446289,77.38375854492188
2022-09-20,33.58885192871094,49.469993591308594,34.00355911254883,30.76582145690918,84.02538299560547,62.62721633911133,64.16553497314453,34.11148452758789,32.96511459350586,117.23555755615234,76.07176971435547
2022-09-21,32.85472106933594,48.26012420654297,33.50519561767578,30.127403259277344,82.9096908569336,61.64898681640625,63.92134475708008,33.61113739013672,32.51439666748047,115.29071807861328,74.27079772949219
2022-09-22,32.459774017333984,48.08729553222656,33.38611602783203,29.62042808532715,81.6616439819336,61.021148681640625,63.8309211730957,33.295127868652344,32.39836502075195,115.90143585205078,72.55695343017578
2022-09-23,31.795339584350586,47.155887603759766,31.083927154541016,29.15100860595703,80.12996673583984,60.22298049926758,62.74565887451172,32.8825569152832,32.02351379394531,115.30950927734375,70.88670349121094
2022-09-26,31.279577255249023,46.387725830078125,30.320941925048828,28.690977096557617,79.28848266601562,59.80442810058594,62.7908821105957,31.9959774017334,31.251476287841797,114.21025085449219,70.72693634033203
2022-09-27,31.34928321838379,46.13806915283203,30.66053009033203,28.568927764892578,79.02375030517578,59.882301330566406,61.70561981201172,31.57464027404785,30.724895477294922,113.86262512207031,70.94963073730469
2022-09-28,32.157752990722656,47.71281051635742,32.018917083740234,29.132232666015625,80.76343536376953,60.51498794555664,62.447208404541016,32.17154312133789,31.055131912231445,116.3523941040039,72.86679077148438
2022-09-29,31.683822631835938,46.55095672607422,32.018917083740234,28.766084671020508,79.36412811279297,58.9381217956543,61.41624069213867,31.276180267333984,29.81007194519043,115.37528228759766,70.34932708740234
2022-09-30,31.600183486938477,45.98443603515625,31.763111114501953,28.503204345703125,78.3240737915039,57.808998107910156,60.349056243896484,31.6097469329834,29.234390258789062,113.7874526977539,68.96470642089844
2022-10-03,32.627044677734375,47.27111053466797,33.55811309814453,29.273056030273438,80.68777465820312,59.60002136230469,61.38909912109375,32.197879791259766,30.091209411621094,116.12692260742188,69.03246307373047
2022-10-04,33.8258171081543,48.72102737426758,35.00028991699219,30.36211395263672,83.49589538574219,61.600311279296875,62.32060241699219,32.707000732421875,30.729358673095703,118.82337188720703,71.4434585571289
2022-10-05,33.44481658935547,48.34654235839844,35.72357940673828,30.127403259277344,83.04204559326172,61.80472183227539,61.95884704589844,32.101314544677734,30.04658317565918,119.2179946899414,71.02224731445312
2022-10-06,33.0916862487793,48.08729553222656,36.358673095703125,29.704923629760742,82.08710479736328,61.29856872558594,61.05447769165039,31.047950744628906,29.05589485168457,117.69593048095703,70.51876831054688
2022-10-07,32.2739143371582,46.79100799560547,36.07640838623047,29.00079345703125,80.51762390136719,58.77751541137695,60.14106369018555,30.310590744018555,28.453441619873047,115.2061538696289,68.0932388305664
2022-10-10,32.34360885620117,46.66617965698242,35.335479736328125,28.869356155395508,80.80126190185547,57.78953170776367,60.35810470581055,29.968252182006836,28.502534866333008,114.48271942138672,67.67207336425781
2022-10-11,32.09270477294922,45.79239273071289,35.05321502685547,28.503204345703125,80.78235626220703,56.90375900268555,60.85551071166992,30.249147415161133,28.39988899230957,115.09341430664062,67.12015533447266
2022-10-12,31.85109519958496,45.73477554321289,35.335479736328125,28.437488555908203,80.14886474609375,56.72854995727539,61.18107604980469,29.84535789489746,27.45382308959961,114.52969360351562,67.29443359375
2022-10-13,32.78501892089844,46.83901596069336,36.777645111083984,29.611040115356445,81.91691589355469,58.49037551879883,62.1939811706543,30.407148361206055,28.14106559753418,117.1979751586914,68.03032684326172
2022-10-14,31.679174423217773,46.07084655761719,35.40604019165039,29.113454818725586,80.12049865722656,56.84535217285156,61.072566986083984,29.64345932006836,27.734970092773438,116.40878295898438,65.48860931396484
2022-10-17,32.46906280517578,47.33831787109375,35.84707260131836,29.84575080871582,81.86966705322266,58.577980041503906,61.732765197753906,30.74949073791504,28.315105438232422,118.27845764160156,68.1465072631836
2022-10-18,33.10562515258789,47.69361114501953,36.16020202636719,30.32455825805664,83.84573364257812,59.07439041137695,62.53766632080078,31.153282165527344,28.832759857177734,118.93611907958984,69.08572387695312
2022-10-19,32.71532440185547,47.73200607299805,37.227508544921875,29.82697296142578,83.25006103515625,58.904052734375,62.248252868652344,30.37204360961914,28.457902908325195,117.27315521240234,68.31111145019531
2022-10-20,32.47835922241211,47.84724807739258,37.26278305053711,29.348163604736328,81.61437225341797,58.9381217956543,61.38004684448242,30.222810745239258,27.739425659179688,116.2772445678711,66.98943328857422
2022-10-21,33.60279083251953,48.154502868652344,38.338897705078125,30.221288681030273,83.85518646240234,60.51498794555664,62.32060241699219,30.433483123779297,28.252626419067383,118.88915252685547,68.94048309326172
2022-10-24,33.40763854980469,48.490577697753906,38.51972961425781,30.62499237060547,84.97086334228516,61.35210418701172,63.44203567504883,30.415925979614258,28.48914337158203,121.18163299560547,69.22612762451172
2022-10-25,34.234703063964844,49.77726364135742,38.559417724609375,30.991138458251953,86.11488342285156,62.525028228759766,64.27406311035156,31.618520736694336,29.06035614013672,122.10237121582031,70.95932006835938
2022-10-26,34.47630310058594,48.20250701904297,39.0842399597168,31.066242218017578,86.41743469238281,61.133087158203125,64.6991195678711,31.557079315185547,29.04696273803711,123.45531463623047,70.38805389404297
2022-10-27,34.388031005859375,45.917213439941406,39.22537612915039,31.319732666015625,87.42910766601562,60.4371223449707,64.75337982177734,31.57464027404785,29.279020309448242,122.80703735351562,70.11692810058594
2022-10-28,34.73185729980469,47.079063415527344,39.362098693847656,32.098968505859375,89.46190643310547,63.06525421142578,66.1732406616211,32.32076644897461,30.082286834716797,124.82705688476562,70.17986297607422
2022-10-31,34.42055892944336,46.29169845581055,39.69287109375,31.901817321777344,89.20661163330078,62.233009338378906,65.78437805175781,32.24176025390625,29.80113983154297,124.72367095947266,69.7296142578125
2022-11-01,34.50883483886719,45.994041442871094,40.07656478881836,31.986312866210938,89.12152862548828,61.712249755859375,65.57636260986328,32.18909454345703,29.917173385620117,124.7988510131836,69.02279663085938
2022-11-02,33.61207962036133,44.69774627685547,39.1107063293457,31.582603454589844,87.55201721191406,59.58054733276367,64.43683624267578,31.34640121459961,29.62709617614746,122.67549133300781,66.41331481933594
2022-11-03,33.86763000488281,43.60310745239258,39.83399963378906,31.26340103149414,88.4691390991211,57.828468322753906,64.21980285644531,31.32884407043457,29.75651741027832,122.15873718261719,66.0163345336914
2022-11-04,35.04317092895508,43.900779724121094,40.31914138793945,31.836097717285156,89.88736724853516,58.884586334228516,64.9794692993164,31.767749786376953,29.939477920532227,122.90097045898438,66.56822967529297
2022-11-07,35.31730651855469,44.68814468383789,41.011558532714844,32.15530014038086,90.85177612304688,59.86769485473633,65.55825805664062,31.75897216796875,29.368268966674805,124.21634674072266,66.10346221923828
2022-11-08,35.925987243652344,44.73615646362305,41.05125045776367,32.34306716918945,91.64598083496094,60.44198989868164,65.7481918334961,31.952089309692383,29.573551177978516,124.83643341064453,65.93885803222656
2022-11-09,35.345191955566406,44.1312255859375,39.0445442199707,31.798538208007812,90.36955261230469,58.86998748779297,65.03373718261719,31.600963592529297,29.341493606567383,123.49288177490234,63.92487716674805
2022-11-10,37.30132293701172,46.80060958862305,39.913387298583984,33.40395736694336,94.16097259521484,63.70767593383789,66.56212615966797,34.023704528808594,30.724895477294922,126.63095092773438,68.5967788696289
2022-11-11,37.75202178955078,48.0296745300293,41.073299407958984,33.67621994018555,94.10423278808594,64.7978515625,66.48978424072266,34.00615310668945,30.38127899169922,125.08071899414062,70.24280548095703
2022-11-14,37.7009162902832,47.8376350402832,41.06006622314453,33.197410583496094,93.52750396728516,64.2430419921875,65.96524810791016,33.10200881958008,30.019811630249023,125.1934814453125,69.12930297851562
2022-11-15,37.64515686035156,48.548187255859375,41.492286682128906,33.27251434326172,94.17042541503906,65.02173614501953,66.51691436767578,33.51457214355469,30.350048065185547,125.03374481201172,70.07335662841797
2022-11-16,37.27809143066406,48.06808853149414,40.6454963684082,33.1129150390625,93.48968505859375,64.13111114501953,66.84249877929688,33.27756881713867,30.622257232666016,124.97737121582031,69.00341796875
2022-11-17,36.92031478881836,47.70320510864258,40.73370361328125,32.934547424316406,93.32893371582031,64.21385192871094,66.82440948486328,32.97911834716797,30.086748123168945,124.92098999023438,68.16587829589844
2022-11-18,37.16658020019531,47.559173583984375,40.4117431640625,33.2067985534668,94.01915740966797,64.2868423461914,67.53886413574219,33.40047073364258,30.724895477294922,126.43363952636719,68.25787353515625
2022-11-21,37.292030334472656,47.16549301147461,39.864871978759766,33.3100700378418,94.32170867919922,63.595741271972656,68.18095397949219,33.637474060058594,30.863239288330078,126.4900131225586,67.27023315429688
2022-11-22,38.13766860961914,47.8664436340332,41.11299133300781,33.64805603027344,95.04973602294922,64.82707214355469,68.6783676147461,33.80424118041992,31.126529693603516,127.58926391601562,68.03032684326172
2022-11-23,38.28636169433594,48.471378326416016,40.66755294799805,33.788883209228516,95.40902709960938,65.4013671875,68.91350555419922,33.8569221496582,31.474611282348633,128.09661865234375,69.01311492919922
2022-11-25,38.27242660522461,48.20250701904297,40.51759719848633,33.901546478271484,95.77777099609375,65.02173614501953,68.95873260498047,34.05881881713867,31.657567977905273,128.857666015625,69.05184173583984
2022-11-28,37.4174919128418,47.434356689453125,39.40619659423828,33.31946563720703,94.0380630493164,63.62981414794922,68.69645690917969,33.10200881958008,31.331804275512695,127.88992309570312,68.62579345703125
2022-11-29,37.542938232421875,47.453556060791016,40.0015869140625,33.51662063598633,94.61479187011719,63.0068473815918,68.4341812133789,33.65503692626953,31.099756240844727,127.57047271728516,68.40794372558594
2022-11-30,38.4489860534668,49.460384368896484,40.20005798339844,34.08931350708008,96.17486572265625,66.17034149169922,69.80883026123047,34.44505310058594,31.876253128051758,130.61456298828125,70.76567077636719
2022-12-01,38.495452880859375,49.74846649169922,40.067745208740234,33.89215087890625,96.20321655273438,66.26280212402344,69.49230194091797,34.37483596801758,31.84946632385254,130.99038696289062,70.75598907470703
2022-12-02,38.91827392578125,49.87328338623047,39.82958984375,33.7325553894043,96.75162506103516,65.87830352783203,69.80883026123047,34.20805358886719,31.697736740112305,131.32864379882812,70.66399383544922
2022-12-05,38.146968841552734,49.085906982421875,38.64762496948242,32.89698028564453,95.13482666015625,64.78325653076172,68.93159484863281,33.628700256347656,31.51923942565918,130.0696563720703,68.62579345703125
2022-12-06,37.80779266357422,47.674400329589844,37.62884521484375,32.60593795776367,94.00969696044922,63.39619064331055,68.50654602050781,33.37413024902344,31.71559715270996,129.08311462402344,67.55586242675781
2022-12-07,37.72415542602539,47.434356689453125,37.54063415527344,32.474510192871094,93.88679504394531,63.074981689453125,68.79592895507812,33.4443473815918,31.568328857421875,130.144775390625,67.1491928100586
2022-12-08,38.002925872802734,47.33831787109375,37.3730354309082,32.5026741027832,94.44462585449219,64.10678100585938,69.1667251586914,33.69013977050781,31.773605346679688,131.3192138671875,67.79794311523438
2022-12-09,37.626583099365234,47.472755432128906,36.46451187133789,32.41817855834961,93.66931915283203,63.71254348754883,68.6331558227539,33.61990737915039,31.60849380493164,129.63748168945312,67.50261688232422
2022-12-12,37.951820373535156,47.84724807739258,37.42155838012695,32.85004806518555,95.27664184570312,65.10447692871094,69.3566665649414,33.900814056396484,32.331424713134766,131.01858520507812,67.67207336425781
2022-12-13,38.47686767578125,48.65381622314453,38.13161849975586,32.934547424316406,95.63591766357422,65.87344360351562,69.2572021484375,34.646949768066406,32.42959976196289,131.422607421875,67.67207336425781
2022-12-14,38.063331604003906,48.02006912231445,37.89787292480469,32.521446228027344,95.4562759399414,65.31864166259766,69.21195220947266,34.31338119506836,32.389442443847656,131.62928771972656,67.16857147216797
2022-12-15,36.901729583740234,46.147674560546875,37.66852569580078,31.88303565979004,93.14929962158203,62.87543869018555,68.03627014160156,33.91836929321289,31.996728897094727,129.21463012695312,66.06473541259766
2022-12-16,36.74375915527344,46.13806915283203,37.205448150634766,31.638935089111328,92.75218963623047,62.043209075927734,67.70166015625,32.91767883300781,31.452302932739258,127.33558654785156,64.83020782470703
2022-12-19,36.26628875732422,45.05805969238281,37.20098876953125,31.553911209106445,92.26390075683594,61.21589279174805,67.6588363647461,32.5279426574707,31.32722282409668,126.86012268066406,63.78938674926758
2022-12-20,36.504783630371094,45.3660888671875,37.762420654296875,31.686172485351562,92.37789916992188,61.30862045288086,67.60420227050781,32.4569206237793,31.336225509643555,126.83184051513672,63.0466194152832
2022-12-21,36.82278823852539,45.9628791809082,38.47978973388672,32.177433013916016,94.11639404296875,62.3238525390625,68.2782211303711,32.785404205322266,31.772632598876953,128.50164794921875,64.05152130126953
2022-12-22,36.46737289428711,45.56822204589844,37.593101501464844,31.894010543823242,92.91938781738281,60.7522087097168,68.12337493896484,32.6255989074707,31.579174041748047,128.32240295410156,62.40581512451172
2022-12-23,36.71990203857422,46.011009216308594,38.79169464111328,32.073516845703125,93.47039031982422,60.815670013427734,68.47860717773438,32.91856002807617,31.903108596801758,128.3978729248047,62.833011627197266
2022-12-27,36.752647399902344,45.597103118896484,39.20607376098633,32.064064025878906,93.75540924072266,60.239723205566406,68.80652618408203,32.89192581176758,32.10106658935547,128.0676727294922,61.81355285644531
2022-12-28,36.19145965576172,44.932926177978516,38.32829666137695,31.950698852539062,92.52991485595703,59.2684326171875,67.9502944946289,32.36813735961914,31.79512596130371,127.23748779296875,61.29411315917969
2022-12-29,36.58428955078125,46.174652099609375,38.729312896728516,32.39472198486328,93.66991424560547,60.8205451965332,68.24179077148438,33.08723068237305,32.02458572387695,128.6243133544922,62.87185287475586
2022-12-30,36.32707595825195,46.19388961791992,38.97438049316406,32.309688568115234,93.2994155883789,60.73756408691406,67.90476989746094,32.785404205322266,31.718647003173828,128.16200256347656,62.70195388793945
2023-01-03,36.28966522216797,46.79068374633789,37.606468200683594,32.423065185546875,93.49891662597656,60.16162872314453,67.64972686767578,32.90968322753906,31.718647003173828,127.7940902709961,62.32814407348633
2023-01-04,36.92098617553711,47.66663360595703,37.60200881958008,32.942665100097656,94.32540130615234,60.31781768798828,67.91387939453125,33.66428756713867,32.00658416748047,128.13375854492188,63.23109817504883
2023-01-05,36.33642578125,47.734012603759766,38.28820037841797,32.69702911376953,93.30890655517578,59.14640426635742,67.2307357788086,32.678863525390625,31.313724517822266,126.82237243652344,62.64368438720703
2023-01-06,37.58505630493164,48.51369094848633,39.01447677612305,33.424468994140625,95.8644027709961,60.879112243652344,69.02513122558594,33.6287841796875,31.94359588623047,127.99220275878906,64.11463928222656
2023-01-09,37.82355499267578,48.5906982421875,38.8763542175293,33.301666259765625,95.4368896484375,61.58684539794922,68.35108947753906,33.611019134521484,32.15955352783203,125.8506851196289,64.50299072265625
2023-01-10,38.20235824584961,49.32225036621094,39.152610778808594,33.490604400634766,95.95941162109375,61.96754837036133,68.260009765625,33.70867156982422,32.168556213378906,126.90731048583984,65.313720703125
2023-01-11,38.800941467285156,49.67840576171875,39.272911071777344,33.80236053466797,96.88090515136719,63.04133987426758,68.29643249511719,34.93380355834961,32.429508209228516,127.624267578125,67.07593536376953
2023-01-12,38.945919036865234,50.22707748413086,40.02147674560547,33.86848831176758,97.45089721679688,63.50989532470703,67.75904846191406,35.32440948486328,32.20905303955078,127.21865844726562,67.1875991821289
2023-01-13,39.18442153930664,50.39072036743164,40.07939910888672,34.12356948852539,97.33689880371094,63.690486907958984,68.07784271240234,35.120235443115234,32.092071533203125,127.78465270996094,67.81866455078125
2023-01-17,38.79159927368164,49.9190559387207,40.164066314697266,33.8968391418457,96.51038360595703,63.978458404541016,68.12337493896484,35.12910842895508,32.04708480834961,127.1903305053711,67.86723327636719
2023-01-18,38.244441986083984,49.31262969970703,39.428863525390625,33.26387023925781,94.6958999633789,63.15359878540039,66.26521301269531,34.58757019042969,31.277738571166992,125.39784240722656,66.98369598388672
2023-01-19,37.94982147216797,49.562904357910156,39.91898727416992,32.87652587890625,92.7483901977539,62.41659164428711,65.63671112060547,34.41889572143555,30.962799072265625,125.69974517822266,65.87200927734375
2023-01-20,38.712093353271484,51.112640380859375,40.31555938720703,33.3961296081543,94.04039001464844,64.10537719726562,66.14681243896484,34.81839370727539,31.147262573242188,126.33182525634766,67.46916198730469
2023-01-23,38.83836364746094,52.007835388183594,40.3690299987793,33.783470153808594,95.06639099121094,65.56475830078125,66.35630798339844,34.91604995727539,31.156265258789062,126.76579284667969,68.52261352539062
2023-01-24,38.86174011230469,51.86344909667969,40.21307373046875,33.80236053466797,95.69338989257812,65.53546905517578,66.62956237792969,35.06696319580078,31.313724517822266,125.92616271972656,68.44493103027344
2023-01-25,38.94123840332031,52.04633712768555,40.21754455566406,34.06688690185547,95.16140747070312,65.3988037109375,66.79351806640625,35.102481842041016,30.890810012817383,125.96387481689453,68.79446411132812
2023-01-26,39.128299713134766,52.85490417480469,41.48741912841797,34.24638366699219,95.68389129638672,66.44330596923828,66.55667877197266,35.50197219848633,30.994291305541992,126.19972229003906,70.20230865478516
2023-01-27,39.00204086303711,53.22067642211914,40.64974594116211,34.24638366699219,96.08290100097656,66.72152709960938,66.36541748046875,35.821571350097656,30.994291305541992,125.34124755859375,71.79460906982422
2023-01-30,38.735477447509766,52.38323974609375,39.71849060058594,34.07633590698242,95.14238739013672,65.44760131835938,66.44739532470703,35.38656234741211,30.85481834411621,124.20913696289062,70.57122802734375
2023-01-31,39.58660125732422,53.01853942871094,40.07048797607422,34.53925704956055,96.75738525390625,66.36033630371094,67.16695404052734,36.034637451171875,31.08426856994629,125.81293487548828,72.18782806396484
2023-02-01,39.848487854003906,53.64420700073242,39.28182601928711,34.53925704956055,97.46038818359375,67.92221069335938,67.70438385009766,36.300968170166016,31.13825798034668,126.40729522705078,73.55683135986328
2023-02-02,39.72221755981445,57.16722106933594,38.38622283935547,34.63372039794922,98.22039031982422,69.77696228027344,67.12142944335938,37.13547134399414,31.20574951171875,125.54878997802734,75.80935668945312
2023-02-03,39.006717681884766,56.021766662597656,38.30156707763672,34.567596435546875,97.70738983154297,69.19612884521484,66.8572769165039,36.36310577392578,30.553380966186523,125.18086242675781,73.47429656982422
2023-02-06,38.57647705078125,55.347965240478516,38.12779235839844,34.558143615722656,97.46988677978516,68.35173797607422,66.93925476074219,36.132293701171875,30.814327239990234,124.48272705078125,73.36749267578125
2023-02-07,39.0955696105957,56.37791442871094,39.366477966308594,34.954933166503906,97.77388763427734,70.06002807617188,66.65689086914062,35.99025344848633,30.800832748413086,125.28465270996094,73.53739166259766
2023-02-08,38.78224563598633,54.606788635253906,39.01447677612305,34.74708938598633,97.2228775024414,69.21564483642578,66.14681243896484,35.89259719848633,30.283437728881836,124.9167251586914,72.9111557006836
2023-02-09,38.22106170654297,53.41319274902344,38.680294036865234,34.3597526550293,96.34889221191406,68.8349380493164,65.85533142089844,35.54636001586914,29.869510650634766,123.82235717773438,72.77523040771484
2023-02-10,38.36136245727539,52.90303039550781,40.195255279541016,34.47312545776367,97.03289031982422,68.51768493652344,66.4655990600586,35.617374420166016,30.463397979736328,124.99217224121094,71.92081451416016
2023-02-13,38.562442779541016,53.65383529663086,40.0927734375,34.86990737915039,97.91639709472656,69.70372772216797,67.22163391113281,35.945858001708984,30.647855758666992,126.02991485595703,72.97427368164062
2023-02-14,38.65130615234375,53.6730842590332,40.106143951416016,34.68095779418945,97.65039825439453,70.00144958496094,66.61134338378906,35.572998046875,30.51738929748535,125.28465270996094,73.84809875488281
2023-02-15,38.81966018676758,54.163997650146484,39.42441177368164,34.718746185302734,98.2583999633789,70.32848358154297,66.73885345458984,35.670658111572266,30.71533966064453,124.66199493408203,74.71220397949219
2023-02-16,38.380062103271484,53.33618927001953,39.0367546081543,34.36919403076172,97.24188232421875,69.1082534790039,66.25611114501953,35.3421745300293,30.48138999938965,123.41669464111328,73.08106231689453
2023-02-17,38.01997756958008,53.2784309387207,37.64656066894531,34.3786506652832,97.87838745117188,68.24435424804688,67.11231994628906,35.16461944580078,30.809829711914062,124.52049255371094,73.09564208984375
2023-02-21,37.3933219909668,52.104103088378906,37.45941925048828,33.67010498046875,95.63639831542969,66.6239013671875,66.8572769165039,34.47216033935547,30.23394012451172,122.90723419189453,70.65376281738281
2023-02-22,37.67390823364258,52.20998001098633,37.20990753173828,33.63230514526367,95.39888763427734,66.52628326416016,66.75707244873047,34.161434173583984,30.11696434020996,122.49214935302734,71.01302337646484
2023-02-23,37.71600341796875,51.969329833984375,37.771324157714844,33.66065979003906,95.84540557861328,67.62934875488281,66.67509460449219,34.48991775512695,29.959495544433594,122.82233428955078,70.95475769042969
2023-02-24,37.96854019165039,51.24740982055664,37.72232437133789,33.688995361328125,95.29439544677734,66.42377471923828,66.2287826538086,33.85071563720703,29.968496322631836,121.23739624023438,69.83818054199219
2023-02-27,38.09479522705078,51.411048889160156,37.83371353149414,33.6795539855957,96.13990783691406,66.78009796142578,66.15589904785156,33.903987884521484,29.76603889465332,120.86947631835938,70.70230865478516
2023-02-28,38.26782989501953,51.49767303466797,37.290103912353516,33.74568176269531,95.9214096069336,66.6336669921875,65.6093978881836,33.92174530029297,29.244140625,119.97322845458984,70.65376281738281
2023-03-01,38.56713104248047,51.10301208496094,38.02530288696289,33.63230514526367,96.30139923095703,66.14556884765625,65.12665557861328,33.397953033447266,28.76273536682129,119.7751235961914,69.76538848876953
2023-03-02,39.006717681884766,51.58430862426758,38.3594856262207,33.471710205078125,97.431884765625,66.96070098876953,66.01927947998047,33.83296203613281,29.307130813598633,120.51097106933594,69.53235626220703
2023-03-03,39.563209533691406,52.71051788330078,38.88081359863281,34.00075912475586,98.48639678955078,68.40052032470703,66.0739517211914,34.40114212036133,29.80652618408203,121.86005401611328,71.02758026123047
2023-03-06,38.922542572021484,52.71051788330078,38.89863967895508,34.029090881347656,98.30590057373047,68.72754669189453,66.24700164794922,34.26797103881836,29.950504302978516,121.80345153808594,70.50813293457031
2023-03-07,38.15558624267578,52.171478271484375,38.22135925292969,33.15050506591797,97.04239654541016,67.8734130859375,65.59119415283203,33.40683364868164,29.460102081298828,119.84115600585938,69.54692840576172
2023-03-08,38.342655181884766,52.200347900390625,37.82925796508789,33.02769088745117,97.2703857421875,68.43470764160156,65.70047760009766,33.87735366821289,29.685056686401367,119.19963836669922,69.42071533203125
2023-03-09,37.35590744018555,51.0260009765625,37.2945671081543,31.686172485351562,95.83587646484375,67.4536361694336,65.09020233154297,33.10498809814453,29.44659996032715,117.9920883178711,67.76529693603516
2023-03-10,36.5609016418457,50.30408477783203,36.81779861450195,31.10988998413086,94.04988861083984,66.26760864257812,64.77140045166016,32.04854202270508,28.983190536499023,117.1241455078125,67.09049224853516
2023-03-13,36.18677520751953,50.30408477783203,36.06922912597656,29.881742477416992,93.51791381835938,66.62877655029297,65.09932708740234,32.56345748901367,29.428606033325195,118.21849060058594,67.23127746582031
2023-03-14,36.649757385253906,51.72869110107422,36.425697326660156,30.48636817932129,94.50589752197266,68.16625213623047,65.69137573242188,32.90080642700195,29.81552505493164,119.27513122558594,68.37211608886719
2023-03-15,35.4619255065918,52.2869873046875,34.46962356567383,29.673900604248047,92.17839050292969,68.2052993774414,66.11947631835938,32.91856002807617,30.22044563293457,119.17133331298828,68.27018737792969
2023-03-16,35.8687744140625,53.46132278442383,34.843910217285156,30.240737915039062,93.36590576171875,70.11861419677734,66.1650161743164,32.91856002807617,30.422908782958984,120.28456115722656,69.50323486328125
2023-03-17,35.312278747558594,52.95115280151367,34.29584884643555,29.267669677734375,91.83638763427734,70.02098846435547,65.68226623535156,32.16395568847656,30.13046646118164,118.73736572265625,68.61483764648438
2023-03-20,36.038883209228516,53.346893310546875,34.9824333190918,29.593320846557617,93.0526123046875,70.20980834960938,66.59292602539062,32.50907516479492,30.36614227294922,120.24229431152344,68.91188049316406
2023-03-21,36.47569274902344,54.48583221435547,36.19354248046875,30.343355178833008,94.1305160522461,70.77722930908203,66.53800201416016,32.32131576538086,29.754289627075195,120.97156524658203,70.81581115722656
2023-03-22,35.8275146484375,53.5302848815918,35.42367172241211,29.640792846679688,92.32765197753906,70.07283020019531,65.9248046875,31.1411190032959,29.16962432861328,119.14368438720703,69.2381362915039
2023-03-23,35.78525161743164,54.39896774291992,34.93291091918945,29.44141387939453,92.06056213378906,71.21258544921875,65.66852569580078,30.9533634185791,28.87049674987793,118.9163589477539,69.16506958007812
2023-03-24,36.076454162597656,54.67888259887695,35.0679817199707,29.422422409057617,92.44212341308594,71.3984603881836,66.78512573242188,31.749099731445312,29.77241325378418,120.56432342529297,68.94109344482422
2023-03-27,36.34416961669922,54.3700065612793,35.81534957885742,29.83067512512207,93.21479034423828,70.84571075439453,67.14208221435547,31.641813278198242,29.80866813659668,121.05680084228516,69.08229064941406
2023-03-28,36.51795959472656,53.92601776123047,36.36913299560547,29.821178436279297,93.69173431396484,70.5130844116211,67.26105499267578,31.534515380859375,29.8902530670166,120.32752990722656,68.99952697753906
2023-03-29,37.025211334228516,54.6402702331543,36.87338638305664,30.257915496826172,95.05580139160156,71.9903564453125,67.63629913330078,32.285560607910156,30.32535171508789,120.65901947021484,70.30941009521484
2023-03-30,37.278846740722656,54.90087890625,37.03546905517578,30.191448211669922,95.25611114501953,72.82684326171875,67.82850646972656,32.705772399902344,30.4567813873291,121.31251525878906,70.92293548583984
2023-03-31,37.88474655151367,55.95294952392578,37.29209899902344,30.523754119873047,96.51526641845703,73.86873626708984,68.37763977050781,33.42104721069336,30.678869247436523,122.61001586914062,72.81712341308594
2023-04-03,38.124271392822266,56.184600830078125,38.98043441772461,30.58070945739746,96.68696594238281,73.75135803222656,68.73458099365234,33.108116149902344,30.470382690429688,123.98329162597656,72.15003204345703
2023-04-04,37.57474136352539,56.358341217041016,38.273582458496094,30.295886993408203,94.52162170410156,73.3453369140625,68.59730529785156,33.1170539855957,30.624481201171875,124.00222778320312,72.03315734863281
2023-04-05,37.49020004272461,56.17494583129883,38.849876403808594,30.257915496826172,93.29109191894531,72.5088882446289,68.91764068603516,32.947174072265625,31.417627334594727,126.14266967773438,70.55772399902344
2023-04-06,37.40096664428711,56.879547119140625,38.260074615478516,30.371841430664062,93.2624740600586,72.91978454589844,68.9725570678711,33.170692443847656,31.639705657958984,126.45518493652344,70.57232666015625
2023-04-10,37.57944869995117,56.75406265258789,38.56623077392578,30.43829917907715,94.1114501953125,72.88064575195312,68.9725570678711,33.340576171875,31.576255798339844,126.36993408203125,70.88397979736328
2023-04-11,37.87064743041992,56.60928726196289,38.930912017822266,30.704132080078125,94.67424011230469,72.19580841064453,69.17390441894531,33.50150680541992,31.603456497192383,126.79615020751953,70.99598693847656
2023-04-12,37.89883041381836,56.020511627197266,38.957923889160156,30.637676239013672,94.98902130126953,71.78490447998047,68.86273193359375,33.40315628051758,31.571718215942383,126.83402252197266,69.89549255371094
2023-04-13,38.288665771484375,57.18840789794922,39.2010498046875,30.91301155090332,95.34196472167969,73.12032318115234,69.24713897705078,33.295875549316406,31.576255798339844,128.48196411132812,71.43909454345703
2023-04-14,38.01155090332031,57.169105529785156,39.27308654785156,31.216815948486328,95.22750091552734,72.7143325805664,68.80781555175781,32.723655700683594,31.222742080688477,127.44964599609375,71.53162384033203
2023-04-17,38.23231506347656,56.840938568115234,38.80935287475586,31.57760238647461,95.98108673095703,72.97848510742188,69.24713897705078,33.465755462646484,31.39495849609375,127.34546661376953,72.03804016113281
2023-04-18,38.391998291015625,56.55137634277344,38.962425231933594,31.672542572021484,96.4389419555664,73.20347595214844,69.45763397216797,33.412105560302734,31.23179817199707,126.47413635253906,72.15489196777344
2023-04-19,38.283966064453125,56.12668228149414,38.827354431152344,31.748497009277344,96.36264038085938,72.99314880371094,69.4118881225586,33.60880661010742,31.472017288208008,126.8624267578125,72.08673095703125
2023-04-20,38.241695404052734,55.547550201416016,38.485191345214844,31.65355682373047,96.1909408569336,72.5137710571289,69.57660675048828,33.20646286010742,31.462947845458984,126.341552734375,70.97648620605469
2023-04-21,37.903526306152344,55.68268966674805,38.260074615478516,31.53962516784668,95.97152709960938,72.27896881103516,70.08000183105469,33.24222183227539,31.553598403930664,127.19391632080078,71.7604751586914
2023-04-24,38.16185760498047,55.624778747558594,38.84537124633789,31.463661193847656,96.20047760009766,71.96101379394531,70.36370849609375,33.15281677246094,31.71221923828125,127.90422821044922,71.75074005126953
2023-04-25,37.335201263427734,54.75609588623047,38.11600875854492,30.922494888305664,94.42622375488281,70.42504119873047,70.27220153808594,32.84882736206055,31.680496215820312,126.54042053222656,70.32886505126953
2023-04-26,36.893707275390625,54.17697525024414,37.60725021362305,30.6281795501709,92.64244079589844,71.47184753417969,69.72306060791016,32.580604553222656,30.93720817565918,124.74097442626953,69.96852111816406
2023-04-27,37.39626693725586,57.32353210449219,37.7423210144043,31.12187957763672,94.47393035888672,72.9882583618164,70.50101470947266,33.36740493774414,31.308853149414062,125.39445495605469,71.81404876708984
2023-04-28,37.833072662353516,57.8157958984375,38.327613830566406,31.492155075073242,95.3896484375,73.78070831298828,70.87626647949219,33.751853942871094,31.263530731201172,126.46466827392578,71.99906921386719
2023-05-01,37.81428527832031,57.80614471435547,37.8953971862793,31.406700134277344,95.90477752685547,73.82474517822266,70.9311752319336,33.43892288208008,31.31791877746582,127.11813354492188,71.28813171386719
2023-05-02,37.44793701171875,56.73476028442383,36.24757766723633,30.69464683532715,94.9031753540039,73.135009765625,70.73897552490234,32.866703033447266,30.93720817565918,126.56883239746094,71.36119079589844
2023-05-03,37.03460693359375,56.51276779174805,35.56322479248047,30.343355178833008,94.54070281982422,72.5186538696289,70.16236877441406,32.66106414794922,30.851097106933594,126.39838409423828,70.79633331298828
2023-05-04,36.795066833496094,55.605472564697266,35.16703796386719,29.954097747802734,93.51049041748047,72.17134857177734,69.98846435546875,32.96505355834961,31.086772918701172,125.39445495605469,70.25096130371094
2023-05-05,37.41505432128906,56.3004264831543,36.12150955200195,30.69464683532715,94.92225646972656,73.98126220703125,70.63829803466797,33.47468566894531,31.286191940307617,126.521484375,71.67283630371094
2023-05-08,37.292938232421875,56.86989212036133,36.12150955200195,30.742115020751953,94.57886505126953,73.9421157836914,70.42778778076172,33.24222183227539,31.191015243530273,126.24683380126953,71.91629791259766
2023-05-09,36.95476150512695,56.51276779174805,36.13501739501953,30.6281795501709,94.7887191772461,73.37469482421875,70.20812225341797,33.13493728637695,31.15022087097168,125.4039535522461,71.89682006835938
2023-05-10,36.97825622558594,57.01467514038086,35.72530746459961,30.45728874206543,94.44532775878906,74.26985931396484,70.0982894897461,33.44786834716797,31.43575096130371,125.75434112548828,72.26202392578125
2023-05-11,36.616600036621094,57.584144592285156,35.29759979248047,30.409814834594727,93.87297821044922,73.93721771240234,70.30878448486328,33.09917068481445,31.11395835876465,125.36604309082031,72.5980224609375
2023-05-12,36.68234634399414,57.63241195678711,35.35162353515625,30.286388397216797,93.93974304199219,73.83940124511719,70.58338165283203,33.16175842285156,31.286191940307617,125.19556427001953,71.98446655273438
2023-05-15,36.99234390258789,57.90266036987305,35.53171920776367,30.533241271972656,94.39761352539062,74.45085906982422,70.40949249267578,33.09917068481445,30.89188575744629,124.97775268554688,72.07698822021484
2023-05-16,36.381752014160156,57.83510208129883,34.65828323364258,30.248414993286133,93.11939239501953,74.52912902832031,69.81458282470703,32.21402359008789,30.20751190185547,123.93595886230469,71.78482055664062
2023-05-17,36.62128829956055,58.53969955444336,35.324615478515625,30.856046676635742,94.72193908691406,75.52213287353516,69.7779769897461,32.63425827026367,30.098743438720703,124.08747100830078,73.27972412109375
2023-05-18,36.837337493896484,59.59177780151367,35.581233978271484,31.083906173706055,95.40874481201172,77.06788635253906,69.43934631347656,32.42860412597656,30.008087158203125,123.78438568115234,74.41915893554688
2023-05-19,36.931278228759766,59.27325439453125,35.85587692260742,30.950979232788086,95.1798095703125,77.03365325927734,69.48507690429688,32.374961853027344,29.962766647338867,124.36214447021484,73.7958984375
2023-05-22,36.73870849609375,59.81377410888672,35.707305908203125,31.00795555114746,95.16072845458984,77.18040466308594,68.43255615234375,32.58953857421875,29.971834182739258,124.48524475097656,73.56703186035156
2023-05-23,36.170387268066406,59.070556640625,36.08999252319336,30.64716911315918,94.01605224609375,76.04064178466797,67.92918395996094,32.18720626831055,29.867589950561523,123.1214599609375,72.89505004882812
2023-05-24,35.75707244873047,58.8003044128418,36.24757766723633,30.248414993286133,92.80460357666016,75.48297882080078,67.48985290527344,31.480873107910156,29.672704696655273,122.27853393554688,72.62722778320312
2023-05-25,35.6302490234375,58.8003044128418,35.6037483215332,30.238920211791992,93.10984802246094,78.37883758544922,66.97732543945312,31.552400588989258,29.27387046813965,121.02839660644531,72.30097961425781
2023-05-26,35.80873489379883,59.99715042114258,35.46417999267578,30.48577117919922,93.80618286132812,80.60456848144531,67.20613861083984,31.918983459472656,29.27387046813965,120.78213500976562,74.00041198730469
2023-05-30,35.61616516113281,60.09367752075195,35.09950637817383,30.476276397705078,93.66311645507812,81.03500366210938,66.43733978271484,32.0173225402832,29.16055679321289,120.03392028808594,74.49708557128906
2023-05-31,35.235713958740234,60.07438278198242,34.48269271850586,30.153474807739258,92.38489532470703,80.35997009277344,66.51055908203125,32.22297286987305,29.427963256835938,121.0662612915039,73.82511138916016
2023-06-01,35.705406188964844,60.88514709472656,34.910404205322266,30.476276397705078,93.56771850585938,81.17687225341797,66.45564270019531,32.231903076171875,29.210412979125977,121.86181640625,74.69673156738281
2023-06-02,36.903099060058594,60.96236038208008,35.97292709350586,31.140871047973633,96.28633880615234,81.64158630371094,67.37088775634766,32.911415100097656,29.514076232910156,123.42449951171875,76.4497299194336
2023-06-05,36.874916076660156,61.116798400878906,35.734317779541016,30.979467391967773,95.61859893798828,81.1719970703125,67.12377166748047,32.75941848754883,29.654579162597656,123.86963653564453,76.67858123779297
2023-06-06,37.109764099121094,61.36775588989258,36.02246856689453,31.368730545043945,96.21955871582031,81.15241241455078,66.78512573242188,32.956119537353516,29.631914138793945,122.83731842041016,77.47716522216797
2023-06-07,37.55126190185547,60.68244934082031,36.976932525634766,31.492155075073242,97.76486206054688,79.93927764892578,66.56547546386719,33.564109802246094,30.13499641418457,122.35430908203125,76.95126342773438
2023-06-08,37.41505432128906,60.99132537841797,36.81935501098633,31.463661193847656,97.93655395507812,80.80510711669922,67.02308654785156,33.35845947265625,30.266427993774414,123.14038848876953,78.0906982421875
2023-06-09,37.105064392089844,61.010623931884766,36.61675262451172,31.47316551208496,97.67902374267578,81.20621490478516,66.91326904296875,33.18857955932617,30.08966827392578,123.51922607421875,78.494873046875
2023-06-12,37.27415084838867,61.734519958496094,36.26558303833008,31.463661193847656,98.3753662109375,82.97210693359375,66.89494323730469,33.170692443847656,30.03528594970703,123.96436309814453,79.84369659423828
2023-06-13,38.138362884521484,61.93722152709961,36.43666458129883,31.65355682373047,99.5200424194336,83.47593688964844,67.1695327758789,33.412105560302734,30.030752182006836,124.58944702148438,80.6715087890625
2023-06-14,37.978675842285156,62.043392181396484,36.0629768371582,31.530122756958008,99.2529296875,84.33686828613281,67.58137512207031,33.590919494628906,30.01262664794922,123.31087493896484,80.61306762695312
2023-06-15,38.302757263183594,63.02791213989258,36.45918655395508,31.9478702545166,100.75056457519531,85.42282104492188,68.2586669921875,33.733970642089844,30.33894157409668,125.2239761352539,81.13895416259766
2023-06-16,38.396697998046875,62.506690979003906,36.4051513671875,31.881412506103516,100.58838653564453,84.71842193603516,68.34101867675781,33.698211669921875,30.502105712890625,125.21452331542969,81.01721954345703
2023-06-20,37.87702941894531,62.2021484375,35.590335845947266,31.642995834350586,99.84139251708984,84.14588928222656,67.8211898803711,33.33623123168945,30.144386291503906,125.07377624511719,81.62419891357422
2023-06-21,37.999752044677734,61.58341598510742,35.87193298339844,31.604846954345703,100.3968505859375,82.90080261230469,68.06082153320312,33.19180679321289,30.386518478393555,125.09278106689453,80.64347076416016
2023-06-22,37.91007995605469,62.06681442260742,35.39049530029297,31.35689353942871,99.66899108886719,83.5772705078125,68.45716857910156,32.7224006652832,30.15351676940918,125.94867706298828,81.67298889160156
2023-06-23,37.6032829284668,61.93145751953125,35.13614273071289,31.223379135131836,98.91239929199219,82.67041015625,68.00552368164062,32.370365142822266,29.71035385131836,125.5302505493164,80.72642517089844
2023-06-26,37.99503707885742,61.31272506713867,35.7674674987793,31.1566162109375,99.73603057861328,82.07728576660156,68.09769439697266,33.09251403808594,30.002744674682617,124.81700134277344,79.69202423095703
2023-06-27,38.53310012817383,62.347171783447266,35.84921646118164,31.404573440551758,100.93316650390625,83.69491577148438,68.30048370361328,33.45358657836914,30.011882781982422,124.53169250488281,81.40461730957031
2023-06-28,38.2687873840332,62.627532958984375,36.21257019042969,31.32828140258789,100.93316650390625,83.74393463134766,67.83961486816406,33.54384994506836,29.568721771240234,124.13227844238281,81.72665405273438
2023-06-29,38.750213623046875,62.28916931152344,36.63043212890625,31.871877670288086,101.9100341796875,83.8909912109375,67.77509307861328,33.85076904296875,29.568721771240234,124.94062805175781,81.81448364257812
2023-06-30,39.1136360168457,62.91757583618164,36.86660385131836,32.1484375,102.78157043457031,85.22431182861328,68.36499786376953,34.022274017333984,29.897668838500977,126.22443389892578,82.85375213623047
2023-07-03,39.25996017456055,63.1302604675293,36.952903747558594,32.32964324951172,102.80071258544922,85.04293823242188,68.89960479736328,34.2930793762207,30.12153434753418,125.1878890991211,83.85400390625
2023-07-05,38.292381286621094,63.6136474609375,36.74851989746094,32.26288604736328,102.2452392578125,84.5184326171875,68.77977752685547,34.4645881652832,30.464189529418945,125.12132263183594,83.88814544677734
2023-07-06,38.013912200927734,63.110923767089844,35.92189407348633,31.98632049560547,101.47907257080078,84.29295349121094,68.60466003417969,34.2750244140625,30.094127655029297,124.12277221679688,82.53660583496094
2023-07-07,38.344303131103516,62.88856887817383,36.69402313232422,32.034000396728516,101.70893096923828,83.92530059814453,67.71057891845703,34.112545013427734,29.87482261657715,122.6772689819336,82.63906860351562
2023-07-10,38.334869384765625,62.724212646484375,36.98015213012695,32.177059173583984,103.15506744384766,84.14588928222656,67.69213104248047,34.229888916015625,29.746904373168945,123.64730072021484,82.89279174804688
2023-07-11,38.71245193481445,63.81666564941406,37.79315185546875,32.55852508544922,104.37135314941406,84.32725524902344,67.79353332519531,34.6180419921875,30.11697006225586,123.67582702636719,83.58563232421875
2023-07-12,39.22220230102539,64.59008026123047,38.142879486083984,32.76833724975586,104.18939208984375,85.28311920166016,67.9502182006836,34.78053283691406,30.555564880371094,123.34295654296875,84.33704376220703
2023-07-13,39.52899169921875,65.53754425048828,37.99754333496094,32.88277053833008,104.32347106933594,86.39584350585938,68.2359619140625,35.01523208618164,30.660642623901367,123.39054107666016,85.1274642944336
2023-07-14,39.2977180480957,64.91878509521484,36.993778228759766,32.663429260253906,104.01702117919922,86.26841735839844,68.46637725830078,35.01523208618164,30.541858673095703,125.24494934082031,85.3470230102539
2023-07-17,39.335479736328125,64.686767578125,36.92110824584961,32.978145599365234,104.40966033935547,87.37132263183594,68.26361083984375,34.71734619140625,30.190065383911133,124.67436981201172,85.6934585571289
2023-07-18,39.642269134521484,65.13148498535156,37.29355239868164,33.350074768066406,104.99385833740234,88.36151885986328,68.18988037109375,34.428489685058594,29.957061767578125,125.5968017578125,86.04476928710938
2023-07-19,39.42987823486328,65.3151626586914,37.51156234741211,33.49312973022461,104.94598388671875,88.14093017578125,68.88117980957031,34.8076171875,30.263160705566406,126.17691040039062,86.34727478027344
2023-07-20,39.524269104003906,64.01969909667969,37.952125549316406,33.74108123779297,105.41527557373047,86.38114929199219,69.47108459472656,34.69026565551758,30.815980911254883,128.26905822753906,83.40509796142578
2023-07-21,39.52899169921875,63.381614685058594,38.28822326660156,33.62664031982422,104.9172592163086,86.33704376220703,69.71073913574219,34.843711853027344,31.277420043945312,129.56240844726562,83.42463684082031
2023-07-24,39.65171432495117,63.49763870239258,38.90592575073242,33.950889587402344,105.15668487548828,86.48899841308594,69.97803497314453,35.17771911621094,31.19518280029297,129.27713012695312,83.97109985351562
2023-07-25,40.364410400390625,63.700660705566406,39.11030960083008,33.73155212402344,105.0226058959961,87.47918701171875,69.95960235595703,34.915931701660156,31.25000762939453,129.22007751464844,83.77591705322266
2023-07-26,40.2275390625,64.69641876220703,39.12393569946289,33.931819915771484,105.7600326538086,86.3027114868164,70.04256439208984,35.04231262207031,31.25000762939453,129.13446044921875,83.75640869140625
2023-07-27,39.96794509887695,65.23783874511719,38.87412643432617,33.50267028808594,104.8502197265625,86.05272674560547,69.42500305175781,34.30210876464844,30.697193145751953,128.1834716796875,82.8879165649414
2023-07-28,40.24641799926758,66.52362823486328,38.992218017578125,33.56942367553711,105.50144958496094,87.22428131103516,70.14395141601562,34.20280838012695,30.628664016723633,128.56387329101562,84.29312896728516
2023-07-31,40.45881271362305,66.5042953491211,39.73255920410156,33.69340515136719,105.75045776367188,87.42525482177734,69.82134246826172,34.47361755371094,30.642366409301758,127.57485961914062,84.77127838134766
2023-08-01,40.27945327758789,66.41728973388672,39.54633331298828,33.69340515136719,106.06651306152344,87.57230377197266,69.44342803955078,34.410430908203125,30.267736434936523,126.90917205810547,83.81007385253906
2023-08-02,39.77914810180664,65.1701431274414,39.02855682373047,33.40730285644531,104.95555877685547,85.40568542480469,69.69229125976562,34.26599884033203,30.267736434936523,126.99476623535156,82.30728149414062
2023-08-03,39.53371810913086,65.00579071044922,39.4236946105957,33.42637252807617,104.29474639892578,85.05764770507812,69.49872589111328,33.796600341796875,29.57785415649414,126.35759735107422,82.50244903564453
2023-08-04,39.44403839111328,64.86077880859375,39.47820281982422,33.29285430908203,103.66265106201172,83.90079498291016,68.80742645263672,33.46260452270508,29.235206604003906,125.9106216430664,83.70275115966797
2023-08-07,39.70363235473633,65.86621856689453,39.52361297607422,33.76015090942383,104.93640899658203,84.13607788085938,69.36971282958984,33.88688278198242,29.230634689331055,127.36563110351562,84.56147003173828
2023-08-08,39.283565521240234,65.68255615234375,39.71892547607422,33.454978942871094,104.45755767822266,83.48902893066406,68.8719711303711,33.715362548828125,29.36769676208496,128.34515380859375,83.88814544677734
2023-08-09,39.123085021972656,64.976806640625,40.218528747558594,33.20702362060547,104.40009307861328,82.41063690185547,68.97335815429688,33.796600341796875,29.431657791137695,128.30711364746094,82.89279174804688
2023-08-10,39.151405334472656,65.19915771484375,40.213993072509766,33.235626220703125,104.11279296875,82.42041015625,68.83509826660156,33.688289642333984,29.34028434753418,128.22152709960938,83.09283447265625
2023-08-11,39.0428466796875,64.88977813720703,40.831687927246094,33.302391052246094,104.28515625,81.81258392333984,68.94568634033203,33.751468658447266,29.50018882751465,129.02035522460938,82.80982208251953
2023-08-14,39.12779998779297,65.3635025024414,40.65909194946289,33.235626220703125,104.32347106933594,83.11649322509766,68.60466003417969,33.5709342956543,29.267183303833008,129.41026306152344,83.06356811523438
2023-08-15,38.490623474121094,64.78343963623047,39.81430435180664,32.625274658203125,102.99225616455078,82.29788208007812,67.86727142333984,33.22791290283203,28.792041778564453,128.93478393554688,81.93157196044922
2023-08-16,38.231021881103516,64.01002502441406,39.4691162109375,32.57760238647461,102.41763305664062,81.51356506347656,67.71057891845703,32.82170486450195,28.919965744018555,127.95527648925781,80.91670989990234
2023-08-17,38.15550994873047,63.27528381347656,39.94147491455078,32.41547775268555,101.55569458007812,80.73907470703125,67.05615234375,32.57797622680664,28.856002807617188,126.93767547607422,79.54566192626953
2023-08-18,38.15079116821289,62.89823913574219,40.33662033081055,32.40592956542969,101.74723052978516,80.86161804199219,67.30502319335938,32.66824722290039,29.006771087646484,126.98523712158203,79.3651351928711
2023-08-21,38.15550994873047,63.352622985839844,40.082271575927734,32.3677864074707,101.62271881103516,82.40573120117188,66.85336303710938,32.3884162902832,28.82402229309082,127.11837768554688,80.27754211425781
2023-08-22,38.12247085571289,63.352622985839844,39.77342987060547,32.0626106262207,101.38329315185547,82.31256103515625,66.47544860839844,32.487709045410156,28.906259536743164,126.67141723632812,80.3946304321289
2023-08-23,38.18382263183594,64.37738800048828,39.67350387573242,32.37732696533203,102.42720031738281,83.7978515625,66.91788482666016,32.96613311767578,29.020471572875977,127.05183410644531,81.03868103027344
2023-08-24,38.023353576660156,63.13992691040039,39.4009895324707,32.26288604736328,101.18218231201172,81.86649322509766,66.38326263427734,32.81267166137695,28.85143280029297,125.94867706298828,79.45295715332031
2023-08-25,38.136634826660156,63.207603454589844,39.78251266479492,32.41547775268555,102.0345458984375,82.69983673095703,66.75196075439453,32.9029426574707,29.07073211669922,126.87112426757812,80.34097290039062
2023-08-28,38.415103912353516,63.981021881103516,40.05048370361328,32.5966682434082,102.86775207519531,83.37628936767578,67.05615234375,33.16472244262695,29.066164016723633,127.16594696044922,80.66299438476562
2023-08-29,39.052284240722656,65.40219116210938,40.159488677978516,32.89230728149414,103.65309143066406,85.0478515625,67.29578399658203,33.54384994506836,29.175809860229492,128.30711364746094,82.67809295654297
2023-08-30,39.1419677734375,65.41184997558594,40.35934066772461,32.9113883972168,104.12234497070312,85.68997955322266,67.4063949584961,33.66120147705078,29.043317794799805,128.2119903564453,83.03428649902344
2023-08-31,39.123085021972656,65.47953033447266,40.38658905029297,32.78740310668945,103.65309143066406,86.10665130615234,67.06536102294922,33.41747283935547,28.76462745666504,126.68093872070312,83.29288482666016
2023-09-01,39.56203842163086,64.87045288085938,41.21321105957031,33.083045959472656,104.19898223876953,86.37134552001953,66.4938735961914,33.399417877197266,28.618425369262695,127.0233154296875,82.78543853759766
2023-09-05,38.83045196533203,64.86077880859375,41.43122100830078,32.74925994873047,102.44637298583984,86.68017578125,65.92240142822266,33.065425872802734,28.179832458496094,125.71092224121094,82.843994140625
2023-09-06,38.7454948425293,64.65775299072266,41.44938659667969,32.730186462402344,102.00581359863281,85.76351928710938,65.84868621826172,33.00223922729492,28.24379539489746,125.0262222290039,82.10723114013672
2023-09-07,38.57085418701172,64.54174041748047,41.40850830078125,32.644344329833984,101.67062377929688,84.5233383178711,66.00536346435547,33.273048400878906,28.613861083984375,125.58731842041016,82.33655548095703
2023-09-08,38.608619689941406,64.735107421875,41.808197021484375,32.711116790771484,101.16300964355469,84.69979858398438,66.08831024169922,33.056396484375,28.865140914916992,125.58731842041016,82.33655548095703
2023-09-11,38.7738151550293,65.71154022216797,41.25862503051758,32.86369705200195,101.1917495727539,85.14097595214844,66.65979766845703,33.07445526123047,28.98392677307129,126.45269012451172,84.55170440673828
2023-09-12,38.68413543701172,65.02513885498047,42.230594635009766,33.083045959472656,100.82783508300781,83.59685516357422,66.08831024169922,33.07445526123047,29.020471572875977,126.29104614257812,83.78569793701172
2023-09-13,38.457576751708984,65.23783874511719,41.91265869140625,33.083045959472656,100.15744018554688,83.80765533447266,66.29109191894531,32.74045944213867,29.36769676208496,126.3100357055664,84.44924926757812
2023-09-14,39.0003662109375,66.14659118652344,42.40318298339844,33.38821792602539,101.14386749267578,84.41549682617188,66.9639663696289,33.33623123168945,29.79715919494629,126.70944213867188,85.27870178222656
2023-09-15,38.566139221191406,65.26683044433594,41.79003143310547,33.21656799316406,100.55966186523438,82.79296112060547,66.41092681884766,33.20986557006836,29.669239044189453,125.71092224121094,83.8198471069336
2023-09-18,38.405845642089844,65.31333923339844,42.1441650390625,33.30757141113281,100.67122650146484,83.19087982177734,66.3877182006836,32.91960144042969,29.647127151489258,125.51993560791016,82.90824890136719
2023-09-19,38.372642517089844,65.36180877685547,41.75067138671875,33.26924133300781,100.24812316894531,83.14665222167969,66.22998046875,32.746726989746094,29.48592185974121,125.6249771118164,82.49278259277344
2023-09-20,37.969512939453125,64.47013854980469,41.36177444458008,33.039337158203125,99.85384368896484,81.83998107910156,66.29493713378906,32.810420989990234,29.51355743408203,125.63452911376953,81.6716079711914
2023-09-21,37.20595169067383,63.67542266845703,40.79441833496094,32.493316650390625,98.2191162109375,80.59222412109375,65.4411849975586,31.673065185546875,29.204973220825195,124.53641510009766,79.44274139404297
2023-09-22,37.16801452636719,63.59789276123047,40.8630485534668,32.244258880615234,97.88253784179688,80.76417541503906,65.08856201171875,31.454692840576172,29.14970588684082,124.2785873413086,78.66065979003906
2023-09-25,37.462059020996094,63.752967834472656,41.3754997253418,32.32088851928711,98.37295532226562,81.02452087402344,64.85655975341797,31.40009307861328,29.108251571655273,124.95657348632812,79.14459991455078
2023-09-26,36.92139434814453,63.04545593261719,41.137577056884766,31.88981819152832,96.87284088134766,79.5655517578125,64.37400817871094,30.845069885253906,28.23777198791504,123.89664459228516,77.70266723632812
2023-09-27,36.91664505004883,63.21021270751953,42.162471771240234,31.84192657470703,97.59405517578125,79.68834686279297,63.84505844116211,30.572107315063477,27.69429588317871,123.27598571777344,77.40450286865234
2023-09-28,37.31503677368164,63.90802001953125,42.208221435546875,32.07182312011719,98.00756072998047,80.2532730102539,64.03993225097656,30.890562057495117,27.095544815063477,123.86798858642578,78.26964569091797
2023-09-29,37.25337600708008,63.549434661865234,41.35719680786133,31.774860382080078,97.48828125,80.52837371826172,63.854339599609375,30.99974822998047,27.141603469848633,122.93220520019531,78.68511962890625
2023-10-02,36.7601432800293,64.02434539794922,40.53361511230469,31.506641387939453,96.53629302978516,81.3929443359375,63.41818618774414,30.435625076293945,25.879629135131836,122.76030731201172,78.74866485595703
2023-10-03,36.66054916381836,63.16175842285156,40.50616455078125,31.008508682250977,95.8631591796875,80.0125732421875,62.96348571777344,29.88058853149414,26.179006576538086,121.6717300415039,76.8326187133789
2023-10-04,37.092132568359375,63.762638092041016,39.23420715332031,31.238414764404297,96.1708755493164,81.00978088378906,63.46458053588867,30.19904899597168,26.1513671875,122.18739318847656,78.34785461425781
2023-10-05,36.641578674316406,63.67542266845703,38.99170684814453,31.382108688354492,95.603515625,81.11785125732422,62.211822509765625,30.41741943359375,25.999380111694336,122.85580444335938,77.95683288574219
2023-10-06,36.98779296875,64.84814453125,39.22505187988281,31.650325775146484,96.91130065917969,82.63577270507812,61.868465423583984,30.535709381103516,26.367839813232422,124.14490509033203,78.5042724609375
2023-10-09,37.03521728515625,65.54595184326172,40.53361511230469,31.669490814208984,98.4306411743164,83.06314086914062,61.924137115478516,30.93606185913086,26.6303653717041,124.57462310791016,78.58734893798828
2023-10-10,37.42885971069336,65.92393493652344,40.583946228027344,31.899398803710938,99.0268783569336,83.19087982177734,62.5551643371582,31.045238494873047,26.99422264099121,125.16663360595703,79.44762420654297
2023-10-11,37.51896286010742,66.52481842041016,40.06235122680664,31.94729232788086,99.62305450439453,83.96212005615234,62.1282958984375,31.673065185546875,27.431766510009766,124.61280059814453,79.73112487792969
2023-10-12,36.95933532714844,65.73977661132812,40.10810852050781,31.746122360229492,98.71915435791016,84.04070281982422,61.450870513916016,31.254514694213867,27.008039474487305,123.54334259033203,78.86107635498047
2023-10-13,36.82179641723633,65.00320434570312,40.99115753173828,31.81317138671875,97.84407806396484,82.8371810913086,61.989105224609375,31.24541664123535,27.312015533447266,124.3167953491211,77.70266723632812
2023-10-16,37.18224334716797,66.04993438720703,41.26568603515625,32.14845657348633,98.88262939453125,83.63297271728516,62.62940979003906,31.56387710571289,27.592966079711914,125.2525634765625,78.9588394165039
2023-10-17,37.54742431640625,66.28254699707031,41.69576644897461,32.301727294921875,99.1903305053711,83.2448959350586,62.89851760864258,31.40009307861328,27.519271850585938,125.08069610595703,79.14459991455078
2023-10-18,36.57518005371094,65.13890075683594,42.075531005859375,31.746122360229492,96.7959213256836,82.39014434814453,63.130523681640625,30.708581924438477,27.27977752685547,123.99211883544922,77.28717803955078
2023-10-19,36.148353576660156,65.07105255126953,42.00233459472656,31.324626922607422,95.90162658691406,81.9185562133789,62.66653060913086,29.95338249206543,27.008039474487305,122.76986694335938,75.31246948242188
2023-10-20,35.71202087402344,64.47013854980469,41.297725677490234,30.845659255981445,94.9111557006836,80.53325653076172,62.42525100708008,29.7987003326416,26.727087020874023,122.28288269042969,74.14427947998047
2023-10-23,35.31364059448242,64.80937194824219,40.62971115112305,30.654075622558594,94.46880340576172,80.62661743164062,62.30461120605469,29.54393196105957,26.501407623291016,121.51897430419922,74.23225402832031
2023-10-24,35.73099136352539,65.57503509521484,40.05777359008789,30.86482048034668,95.18040466308594,81.18171691894531,62.83355712890625,29.9169864654541,27.183053970336914,121.89137268066406,75.02409362792969
2023-10-25,35.31364059448242,62.73531723022461,39.98456954956055,30.749862670898438,93.95915985107422,80.22380065917969,63.047000885009766,29.289167404174805,27.335044860839844,120.80281066894531,73.50885009765625
2023-10-26,35.56025695800781,61.36876678466797,39.67344665527344,30.682809829711914,93.56491088867188,78.69115447998047,62.63868713378906,29.90789031982422,27.569934844970703,119.60919952392578,72.36019134521484
2023-10-27,35.54602813720703,61.145851135253906,38.72175598144531,30.127206802368164,92.73790740966797,79.14799499511719,61.78495788574219,29.43474769592285,27.04949188232422,117.58483123779297,73.11782836914062
2023-10-30,35.911216735839844,62.405799865722656,38.84986877441406,30.663652420043945,93.891845703125,79.99783325195312,62.75005340576172,29.525737762451172,27.256746292114258,118.24370574951172,73.78746795654297
2023-10-31,36.07246780395508,62.725616455078125,38.97797775268555,30.99892807006836,94.58421325683594,80.5676498413086,62.972755432128906,30.117158889770508,27.491641998291016,118.92166900634766,74.34469604492188
2023-11-01,36.0914306640625,63.646339416503906,38.886470794677734,31.200098037719727,94.89192199707031,82.1248779296875,62.90780258178711,30.27184295654297,27.804828643798828,119.1699447631836,75.26359558105469
2023-11-02,36.78860092163086,64.48954772949219,40.06235122680664,31.93771743774414,96.843994140625,83.51507568359375,63.72441864013672,31.209020614624023,28.32528305053711,121.06061553955078,77.2285385131836
2023-11-03,37.367210388183594,65.47810363769531,39.65970993041992,32.35920333862305,97.69983673095703,84.37474822998047,63.79866409301758,31.946025848388672,28.49108123779297,121.66219329833984,78.31364440917969
2023-11-06,37.18224334716797,65.30364227294922,39.21131896972656,32.26341247558594,97.4402084350586,84.92984008789062,63.900726318359375,31.509288787841797,28.417396545410156,122.47384643554688,78.41139221191406
2023-11-07,36.461360931396484,65.65255737304688,38.34199523925781,32.21551513671875,97.19979858398438,85.8582763671875,64.0584945678711,31.24541664123535,28.210134506225586,122.55980682373047,79.28632354736328
2023-11-08,36.57518005371094,65.3424301147461,37.861572265625,32.25382995605469,97.42096710205078,86.3446044921875,63.807945251464844,31.427398681640625,28.00287437438965,122.3879165649414,79.07615661621094
2023-11-09,36.262168884277344,65.32303619384766,37.747196197509766,32.11971664428711,97.20940399169922,85.94178771972656,63.54812240600586,30.945152282714844,27.63442039489746,119.85746765136719,77.60000610351562
2023-11-10,36.689002990722656,66.36006164550781,38.16355895996094,32.48373794555664,98.61337280273438,88.18675231933594,63.993534088134766,31.29090690612793,27.781801223754883,120.57361602783203,78.8904037475586
2023-11-13,36.636837005615234,66.21469116210938,38.438072204589844,32.43584060668945,98.69990539550781,87.67094421386719,64.19770812988281,31.027040481567383,27.4501895904541,121.27071380615234,79.2276840209961
2023-11-14,37.7181510925293,67.29048156738281,38.78123474121094,33.048919677734375,100.68083953857422,89.4246597290039,64.85655975341797,32.701229095458984,28.546354293823242,122.0918960571289,81.89645385742188
2023-11-15,37.8841438293457,67.6199951171875,38.70802307128906,33.23093032836914,100.89239501953125,89.53763580322266,65.376220703125,32.77402114868164,28.458845138549805,122.18739318847656,81.99420928955078
2023-11-16,37.99797439575195,67.92044067382812,37.95308303833008,33.36504364013672,100.91162872314453,89.98466491699219,64.56889343261719,32.76492691040039,28.6108341217041,122.71258544921875,81.15349578857422
2023-11-17,38.06911087036133,67.91078186035156,38.74920654296875,33.53746795654297,101.55590057373047,89.7979965209961,64.4853744506836,32.72853088378906,28.68913459777832,122.46430969238281,81.69606018066406
2023-11-20,38.1355094909668,68.6764144897461,38.80411148071289,33.67158889770508,101.8636245727539,91.09976959228516,64.43897247314453,32.98329162597656,28.60162353515625,123.20912170410156,82.11641693115234
2023-11-21,38.282535552978516,68.44381713867188,38.71717834472656,33.65242385864258,101.78668212890625,90.36290740966797,64.63383483886719,32.819515228271484,28.661495208740234,123.95392608642578,81.90623474121094
2023-11-22,38.30624008178711,69.00594329833984,38.69887924194336,33.78654098510742,102.00785064697266,90.76573181152344,65.09783172607422,32.91960144042969,28.799671173095703,124.54595947265625,82.15552520751953
2023-11-24,38.47224044799805,68.77332305908203,38.85901641845703,33.891910552978516,102.25787353515625,90.5888900756836,65.339111328125,33.04698944091797,28.873361587524414,125.21438598632812,82.23371887207031
2023-11-27,38.424808502197266,68.34689331054688,38.72175598144531,33.776954650878906,101.680908203125,90.58396911621094,65.15351867675781,33.1652717590332,28.91942024230957,124.43136596679688,82.36568450927734
2023-11-28,38.50069808959961,68.51165008544922,38.73090744018555,33.76737594604492,101.44051361083984,90.75590515136719,65.4504623413086,33.34724807739258,29.011531829833984,123.7916030883789,82.8398208618164
2023-11-29,38.69987106323242,68.01736450195312,38.44265365600586,34.00686264038086,101.82514953613281,90.82467651367188,64.9215316772461,33.60201644897461,28.781246185302734,123.82979583740234,82.61498260498047
2023-11-30,39.08403396606445,67.6199951171875,38.69887924194336,34.39004135131836,102.94062042236328,90.95732879638672,65.57111358642578,33.87498474121094,28.905601501464844,125.38626098632812,82.49766540527344
2023-12-01,39.52984619140625,67.75570678710938,38.90019226074219,34.648681640625,104.56575012207031,91.16363525390625,65.84022521972656,34.584693908691406,29.260244369506836,125.88279724121094,83.62677001953125
2023-12-04,39.06980514526367,67.0772705078125,38.72175598144531,34.61037063598633,104.73884582519531,90.05342864990234,65.92373657226562,34.77576446533203,29.145097732543945,126.12151336669922,83.30907440185547
2023-12-05,38.53388977050781,66.7671127319336,38.044593811035156,34.43793869018555,103.89263916015625,90.59379577636719,65.4040756225586,34.630191802978516,28.937843322753906,125.95919799804688,83.45569610595703
2023-12-06,38.45326614379883,66.59265899658203,37.47724151611328,34.2655029296875,104.35418701171875,89.82747650146484,65.2370376586914,34.511905670166016,29.324724197387695,126.0546875,83.577880859375
2023-12-07,38.71410369873047,67.98831176757812,37.22102355957031,34.4283561706543,104.45036315917969,90.91800689697266,65.51542663574219,34.55739974975586,29.260244369506836,125.90190124511719,84.2670669555664
2023-12-08,38.856388092041016,68.3081283569336,37.623661041259766,34.61037063598633,104.77729797363281,91.69416809082031,65.06070709228516,34.4846076965332,29.204973220825195,126.11199188232422,84.6532211303711
2023-12-11,39.131465911865234,67.7847671508789,37.66939926147461,34.821109771728516,105.77738189697266,92.49488067626953,65.68246459960938,34.60289001464844,29.39380645751953,126.94271087646484,84.87805938720703
2023-12-12,39.359107971191406,68.0658187866211,37.15238952636719,35.07017517089844,106.25818634033203,93.10892486572266,65.89590454101562,34.59379196166992,29.27406120300293,127.48700714111328,85.14201354980469
2023-12-13,39.83810806274414,68.70550537109375,37.66939926147461,35.63536071777344,107.44097137451172,93.9292984008789,67.0929946899414,35.84942626953125,30.379436492919922,129.83602905273438,86.2564468383789
2023-12-14,40.49732971191406,69.00594329833984,38.77666473388672,35.98979949951172,108.82568359375,93.69841003417969,66.10932159423828,36.84120178222656,29.98334312438965,129.20579528808594,87.41485595703125
2023-12-15,40.39299392700195,68.83148193359375,38.57076644897461,35.779052734375,108.68143463134766,94.16999053955078,66.10932159423828,36.395362854003906,29.4628963470459,128.10768127441406,87.59574127197266
2023-12-18,40.45555877685547,69.6806411743164,38.88581085205078,35.89841842651367,108.67662048339844,94.45161437988281,66.79751586914062,36.29513168334961,29.396411895751953,128.3167724609375,88.13925170898438
2023-12-19,40.82807540893555,70.3898696899414,39.35236358642578,36.1679801940918,109.51779174804688,94.81100463867188,66.92842102050781,36.54341506958008,29.563783645629883,129.18002319335938,88.82968139648438
2023-12-20,40.202449798583984,69.8458023071289,38.98743438720703,35.522979736328125,107.74840545654297,93.37834167480469,65.62873840332031,36.08362579345703,28.964040756225586,127.30966186523438,87.2088851928711
2023-12-21,40.62749099731445,70.53561401367188,39.139869689941406,35.86954879760742,108.86030578613281,94.42699432373047,66.0868911743164,36.387088775634766,29.015182495117188,128.863525390625,88.535888671875
2023-12-22,40.880611419677734,70.54531860351562,39.25535202026367,35.946563720703125,109.3824234008789,94.55005645751953,66.59180450439453,36.53421401977539,29.112815856933594,129.50613403320312,87.88462829589844
2023-12-26,41.071632385253906,70.81735229492188,39.592567443847656,36.09096145629883,110.15592956542969,94.94393157958984,66.87229919433594,36.80088806152344,29.28948402404785,129.79393005371094,88.25677490234375
2023-12-27,41.17192840576172,70.82707214355469,39.41702651977539,36.206485748291016,110.32029724121094,94.93901062011719,67.18085479736328,37.012386322021484,29.270889282226562,130.3406219482422,88.56036376953125
2023-12-28,41.01433181762695,71.02139282226562,38.81652069091797,36.31237030029297,110.34931182861328,95.05223846435547,67.20890808105469,37.242279052734375,29.48009490966797,130.6763458251953,88.10008239746094
2023-12-29,40.851951599121094,70.5938949584961,38.7287483215332,36.196861267089844,110.21394348144531,94.76176452636719,67.34915924072266,36.83767318725586,29.442903518676758,130.81063842773438,87.5565414428711
2024-01-02,40.78030776977539,70.19557189941406,39.14448928833008,36.35087966918945,109.10202026367188,92.28047180175781,68.10652160644531,37.17790603637695,29.870624542236328,133.11260986328125,86.74371337890625
2024-01-03,40.3409423828125,69.93323516845703,39.78196334838867,36.042823791503906,107.4776840209961,91.34015655517578,67.57357025146484,36.29513168334961,29.982200622558594,132.89199829101562,84.99072265625
2024-01-04,40.21199417114258,69.70005798339844,39.08443832397461,36.187232971191406,107.6130599975586,90.67057800292969,67.48005676269531,36.20317077636719,29.88922119140625,133.55381774902344,84.39334106445312
2024-01-05,40.27885437011719,69.99153900146484,39.11677932739258,36.341251373291016,107.7387466430664,90.6459732055664,67.33045959472656,36.12961196899414,30.00080108642578,133.43869018554688,84.52554321289062
2024-01-08,40.45078659057617,71.0796890258789,38.6640739440918,36.572303771972656,108.44457244873047,92.92049407958984,67.82601928710938,36.62617111206055,30.21930503845215,134.61846923828125,85.96515655517578
2024-01-09,39.9875373840332,70.9339599609375,38.045082092285156,36.341251373291016,108.10614776611328,93.06819152832031,68.00366973876953,36.36869430541992,29.9729061126709,134.59930419921875,85.64686584472656
2024-01-10,39.93500518798828,71.59461975097656,37.6709098815918,36.399017333984375,108.65727233886719,93.8608169555664,67.86341857910156,36.423866271972656,29.968252182006836,135.21315002441406,86.3323974609375
2024-01-11,39.81561279296875,71.3614273071289,37.76792526245117,36.264244079589844,108.4058837890625,94.33837127685547,67.85407257080078,36.08362579345703,29.270889282226562,135.1172637939453,86.21978759765625
2024-01-12,39.853816986083984,71.71119689941406,38.19289779663086,36.196861267089844,108.39622497558594,94.64361572265625,68.06912994384766,36.3594970703125,29.43825340270996,134.78155517578125,85.18170166015625
2024-01-16,39.39533996582031,71.30314636230469,37.28289031982422,35.946563720703125,107.30364990234375,94.87992858886719,67.69511413574219,36.138797760009766,29.117464065551758,133.97581481933594,85.08374786376953
2024-01-17,39.10879135131836,70.86595153808594,36.973388671875,35.87916946411133,106.5784912109375,94.41222381591797,67.64836120605469,35.476715087890625,28.694393157958984,133.70729064941406,84.3394775390625
2024-01-18,39.232967376708984,71.73064422607422,36.91334533691406,35.93693161010742,108.01913452148438,96.32735443115234,67.564208984375,35.24683380126953,28.38755226135254,133.68809509277344,84.81935119628906
2024-01-19,39.27117156982422,72.70220184326172,37.0334358215332,36.51454162597656,108.72493743896484,98.54769897460938,67.36786651611328,35.58707046508789,28.350358963012695,133.76483154296875,85.63707733154297
2024-01-22,39.38578796386719,72.84794616699219,37.172027587890625,36.68782424926758,109.5661392211914,98.98096466064453,67.04060363769531,35.752586364746094,28.20623207092285,134.34991455078125,85.26002502441406
2024-01-23,39.51473617553711,73.56689453125,37.25054931640625,36.745582580566406,109.47911071777344,99.3797378540039,67.7699203491211,35.559478759765625,28.257375717163086,134.25399780273438,85.05438232421875
2024-01-24,38.97985076904297,74.02352905273438,37.781776428222656,36.88998794555664,108.80230712890625,100.06404876708984,66.93775177001953,35.07211685180664,27.87150001525879,133.0262908935547,84.731201171875
2024-01-25,39.39056396484375,75.22826385498047,38.63173294067383,37.07289505004883,109.84652709960938,100.48252868652344,67.58292388916016,35.55027770996094,28.37360191345215,132.82484436035156,83.6833267211914
2024-01-26,39.40489959716797,75.47115325927734,38.91813659667969,37.20766830444336,109.67249298095703,99.32557678222656,67.91015625,35.39395523071289,28.45728874206543,133.58258056640625,84.06526184082031
2024-01-29,39.6006965637207,76.10267639160156,38.86270523071289,37.30393981933594,110.38798522949219,100.2363510131836,68.30288696289062,35.651432037353516,28.63860321044922,134.5225830078125,85.29431915283203
2024-01-30,39.78217697143555,75.58775329589844,39.264591217041016,37.775657653808594,110.4266586303711,99.4092788696289,68.68623352050781,35.32039260864258,28.629308700561523,134.8294677734375,85.24534606933594
2024-01-31,39.26161193847656,73.72232818603516,38.530120849609375,37.31356430053711,109.1503677368164,97.32181549072266,68.18132781982422,35.06291198730469,28.568866729736328,134.64727783203125,83.693115234375
2024-02-01,39.91590881347656,74.48017883300781,38.5255012512207,37.37133026123047,111.00677490234375,98.54769897460938,69.57450103759766,35.67902755737305,29.112815856933594,136.39292907714844,85.30410766601562
2024-02-02,39.681884765625,77.47258758544922,38.580928802490234,37.525352478027344,111.75127410888672,99.56681823730469,69.35009002685547,35.22843551635742,28.587467193603516,136.19151306152344,86.82695770263672
2024-02-05,38.6742057800293,76.38443756103516,38.483917236328125,37.30393981933594,111.14215087890625,99.79328155517578,68.91999053955078,34.52956771850586,27.99237823486328,136.613525390625,85.6028060913086
2024-02-06,39.35713577270508,76.15125274658203,38.608642578125,37.380958557128906,112.13802337646484,99.3354263305664,69.07892608642578,35.05371856689453,28.09465789794922,138.10023498535156,86.1218490600586
2024-02-07,39.672340393066406,76.53987121582031,38.687171936035156,37.66012954711914,112.88250732421875,100.64991760253906,69.01348876953125,35.03532791137695,28.11325454711914,138.47433471679688,87.08647918701172
2024-02-08,39.61980438232422,76.83135986328125,39.08443832397461,37.515724182128906,112.90184783935547,100.96501159667969,68.99478149414062,35.22843551635742,27.913341522216797,138.23452758789062,87.46841430664062
2024-02-09,39.70576858520508,76.91878509521484,38.483917236328125,37.62162399291992,113.07589721679688,102.32380676269531,68.3589859008789,35.32039260864258,28.020273208618164,138.1289825439453,88.09028625488281
2024-02-12,40.02096939086914,77.16167449951172,38.90890121459961,37.79490661621094,113.2402572631836,101.54594421386719,68.84518432617188,35.21004104614258,28.34571075439453,138.31124877929688,88.01685333251953
2024-02-13,39.45742416381836,76.07354736328125,38.51625442504883,37.28468704223633,112.08000183105469,99.82281494140625,68.10652160644531,34.56635284423828,27.876150131225586,137.02598571777344,86.26384735107422
2024-02-14,39.71054458618164,77.28799438476562,38.47930145263672,37.64087677001953,113.95574951171875,100.86654663085938,67.9756088256836,34.796241760253906,28.02956771850586,138.21536254882812,87.17461395263672
2024-02-15,40.46034240722656,77.91950225830078,39.550994873046875,38.28587341308594,114.80658721923828,100.65483856201172,68.41507720947266,35.63304138183594,28.499130249023438,139.2224578857422,88.18331146240234
2024-02-16,40.67524337768555,76.70503997802734,39.52790069580078,38.151100158691406,114.12010192871094,99.72928619384766,68.51792907714844,35.26521301269531,28.46658706665039,139.6732635498047,87.65938568115234
2024-02-20,40.58928680419922,76.58846282958984,39.1675910949707,38.04521179199219,113.76236724853516,98.71509552001953,69.23789978027344,35.21004104614258,28.44799041748047,139.2032928466797,86.83185577392578
2024-02-21,40.81374740600586,76.50101470947266,39.902061462402344,38.16072463989258,114.21678924560547,98.09477233886719,69.4903564453125,35.467525482177734,28.824569702148438,139.5102081298828,87.47331237792969
2024-02-22,41.224464416503906,77.64745330810547,39.971351623535156,38.60355758666992,115.62842559814453,101.30469512939453,69.70540618896484,35.559478759765625,28.601411819458008,141.150390625,89.17243957519531
2024-02-23,41.46803283691406,77.45315551757812,39.70805358886719,38.79609680175781,116.2375717163086,101.06837463378906,69.92045593261719,35.605464935302734,28.805971145629883,141.82179260253906,88.77091217041016
2024-02-26,41.21968078613281,76.32613372802734,39.84663772583008,38.60355758666992,116.06353759765625,101.16685485839844,69.63994598388672,35.20084762573242,28.238780975341797,141.09283447265625,89.04512786865234
2024-02-27,41.37251663208008,76.94793701171875,39.67571258544922,38.70945358276367,116.2375717163086,101.25547790527344,69.64930725097656,35.22843551635742,28.773427963256836,140.74754333496094,89.33892059326172
2024-02-28,41.501461029052734,76.42329406738281,39.597190856933594,38.853858947753906,116.63399505615234,100.77791595458984,69.72411346435547,35.67902755737305,28.861764907836914,140.04734802246094,89.69148254394531
2024-02-29,41.816654205322266,77.1033935546875,39.791202545166016,38.834598541259766,116.9917221069336,101.90042114257812,69.61190032958984,35.964088439941406,28.87105941772461,138.90597534179688,90.29866790771484
2024-03-01,42.007686614990234,77.7446060180664,40.25313949584961,38.78647232055664,117.4945068359375,103.7613754272461,69.62126922607422,36.3594970703125,28.694393157958984,140.3638916015625,90.59736633300781
2024-03-04,42.31333541870117,76.7244873046875,39.82353591918945,38.88273620605469,117.91992950439453,103.7613754272461,69.6773452758789,36.77329635620117,29.177902221679688,140.15286254882812,89.37321472167969
2024-03-05,42.088871002197266,76.10267639160156,40.11917495727539,38.89236831665039,116.95305633544922,101.21116638183594,69.84564971923828,36.304325103759766,29.094221115112305,139.1073760986328,88.26166534423828
2024-03-06,42.39930725097656,76.20954895019531,40.243896484375,39.09453201293945,117.56217956542969,102.0136489868164,70.4347152709961,36.506622314453125,29.373167037963867,140.05694580078125,87.94828796386719
2024-03-07,42.919864654541016,77.44342041015625,40.58573532104492,39.036766052246094,118.50971984863281,103.62352752685547,70.83677673339844,36.506622314453125,29.563783645629883,140.7091827392578,88.61913299560547
2024-03-08,42.6715202331543,77.32684326171875,40.72893142700195,39.10415267944336,118.2486572265625,102.08258056640625,70.2757568359375,36.93881607055664,29.638166427612305,140.4501953125,88.29105377197266
2024-03-11,43.153873443603516,77.18110656738281,41.1492919921875,39.17154312133789,117.63953399658203,101.80193328857422,70.65911102294922,36.754913330078125,29.78693962097168,140.37347412109375,88.05111694335938
2024-03-12,43.14909744262695,77.8612060546875,41.084617614746094,39.33519744873047,118.16165161132812,103.88938903808594,71.02377319335938,36.6629524230957,29.498695373535156,141.02566528320312,88.81008911132812
2024-03-13,43.57413864135742,77.99722290039062,41.74057388305664,39.62400817871094,118.48070526123047,102.76689147949219,71.20143127441406,36.43305587768555,29.698606491088867,140.47897338867188,88.6240234375
2024-03-14,43.344905853271484,77.81261444091797,42.1701774597168,39.30632400512695,117.9779281616211,102.78658294677734,70.64977264404297,35.91810607910156,29.461498260498047,139.98020935058594,88.0609130859375
2024-03-15,43.36400604248047,77.03538513183594,42.29490280151367,39.267818450927734,117.99728393554688,101.23577880859375,70.62171936035156,35.899715423583984,29.503341674804688,139.4239044189453,87.18441772460938
2024-03-18,43.44308853149414,78.6174545288086,42.44111251831055,39.49296188354492,118.20677185058594,101.73335266113281,71.0757064819336,35.89415740966797,29.639280319213867,139.40753173828125,87.85033416748047
2024-03-19,43.447879791259766,78.58824157714844,42.925418853759766,39.686222076416016,119.2251205444336,102.26100158691406,71.33943939208984,35.89415740966797,29.901784896850586,140.3316650390625,88.61096954345703
2024-03-20,43.88404083251953,79.51372528076172,42.86487579345703,40.15970993041992,120.6605224609375,103.40507507324219,71.55607604980469,36.04228973388672,29.939281463623047,140.01397705078125,89.93101501464844
2024-03-21,44.06617736816406,79.54295349121094,43.120994567871094,40.48826217651367,121.85344696044922,103.47904968261719,71.59376525878906,36.18116760253906,29.892406463623047,140.19686889648438,90.45611572265625
2024-03-22,43.7929801940918,79.70856475830078,43.02785873413086,40.02443313598633,121.43640899658203,103.51355743408203,71.24524688720703,35.755279541015625,29.934593200683594,140.00437927246094,89.66603088378906
2024-03-25,43.80735397338867,79.43579864501953,43.428340911865234,39.86981964111328,120.65082550048828,102.8281021118164,71.04745483398438,35.61642074584961,30.075223922729492,139.8118438720703,89.37158966064453
2024-03-26,43.773807525634766,79.27017211914062,43.093055725097656,40.005104064941406,120.2143783569336,102.40399932861328,71.08513641357422,35.46828842163086,29.733030319213867,140.32200622558594,89.48446655273438
2024-03-27,44.40167999267578,79.6793441772461,43.49353790283203,40.47859573364258,122.1444091796875,102.9267349243164,71.82923126220703,36.3663330078125,30.56271743774414,142.18951416015625,90.51990509033203
2024-03-28,44.52149963378906,79.55269622802734,43.9638557434082,40.70083999633789,122.1637954711914,102.70482635498047,71.92342376708984,36.59778594970703,30.77366828918457,142.20877075195312,90.24017333984375
2024-04-01,44.41605758666992,80.16643524169922,44.28982162475586,40.47859573364258,121.22303009033203,102.9908447265625,71.34886169433594,35.95896911621094,30.586164474487305,140.99586486816406,89.56788635253906
2024-04-02,44.25309753417969,80.03981018066406,44.90916061401367,40.26600646972656,120.6605224609375,101.99964141845703,70.98152923583984,35.56085968017578,30.637725830078125,138.80105590820312,88.24781799316406
2024-04-03,44.51671600341797,80.67302703857422,45.21650314331055,40.246681213378906,121.2812271118164,102.27086639404297,70.19973754882812,35.579376220703125,30.515850067138672,138.6470489501953,88.3116226196289
2024-04-04,44.06617736816406,79.5819320678711,45.18857192993164,39.79251480102539,120.2143783569336,100.65338897705078,69.89833068847656,35.3016357421875,30.454914093017578,136.644775390625,87.27618408203125
2024-04-05,44.463985443115234,80.39049530029297,45.67286682128906,40.169376373291016,121.88253784179688,101.80731964111328,70.01138305664062,35.5330924987793,30.543975830078125,137.8673095703125,87.76199340820312
2024-04-08,44.497535705566406,80.4002456665039,45.3841438293457,40.34331130981445,121.66917419433594,101.68898010253906,69.90776824951172,35.83860778808594,30.74553680419922,137.42453002929688,88.59623718261719
2024-04-09,44.60298156738281,80.48793029785156,45.39811706542969,40.11140060424805,121.38790893554688,102.20182800292969,70.24683380126953,36.292266845703125,30.914287567138672,137.91546630859375,89.01335144042969
2024-04-10,43.90800857543945,79.85470581054688,45.53782272338867,39.51228713989258,120.35015869140625,100.94927215576172,69.99251556396484,34.80168914794922,30.384599685668945,136.29824829101562,87.63931274414062
2024-04-11,43.87446212768555,80.5561294555664,45.50522232055664,39.2320556640625,120.4859619140625,102.96617889404297,69.82298278808594,34.83872985839844,30.323657989501953,135.7399444580078,88.34597778320312
2024-04-12,43.097999572753906,79.2312240600586,44.76480484008789,38.71025848388672,119.19603729248047,101.29938507080078,69.11656951904297,34.4776496887207,30.093969345092773,133.71841430664062,86.91304779052734
2024-04-15,42.89190673828125,78.227783203125,44.3457145690918,38.516998291015625,118.34254455566406,99.37617492675781,68.8340072631836,33.8758659362793,29.817405700683594,133.44886779785156,85.46538543701172
2024-04-16,42.56120300292969,77.96476745605469,43.959197998046875,38.25608825683594,118.07097625732422,99.49451446533203,68.86225891113281,33.3574104309082,29.42365264892578,133.4969940185547,84.97957611083984
2024-04-17,42.657047271728516,77.89657592773438,43.83346176147461,38.352718353271484,117.45997619628906,98.05951690673828,69.11656951904297,33.07965850830078,30.0377197265625,133.26596069335938,84.5673599243164
2024-04-18,42.67142868041992,78.27649688720703,43.698421478271484,38.488006591796875,117.05264282226562,96.94009399414062,69.43680572509766,33.08891296386719,30.206472396850586,133.25634765625,84.04226684570312
2024-04-19,42.63787841796875,77.41921997070312,44.224632263183594,39.01947021484375,116.83926391601562,94.94290924072266,70.11497497558594,33.21853256225586,30.670536041259766,133.75692749023438,83.30619049072266
2024-04-22,42.68101501464844,77.52638244628906,44.513343811035156,39.49296188354492,117.72184753417969,95.79109954833984,70.7837142944336,33.48701858520508,30.95178985595703,134.26708984375,83.6742172241211
2024-04-23,42.311954498291016,78.70515441894531,44.76015090942383,39.744197845458984,119.36090850830078,97.21131134033203,70.98152923583984,33.792545318603516,31.097103118896484,136.01907348632812,84.67041015625
2024-04-24,42.34071350097656,78.75385284423828,44.79275131225586,39.73453903198242,118.41043853759766,97.65513610839844,71.51841735839844,33.92216110229492,31.284603118896484,135.5955352783203,85.48011779785156
2024-04-25,42.64267349243164,75.94818115234375,44.99764633178711,39.50262451171875,118.769287109375,97.4430923461914,71.34886169433594,33.72773361206055,31.368976593017578,134.69065856933594,85.5537109375
2024-04-26,42.90628433227539,78.0427017211914,44.583194732666016,39.444644927978516,118.96326446533203,98.54277801513672,71.19815826416016,33.75550842285156,31.02679443359375,134.72918701171875,86.32417297363281
2024-04-29,43.26575469970703,77.1366958618164,44.88587951660156,39.386661529541016,119.75855255126953,98.96688079833984,71.4242172241211,34.13509750366211,31.448667526245117,135.18157958984375,88.33125305175781
2024-04-30,42.479713439941406,75.85076141357422,43.549407958984375,39.000144958496094,117.85762786865234,96.78722381591797,71.11338806152344,33.50553512573242,31.284603118896484,135.0853271484375,86.18183898925781
2024-05-01,42.7001838684082,76.55217742919922,42.855560302734375,39.000144958496094,117.56665802001953,95.7960205078125,70.6612777709961,33.524051666259766,31.645551681518555,135.32598876953125,85.64205932617188
2024-05-02,42.479713439941406,77.32179260253906,43.10236740112305,39.096771240234375,118.24555206298828,97.17679595947266,71.25466918945312,34.00548553466797,31.814300537109375,135.22970581054688,86.72164916992188
2024-05-03,42.91107940673828,78.1401138305664,43.10702133178711,39.183738708496094,119.06993103027344,99.88410949707031,71.4713134765625,34.27397155761719,32.06741714477539,135.566650390625,87.30561828613281
2024-05-06,43.16989517211914,79.20198822021484,43.446964263916016,39.686222076416016,120.2725830078125,101.05775451660156,71.50897216796875,34.28322219848633,32.23149108886719,136.11532592773438,88.23800659179688
2024-05-07,43.682735443115234,79.28966522216797,43.40504837036133,39.82149887084961,120.60232543945312,100.72736358642578,72.29076385498047,34.6442985534668,32.59711456298828,137.24163818359375,87.60496520996094
2024-05-08,43.48143768310547,79.16302490234375,43.35382843017578,39.966453552246094,120.60232543945312,101.01336669921875,72.07412719726562,34.32025909423828,32.939300537109375,136.7699432373047,87.27618408203125
2024-05-09,43.965518951416016,79.56243133544922,43.935916900634766,40.26600646972656,121.8049545288086,100.9837875366211,72.69578552246094,35.13499069213867,33.44087219238281,137.9443359375,87.86996459960938
2024-05-10,44.018245697021484,79.6793441772461,43.69376754760742,40.42061996459961,121.8922348022461,101.35856628417969,73.11021423339844,35.005374908447266,33.408050537109375,138.22348022460938,87.39886474609375
2024-05-13,43.98948287963867,79.53321075439453,43.577354431152344,40.256343841552734,121.37820434570312,101.8369140625,72.90299224853516,35.09795379638672,33.408050537109375,138.08872985839844,87.2859878540039
2024-05-14,44.032623291015625,79.89366912841797,43.63322830200195,40.459266662597656,121.34912109375,102.73934173583984,72.76171112060547,35.347923278808594,33.49711990356445,138.67593383789062,87.6834716796875
2024-05-15,44.10931396484375,80.4002456665039,43.731021881103516,40.758827209472656,122.1444091796875,105.05213928222656,72.80880737304688,35.94970703125,33.99868392944336,140.73594665527344,87.81599426269531
2024-05-16,43.7929801940918,80.341796875,43.609947204589844,40.758827209472656,121.4170150756836,104.68721008300781,73.84490203857422,35.88490295410156,33.88149642944336,140.5723114013672,87.2467269897461
2024-05-17,44.16682815551758,80.47818756103516,44.219970703125,41.058380126953125,121.55279541015625,104.45545196533203,73.66593170166016,35.88490295410156,33.90962219238281,140.84181213378906,87.69329833984375
2024-05-20,44.229129791259766,80.71199035644531,43.93125915527344,40.4979248046875,121.78555297851562,105.683349609375,73.1573257446289,35.6627082824707,33.85337448120117,140.54344177246094,87.04061889648438
2024-05-21,44.229129791259766,80.60482025146484,43.7170524597168,40.758827209472656,121.38790893554688,105.85594177246094,73.59059143066406,35.63493347167969,34.15807342529297,140.78408813476562,87.60005950927734
2024-05-22,43.79776382446289,80.7022476196289,42.87885284423828,40.52690887451172,121.53338623046875,106.0926513671875,73.29859161376953,35.329410552978516,33.75493240356445,141.03439331054688,86.68730163574219
2024-05-23,43.40953826904297,79.78650665283203,42.48768615722656,39.966453552246094,120.0979995727539,105.22966766357422,72.43205261230469,34.57948684692383,33.18305587768555,139.49417114257812,85.28382873535156
2024-05-24,43.78818130493164,80.80940246582031,42.5482177734375,40.208030700683594,120.7090072631836,106.11730194091797,72.62043762207031,34.57948684692383,33.515872955322266,139.02249145507812,86.14259338378906
2024-05-28,43.62043380737305,80.94579315185547,42.98594665527344,39.763526916503906,119.23482513427734,106.5660629272461,72.0552978515625,34.37580871582031,33.48305892944336,137.337890625,85.93159484863281
2024-05-29,42.997344970703125,80.51715850830078,42.22690963745117,39.444644927978516,117.5472412109375,105.89044952392578,71.53723907470703,34.0517692565918,33.05180740356445,136.26937866210938,85.36724090576172
2024-05-30,43.34724044799805,80.25411987304688,42.347984313964844,39.6572380065918,118.35224914550781,103.47411346435547,71.72563171386719,34.542457580566406,33.49711990356445,136.3367462158203,85.87268829345703
2024-05-31,43.869659423828125,81.11140441894531,43.400390625,40.23701095581055,119.78764343261719,103.63685607910156,72.84647369384766,35.227569580078125,34.08775329589844,138.32937622070312,86.35360717773438
2024-06-03,43.61084747314453,81.43289947509766,42.26416015625,39.985774993896484,118.32313537597656,103.89820098876953,72.81822967529297,35.08869552612305,33.69868469238281,139.3016357421875,86.31433868408203
2024-06-04,43.12675476074219,81.74463653564453,41.859031677246094,39.80216979980469,118.03218841552734,104.11519622802734,73.44929504394531,35.421993255615234,33.68461990356445,139.7059783935547,86.40267944335938
2024-06-05,43.42391586303711,82.7383041381836,41.8543701171875,39.918128967285156,119.2251205444336,106.42798614501953,73.2891845703125,35.375701904296875,33.492427825927734,140.3412628173828,86.90812683105469
2024-06-06,43.47184371948242,82.78703308105469,42.073238372802734,39.898807525634766,118.51712799072266,106.07292175292969,73.5152359008789,35.431251525878906,33.14555358886719,140.80332946777344,87.54117584228516
2024-06-07,43.03569030761719,82.22199249267578,41.905601501464844,40.0824089050293,118.64320373535156,106.31950378417969,73.14789581298828,35.153499603271484,32.78461837768555,140.95736694335938,87.18294525146484
2024-06-10,42.9925537109375,82.42657470703125,42.22224807739258,39.927799224853516,119.01175689697266,106.59070587158203,73.09137725830078,35.329410552978516,33.20648956298828,141.47718811035156,87.46266174316406
2024-06-11,42.978179931640625,82.58244323730469,42.138423919677734,39.4736328125,118.33285522460938,108.57310485839844,73.05369567871094,35.21831130981445,33.00493621826172,140.8899688720703,87.23200988769531
2024-06-12,43.059654235839844,82.4070816040039,41.686729431152344,39.43498992919922,119.4578857421875,110.97464752197266,72.25309753417969,35.46828842163086,32.789302825927734,140.59156799316406,88.13986206054688
2024-06-13,43.04528045654297,81.69590759277344,41.304874420166016,39.40599060058594,118.69170379638672,111.85244750976562,72.34727478027344,35.64419174194336,32.86429977416992,140.47604370117188,88.20857238769531
2024-06-14,42.64746856689453,81.9589614868164,40.99753952026367,39.28038024902344,117.49876403808594,112.27159881591797,72.47913360595703,35.671966552734375,32.78461837768555,140.42791748046875,87.51173400878906
2024-06-17,42.96380615234375,82.3486328125,41.10464859008789,39.62823486328125,118.79837799072266,113.97291564941406,73.16671752929688,35.4868049621582,32.423675537109375,140.28350830078125,89.04771423339844
2024-06-18,42.91587829589844,81.86152648925781,41.27694320678711,39.87948226928711,119.43849182128906,114.11592864990234,73.26091766357422,35.625675201416016,32.437740325927734,140.46640014648438,88.74835968017578
2024-06-20,42.959007263183594,82.21224212646484,42.035980224609375,40.09206771850586,119.51608276367188,112.83377075195312,73.10079956054688,35.5330924987793,32.718990325927734,140.928466796875,88.8612289428711
2024-06-21,42.96380615234375,82.748046875,41.79383850097656,39.937461853027344,119.263916015625,112.63651275634766,73.1573257446289,35.625675201416016,32.526798248291016,141.32315063476562,89.61204528808594
2024-06-24,43.24070739746094,83.02546691894531,42.84765625,40.347835540771484,119.77095031738281,109.87507629394531,73.93739318847656,35.866024017333984,32.954444885253906,142.1475067138672,89.22944641113281
2024-06-25,42.691715240478516,83.95338439941406,42.94622802734375,40.04708480834961,118.74909210205078,111.89058685302734,73.46289825439453,35.36100387573242,32.642574310302734,141.7029571533203,88.8704605102539
2024-06-26,42.66281509399414,83.96315002441406,42.523765563964844,39.79484939575195,118.42794036865234,111.76215362548828,73.31105041503906,35.31423568725586,32.50553512573242,141.20045471191406,90.1589126586914
2024-06-27,42.542415618896484,84.44176483154297,42.62234878540039,39.74634552001953,118.55445861816406,111.81649017333984,72.99786376953125,35.63222122192383,32.5622444152832,140.96849060058594,90.70970916748047
2024-06-28,42.52796936035156,83.67013549804688,42.78664016723633,39.88216018676758,118.60311889648438,111.7572021484375,72.67523193359375,35.922142028808594,32.19839096069336,140.85252380371094,89.70154571533203
2024-07-01,41.87303161621094,83.31849670410156,42.81010818481445,39.96947479248047,117.32821655273438,112.6019515991211,72.1627426147461,35.576107025146484,31.976299285888672,140.06005859375,90.0064468383789
2024-07-02,41.9500846862793,84.06082916259766,42.77724075317383,40.43513870239258,117.97053527832031,113.16510009765625,72.66571807861328,35.725738525390625,32.141685485839844,139.5478515625,91.75721740722656
2024-07-03,42.26310348510742,84.09013366699219,42.96501159667969,40.30902099609375,118.39874267578125,114.69155883789062,72.54235076904297,35.68832778930664,32.335426330566406,138.48483276367188,92.3424301147461
2024-07-05,42.33052444458008,85.72134399414062,42.29375457763672,40.299320220947266,117.97053527832031,115.04229736328125,73.43441772460938,35.81925964355469,32.39213180541992,139.55755615234375,93.09487915039062
2024-07-08,42.45574188232422,84.94969940185547,42.03558349609375,40.19261169433594,118.11651611328125,115.82774353027344,73.32052612304688,35.90342712402344,32.42520523071289,139.4029083251953,93.13912963867188
2024-07-09,42.022315979003906,85.21341705322266,41.66474914550781,40.5030517578125,117.60071563720703,115.73388671875,73.13072967529297,35.91278839111328,32.51971435546875,140.0793914794922,93.4489517211914
2024-07-10,42.58576202392578,85.75064086914062,41.946388244628906,40.65827560424805,118.65176391601562,117.41348266601562,73.45340728759766,36.16530227661133,32.82686233520508,141.4033660888672,94.15220642089844
2024-07-11,43.16847229003906,84.5785140991211,42.382938385009766,40.97841262817383,120.16022491455078,114.47419738769531,73.1781997680664,37.12858200073242,33.426979064941406,142.3987579345703,92.95716094970703
2024-07-12,43.5826301574707,84.30502319335938,42.49090576171875,41.11423110961914,120.85118865966797,115.49677276611328,73.50084686279297,37.399803161621094,33.672698974609375,143.287841796875,94.17188262939453
2024-07-15,43.47186279296875,84.60782623291016,43.13399124145508,41.71571350097656,121.71733093261719,115.70425415039062,73.07379913330078,37.55879211425781,32.85520935058594,142.78533935546875,94.06369018554688
2024-07-16,44.31461715698242,84.83247375488281,43.32645797729492,42.19108581542969,124.75370788574219,115.3189468383789,73.77606201171875,37.91417694091797,33.110382080078125,144.8243865966797,95.75050354003906
2024-07-17,44.22311782836914,83.55291748046875,43.7583122253418,42.5112190246582,123.15766143798828,110.83343505859375,74.7250747680664,38.25086212158203,33.1292839050293,145.48155212402344,94.15220642089844
2024-07-18,43.78488540649414,83.50407409667969,43.83810806274414,41.99705505371094,122.19420623779297,110.84331512451172,74.35494995117188,37.93287658691406,33.10093688964844,142.17649841308594,93.19322967529297
2024-07-19,43.39480972290039,83.1329116821289,43.359310150146484,41.570194244384766,121.52269744873047,109.109375,74.10821533203125,37.88612365722656,33.138736724853516,142.90127563476562,92.36210632324219
2024-07-22,43.53928756713867,83.48452758789062,43.087059020996094,41.80302810668945,122.75865173339844,111.69298553466797,74.1556625366211,38.260215759277344,33.41752624511719,143.72271728515625,93.38009643554688
2024-07-23,43.712650299072266,83.36731719970703,42.4017219543457,41.880638122558594,122.52508544921875,111.24838256835938,73.88993835449219,38.19473648071289,33.20961380004883,143.63575744628906,92.96208953857422
2024-07-24,43.154022216796875,81.18912506103516,42.406410217285156,41.308265686035156,119.88773345947266,106.64433288574219,73.8235092163086,37.671016693115234,33.582908630371094,144.8340606689453,89.16060638427734
2024-07-25,43.27442169189453,80.2514419555664,43.13868713378906,41.46348571777344,120.85118865966797,105.50320434570312,73.73809814453125,37.46527099609375,33.30412292480469,144.10926818847656,88.81141662597656
2024-07-26,43.982337951660156,81.75565338134766,43.27482223510742,42.11347198486328,122.91436767578125,106.8419189453125,74.48782348632812,38.09186935424805,33.630165100097656,144.9210662841797,89.8048324584961
2024-07-29,44.05938720703125,82.47846221923828,42.90398025512695,42.055259704589844,122.70026397705078,106.36769104003906,74.51629638671875,38.33502960205078,33.781375885009766,145.00802612304688,91.30477905273438
2024-07-30,43.9149169921875,82.8105697631836,43.570552825927734,42.54032516479492,123.06033325195312,103.69515228271484,74.01331329345703,38.6156005859375,33.956214904785156,145.1336669921875,90.7982406616211
2024-07-31,44.372413635253906,83.79710388183594,43.75361633300781,42.43361282348633,124.43254852294922,108.08680725097656,73.88045501708984,38.522071838378906,34.395668029785156,144.6021270751953,92.2047348022461
2024-08-01,44.19422149658203,84.13896942138672,42.59417724609375,41.832130432128906,122.12606048583984,104.05577087402344,74.5637435913086,39.12062454223633,35.01469039916992,146.0807342529297,89.94252014160156
2024-08-02,43.36109924316406,82.77149200439453,41.495758056640625,40.803794860839844,119.44007110595703,101.13130187988281,75.21856689453125,39.148681640625,35.07139587402344,145.7908172607422,86.6328125
2024-08-05,42.393131256103516,80.39794158935547,40.580413818359375,39.62022399902344,117.36714935302734,97.76225280761719,73.73809814453125,38.01705551147461,34.14522933959961,141.89622497558594,84.18373107910156
2024-08-06,42.60984802246094,81.34541320800781,40.82920837402344,40.26051712036133,118.77828979492188,99.09109497070312,74.25057220458984,38.8587646484375,34.433475494384766,142.55340576171875,85.11320495605469
2024-08-07,42.031951904296875,80.91561889648438,40.993499755859375,40.30902099609375,118.2041015625,97.48560333251953,74.32649993896484,38.578189849853516,34.6272087097168,141.10379028320312,83.62801361083984
2024-08-08,42.68207550048828,82.52729797363281,41.875980377197266,40.95901870727539,120.9290542602539,101.12637329101562,75.00029754638672,38.905517578125,34.665008544921875,144.22525024414062,85.45254516601562
2024-08-09,42.648372650146484,83.23058319091797,41.96986389160156,41.133636474609375,120.94851684570312,101.58084869384766,75.11418151855469,39.10191345214844,34.78314971923828,144.9403839111328,85.73776245117188
2024-08-12,42.46055221557617,82.65428924560547,42.1764030456543,40.92021179199219,120.33540344238281,102.4107666015625,74.73456573486328,38.86811447143555,34.844573974609375,144.38954162597656,85.3984375
2024-08-13,42.88433837890625,83.7287368774414,41.76802062988281,41.2597541809082,121.60055541992188,105.55752563476562,75.07621002197266,39.13932418823242,35.047760009765625,146.1387176513672,87.53770446777344
2024-08-14,42.88433837890625,83.2501220703125,42.012115478515625,41.76422119140625,122.09687042236328,106.13550567626953,75.41786193847656,39.27961730957031,35.024139404296875,146.6605682373047,87.07051849365234
2024-08-15,43.56336212158203,84.00221252441406,42.51437759399414,42.15227508544922,123.74158477783203,109.18841552734375,76.19603729248047,39.167381286621094,35.019412994384766,147.5786590576172,89.84908294677734
2024-08-16,43.6163330078125,84.25618743896484,42.467437744140625,42.46271896362305,123.56639862060547,109.3711929321289,76.40482330322266,39.148681640625,35.17535400390625,147.73326110839844,90.06055450439453
2024-08-19,43.82341766357422,85.21341705322266,42.7537727355957,42.6955451965332,124.3157730102539,111.1742935180664,76.66106414794922,39.38248825073242,35.406890869140625,148.63204956054688,91.16708374023438
2024-08-20,43.66448974609375,85.15481567382812,41.627193450927734,42.55973434448242,123.97514343261719,110.7840347290039,77.04065704345703,39.41989517211914,35.33128356933594,149.23118591308594,91.08346557617188
2024-08-21,44.16532897949219,85.51622009277344,41.697608947753906,42.4918212890625,124.7245101928711,111.43611145019531,77.5626220703125,39.55082702636719,35.58172607421875,149.48245239257812,92.23424530029297
2024-08-22,44.07383346557617,84.87155151367188,41.805572509765625,42.73435592651367,124.56880187988281,108.87224578857422,77.44873046875,39.793983459472656,35.5391960144043,149.5791015625,90.64085388183594
2024-08-23,44.65653991699219,85.46737670898438,42.42988586425781,43.103004455566406,125.8144760131836,110.6358413696289,77.66700744628906,40.560874938964844,35.638427734375,150.22659301757812,92.39160919189453
2024-08-26,44.85398483276367,85.66273498535156,42.81010818481445,43.238826751708984,125.67823028564453,109.24771118164062,78.21742248535156,40.53281784057617,35.869972229003906,150.1492462158203,91.67362213134766
2024-08-27,44.858802795410156,85.46737670898438,42.411109924316406,43.461952209472656,125.75608825683594,109.90966033935547,78.4072494506836,40.63569641113281,35.58645248413086,150.38121032714844,91.4326400756836
2024-08-28,44.66617202758789,84.9008560180664,42.13885498046875,43.568668365478516,125.69769287109375,108.39307403564453,78.07508087158203,40.49540328979492,35.58645248413086,150.55516052246094,90.54742431640625
2024-08-29,44.911773681640625,84.72502136230469,42.68806076049805,43.95672607421875,126.58332061767578,107.41497039794922,77.68599700927734,40.336421966552734,35.78019332885742,150.87408447265625,90.65560150146484
2024-08-30,45.40298080444336,85.29155731201172,42.84765625,44.373878479003906,127.93602752685547,108.84262084960938,78.30284881591797,40.729209899902344,36.049537658691406,151.91778564453125,92.02278137207031
2024-09-03,44.372413635253906,83.7287368774414,41.782108306884766,44.04404067993164,125.10405731201172,103.8433609008789,78.853271484375,40.82273864746094,35.997554779052734,151.62786865234375,90.75889587402344
2024-09-04,44.18941116333008,83.32825469970703,41.20472717285156,44.09254455566406,125.23056030273438,103.57660675048828,79.223388671875,40.916255950927734,36.30470275878906,151.36695861816406,90.99494171142578
2024-09-05,43.84267807006836,83.57244110107422,40.885528564453125,43.60747528076172,123.7707748413086,103.41852569580078,78.91970825195312,40.80403518676758,36.21492385864258,149.2891845703125,92.02770233154297
2024-09-06,43.28886032104492,81.82402038574219,40.373878479003906,42.967185974121094,122.5153579711914,100.73612213134766,78.75835418701172,40.80403518676758,35.869972229003906,148.7769775390625,89.70154571533203
2024-09-09,43.70783615112305,82.17566680908203,40.6649055480957,43.60747528076172,124.39361572265625,102.38605499267578,79.36573028564453,41.29035186767578,36.233821868896484,149.8206787109375,91.00971221923828
2024-09-10,43.72710037231445,82.1561279296875,39.965484619140625,43.16122055053711,124.60771179199219,103.9174575805664,79.34676361083984,42.019832611083984,36.403934478759766,150.5068359375,92.05227661132812
2024-09-11,43.83304214477539,82.49800109863281,39.59464645385742,42.95748519897461,124.83155822753906,107.46436309814453,78.60652923583984,41.9076042175293,36.517337799072266,150.06227111816406,92.97191619873047
2024-09-12,44.23756790161133,84.04129028320312,39.9514045715332,43.054500579833984,125.79500579833984,108.35356140136719,79.09051513671875,41.982425689697266,36.5976676940918,150.60348510742188,94.01942443847656
2024-09-13,44.63727569580078,84.85202026367188,40.176719665527344,43.18061828613281,127.06993103027344,108.8969497680664,79.65043640136719,42.28168869018555,37.112735748291016,150.91273498535156,94.65873718261719
2024-09-16,45.05143356323242,85.7408676147461,40.63674545288086,43.743289947509766,127.72193908691406,108.48200988769531,79.963623046875,42.42198181152344,37.39625549316406,151.95645141601562,94.49644470214844
2024-09-17,45.138118743896484,85.7408676147461,41.185951232910156,43.97613525390625,128.42263793945312,108.26958465576172,79.20441436767578,42.08530044555664,37.36790466308594,150.39083862304688,94.97840118408203
2024-09-18,44.94548797607422,85.67249298095703,41.265750885009766,43.840301513671875,128.3155975341797,107.28158569335938,78.90071868896484,41.96371841430664,37.084381103515625,150.13961791992188,94.7915267944336
2024-09-19,45.62450408935547,86.83485412597656,41.75862503051758,44.32537078857422,130.5247344970703,110.46786499023438,78.43571472167969,41.86083984375,36.86701202392578,150.6807861328125,96.95046997070312
2024-09-20,45.301849365234375,86.83485412597656,41.66474914550781,44.2962646484375,129.6099090576172,109.92941284179688,78.81531524658203,41.78602600097656,37.84043502807617,150.06227111816406,96.72916412353516
2024-09-23,45.69754409790039,87.02982330322266,42.17921447753906,44.242713928222656,130.4798583984375,109.90912628173828,79.27229309082031,42.24844741821289,38.21579360961914,149.76837158203125,97.90450286865234
2024-09-24,46.32154846191406,87.44129943847656,42.07508850097656,43.87273406982422,131.4171600341797,110.6613540649414,79.08149719238281,42.24844741821289,37.94462203979492,149.46766662597656,98.761962890625
2024-09-25,46.011962890625,87.1669921875,41.25157165527344,43.6098518371582,130.80206298828125,110.97808837890625,78.88113403320312,42.06950378417969,38.14442825317383,148.0126953125,98.40715026855469
2024-09-26,46.96490478515625,87.6568603515625,40.4422492980957,43.83378219604492,131.4562225341797,112.4478759765625,79.06241607666016,41.655120849609375,37.88277816772461,148.50738525390625,98.8260269165039
2024-09-27,46.88266372680664,88.1859130859375,41.26576614379883,43.96036148071289,131.6417236328125,111.39872741699219,79.20552825927734,41.71162414550781,38.25860595703125,148.42979431152344,98.97386932373047
2024-09-30,46.62145233154297,88.56800842285156,41.554473876953125,44.12588119506836,132.23728942871094,111.72534942626953,79.18643188476562,42.06950378417969,38.42987060546875,149.39981079101562,98.74224090576172
2024-10-01,46.5053596496582,88.63660430908203,42.50104904174805,43.892208099365234,132.30564880371094,109.00347900390625,78.9193115234375,41.81522750854492,38.73910140991211,148.6140899658203,98.34308624267578
2024-10-02,46.326385498046875,88.36226654052734,42.936466217041016,43.940887451171875,132.06153869628906,109.81015014648438,78.25147247314453,41.66453552246094,38.75813293457031,148.31338500976562,97.51024627685547
2024-10-03,45.81363296508789,88.05854797363281,43.693721771240234,43.707210540771484,131.38787841796875,110.26544952392578,77.4691390991211,41.25956726074219,38.743858337402344,146.97479248046875,96.38174438476562
2024-10-04,46.03614807128906,89.03827667236328,44.10074996948242,44.44718551635742,132.30564880371094,111.49275970458984,77.72673797607422,40.9864501953125,38.682010650634766,147.09117126464844,97.65808868408203
2024-10-07,45.90070343017578,87.843017578125,44.25693130493164,43.901939392089844,131.9834442138672,110.7256851196289,76.9539566040039,40.685081481933594,37.79238510131836,146.44126892089844,96.14026641845703
2024-10-08,45.687862396240234,88.61699676513672,43.10211944580078,44.155086517333984,132.2763671875,112.7943115234375,77.33556365966797,40.80751037597656,37.81142044067383,147.23666381835938,97.07658386230469
2024-10-09,45.97809982299805,88.6463851928711,43.362422943115234,44.564022064208984,133.45773315429688,114.0562744140625,77.80306243896484,40.82634735107422,37.48792266845703,148.74017333984375,97.77143096923828
2024-10-10,46.08451843261719,87.9899673461914,43.65585708618164,44.427711486816406,132.7742919921875,114.02658081054688,77.45960235595703,40.4873046875,37.37373733520508,148.18728637695312,97.28849029541016
2024-10-11,46.384429931640625,88.597412109375,43.925636291503906,45.28451919555664,135.14682006835938,114.22452545166016,77.88892364501953,40.90168762207031,37.701995849609375,149.27366638183594,96.8745346069336
2024-10-14,46.65047836303711,89.0088882446289,43.90670394897461,45.56688690185547,135.9572296142578,115.71414184570312,78.20376586914062,41.18421936035156,38.177730560302734,150.09817504882812,97.29834747314453
2024-10-15,46.60210418701172,89.20484161376953,42.491580963134766,45.664249420166016,134.9125213623047,113.17041778564453,78.69986724853516,41.70220184326172,38.3489990234375,148.26486206054688,97.51024627685547
2024-10-16,46.96490478515625,89.14604949951172,42.695091247558594,46.228965759277344,135.9572296142578,113.52178192138672,78.64262390136719,42.11659240722656,39.110172271728516,148.68197631835938,98.02276611328125
2024-10-17,47.03745651245117,88.72476959228516,42.89860534667969,46.35554122924805,135.56666564941406,113.86820220947266,78.28962707519531,41.843475341796875,38.76288986206055,147.8186798095703,97.93405151367188
2024-10-18,47.22610855102539,89.38119506835938,42.756614685058594,46.36527633666992,135.9767303466797,114.27401733398438,78.46136474609375,42.13542556762695,38.98647689819336,148.53646850585938,98.31844329833984
2024-10-21,46.86331558227539,89.02849578857422,42.62882614135742,45.995296478271484,135.49832153320312,114.8084945678711,77.80306243896484,41.268985748291016,38.83424377441406,146.79046630859375,97.55460357666016
2024-10-22,46.43280029296875,89.15585327148438,42.72822189331055,45.90766525268555,133.85804748535156,114.68971252441406,78.24192810058594,41.33491516113281,38.6962776184082,146.57708740234375,97.16036224365234
2024-10-23,46.30703353881836,88.4798355102539,42.505775451660156,45.868717193603516,133.46751403808594,113.04669189453125,78.08927917480469,41.739871978759766,39.06735610961914,145.8883819580078,95.63268280029297
2024-10-24,45.74107360839844,88.78355407714844,42.50104904174805,45.90766525268555,132.54974365234375,113.3782730102539,77.98432922363281,41.83405685424805,38.815216064453125,144.92807006835938,98.64862060546875
2024-10-25,45.450836181640625,89.0088882446289,42.486846923828125,45.4013671875,132.19825744628906,113.9671859741211,77.33556365966797,41.50442886352539,38.23957443237305,144.1326446533203,98.95909118652344
2024-10-28,45.82814407348633,89.57714080810547,42.217071533203125,45.96608352661133,132.5887908935547,113.93254852294922,77.47869110107422,41.63628005981445,38.53928756713867,144.34608459472656,99.1906967163086
2024-10-29,45.53307342529297,90.41972351074219,41.57340621948242,45.683719635009766,132.4130401611328,115.46669006347656,76.71543884277344,41.25956726074219,37.716270446777344,143.9483642578125,98.67325592041016
2024-10-30,45.77977752685547,90.96835327148438,41.66806411743164,45.888187408447266,132.1884765625,113.63067626953125,76.5914077758789,41.410255432128906,37.625877380371094,143.6767578125,98.53527069091797
2024-10-31,45.175113677978516,90.1747817993164,41.928367614746094,45.255313873291016,130.66537475585938,109.98336029052734,76.43876647949219,40.685081481933594,38.0159797668457,142.46424865722656,97.02730560302734
2024-11-01,45.04935073852539,90.52748107910156,41.663326263427734,45.41109848022461,130.8411102294922,110.809814453125,76.46739196777344,40.25186538696289,37.169166564941406,143.3081817626953,98.60426330566406
2024-11-04,45.247676849365234,90.2237548828125,42.39219284057617,45.060577392578125,130.6946563720703,110.7256851196289,76.67727661132812,40.70391845703125,36.72673797607422,142.3672637939453,98.26422882080078
2024-11-05,45.31539535522461,91.22309112548828,42.67616271972656,45.479251861572266,132.88169860839844,112.28457641601562,77.16384887695312,41.25956726074219,37.27859115600586,143.4148712158203,100.0038070678711
2024-11-06,45.93940353393555,93.46668243408203,44.28059387207031,48.244422912597656,138.08566284179688,115.48153686523438,75.90450286865234,40.157676696777344,36.893245697021484,143.59915161132812,103.20208740234375
2024-11-07,46.118377685546875,94.69135284423828,44.077083587646484,47.46550369262695,137.25575256347656,117.49571228027344,76.18115997314453,40.656822204589844,36.95985794067383,144.63705444335938,104.52771759033203
2024-11-08,45.69754409790039,94.23088073730469,44.370521545410156,47.89391326904297,138.73004150390625,117.36705017089844,77.10660552978516,41.3537483215332,37.6686897277832,145.6749725341797,106.01103973388672
2024-11-11,45.499210357666016,94.75993347167969,44.62136459350586,48.575462341308594,139.80404663085938,116.71875762939453,76.83946990966797,40.99586486816406,37.77335739135742,144.8213653564453,108.14981079101562
2024-11-12,44.725250244140625,95.19102478027344,44.38471984863281,48.42942428588867,138.6031494140625,116.86720275878906,76.92532348632812,40.477882385253906,37.34043884277344,142.80374145507812,106.70587921142578
2024-11-13,44.83167266845703,95.23020935058594,44.730224609375,48.45862579345703,138.89601135253906,116.46141815185547,77.15431213378906,40.798095703125,37.273834228515625,142.4254608154297,107.6175765991211
2024-11-14,44.46403884887695,95.12242889404297,44.900604248046875,48.332054138183594,136.55279541015625,116.06550598144531,76.96348571777344,40.4307975769043,37.145389556884766,140.1847686767578,106.08988952636719
2024-11-15,44.154457092285156,93.22175598144531,44.834346771240234,48.555992126464844,135.82054138183594,113.18526458740234,76.28611755371094,40.477882385253906,37.701995849609375,137.5851287841797,105.18314361572266
2024-11-18,44.497901916503906,94.1427001953125,45.43067932128906,48.70204162597656,135.63502502441406,113.55148315429688,76.82038116455078,40.83576583862305,38.03025436401367,137.68215942382812,106.15396118164062
2024-11-19,44.352783203125,94.75993347167969,45.14197540283203,48.3807373046875,135.51785278320312,114.48186492919922,76.92532348632812,41.00528335571289,38.27287292480469,136.9740447998047,106.2328109741211
2024-11-20,44.715576171875,95.36735534667969,45.59632873535156,48.23468780517578,135.664306640625,114.38288116455078,76.53416442871094,40.939361572265625,38.29190444946289,138.5939483642578,105.7646484375
2024-11-21,45.26218795776367,95.12242889404297,45.96548843383789,48.848087310791016,137.36317443847656,115.54586029052734,77.36419677734375,41.21247482299805,38.95793914794922,139.70945739746094,105.95191192626953
2024-11-22,45.51372146606445,94.91667938232422,46.03648376464844,49.393333435058594,139.2768096923828,115.60527038574219,78.07972717285156,41.52326965332031,38.74861145019531,139.83555603027344,107.4795913696289
2024-11-25,45.98293685913086,95.40655517578125,45.12778091430664,49.71463394165039,140.14576721191406,115.60031127929688,78.50906372070312,42.078922271728516,38.819969177246094,141.02865600585938,108.57852935791016
2024-11-26,45.639495849609375,95.75926971435547,45.06624984741211,49.81200408935547,140.31175231933594,116.1793212890625,78.83344268798828,42.286109924316406,39.43843078613281,141.7852783203125,108.97277069091797
2024-11-27,45.61531066894531,95.88662719726562,45.01892852783203,49.909366607666016,139.7942657470703,114.60559844970703,78.99563598632812,42.578060150146484,39.43843078613281,142.54185485839844,108.43561553955078
2024-11-29,45.847496032714844,96.4058837890625,45.21296691894531,49.98726272583008,140.5851287841797,115.66959381103516,79.39633178710938,42.38029479980469,39.452701568603516,142.98806762695312,109.54934692382812
2024-12-02,45.8184700012207,97.19947814941406,44.73495101928711,49.490699768066406,139.5502166748047,116.76824951171875,79.30091857910156,41.739871978759766,38.60589599609375,142.73587036132812,110.50538635253906
2024-12-03,45.6733512878418,97.98326110839844,44.730224609375,49.12070846557617,138.67147827148438,117.18889617919922,78.89068603515625,41.49501419067383,38.27287292480469,142.415771484375,110.42159271240234
2024-12-04,45.22832489013672,98.20861053466797,43.651126861572266,48.93571472167969,139.2768096923828,119.33174896240234,78.67124938964844,41.381996154785156,38.268123626708984,142.33816528320312,111.4466323852539
2024-12-05,44.63334274291992,97.98326110839844,43.821510314941406,49.08176803588867,137.58770751953125,118.72798919677734,78.98609924316406,41.278404235839844,38.38705825805664,140.7473602294922,112.3582992553711
2024-12-06,44.45920181274414,98.88461303710938,43.07844924926758,49.0720329284668,137.23623657226562,119.18821716308594,78.59491729736328,41.22189712524414,37.911319732666016,139.95196533203125,114.72373962402344
2024-12-09,44.449527740478516,96.77819061279297,43.00746154785156,48.40020751953125,136.0450897216797,118.41127014160156,78.47090148925781,41.3066520690918,37.435585021972656,140.35935974121094,114.35906982421875
2024-12-10,43.99483108520508,98.29678344726562,42.714019775390625,48.390472412109375,135.71311950683594,116.76824951171875,78.84297180175781,40.63799285888672,37.16442108154297,139.77737426757812,114.54633331298828
2024-12-11,43.84003448486328,99.90354919433594,42.78501892089844,48.48783874511719,135.4006805419922,118.46074676513672,78.24192810058594,40.53439712524414,36.93130111694336,137.8761749267578,116.55696105957031
2024-12-12,43.53528594970703,100.0896987915039,42.43951416015625,48.27363967895508,134.53172302246094,117.797607421875,78.47090148925781,40.50613784790039,36.91227340698242,136.78004455566406,115.59105682373047
2024-12-13,43.162818908691406,98.89441680908203,42.226539611816406,48.23468780517578,134.1802215576172,118.3023910522461,78.27053833007812,40.33662033081055,36.936065673828125,136.76063537597656,116.04936981201172
2024-12-16,42.78068542480469,99.2765121459961,41.29890060424805,48.147056579589844,134.29742431640625,119.48515319824219,77.86029815673828,40.12942886352539,36.64110565185547,135.13104248046875,117.62139129638672
2024-12-17,42.54364776611328,98.53190612792969,40.99126434326172,47.8062744140625,133.06719970703125,118.76262664794922,77.72673797607422,39.95048904418945,36.488868713378906,135.0340576171875,117.99099731445312
2024-12-18,41.33433151245117,95.72007751464844,39.77965545654297,46.37501525878906,129.3082733154297,114.93221282958984,76.54371643066406,38.38711929321289,35.62779235839844,133.20074462890625,112.6736831665039
2024-12-19,40.88930892944336,95.45555114746094,39.43415451049805,46.54053497314453,129.14227294921875,115.05593872070312,75.9999008178711,37.727882385253906,35.78954315185547,132.1919403076172,112.52092742919922
2024-12-20,41.397220611572266,95.97480010986328,39.822242736816406,47.23182678222656,130.6556396484375,116.77318572998047,76.26703643798828,38.41537857055664,36.36042022705078,133.8603515625,112.80675506591797
2024-12-23,41.36512756347656,96.49934387207031,40.05610275268555,47.345245361328125,130.62615966796875,118.01044464111328,75.8652114868164,38.59053039550781,36.48418045043945,135.19720458984375,113.1489028930664
2024-12-24,41.588802337646484,97.4128646850586,40.394954681396484,47.9025993347168,131.6466827392578,119.22984313964844,76.36507415771484,38.8475456237793,36.68564224243164,135.7526092529297,115.76570129394531
2024-12-26,41.52559280395508,97.2851791381836,40.36154556274414,48.01993179321289,131.74481201171875,119.30916595458984,76.60541534423828,38.904659271240234,36.59930419921875,136.02545166015625,115.33615112304688
2024-12-27,41.301918029785156,96.42076873779297,40.356773376464844,47.66792678833008,130.76356506347656,117.72294616699219,76.23050689697266,38.59053039550781,36.4937744140625,135.39208984375,113.43032836914062
2024-12-30,40.74759292602539,95.40901947021484,40.35200881958008,47.20835876464844,129.4486541748047,116.22593688964844,75.33650207519531,38.409664154052734,36.34027862548828,133.7258758544922,111.60845947265625
2024-12-31,40.91291809082031,95.09468078613281,40.88175964355469,47.25724792480469,129.29164123535156,115.25933074951172,75.56721496582031,38.71427536010742,36.306705474853516,134.04742431640625,110.76911163330078
