Date,GLD,SPY,TLT,VEA,VNQ,VWO
2015-01-02,114.08000183105469,169.68788146972656,92.65928649902344,26.784610748291016,52.09075164794922,28.610429763793945
2015-01-05,115.80000305175781,166.6233673095703,94.11482238769531,26.187652587890625,52.3758544921875,28.15481185913086
2015-01-06,117.12000274658203,165.05393981933594,95.81050109863281,25.896286010742188,52.89537048339844,28.017398834228516
2015-01-07,116.43000030517578,167.11068725585938,95.62127685546875,26.17344856262207,53.7062873840332,28.661060333251953
2015-01-08,115.94000244140625,170.07603454589844,94.35496520996094,26.571409225463867,53.90902328491211,29.14560317993164
2015-01-09,117.26000213623047,168.7130889892578,95.38843536376953,26.44348907470703,53.93436813354492,29.000978469848633
2015-01-12,118.55999755859375,167.39151000976562,95.93421173095703,26.41506004333496,54.346187591552734,28.740617752075195
2015-01-13,118.16000366210938,166.9207305908203,95.93421173095703,26.542987823486328,54.26382064819336,28.943111419677734
2015-01-14,117.97000122070312,165.9129638671875,96.66197967529297,26.4719181060791,54.732643127441406,28.834632873535156
2015-01-15,120.94000244140625,164.39308166503906,98.1830825805664,26.621158599853516,54.85934829711914,28.921424865722656
2015-01-16,122.5199966430664,166.54901123046875,96.93123626708984,26.912525177001953,55.334537506103516,29.210695266723633
2015-01-20,124.19999694824219,166.9041748046875,98.2193832397461,27.03334617614746,54.89738464355469,29.10944938659668
2015-01-21,124.2300033569336,167.74673461914062,97.08409118652344,27.232324600219727,54.85934829711914,29.760343551635742
2015-01-22,125.2300033569336,170.24127197265625,96.73480987548828,27.331817626953125,55.83504867553711,30.38954734802246
2015-01-23,124.2300033569336,169.30789184570312,98.08120727539062,27.168371200561523,55.6766471862793,30.129188537597656
2015-01-26,122.98999786376953,169.70436096191406,97.78275299072266,27.530803680419922,56.14548873901367,30.165346145629883
2015-01-27,124.4000015258789,167.46591186523438,97.93560028076172,27.5521183013916,56.16448974609375,30.006240844726562
2015-01-28,123.41999816894531,165.31826782226562,99.53668212890625,27.18968963623047,55.79069900512695,29.651859283447266
2015-01-29,120.76000213623047,166.84637451171875,98.88164520263672,27.559219360351562,55.987083435058594,29.6807861328125
2015-01-30,123.44999694824219,164.748291015625,100.63555145263672,27.11151695251465,54.834041595458984,28.885255813598633
2015-02-02,122.41999816894531,166.78855895996094,100.25566101074219,27.466846466064453,54.688297271728516,29.398738861083984
2015-02-03,121.05000305175781,169.20053100585938,98.13359069824219,27.857698440551758,55.16348648071289,29.91945457458496
2015-02-04,121.58000183105469,168.55616760253906,98.30133819580078,27.65871810913086,54.93540573120117,29.716951370239258
2015-02-05,121.79000091552734,170.25782775878906,97.22209930419922,27.950088500976562,55.594295501708984,29.9411563873291
2015-02-06,118.63999938964844,169.7869873046875,95.50102233886719,27.616077423095703,53.97872543334961,29.449356079101562
2015-02-09,119.16999816894531,169.0270233154297,95.34794616699219,27.488157272338867,53.59859085083008,29.413192749023438
2015-02-10,118.47000122070312,170.8277587890625,94.58951568603516,27.722675323486328,53.7696647644043,29.362581253051758
2015-02-11,117.06999969482422,170.9268341064453,94.76453399658203,27.57343292236328,53.61127853393555,29.232389450073242
2015-02-12,117.33999633789062,172.57064819335938,94.45093536376953,27.99983787536621,54.251155853271484,29.9122257232666
2015-02-13,117.9800033569336,173.28099060058594,93.48104858398438,28.19881248474121,53.8900260925293,30.215967178344727
2015-02-17,116.01000213623047,173.55352783203125,92.07362365722656,28.26276397705078,53.756988525390625,30.12196159362793
2015-02-18,116.33999633789062,173.5701446533203,92.62053680419922,28.454660415649414,54.25749206542969,30.15087890625
2015-02-19,115.94000244140625,173.4462127685547,92.00801849365234,28.468860626220703,53.09176254272461,30.056865692138672
2015-02-20,115.27999877929688,174.48699951171875,92.27780151367188,28.753143310546875,53.60493850708008,30.20875358581543
2015-02-23,115.43000030517578,174.4622344970703,93.33521270751953,28.63942527770996,54.03575897216797,29.91945457458496
2015-02-24,115.26000213623047,174.9578094482422,94.56031036376953,28.809972763061523,52.97137451171875,30.331697463989258
2015-02-25,115.69999694824219,174.8091278076172,94.96868133544922,28.838407516479492,52.98405456542969,30.23043441772461
2015-02-26,116.06999969482422,174.60263061523438,93.6706314086914,28.760234832763672,52.407527923583984,30.20875358581543
2015-02-27,116.16000366210938,174.00790405273438,94.4582748413086,28.78155517578125,52.81932830810547,30.23043441772461
2015-03-02,115.68000030517578,175.10653686523438,92.69878387451172,28.82418441772461,53.1234130859375,30.187047958374023
2015-03-03,115.47000122070312,174.38784790039062,92.3626937866211,28.660730361938477,53.02206802368164,29.9122257232666
2015-03-04,115.11000061035156,173.6526641845703,92.39191436767578,28.532821655273438,52.51521682739258,29.56507110595703
2015-03-05,115.0,173.84266662597656,92.27501678466797,28.625207901000977,52.667274475097656,29.50721549987793
2015-03-06,111.86000061035156,171.39767456054688,90.23649597167969,28.24144744873047,50.918670654296875,29.029891967773438
2015-03-09,111.97000122070312,172.10806274414062,91.06945037841797,28.255653381347656,51.32413864135742,28.914186477661133
2015-03-10,111.41999816894531,169.31614685058594,92.2677001953125,27.665817260742188,51.2861213684082,28.313913345336914
2015-03-11,110.75,168.9196319580078,92.93989562988281,27.736886978149414,51.330474853515625,28.538103103637695
2015-03-12,110.72000122070312,171.0672607421875,92.87416076660156,28.078004837036133,52.22377014160156,28.697223663330078
2015-03-13,110.87999725341797,170.0182647705078,92.58915710449219,27.90744400024414,52.192100524902344,28.350078582763672
2015-03-16,110.80999755859375,172.28976440429688,93.4805908203125,28.22012710571289,52.73063278198242,28.682754516601562
2015-03-17,110.20999908447266,171.7776336669922,94.25511169433594,28.191701889038086,52.711647033691406,28.86355972290039
2015-03-18,112.37000274658203,173.84266662597656,96.074462890625,28.774442672729492,53.81400680541992,29.60847282409668
2015-03-19,112.29000091552734,173.04971313476562,95.58490753173828,28.426218032836914,53.788665771484375,29.087753295898438
2015-03-20,113.56999969482422,174.57720947265625,96.08903503417969,29.037378311157227,55.13813400268555,29.449356079101562
2015-03-23,114.29000091552734,174.23699951171875,95.97216033935547,29.17240333557129,55.06842803955078,29.536148071289062
2015-03-24,114.56999969482422,173.2579803466797,96.90010070800781,29.143980026245117,54.59960174560547,29.651859283447266
2015-03-25,114.7300033569336,170.71910095214844,96.0817642211914,28.98766326904297,53.65761184692383,29.138208389282227
2015-03-26,115.4800033569336,170.31251525878906,94.58390045166016,28.752111434936523,53.37718200683594,28.97159194946289
2015-03-27,115.05999755859375,170.70249938964844,95.76025390625,28.816356658935547,53.447296142578125,29.03679084777832
2015-03-30,113.75,172.78501892089844,95.28533935546875,28.83775520324707,54.21210479736328,29.630863189697266
2015-03-31,113.66000366210938,171.2749786376953,95.48993682861328,28.430885314941406,53.73411178588867,29.60910987854004
2015-04-01,115.5999984741211,170.6693115234375,96.74417114257812,28.630752563476562,53.65761184692383,30.007583618164062
2015-04-02,115.27999877929688,171.28330993652344,95.71910858154297,28.844900131225586,54.065528869628906,30.471254348754883
2015-04-06,116.69000244140625,172.4365997314453,95.18461608886719,29.123279571533203,54.626380920410156,30.840723037719727
2015-04-07,116.11000061035156,171.98023986816406,95.9826889038086,29.123279571533203,53.663997650146484,30.76827621459961
2015-04-08,115.47000122070312,172.56101989746094,96.0119857788086,29.258901596069336,53.746849060058594,31.39131736755371
2015-04-09,114.66999816894531,173.32432556152344,94.76727294921875,29.30173683166504,52.631492614746094,31.797014236450195
2015-04-10,115.97000122070312,174.2701873779297,94.90640258789062,29.358840942382812,52.593257904052734,31.731821060180664
2015-04-13,115.13999938964844,173.48202514648438,95.03816986083984,29.201799392700195,52.45304870605469,31.62314796447754
2015-04-14,114.44000244140625,173.8138427734375,95.7117919921875,29.423072814941406,52.637882232666016,31.710084915161133
2015-04-15,115.43000030517578,174.5937957763672,95.63126373291016,29.5587100982666,52.24274826049805,31.89844512939453
2015-04-16,115.02999877929688,174.54400634765625,95.15530395507812,29.63007926940918,52.37657165527344,32.1882438659668
2015-04-17,115.5999984741211,172.53611755371094,96.24627685546875,29.27317237854004,52.13439178466797,31.52896499633789
2015-04-20,114.72000122070312,174.112548828125,95.39691925048828,29.32314682006836,52.21087646484375,31.427541732788086
2015-04-21,115.37999725341797,173.9051055908203,94.96495819091797,29.572996139526367,52.300086975097656,31.673860549926758
2015-04-22,113.83000183105469,174.7597198486328,93.51516723632812,29.637222290039062,52.408443450927734,32.04334259033203
2015-04-23,114.66000366210938,175.1995086669922,93.91790008544922,29.76570701599121,52.548641204833984,32.20272445678711
2015-04-24,113.05000305175781,175.60606384277344,94.50373077392578,29.92988395690918,52.65699005126953,32.36210250854492
2015-04-27,115.33000183105469,174.8759307861328,94.50373077392578,30.044092178344727,52.58689498901367,32.49976348876953
2015-04-28,116.33000183105469,175.43174743652344,93.20038604736328,30.09406280517578,52.484920501708984,32.57944869995117
2015-04-29,115.51000213623047,174.7099609375,92.05812072753906,29.829944610595703,51.42693328857422,32.231712341308594
2015-04-30,113.47000122070312,172.95928955078125,92.21922302246094,29.530174255371094,50.5920295715332,31.80427360534668
2015-05-01,113.08000183105469,174.8343963623047,90.97783660888672,29.779983520507812,50.97442626953125,31.99262809753418
2015-05-04,114.0999984741211,175.33224487304688,90.1194076538086,29.808534622192383,51.025413513183594,32.15201950073242
2015-05-05,114.41999816894531,173.32432556152344,89.99466705322266,29.358840942382812,49.91643142700195,31.818754196166992
2015-05-06,114.36000061035156,172.61082458496094,88.45390319824219,29.423072814941406,49.820831298828125,31.398563385009766
2015-05-07,113.41999816894531,173.2994842529297,89.64251708984375,29.32314682006836,50.58564376831055,31.355091094970703
2015-05-08,113.97000122070312,175.5811309814453,89.88461303710938,29.958433151245117,51.29308319091797,31.833248138427734
2015-05-11,113.52999877929688,174.7431182861328,87.69824981689453,29.694316864013672,50.52191925048828,31.52896499633789
2015-05-12,114.5,174.2204132080078,87.9256362915039,29.694316864013672,50.674896240234375,31.442020416259766
2015-05-13,116.55000305175781,174.2536163330078,87.2212905883789,29.908472061157227,50.19050216674805,31.52171516418457
2015-05-14,117.18000030517578,176.07066345214844,87.45610046386719,30.26536750793457,51.15924835205078,31.818754196166992
2015-05-15,117.52999877929688,176.2615509033203,89.20965576171875,30.301057815551758,51.6818733215332,32.144771575927734
2015-05-18,117.5199966430664,176.8091278076172,87.712890625,30.201141357421875,51.548038482666016,31.833248138427734
2015-05-19,115.88999938964844,176.75103759765625,86.93515014648438,30.086925506591797,51.369564056396484,31.90568733215332
2015-05-20,116.08000183105469,176.6265411376953,87.0819091796875,30.144020080566406,51.324954986572266,31.86222267150879
2015-05-21,115.69000244140625,177.14096069335938,88.29985046386719,30.308195114135742,51.0827751159668,31.768051147460938
2015-05-22,115.5999984741211,176.7178497314453,88.3365478515625,30.122604370117188,51.019039154052734,31.84773063659668
2015-05-26,113.91000366210938,174.81776428222656,89.84795379638672,29.61581039428711,50.63026809692383,31.376829147338867
2015-05-27,113.88999938964844,176.4772186279297,90.0533447265625,29.865638732910156,51.12738037109375,31.456506729125977
2015-05-28,114.0199966430664,176.27806091308594,89.833251953125,29.801401138305664,51.025413513183594,31.014606475830078
2015-05-29,114.0999984741211,175.18287658691406,90.03136444091797,29.5158748626709,50.43906021118164,30.67409896850586
2015-06-01,114.0,175.53968811035156,89.0636978149414,29.444499969482422,51.05727767944336,30.652353286743164
2015-06-02,114.45999908447266,175.36541748046875,87.82119750976562,29.544422149658203,50.58564376831055,30.76102638244629
2015-06-03,113.63999938964844,175.830078125,86.40938568115234,29.71573257446289,49.85906982421875,30.608888626098633
2015-06-04,112.83999633789062,174.34490966796875,87.53439331054688,29.373117446899414,49.76349639892578,30.159709930419922
2015-06-05,112.23999786376953,174.04620361328125,86.46817016601562,29.051897048950195,49.2089958190918,30.014827728271484
2015-06-08,112.56999969482422,172.9758758544922,86.37266540527344,29.023345947265625,49.11977005004883,30.000341415405273
2015-06-09,112.81999969482422,172.9510040283203,85.68881225585938,28.859180450439453,48.76285934448242,29.782987594604492
2015-06-10,113.77999877929688,175.02520751953125,84.93883514404297,29.458776473999023,49.107017517089844,30.21767234802246
2015-06-11,113.26000213623047,175.5894317626953,86.72552490234375,29.544422149658203,49.406558990478516,30.094514846801758
2015-06-12,113.2300033569336,174.24534606933594,86.72552490234375,29.30887794494629,49.36195755004883,30.101760864257812
2015-06-15,113.7300033569336,173.4986114501953,86.86528015136719,29.123279571533203,49.094261169433594,29.797494888305664
2015-06-16,113.31999969482422,174.44442749023438,87.5490493774414,29.11614227294922,49.48942184448242,29.862688064575195
2015-06-17,113.8499984741211,174.7265167236328,86.87259674072266,29.03762435913086,49.910037994384766,30.051048278808594
2015-06-18,115.31999969482422,176.54359436035156,86.44615936279297,29.316011428833008,50.59839630126953,30.319095611572266
2015-06-19,115.12000274658203,175.75985717773438,87.55643463134766,29.251766204833984,50.20960998535156,30.04380226135254
2015-06-22,113.63999938964844,176.66033935546875,85.76972198486328,29.75856590270996,49.6933479309082,30.435007095336914
2015-06-23,112.88999938964844,176.78533935546875,85.25503540039062,29.865638732910156,49.27910614013672,30.710315704345703
2015-06-24,112.58999633789062,175.50140380859375,85.99031066894531,29.622957229614258,49.01142501831055,30.55093765258789
2015-06-25,112.44000244140625,174.96780395507812,85.68881225585938,29.61581039428711,48.514286041259766,30.442264556884766
2015-06-26,112.55999755859375,174.9345245361328,84.72564697265625,29.589069366455078,48.86322784423828,30.161481857299805
2015-06-29,113.06999969482422,171.2660675048828,86.96818542480469,28.700092315673828,48.10356140136719,29.496103286743164
2015-06-30,112.37000274658203,171.62457275390625,86.36530303955078,28.65673828125,48.08424377441406,29.890945434570312
2015-07-01,111.9800033569336,173.0001983642578,85.19949340820312,28.844633102416992,48.87609100341797,29.890945434570312
2015-07-02,111.76000213623047,172.84181213378906,85.47953796386719,28.916915893554688,48.9984245300293,30.029884338378906
2015-07-06,112.05999755859375,172.34988403320312,87.0638427734375,28.324268341064453,49.30741882324219,29.196313858032227
2015-07-07,110.76000213623047,173.43374633789062,87.88178253173828,28.317041397094727,50.07996368408203,28.750289916992188
2015-07-08,111.08999633789062,170.5240478515625,88.64080047607422,27.63044548034668,49.8868408203125,27.6900691986084
2015-07-09,111.36000061035156,170.83251953125,86.89437103271484,28.07853126525879,49.648651123046875,28.25309181213379
2015-07-10,111.48999786376953,172.9835205078125,85.51641845703125,28.931371688842773,50.06066131591797,29.050077438354492
2015-07-13,110.98999786376953,174.892822265625,85.25106048583984,29.054231643676758,50.131473541259766,29.232881546020508
2015-07-14,110.73999786376953,175.6515350341797,85.53113555908203,29.256610870361328,50.23447036743164,29.30599594116211
2015-07-15,110.16000366210938,175.59312438964844,86.43749237060547,29.140968322753906,50.31818389892578,28.94771385192871
2015-07-16,109.76000213623047,177.00218200683594,87.03441619873047,29.386707305908203,50.7237548828125,29.291372299194336
2015-07-17,108.6500015258789,177.15219116210938,87.48389434814453,29.34334945678711,50.543495178222656,29.284055709838867
2015-07-20,105.69999694824219,177.2439422607422,87.11543273925781,29.40838050842285,50.601444244384766,29.10127067565918
2015-07-21,105.37000274658203,176.5436248779297,87.58708953857422,29.328889846801758,50.45978546142578,29.10857582092285
2015-07-22,104.80000305175781,176.22683715820312,88.13236999511719,29.083152770996094,50.678688049316406,28.721040725708008
2015-07-23,104.33000183105469,175.234619140625,89.23030853271484,28.989185333251953,50.04779815673828,28.479755401611328
2015-07-24,105.3499984741211,173.41705322265625,89.45138549804688,28.67841339111328,50.26021957397461,28.070287704467773
2015-07-27,104.86000061035156,172.4082794189453,89.9303207397461,28.49772834777832,50.350364685058594,27.44145965576172
2015-07-28,105.0199966430664,174.5259552001953,89.27452850341797,28.85186767578125,50.38254928588867,27.70469093322754
2015-07-29,105.16999816894531,175.72653198242188,88.94290924072266,28.953054428100586,50.71086502075195,27.960607528686523
2015-07-30,104.2699966430664,175.76829528808594,89.62818908691406,28.9386043548584,50.45978546142578,27.78512954711914
2015-07-31,104.93000030517578,175.50140380859375,90.29142761230469,29.075929641723633,50.85895538330078,28.01910972595215
2015-08-03,104.0999984741211,174.90948486328125,91.241943359375,28.989185333251953,51.17439270019531,27.558452606201172
2015-08-04,104.30999755859375,174.567626953125,90.51813507080078,29.018104553222656,50.801025390625,27.646203994750977
2015-08-05,103.93000030517578,175.1428985595703,89.83879852294922,29.169870376586914,50.46624755859375,27.675443649291992
2015-08-06,104.38999938964844,173.70889282226562,90.63633728027344,29.039791107177734,50.53706359863281,27.478023529052734
2015-08-07,104.6500015258789,173.3753662109375,91.82530212402344,29.010881423950195,50.7237548828125,27.44878387451172
2015-08-10,105.72000122070312,175.55978393554688,90.68804168701172,29.365022659301758,50.562808990478516,27.9167423248291
2015-08-11,106.26000213623047,173.9757080078125,92.12810516357422,28.9024658203125,50.89759063720703,27.317155838012695
2015-08-12,107.75,174.18411254882812,91.62594604492188,28.714548110961914,51.05852508544922,26.893070220947266
2015-08-13,106.86000061035156,173.9673614501953,91.33052825927734,28.707321166992188,51.11647033691406,26.841903686523438
2015-08-14,106.8499984741211,174.6009979248047,91.54471588134766,28.757911682128906,51.39329147338867,26.922325134277344
2015-08-17,107.12999725341797,175.5764617919922,91.95826721191406,28.700092315673828,51.831058502197266,26.637155532836914
2015-08-18,107.11000061035156,175.06787109375,91.23451232910156,28.47604751586914,51.972686767578125,26.330059051513672
2015-08-19,108.55000305175781,173.68386840820312,92.135498046875,28.244766235351562,51.66368103027344,25.971784591674805
2015-08-20,110.44000244140625,170.05711364746094,93.06600189208984,27.550941467285156,51.283851623535156,25.576936721801758
2015-08-21,111.12999725341797,164.93795776367188,93.34661102294922,26.857101440429688,50.33104705810547,24.758007049560547
2015-08-24,110.52999877929688,157.99293518066406,93.3171157836914,25.953664779663086,47.97480010986328,23.53692626953125
2015-08-25,109.16000366210938,156.1337127685547,91.81790161132812,26.213865280151367,46.655025482177734,23.8586483001709
2015-08-26,107.66999816894531,162.1283416748047,90.04553985595703,26.893234252929688,47.91686248779297,24.684885025024414
2015-08-27,107.7300033569336,166.1385955810547,90.09722900390625,27.247386932373047,48.843910217285156,25.679302215576172
2015-08-28,108.69999694824219,166.14686584472656,90.36307525634766,27.175111770629883,48.77307891845703,25.306400299072266
2015-08-31,108.81999969482422,164.8046417236328,89.66888427734375,26.972753524780273,47.65935134887695,25.255220413208008
2015-09-01,109.19999694824219,159.8855438232422,90.31500244140625,26.090993881225586,46.75159454345703,24.268117904663086
2015-09-02,108.62000274658203,162.92041015625,89.53792572021484,26.495731353759766,47.23445129394531,24.633710861206055
2015-09-03,107.83999633789062,163.0370635986328,89.97454833984375,26.5318660736084,47.36320114135742,24.743391036987305
2015-09-04,107.48999786376953,160.5692138671875,90.79608917236328,25.93922233581543,46.48121643066406,23.968332290649414
2015-09-08,107.5199966430664,164.60447692871094,89.4564437866211,26.69086265563965,47.18293762207031,24.772632598876953
2015-09-09,106.12999725341797,162.40342712402344,89.88578033447266,26.58968734741211,46.64216613769531,24.633710861206055
2015-09-10,106.37999725341797,163.28720092773438,89.27886199951172,26.763151168823242,46.745182037353516,24.816503524780273
2015-09-11,106.16000366210938,164.02920532226562,89.84131622314453,26.755918502807617,47.640045166015625,24.911556243896484
2015-09-14,106.22000122070312,163.42056274414062,89.98198699951172,26.560791015625,47.665775299072266,24.911556243896484
2015-09-15,105.9000015258789,165.46322631835938,88.25751495361328,26.755918502807617,48.13575744628906,25.167469024658203
2015-09-16,107.30999755859375,166.89730834960938,87.92445373535156,27.13897132873535,48.6507682800293,25.75242805480957
2015-09-17,108.41000366210938,166.52207946777344,88.99766540527344,27.153430938720703,49.20442199707031,25.75242805480957
2015-09-18,109.20999908447266,163.8008575439453,90.3668441772461,26.502958297729492,49.12074661254883,25.123600006103516
2015-09-21,108.52999877929688,164.64730834960938,88.89401245117188,26.502958297729492,49.53919219970703,25.18209457397461
2015-09-22,107.79000091552734,162.51019287109375,90.12998962402344,25.88140106201172,48.91472625732422,24.692201614379883
2015-09-23,108.22000122070312,162.25048828125,90.12257385253906,25.758535385131836,49.22163391113281,24.319292068481445
2015-09-24,110.48999786376953,161.66375732421875,90.73687744140625,25.671796798706055,48.75997543334961,24.275421142578125
2015-09-25,109.80999755859375,161.6218719482422,89.95240020751953,25.908456802368164,48.95503616333008,24.23094940185547
2015-09-28,108.41999816894531,157.56561279296875,91.49176025390625,25.407564163208008,48.19428634643555,23.689842224121094
2015-09-29,107.9800033569336,157.65777587890625,91.75078582763672,25.35675621032715,48.70795822143555,23.8825740814209
2015-09-30,106.86000061035156,160.59942626953125,91.43253326416016,25.872163772583008,49.11759567260742,24.527442932128906
2015-10-01,106.7300033569336,161.0185089111328,91.8226547241211,25.944751739501953,49.35816955566406,24.60898208618164
2015-10-02,108.98999786376953,163.42372131347656,92.37886810302734,26.373064041137695,49.71579360961914,25.25385093688965
2015-10-05,108.7699966430664,166.33181762695312,91.12553405761719,26.902986526489258,50.5545768737793,25.75789451599121
2015-10-06,109.86000061035156,165.76193237304688,91.51860809326172,26.932024002075195,50.43754196166992,25.691184997558594
2015-10-07,109.69999694824219,167.11962890625,91.21453094482422,27.251434326171875,51.0162467956543,26.328649520874023
2015-10-08,109.13999938964844,168.62811279296875,90.45064544677734,27.476470947265625,51.44538497924805,26.66961097717285
2015-10-09,110.87000274658203,168.72866821289062,90.68798065185547,27.53453826904297,51.36085510253906,26.699260711669922
2015-10-12,111.30999755859375,168.88795471191406,91.37767791748047,27.48372459411621,51.72499465942383,26.551015853881836
2015-10-13,111.86000061035156,167.8235626220703,91.53343200683594,27.15705680847168,51.321834564208984,26.076627731323242
2015-10-14,113.80999755859375,167.01907348632812,92.33436584472656,27.20062255859375,50.93819808959961,26.27675437927246
2015-10-15,113.29000091552734,169.5835418701172,91.88199615478516,27.70151138305664,51.63394546508789,26.877155303955078
2015-10-16,112.48999786376953,170.35458374023438,91.91165161132812,27.686986923217773,52.02408981323242,26.958690643310547
2015-10-19,112.0199966430664,170.43838500976562,91.65946960449219,27.57085418701172,52.7523193359375,26.684431076049805
2015-10-20,112.7300033569336,170.22048950195312,91.0958480834961,27.476470947265625,52.73283004760742,26.625133514404297
2015-10-21,111.7300033569336,169.16452026367188,92.00066375732422,27.454696655273438,52.53775405883789,26.23969841003418
2015-10-22,111.69000244140625,172.02235412597656,92.15640258789062,27.781370162963867,52.999412536621094,26.810443878173828
2015-10-23,111.5,173.90797424316406,91.37026977539062,28.035436630249023,52.48572540283203,26.988338470458984
2015-10-26,111.43000030517578,173.48057556152344,91.97846984863281,27.93381118774414,52.47272491455078,26.684431076049805
2015-10-27,111.68000030517578,173.1453094482422,92.20828247070312,27.686986923217773,52.45322036743164,26.439828872680664
2015-10-28,110.77999877929688,175.1148681640625,91.83753204345703,27.83943748474121,52.49873733520508,26.15074348449707
2015-10-29,109.72000122070312,175.01426696777344,90.37648010253906,27.636173248291016,52.42720413208008,25.861661911010742
2015-10-30,109.30000305175781,174.25997924804688,91.05878448486328,27.614397048950195,51.946048736572266,25.824609756469727
2015-11-02,108.58999633789062,176.3216552734375,90.64027404785156,27.882997512817383,53.051422119140625,26.313817977905273
2015-11-03,106.9800033569336,176.8328857421875,89.89705657958984,27.882997512817383,52.51823043823242,26.639963150024414
2015-11-04,105.97000122070312,176.29647827148438,90.00111389160156,27.70151138305664,52.2841682434082,26.491718292236328
2015-11-05,105.63999938964844,176.1205291748047,89.76329040527344,27.665220260620117,52.49222183227539,26.528783798217773
2015-11-06,104.0999984741211,176.02833557128906,88.44770050048828,27.53453826904297,50.860191345214844,26.232284545898438
2015-11-09,104.4000015258789,174.3856201171875,87.94972229003906,27.244165420532227,49.988895416259766,25.617061614990234
2015-11-10,104.18000030517578,174.78797912597656,88.20987701416016,27.236906051635742,50.56107711791992,25.550350189208984
2015-11-11,103.83000183105469,174.10073852539062,88.0240707397461,27.36758041381836,50.61959457397461,25.579999923706055
2015-11-12,103.8499984741211,171.67034912109375,88.44770050048828,27.040910720825195,50.27499771118164,25.313156127929688
2015-11-13,103.55999755859375,169.74276733398438,88.95313262939453,26.83038902282715,49.702796936035156,24.97960090637207
2015-11-16,103.70999908447266,172.32398986816406,88.87132263183594,27.149795532226562,50.27499771118164,25.520700454711914
2015-11-17,102.33999633789062,172.1983184814453,89.02002716064453,27.186098098754883,50.27499771118164,25.49105453491211
2015-11-18,102.43000030517578,174.93048095703125,89.20584106445312,27.44743537902832,50.717140197753906,25.691184997558594
2015-11-19,103.55999755859375,174.77963256835938,89.80043029785156,27.592622756958008,50.87318801879883,25.8839054107666
2015-11-20,103.08999633789062,175.4165496826172,89.5254135131836,27.53453826904297,51.51041793823242,26.106279373168945
2015-11-23,102.26000213623047,175.2153778076172,89.80043029785156,27.36758041381836,51.62093734741211,25.891315460205078
2015-11-24,102.94000244140625,175.45004272460938,89.79295349121094,27.403873443603516,51.34785461425781,25.95802879333496
2015-11-25,102.45999908447266,175.42489624023438,90.00111389160156,27.44743537902832,51.555931091308594,25.75789451599121
2015-11-27,101.25,175.62599182128906,89.91193389892578,27.440174102783203,52.00456619262695,25.194555282592773
2015-11-30,101.91999816894531,174.89688110351562,90.26872253417969,27.403873443603516,51.62093734741211,25.231618881225586
2015-12-01,102.27999877929688,176.56471252441406,91.48798370361328,27.70151138305664,52.336181640625,25.379859924316406
2015-12-02,100.69000244140625,174.7628631591797,91.51777648925781,27.411136627197266,51.269813537597656,25.127843856811523
2015-12-03,101.76000213623047,172.315673828125,89.03002166748047,27.280475616455078,50.463539123535156,25.053720474243164
2015-12-04,104.0199966430664,175.67633056640625,89.81210327148438,27.476470947265625,51.4258918762207,25.15007972717285
2015-12-07,102.66999816894531,174.61203002929688,90.68358612060547,27.251434326171875,51.28282165527344,24.794292449951172
2015-12-08,102.83999633789062,173.4386444091797,90.728271484375,26.83765983581543,51.2373046875,24.49779510498047
2015-12-09,102.63999938964844,172.08937072753906,90.63143920898438,26.779582977294922,50.95121765136719,24.319902420043945
2015-12-10,102.55000305175781,172.53355407714844,90.7506103515625,26.77231788635254,50.58708572387695,24.075286865234375
2015-12-11,103.11000061035156,169.18966674804688,92.1806869506836,26.293201446533203,50.49605941772461,23.393352508544922
2015-12-14,101.79000091552734,170.0444793701172,90.98892974853516,26.351274490356445,50.730140686035156,23.778799057006836
2015-12-15,101.5199966430664,171.82958984375,90.45266723632812,26.45290756225586,51.28282165527344,24.127174377441406
2015-12-16,102.75,174.34378051757812,90.25902557373047,26.99009895324707,52.2841682434082,24.534860610961914
2015-12-17,100.5,171.6870880126953,91.2794418334961,26.677959442138672,52.02408981323242,24.319902420043945
2015-12-18,102.04000091552734,168.6284637451172,91.78593444824219,26.39482879638672,51.419368743896484,24.19388771057129
2015-12-21,103.1500015258789,170.0194854736328,91.76359558105469,26.56354522705078,51.62093734741211,24.364465713500977
2015-12-22,102.61000061035156,171.5623779296875,91.10067749023438,26.760751724243164,51.82900619506836,24.550678253173828
2015-12-23,102.30999755859375,173.6868133544922,90.41542053222656,27.198976516723633,52.36174011230469,24.915666580200195
2015-12-24,103.05000305175781,173.40016174316406,90.93342590332031,27.125932693481445,52.36174011230469,24.841175079345703
2015-12-28,102.2699966430664,173.00399780273438,91.20213317871094,27.045597076416016,52.651832580566406,24.714548110961914
2015-12-29,102.19999694824219,174.85028076171875,89.68693542480469,27.330429077148438,53.212223052978516,24.699649810791016
2015-12-30,101.41999816894531,173.6109619140625,89.59736633300781,27.16244888305664,53.027610778808594,24.357009887695312
2015-12-31,101.45999908447266,171.87428283691406,90.00042724609375,26.819183349609375,52.56611633300781,24.364465713500977
2016-01-04,102.88999938964844,169.47161865234375,90.64982604980469,26.4174747467041,51.93316650390625,23.671735763549805
2016-01-05,103.18000030517578,169.75816345214844,90.28411102294922,26.388261795043945,52.93531036376953,23.723880767822266
2016-01-06,104.66999816894531,167.61685180664062,91.50069427490234,25.906217575073242,52.79026794433594,23.29930877685547
2016-01-07,106.1500015258789,163.59542846679688,91.66490936279297,25.4168701171875,51.76175308227539,22.546995162963867
2016-01-08,105.68000030517578,161.7997589111328,92.07540893554688,25.102807998657227,51.06949234008789,22.345882415771484
2016-01-11,104.73999786376953,161.95989990234375,91.06774139404297,25.212358474731445,51.35956954956055,22.249046325683594
2016-01-12,104.20999908447266,163.26666259765625,92.38143920898438,25.314611434936523,51.01674270629883,22.330984115600586
2016-01-13,104.72000122070312,159.1947021484375,93.29203033447266,24.9348201751709,50.28492736816406,22.07773780822754
2016-01-14,103.0199966430664,161.80813598632812,92.41876983642578,25.22696876525879,50.16624450683594,22.36078453063965
2016-01-15,104.08000183105469,158.33474731445312,93.85928344726562,24.35053062438965,49.82341384887695,21.422252655029297
2016-01-19,103.9800033569336,158.54551696777344,93.56818389892578,24.562335968017578,50.08713912963867,21.720199584960938
2016-01-20,105.37000274658203,156.51376342773438,94.55345916748047,23.99995231628418,48.74217987060547,21.265830993652344
2016-01-21,105.48999786376953,157.3905792236328,93.91156768798828,24.182540893554688,49.012474060058594,21.303077697753906
2016-01-22,105.0,160.6194305419922,93.55327606201172,24.883697509765625,50.37721252441406,22.025592803955078
2016-01-25,106.08000183105469,158.19142150878906,94.06084442138672,24.525814056396484,50.06077194213867,21.660621643066406
2016-01-26,107.29000091552734,160.34962463378906,94.10559844970703,24.971345901489258,51.10904312133789,21.97344970703125
2016-01-27,107.69000244140625,158.60452270507812,94.0832290649414,24.810665130615234,50.120094299316406,21.831932067871094
2016-01-28,106.54000091552734,159.43075561523438,94.21758270263672,24.90560531616211,49.737709045410156,22.18202018737793
2016-01-29,106.94999694824219,163.3172607421875,95.01622009277344,25.33652114868164,50.75962448120117,22.96412467956543
2016-02-01,108.05000305175781,163.25823974609375,94.72531127929688,25.285398483276367,50.845340728759766,22.733213424682617
2016-02-02,108.08999633789062,160.31594848632812,96.48268127441406,24.715721130371094,50.38384246826172,22.055391311645508
2016-02-03,109.25,161.2770233154297,95.6824951171875,24.9348201751709,50.720062255859375,22.64383316040039
2016-02-04,110.56999969482422,161.52996826171875,96.14617919921875,24.98594856262207,50.746429443359375,22.800254821777344
2016-02-05,112.31999969482422,158.4527587890625,96.2582778930664,24.613460540771484,49.78386688232422,22.561893463134766
2016-02-08,113.83000183105469,156.31982421875,98.32976531982422,24.16793441772461,48.35974884033203,22.249046325683594
2016-02-09,113.58000183105469,156.32826232910156,98.43445587158203,23.904998779296875,47.46971130371094,21.966005325317383
2016-02-10,114.45999908447266,156.19338989257812,99.30191802978516,23.85387420654297,47.799354553222656,22.03304100036621
2016-02-11,119.05999755859375,154.16165161132812,99.99739837646484,23.539817810058594,47.12025833129883,21.712753295898438
2016-02-12,118.36000061035156,157.3400115966797,98.33721923828125,23.912311553955078,47.6609001159668,22.070281982421875
2016-02-16,114.7699966430664,159.99559020996094,97.29779815673828,24.372438430786133,48.53776931762695,22.591690063476562
2016-02-17,115.4800033569336,162.60906982421875,96.69954681396484,24.810665130615234,48.95314407348633,23.060958862304688
2016-02-18,118.29000091552734,161.94300842285156,97.88855743408203,24.693809509277344,49.4476203918457,22.949220657348633
2016-02-19,117.58000183105469,161.86717224121094,97.97080993652344,24.649986267089844,49.73109817504883,22.852394104003906
2016-02-22,115.48999786376953,164.2108917236328,97.91844940185547,24.949434280395508,50.2057991027832,23.41848373413086
2016-02-23,117.22000122070312,162.13694763183594,98.3148193359375,24.533123016357422,50.073951721191406,22.91197967529297
2016-02-24,117.61000061035156,162.87884521484375,98.12039184570312,24.460086822509766,50.01461410522461,22.91197967529297
2016-02-25,117.91999816894531,164.8515625,98.47181701660156,24.752227783203125,51.036529541015625,22.949220657348633
2016-02-26,117.11000061035156,164.47219848632812,97.52214813232422,24.66458511352539,50.77280807495117,22.748109817504883
2016-02-29,118.63999938964844,163.1823272705078,97.94837188720703,24.555030822753906,50.575008392333984,22.889636993408203
2016-03-01,117.7699966430664,167.01820373535156,96.22364807128906,25.190452575683594,51.99910354614258,23.723880767822266
2016-03-02,118.68000030517578,167.76852416992188,96.62071990966797,25.36574363708496,52.37492370605469,24.088863372802734
2016-03-03,120.7300033569336,168.4261932373047,96.972900390625,25.635974884033203,52.651832580566406,24.349565505981445
2016-03-04,120.54000091552734,168.9741973876953,96.35099792480469,25.83318519592285,52.658424377441406,24.8858699798584
2016-03-07,121.13999938964844,169.10897827148438,96.32099151611328,25.81126594543457,52.79686737060547,24.83371925354004
2016-03-08,120.58000183105469,167.2627410888672,97.38494873046875,25.52642822265625,52.25624465942383,24.40169906616211
2016-03-09,119.58000183105469,168.08892822265625,96.79307556152344,25.635974884033203,52.54632568359375,24.558130264282227
2016-03-10,121.5,168.22381591796875,96.3959732055664,25.61406707763672,52.35514450073242,24.4985408782959
2016-03-11,119.41000366210938,170.93846130371094,95.42195892333984,26.278705596923828,53.52867889404297,25.034835815429688
2016-03-14,117.87000274658203,170.71929931640625,95.72163391113281,26.220273971557617,53.535282135009766,24.89331817626953
2016-03-15,117.95999908447266,170.44107055664062,95.81156158447266,25.953989028930664,53.5616569519043,24.473234176635742
2016-03-16,120.58999633789062,171.42745971679688,96.09626770019531,26.225414276123047,54.2077751159668,24.98807144165039
2016-03-17,120.12999725341797,172.5150146484375,96.49335479736328,26.467491149902344,54.97257614135742,25.495447158813477
2016-03-18,119.80000305175781,173.1929473876953,96.69564056396484,26.42346954345703,54.7352180480957,25.66706657409668
2016-03-21,118.95999908447266,173.43865966796875,95.95392608642578,26.372119903564453,54.24119186401367,25.771520614624023
2016-03-22,119.30999755859375,173.34548950195312,95.93143463134766,26.3427791595459,54.24119186401367,25.659603118896484
2016-03-23,116.61000061035156,172.20140075683594,97.01788330078125,26.056686401367188,53.9478645324707,25.26414680480957
2016-03-24,116.33000183105469,172.1251678466797,97.05532836914062,25.887962341308594,53.96785354614258,25.22684097290039
2016-03-28,116.5999984741211,172.22689819335938,97.18268585205078,26.049352645874023,54.45454406738281,25.293994903564453
2016-03-29,118.76000213623047,173.82000732421875,98.2016372680664,26.35744857788086,55.634552001953125,25.54021644592285
2016-03-30,117.0999984741211,174.58262634277344,97.167724609375,26.555519104003906,55.52789306640625,25.831209182739258
2016-03-31,117.63999938964844,174.15896606445312,97.85697937011719,26.320775985717773,55.867919921875,25.801353454589844
2016-04-01,116.93000030517578,175.34532165527344,98.11223602294922,26.0273380279541,55.79457473754883,25.875978469848633
2016-04-04,116.1500015258789,174.7775421142578,98.17230224609375,25.968658447265625,55.71456527709961,25.525291442871094
2016-04-05,117.66000366210938,173.03196716308594,99.24594116210938,25.484500885009766,55.34787368774414,25.047758102416992
2016-04-06,116.94000244140625,174.9215850830078,98.52513885498047,25.895292282104492,55.48122787475586,25.36859893798828
2016-04-07,118.61000061035156,172.82852172851562,99.74140930175781,25.52851676940918,55.13453674316406,24.838851928710938
2016-04-08,118.43000030517578,173.2946014404297,99.11072540283203,26.012670516967773,55.44121551513672,25.271608352661133
2016-04-11,120.02999877929688,172.88784790039062,98.98312377929688,26.034683227539062,55.32786560058594,25.607376098632812
2016-04-12,120.05000305175781,174.4979248046875,98.29989624023438,26.430816650390625,55.72788619995117,26.002819061279297
2016-04-13,118.7699966430664,176.26055908203125,98.64529418945312,26.84895133972168,55.48122787475586,26.48780632019043
2016-04-14,117.11000061035156,176.2689971923828,98.17230224609375,26.8782958984375,55.174560546875,26.353496551513672
2016-04-15,117.91999816894531,176.0740966796875,99.01314544677734,26.804941177368164,55.58788299560547,26.19681739807129
2016-04-18,117.73999786376953,177.3113555908203,98.58519744873047,27.047016143798828,55.85456085205078,26.286348342895508
2016-04-19,119.58000183105469,177.87060546875,98.27743530273438,27.51650619506836,55.88123321533203,26.689258575439453
2016-04-20,118.97000122070312,178.04010009765625,97.19627380371094,27.523845672607422,54.93455505371094,26.517650604248047
2016-04-21,119.41999816894531,177.08250427246094,96.61820983886719,27.362449645996094,53.95451736450195,26.226661682128906
2016-04-22,117.88999938964844,177.08250427246094,96.37043762207031,27.3404483795166,54.54121017456055,26.129661560058594
2016-04-25,118.2300033569336,176.77749633789062,95.9725112915039,27.223072052001953,54.994544982910156,25.920751571655273
2016-04-26,118.69999694824219,177.04017639160156,95.53701782226562,27.325780868530273,55.2078857421875,26.226661682128906
2016-04-27,119.04000091552734,177.404541015625,96.49055480957031,27.36979103088379,55.174560546875,26.38334846496582
2016-04-28,121.29000091552734,175.79446411132812,96.88847351074219,27.017677307128906,55.061195373535156,26.11473846435547
2016-04-29,123.6500015258789,174.84539794921875,97.1362075805664,26.929643630981445,54.55452346801758,26.062509536743164
2016-05-02,123.23999786376953,176.23512268066406,96.15819549560547,27.157052993774414,55.40122604370117,25.995359420776367
2016-05-03,122.95999908447266,174.7012939453125,97.36944580078125,26.702232360839844,55.48790740966797,25.271608352661133
2016-05-04,122.20999908447266,173.72677612304688,97.90354919433594,26.37946128845215,56.281253814697266,24.913461685180664
2016-05-05,122.06999969482422,173.6929168701172,98.55799865722656,26.35744857788086,56.44124984741211,24.913461685180664
2016-05-06,123.18000030517578,174.32846069335938,98.13677978515625,26.416139602661133,57.06126403808594,24.973155975341797
2016-05-09,120.6500015258789,174.47254943847656,98.44519805908203,26.328113555908203,57.68793487548828,24.592615127563477
2016-05-10,120.9800033569336,176.641845703125,98.45272827148438,26.7169132232666,57.681270599365234,25.085073471069336
2016-05-11,122.12000274658203,174.98936462402344,99.00944519042969,26.52618408203125,56.44792938232422,25.010459899902344
2016-05-12,121.16000366210938,175.04025268554688,98.55799865722656,26.504173278808594,56.774593353271484,24.965686798095703
2016-05-13,121.70999908447266,173.51495361328125,99.51344299316406,26.210731506347656,56.26791000366211,24.518009185791016
2016-05-16,121.80000305175781,175.22665405273438,98.6558609008789,26.533512115478516,56.80125427246094,24.801536560058594
2016-05-17,122.22000122070312,173.59121704101562,98.82138061523438,26.37946128845215,55.747886657714844,24.69709014892578
2016-05-18,120.0999984741211,173.64207458496094,97.41461944580078,26.35744857788086,54.87453079223633,24.503087997436523
2016-05-19,119.87000274658203,173.04039001464844,97.83586120605469,26.181398391723633,54.261199951171875,24.204635620117188
2016-05-20,119.70999908447266,174.13352966308594,97.91107177734375,26.42346954345703,54.694549560546875,24.473234176635742
2016-05-23,119.37000274658203,173.89627075195312,98.12930297851562,26.335447311401367,54.70119857788086,24.421010971069336
2016-05-24,117.30000305175781,176.15040588378906,97.69290161132812,26.658222198486328,55.38121032714844,24.712007522583008
2016-05-25,116.9800033569336,177.34519958496094,97.32432556152344,26.922313690185547,55.38121032714844,24.995532989501953
2016-05-26,116.58000183105469,177.3960418701172,97.82830047607422,26.980995178222656,55.48790740966797,25.159690856933594
2016-05-27,115.62000274658203,178.15872192382812,97.6854248046875,26.944318771362305,55.787879943847656,25.1522216796875
2016-05-31,116.05999755859375,177.8197021484375,97.91854858398438,26.84895133972168,55.7812385559082,25.21937370300293
2016-06-01,115.94000244140625,178.18411254882812,98.31588745117188,26.834285736083984,55.82791519165039,25.196992874145508
2016-06-02,115.66999816894531,178.7264862060547,99.02452850341797,26.84161376953125,56.11457061767578,25.39844512939453
2016-06-03,118.87999725341797,178.19265747070312,100.4341812133789,27.054359436035156,56.34124755859375,25.793899536132812
2016-06-06,118.91999816894531,179.0993194580078,99.68783569335938,27.23774528503418,55.90789794921875,26.01028060913086
2016-06-07,118.81999969482422,179.37899780273438,99.92910766601562,27.443153381347656,56.24790954589844,26.263967514038086
2016-06-08,120.58000183105469,179.9637451171875,100.46427154541016,27.531177520751953,56.607933044433594,26.4803524017334
2016-06-09,121.25,179.71795654296875,101.1126480102539,27.1864013671875,56.734588623046875,26.1818904876709
2016-06-10,121.73999786376953,178.01470947265625,101.60263061523438,26.452816009521484,56.46791458129883,25.517839431762695
2016-06-13,122.63999938964844,176.641845703125,102.05492401123047,26.071361541748047,56.48125076293945,25.196992874145508
2016-06-14,122.7699966430664,176.29440307617188,101.97950744628906,25.701019287109375,56.33457946777344,25.1241397857666
2016-06-15,123.68000030517578,176.04867553710938,102.37155151367188,25.87205696105957,56.867916107177734,25.35697364807129
2016-06-16,122.37999725341797,176.57406616210938,102.8691177368164,25.879493713378906,57.18793487548828,25.296890258789062
2016-06-17,123.94999694824219,175.91644287109375,102.22834014892578,26.12490463256836,57.0945930480957,25.409555435180664
2016-06-20,123.20999908447266,177.0493927001953,101.1352310180664,26.734697341918945,57.174598693847656,25.777584075927734
2016-06-21,120.83999633789062,177.55197143554688,100.66789245605469,26.94293212890625,57.39254379272461,25.972875595092773
2016-06-22,120.9000015258789,177.26234436035156,100.83370971679688,26.898313522338867,57.30510711669922,26.010435104370117
2016-06-23,120.11000061035156,179.57073974609375,99.6803207397461,27.604785919189453,57.5943489074707,26.65637969970703
2016-06-24,126.0,173.12254333496094,102.35646057128906,25.344051361083984,57.08311080932617,25.146663665771484
2016-06-27,126.68000030517578,170.02197265625,104.91194915771484,24.853242874145508,57.12347412109375,24.8837833404541
2016-06-28,125.31999969482422,173.0884552001953,105.1306381225586,25.515100479125977,58.32755661010742,25.59732437133789
2016-06-29,125.83999633789062,176.0357208251953,104.32396697998047,25.976179122924805,59.03387451171875,26.198209762573242
2016-06-30,126.47000122070312,178.43783569335938,104.70844268798828,26.295949935913086,59.6460075378418,26.46109390258789
2016-07-01,128.41000366210938,178.81263732910156,106.16227722167969,26.35543441772461,59.66617202758789,26.65637969970703
2016-07-05,129.47000122070312,177.52639770507812,107.49149322509766,25.834882736206055,60.3254280090332,26.130613327026367
2016-07-06,130.22999572753906,178.5911407470703,107.66519927978516,25.842317581176758,60.06304931640625,26.130613327026367
2016-07-07,129.74000549316406,178.48045349121094,107.65757751464844,25.730764389038086,59.44418716430664,26.017932891845703
2016-07-08,130.52000427246094,181.13803100585938,108.45062255859375,26.08772087097168,60.4061164855957,26.59627914428711
2016-07-11,129.2899932861328,181.77691650390625,107.49903869628906,26.444679260253906,60.80970764160156,26.81409454345703
2016-07-12,127.1500015258789,183.0972442626953,105.73179626464844,26.816505432128906,60.803009033203125,27.227205276489258
2016-07-13,128.32000732421875,183.0717010498047,106.9778823852539,26.794206619262695,61.13932800292969,27.182132720947266
2016-07-14,127.33000183105469,184.0938720703125,105.42216491699219,27.024736404418945,60.59444808959961,27.55767822265625
2016-07-15,126.83999633789062,183.84678649902344,104.51585388183594,26.890880584716797,60.61466598510742,27.460044860839844
2016-07-18,127.04000091552734,184.3408966064453,104.4177474975586,26.95037078857422,60.77610397338867,27.700387954711914
2016-07-19,127.20999908447266,184.1535186767578,105.00678253173828,26.734697341918945,61.072052001953125,27.460044860839844
2016-07-20,125.38999938964844,184.92010498046875,104.43280792236328,26.92804718017578,61.078800201416016,27.602752685546875
2016-07-21,127.30000305175781,184.2216796875,104.64423370361328,26.861127853393555,61.199886322021484,27.527652740478516
2016-07-22,126.3499984741211,185.04791259765625,104.82550811767578,26.875999450683594,61.73801040649414,27.707902908325195
2016-07-25,125.47000122070312,184.54530334472656,104.75006103515625,26.83138084411621,61.62366485595703,27.482574462890625
2016-07-26,126.0,184.6305389404297,104.91609191894531,26.95780372619629,61.32094192504883,27.647809982299805
2016-07-27,128.02999877929688,184.43460083007812,106.22270965576172,27.076797485351562,60.8433723449707,27.685367584228516
2016-07-28,127.66000366210938,184.64759826660156,106.02627563476562,27.076797485351562,61.40841293334961,27.67034912109375
2016-07-29,128.97999572753906,184.9457244873047,106.90989685058594,27.389135360717773,62.188697814941406,27.820571899414062
2016-08-01,129.22000122070312,184.7923583984375,105.75080108642578,27.23296356201172,62.323246002197266,27.715421676635742
2016-08-02,130.27000427246094,183.60838317871094,104.6612777709961,27.09910011291504,61.32768249511719,27.56519889831543
2016-08-03,129.64999389648438,184.14498901367188,104.72186279296875,26.994993209838867,60.97117233276367,27.715421676635742
2016-08-04,129.8699951171875,184.3408966064453,105.50872802734375,27.15115737915039,60.72227478027344,27.850622177124023
2016-08-05,127.55000305175781,185.84860229492188,104.41162872314453,27.24782943725586,60.76264572143555,28.158565521240234
2016-08-08,127.44000244140625,185.73793029785156,104.60836029052734,27.33708381652832,60.870269775390625,28.33881950378418
2016-08-09,127.95999908447266,185.84860229492188,105.63729858398438,27.5601749420166,61.199886322021484,28.526592254638672
2016-08-10,128.55999755859375,185.38861083984375,106.04591369628906,27.65684700012207,61.132591247558594,28.45900535583496
2016-08-11,127.66999816894531,186.24896240234375,105.10017395019531,27.865068435668945,60.43975830078125,28.789478302001953
2016-08-12,127.4000015258789,186.08714294433594,105.98536682128906,27.790706634521484,60.69538116455078,28.676820755004883
2016-08-15,127.83999633789062,186.6237030029297,104.98661041259766,27.909698486328125,60.63481521606445,28.99227523803711
2016-08-16,128.47000122070312,185.66127014160156,104.70667266845703,27.842769622802734,59.908348083496094,28.842056274414062
2016-08-17,128.5,186.0104522705078,105.33466339111328,27.842769622802734,60.15050506591797,28.73689842224121
2016-08-18,129.11000061035156,186.42787170410156,105.5010986328125,27.98405647277832,59.92852020263672,28.969736099243164
2016-08-19,127.97000122070312,186.15524291992188,104.9488296508789,27.775836944580078,59.545101165771484,28.79698944091797
2016-08-22,127.77999877929688,186.14674377441406,105.83399200439453,27.79814338684082,59.86799240112305,28.436481475830078
2016-08-23,127.76000213623047,186.52151489257812,105.9475326538086,27.917129516601562,59.9015998840332,28.293752670288086
2016-08-24,126.33999633789062,185.56753540039062,105.69786071777344,27.835330963134766,59.639286041259766,28.376373291015625
2016-08-25,126.2300033569336,185.43975830078125,105.29683685302734,27.746089935302734,59.908348083496094,28.368864059448242
2016-08-26,126.05000305175781,185.0904998779297,104.68401336669922,27.552738189697266,59.31639862060547,28.143539428710938
2016-08-29,126.30000305175781,186.00193786621094,106.083740234375,27.65684700012207,59.9015998840332,28.353845596313477
2016-08-30,125.02999877929688,185.6953125,105.6751480102539,27.597360610961914,59.78725051879883,28.30877685546875
2016-08-31,124.77999877929688,185.1671142578125,105.82646942138672,27.500673294067383,59.84778594970703,28.038387298583984
2016-09-01,125.29000091552734,185.1756591796875,105.94319915771484,27.731218338012695,59.69981002807617,28.188600540161133
2016-09-02,126.56999969482422,186.0104522705078,105.07909393310547,28.013813018798828,60.2177734375,28.61673927307129
2016-09-06,128.7100067138672,186.5726318359375,105.84464263916016,28.281532287597656,60.68193435668945,29.112451553344727
2016-09-07,128.27000427246094,186.5555877685547,105.76884460449219,28.281532287597656,61.045162200927734,29.074899673461914
2016-09-08,127.58999633789062,186.12969970703125,104.4423599243164,28.222034454345703,60.29848098754883,29.014814376831055
2016-09-09,126.75,181.67474365234375,102.72178649902344,27.627103805541992,57.91049575805664,28.098464965820312
2016-09-12,126.58999633789062,184.28131103515625,102.77481842041016,27.842769622802734,58.59663009643555,28.331315994262695
2016-09-13,125.75,181.63217163085938,101.60749816894531,27.25623893737793,57.125484466552734,27.624361038208008
2016-09-14,126.18000030517578,181.56402587890625,101.75916290283203,27.241300582885742,57.30837631225586,27.723188400268555
2016-09-15,125.37000274658203,183.37832641601562,101.31948852539062,27.48039436340332,57.52510452270508,28.164073944091797
2016-09-16,125.05999755859375,182.6694793701172,102.13812255859375,27.14417839050293,57.55221176147461,27.974035263061523
2016-09-19,125.31999969482422,182.70370483398438,101.80467224121094,27.323495864868164,58.07373046875,28.209686279296875
2016-09-20,125.44000244140625,182.7122802734375,102.16088104248047,27.443038940429688,57.98569107055664,28.217283248901367
2016-09-21,127.2699966430664,184.76699829101562,102.98705291748047,27.966047286987305,58.73073196411133,28.90143585205078
2016-09-22,127.56999969482422,185.93130493164062,103.8056869506836,28.242494583129883,59.78060531616211,29.03066062927246
2016-09-23,127.6500015258789,184.91249084472656,103.70714569091797,27.973512649536133,59.96347427368164,28.650577545166016
2016-09-26,127.55000305175781,183.41432189941406,104.36663055419922,27.72696304321289,60.10570526123047,28.30091094970703
2016-09-27,126.62000274658203,184.55294799804688,105.13219451904297,27.86144256591797,59.46902847290039,28.597366333007812
2016-09-28,126.22000122070312,185.468994140625,104.90473175048828,28.108003616333008,59.956695556640625,28.878631591796875
2016-09-29,126.06999969482422,183.7909698486328,105.1700210571289,27.764320373535156,59.15745544433594,28.39972686767578
2016-09-30,125.63999938964844,185.17788696289062,104.23014831542969,27.95110511779785,58.75106430053711,28.604978561401367
2016-10-03,125.31999969482422,184.73272705078125,103.88616180419922,27.8988094329834,57.65378189086914,28.79500961303711
2016-10-04,120.97000122070312,183.7909698486328,102.67121887207031,27.816612243652344,56.86810302734375,28.506155014038086
2016-10-05,120.77999877929688,184.60430908203125,102.19288635253906,27.966047286987305,55.7166633605957,28.939443588256836
2016-10-06,119.66000366210938,184.73272705078125,101.62328338623047,27.816612243652344,55.73697280883789,28.939443588256836
2016-10-07,119.73999786376953,184.09918212890625,101.69168853759766,27.63729476928711,55.64213562011719,28.840620040893555
2016-10-10,120.16000366210938,185.05809020996094,101.091796875,27.74937629699707,55.9875602722168,29.03826904296875
2016-10-11,119.55000305175781,182.7208251953125,100.86397552490234,27.345911026000977,55.445735931396484,28.498550415039062
2016-10-12,119.73999786376953,182.96058654785156,100.96269226074219,27.308547973632812,56.08242416381836,28.468149185180664
2016-10-13,120.02999877929688,182.3612518310547,101.34236145019531,27.23383140563965,56.522666931152344,28.293306350708008
2016-10-14,119.36000061035156,182.45542907714844,99.92235565185547,27.25623893737793,56.27206802368164,28.369319915771484
2016-10-17,119.68000030517578,181.82192993164062,100.56023406982422,27.211423873901367,56.39396667480469,28.31610679626465
2016-10-18,120.41999816894531,182.96058654785156,100.88676452636719,27.502805709838867,56.75296401977539,28.817819595336914
2016-10-19,121.11000061035156,183.4485321044922,100.97027587890625,27.599946975708008,56.87487030029297,28.9698486328125
2016-10-20,120.73999786376953,183.1061248779297,101.07656860351562,27.599946975708008,56.74617004394531,28.931846618652344
2016-10-21,120.83000183105469,183.1917266845703,101.22850036621094,27.5401668548584,56.53622055053711,28.939443588256836
2016-10-24,120.55999755859375,183.9707794189453,100.78799438476562,27.502805709838867,56.66490936279297,29.08386993408203
2016-10-25,121.47000122070312,183.35435485839844,101.0538558959961,27.48039436340332,56.56330108642578,29.061065673828125
2016-10-26,120.79000091552734,182.9862518310547,100.37037658691406,27.345911026000977,55.82501983642578,28.84821891784668
2016-10-27,121.01000213623047,182.4982147216797,99.27694702148438,27.316022872924805,54.36198806762695,28.627777099609375
2016-10-28,121.58000183105469,181.9589080810547,99.0567398071289,27.30107879638672,54.49071502685547,28.468149185180664
2016-10-31,121.94000244140625,181.9674530029297,99.66422271728516,27.278661727905273,55.377986907958984,28.69619369506836
2016-11-01,122.7300033569336,180.6490478515625,99.67179107666016,27.203948974609375,54.17235565185547,28.483346939086914
2016-11-02,123.63999938964844,179.56179809570312,100.10551452636719,27.00221061706543,53.37987518310547,28.156478881835938
2016-11-03,124.30000305175781,178.73989868164062,99.3370590209961,26.987272262573242,52.96670913696289,28.088054656982422
2016-11-04,124.38999938964844,178.54299926757812,100.22724151611328,26.76313018798828,53.38664627075195,27.791593551635742
2016-11-07,122.1500015258789,182.48118591308594,99.37507629394531,27.12923812866211,54.32138442993164,28.73419952392578
2016-11-08,121.63999938964844,183.30299377441406,98.97189331054688,27.196475982666016,54.605838775634766,28.87102508544922
2016-11-09,121.55999755859375,185.2463836669922,94.77227783203125,27.151649475097656,53.779502868652344,28.110864639282227
2016-11-10,119.75,185.7086639404297,93.3724594116211,27.061986923217773,52.878662109375,27.297489166259766
2016-11-11,117.0999984741211,185.28062438964844,92.84748077392578,26.84531021118164,53.19700241088867,26.7957820892334
2016-11-14,116.11000061035156,185.4261932373047,92.29207611083984,26.72576332092285,54.456817626953125,26.666555404663086
2016-11-15,117.12000274658203,186.87303161621094,92.74856567382812,26.890138626098633,54.003021240234375,27.168264389038086
2016-11-16,116.7699966430664,186.52197265625,93.58548736572266,26.64358139038086,53.847225189208984,26.947818756103516
2016-11-17,116.16999816894531,187.48089599609375,92.20841979980469,26.82290267944336,53.29860305786133,26.95541763305664
2016-11-18,115.1500015258789,187.0613555908203,91.94212341308594,26.58381462097168,53.45439147949219,26.894601821899414
2016-11-21,115.58000183105469,188.47396850585938,92.17037200927734,26.815431594848633,53.29182815551758,27.160655975341797
2016-11-22,115.54000091552734,188.84213256835938,92.13994598388672,26.897613525390625,54.22654342651367,27.457122802734375
2016-11-23,113.25,188.9447479248047,91.78233337402344,26.800485610961914,53.996253967285156,27.191072463989258
2016-11-25,112.61000061035156,189.64686584472656,91.91935729980469,26.852781295776367,54.30780792236328,27.33549690246582
2016-11-28,113.80000305175781,188.75648498535156,92.59642791748047,26.75565528869629,54.558433532714844,27.472333908081055
2016-11-29,113.2699966430664,189.1246337890625,92.98443603515625,26.90508270263672,55.079986572265625,27.487533569335938
2016-11-30,111.75,188.67088317871094,91.47807312011719,26.867721557617188,54.450050354003906,27.53314208984375
2016-12-01,111.54000091552734,187.9774169921875,90.5121841430664,26.800485610961914,53.65081787109375,27.221477508544922
2016-12-02,112.13999938964844,188.07159423828125,91.1754150390625,26.87520408630371,54.18589782714844,27.191072463989258
2016-12-05,111.54000091552734,189.20159912109375,91.0763168334961,27.084394454956055,54.58551025390625,27.373502731323242
2016-12-06,111.43000030517578,189.80091857910156,91.00772857666016,27.271198272705078,54.93772506713867,27.487533569335938
2016-12-07,111.83000183105469,192.28367614746094,91.78527069091797,27.629823684692383,56.03501510620117,27.898019790649414
2016-12-08,111.56999969482422,192.75453186035156,90.70277404785156,27.652236938476562,56.421077728271484,28.027244567871094
2016-12-09,110.4000015258789,193.91885375976562,89.5744857788086,27.734424591064453,56.360107421875,27.898019790649414
2016-12-12,110.81999969482422,193.6962432861328,89.7421646118164,27.644777297973633,56.73264694213867,27.669973373413086
2016-12-13,110.44999694824219,194.98902893066406,90.06239318847656,27.936153411865234,56.70558166503906,27.951236724853516
2016-12-14,108.83000183105469,193.37954711914062,89.05615997314453,27.48039436340332,55.46604919433594,27.145458221435547
2016-12-15,107.33999633789062,194.17568969726562,89.50591278076172,27.43558120727539,55.14091873168945,27.2670841217041
2016-12-16,108.05000305175781,193.79592895507812,89.30009460449219,27.443038940429688,55.96725845336914,27.099849700927734
2016-12-19,108.58999633789062,194.21791076660156,90.26063537597656,27.420621871948242,56.57007598876953,26.917404174804688
2016-12-20,107.79000091552734,194.9670867919922,89.81079864501953,27.48039436340332,56.69875717163086,26.963232040405273
2016-12-21,107.8499984741211,194.42457580566406,90.20723724365234,27.48039436340332,55.838565826416016,26.87921714782715
2016-12-22,107.58999633789062,194.0886993408203,90.04594421386719,27.405067443847656,55.74521255493164,26.627153396606445
2016-12-23,107.93000030517578,194.37290954589844,90.22942352294922,27.4653263092041,55.89043045043945,26.757001876831055
2016-12-27,108.55999755859375,194.85513305664062,89.93900299072266,27.42766571044922,56.007991790771484,26.886850357055664
2016-12-28,108.86000061035156,193.24473571777344,90.59624481201172,27.37493324279785,55.66914367675781,27.054899215698242
2016-12-29,110.29000091552734,193.2017059326172,90.91728210449219,27.47286605834961,56.36068344116211,27.475013732910156
2016-12-30,109.61000061035156,192.4955596923828,91.05487060546875,27.525596618652344,57.072959899902344,27.32987403869629
2017-01-03,110.47000122070312,193.96812438964844,91.44469451904297,27.6988582611084,57.25966262817383,27.627769470214844
2017-01-04,110.86000061035156,195.1221160888672,91.79625701904297,28.0378360748291,58.096458435058594,27.879837036132812
2017-01-05,112.58000183105469,194.9670867919922,93.23324584960938,28.286422729492188,58.28316879272461,28.17008399963379
2017-01-06,111.75,195.6646270751953,92.37720489501953,28.173429489135742,58.29009246826172,28.055509567260742
2017-01-09,112.66999816894531,195.0187530517578,93.11858367919922,28.105632781982422,57.76449203491211,28.009689331054688
2017-01-10,113.1500015258789,195.0187530517578,93.05741882324219,28.135761260986328,57.27350997924805,28.16244888305664
2017-01-11,113.5,195.56993103027344,93.37078094482422,28.331619262695312,56.92083740234375,28.406885147094727
2017-01-12,113.91000366210938,195.0790557861328,93.16444396972656,28.354228973388672,57.211273193359375,28.475624084472656
2017-01-13,114.20999908447266,195.52685546875,92.72112274169922,28.459688186645508,57.128273010253906,28.445072174072266
2017-01-17,115.8499984741211,194.83792114257812,93.69182586669922,28.384353637695312,57.57088851928711,28.414512634277344
2017-01-18,114.87000274658203,195.26849365234375,92.49181365966797,28.256290435791016,57.667694091796875,28.307579040527344
2017-01-19,114.7699966430664,194.54510498046875,91.85740661621094,28.20356559753418,57.07988739013672,28.2311954498291
2017-01-20,115.05000305175781,195.2599334716797,91.67395782470703,28.339153289794922,57.494815826416016,28.27701759338379
2017-01-23,115.79000091552734,194.7517852783203,92.5911865234375,28.399423599243164,57.9788818359375,28.666580200195312
2017-01-24,115.2699966430664,196.00050354003906,91.95681762695312,28.51995277404785,57.992713928222656,28.872812271118164
2017-01-25,114.31999969482422,197.69696044921875,90.80265808105469,28.79866600036621,57.61236572265625,29.1248779296875
2017-01-26,113.26000213623047,197.4903106689453,91.10838317871094,28.708276748657227,57.501731872558594,29.002655029296875
2017-01-27,113.48999786376953,197.18026733398438,91.43705749511719,28.640480041503906,56.94157028198242,29.033214569091797
2017-01-30,113.97000122070312,195.95741271972656,91.16189575195312,28.437088012695312,56.5543098449707,28.888093948364258
2017-01-31,115.55000305175781,195.940185546875,91.79625701904297,28.53502082824707,56.96232604980469,28.903369903564453
2017-02-01,115.19999694824219,196.0177001953125,91.22868347167969,28.632949829101562,56.27768325805664,28.964479446411133
2017-02-02,115.83999633789062,196.1468963623047,91.1904067993164,28.67813491821289,56.9484977722168,29.063777923583984
2017-02-03,116.12999725341797,197.4989013671875,91.15210723876953,28.79866600036621,57.25966262817383,29.247095108032227
2017-02-06,117.69999694824219,197.14588928222656,91.70357513427734,28.587743759155273,57.16286087036133,29.1783504486084
2017-02-07,117.45999908447266,197.15447998046875,92.37764739990234,28.56513786315918,56.96232604980469,29.0714168548584
2017-02-08,118.19000244140625,197.41281127929688,93.6338882446289,28.610347747802734,57.411827087402344,29.30056381225586
2017-02-09,117.29000091552734,198.583984375,92.5538558959961,28.715805053710938,57.55012893676758,29.453330993652344
2017-02-10,117.5999984741211,199.36756896972656,92.50025939941406,28.821273803710938,57.958152770996094,29.720674514770508
2017-02-13,116.80000305175781,200.45269775390625,92.20914459228516,28.926733016967773,57.9788818359375,29.835229873657227
2017-02-14,116.93000030517578,201.25357055664062,91.54275512695312,28.911666870117188,57.674598693847656,29.881072998046875
2017-02-15,117.44999694824219,202.30419921875,91.12145233154297,29.017118453979492,57.48099899291992,30.102590560913086
2017-02-16,118.08000183105469,202.13197326660156,91.61930847167969,29.077390670776367,57.819847106933594,30.018564224243164
2017-02-17,117.68000030517578,202.45059204101562,92.16322326660156,28.979467391967773,57.930484771728516,29.91925811767578
2017-02-21,117.75,203.65618896484375,92.00233459472656,29.107528686523438,58.670413970947266,30.163698196411133
2017-02-22,117.91000366210938,203.47535705566406,92.15550994873047,29.084924697875977,58.4767951965332,30.240076065063477
2017-02-23,118.94000244140625,203.6131134033203,92.43126678466797,29.137653350830078,58.781089782714844,30.255342483520508
2017-02-24,119.69999694824219,203.87149047851562,93.45768737792969,28.889060974121094,59.057701110839844,29.934539794921875
2017-02-27,119.12000274658203,204.19015502929688,92.90618133544922,28.90412712097168,59.3688850402832,29.812320709228516
2017-02-28,119.2300033569336,203.63900756835938,93.25086212158203,28.83633804321289,58.96087646484375,29.552627563476562
2017-03-01,119.05999755859375,206.4894561767578,91.68834686279297,29.115055084228516,58.781089782714844,30.02621078491211
2017-03-02,117.58000183105469,205.1891326904297,91.35836029052734,28.934263229370117,58.46296310424805,29.49152374267578
2017-03-03,117.51000213623047,205.31822204589844,91.59622955322266,29.077390670776367,58.23477554321289,29.74358558654785
2017-03-06,116.72000122070312,204.7068634033203,91.15880584716797,28.979467391967773,57.971988677978516,29.78940773010254
2017-03-07,115.77999877929688,204.09542846679688,90.88255310058594,28.90412712097168,57.69536209106445,29.827608108520508
2017-03-08,115.05999755859375,203.7164764404297,90.39132690429688,28.75347328186035,56.6303825378418,29.52971076965332
2017-03-09,114.47000122070312,203.97483825683594,89.6698989868164,28.87399673461914,55.7797966003418,29.27764129638672
2017-03-10,114.72000122070312,204.6896209716797,89.98457336425781,29.099985122680664,55.60689163208008,29.522071838378906
2017-03-13,114.73999786376953,204.79298400878906,89.41670227050781,29.235591888427734,55.74521255493164,29.89635467529297
2017-03-14,114.12000274658203,204.00929260253906,89.84644317626953,29.017118453979492,55.73137283325195,29.72831153869629
2017-03-15,116.25,205.774658203125,90.94387817382812,29.4691104888916,56.85859298706055,30.423389434814453
2017-03-16,116.7300033569336,205.36993408203125,90.48344421386719,29.589635848999023,56.747947692871094,30.629623413085938
2017-03-17,116.98999786376953,205.00924682617188,91.05133056640625,29.634830474853516,57.010746002197266,30.599084854125977
2017-03-20,117.51000213623047,204.7843780517578,91.44275665283203,29.619766235351562,56.96232604980469,30.89696502685547
2017-03-21,118.54000091552734,202.15505981445312,92.2025375366211,29.446500778198242,56.713375091552734,30.522687911987305
2017-03-22,118.83000183105469,202.63076782226562,92.57090759277344,29.48417854309082,56.68203353881836,30.66884994506836
2017-03-23,118.66999816894531,202.41453552246094,92.44041442871094,29.567033767700195,57.0999755859375,30.68414306640625
2017-03-24,118.86000061035156,202.26747131347656,92.77041625976562,29.64266014099121,57.03729248046875,30.768308639526367
2017-03-27,119.52999877929688,202.0599365234375,93.19255828857422,29.710723876953125,56.52179718017578,30.67649269104004
2017-03-28,119.04000091552734,203.5303192138672,92.57090759277344,29.846834182739258,56.7656135559082,30.753019332885742
2017-03-29,119.33000183105469,203.72055053710938,93.12348175048828,29.877077102661133,57.0860481262207,30.79892349243164
2017-03-30,118.47000122070312,204.3691864013672,92.37138366699219,29.763643264770508,57.19053268432617,30.622920989990234
2017-03-31,118.72000122070312,203.89353942871094,92.63996124267578,29.718276977539062,57.5318603515625,30.39337158203125
2017-04-03,119.3499984741211,203.5389404296875,93.5744400024414,29.688026428222656,57.69902801513672,30.63058853149414
2017-04-04,119.62000274658203,203.668701171875,93.06682586669922,29.67290687561035,57.69902801513672,30.69944953918457
2017-04-05,119.62000274658203,203.0631866455078,93.35137939453125,29.51409339904785,57.78264236450195,30.6458740234375
2017-04-06,119.18000030517578,203.63406372070312,93.21293640136719,29.536785125732422,58.089141845703125,30.592336654663086
2017-04-07,119.45999908447266,203.426513671875,92.83606719970703,29.498979568481445,58.1727294921875,30.58466911315918
2017-04-10,119.45999908447266,203.54754638671875,93.26679992675781,29.498979568481445,58.53497314453125,30.439287185668945
2017-04-11,121.19000244140625,203.305419921875,94.15121459960938,29.61996841430664,58.939002990722656,30.469892501831055
2017-04-12,122.0199966430664,202.41453552246094,94.66654205322266,29.5972843170166,58.8344841003418,30.577016830444336
2017-04-13,122.5999984741211,201.09986877441406,94.95879364013672,29.40824317932129,58.702152252197266,30.41632080078125
2017-04-17,122.23999786376953,202.88157653808594,94.66654205322266,29.650217056274414,59.41266632080078,30.67649269104004
2017-04-18,122.81999969482422,202.27615356445312,95.90473175048828,29.476299285888672,59.57289123535156,30.31686019897461
2017-04-19,121.7300033569336,201.9042510986328,95.3817367553711,29.340181350708008,59.48929977416992,30.094947814941406
2017-04-20,121.95999908447266,203.54754638671875,95.01263427734375,29.604846954345703,59.49625778198242,30.408674240112305
2017-04-21,122.30999755859375,202.8988800048828,95.01263427734375,29.61996841430664,59.280330657958984,30.37807273864746
2017-04-24,121.4800033569336,205.13035583496094,94.5434341430664,30.270296096801758,58.62551498413086,30.730058670043945
2017-04-25,120.25,206.3239288330078,93.40519714355469,30.466907501220703,58.869327545166016,30.95195960998535
2017-04-26,120.83999633789062,206.19418334960938,93.9205322265625,30.35347557067871,58.430484771728516,30.837177276611328
2017-04-27,120.38999938964844,206.36717224121094,93.88973236083984,30.39884376525879,58.2772331237793,30.737714767456055
2017-04-28,120.7699966430664,205.9174041748047,94.09739685058594,30.37615203857422,57.671173095703125,30.8677978515625
2017-05-01,119.66999816894531,206.4363250732422,93.3151626586914,30.45934295654297,58.01251983642578,30.99022674560547
2017-05-02,119.6500015258789,206.5142364501953,93.7929458618164,30.640830993652344,57.91498947143555,31.143272399902344
2017-05-03,117.9800033569336,206.26332092285156,93.85464477539062,30.54251480102539,57.141788482666016,30.921361923217773
2017-05-04,116.79000091552734,206.50555419921875,93.3922348022461,30.76181983947754,56.86312484741211,30.592336654663086
2017-05-05,117.01000213623047,207.3185272216797,93.47698974609375,31.071853637695312,57.399513244628906,30.768308639526367
2017-05-08,116.75,207.2839813232422,92.96837615966797,30.92818260192871,56.9954719543457,30.577016830444336
2017-05-09,116.05000305175781,207.09371948242188,92.96063232421875,30.875244140625,56.68897247314453,30.921361923217773
2017-05-10,116.04000091552734,207.4656219482422,92.8527603149414,30.920616149902344,57.13479232788086,31.166215896606445
2017-05-11,116.5,207.0417938232422,92.8527603149414,30.860122680664062,56.84918975830078,31.15090560913086
2017-05-12,116.83000183105469,206.69583129882812,93.55410766601562,30.996240615844727,56.61933135986328,31.31924057006836
2017-05-15,117.13999938964844,207.83753967285156,93.29974365234375,31.177719116210938,56.786495208740234,31.61002540588379
2017-05-16,117.6500015258789,207.6472625732422,93.64656066894531,31.336523056030273,56.40336990356445,31.64063835144043
2017-05-17,119.79000091552734,203.96273803710938,95.01067352294922,30.958431243896484,56.63326644897461,31.166215896606445
2017-05-18,118.80999755859375,204.7843780517578,95.11854553222656,31.018918991088867,56.94673156738281,30.592336654663086
2017-05-19,119.4000015258789,206.1163787841797,95.34207916259766,31.37433433532715,57.25322723388672,31.13560676574707
2017-05-22,119.9000015258789,207.16287231445312,95.08000183105469,31.45751190185547,57.47610855102539,31.127948760986328
2017-05-23,119.13999938964844,207.62132263183594,94.44042205810547,31.42727279663086,57.5248908996582,31.112655639648438
2017-05-24,119.61000061035156,208.1056365966797,94.9721450805664,31.49532699584961,57.991634368896484,31.219785690307617
2017-05-25,119.4800033569336,209.1002655029297,95.00294494628906,31.48775863647461,57.99858856201172,31.380477905273438
2017-05-26,120.54000091552734,209.0570068359375,95.1648178100586,31.404590606689453,57.58061981201172,31.456993103027344
2017-05-30,120.13999938964844,208.87538146972656,95.63495635986328,31.351648330688477,57.21839141845703,31.403419494628906
2017-05-31,120.62000274658203,208.8235321044922,95.87385559082031,31.412132263183594,57.25322723388672,31.173871994018555
2017-06-01,120.72000122070312,210.48411560058594,95.88388061523438,31.623865127563477,57.552764892578125,31.403419494628906
2017-06-02,121.61000061035156,211.1847381591797,97.01920318603516,31.926345825195312,58.14488220214844,31.502901077270508
2017-06-05,121.7300033569336,211.029052734375,96.41677856445312,31.790241241455078,57.89407730102539,31.502901077270508
2017-06-06,123.0999984741211,210.3544158935547,96.94194793701172,31.714616775512695,57.615455627441406,31.525856018066406
2017-06-07,122.44999694824219,210.74362182617188,96.47856140136719,31.69192123413086,58.01947784423828,31.502901077270508
2017-06-08,121.6500015258789,210.847412109375,96.22370147705078,31.646560668945312,57.88017654418945,31.564109802246094
2017-06-09,120.54000091552734,210.52737426757812,96.07698059082031,31.53313446044922,58.28417205810547,31.34986114501953
2017-06-12,120.36000061035156,210.48411560058594,96.04605865478516,31.434831619262695,58.80663299560547,31.235088348388672
2017-06-13,120.4800033569336,211.5133819580078,96.0615234375,31.707063674926758,58.939002990722656,31.380477905273438
2017-06-14,119.81999969482422,211.2452392578125,97.54440307617188,31.669239044189453,59.0225944519043,31.35752296447754
2017-06-15,119.31999969482422,210.83876037597656,97.38993072509766,31.328968048095703,59.32212448120117,31.082042694091797
2017-06-16,119.33999633789062,210.88485717773438,97.5829849243164,31.60875129699707,59.16886901855469,31.18152618408203
2017-06-19,118.43000030517578,212.64044189453125,97.4439697265625,31.722185134887695,59.175811767578125,31.388126373291016
2017-06-20,118.18000030517578,211.2063751220703,98.31668090820312,31.434831619262695,59.036502838134766,31.013174057006836
2017-06-21,118.5199966430664,211.15426635742188,98.51753997802734,31.405746459960938,58.9180908203125,31.130990982055664
2017-06-22,118.91999816894531,211.05860900878906,98.73379516601562,31.466964721679688,58.973819732666016,31.246484756469727
2017-06-23,119.43000030517578,211.3107147216797,98.68745422363281,31.535804748535156,59.17849349975586,31.36198616027832
2017-06-26,118.36000061035156,211.4497528076172,99.05809783935547,31.59701919555664,59.60041046142578,31.693086624145508
2017-06-27,118.80999755859375,209.74623107910156,98.00003814697266,31.58936309814453,59.06593322753906,31.36198616027832
2017-06-28,118.9000015258789,211.6235809326172,97.67567443847656,31.872432708740234,59.206600189208984,31.546783447265625
2017-06-29,118.31999969482422,209.76361083984375,96.8570556640625,31.551115036010742,58.531471252441406,31.192590713500977
2017-06-30,118.0199966430664,210.15476989746094,96.63301849365234,31.612319946289062,58.531471252441406,31.438983917236328
2017-07-03,116.08999633789062,210.51112365722656,96.32192993164062,31.551115036010742,59.276920318603516,31.585289001464844
2017-07-05,116.5199966430664,210.997802734375,96.34515380859375,31.566415786743164,58.44007110595703,31.53138542175293
2017-07-06,116.47000122070312,209.06834411621094,95.54801940917969,31.375146865844727,57.342994689941406,31.184890747070312
2017-07-07,115.27999877929688,210.4241943359375,94.97530364990234,31.428714752197266,57.666473388671875,31.26958465576172
2017-07-10,115.47000122070312,210.65017700195312,95.1146469116211,31.482263565063477,57.139034271240234,31.492874145507812
2017-07-11,115.62000274658203,210.4936981201172,95.2771224975586,31.58172607421875,57.07575225830078,31.716190338134766
2017-07-12,116.02999877929688,212.0755157470703,95.93495178222656,31.864791870117188,57.778995513916016,32.31678009033203
2017-07-13,115.81999969482422,212.43186950683594,95.33131408691406,31.95660400390625,57.870445251464844,32.40918731689453
2017-07-14,116.7699966430664,213.42263793945312,95.4473648071289,32.18610382080078,58.425994873046875,32.74027633666992
2017-07-17,117.29000091552734,213.39659118652344,95.71054077148438,32.1325798034668,58.89717102050781,32.570884704589844
2017-07-18,118.11000061035156,213.50962829589844,96.54634857177734,32.201416015625,58.770565032958984,32.62478256225586
2017-07-19,118.08000183105469,214.66549682617188,96.5850601196289,32.354427337646484,59.21363067626953,32.94047927856445
2017-07-20,118.23999786376953,214.76112365722656,96.8636474609375,32.46154022216797,58.93935012817383,32.871185302734375
2017-07-21,119.26000213623047,214.56988525390625,97.27388763427734,32.377384185791016,58.89717102050781,32.801876068115234
2017-07-24,119.30999755859375,214.5177001953125,96.8946762084961,32.31616973876953,58.78464126586914,32.92508316040039
2017-07-25,118.91999816894531,215.0392608642578,95.63313293457031,32.33913803100586,58.86201858520508,32.871185302734375
2017-07-26,119.87999725341797,215.0479278564453,95.78791809082031,32.54570388793945,59.26988983154297,33.10988998413086
2017-07-27,119.79000091552734,214.84800720214844,95.31584167480469,32.42329025268555,59.340206146240234,32.94047927856445
2017-07-28,120.69000244140625,214.59600830078125,95.88079071044922,32.453880310058594,59.17849349975586,33.063690185546875
2017-07-31,120.75,214.47430419921875,95.99688720703125,32.52273941040039,59.25583267211914,33.11756896972656
2017-08-01,120.6500015258789,214.95233154296875,96.67086791992188,32.706363677978516,59.5230598449707,33.256187438964844
2017-08-02,120.4000015258789,215.05662536621094,96.72516632080078,32.69106674194336,58.98155975341797,33.33317947387695
2017-08-03,120.58999633789062,214.63941955566406,97.72572326660156,32.64514923095703,58.86201858520508,33.20997619628906
2017-08-04,119.6500015258789,215.03057861328125,96.895751953125,32.69106674194336,59.05891799926758,33.29469299316406
2017-08-07,119.51000213623047,215.43038940429688,97.0043716430664,32.714012145996094,58.995628356933594,33.556480407714844
2017-08-08,119.86000061035156,214.9001922607422,96.6553726196289,32.54570388793945,58.71433639526367,33.510284423828125
2017-08-09,121.30999755859375,214.89149475097656,97.1827621459961,32.46154022216797,58.51742172241211,33.32548141479492
2017-08-10,122.20999908447266,211.8582305908203,98.01266479492188,31.994842529296875,58.095462799072266,32.555477142333984
2017-08-11,122.79000091552734,212.17112731933594,98.0592041015625,31.987207412719727,57.73680114746094,32.65559005737305
2017-08-14,121.91999816894531,214.27439880371094,97.5550308227539,32.20906066894531,58.70026397705078,32.94047927856445
2017-08-15,120.9800033569336,214.2483367919922,97.14398956298828,32.178466796875,58.52446746826172,32.91738510131836
2017-08-16,121.87000274658203,214.62205505371094,97.50078582763672,32.377384185791016,58.75653076171875,33.31778335571289
2017-08-17,122.48999786376953,211.27590942382812,98.22985076904297,32.010154724121094,58.39084243774414,32.89427947998047
2017-08-18,122.30000305175781,210.94564819335938,98.20657348632812,32.101959228515625,57.80007553100586,33.13298034667969
2017-08-21,122.76000213623047,211.11077880859375,98.447021484375,32.109615325927734,58.41895294189453,33.21767807006836
2017-08-22,122.20999908447266,213.31834411621094,98.06694030761719,32.27028274536133,58.25019454956055,33.510284423828125
2017-08-23,122.66999816894531,212.55355834960938,98.73399353027344,32.28557205200195,58.84794235229492,33.67197799682617
2017-08-24,122.29000091552734,212.0581512451172,98.36945343017578,32.247318267822266,58.66511154174805,33.74897766113281
2017-08-25,122.73999786376953,212.55355834960938,98.74947357177734,32.43859100341797,58.946388244628906,34.03386688232422
2017-08-28,124.69000244140625,212.5622100830078,98.68746185302734,32.43859100341797,58.496299743652344,34.02616882324219
2017-08-29,124.41999816894531,212.80555725097656,99.00548553466797,32.30086898803711,58.433013916015625,33.956878662109375
2017-08-30,124.36000061035156,213.81373596191406,98.97441864013672,32.254981994628906,58.763553619384766,33.99538040161133
2017-08-31,125.81999969482422,215.10012817382812,99.26910400390625,32.530391693115234,59.10108947753906,34.110870361328125
2017-09-01,126.05999755859375,215.4042510986328,98.50982666015625,32.59159851074219,59.305049896240234,34.357269287109375
2017-09-05,127.45999908447266,213.857177734375,100.07200622558594,32.354427337646484,59.143306732177734,34.095481872558594
2017-09-06,126.80999755859375,214.58729553222656,99.45796966552734,32.59159851074219,59.29801940917969,34.34187698364258
2017-09-07,128.1300048828125,214.5612335205078,100.47611999511719,32.85936737060547,59.677764892578125,34.511268615722656
2017-09-08,127.97000122070312,214.30914306640625,100.258544921875,32.85171890258789,59.72699737548828,34.28797149658203
2017-09-11,126.19000244140625,216.59495544433594,99.06163024902344,33.0965461730957,60.27553939819336,34.688358306884766
2017-09-12,126.55999755859375,217.32504272460938,98.54090881347656,33.16539764404297,59.56523895263672,34.62678146362305
2017-09-13,125.61000061035156,217.4293670654297,98.15231323242188,33.01237869262695,59.41054153442383,34.39577102661133
2017-09-14,126.16000366210938,217.3598175048828,98.55644989013672,33.104190826416016,59.90281295776367,34.46507263183594
2017-09-15,125.52999877929688,217.65245056152344,98.5953369140625,33.11948776245117,60.015323638916016,34.696075439453125
2017-09-18,124.36000061035156,218.11534118652344,98.02794647216797,33.17304611206055,59.691837310791016,34.66527557373047
2017-09-19,124.62000274658203,218.33367919921875,97.78704071044922,33.333702087402344,59.29801940917969,34.696075439453125
2017-09-20,123.62000274658203,218.4123077392578,97.85697937011719,33.24843215942383,59.13625717163086,34.59635925292969
2017-09-21,122.68000030517578,217.8271026611328,97.80259704589844,33.194664001464844,59.02374267578125,34.62752151489258
2017-09-22,123.23999786376953,217.8708038330078,98.0823745727539,33.271480560302734,58.6074104309082,34.41718292236328
2017-09-25,124.52999877929688,217.42532348632812,98.69636535644531,33.125518798828125,58.94843673706055,33.77838134765625
2017-09-26,123.13999938964844,217.55638122558594,98.51762390136719,33.00260543823242,59.047908782958984,33.77060317993164
2017-09-27,121.9800033569336,218.4036102294922,97.03315734863281,33.04869079589844,58.51506042480469,33.583621978759766
2017-09-28,122.20999908447266,218.66561889648438,96.74557495117188,33.156246185302734,58.91292953491211,33.59920883178711
2017-09-29,121.58000183105469,219.43423461914062,96.96320343017578,33.348297119140625,59.03369140625,33.941986083984375
2017-10-02,120.7699966430664,220.3862762451172,96.78565216064453,33.30989456176758,58.94843673706055,33.9731330871582
2017-10-03,120.83000183105469,220.8579559326172,96.87908935546875,33.44047927856445,58.86317825317383,34.4405632019043
2017-10-04,121.16999816894531,221.11997985839844,96.88683319091797,33.37904357910156,59.16157913208008,34.47949981689453
2017-10-05,120.5199966430664,222.43016052246094,96.5208511352539,33.348297119140625,59.37471008300781,34.69763946533203
2017-10-06,121.08999633789062,222.1768341064453,96.24830627441406,33.30989456176758,59.18288803100586,34.5651969909668
2017-10-09,122.08000183105469,221.80996704101562,96.5520248413086,33.325252532958984,59.32500076293945,34.448341369628906
2017-10-10,122.4000015258789,222.3951873779297,96.70780181884766,33.63254165649414,59.50261688232422,34.78331756591797
2017-10-11,122.79000091552734,222.74456787109375,96.8946304321289,33.747779846191406,59.70155334472656,34.88459396362305
2017-10-12,122.88999938964844,222.41265869140625,97.30741882324219,33.747779846191406,60.085205078125,34.88459396362305
2017-10-13,123.81999969482422,222.68341064453125,98.0083236694336,33.91679000854492,60.24152755737305,35.19620895385742
2017-10-16,122.97000122070312,222.98040771484375,97.938232421875,33.88605499267578,59.94313430786133,35.1650390625
2017-10-17,122.12999725341797,223.13760375976562,98.06278991699219,33.809234619140625,60.0141487121582,34.993656158447266
2017-10-18,121.66999816894531,223.35598754882812,97.41644287109375,33.87068176269531,59.95021057128906,35.02482604980469
2017-10-19,122.38999938964844,223.41709899902344,97.58776092529297,33.809234619140625,59.77259826660156,34.76774215698242
2017-10-20,121.61000061035156,224.57008361816406,96.5520248413086,33.763145446777344,59.43157196044922,34.9079704284668
2017-10-23,121.80000305175781,223.6966094970703,96.7232894897461,33.67864227294922,59.2042121887207,34.59635925292969
2017-10-24,121.33000183105469,224.0896453857422,96.12368774414062,33.755455017089844,58.84899139404297,34.68983840942383
2017-10-25,121.3499984741211,222.98040771484375,95.66423034667969,33.6171760559082,58.67845153808594,34.611934661865234
2017-10-26,120.33000183105469,223.26861572265625,95.34490966796875,33.57876205444336,58.19533157348633,34.432762145996094
2017-10-27,120.9000015258789,225.09414672851562,95.97570037841797,33.70936965942383,58.45820999145508,34.853431701660156
2017-10-30,121.12999725341797,224.255615234375,96.8946304321289,33.78619384765625,58.40849304199219,34.57297897338867
2017-10-31,120.66999816894531,224.60501098632812,96.92586517333984,33.939823150634766,58.401363372802734,34.76774215698242
2017-11-01,121.11000061035156,224.9019775390625,97.357421875,34.01666259765625,58.68557357788086,34.853431701660156
2017-11-02,121.19000244140625,224.9892578125,97.78663635253906,34.085792541503906,59.18288803100586,34.96249008178711
2017-11-03,120.62000274658203,225.74044799804688,98.05200958251953,34.05506134033203,59.03369140625,34.759944915771484
2017-11-06,121.6500015258789,226.0897979736328,98.41873168945312,34.11652374267578,59.43157196044922,35.09492492675781
2017-11-07,121.20999908447266,225.9326629638672,98.8323745727539,34.00128936767578,59.914703369140625,34.87679672241211
2017-11-08,121.62999725341797,226.31689453125,98.61384582519531,34.14725875854492,60.21308135986328,35.0014533996582
2017-11-09,122.12999725341797,225.4958953857422,98.33292388916016,33.91679000854492,60.27702713012695,34.8690185546875
2017-11-10,121.12999725341797,225.42604064941406,96.8501205444336,33.83228302001953,60.34098815917969,34.7365837097168
2017-11-13,121.30999755859375,225.63558959960938,97.05302429199219,33.70168685913086,60.6464729309082,34.666473388671875
2017-11-14,121.55999755859375,225.111572265625,97.70858001708984,33.670955657958984,60.51860809326172,34.432762145996094
2017-11-15,121.41000366210938,223.98484802246094,98.76995849609375,33.50962829589844,59.90758514404297,34.152313232421875
2017-11-16,121.4000015258789,225.88893127441406,97.9114761352539,33.83228302001953,60.40492248535156,34.759944915771484
2017-11-17,122.86000061035156,225.22509765625,98.63728332519531,33.70168685913086,60.142059326171875,34.9547119140625
2017-11-20,121.30999755859375,225.60940551757812,98.59825134277344,33.763145446777344,59.96445083618164,35.10273361206055
2017-11-21,121.51000213623047,227.08554077148438,98.91046142578125,34.02434158325195,60.41203308105469,35.538978576660156
2017-11-22,122.62999725341797,226.8846893310547,99.2303695678711,34.13957214355469,60.27702713012695,35.655826568603516
2017-11-24,122.31999969482422,227.40870666503906,98.95726013183594,34.35466003417969,60.35517120361328,35.52339553833008
2017-11-27,122.83000183105469,227.295166015625,98.8167724609375,34.13957214355469,60.07099533081055,35.15725326538086
2017-11-28,122.80999755859375,229.60105895996094,98.949462890625,34.308570861816406,59.8436279296875,35.36758041381836
2017-11-29,122.04000091552734,229.46131896972656,97.97393035888672,34.16261291503906,59.864952087402344,34.87679672241211
2017-11-30,121.0999984741211,231.47024536132812,97.64612579345703,34.231754302978516,59.95730209350586,34.650882720947266
2017-12-01,121.58999633789062,230.98980712890625,98.96385192871094,34.13188552856445,60.09939956665039,34.3159065246582
2017-12-04,121.18000030517578,230.7103271484375,99.01075744628906,33.99361801147461,59.801021575927734,34.432762145996094
2017-12-05,120.31999969482422,229.8805694580078,99.50340270996094,33.947509765625,59.3036994934082,34.378231048583984
2017-12-06,120.06999969482422,229.9242401123047,99.8475112915039,33.793880462646484,59.24685287475586,33.94978332519531
2017-12-07,118.48999786376953,230.64918518066406,99.06549835205078,33.89372634887695,59.39604949951172,33.99650955200195
2017-12-08,118.4800033569336,231.90695190429688,99.07331085205078,34.085792541503906,59.70155334472656,34.38602828979492
2017-12-11,118.01000213623047,232.6056671142578,98.87000274658203,34.15493392944336,59.694435119628906,34.611934661865234
2017-12-12,118.1500015258789,233.01617431640625,98.83089447021484,34.177978515625,59.98573303222656,34.36265563964844
2017-12-13,119.16999816894531,232.9901123046875,99.57379913330078,34.32392883300781,60.085205078125,34.7365837097168
2017-12-14,118.93000030517578,232.03793334960938,99.99613189697266,34.16261291503906,60.07099533081055,34.51845932006836
2017-12-15,119.18000030517578,233.97021484375,100.3714599609375,34.13957214355469,60.44755172729492,34.611934661865234
2017-12-18,119.7300033569336,235.45391845703125,99.45653533935547,34.5236701965332,60.845394134521484,34.97030258178711
2017-12-19,119.81999969482422,234.5496368408203,98.16622161865234,34.41611099243164,59.55236053466797,34.87679672241211
2017-12-20,120.13999938964844,234.4267578125,97.0792007446289,34.3930778503418,58.86317825317383,34.923545837402344
2017-12-21,120.30999755859375,234.90956115722656,97.64503479003906,34.50323486328125,58.63520812988281,35.2695198059082
2017-12-22,120.94000244140625,234.84812927246094,97.77822875976562,34.588558197021484,59.03922653198242,35.55913162231445
2017-12-26,121.7699966430664,234.56723022460938,98.06816101074219,34.5963134765625,59.335044860839844,35.59825897216797
2017-12-27,122.2300033569336,234.6813201904297,99.34553527832031,34.681640625,59.529815673828125,35.59042739868164
2017-12-28,122.8499984741211,235.16412353515625,99.25936126708984,34.79023361206055,59.84729766845703,35.76262664794922
2017-12-29,123.6500015258789,234.27749633789062,99.41609191894531,34.797996520996094,59.86893081665039,35.93482208251953
2018-01-02,125.1500015258789,235.95431518554688,98.34249114990234,35.100521087646484,59.645267486572266,36.55318069458008
2018-01-03,124.81999969482422,237.4467010498047,98.8126449584961,35.317718505859375,59.47211456298828,36.90540313720703
2018-01-04,125.45999908447266,238.44752502441406,98.79698944091797,35.635765075683594,58.4476203918457,37.13240051269531
2018-01-05,125.33000183105469,240.0365753173828,98.51492309570312,35.80640411376953,58.47646713256836,37.46113586425781
2018-01-08,125.30999755859375,240.4754180908203,98.4521713256836,35.7908935546875,58.77949142456055,37.468963623046875
2018-01-09,124.7300033569336,241.0198974609375,97.13558959960938,35.82191848754883,58.02193832397461,37.46113586425781
2018-01-10,125.02999877929688,240.65103149414062,97.01808166503906,35.72883605957031,57.37259292602539,37.29676818847656
2018-01-11,125.44000244140625,242.40689086914062,97.41773223876953,35.9615478515625,57.17777633666992,37.539405822753906
2018-01-12,126.95999908447266,243.9871063232422,97.58226776123047,36.30286407470703,56.716060638427734,37.93860626220703
2018-01-16,127.16999816894531,243.15306091308594,97.98979187011719,36.26408004760742,56.82426071166992,37.75074768066406
2018-01-17,126.13999938964844,245.47079467773438,97.85657501220703,36.45798873901367,57.221092224121094,38.28300476074219
2018-01-18,125.86000061035156,245.05816650390625,96.94754028320312,36.372676849365234,56.48516845703125,38.345611572265625
2018-01-19,126.41999816894531,246.17308044433594,96.43814849853516,36.53557586669922,56.788204193115234,38.70566940307617
2018-01-22,126.6500015258789,248.17466735839844,96.5322036743164,36.729496002197266,57.30766677856445,39.01874542236328
2018-01-23,127.27999877929688,248.70147705078125,96.94754028320312,36.845855712890625,58.101295471191406,39.159637451171875
2018-01-24,128.8300018310547,248.60488891601562,96.42249298095703,36.96220016479492,57.79827117919922,39.51969528198242
2018-01-25,127.97000122070312,248.71014404296875,97.2139892578125,36.83032989501953,57.697265625,39.378822326660156
2018-01-26,128.07000732421875,251.58981323242188,96.85350036621094,37.1406135559082,57.495243072509766,39.903236389160156
2018-01-29,127.3499984741211,249.9217071533203,96.17953491210938,36.799312591552734,56.723243713378906,39.277061462402344
2018-01-30,126.80000305175781,247.3582000732422,95.61528778076172,36.520057678222656,56.31201171875,38.776119232177734
2018-01-31,127.6500015258789,247.4812469482422,96.17953491210938,36.45023727416992,57.32207107543945,39.01093673706055
2018-02-01,128.07000732421875,247.2002716064453,94.78562927246094,36.54332733154297,56.08836364746094,38.64304733276367
2018-02-02,126.38999938964844,241.8187255859375,93.90608978271484,35.75210952758789,55.612159729003906,37.77422332763672
2018-02-05,126.70999908447266,231.70521545410156,94.79347229003906,34.29379653930664,53.959964752197266,36.56100845336914
2018-02-06,125.37999725341797,236.27032470703125,94.20450592041016,34.96089553833008,53.96717834472656,37.468963623046875
2018-02-07,124.79000091552734,234.9885711669922,93.30928802490234,34.487709045410156,53.736297607421875,36.40446472167969
2018-02-08,124.9800033569336,226.17442321777344,93.20719146728516,33.63443374633789,52.19232940673828,35.191246032714844
2018-02-09,124.7699966430664,229.57191467285156,92.6181869506836,33.867164611816406,53.49821472167969,35.72349548339844
2018-02-12,125.37000274658203,232.943115234375,93.02656555175781,34.31706237792969,53.51986312866211,36.21660614013672
2018-02-13,126.08000183105469,233.52252197265625,93.44278717041016,34.18518829345703,53.89501953125,36.498382568359375
2018-02-14,128.22999572753906,236.67416381835938,92.40618133544922,34.860042572021484,53.505435943603516,37.24979782104492
2018-02-15,128.3800048828125,239.6941680908203,92.72032165527344,35.08501052856445,54.02488708496094,37.94642639160156
2018-02-16,127.95999908447266,239.764404296875,93.22289276123047,35.20912551879883,54.320709228515625,37.80553436279297
2018-02-20,126.23999786376953,238.26315307617188,92.81451416015625,34.852298736572266,53.6786003112793,37.468963623046875
2018-02-21,125.66000366210938,237.07801818847656,91.67584228515625,34.720428466796875,52.618011474609375,37.42200469970703
2018-02-22,126.30000305175781,237.38536071777344,91.95069885253906,34.86782455444336,53.216835021972656,37.468963623046875
2018-02-23,126.13999938964844,241.1690216064453,92.76740264892578,35.21686553955078,54.068206787109375,38.079498291015625
2018-02-26,126.44999694824219,243.96951293945312,92.79881286621094,35.49612045288086,54.219703674316406,38.439544677734375
2018-02-27,125.12999725341797,240.92320251464844,92.66532135009766,34.9531364440918,52.95709228515625,37.406341552734375
2018-02-28,125.0,238.482666015625,93.25428771972656,34.588558197021484,52.921024322509766,36.921058654785156
2018-03-01,124.72000122070312,235.01499938964844,93.89089965820312,34.138648986816406,52.971519470214844,36.91323471069336
2018-03-02,125.38999938964844,236.2264862060547,93.12762451171875,34.239505767822266,52.94989013671875,37.00716018676758
2018-03-05,125.18000030517578,238.95675659179688,92.87577819824219,34.37912368774414,53.54871368408203,37.116737365722656
2018-03-06,126.52999877929688,239.5624237060547,92.96236419677734,34.66611862182617,53.80123519897461,37.22632598876953
2018-03-07,125.72000122070312,239.4747314453125,92.8600845336914,34.627342224121094,54.13311004638672,37.21849822998047
2018-03-08,125.41999816894531,240.63348388671875,93.3951644897461,34.728187561035156,54.2341194152832,37.24197769165039
2018-03-09,125.54000091552734,244.8210906982422,92.78141021728516,34.984161376953125,54.52992630004883,37.90728759765625
2018-03-12,125.54000091552734,244.51385498046875,93.31649780273438,35.038455963134766,54.76804733276367,38.04035949707031
2018-03-13,125.77999877929688,242.93360900878906,93.78857421875,34.82126998901367,54.81853103637695,37.6724739074707
2018-03-14,125.69999694824219,241.68699645996094,94.61479949951172,34.87556076049805,54.86904525756836,37.71944046020508
2018-03-15,124.9000015258789,241.423583984375,94.61479949951172,34.86782455444336,54.85460662841797,37.57072448730469
2018-03-16,124.5999984741211,241.68545532226562,94.27647399902344,34.82126998901367,55.23699188232422,37.453304290771484
2018-03-19,124.87000274658203,238.41534423828125,93.97747802734375,34.53425598144531,54.76081085205078,37.10108947753906
2018-03-20,124.30999755859375,238.8208770751953,93.5997314453125,34.56528854370117,54.5732307434082,37.42200469970703
2018-03-21,126.4800033569336,238.3624267578125,93.70208740234375,34.650611877441406,54.16920852661133,37.62551498413086
2018-03-22,125.9800033569336,232.4040985107422,94.63056945800781,34.01454162597656,53.85173797607422,36.435768127441406
2018-03-23,127.61000061035156,227.45050048828125,94.55972290039062,33.595664978027344,52.89215850830078,35.90351486206055
2018-03-26,128.27999877929688,233.6732940673828,94.19779968261719,34.19675827026367,53.49391174316406,36.98499298095703
2018-03-27,127.48999786376953,229.69815063476562,95.20496368408203,33.91645050048828,53.69788360595703,36.43601989746094
2018-03-28,125.7300033569336,229.0194091796875,95.45677185058594,34.079959869384766,55.045616149902344,36.18505859375
2018-03-29,125.79000091552734,231.94573974609375,95.92105102539062,34.453697204589844,54.980064392089844,36.84382247924805
2018-04-02,127.26000213623047,226.9392852783203,96.11030578613281,33.93980026245117,54.236976623535156,36.30270004272461
2018-04-03,126.30000305175781,229.84791564941406,95.3690414428711,34.204532623291016,54.69593811035156,36.655609130859375
2018-04-04,126.44999694824219,232.30712890625,95.17192077636719,34.282386779785156,55.27147674560547,36.77324295043945
2018-04-05,125.80000305175781,234.14047241210938,94.46223449707031,34.539344787597656,55.24959182739258,36.8516731262207
2018-04-06,126.38999938964844,228.92242431640625,95.49520874023438,34.25904846191406,54.8343620300293,36.20075607299805
2018-04-09,126.81999969482422,230.05072021484375,95.65294647216797,34.55491638183594,54.65950393676758,36.16937255859375
2018-04-10,127.12000274658203,233.70860290527344,95.47940826416016,34.936424255371094,54.60121536254883,36.84382247924805
2018-04-11,128.11000061035156,232.48341369628906,95.81851196289062,34.772926330566406,54.717777252197266,36.890892028808594
2018-04-12,126.62000274658203,234.3960723876953,95.11670684814453,34.9052848815918,54.1058349609375,36.88303756713867
2018-04-13,127.44999694824219,233.70860290527344,95.3375015258789,34.936424255371094,54.389976501464844,36.49875259399414
2018-04-16,127.62999725341797,235.63002014160156,95.3690414428711,34.99872589111328,54.72508239746094,36.53013610839844
2018-04-17,127.75,238.1509552001953,95.62925720214844,35.17781066894531,55.36614227294922,36.56149673461914
2018-04-18,127.8499984741211,238.32720947265625,94.8643798828125,35.38802719116211,55.24959182739258,36.82030487060547
2018-04-19,127.5999984741211,237.00506591796875,94.09156799316406,35.224517822265625,54.448238372802734,36.61640167236328
2018-04-20,126.62999725341797,234.99539184570312,93.41339111328125,35.053226470947266,53.945579528808594,36.18505859375
2018-04-23,125.62000274658203,234.9601287841797,93.43708801269531,35.0142936706543,53.901878356933594,35.94194412231445
2018-04-24,126.2300033569336,231.79588317871094,93.01122283935547,34.85857391357422,54.1058349609375,35.77725601196289
2018-04-25,125.41000366210938,232.36880493164062,92.38829040527344,34.78071594238281,54.00385284423828,35.510616302490234
2018-04-26,124.97000122070312,234.7310028076172,93.03488159179688,35.037654876708984,54.71050262451172,35.87919998168945
2018-04-27,125.5,234.9513397216797,93.75249481201172,35.07658004760742,55.65026092529297,36.06743621826172
2018-04-30,124.58999633789062,233.14450073242188,93.91810607910156,34.88972854614258,55.431724548339844,35.824310302734375
2018-05-01,123.70999908447266,233.55874633789062,93.5798568725586,34.85857391357422,55.93439483642578,35.620399475097656
2018-05-02,123.6500015258789,231.98977661132812,93.47711944580078,34.811851501464844,55.730403900146484,35.3851318359375
2018-05-03,124.27999877929688,231.47854614257812,93.89595794677734,34.881927490234375,55.69398880004883,35.275333404541016
2018-05-04,124.54000091552734,234.47537231445312,94.03824615478516,35.0142936706543,56.30591583251953,35.447872161865234
2018-05-07,124.56999969482422,235.26873779296875,93.8880615234375,35.00650405883789,56.68474197387695,35.353763580322266
2018-05-08,124.58999633789062,235.26873779296875,93.8011245727539,35.00650405883789,56.400630950927734,35.53413772583008
2018-05-09,124.33000183105469,237.5426788330078,93.239990234375,35.11551284790039,56.77946090698242,35.581180572509766
2018-05-10,125.18000030517578,239.76393127441406,93.99080657958984,35.36466598510742,57.22383499145508,36.28701400756836
2018-05-11,125.0,240.49546813964844,94.22794342041016,35.434749603271484,57.027164459228516,36.161529541015625
2018-05-14,124.48999786376953,240.61009216308594,93.72998046875,35.497032165527344,56.53905487060547,36.271331787109375
2018-05-15,122.4800033569336,238.9530487060547,92.66309356689453,35.201171875,55.62112045288086,35.581180572509766
2018-05-16,122.29000091552734,239.95785522460938,92.30745697021484,35.31016540527344,55.453582763671875,36.0831184387207
2018-05-17,122.36000061035156,239.75509643554688,91.8411865234375,35.356876373291016,55.1767463684082,35.581180572509766
2018-05-18,122.41000366210938,239.1557159423828,92.63148498535156,35.23230743408203,55.24959182739258,35.25180435180664
2018-05-21,122.4800033569336,240.95384216308594,92.67889404296875,35.45810317993164,55.90525436401367,35.47924041748047
2018-05-22,122.41000366210938,240.28396606445312,92.53662109375,35.434749603271484,55.985382080078125,35.620399475097656
2018-05-23,122.54000091552734,240.94497680664062,93.20838928222656,35.09994125366211,56.54634094238281,35.463558197021484
2018-05-24,123.58999633789062,240.45138549804688,93.95130157470703,34.98314666748047,56.42976760864258,35.33808135986328
2018-05-25,123.20999908447266,239.87847900390625,94.53611755371094,34.78848648071289,56.626468658447266,35.424346923828125
2018-05-29,123.19000244140625,237.1197052001953,96.60665130615234,34.08774185180664,56.89599609375,34.64009475708008
2018-05-30,123.37000274658203,240.28396606445312,95.95867156982422,34.57826614379883,57.66822814941406,34.945960998535156
2018-05-31,123.0999984741211,238.81202697753906,95.80058288574219,34.391395568847656,57.47154998779297,34.98516845703125
2018-06-01,122.48999786376953,241.15655517578125,95.29441833496094,34.648338317871094,57.72650146484375,35.377288818359375
2018-06-04,122.37000274658203,242.30238342285156,94.60527038574219,34.8040771484375,58.22917556762695,35.745880126953125
2018-06-05,122.8499984741211,242.47872924804688,94.8270492553711,34.765132904052734,58.076202392578125,35.43219757080078
2018-06-06,122.91999816894531,244.50592041015625,94.05867004394531,35.06101608276367,58.214595794677734,35.94194412231445
2018-06-07,122.86000061035156,244.47947692871094,94.96963500976562,34.85857391357422,58.214595794677734,35.392974853515625
2018-06-08,123.01000213623047,245.20233154296875,94.6844711303711,34.920860290527344,58.425865173339844,35.36944580078125
2018-06-11,123.2300033569336,245.52842712402344,94.51018524169922,35.14665603637695,58.338443756103516,35.3223991394043
2018-06-12,122.81999969482422,245.84567260742188,94.5339584350586,34.92865753173828,58.6881217956543,35.29886245727539
2018-06-13,123.19000244140625,245.06117248535156,94.48645782470703,34.9442138671875,57.54437255859375,35.040069580078125
2018-06-14,123.37999725341797,245.67832946777344,95.2706527709961,34.85857391357422,58.09075927734375,34.851844787597656
2018-06-15,121.33999633789062,245.3647918701172,95.35779571533203,34.61720275878906,58.05432891845703,34.66362380981445
2018-06-18,121.11000061035156,244.86016845703125,95.2706527709961,34.37583923339844,58.07050323486328,34.2636604309082
2018-06-19,120.80000305175781,243.921630859375,95.82514190673828,34.00209426879883,58.01167297363281,33.87153244018555
2018-06-20,120.26000213623047,244.33779907226562,94.98554229736328,34.072174072265625,58.65871047973633,33.98133850097656
2018-06-21,120.05000305175781,242.80609130859375,95.48453521728516,33.83857727050781,58.93811798095703,33.50293731689453
2018-06-22,120.33999633789062,243.248779296875,95.47660827636719,34.20126724243164,59.40131378173828,33.775264739990234
2018-06-25,119.88999938964844,239.9374542236328,95.69048309326172,33.72032165527344,59.24691390991211,33.3332405090332
2018-06-26,119.26000213623047,240.46868896484375,95.82514190673828,33.759742736816406,59.438072204589844,33.19905471801758
2018-06-27,118.58000183105469,238.47659301757812,96.72818756103516,33.4522705078125,59.21014404296875,32.46498107910156
2018-06-28,118.22000122070312,239.84007263183594,96.75196838378906,33.570526123046875,59.739524841308594,32.772823333740234
2018-06-29,118.6500015258789,240.18545532226562,96.41925811767578,33.82282638549805,59.88658905029297,33.30956268310547
2018-07-02,117.45999908447266,240.6988525390625,96.34381866455078,33.46015548706055,59.55574035644531,32.946468353271484
2018-07-03,118.6500015258789,239.848876953125,96.85987854003906,33.53110122680664,60.00422286987305,32.97803497314453
2018-07-05,119.05000305175781,241.80557250976562,97.13776397705078,33.74397659301758,60.717437744140625,32.946468353271484
2018-07-06,118.86000061035156,243.85084533691406,97.45535278320312,33.97261428833008,61.040931701660156,33.34903335571289
2018-07-09,119.1500015258789,246.0464630126953,96.82807922363281,34.280094146728516,60.55567932128906,33.95680618286133
2018-07-10,118.93000030517578,246.93186950683594,96.82019805908203,34.31951141357422,60.68064880371094,33.925228118896484
2018-07-11,117.63999938964844,245.1258087158203,97.19332885742188,33.72032165527344,60.482147216796875,33.29376220703125
2018-07-12,118.12999725341797,247.3480987548828,97.18538665771484,34.004154205322266,60.66594696044922,33.75947952270508
2018-07-13,117.61000061035156,247.54278564453125,97.43151092529297,34.0987548828125,60.482147216796875,33.78316116333008
2018-07-16,117.55000305175781,247.321533203125,97.02659606933594,34.10664749145508,60.15864562988281,33.59371566772461
2018-07-17,116.27999877929688,248.322021484375,96.84400177001953,34.146060943603516,59.7615966796875,33.85419464111328
2018-07-18,116.30999755859375,248.84434509277344,96.45500946044922,34.161842346191406,59.49690628051758,33.822628021240234
2018-07-19,115.80999755859375,247.90582275390625,97.06632232666016,34.01992416381836,60.19539260864258,33.435848236083984
2018-07-20,116.55999755859375,247.62254333496094,95.87541198730469,34.22490310668945,59.614540100097656,33.86997604370117
2018-07-23,116.0,248.08294677734375,94.69244384765625,34.16971969604492,59.48955535888672,33.767364501953125
2018-07-24,116.04000091552734,249.3313751220703,95.01793670654297,34.38259506225586,59.18809509277344,34.27253341674805
2018-07-25,116.68000030517578,251.45623779296875,94.86714172363281,34.64276885986328,59.658660888671875,34.81718063354492
2018-07-26,115.7699966430664,250.8630828857422,94.68449401855469,34.5008544921875,59.85718536376953,34.47776794433594
2018-07-27,115.83000183105469,249.1631317138672,94.84329986572266,34.58757400512695,59.21750259399414,34.525115966796875
2018-07-30,115.6500015258789,247.86163330078125,94.517822265625,34.563926696777344,59.25424575805664,34.47776794433594
2018-07-31,115.98999786376953,249.0834197998047,95.03382110595703,34.595455169677734,60.24687194824219,34.6356201171875
2018-08-01,115.13999938964844,248.66726684570312,94.25960540771484,34.477203369140625,60.67332458496094,34.37514877319336
2018-08-02,114.5199966430664,250.02197265625,94.39485931396484,34.21702575683594,60.43067169189453,33.98048400878906
2018-08-03,114.91999816894531,251.09326171875,94.8643569946289,34.264320373535156,61.085052490234375,34.1935920715332
2018-08-06,114.33000183105469,252.0141143798828,94.92007446289062,34.0987548828125,61.004173278808594,33.933128356933594
2018-08-07,114.58999633789062,252.84625244140625,94.42669677734375,34.311649322509766,60.89388656616211,34.240970611572266
2018-08-08,114.91000366210938,252.74009704589844,94.5221939086914,34.30375671386719,60.540958404541016,34.16202926635742
2018-08-09,114.73999786376953,252.39474487304688,95.31792449951172,34.24066925048828,60.570369720458984,34.11466598510742
2018-08-10,114.69000244140625,250.7036590576172,96.01016235351562,33.594181060791016,60.107173919677734,33.435848236083984
2018-08-13,112.95999908447266,249.76513671875,95.8112564086914,33.428611755371094,59.98952102661133,32.899105072021484
2018-08-14,113.06999969482422,251.35887145996094,95.59637451171875,33.475914001464844,60.283626556396484,33.09644317626953
2018-08-15,111.19000244140625,249.48194885253906,96.15338897705078,32.96345901489258,60.74685287475586,32.12557601928711
2018-08-16,111.0999984741211,251.50050354003906,96.14542388916016,33.19208908081055,61.239444732666016,32.35447692871094
2018-08-17,112.12999725341797,252.38589477539062,96.26480102539062,33.41284942626953,61.80560302734375,32.6307373046875
2018-08-20,112.69000244140625,252.92604064941406,96.90931701660156,33.55476760864258,61.84971618652344,32.772823333740234
2018-08-21,113.0199966430664,253.5191650390625,96.58308410644531,33.7755012512207,61.474735260009766,33.128021240234375
2018-08-22,113.2699966430664,253.3686065673828,96.96504211425781,33.94107437133789,61.12916564941406,33.325355529785156
2018-08-23,112.19999694824219,253.0322265625,97.11618041992188,33.68879318237305,60.974769592285156,32.80438232421875
2018-08-24,114.16000366210938,254.55502319335938,97.30718231201172,33.94107437133789,61.33502960205078,33.29376220703125
2018-08-27,114.58999633789062,256.56494140625,96.75020599365234,34.406246185302734,61.11447525024414,33.838409423828125
2018-08-28,113.68000030517578,256.6888122558594,96.16931915283203,34.327392578125,61.937950134277344,33.67264938354492
2018-08-29,114.19999694824219,258.0700378417969,96.29660034179688,34.51662063598633,61.95265579223633,33.862091064453125
2018-08-30,113.63999938964844,257.02520751953125,96.50353240966797,34.20914840698242,61.55561828613281,32.96225357055664
2018-08-31,113.51000213623047,257.0340270996094,96.28071594238281,33.996273040771484,61.79823684692383,33.18325424194336
2018-09-04,112.93000030517578,256.59136962890625,95.72405242919922,33.65725326538086,61.06298828125,32.4412956237793
2018-09-05,113.31999969482422,255.9008331298828,95.4688491821289,33.40496063232422,61.41591262817383,32.093997955322266
2018-09-06,113.54000091552734,255.13055419921875,95.81977081298828,33.28670120239258,61.59236526489258,32.078208923339844
2018-09-07,113.2300033569336,254.63482666015625,95.00629425048828,33.018638610839844,60.92327880859375,31.936134338378906
2018-09-10,113.1500015258789,255.0775146484375,95.35719299316406,33.19996643066406,61.195350646972656,31.557266235351562
2018-09-11,113.22000122070312,255.91854858398438,94.6314697265625,33.247283935546875,61.18800354003906,31.596725463867188
2018-09-12,114.16999816894531,255.98048400878906,94.85478210449219,33.389190673828125,61.217411041259766,31.794044494628906
2018-09-13,113.76000213623047,257.4944763183594,94.99828338623047,33.60205841064453,61.518863677978516,32.19660186767578
2018-09-14,113.0199966430664,257.538818359375,94.543701171875,33.67300796508789,61.12916564941406,32.15715026855469
2018-09-17,113.61000061035156,256.1752624511719,94.543701171875,33.70455551147461,61.32768249511719,31.904573440551758
2018-09-18,113.44000244140625,257.5653076171875,93.5548324584961,34.05145263671875,61.03358459472656,32.15715026855469
2018-09-19,113.87999725341797,257.83984375,92.99661254882812,34.16971969604492,60.320404052734375,32.59127426147461
2018-09-20,114.2699966430664,259.9293518066406,93.42727661132812,34.5402717590332,60.88652420043945,32.85964584350586
2018-09-21,113.48999786376953,259.6917724609375,93.38737487792969,34.548152923583984,60.864471435546875,32.99382019042969
2018-09-24,113.47000122070312,258.8291320800781,93.14811706542969,34.39836883544922,59.77149200439453,32.5833740234375
2018-09-25,113.6500015258789,258.58905029296875,93.05242156982422,34.563926696777344,59.77893829345703,32.788597106933594
2018-09-26,113.05000305175781,257.8152160644531,93.70635223388672,34.578163146972656,59.063201904296875,32.84847640991211
2018-09-27,112.05000305175781,258.5356750488281,93.77018737792969,34.48322296142578,59.34650802612305,32.94430160522461
2018-09-28,112.76000213623047,258.5622863769531,93.52295684814453,34.23793029785156,60.15174102783203,32.73670196533203
2018-10-01,112.56999969482422,259.4605407714844,92.83636474609375,34.32497024536133,59.5925407409668,32.81654357910156
2018-10-02,113.87000274658203,259.3094177246094,93.40387725830078,34.10341262817383,59.45835494995117,32.4652214050293
2018-10-03,113.41999816894531,259.4516906738281,91.78132629394531,34.048011779785156,58.824607849121094,32.19375228881836
2018-10-04,113.4800033569336,257.4238586425781,91.13391876220703,33.61282730102539,58.33256530761719,31.459177017211914
2018-10-05,113.80000305175781,255.98306274414062,90.35062408447266,33.44667053222656,58.30274200439453,31.315441131591797
2018-10-08,112.54000091552734,255.98306274414062,90.04685974121094,33.264671325683594,59.145225524902344,31.371341705322266
2018-10-09,112.5999984741211,255.6095733642578,90.95808410644531,33.1459846496582,59.22724914550781,31.291486740112305
2018-10-10,112.87999725341797,247.51608276367188,90.71028137207031,32.3942756652832,58.34746551513672,30.421173095703125
2018-10-11,115.77999877929688,242.06417846679688,91.81329345703125,31.943262100219727,56.67741012573242,30.149707794189453
2018-10-12,115.2300033569336,245.42605590820312,91.49359893798828,32.10150909423828,56.52830123901367,30.916215896606445
2018-10-15,116.0,244.04757690429688,91.45362091064453,32.0461311340332,56.90854263305664,30.61280632019043
2018-10-16,115.80000305175781,249.3838348388672,91.66141510009766,32.60001754760742,58.079078674316406,31.315441131591797
2018-10-17,115.79000091552734,249.4282989501953,91.11792755126953,32.40220260620117,57.855403900146484,30.940174102783203
2018-10-18,115.91999816894531,245.8263397216797,91.08592987060547,31.887874603271484,57.74357223510742,30.133729934692383
2018-10-19,116.01000213623047,245.69293212890625,90.88611602783203,32.054039001464844,58.24308395385742,30.41319465637207
2018-10-22,115.70999908447266,244.59010314941406,90.76625061035156,31.903709411621094,57.4304313659668,30.732582092285156
2018-10-23,116.38999938964844,243.34490966796875,91.05400085449219,31.579275131225586,57.68392562866211,30.429166793823242
2018-10-24,116.66000366210938,235.97189331054688,91.7413330078125,30.708900451660156,58.228172302246094,29.542875289916992
2018-10-25,116.4000015258789,240.2053680419922,91.35768127441406,31.04913902282715,58.973731994628906,30.101795196533203
2018-10-26,116.7699966430664,235.9807891845703,91.90918731689453,30.78801918029785,57.55718231201172,29.870237350463867
2018-10-29,116.30999755859375,234.6733856201172,91.70140075683594,30.66142463684082,58.28782272338867,29.287370681762695
2018-10-30,115.80000305175781,238.1509246826172,91.24581909179688,31.041231155395508,59.085575103759766,29.886220932006836
2018-10-31,115.1500015258789,240.69454956054688,90.7822036743164,31.2944278717041,58.39219665527344,30.22956657409668
2018-11-01,116.62999725341797,243.2559814453125,90.86634063720703,31.705886840820312,58.66805648803711,31.315441131591797
2018-11-02,116.6500015258789,241.81512451171875,89.73664093017578,31.792930603027344,58.18344497680664,31.4272403717041
2018-11-05,116.37000274658203,243.1492462158203,90.08915710449219,31.7770938873291,59.04828643798828,31.570959091186523
2018-11-06,116.04000091552734,244.68785095214844,90.03308868408203,31.943262100219727,59.34650802612305,31.45117950439453
2018-11-07,116.02999877929688,249.92642211914062,90.15327453613281,32.33890151977539,60.054805755615234,32.010108947753906
2018-11-08,115.77999877929688,249.47279357910156,90.1452407836914,32.01447677612305,60.099525451660156,31.235605239868164
2018-11-09,114.4800033569336,247.03585815429688,90.81824493408203,31.785015106201172,60.09208297729492,30.700639724731445
2018-11-12,113.66000366210938,242.4199676513672,91.41118621826172,31.239030838012695,60.211368560791016,30.293424606323242
2018-11-13,113.69999694824219,241.96640014648438,91.3551025390625,31.35772705078125,60.15174102783203,30.652734756469727
2018-11-14,114.63999938964844,240.3121795654297,91.41118621826172,31.38936996459961,60.00261688232422,30.89226722717285
2018-11-15,114.7699966430664,242.82015991210938,91.37115478515625,31.49224281311035,59.5925407409668,31.499099731445312
2018-11-16,115.62000274658203,243.45169067382812,91.89991760253906,31.523893356323242,60.23374938964844,31.610877990722656
2018-11-19,115.66999816894531,239.33383178710938,92.15628051757812,31.262779235839844,60.315738677978516,31.21963882446289
2018-11-20,115.66999816894531,234.9046630859375,92.18836975097656,30.685155868530273,59.69693374633789,30.564897537231445
2018-11-21,115.86000061035156,235.705078125,92.15628051757812,31.136180877685547,59.74911880493164,31.139789581298828
2018-11-23,115.7699966430664,234.13087463378906,92.25245666503906,30.930444717407227,59.62981414794922,30.81243324279785
2018-11-26,115.63999938964844,237.9108123779297,92.04413604736328,31.34981918334961,59.741661071777344,31.02800750732422
2018-11-27,114.94999694824219,238.71119689941406,92.14827728271484,31.254865646362305,59.99516296386719,31.251575469970703
2018-11-28,115.37999725341797,244.2075958251953,91.6996078491211,31.71379852294922,60.5319709777832,31.94623374938965
2018-11-29,115.73999786376953,243.67404174804688,92.0601577758789,31.563457489013672,60.546871185302734,31.73064613342285
2018-11-30,115.54000091552734,245.1592559814453,92.4046859741211,31.452674865722656,61.120948791503906,31.69072914123535
2018-12-03,116.41000366210938,248.4055633544922,93.060791015625,31.872047424316406,61.44898223876953,32.32149887084961
2018-12-04,117.12000274658203,240.35658264160156,94.61876678466797,31.06495475769043,60.53941345214844,31.722667694091797
2018-12-06,117.13999938964844,239.99197387695312,94.91590118408203,30.772205352783203,62.0379753112793,31.4671573638916
2018-12-07,118.08999633789062,234.41551208496094,95.09262084960938,30.447782516479492,61.225311279296875,30.836374282836914
2018-12-10,117.68000030517578,234.8601837158203,95.48612976074219,30.186662673950195,60.83018112182617,30.47706413269043
2018-12-11,117.54000091552734,234.91357421875,95.47006225585938,30.218307495117188,60.85999298095703,30.788480758666992
2018-12-12,117.79000091552734,236.0963897705078,95.04438781738281,30.693071365356445,59.920597076416016,31.251575469970703
2018-12-13,117.52999877929688,236.01637268066406,94.8195571899414,30.637680053710938,60.26688766479492,31.29947853088379
2018-12-14,117.05999755859375,231.6584014892578,95.1488265991211,30.218307495117188,60.09336853027344,30.90823745727539
2018-12-17,117.87000274658203,227.11363220214844,95.70291900634766,29.957195281982422,57.82999038696289,30.572891235351562
2018-12-18,118.1500015258789,226.86465454101562,96.27611541748047,29.988853454589844,58.42599868774414,30.764509201049805
2018-12-19,117.43000030517578,223.46714782714844,97.54796600341797,29.6644287109375,57.78469467163086,30.253501892089844
2018-12-20,119.23999786376953,219.8295440673828,97.19375610351562,29.553651809692383,56.91706466674805,30.48505210876465
2018-12-21,118.72000122070312,215.32533264160156,97.17769622802734,28.976028442382812,56.1248664855957,30.237531661987305
2018-12-24,120.0199966430664,209.63583374023438,97.66064453125,28.659374237060547,54.12553405761719,30.003583908081055
2018-12-26,119.66000366210938,220.22764587402344,96.61417388916016,29.387042999267578,55.93625259399414,30.534196853637695
2018-12-27,120.56999969482422,221.91836547851562,96.6302719116211,29.41103744506836,55.928714752197266,30.469884872436523
2018-12-28,121.05999755859375,221.632080078125,97.44331359863281,29.60295295715332,56.109779357910156,30.686939239501953
2018-12-31,121.25,223.57337951660156,97.8135986328125,29.666929244995117,56.26067352294922,30.630664825439453
2019-01-02,121.33000183105469,223.8059844970703,98.32881164550781,29.626941680908203,55.03843688964844,30.767345428466797
2019-01-03,122.43000030517578,218.46531677246094,99.44771575927734,29.387042999267578,55.42320251464844,30.28496551513672
2019-01-04,121.44000244140625,225.78298950195312,98.29658508300781,30.2906551361084,56.07206344604492,31.241674423217773
2019-01-07,121.86000061035156,227.5631866455078,98.00680541992188,30.386615753173828,56.62282180786133,31.305992126464844
2019-01-08,121.52999877929688,229.70127868652344,97.7492446899414,30.602521896362305,57.79222869873047,31.482851028442383
2019-01-09,122.30999755859375,230.77474975585938,97.59626007080078,30.978351593017578,57.70924758911133,31.941120147705078
2019-01-10,121.58999633789062,231.5887908935547,96.96836853027344,31.106285095214844,58.49390411376953,32.182308197021484
2019-01-11,121.80000305175781,231.67828369140625,97.34669494628906,30.91437530517578,58.65989685058594,31.98131561279297
2019-01-14,122.08999633789062,230.2648162841797,96.98448181152344,30.754436492919922,58.46371841430664,31.756206512451172
2019-01-15,121.87999725341797,232.9038543701172,96.6302719116211,30.94636344909668,59.02202606201172,31.965240478515625
2019-01-16,122.2699966430664,233.4674072265625,96.72687530517578,31.04231071472168,59.436973571777344,32.278785705566406
2019-01-17,122.11000061035156,235.23866271972656,96.75102996826172,31.146276473999023,59.72368621826172,32.43153381347656
2019-01-18,121.0199966430664,238.36972045898438,96.243896484375,31.482114791870117,59.92737579345703,32.60036087036133
2019-01-22,121.44999694824219,235.14918518066406,96.89591217041016,30.99434471130371,59.74631118774414,32.05366897583008
2019-01-23,121.27999877929688,235.6412811279297,96.85569763183594,31.154272079467773,59.75385284423828,32.367210388183594
2019-01-24,121.08999633789062,235.7664794921875,97.4915542602539,31.19425392150879,59.95756912231445,32.64054870605469
2019-01-25,122.86000061035156,237.7613983154297,97.02472686767578,31.58608055114746,60.70447540283203,32.96213150024414
2019-01-28,123.29000091552734,235.95433044433594,96.92816925048828,31.434146881103516,61.300514221191406,32.61643981933594
2019-01-29,123.9800033569336,235.6412811279297,97.41914367675781,31.52210807800293,61.78337478637695,32.656639099121094
2019-01-30,124.69000244140625,239.37159729003906,97.34669494628906,31.873943328857422,62.28133010864258,33.23548126220703
2019-01-31,124.75,241.4739227294922,98.18391418457031,31.881959915161133,62.93017578125,33.5892219543457
2019-02-01,124.5,241.59022521972656,97.59089660644531,31.86595916748047,62.530311584472656,33.34000015258789
2019-02-04,123.95999908447266,243.28990173339844,97.15519714355469,31.977907180786133,62.998069763183594,33.41233825683594
2019-02-05,124.27999877929688,244.3097381591797,97.59896087646484,32.233795166015625,63.360233306884766,33.790218353271484
2019-02-06,123.44000244140625,243.9877166748047,97.64737701416016,32.02588653564453,62.94527816772461,33.38823699951172
2019-02-07,123.73999786376953,241.66177368164062,98.29281616210938,31.618066787719727,63.46586227416992,33.074684143066406
2019-02-08,124.20999908447266,241.95704650878906,98.71233367919922,31.506122589111328,63.46586227416992,32.9460563659668
2019-02-11,123.5999984741211,242.09115600585938,98.32511138916016,31.4421443939209,63.639373779296875,32.75312423706055
2019-02-12,123.86000061035156,245.20431518554688,98.07493591308594,31.85796546936035,63.23951721191406,33.074684143066406
2019-02-13,123.37000274658203,246.00050354003906,97.70386505126953,31.86595916748047,63.56391525268555,32.84154510498047
2019-02-14,124.05999755859375,245.45477294921875,98.26058197021484,31.86595916748047,63.76763153076172,32.905860900878906
2019-02-15,124.80000305175781,248.1295928955078,98.41384887695312,32.297767639160156,64.19766998291016,32.849586486816406
2019-02-19,126.69999694824219,248.55894470214844,98.6639404296875,32.45770263671875,64.18257904052734,33.1872444152832
2019-02-20,126.4800033569336,249.05984497070312,98.38156127929688,32.58563995361328,63.78271484375,33.33195877075195
2019-02-21,125.05000305175781,248.17428588867188,97.50214385986328,32.50567626953125,63.843074798583984,33.25959396362305
2019-02-22,125.5,249.71298217773438,98.08303833007812,32.625614166259766,64.22030639648438,33.63746643066406
2019-02-25,125.37000274658203,250.05299377441406,97.79258728027344,32.72957229614258,63.71481704711914,34.087669372558594
2019-02-26,125.58000183105469,249.87399291992188,98.27667999267578,32.86551284790039,63.518672943115234,33.983154296875
2019-02-27,124.69000244140625,249.76663208007812,97.16329193115234,32.76155471801758,63.20177459716797,33.71785354614258
2019-02-28,123.98999786376953,249.30148315429688,96.83250427246094,32.625614166259766,63.36776351928711,33.46058654785156
2019-03-01,121.87999725341797,250.8580780029297,95.93753051757812,32.82552719116211,63.17161178588867,33.50078582763672
2019-03-04,121.55999755859375,249.9455108642578,96.68937683105469,32.69758987426758,63.458316802978516,33.62138366699219
2019-03-05,121.72000122070312,249.6056365966797,96.89151763916016,32.721580505371094,63.63182830810547,34.01531982421875
2019-03-06,121.61000061035156,248.0937957763672,97.24728393554688,32.625614166259766,63.33757781982422,33.84648895263672
2019-03-07,121.51000213623047,246.01832580566406,97.8779067993164,32.20980453491211,63.20177459716797,33.2998046875
2019-03-08,122.83999633789062,245.52642822265625,98.29024505615234,32.16982650756836,63.26968765258789,33.05861282348633
2019-03-11,122.23999786376953,249.08680725097656,97.99915313720703,32.4656982421875,64.19766998291016,33.73393630981445
2019-03-12,122.9800033569336,250.0260467529297,98.68639373779297,32.48167419433594,64.49191284179688,33.87060546875
2019-03-13,123.83999633789062,251.68109130859375,98.5004653930664,32.721580505371094,64.80879211425781,33.94297790527344
2019-03-14,122.41000366210938,251.52005004882812,97.78897857666016,32.6895866394043,64.90687561035156,33.76607894897461
2019-03-15,122.97000122070312,252.76271057128906,98.43578338623047,33.01744842529297,64.70319366455078,34.22434997558594
2019-03-18,123.04000091552734,253.67926025390625,98.37918090820312,33.129398345947266,64.37873840332031,34.61024475097656
2019-03-19,123.37999725341797,253.74203491210938,98.16089630126953,33.21736145019531,64.18257904052734,34.61827850341797
2019-03-20,124.18000030517578,252.9783477783203,99.18766784667969,33.18537521362305,64.37873840332031,34.61024475097656
2019-03-21,123.68000030517578,255.8356475830078,99.40594482421875,33.21736145019531,65.52552795410156,34.69063186645508
2019-03-22,123.97000122070312,250.9118194580078,100.95025634765625,32.5776481628418,65.05021667480469,33.6454963684082
2019-03-25,124.91999816894531,250.72303771972656,101.11193084716797,32.5776481628418,65.13320922851562,33.800174713134766
2019-03-26,124.30000305175781,252.59193420410156,101.0391616821289,32.777549743652344,65.65380859375,33.912933349609375
2019-03-27,123.6500015258789,251.2711181640625,101.96893310546875,32.72957229614258,65.46517944335938,33.54238510131836
2019-03-28,121.9000015258789,252.22354125976562,102.32467651367188,32.709503173828125,66.10041809082031,33.83237075805664
2019-03-29,122.01000213623047,253.8139190673828,102.22769927978516,32.82192611694336,66.0396499633789,34.23515319824219
2019-04-01,121.52999877929688,256.823974609375,100.775634765625,33.24755859375,66.00163269042969,34.75068283081055
2019-04-02,121.9800033569336,256.9497985839844,100.96202850341797,33.27166748046875,66.46516418457031,34.645973205566406
2019-04-03,121.80000305175781,257.3541564941406,100.08688354492188,33.52864456176758,66.38919067382812,34.81513595581055
2019-04-04,122.11000061035156,258.0370788574219,100.3704833984375,33.46440124511719,66.28277587890625,35.040679931640625
2019-04-05,121.9800033569336,259.2859191894531,100.50016021728516,33.53666687011719,66.74629211425781,35.32261657714844
2019-04-08,122.51000213623047,259.4836120605469,100.14363861083984,33.56076431274414,66.37399291992188,35.2984504699707
2019-04-09,123.1500015258789,258.15386962890625,100.45965576171875,33.3599967956543,66.0244369506836,35.25011444091797
2019-04-10,123.52999877929688,259.03436279296875,100.70268249511719,33.496524810791016,66.63230895996094,35.419281005859375
2019-04-11,121.94999694824219,258.9625244140625,100.11122131347656,33.432273864746094,66.58673858642578,35.00846481323242
2019-04-12,121.83000183105469,260.7145690917969,99.39813995361328,33.68123245239258,66.90589141845703,35.225955963134766
2019-04-15,121.5999984741211,260.5439147949219,99.64932250976562,33.69728088378906,66.56393432617188,35.040679931640625
2019-04-16,120.51000213623047,260.7145690917969,99.02542114257812,33.753509521484375,65.05941772460938,35.32261657714844
2019-04-17,120.27999877929688,260.0766296386719,99.06592559814453,33.80971908569336,64.46672058105469,35.41122817993164
2019-04-18,120.37000274658203,260.58880615234375,99.58453369140625,33.74547576904297,64.96063232421875,35.45151138305664
2019-04-22,120.37000274658203,260.81341552734375,99.10645294189453,33.713348388671875,64.24635314941406,35.2420539855957
2019-04-23,120.12000274658203,263.1585693359375,99.317138671875,33.793663024902344,65.09741973876953,35.32261657714844
2019-04-24,120.47000122070312,262.5746154785156,100.12740325927734,33.496524810791016,65.57611846923828,34.911800384521484
2019-04-25,120.56999969482422,262.4128723144531,99.98155975341797,33.47243118286133,65.43936157226562,34.847347259521484
2019-04-26,121.37000274658203,263.63482666015625,100.32184600830078,33.60091781616211,65.95604705810547,35.00846481323242
2019-04-29,120.83000183105469,264.0481262207031,99.68173217773438,33.72941589355469,65.31016540527344,34.94401931762695
2019-04-30,121.19999694824219,264.182861328125,100.19222259521484,33.753509521484375,65.93325805664062,34.96817398071289
2019-05-01,120.4000015258789,262.19708251953125,100.60553741455078,33.52864456176758,65.98644256591797,34.77485275268555
2019-05-02,119.94000244140625,261.63104248046875,100.12646484375,33.46440124511719,66.05484008789062,34.82318878173828
2019-05-03,120.6500015258789,264.1918640136719,100.41069030761719,33.793663024902344,66.61712646484375,35.274288177490234
2019-05-06,120.80999755859375,263.1046447753906,100.68670654296875,33.47243118286133,66.40437316894531,34.525150299072266
2019-05-07,121.20999908447266,258.7109069824219,101.4581069946289,32.91027069091797,65.20377349853516,33.87265396118164
2019-05-08,120.91000366210938,258.3514709472656,101.0196533203125,32.95845031738281,65.13541412353516,33.78404998779297
2019-05-09,121.19999694824219,257.56982421875,101.43373107910156,32.717533111572266,65.30256652832031,33.30878829956055
2019-05-10,121.43000030517578,258.8636474609375,101.2957534790039,32.93436050415039,66.00163269042969,33.58266830444336
2019-05-13,122.66999816894531,252.35826110839844,102.09148406982422,32.195526123046875,65.93325805664062,32.44685363769531
2019-05-14,122.45999908447266,254.6405792236328,101.79098510742188,32.50070571899414,66.17639923095703,32.897972106933594
2019-05-15,122.38999938964844,256.13214111328125,102.41627502441406,32.6452522277832,66.62471771240234,32.986568450927734
2019-05-16,121.51000213623047,258.5042419433594,102.07524871826172,32.84601974487305,66.89067077636719,32.90602111816406
2019-05-17,120.6500015258789,256.8329162597656,102.30260467529297,32.661312103271484,66.76150512695312,32.2776985168457
2019-05-20,120.63999938964844,255.13475036621094,102.09148406982422,32.51675796508789,65.79647827148438,32.16493225097656
2019-05-21,120.36000061035156,257.4349365234375,101.92906951904297,32.74163055419922,66.35877227783203,32.59991455078125
2019-05-22,120.23999786376953,256.6443176269531,102.51372528076172,32.613121032714844,66.55635070800781,32.462974548339844
2019-05-23,121.16999816894531,253.50851440429688,103.66673278808594,32.28388214111328,66.70831298828125,32.052154541015625
2019-05-24,121.30000305175781,254.08352661132812,103.75605010986328,32.621158599853516,66.91348266601562,32.10049057006836
2019-05-28,120.83000183105469,251.72042846679688,104.50308990478516,32.34008026123047,66.25238800048828,32.1971549987793
2019-05-29,120.87000274658203,250.0311737060547,104.81975555419922,32.12324905395508,65.37095642089844,32.471031188964844
2019-05-30,121.69000244140625,250.71401977539062,105.72106170654297,32.243717193603516,65.64450073242188,32.616024017333984
2019-05-31,123.33000183105469,247.33563232421875,107.04463958740234,31.99475860595703,66.0244369506836,32.73685836791992
2019-06-03,125.11000061035156,246.7066650390625,107.7606201171875,32.12324905395508,66.18399810791016,32.9301872253418
2019-06-04,125.1500015258789,252.06192016601562,106.53199005126953,32.54085159301758,65.8876724243164,32.93824005126953
2019-06-05,125.47000122070312,254.24525451660156,105.92990112304688,32.52479553222656,67.26303100585938,32.69658660888672
2019-06-06,125.87999725341797,255.89846801757812,106.27165985107422,32.661312103271484,67.39217376708984,32.68852996826172
2019-06-07,126.58999633789062,258.4592590332031,107.19105529785156,33.04678726196289,67.64293670654297,32.9221305847168
2019-06-10,125.33000183105469,259.64544677734375,106.18214416503906,33.1351318359375,67.4225845336914,33.22822570800781
2019-06-11,125.18000030517578,259.5824890136719,106.24724578857422,33.29575729370117,67.60494995117188,33.574615478515625
2019-06-12,125.83000183105469,259.124267578125,106.3285903930664,33.030738830566406,67.83292388916016,33.212120056152344
2019-06-13,126.5999984741211,260.1934509277344,106.69473266601562,33.04678726196289,68.12165832519531,33.24434280395508
2019-06-14,126.55999755859375,259.90594482421875,106.96324920654297,32.82192611694336,68.1596450805664,32.83352279663086
2019-06-17,126.4800033569336,260.0047912597656,107.15039825439453,32.846290588378906,68.88912200927734,32.97059631347656
2019-06-18,127.12000274658203,262.7272644042969,107.68740844726562,33.301021575927734,68.82073974609375,33.71678924560547
2019-06-19,127.88999938964844,263.3203125,107.8420181274414,33.48777770996094,69.19305419921875,33.95201110839844
2019-06-20,131.11000061035156,265.83612060546875,108.12679290771484,33.81260299682617,69.54259490966797,34.479209899902344
2019-06-21,131.97999572753906,265.44970703125,106.93885803222656,33.6907958984375,68.5623779296875,34.34132766723633
2019-06-24,133.94000244140625,265.124755859375,107.7362060546875,33.73951721191406,68.32682800292969,34.36565399169922
2019-06-25,134.1999969482422,262.52435302734375,108.06983184814453,33.56086730957031,67.31619262695312,33.9925651550293
2019-06-26,132.97000122070312,262.26251220703125,107.3781967163086,33.60147476196289,65.97124481201172,34.32510757446289
2019-06-27,132.83999633789062,263.1925354003906,108.13490295410156,33.68267822265625,66.82051849365234,34.51976776123047
2019-06-28,133.1999969482422,264.5468444824219,108.06172180175781,33.86943435668945,67.05065155029297,34.49542999267578
2019-07-01,130.6199951171875,266.9485168457031,107.8089599609375,34.02371597290039,67.01997375488281,34.99018478393555
2019-07-02,133.41000366210938,267.64385986328125,108.64049530029297,34.129295349121094,68.18608093261719,34.9415397644043
2019-07-03,133.6300048828125,269.78369140625,109.41500854492188,34.30793380737305,68.99928283691406,34.98208236694336
2019-07-05,132.13999938964844,269.4765625,107.96385955810547,34.07243728637695,68.75376892089844,34.73876190185547
2019-07-08,131.2899932861328,267.995849609375,108.110595703125,33.86943435668945,68.99928283691406,34.60087585449219
2019-07-09,131.75,268.33001708984375,108.06983947753906,33.707027435302734,69.22943115234375,34.511653900146484
2019-07-10,133.8300018310547,269.61199951171875,107.47472381591797,33.85319900512695,69.62834930419922,34.73876190185547
2019-07-11,132.6999969482422,270.2440490722656,106.0398941040039,33.86132049560547,68.72308349609375,34.665771484375
2019-07-12,133.52999877929688,271.4539489746094,106.16215515136719,33.901920318603516,68.63104248046875,34.665771484375
2019-07-15,133.52999877929688,271.5441589355469,106.77356719970703,33.93439483642578,68.57733154296875,34.82798385620117
2019-07-16,132.39999389648438,270.6684875488281,106.45565032958984,33.780113220214844,68.41622924804688,34.76310348510742
2019-07-17,134.5800018310547,268.82647705078125,107.6051254272461,33.715152740478516,68.18608093261719,34.68198013305664
2019-07-18,136.47999572753906,269.81060791015625,107.61328887939453,33.81260299682617,68.18608093261719,34.900978088378906
2019-07-19,134.47000122070312,268.31195068359375,107.3605728149414,33.763885498046875,67.07367706298828,34.67387771606445
2019-07-22,134.4499969482422,268.970947265625,107.56436157226562,33.79636001586914,67.0123062133789,34.63331604003906
2019-07-23,133.69000244140625,270.8941345214844,106.97737884521484,33.991249084472656,67.77179718017578,34.63331604003906
2019-07-24,134.3699951171875,272.167236328125,107.44207000732422,33.999359130859375,67.82550811767578,34.73876190185547
2019-07-25,133.4199981689453,270.8671569824219,106.92845916748047,33.6583137512207,67.42658233642578,34.53599548339844
2019-07-26,133.63999938964844,272.68194580078125,107.18119049072266,33.75576400756836,67.73344421386719,34.56843185424805
2019-07-29,134.52999877929688,272.185302734375,107.21379852294922,33.747642517089844,67.91756439208984,34.56031799316406
2019-07-30,134.97999572753906,271.51715087890625,107.47472381591797,33.390342712402344,68.4622573852539,34.219661712646484
2019-07-31,133.2100067138672,268.5466613769531,108.33887481689453,33.17921829223633,68.19373321533203,33.87089920043945
2019-08-01,136.41000366210938,266.2082214355469,110.4905014038086,33.04930114746094,68.19373321533203,33.25447082519531
2019-08-02,135.88999938964844,264.2037048339844,111.51163482666016,32.78944778442383,68.52363586425781,32.938140869140625
2019-08-05,137.7899932861328,256.2582702636719,113.43946075439453,31.953067779541016,67.17340087890625,31.778305053710938
2019-08-06,138.91000366210938,259.8517761230469,114.34614562988281,32.17230987548828,67.91756439208984,32.28117370605469
2019-08-07,141.02000427246094,260.0052490234375,114.38700103759766,32.302242279052734,68.57733154296875,32.419063568115234
2019-08-08,141.72999572753906,265.1065673828125,114.63204193115234,32.63515853881836,69.78179168701172,32.840824127197266
2019-08-09,141.25999450683594,263.3008728027344,114.40335845947266,32.39967346191406,69.69739532470703,32.51638412475586
2019-08-12,142.6300048828125,260.0956115722656,116.78861999511719,32.12359619140625,69.51325988769531,32.15140914916992
2019-08-13,141.77999877929688,264.1405334472656,116.38837432861328,32.44027328491211,69.61300659179688,32.53261184692383
2019-08-14,142.75,256.33050537109375,119.010498046875,31.563302993774414,68.55431365966797,31.63230323791504
2019-08-15,143.6999969482422,257.0077209472656,120.33387756347656,31.62825584411621,69.23707580566406,31.81072998046875
2019-08-16,142.77999877929688,260.79986572265625,119.3699722290039,32.001792907714844,69.9505615234375,32.232505798339844
2019-08-19,141.11000061035156,263.9419250488281,117.66267395019531,32.1966667175293,70.4568862915039,32.337947845458984
2019-08-20,142.2100067138672,261.9194641113281,118.8798599243164,32.107337951660156,69.95822143554688,32.39472198486328
2019-08-21,141.75999450683594,264.05023193359375,118.08745574951172,32.375328063964844,70.2497329711914,32.64616394042969
2019-08-22,141.39999389648438,263.968994140625,117.30328369140625,32.261634826660156,70.57196044921875,32.31361770629883
2019-08-23,144.1699981689453,257.1883239746094,119.23114013671875,31.86374282836914,69.5822982788086,31.851295471191406
2019-08-26,144.19000244140625,260.0323486328125,118.7491226196289,32.139835357666016,70.11933135986328,32.0540771484375
2019-08-27,145.57000732421875,259.01214599609375,120.57889556884766,32.131710052490234,69.91986846923828,32.070289611816406
2019-08-28,145.16000366210938,260.83599853515625,120.73419189453125,32.139835357666016,70.15001678466797,32.191951751708984
2019-08-29,144.1199951171875,264.1676025390625,120.27670288085938,32.391563415527344,70.69470977783203,32.5650520324707
2019-08-30,143.75,264.05023193359375,120.3093032836914,32.55396270751953,70.74842071533203,32.76783752441406
2019-09-03,145.75,262.5062561035156,120.46485900878906,32.42403793334961,71.4542236328125,32.597496032714844
2019-09-04,146.66000366210938,265.4858093261719,120.64485931396484,32.87876510620117,72.0526123046875,33.132816314697266
2019-09-05,143.13999938964844,268.89874267578125,118.45990753173828,33.14674377441406,71.53093719482422,33.384254455566406
2019-09-06,141.9199981689453,269.1064758300781,119.30281066894531,33.219825744628906,71.69203186035156,33.48969268798828
2019-09-09,141.38999938964844,269.241943359375,117.18338012695312,33.2847900390625,71.3468246459961,33.57891082763672
2019-09-10,140.17999267578125,269.17864990234375,115.12946319580078,33.38222885131836,70.6103286743164,33.57891082763672
2019-09-11,141.02999877929688,271.0928039550781,114.92481231689453,33.58523178100586,70.68704986572266,33.830345153808594
2019-09-12,141.32000732421875,272.03173828125,114.17192840576172,33.763885498046875,71.06295776367188,34.041221618652344
2019-09-13,140.14999389648438,271.8512878417969,111.73332977294922,33.91815948486328,70.30347442626953,34.219661712646484
2019-09-16,141.32000732421875,271.01153564453125,113.15724182128906,33.67455291748047,70.91720581054688,33.94389724731445
2019-09-17,141.60000610351562,271.69775390625,113.77095794677734,33.80448532104492,71.68438720703125,33.98445129394531
2019-09-18,140.7100067138672,271.8602600097656,114.25373840332031,33.715152740478516,71.43887329101562,33.81412124633789
2019-09-19,141.27999877929688,271.84222412109375,114.59748077392578,33.85319900512695,71.69203186035156,33.60324478149414
2019-09-20,142.9499969482422,270.55780029296875,116.11141967773438,33.780113220214844,71.69203186035156,33.66001892089844
2019-09-23,143.75,270.4943542480469,116.0867919921875,33.73139572143555,71.80711364746094,33.781673431396484
2019-09-24,144.50999450683594,268.3717956542969,117.48615264892578,33.58834457397461,71.64781951904297,33.37019729614258
2019-09-25,141.8300018310547,269.9591369628906,115.76766967773438,33.5311164855957,71.7869873046875,33.40305709838867
2019-09-26,141.7899932861328,269.39678955078125,116.51233673095703,33.60468292236328,72.39019012451172,33.38663101196289
2019-09-27,141.05999755859375,267.9454650878906,116.79874420166016,33.457557678222656,71.9880599975586,32.967742919921875
2019-09-30,138.8699951171875,269.1880187988281,117.08516693115234,33.580169677734375,72.1117935180664,33.066314697265625
2019-10-01,139.6300048828125,265.98614501953125,117.43770599365234,33.2777099609375,71.43128967285156,32.836341857910156
2019-10-02,141.25999450683594,261.28765869140625,117.72463989257812,32.61559295654297,71.12969207763672,32.6802978515625
2019-10-03,141.89999389648438,263.4283447265625,118.79842376708984,32.844478607177734,71.81793212890625,33.07452392578125
2019-10-04,141.89999389648438,266.9930114746094,119.67565155029297,33.097877502441406,72.25098419189453,33.23057556152344
2019-10-07,140.69000244140625,265.8410949707031,118.68363189697266,33.05701446533203,72.09634399414062,32.97597122192383
2019-10-08,141.9199981689453,261.71392822265625,119.0033950805664,32.74639129638672,71.7174072265625,32.696720123291016
2019-10-09,142.0500030517578,264.19921875,118.33126068115234,33.00796127319336,71.85660552978516,32.943111419677734
2019-10-10,140.80999755859375,265.98614501953125,116.56867218017578,33.22050857543945,71.97260284423828,33.29628372192383
2019-10-11,140.02999877929688,268.7436828613281,115.1259536743164,33.78453063964844,71.9416732788086,33.73979949951172
2019-10-14,140.58999633789062,268.4442443847656,115.96209716796875,33.66191101074219,71.97260284423828,33.6658821105957
2019-10-15,139.61000061035156,271.1020202636719,114.56034851074219,34.03792953491211,72.06539154052734,33.895843505859375
2019-10-16,140.41000366210938,270.6665954589844,114.69963073730469,34.06245803833008,72.07311248779297,33.986183166503906
2019-10-17,140.61000061035156,271.46490478515625,114.42096710205078,34.15236282348633,72.54486083984375,34.09296417236328
2019-10-18,140.4600067138672,270.27655029296875,114.42096710205078,34.11149978637695,73.10163116455078,34.002620697021484
2019-10-21,139.7899932861328,272.1088562011719,113.56024932861328,34.32403564453125,73.65843963623047,34.2490119934082
2019-10-22,140.1999969482422,271.219970703125,114.22425842285156,34.242286682128906,73.44188690185547,34.22437286376953
2019-10-23,140.52999877929688,272.0091247558594,114.33900451660156,34.4057731628418,73.60431671142578,34.240787506103516
2019-10-24,141.52999877929688,272.4535217285156,114.10946655273438,34.46300506591797,73.41871643066406,34.28186798095703
2019-10-25,141.86000061035156,273.5692443847656,113.55204010009766,34.48751449584961,72.79230499267578,34.43791198730469
2019-10-28,140.63999938964844,275.1112365722656,112.51915740966797,34.6428337097168,72.35152435302734,34.70893478393555
2019-10-29,140.25,275.0296325683594,112.59291076660156,34.601966857910156,72.79230499267578,34.51183319091797
2019-10-30,141.02000427246094,275.8731994628906,114.24063873291016,34.740928649902344,73.05524444580078,34.643245697021484
2019-10-31,142.42999267578125,275.1384582519531,115.78175354003906,34.6591796875,72.92379760742188,34.37221145629883
2019-11-01,142.55999755859375,277.687255859375,115.4253921508789,34.96979522705078,72.9083251953125,34.906070709228516
2019-11-04,142.14999389648438,278.802978515625,113.90621948242188,35.157806396484375,72.39791870117188,35.16067886352539
2019-11-05,139.85000610351562,278.4945068359375,112.62515258789062,35.149635314941406,71.1683578491211,35.333160400390625
2019-11-06,140.4499969482422,278.55804443359375,113.30673217773438,35.116947174072266,71.3230209350586,35.27565383911133
2019-11-07,138.27000427246094,279.5376281738281,111.25376892089844,35.27225875854492,70.6115493774414,35.51384353637695
2019-11-08,137.38999938964844,280.2270202636719,110.78572845458984,35.19868850708008,70.4414291381836,35.19353485107422
2019-11-11,137.05999755859375,279.69189453125,110.85956573486328,35.165992736816406,70.59610748291016,34.996421813964844
2019-11-12,137.42999267578125,280.28143310546875,111.36874389648438,35.17416763305664,70.0625,34.733585357666016
2019-11-13,137.97999572753906,280.3722229003906,112.09136962890625,35.059730529785156,70.70436096191406,34.51183319091797
2019-11-14,138.55999755859375,280.78033447265625,113.24923706054688,35.03520584106445,71.25343322753906,34.49540328979492
2019-11-15,138.2100067138672,282.81219482421875,113.12605285644531,35.24773025512695,71.64006042480469,34.725379943847656
2019-11-18,138.6199951171875,283.02081298828125,113.33130645751953,35.288597106933594,71.9880599975586,34.7171630859375
2019-11-19,138.69000244140625,282.9390869140625,114.27574157714844,35.22322082519531,72.1117935180664,34.84035110473633
2019-11-20,138.75999450683594,281.886962890625,115.45819091796875,35.01068115234375,72.07311248779297,34.70893478393555
2019-11-21,138.0,281.43341064453125,114.73554229736328,34.961639404296875,71.06008911132812,34.75001907348633
2019-11-22,137.74000549316406,282.0592956542969,114.8834457397461,35.002506256103516,70.79715728759766,34.684322357177734
2019-11-25,137.0800018310547,284.245361328125,115.22016143798828,35.27225875854492,71.02140045166016,34.996421813964844
2019-11-26,137.74000549316406,284.889404296875,115.89347076416016,35.29677963256836,71.96485900878906,34.856781005859375
2019-11-27,137.00999450683594,286.1592712402344,115.55675506591797,35.39487075805664,72.30511474609375,34.963558197021484
2019-11-29,137.86000061035156,285.09796142578125,115.31044006347656,35.125125885009766,71.97260284423828,34.5446891784668
2019-12-02,137.7899932861328,282.67620849609375,113.77300262451172,34.96979522705078,70.8822250366211,34.55290222167969
2019-12-03,139.11000061035156,280.78033447265625,116.15848541259766,34.83901596069336,71.33847045898438,34.41327667236328
2019-12-04,138.9199981689453,282.5128173828125,114.9986343383789,35.141475677490234,71.63232421875,34.7171630859375
2019-12-05,139.0,283.02081298828125,114.43926239013672,35.10877227783203,71.67100524902344,34.89785385131836
2019-12-06,137.6199951171875,285.6059265136719,113.80587768554688,35.411224365234375,71.81793212890625,35.029266357421875
2019-12-09,137.5800018310547,284.7079162597656,114.05262756347656,35.22322082519531,71.95712280273438,34.89785385131836
2019-12-10,137.97000122070312,284.3904724121094,114.0609130859375,35.25590896606445,71.53955841064453,34.97177505493164
2019-12-11,138.9199981689453,285.1976318359375,114.95752716064453,35.45209503173828,70.8126220703125,35.4399299621582
2019-12-12,138.42999267578125,287.65582275390625,113.06553649902344,35.73001480102539,69.85370635986328,35.924503326416016
2019-12-13,139.0500030517578,287.8282470703125,114.3734359741211,35.93437957763672,69.86917877197266,35.88344192504883
2019-12-16,139.0399932861328,289.80560302734375,113.34527587890625,36.294063568115234,70.371826171875,36.18733215332031
2019-12-17,139.00999450683594,289.8691101074219,113.18893432617188,36.163265228271484,69.70675659179688,36.45835876464844
2019-12-18,139.02000427246094,289.8872985839844,112.25939178466797,36.07334518432617,70.55638885498047,36.655494689941406
2019-12-19,139.3800048828125,291.07550048828125,112.43903350830078,36.10602951049805,71.18170928955078,36.680118560791016
2019-12-20,139.52000427246094,292.35162353515625,112.58734893798828,36.163265228271484,71.5724868774414,36.71297073364258
2019-12-23,139.9499969482422,292.7982482910156,112.42256164550781,36.21279525756836,71.21295928955078,36.77867126464844
2019-12-24,141.27000427246094,292.8074035644531,112.74385070800781,36.17976379394531,71.40054321289062,36.74540710449219
2019-12-26,142.3800048828125,294.3660583496094,113.01570892333984,36.34489440917969,71.71318054199219,37.05313491821289
2019-12-27,142.3300018310547,294.2930908203125,113.13934326171875,36.443973541259766,71.93984985351562,37.10305404663086
2019-12-30,142.6300048828125,292.670654296875,112.72736358642578,36.17976379394531,72.01021575927734,36.895111083984375
2019-12-31,142.89999389648438,293.3815612792969,111.62333679199219,36.3779296875,72.52606964111328,36.986602783203125
2020-01-02,143.9499969482422,296.125244140625,112.88390350341797,36.67516326904297,71.67410278320312,37.868221282958984
2020-01-03,145.86000061035156,293.88299560546875,114.62234497070312,36.22930145263672,72.11962127685547,37.19452667236328
2020-01-06,147.38999938964844,295.004150390625,113.97148895263672,36.353153228759766,72.20559692382812,37.12799072265625
2020-01-07,147.97000122070312,294.1746826171875,113.41117858886719,36.29535675048828,71.40054321289062,37.11136245727539
2020-01-08,146.86000061035156,295.7425231933594,112.66146850585938,36.34489440917969,71.61940002441406,37.277706146240234
2020-01-09,146.02999877929688,297.7478942871094,113.0569839477539,36.49352264404297,71.58032989501953,37.468997955322266
2020-01-10,146.91000366210938,296.89105224609375,114.06214904785156,36.369667053222656,72.12744140625,37.651981353759766
2020-01-13,145.82000732421875,298.9327392578125,113.71604919433594,36.5843391418457,72.99504089355469,38.16765594482422
2020-01-14,145.69000244140625,298.4770202636719,114.301025390625,36.609100341796875,72.72146606445312,37.992984771728516
2020-01-15,146.5399932861328,299.1515808105469,115.05903625488281,36.5843391418457,73.37801361083984,37.75177764892578
2020-01-16,146.30999755859375,301.63995361328125,114.69654846191406,36.78249740600586,73.9642333984375,37.94308090209961
2020-01-17,146.5800018310547,302.578857421875,113.71604919433594,36.873313903808594,74.03458404541016,38.184288024902344
2020-01-21,146.74000549316406,301.9863586425781,114.91075134277344,36.57608413696289,74.73804473876953,37.23612594604492
2020-01-22,146.7899932861328,302.0228271484375,115.3144760131836,36.666900634765625,74.2378158569336,37.46068572998047
2020-01-23,147.1199951171875,302.3692626953125,116.12190246582031,36.57608413696289,74.86309814453125,37.11970138549805
2020-01-24,147.97999572753906,299.68017578125,117.0611801147461,36.43572998046875,74.60515594482422,36.8369026184082
2020-01-27,148.99000549316406,294.8764953613281,118.88201141357422,35.667877197265625,74.24563598632812,35.597633361816406
2020-01-28,147.66000366210938,297.96661376953125,117.9509506225586,35.973365783691406,74.54264831542969,35.89704895019531
2020-01-29,148.4600067138672,297.7204895019531,119.10444641113281,35.981632232666016,74.26908111572266,36.06339645385742
2020-01-30,148.47000122070312,298.6866455078125,119.12088012695312,35.8990592956543,74.32378387451172,35.572689056396484
2020-01-31,149.3300018310547,293.26312255859375,120.20844268798828,35.28807830810547,73.4171142578125,34.9405632019043
2020-02-03,148.36000061035156,295.44158935546875,120.11106872558594,35.41191864013672,73.65940856933594,35.190086364746094
2020-02-04,146.42999267578125,299.944580078125,118.49356842041016,35.981632232666016,74.41759490966797,36.030120849609375
2020-02-05,146.61000061035156,303.40826416015625,117.19789123535156,36.32839584350586,74.46448516845703,36.229736328125
2020-02-06,147.39999389648438,304.42919921875,117.72608184814453,36.45223617553711,74.714599609375,36.21310043334961
2020-02-07,147.7899932861328,302.80670166015625,119.1949691772461,36.09719467163086,74.6989517211914,35.722381591796875
2020-02-10,148.1699981689453,305.0672912597656,119.52516174316406,36.17976379394531,75.5353012084961,35.94694900512695
2020-02-11,147.66000366210938,305.5959777832031,118.9227294921875,36.427459716796875,76.10587310791016,36.40439987182617
2020-02-12,147.5399932861328,307.5648193359375,118.32022857666016,36.57608413696289,76.55919647216797,36.87017059326172
2020-02-13,148.3800048828125,307.2367248535156,118.77416229248047,36.3118782043457,77.02033996582031,36.479251861572266
2020-02-14,149.0,307.72900390625,119.29409790039062,36.28710174560547,77.8176040649414,36.40439987182617
2020-02-18,150.91000366210938,306.93585205078125,120.11106872558594,36.03940963745117,77.73162078857422,36.279640197753906
2020-02-19,151.7899932861328,308.4034729003906,120.10281372070312,36.18803405761719,76.68424987792969,36.57905960083008
2020-02-20,152.41000366210938,307.1365051269531,121.043701171875,35.923828125,77.59873962402344,36.08003234863281
2020-02-21,154.6999969482422,303.9734191894531,122.17427062988281,35.758697509765625,77.8254165649414,35.94694900512695
2020-02-24,156.08999633789062,293.89202880859375,123.99813079833984,34.36335754394531,76.76242065429688,34.6827392578125
2020-02-25,153.3000030517578,284.9865417480469,124.65837097167969,33.77714920043945,74.68333435058594,34.40826416015625
2020-02-26,153.97000122070312,283.9382629394531,123.99813079833984,33.80192184448242,73.87825012207031,34.62452697753906
2020-02-27,154.0,271.18603515625,125.34331512451172,32.76985168457031,69.94673156738281,33.79280090332031
2020-02-28,148.3800048828125,270.04669189453125,128.17404174804688,32.58821487426758,68.2584457397461,33.701316833496094
2020-03-02,149.1999969482422,281.74151611328125,127.23101043701172,33.017547607421875,71.17387390136719,34.350059509277344
2020-03-03,153.88999938964844,273.6745300292969,129.2063751220703,32.75334167480469,71.00972747802734,34.18370056152344
2020-03-04,154.16000366210938,285.17791748046875,127.83439636230469,33.65329360961914,73.69068145751953,34.66610336303711
2020-03-05,157.49000549316406,275.6981201171875,131.016357421875,32.76985168457031,72.1117935180664,34.0007209777832
2020-03-06,157.5500030517578,271.1405944824219,137.83497619628906,32.29098129272461,70.8690414428711,33.36029815673828
2020-03-09,157.80999755859375,249.9659881591797,141.57081604003906,29.66543197631836,65.40555572509766,30.873449325561523
2020-03-10,154.47999572753906,262.900390625,134.3141326904297,30.771793365478516,68.1688461303711,32.42878341674805
2020-03-11,153.92999267578125,250.0843963623047,129.37171936035156,29.170053482055664,64.07275390625,31.023168563842773
2020-03-12,147.7899932861328,226.15707397460938,130.17337036132812,25.90874671936035,57.58195495605469,27.90422248840332
2020-03-13,143.27999877929688,245.4904022216797,127.23101043701172,27.54352378845215,62.60759735107422,29.858760833740234
2020-03-16,141.63999938964844,218.62789916992188,135.4712371826172,24.56294822692871,51.508689880371094,26.249094009399414
2020-03-17,143.55999755859375,230.4320831298828,126.43753814697266,25.677568435668945,54.486244201660156,27.895904541015625
2020-03-18,140.6999969482422,218.7646484375,119.30493927001953,24.150121688842773,49.30308151245117,25.625307083129883
2020-03-19,138.0399932861328,219.2295379638672,122.55309295654297,24.50514793395996,49.476383209228516,25.76669692993164
2020-03-20,140.11000061035156,209.78201293945312,131.7685089111328,24.2822265625,47.010833740234375,25.883142471313477
2020-03-23,146.3000030517578,204.41824340820312,137.19862365722656,23.86838150024414,44.828861236572266,25.381505966186523
2020-03-24,153.39999389648438,222.939208984375,134.64466857910156,25.991491317749023,48.86195755004883,26.981393814086914
2020-03-25,151.3000030517578,226.27664184570312,134.3389129638672,26.92864418029785,51.4929313659668,27.864662170410156
2020-03-26,153.24000549316406,239.4888916015625,135.00013732910156,28.07313346862793,55.12431335449219,28.989580154418945
2020-03-27,152.25,232.35556030273438,138.60362243652344,27.210622787475586,55.179439544677734,27.423025131225586
2020-03-30,152.9199981689453,239.9015655517578,137.46311950683594,27.766277313232422,56.384647369384766,27.822998046875
2020-03-31,148.0500030517578,236.32562255859375,136.3472900390625,27.650171279907227,55.02188491821289,27.95632553100586
2020-04-01,149.4499969482422,225.68983459472656,138.2576446533203,26.422744750976562,51.406280517578125,26.96472930908203
2020-04-02,151.89999389648438,230.89776611328125,139.13494873046875,26.92864418029785,51.57958221435547,27.75634002685547
2020-04-03,152.64999389648438,227.5602264404297,139.46604919433594,26.397871017456055,50.831241607666016,27.22304344177246
2020-04-06,156.8800048828125,242.84461975097656,139.1019287109375,27.8160400390625,54.596527099609375,28.564611434936523
2020-04-07,156.0399932861328,243.0922088623047,137.6451416015625,27.973613739013672,55.10066223144531,28.73126983642578
2020-04-08,154.64999389648438,251.25245666503906,136.64356994628906,28.239004135131836,58.858062744140625,29.064577102661133
2020-04-09,158.69000244140625,255.07582092285156,136.89190673828125,28.84442138671875,62.158592224121094,29.014572143554688
2020-04-13,161.41000366210938,252.74693298339844,135.64208984375,28.61220359802246,59.54337692260742,29.122905731201172
2020-04-14,162.67999267578125,260.201171875,135.60902404785156,29.126392364501953,61.21333312988281,29.706195831298828
2020-04-15,161.85000610351562,254.67242431640625,139.20118713378906,28.180953979492188,58.78716278076172,29.04791259765625
2020-04-16,161.7100067138672,255.90106201171875,140.78207397460938,28.21411895751953,58.11759948730469,29.214561462402344
2020-04-17,158.57000732421875,262.8143310546875,138.89498901367188,29.010292053222656,59.95298385620117,29.689529418945312
2020-04-20,159.6999969482422,258.1841125488281,140.01234436035156,28.587318420410156,57.723758697509766,29.472877502441406
2020-04-21,158.61000061035156,250.34475708007812,141.77536010742188,27.998489379882812,56.67610168457031,28.65627670288086
2020-04-22,161.72999572753906,255.90106201171875,140.3268585205078,28.520978927612305,57.54258346557617,29.397886276245117
2020-04-23,163.33999633789062,255.8826904296875,141.0717315673828,28.471221923828125,57.06208801269531,29.281219482421875
2020-04-24,162.63999938964844,259.4493408203125,141.40286254882812,28.77806854248047,57.3062744140625,29.239564895629883
2020-04-27,161.55999755859375,263.1902160644531,138.77085876464844,29.176158905029297,59.26766586303711,29.789518356323242
2020-04-28,160.83999633789062,261.97998046875,140.36822509765625,29.408367156982422,59.75605392456055,29.864519119262695
2020-04-29,161.72999572753906,268.8381652832031,139.6398468017578,30.187946319580078,60.654056549072266,30.67279052734375
2020-04-30,158.8000030517578,266.335205078125,138.00933837890625,29.590831756591797,59.95298385620117,30.13949966430664
2020-05-01,159.77999877929688,259.2843017578125,139.19117736816406,28.93564796447754,57.92856216430664,29.1312313079834
2020-05-04,160.33999633789062,259.9994201660156,138.536376953125,28.960525512695312,57.64499282836914,29.497880935668945
2020-05-05,161.02000427246094,262.40167236328125,137.64967346191406,29.035165786743164,57.92856216430664,29.631202697753906
2020-05-06,158.9499969482422,260.6229248046875,135.42857360839844,28.861007690429688,56.8887825012207,29.55620002746582
2020-05-07,161.38999938964844,263.76788330078125,137.69105529785156,29.300561904907227,57.70011520385742,29.747865676879883
2020-05-08,160.4199981689453,268.1321105957031,135.90090942382812,29.77328109741211,59.07076644897461,30.41448211669922
2020-05-11,159.4199981689453,268.187255859375,134.8401336669922,29.764986038208008,58.212135314941406,30.264493942260742
2020-05-12,160.0399932861328,262.8417053222656,136.2241668701172,29.36690902709961,55.56541442871094,30.172828674316406
2020-05-13,161.5800018310547,258.1932067871094,137.17726135253906,29.118101119995117,54.21842575073242,30.08116912841797
2020-05-14,163.00999450683594,261.2831726074219,138.51991271972656,28.9024715423584,54.407470703125,30.172828674316406
2020-05-15,163.92999267578125,262.48419189453125,138.1634979248047,28.910770416259766,54.19479751586914,29.797853469848633
2020-05-18,162.69000244140625,270.47930908203125,135.13021850585938,30.06354522705078,57.400794982910156,30.92278289794922
2020-05-19,164.25999450683594,267.7012634277344,135.63575744628906,29.740100860595703,56.62883377075195,30.614469528198242
2020-05-20,164.64999389648438,272.2490234375,136.0418701171875,30.279178619384766,57.13296127319336,30.997777938842773
2020-05-21,162.25,270.36944580078125,136.38162231445312,29.947437286376953,57.18022155761719,30.681127548217773
2020-05-22,163.2100067138672,270.8828430175781,137.20213317871094,29.86449432373047,57.95220947265625,30.097829818725586
2020-05-26,160.88999938964844,274.2202453613281,135.3622283935547,30.75189971923828,60.118408203125,30.764450073242188
2020-05-27,161.17999267578125,278.3003234863281,135.1136932373047,31.075342178344727,61.31574249267578,30.797786712646484
2020-05-28,161.72000122070312,277.7869567871094,134.61627197265625,31.282670974731445,61.60719680786133,30.597797393798828
2020-05-29,162.91000366210938,279.0247802734375,135.5777130126953,31.2412052154541,60.99279022216797,31.131093978881836
2020-06-01,163.66000366210938,280.1524658203125,134.66490173339844,31.921276092529297,62.40279006958008,31.83937644958496
2020-06-02,162.60000610351562,282.4722595214844,134.1753387451172,32.26959228515625,62.906917572021484,32.58099365234375
2020-06-03,159.60000610351562,286.23138427734375,132.39114379882812,33.0159912109375,64.92347717285156,33.21427917480469
2020-06-04,161.27999877929688,285.4794921875,130.47425842285156,32.833534240722656,64.27754211425781,32.79764175415039
2020-06-05,158.00999450683594,292.79620361328125,129.54483032226562,33.480430603027344,66.71159362792969,33.55591583251953
2020-06-08,159.72000122070312,296.3354187011719,130.042724609375,33.87850570678711,68.36579132080078,33.822566986083984
2020-06-09,161.25999450683594,294.125732421875,131.5198974609375,33.438968658447266,67.2314682006836,33.63924789428711
2020-06-10,163.57000732421875,292.4845275878906,133.4698944091797,33.38091278076172,65.52215576171875,33.8058967590332
2020-06-11,162.38999938964844,275.6230773925781,135.99267578125,31.54806900024414,61.31574249267578,32.08102035522461
2020-06-12,162.6199951171875,278.9238586425781,134.68150329589844,32.087127685546875,63.51346206665039,32.81430435180664
2020-06-15,162.3300018310547,281.5278015136719,134.7561492919922,32.18666458129883,64.41145324707031,32.68097686767578
2020-06-16,162.25,286.94647216796875,132.68994140625,32.617916107177734,65.6796875,32.80597686767578
2020-06-17,162.55999755859375,285.7546081542969,133.2375946044922,32.69255065917969,64.7265396118164,33.105960845947266
2020-06-18,162.24000549316406,285.86456298828125,134.6483154296875,32.54327392578125,64.01761627197266,33.11428451538086
2020-06-19,164.02999877929688,284.23095703125,134.7561492919922,32.39398956298828,63.08810043334961,33.1726188659668
2020-06-22,165.08999633789062,286.0543212890625,134.7728271484375,32.76742935180664,63.02507781982422,33.53245544433594
2020-06-23,166.47999572753906,287.3712158203125,133.85165405273438,32.92580032348633,62.76512908935547,33.867191314697266
2020-06-24,165.89999389648438,280.04083251953125,135.2873077392578,32.11725616455078,60.977012634277344,33.356719970703125
2020-06-25,165.8000030517578,283.04296875,135.67733764648438,32.542362213134766,61.75584030151367,33.498985290527344
2020-06-26,166.5399932861328,276.3202819824219,137.12953186035156,32.05056381225586,60.570526123046875,33.09729766845703
2020-06-29,166.6300048828125,280.3815002441406,136.69798278808594,32.342308044433594,61.73991775512695,33.314876556396484
2020-06-30,167.3699951171875,283.9730224609375,136.03411865234375,32.333980560302734,62.471805572509766,33.14751052856445
2020-07-01,166.6199951171875,285.9622497558594,135.77000427246094,32.44234085083008,63.91167449951172,33.59103775024414
2020-07-02,166.97999572753906,287.5370178222656,135.91119384765625,32.76742935180664,63.72871780395508,34.38603973388672
2020-07-06,167.97999572753906,291.97576904296875,135.35452270507812,33.31758117675781,63.696895599365234,35.900733947753906
2020-07-07,169.0399932861328,288.96453857421875,137.25704956054688,32.859127044677734,62.432029724121094,35.3316764831543
2020-07-08,170.08999633789062,291.17462158203125,136.70875549316406,33.12586212158203,62.344512939453125,36.277305603027344
2020-07-09,169.6300048828125,289.51702880859375,138.88546752929688,32.74241638183594,61.954708099365234,36.30242156982422
2020-07-10,169.19000244140625,292.4731140136719,138.18760681152344,33.05084228515625,62.145633697509766,36.051368713378906
2020-07-13,169.39999389648438,289.9406433105469,138.64451599121094,32.87578582763672,61.40581512451172,35.87562942504883
2020-07-14,170.19000244140625,293.6979064941406,138.84396362304688,33.334259033203125,61.92289352416992,35.892364501953125
2020-07-15,170.33999633789062,296.39617919921875,138.19583129882812,33.7093505859375,62.52748489379883,35.925838470458984
2020-07-16,168.72999572753906,295.42010498046875,138.85226440429688,33.5009651184082,61.779693603515625,35.415367126464844
2020-07-17,170.1199951171875,296.2765808105469,138.56137084960938,33.667686462402344,62.58317184448242,35.574371337890625
2020-07-20,170.94000244140625,298.6708984375,138.90203857421875,33.85939407348633,61.835384368896484,36.07646942138672
2020-07-21,173.0,299.3062744140625,138.98516845703125,33.99277877807617,61.98653030395508,36.344261169433594
2020-07-22,175.6300048828125,301.0099792480469,139.4005584716797,34.0844612121582,62.93319320678711,36.21873092651367
2020-07-23,177.17999267578125,297.4184265136719,141.0289764404297,33.801048278808594,62.67068099975586,35.976051330566406
2020-07-24,178.6999969482422,295.50299072265625,141.02066040039062,33.63432693481445,62.20927429199219,35.883995056152344
2020-07-27,182.22999572753906,297.6578674316406,140.49728393554688,34.10113525390625,62.79795455932617,36.3861083984375
2020-07-28,183.75,295.7699279785156,141.4691925048828,33.94276428222656,64.04692077636719,35.99279022216797
2020-07-29,185.1300048828125,299.4076232910156,141.22830200195312,34.30118942260742,65.28791809082031,36.6287956237793
2020-07-30,183.75999450683594,298.3393859863281,142.15887451171875,33.84272766113281,64.86629486083984,36.201995849609375
2020-07-31,185.42999267578125,300.6968994140625,142.06735229492188,33.184207916259766,64.74696350097656,35.99279022216797
2020-08-03,185.63999938964844,302.7873229980469,141.3521270751953,33.75937271118164,63.88779830932617,36.268943786621094
2020-08-04,189.58999633789062,303.9568786621094,142.6995391845703,34.0261116027832,64.84242248535156,36.67900085449219
2020-08-05,191.35000610351562,305.8448181152344,141.4519500732422,34.209495544433594,64.5162582397461,37.05558776855469
2020-08-06,193.88999938964844,307.8891296386719,142.24209594726562,34.28451919555664,64.61968231201172,37.105796813964844
2020-08-07,190.80999755859375,308.1103515625,141.29391479492188,34.14280700683594,65.54248809814453,36.352638244628906
2020-08-10,190.14999389648438,309.0312194824219,140.6618194580078,34.27618408203125,65.6458969116211,36.344261169433594
2020-08-11,179.94000244140625,306.48016357421875,138.9900360107422,34.41788101196289,64.69925689697266,36.210365295410156
2020-08-12,179.10000610351562,310.75323486328125,137.725830078125,35.101409912109375,65.35157012939453,36.653892517089844
2020-08-13,183.3300018310547,310.19146728515625,136.25369262695312,34.95136642456055,64.5480728149414,36.51162338256836
2020-08-14,182.5399932861328,310.2007141113281,135.72134399414062,34.73463821411133,64.55604553222656,36.56184768676758
2020-08-17,186.5,311.18609619140625,136.06236267089844,35.00137710571289,65.08108520507812,36.955162048339844
2020-08-18,188.17999267578125,311.8583679199219,137.0354461669922,34.99304962158203,64.77082824707031,37.089046478271484
2020-08-19,182.24000549316406,310.5599060058594,136.1788330078125,34.801326751708984,63.63324737548828,36.66227340698242
2020-08-20,183.5,311.5268249511719,137.4097137451172,34.69295883178711,64.23783874511719,36.56184768676758
2020-08-21,182.02999877929688,312.6319885253906,138.23316955566406,34.50957489013672,64.34124755859375,36.79616165161133
2020-08-24,181.0,315.7998962402344,138.0085906982422,34.926361083984375,64.75492858886719,37.16437530517578
2020-08-25,181.22000122070312,316.9049987792969,136.9523162841797,35.00137710571289,64.9219970703125,37.50748825073242
2020-08-26,183.36000061035156,320.0821228027344,136.42828369140625,35.25978469848633,64.32533264160156,37.54096603393555
2020-08-27,181.24000549316406,320.7820129394531,134.10781860351562,34.90135192871094,65.27202606201172,37.323360443115234
2020-08-28,184.38999938964844,322.85406494140625,134.0079803466797,35.14309310913086,65.70158386230469,37.7752685546875
2020-08-31,184.8300018310547,321.6844482421875,134.89794921875,34.90135192871094,65.03337097167969,36.980255126953125
2020-09-01,185.0500030517578,324.7143859863281,136.44091796875,34.95136642456055,65.08108520507812,37.72505569458008
2020-09-02,182.6199951171875,329.4110412597656,137.7398223876953,35.37648391723633,66.290283203125,37.6246337890625
2020-09-03,181.13999938964844,318.0746154785156,138.13121032714844,34.57627487182617,65.49475860595703,36.963539123535156
2020-09-04,181.63999938964844,315.4775695800781,135.50831604003906,34.6429557800293,65.1526870727539,36.896583557128906
2020-09-08,181.2899932861328,306.8577575683594,136.34091186523438,34.217830657958984,64.35717010498047,36.210365295410156
2020-09-09,183.0500030517578,312.9173889160156,135.974609375,34.80965805053711,64.99356842041016,36.67900085449219
2020-09-10,182.4600067138672,307.4839782714844,136.66571044921875,34.42621994018555,64.19805908203125,36.12668991088867
2020-09-11,182.4499969482422,307.6406555175781,136.95718383789062,34.742977142333984,63.840084075927734,36.394474029541016
2020-09-14,183.88999938964844,311.692626953125,136.9487762451172,34.97637939453125,65.39928436279297,36.997005462646484
2020-09-15,183.4499969482422,313.2673645019531,136.6156768798828,35.1931037902832,66.18685150146484,37.415428161621094
2020-09-16,183.97000122070312,312.0241394042969,136.2076873779297,35.1931037902832,66.5368881225586,37.28153610229492
2020-09-17,182.9600067138672,309.27978515625,136.62408447265625,35.24311828613281,65.24017333984375,37.21458435058594
2020-09-18,183.1999969482422,305.7191162109375,136.19943237304688,34.99304962158203,63.76848602294922,36.921688079833984
2020-09-21,179.52000427246094,302.3166809082031,136.8905029296875,34.1391487121582,61.85128402709961,36.614105224609375
2020-09-22,178.64999389648438,305.3955383300781,136.78228759765625,34.13076400756836,62.59111022949219,36.293006896972656
2020-09-23,174.7899932861328,298.31304931640625,136.9654998779297,33.7788200378418,60.70574188232422,35.72684097290039
2020-09-24,175.44000244140625,299.1082458496094,137.49000549316406,33.728538513183594,61.03190994262695,35.62544631958008
2020-09-25,174.94000244140625,303.94384765625,137.49000549316406,33.85424041748047,62.290557861328125,35.617000579833984
2020-09-28,176.6999969482422,308.99224853515625,137.09869384765625,34.40730285644531,63.56521224975586,35.97190475463867
2020-09-29,178.19000244140625,307.30950927734375,137.25689697265625,34.357017517089844,63.1082649230957,35.95500183105469
2020-09-30,177.1199951171875,309.6394958496094,135.94126892089844,34.27322006225586,63.30066680908203,36.538055419921875
2020-10-01,178.6999969482422,311.62744140625,136.16552734375,34.474342346191406,64.56731414794922,36.859153747558594
2020-10-02,178.5399932861328,308.66864013671875,135.65701293945312,34.39891815185547,65.68164825439453,36.45355224609375
2020-10-05,179.41000366210938,314.1423034667969,133.0064239501953,34.93523025512695,66.05845642089844,36.92675018310547
2020-10-06,177.3000030517578,309.6763916015625,133.72328186035156,34.574893951416016,65.62555694580078,37.0366096496582
2020-10-07,177.22000122070312,315.0668029785156,132.7480010986328,34.90170669555664,65.72174072265625,37.3830680847168
2020-10-08,177.85000610351562,317.8592224121094,133.46484375,35.16148376464844,66.82003784179688,37.66191101074219
2020-10-09,181.0800018310547,320.6977233886719,133.43984985351562,35.396114349365234,66.55549621582031,37.923866271972656
2020-10-12,180.55999755859375,325.85693359375,133.8649139404297,35.572086334228516,66.8681640625,38.2956657409668
2020-10-13,177.72000122070312,323.7303771972656,134.82354736328125,35.17824172973633,65.72174072265625,38.126670837402344
2020-10-14,178.27000427246094,321.6963195800781,135.13194274902344,35.102821350097656,64.9200668334961,37.95766067504883
2020-10-15,178.9199981689453,321.2987060546875,134.89854431152344,34.71735382080078,65.25678253173828,37.653465270996094
2020-10-16,178.3000030517578,321.10455322265625,134.52340698242188,34.826297760009766,64.79178619384766,37.805572509765625
2020-10-19,178.38999938964844,316.22265625,134.01498413085938,34.67544937133789,63.78166580200195,37.687252044677734
2020-10-20,179.25,317.48931884765625,132.73968505859375,34.86819076538086,64.23863983154297,38.0675163269043
2020-10-21,180.60000610351562,316.8883361816406,132.2812957763672,34.75087356567383,64.04623413085938,38.14356231689453
2020-10-22,178.8300018310547,318.6265869140625,130.90597534179688,34.784393310546875,64.0382080078125,38.15202331542969
2020-10-23,178.63999938964844,319.7083740234375,131.7061004638672,34.977142333984375,64.42302703857422,38.32947540283203
2020-10-26,178.5500030517578,313.8001708984375,132.93138122558594,34.32350158691406,63.501075744628906,37.830909729003906
2020-10-27,179.02000427246094,312.7184143066406,133.82330322265625,34.06372833251953,62.48295593261719,37.96611785888672
2020-10-28,176.1300048828125,302.0299987792969,133.94833374023438,33.06653594970703,60.99183654785156,37.019718170166016
2020-10-29,175.39999389648438,305.0997009277344,132.64796447753906,33.22575759887695,61.80954360961914,37.408409118652344
2020-10-30,176.1999969482422,301.91900634765625,131.33934020996094,33.058162689208984,61.400672912597656,37.019718170166016
2020-11-02,177.91000366210938,305.3031005859375,132.3231201171875,33.46039581298828,62.86775207519531,37.49291229248047
2020-11-03,178.9199981689453,310.6934814453125,131.555419921875,34.31512451171875,64.07832336425781,37.59431457519531
2020-11-04,178.82000732421875,317.6371765136719,134.4092559814453,34.66706848144531,64.19053649902344,38.80266571044922
2020-11-05,182.92999267578125,323.8320617675781,134.642822265625,35.505043029785156,64.49517822265625,39.46177291870117
2020-11-06,183.19000244140625,323.75811767578125,133.01568603515625,35.58046340942383,64.05424499511719,39.60541915893555
2020-11-09,175.0800018310547,327.8263854980469,130.22039794921875,36.552520751953125,66.32300567626953,39.901187896728516
2020-11-10,175.66000366210938,327.34564208984375,129.4694366455078,36.82065963745117,67.29304504394531,39.45332717895508
2020-11-11,174.89999389648438,329.7773132324219,129.93667602539062,37.1307258605957,67.54957580566406,39.62232971191406
2020-11-12,175.9600067138672,326.57818603515625,132.14785766601562,36.59442138671875,66.66770935058594,39.326576232910156
2020-11-13,177.16000366210938,331.0995178222656,131.97268676757812,37.11396789550781,68.44745635986328,39.82512664794922
2020-11-16,177.14999389648438,335.23248291015625,131.6555633544922,37.591609954833984,69.2170639038086,40.28987121582031
2020-11-17,176.5,333.42950439453125,132.51507568359375,37.574859619140625,69.28120422363281,40.2307243347168
2020-11-18,175.49000549316406,329.4167175292969,132.8988037109375,37.37373352050781,67.93438720703125,40.09552001953125
2020-11-19,175.16000366210938,330.80364990234375,133.5831298828125,37.5999870300293,68.19892883300781,40.19692611694336
2020-11-20,175.69000244140625,328.5383605957031,134.7679901123047,37.72569274902344,67.83016204833984,40.47578048706055
2020-11-23,172.22999572753906,330.50775146484375,134.15049743652344,37.75082778930664,67.95842742919922,40.46733093261719
2020-11-24,169.58999633789062,335.83343505859375,132.81549072265625,38.35416030883789,68.31916809082031,41.00813674926758
2020-11-25,169.50999450683594,335.31561279296875,132.4066162109375,38.27875518798828,68.35928344726562,40.82223892211914
2020-11-27,167.7899932861328,336.24951171875,133.69154357910156,38.54690170288086,68.05461883544922,41.20248031616211
2020-11-30,166.6699981689453,334.7608337402344,133.5247039794922,37.78434753417969,67.34114837646484,40.1884765625
2020-12-01,170.17999267578125,338.4222106933594,131.55596923828125,38.59718322753906,68.20694732666016,41.02503204345703
2020-12-02,171.4600067138672,339.1341857910156,130.51190185546875,38.65583801269531,67.66983032226562,41.00813674926758
2020-12-03,172.80999755859375,339.04180908203125,131.56434631347656,38.789913177490234,68.2390365600586,41.41373825073242
2020-12-04,172.32000732421875,341.9635314941406,129.63485717773438,39.16700744628906,69.28120422363281,41.69259262084961
2020-12-07,174.88999938964844,341.26080322265625,130.80413818359375,38.8820915222168,68.679931640625,41.69259262084961
2020-12-08,175.5,342.25933837890625,131.42230224609375,38.974273681640625,68.43943786621094,41.810890197753906
2020-12-09,172.5,339.189697265625,130.9879913330078,39.02455520629883,68.01454162597656,41.32078552246094
2020-12-10,172.1699981689453,339.0787658691406,132.14895629882812,39.10834884643555,67.71792602539062,41.878501892089844
2020-12-11,172.49000549316406,338.6811828613281,132.61679077148438,38.974273681640625,67.65379333496094,41.59963607788086
2020-12-14,171.5399932861328,337.16485595703125,132.249267578125,38.9826545715332,67.3571548461914,41.44752883911133
2020-12-15,173.94000244140625,341.72314453125,131.8064422607422,39.41001892089844,68.73606872558594,41.836238861083984
2020-12-16,174.89999389648438,342.25933837890625,131.4557342529297,39.544090270996094,68.81622314453125,42.06438446044922
2020-12-17,176.74000549316406,344.1733093261719,131.10791015625,39.803871154785156,69.48162078857422,42.402408599853516
2020-12-18,176.44000244140625,342.7990417480469,130.71495056152344,39.56922912597656,68.0866928100586,42.27564239501953
2020-12-21,175.8800048828125,341.5733337402344,131.23333740234375,39.125389099121094,67.70189666748047,41.70691680908203
2020-12-22,174.49000549316406,340.9977111816406,131.91065979003906,38.99858856201172,68.17488098144531,41.4008674621582
2020-12-23,175.64999389648438,341.3041076660156,130.99917602539062,39.438201904296875,67.73397064208984,41.825931549072266
2020-12-24,176.35000610351562,342.6319580078125,131.51763916015625,39.539649963378906,68.32695770263672,41.587894439697266
2020-12-28,175.7100067138672,345.5754699707031,131.57618713378906,39.784812927246094,68.73424530029297,41.67290496826172
2020-12-29,176.35000610351562,344.9161376953125,131.40892028808594,40.09761428833008,68.14776611328125,42.12347412109375
2020-12-30,177.6999969482422,345.40826416015625,131.69320678710938,40.18215560913086,68.52247619628906,42.71006393432617
2020-12-31,178.36000061035156,347.1632080078125,131.88546752929688,39.911624908447266,69.18228912353516,42.59954071044922
2021-01-04,182.3300018310547,342.43695068359375,131.7266387939453,40.13988494873047,66.93404388427734,42.79507064819336
2021-01-05,182.8699951171875,344.79534912109375,130.7483673095703,40.59640121459961,67.03179168701172,43.78970718383789
2021-01-06,179.89999389648438,346.8568115234375,128.0642547607422,41.0360107421875,67.14582824707031,43.373146057128906
2021-01-07,179.47999572753906,352.0102233886719,126.9355239868164,41.15436553955078,67.01548767089844,43.71319580078125
2021-01-08,173.33999633789062,354.0158386230469,126.52578735351562,41.543251037597656,67.66717529296875,44.597312927246094
2021-01-11,173.0,351.62945556640625,126.31678009033203,41.002193450927734,66.7711181640625,44.0787467956543
2021-01-12,174.1199951171875,351.7037658691406,126.21641540527344,41.19664764404297,66.92589569091797,44.563316345214844
2021-01-13,173.3699951171875,352.6509704589844,127.63789367675781,41.12054443359375,67.74046325683594,44.70783615112305
2021-01-14,173.27999877929688,351.4158935546875,126.44218444824219,41.433345794677734,68.13963317871094,45.14990234375
2021-01-15,171.1300048828125,348.85321044921875,126.94385528564453,40.76548385620117,68.92162322998047,44.63132858276367
2021-01-19,172.5800018310547,351.5923156738281,127.35360717773438,41.052921295166016,68.72614288330078,45.43894577026367
2021-01-20,175.38999938964844,356.4578857421875,127.47908020019531,41.36572265625,70.03759002685547,46.22955322265625
2021-01-21,175.27999877929688,356.7828674316406,126.58434295654297,41.458717346191406,69.70362854003906,46.23805618286133
2021-01-22,173.89999389648438,355.5201110839844,126.99405670166016,41.171287536621094,69.86651611328125,45.906517028808594
2021-01-25,174.0500030517578,356.92218017578125,128.49073791503906,41.14592361450195,70.39599609375,46.136043548583984
2021-01-26,173.6199951171875,356.3651123046875,128.248291015625,41.162818908691406,70.89289093017578,45.847007751464844
2021-01-27,172.52000427246094,347.6553955078125,128.57437133789062,40.19906234741211,69.63843536376953,44.682334899902344
2021-01-28,172.67999267578125,350.6452331542969,127.86367797851562,40.51185607910156,70.0131607055664,44.894859313964844
2021-01-29,172.61000061035156,343.62542724609375,127.0943832397461,39.62419128417969,69.20671844482422,43.93423080444336
2021-02-01,174.22999572753906,349.3453369140625,127.24165344238281,40.18215560913086,70.7870101928711,45.04789352416992
2021-02-02,172.11000061035156,354.28509521484375,126.42137145996094,40.630226135253906,71.2105941772461,45.753482818603516
2021-02-03,171.85000610351562,354.563720703125,125.29964447021484,40.740116119384766,71.03138732910156,45.92351150512695
2021-02-04,168.14999389648438,358.5935974121094,124.96481323242188,40.75702667236328,71.52012634277344,45.99151611328125
2021-02-05,169.80999755859375,360.0048828125,123.9183120727539,41.061378479003906,71.77264404296875,46.331565856933594
2021-02-08,171.52000427246094,362.6048583984375,124.46246337890625,41.323448181152344,72.16364288330078,46.569610595703125
2021-02-09,172.0800018310547,362.3634338378906,124.55455017089844,41.56016540527344,72.41616821289062,47.08816909790039
2021-02-10,172.7100067138672,362.2055358886719,125.38331604003906,41.4671745300293,72.8071517944336,47.190189361572266
2021-02-11,171.2100067138672,362.79058837890625,124.69690704345703,41.73769760131836,72.96194458007812,47.683265686035156
2021-02-12,170.69000244140625,364.5827331542969,123.14823150634766,41.9321403503418,72.97823333740234,47.76826858520508
2021-02-16,168.24000549316406,364.2669982910156,121.27310180664062,42.18576431274414,72.41616821289062,47.90428924560547
2021-02-17,166.3300018310547,364.3505554199219,122.0431900024414,41.92369079589844,72.32654571533203,48.02330780029297
2021-02-18,166.32000732421875,362.79986572265625,121.54933166503906,41.653160095214844,72.01700592041016,47.4027214050293
2021-02-19,167.00999450683594,362.1591491699219,119.9336929321289,41.84760284423828,72.43245697021484,47.65775680541992
2021-02-22,169.50999450683594,359.3735656738281,119.02120208740234,41.72079086303711,73.0352554321289,46.306068420410156
2021-02-23,169.1199951171875,359.80987548828125,118.67802429199219,41.73769760131836,73.49141693115234,46.569610595703125
2021-02-24,169.0,363.7748107910156,117.89952850341797,41.88987731933594,74.05348205566406,46.272064208984375
2021-02-25,165.82000732421875,355.0093994140625,115.97412109375,41.17972946166992,72.63611602783203,45.2689208984375
2021-02-26,161.80999755859375,353.1801452636719,119.8081283569336,40.58794021606445,71.57715606689453,44.622825622558594
2021-03-01,161.52999877929688,361.7413024902344,118.22576904296875,41.37417984008789,71.89485168457031,45.847007751464844
2021-03-02,162.41000366210938,358.9184875488281,118.23408508300781,41.357269287109375,71.20243835449219,45.41343688964844
2021-03-03,160.6199951171875,354.1644287109375,116.95178985595703,41.10364532470703,70.79515075683594,45.379432678222656
2021-03-04,159.0399932861328,349.78167724609375,116.197509765625,40.68940353393555,69.98872375488281,44.401798248291016
2021-03-05,159.13999938964844,356.216552734375,116.42376708984375,41.019107818603516,70.75442504882812,44.71633529663086
2021-03-08,157.49000549316406,354.4429626464844,115.5186538696289,40.81620788574219,71.3653564453125,43.55167007446289
2021-03-09,160.83999633789062,359.5035705566406,117.11939239501953,41.340370178222656,71.83782196044922,44.49530792236328
2021-03-10,161.66000366210938,361.7413024902344,117.35408782958984,41.51789474487305,72.55465698242188,44.41879653930664
2021-03-11,161.52000427246094,365.4090270996094,116.50753784179688,41.82223892211914,73.40180206298828,45.753482818603516
2021-03-12,161.49000549316406,365.9012145996094,114.03514862060547,41.92369079589844,74.63182067871094,44.94587326049805
2021-03-15,162.1999969482422,368.083251953125,114.70561218261719,42.025146484375,75.73966217041016,44.92036819458008
2021-03-16,162.35000610351562,367.6189880371094,114.2446517944336,42.09276580810547,75.43011474609375,45.11589050292969
2021-03-17,163.50999450683594,368.8725891113281,113.38978576660156,42.31257629394531,75.49527740478516,45.14990234375
2021-03-18,162.55999755859375,363.5055236816406,112.24156951904297,41.90678405761719,74.72956848144531,44.45280838012695
2021-03-19,163.24000549316406,362.83294677734375,112.93719482421875,42.050498962402344,73.71134948730469,44.894859313964844
2021-03-22,163.0,365.7301940917969,114.20272827148438,42.06833267211914,74.23268127441406,44.79953384399414
2021-03-23,161.80999755859375,362.8515625,115.23363494873047,41.43132400512695,74.12679290771484,44.067474365234375
2021-03-24,162.3699951171875,361.0069580078125,115.85382080078125,41.252960205078125,73.71134948730469,43.03750991821289
2021-03-25,161.77999877929688,363.0379333496094,114.94029998779297,41.516258239746094,74.46186828613281,43.10559844970703
2021-03-26,162.24000549316406,368.8882751464844,114.53803253173828,42.085330963134766,76.06778717041016,44.17814254760742
2021-03-29,160.30999755859375,368.701904296875,113.5657958984375,41.8814811706543,75.62533569335938,43.93129348754883
2021-03-30,157.57000732421875,367.7237548828125,114.16085052490234,41.83051681518555,75.72366333007812,44.11003875732422
2021-03-31,159.9600067138672,369.2143249511719,113.52388763427734,41.711612701416016,75.26480865478516,44.30582809448242
2021-04-01,161.97999572753906,373.20147705078125,115.40803527832031,42.25519561767578,76.63312530517578,44.70589065551758
2021-04-05,161.9199981689453,378.5580139160156,114.90445709228516,42.892208099365234,76.92809295654297,44.79953384399414
2021-04-06,163.22000122070312,378.33447265625,115.68497467041016,42.518497467041016,77.12471771240234,45.01234436035156
2021-04-07,162.75999450683594,378.77227783203125,114.8792724609375,42.59492874145508,77.18208312988281,44.356903076171875
2021-04-08,164.50999450683594,380.57025146484375,115.82765197753906,42.84123992919922,76.89531707763672,44.81655502319336
2021-04-09,163.27000427246094,383.33709716796875,115.40803527832031,42.94316482543945,76.80518341064453,44.433509826660156
2021-04-12,162.27999877929688,383.476806640625,115.35765838623047,42.71384048461914,77.2558364868164,44.14408874511719
2021-04-13,163.42999267578125,384.61334228515625,116.22212219238281,43.002628326416016,77.64092254638672,44.15260696411133
2021-04-14,162.72000122070312,383.2998046875,115.85286712646484,43.04508972167969,77.23125457763672,44.39094161987305
2021-04-15,165.35000610351562,387.4174499511719,117.79158020019531,43.3763313293457,78.58316040039062,44.78250503540039
2021-04-16,166.35000610351562,388.7122802734375,116.87679290771484,43.63114547729492,78.7552261352539,44.92721176147461
2021-04-19,165.88999938964844,386.80255126953125,116.54105377197266,43.503746032714844,78.91089630126953,44.833580017089844
2021-04-20,166.47999572753906,383.9706115722656,117.07817840576172,42.781795501708984,79.55817413330078,44.49309539794922
2021-04-21,168.1300048828125,387.603759765625,117.31321716308594,43.17249298095703,80.08255767822266,44.84208679199219
2021-04-22,167.0399932861328,384.063720703125,117.82511901855469,42.994140625,79.6483154296875,44.76547622680664
2021-04-23,166.39999389648438,388.2278747558594,117.54811096191406,43.48675537109375,80.11532592773438,45.378360748291016
2021-04-26,166.83999633789062,389.0383605957031,117.38031005859375,43.55470275878906,80.35294342041016,45.43794250488281
2021-04-27,166.4199981689453,388.95452880859375,116.3564682006836,43.41880798339844,80.34475708007812,45.50603485107422
2021-04-28,166.91000366210938,388.8427429199219,116.43196105957031,43.53771209716797,80.17269134521484,45.87206268310547
2021-04-29,166.22000122070312,391.3207702636719,116.08784484863281,43.58018493652344,80.8609390258789,45.76991653442383
2021-04-30,165.66000366210938,388.74951171875,116.3564682006836,42.98563766479492,81.18048095703125,45.09745407104492
2021-05-03,167.80999755859375,389.5880432128906,116.42621612548828,43.435787200927734,81.0248031616211,45.08042907714844
2021-05-04,166.5800018310547,387.18450927734375,117.21625518798828,42.90919876098633,80.50042724609375,44.527137756347656
2021-05-05,167.27000427246094,387.3055725097656,117.40956115722656,43.41880798339844,79.16488647460938,44.69738006591797
2021-05-06,170.05999755859375,390.39849853515625,117.60287475585938,43.775543212890625,79.60734558105469,45.1400146484375
2021-05-07,171.58999633789062,393.2398376464844,117.02295684814453,44.28514099121094,80.65609741210938,45.54008102416992
2021-05-10,172.11000061035156,389.345703125,115.83785247802734,44.055816650390625,80.63152313232422,44.68886947631836
2021-05-11,172.13999938964844,385.8710021972656,115.18218231201172,43.52922439575195,79.61553192138672,44.56970977783203
2021-05-12,170.42999267578125,377.673095703125,113.97189331054688,42.76480484008789,77.59994506835938,43.4290657043457
2021-05-13,171.1300048828125,382.20989990234375,114.14845275878906,43.06208801269531,78.60774230957031,43.37800216674805
2021-05-14,172.69000244140625,388.078857421875,115.21588134765625,43.75005340576172,79.54177856445312,44.093017578125
2021-05-17,174.6999969482422,387.09136962890625,114.97212982177734,43.682106018066406,79.62372589111328,44.118553161621094
2021-05-18,175.0399932861328,383.7563171386719,114.67791748046875,43.83499526977539,79.64008331298828,44.7569694519043
2021-05-19,175.16000366210938,382.75018310546875,114.40058135986328,43.444278717041016,79.38611602783203,44.63779067993164
2021-05-20,175.9600067138672,386.86773681640625,115.34194946289062,44.04733657836914,80.27918243408203,44.79953384399414
2021-05-21,176.0399932861328,386.551025390625,115.71177673339844,44.0388298034668,80.19727325439453,44.32284164428711
2021-05-24,176.35000610351562,390.49163818359375,116.14041137695312,44.31061935424805,81.19686126708984,44.73994445800781
2021-05-25,177.9499969482422,389.6252746582031,117.21625518798828,44.31061935424805,81.17228698730469,45.20811080932617
2021-05-26,177.63999938964844,390.39849853515625,117.0145034790039,44.31061935424805,81.53282165527344,45.54008102416992
2021-05-27,177.7100067138672,390.60345458984375,116.5438461303711,44.39555740356445,81.34434509277344,45.62519836425781
2021-05-28,178.3800048828125,391.30206298828125,116.35896301269531,44.5229606628418,81.8359375,45.863548278808594
2021-06-01,177.89999389648438,390.95745849609375,116.33285522460938,44.76078414916992,83.3107681274414,46.82542419433594
2021-06-02,178.77000427246094,391.5722961425781,116.60221862792969,44.888179779052734,84.2857894897461,46.93608093261719
2021-06-03,175.27000427246094,390.1189880371094,116.16448211669922,44.650360107421875,83.97443389892578,46.408329010009766
2021-06-04,177.16000366210938,393.68695068359375,117.75531005859375,45.075042724609375,84.0154037475586,46.82542419433594
2021-06-07,177.8699951171875,393.3050537109375,117.39337921142578,45.176963806152344,85.0068130493164,46.63815689086914
2021-06-08,177.32000732421875,393.38885498046875,118.21825408935547,45.15148162841797,85.71143341064453,46.442378997802734
2021-06-09,176.97999572753906,392.80194091796875,119.261962890625,44.97311782836914,85.82615661621094,46.408329010009766
2021-06-10,177.74000549316406,394.6278381347656,119.97747039794922,45.117496490478516,86.44065856933594,46.73179626464844
2021-06-11,175.74000549316406,395.2799987792969,119.78386688232422,45.19394302368164,86.09654235839844,46.52750015258789
2021-06-14,174.7100067138672,396.1649475097656,118.86640167236328,45.261898040771484,86.43247985839844,46.71476745605469
2021-06-15,174.0500030517578,395.4383544921875,118.72334289550781,45.27039337158203,85.5066146850586,46.399810791015625
2021-06-16,171.11000061035156,393.2304992675781,118.62227630615234,44.97311782836914,84.94942474365234,45.76991653442383
2021-06-17,165.85000610351562,393.10009765625,120.39827728271484,44.641868591308594,84.84296417236328,46.03379440307617
2021-06-18,164.92999267578125,387.7969665527344,122.66255950927734,43.792518615722656,83.4009017944336,45.67628860473633
2021-06-21,166.9499969482422,393.3486328125,120.60874938964844,44.395301818847656,85.12151336669922,45.89875793457031
2021-06-22,166.25,395.45159912109375,120.90332794189453,44.43811798095703,84.6790542602539,45.70194625854492
2021-06-23,166.13999938964844,394.9749450683594,120.59188842773438,44.19837188720703,84.53158569335938,45.96720886230469
2021-06-24,166.0399932861328,397.3115234375,120.7854995727539,44.56654357910156,84.3492202758789,46.309486389160156
2021-06-25,166.58999633789062,398.7228088378906,119.53136444091797,44.712100982666016,84.9186019897461,46.68598937988281
2021-06-28,166.5800018310547,399.5266418457031,120.76029205322266,44.420989990234375,84.67105102539062,46.79722213745117
2021-06-29,164.8300018310547,399.7415466308594,120.96227264404297,44.41242218017578,84.43998718261719,46.76300048828125
2021-06-30,165.6300048828125,400.07806396484375,121.50094604492188,44.112754821777344,83.99439239501953,46.47206115722656
2021-07-01,166.1999969482422,402.2931213378906,121.5076675415039,44.24117660522461,84.35749053955078,46.22391891479492
2021-07-02,167.2899932861328,405.3680725097656,122.24088287353516,44.40386962890625,84.61328887939453,46.172576904296875
2021-07-06,168.1199951171875,404.6296691894531,123.67371368408203,44.13843536376953,85.23216247558594,45.342567443847656
2021-07-07,168.75999450683594,406.0596923828125,124.76935577392578,44.29255294799805,85.52922821044922,45.385345458984375
2021-07-08,168.64999389648438,402.7511291503906,125.25821685791016,43.65038299560547,85.28992462158203,44.52111053466797
2021-07-09,169.2100067138672,407.0503845214844,123.4967269897461,44.40386962890625,86.69271850585938,45.33400344848633
2021-07-12,169.0,408.5083312988281,123.33657836914062,44.56654357910156,87.43537902832031,45.35968017578125
2021-07-13,169.22000122070312,407.1157531738281,122.39263153076172,44.318241119384766,86.214111328125,45.385345458984375
2021-07-14,171.0399932861328,407.7232666015625,123.78329467773438,44.4295539855957,86.81649017333984,45.60783386230469
2021-07-15,171.07000732421875,406.3306884765625,125.14860534667969,44.06993865966797,86.9567642211914,45.650611877441406
2021-07-16,169.41000366210938,403.1435852050781,124.91263580322266,43.72744369506836,86.89901733398438,45.342567443847656
2021-07-19,169.61000061035156,397.19000244140625,127.65178680419922,42.8712272644043,85.31468200683594,44.675132751464844
2021-07-20,169.38999938964844,402.88189697265625,126.4212646484375,43.25651931762695,87.32809448242188,44.7093620300293
2021-07-21,168.75999450683594,406.1438293457031,124.81996154785156,43.881561279296875,87.3198471069336,45.09442138671875
2021-07-22,169.08999633789062,406.9942626953125,125.99991607666016,43.941505432128906,86.626708984375,45.16286849975586
2021-07-23,168.55999755859375,411.181396484375,125.15705108642578,44.20693588256836,87.34461212158203,44.46121597290039
2021-07-26,168.16000366210938,412.1908264160156,124.78621673583984,44.258304595947266,87.3858642578125,43.61409378051758
2021-07-27,168.44000244140625,410.312255859375,126.11779022216797,44.095619201660156,87.88096618652344,42.6728401184082
2021-07-28,169.2899932861328,410.14404296875,126.126220703125,44.29255294799805,87.57565307617188,43.87935256958008
2021-07-29,171.1699981689453,411.844970703125,125.42671203613281,44.6264762878418,87.59217071533203,44.03337478637695
2021-07-30,169.82000732421875,409.8448791503906,126.01668548583984,44.335365295410156,87.70767974853516,43.73388671875
2021-08-02,169.61000061035156,408.98504638671875,127.1407470703125,44.5494270324707,87.51788330078125,44.084716796875
2021-08-03,169.49000549316406,412.3123474121094,127.20822143554688,44.86623001098633,87.62517547607422,44.195945739746094
2021-08-04,169.52999877929688,410.28424072265625,127.4697494506836,44.73780059814453,87.35286712646484,44.307186126708984
2021-08-05,168.86000061035156,412.8824768066406,126.82006072998047,44.968971252441406,88.37605285644531,44.17028045654297
2021-08-06,164.63999938964844,413.5647277832031,124.70203399658203,44.789161682128906,88.21929168701172,43.87079620361328
2021-08-09,161.72000122070312,413.2283020019531,124.2547378540039,44.73780059814453,87.74893188476562,44.024810791015625
2021-08-10,161.77000427246094,413.7423095703125,123.68099975585938,44.831974029541016,86.9155044555664,44.1873893737793
2021-08-11,164.0,414.7704162597656,123.60502624511719,45.11452865600586,87.42710876464844,44.3499755859375
2021-08-12,164.0399932861328,416.0134582519531,123.40251159667969,45.011783599853516,87.6169204711914,44.059051513671875
2021-08-13,166.38999938964844,416.7705383300781,125.35179901123047,45.24296569824219,88.09552764892578,43.973472595214844
2021-08-16,167.22000122070312,417.7518615722656,125.65555572509766,44.9860954284668,87.98822021484375,43.622642517089844
2021-08-17,166.97000122070312,415.013427734375,125.60491180419922,44.4894905090332,87.89747619628906,42.83542251586914
2021-08-18,167.10000610351562,410.4710693359375,126.02680969238281,44.378177642822266,87.09706115722656,42.88675308227539
2021-08-19,166.61000061035156,411.10662841796875,126.95507049560547,43.8901252746582,87.51788330078125,42.227874755859375
2021-08-20,166.6999969482422,414.37786865234375,127.03947448730469,44.035682678222656,87.9552230834961,42.227874755859375
2021-08-23,168.72999572753906,418.02294921875,126.95507049560547,44.498046875,87.79019165039062,42.83542251586914
2021-08-24,168.64999389648438,418.6864929199219,125.96778869628906,44.712100982666016,87.4023666381836,43.79378890991211
2021-08-25,167.47999572753906,419.5650939941406,124.92137908935547,44.74634552001953,87.34461212158203,43.836570739746094
2021-08-26,167.6699981689453,417.08831787109375,125.26741027832031,44.46379470825195,87.37760162353516,43.47718048095703
2021-08-27,170.19000244140625,420.8174743652344,126.11964416503906,44.92616653442383,88.2935562133789,44.024810791015625
2021-08-30,169.35000610351562,422.6680603027344,126.44874572753906,44.9175910949707,89.17650604248047,44.15317153930664
2021-08-31,169.69000244140625,422.04180908203125,125.58805084228516,44.9175910949707,89.59732055664062,44.692256927490234
2021-09-01,169.6999969482422,422.2661437988281,125.79844665527344,45.311458587646484,91.03312683105469,45.231327056884766
2021-09-02,169.25,423.56524658203125,126.34759521484375,45.52550506591797,91.51174926757812,45.051631927490234
2021-09-03,171.05999755859375,423.4624938964844,125.19849395751953,45.74814224243164,91.52823638916016,45.256996154785156
2021-09-07,167.7100067138672,421.9483947753906,124.142333984375,45.63682174682617,90.49676513671875,45.63350296020508
2021-09-08,167.2899932861328,421.43426513671875,124.9873275756836,45.302894592285156,90.95062255859375,44.957515716552734
2021-09-09,168.02999877929688,419.63043212890625,126.49968719482422,45.25152587890625,89.10223388671875,45.01741027832031
2021-09-10,167.17999267578125,416.3219299316406,125.38438415527344,45.12309646606445,87.7984390258789,44.948951721191406
2021-09-13,167.74000549316406,417.38739013671875,126.14484405517578,45.465579986572266,88.392578125,45.09442138671875
2021-09-14,168.82000732421875,415.1349792480469,127.674072265625,45.26865005493164,88.23580169677734,44.675132751464844
2021-09-15,167.8300018310547,418.6023864746094,127.22624206542969,45.44846725463867,88.51636505126953,44.65802764892578
2021-09-16,164.02999877929688,417.9388427734375,126.64332580566406,45.32002639770508,88.59062194824219,44.195945739746094
2021-09-17,163.77000427246094,413.8677062988281,126.03497314453125,44.754920959472656,87.7984390258789,44.024810791015625
2021-09-20,164.94000244140625,406.96673583984375,127.59808349609375,43.90399932861328,87.26209259033203,42.82697677612305
2021-09-21,166.0399932861328,406.58233642578125,127.48821258544922,44.282188415527344,87.30333709716797,43.17242431640625
2021-09-22,165.4199981689453,410.5484619140625,128.2486114501953,44.52284622192383,88.15328216552734,43.79422378540039
2021-09-23,163.50999450683594,415.5365295410156,125.3505859375,45.0643310546875,87.97998809814453,44.001495361328125
2021-09-24,163.3000030517578,416.2211608886719,124.1255111694336,44.65177536010742,87.03926849365234,43.51786804199219
2021-09-27,163.63999938964844,415.0303649902344,123.66925811767578,44.65177536010742,85.86856079101562,43.75104904174805
2021-09-28,162.0500030517578,406.66668701171875,121.74288177490234,43.66333770751953,85.287353515625,43.241519927978516
2021-09-29,161.32000732421875,407.35125732421875,121.95409393310547,43.52580261230469,85.92668151855469,42.89605712890625
2021-09-30,164.22000122070312,402.37237548828125,121.93717956542969,43.39688491821289,84.50688171386719,43.189693450927734
2021-10-01,164.58999633789062,407.1543273925781,122.96332550048828,43.52580261230469,85.70250701904297,43.215599060058594
2021-10-04,165.36000061035156,401.90362548828125,122.65035247802734,43.121829986572266,85.71908569335938,42.61969757080078
2021-10-05,164.58999633789062,406.0853576660156,121.46599578857422,43.3711051940918,85.1296157836914,43.025611877441406
2021-10-06,165.02999877929688,407.77313232421875,122.15119171142578,43.053077697753906,85.94327545166016,42.86152648925781
2021-10-07,164.16000366210938,411.2986145019531,120.87380981445312,43.414066314697266,86.17576599121094,43.6992301940918
2021-10-08,164.22999572753906,410.5484619140625,120.02784729003906,43.422664642333984,85.3620834350586,43.863319396972656
2021-10-11,163.9199981689453,407.5762023925781,119.72330474853516,43.29374313354492,85.57795715332031,43.74241638183594
2021-10-12,164.66000366210938,406.5729675292969,121.77051544189453,43.276546478271484,86.69886016845703,43.62150573730469
2021-10-13,167.58999633789062,408.03564453125,122.95492553710938,43.757877349853516,87.32986450195312,44.191505432128906
2021-10-14,168.0,414.8990173339844,123.41175079345703,44.23060989379883,88.39264678955078,44.260589599609375
2021-10-15,165.3300018310547,418.0588684082031,122.69263458251953,44.583011627197266,88.32621765136719,44.73558044433594
2021-10-18,164.9199981689453,419.29656982421875,123.26795196533203,44.41970443725586,88.5503921508789,44.67512130737305
2021-10-19,165.4499969482422,422.5313415527344,121.56746673583984,44.729129791259766,88.59191131591797,45.18466567993164
2021-10-20,166.89999389648438,424.1909484863281,120.74691772460938,44.88383865356445,89.98680877685547,45.19329833984375
2021-10-21,166.75,425.2973937988281,120.60310363769531,44.66037368774414,90.11134338378906,44.83057403564453
2021-10-22,167.77000427246094,424.8565979003906,121.93125915527344,44.86664962768555,90.53479766845703,44.71829605102539
2021-10-25,168.92999267578125,427.1351013183594,121.74519348144531,44.83226776123047,90.82537078857422,44.88238525390625
2021-10-26,167.67999267578125,427.51947021484375,122.75186157226562,44.918212890625,91.07447814941406,44.58012390136719
2021-10-27,168.1199951171875,425.6255187988281,124.98529815673828,44.67756271362305,90.30229949951172,44.34695816040039
2021-10-28,168.0800018310547,429.7322998046875,124.56232452392578,45.13309860229492,91.5643539428711,44.30376434326172
2021-10-29,166.64999389648438,430.60430908203125,124.94288635253906,44.79788589477539,90.53479766845703,43.75104904174805
2021-11-01,167.52000427246094,431.34503173828125,124.04339599609375,45.21905517578125,90.983154296875,44.174224853515625
2021-11-02,167.16000366210938,433.0889892578125,124.59394836425781,45.11591720581055,91.41488647460938,43.70786666870117
2021-11-03,165.77000427246094,435.7330627441406,123.30650329589844,45.42533493041992,91.72211456298828,44.02740478515625
2021-11-04,167.64999389648438,437.7864990234375,124.60244750976562,45.39096450805664,90.85029602050781,43.932403564453125
2021-11-05,169.83999633789062,439.30548095703125,126.46602630615234,45.48549270629883,91.31526184082031,43.949684143066406
2021-11-08,170.4499969482422,439.68048095703125,126.22884368896484,45.51128005981445,91.24053192138672,44.40740203857422
2021-11-09,171.2899932861328,438.2271423339844,127.87210845947266,45.39955520629883,91.39830017089844,44.30376434326172
2021-11-10,173.14999389648438,434.70166015625,125.53421783447266,44.82367706298828,90.97483825683594,44.182861328125
2021-11-11,174.1199951171875,434.84234619140625,125.34784698486328,44.9783935546875,91.12429809570312,44.94285202026367
2021-11-12,174.4499969482422,438.1239929199219,124.79728698730469,45.287811279296875,91.05787658691406,44.97739028930664
2021-11-15,174.17999267578125,438.2740478515625,123.230224609375,45.21045684814453,91.69719696044922,44.891029357910156
2021-11-16,172.9199981689453,440.0086364746094,122.91678619384766,45.10731887817383,91.0910873413086,44.873756408691406
2021-11-17,174.5,438.9397277832031,123.8908920288086,44.995582580566406,91.3733901977539,44.70967102050781
2021-11-18,173.94000244140625,440.4305419921875,124.35676574707031,45.02996063232422,91.38998413085938,44.174224853515625
2021-11-19,172.61000061035156,439.6430358886719,125.66974639892578,44.6861572265625,90.85029602050781,44.096492767333984
2021-11-22,168.74000549316406,438.40533447265625,124.19581604003906,44.44548797607422,90.40192413330078,43.63877868652344
2021-11-23,167.27999877929688,438.9866638183594,122.40013122558594,44.368133544921875,91.13260650634766,43.68196105957031
2021-11-24,167.1199951171875,440.1587219238281,124.36529541015625,44.13605880737305,92.23688507080078,43.63014602661133
2021-11-26,166.85000610351562,430.3416748046875,127.50788879394531,42.93274688720703,89.67129516601562,42.351985931396484
2021-11-29,166.6199951171875,435.62060546875,126.48297119140625,43.13902282714844,90.33552551269531,42.41244125366211
2021-11-30,165.5,427.1444091796875,128.4057159423828,42.717872619628906,88.6251220703125,42.48152542114258
2021-12-01,166.16000366210938,422.40008544921875,129.19786071777344,42.494388580322266,87.16381072998047,42.45561981201172
2021-12-02,165.24000549316406,428.8696594238281,129.35897827148438,43.08745574951172,89.77921295166016,42.956520080566406
2021-12-03,166.6300048828125,425.1379089355469,130.9025421142578,42.87258529663086,89.48033142089844,42.36061477661133
2021-12-06,166.22000122070312,430.1730041503906,129.1045684814453,43.2851448059082,91.0495834350586,42.636985778808594
2021-12-07,166.80999755859375,439.0710144042969,128.06141662597656,44.213417053222656,92.36141967773438,43.258785247802734
2021-12-08,166.89999389648438,440.2336730957031,125.84790802001953,44.27358627319336,93.0256576538086,43.51786804199219
2021-12-09,165.8800048828125,437.261474609375,126.55181884765625,43.886802673339844,91.68058776855469,43.301963806152344
2021-12-10,166.5800018310547,441.3775329589844,126.24651336669922,43.94697189331055,91.96287536621094,43.379695892333984
2021-12-13,167.0,437.4677429199219,128.11231994628906,43.50002670288086,92.82640075683594,42.7147102355957
2021-12-14,165.44000244140625,434.4578857421875,127.80696105957031,43.276546478271484,91.63908386230469,42.61969757080078
2021-12-15,166.14999389648438,441.246337890625,126.5772933959961,43.8094482421875,92.926025390625,42.46424865722656
2021-12-16,168.16000366210938,437.35516357421875,126.62645721435547,43.81804656982422,92.89281463623047,42.5765266418457
2021-12-17,167.8000030517578,432.7004699707031,128.06137084960938,43.31093215942383,92.77658081054688,42.28288650512695
2021-12-20,167.08999633789062,428.099365234375,127.10198974609375,43.1005744934082,92.0542221069336,41.69682312011719
2021-12-21,167.02000427246094,435.7020263671875,126.61804962158203,43.64173889160156,93.09208679199219,42.40324783325195
2021-12-22,168.58999633789062,440.05841064453125,127.2038345336914,44.08687210083008,94.04691314697266,42.63872528076172
2021-12-23,168.97000122070312,442.7965393066406,126.1000747680664,44.357460021972656,93.947265625,42.89164733886719
2021-12-27,169.3699951171875,449.0630187988281,126.40575408935547,44.69786834716797,95.54217529296875,43.031192779541016
2021-12-28,168.63999938964844,448.696044921875,125.90480041503906,44.69786834716797,95.89417266845703,42.88291931152344
2021-12-29,168.58999633789062,449.27008056640625,124.52941131591797,44.68913269042969,96.53950500488281,42.69976806640625
2021-12-30,169.8000030517578,448.0280456542969,125.57371520996094,44.58439254760742,96.95853424072266,43.24922180175781
2021-12-31,170.9600067138672,446.8988952636719,125.8199234008789,44.56693649291992,97.22673034667969,43.135841369628906
2022-01-03,168.3300018310547,449.4864807128906,122.51710510253906,44.8375129699707,96.46405792236328,43.44108581542969
2022-01-04,169.57000732421875,449.3359375,122.00764465332031,45.00335693359375,96.34674072265625,43.266666412353516
2022-01-05,169.05999755859375,440.7076416015625,121.34540557861328,44.6105842590332,93.58941650390625,42.62127685546875
2022-01-06,166.99000549316406,440.293701171875,121.65959167480469,44.36619186401367,93.6732177734375,42.865482330322266
2022-01-07,167.75,438.5529479980469,120.7850570678711,44.54948425292969,93.05302429199219,43.08352279663086
2022-01-10,168.25999450683594,438.0072937011719,121.08229064941406,44.13924789428711,92.51665496826172,43.17072677612305
2022-01-11,170.2899932861328,441.99676513671875,121.88884735107422,44.66294860839844,92.65914916992188,44.00798034667969
2022-01-12,170.74000549316406,443.1918029785156,121.4218521118164,45.143009185791016,92.76809692382812,44.679527282714844
2022-01-13,170.16000366210938,437.0850830078125,122.50017547607422,44.82006072998047,92.58370208740234,44.12136459350586
2022-01-14,169.6699981689453,437.263916015625,120.64923095703125,44.715328216552734,91.74560546875,44.20857238769531
2022-01-18,169.38999938964844,429.5201721191406,118.95114135742188,44.06069564819336,90.78182220458984,43.55447006225586
2022-01-19,172.0800018310547,425.0602111816406,119.77469635009766,44.051971435546875,89.5582046508789,43.72888946533203
2022-01-20,171.64999389648438,420.3555908203125,120.5134048461914,43.77266311645508,88.41001892089844,43.999267578125
2022-01-21,171.08999633789062,412.10382080078125,121.94827270507812,43.17040252685547,88.192138671875,43.31025695800781
2022-01-24,172.02999877929688,413.85382080078125,120.9464111328125,42.69035339355469,88.35974884033203,42.73466110229492
2022-01-25,172.5800018310547,408.8011169433594,120.7511215209961,42.46341323852539,88.00773620605469,42.7259407043457
2022-01-26,169.7899932861328,407.7754821777344,119.29075622558594,42.26265335083008,86.63328552246094,42.281158447265625
2022-01-27,167.60000610351562,405.7619323730469,121.48126983642578,41.98335266113281,85.20013427734375,41.9061279296875
2022-01-28,167.10000610351562,415.8392028808594,121.52373504638672,42.175376892089844,87.95745849609375,41.97589874267578
2022-01-31,168.08999633789062,423.3289489746094,120.89541625976562,42.84745788574219,89.03858947753906,43.31898880004883
2022-02-01,168.22999572753906,426.1893310546875,120.4941635131836,43.27513885498047,88.7201156616211,43.57190704345703
2022-02-02,168.83999633789062,430.3293762207031,120.90225219726562,43.62428283691406,89.8515396118164,43.49342346191406
2022-02-03,168.60000610351562,420.2144775390625,119.9585189819336,42.92601013183594,88.89611053466797,43.127113342285156
2022-02-04,168.86000061035156,422.1904296875,118.19001007080078,43.03947830200195,88.01612854003906,43.15327835083008
2022-02-07,170.11000061035156,420.83544921875,118.26654052734375,43.11803436279297,87.89041137695312,43.15327835083008
2022-02-08,170.6300048828125,424.2980041503906,117.47586059570312,43.3275146484375,87.47974395751953,43.545745849609375
2022-02-09,171.2100067138672,430.5081787109375,117.69695281982422,44.01706314086914,89.4576416015625,44.191131591796875
2022-02-10,170.55999755859375,422.7737731933594,115.82636260986328,43.502079010009766,87.34565734863281,43.94692611694336
2022-02-11,173.80999755859375,414.437255859375,117.54389190673828,42.89982604980469,86.54947662353516,43.266666412353516
2022-02-14,174.74000549316406,413.082275390625,116.08146667480469,42.646705627441406,85.76166534423828,42.9439811706543
2022-02-15,173.0800018310547,419.74395751953125,114.76361083984375,43.35370635986328,86.53270721435547,43.9207649230957
2022-02-16,174.86000061035156,420.2144775390625,115.44380187988281,43.5369987487793,86.93498992919922,44.25217056274414
2022-02-17,177.25,411.2381286621094,116.30256652832031,42.87364196777344,86.01309204101562,43.67656326293945
2022-02-18,177.1199951171875,408.57537841796875,117.52681732177734,42.646705627441406,85.49346923828125,43.33643341064453
2022-02-22,177.49000549316406,404.19061279296875,117.83291625976562,42.20155715942383,85.18338775634766,42.664886474609375
2022-02-23,178.2899932861328,397.02081298828125,116.20901489257812,41.808780670166016,83.77538299560547,42.272430419921875
2022-02-24,177.13999938964844,402.99560546875,116.2855224609375,41.26761245727539,85.18338775634766,41.41773986816406
2022-02-25,176.5500030517578,411.8872985839844,116.37052917480469,42.30629348754883,87.23672485351562,42.185203552246094
2022-02-28,178.3800048828125,410.83355712890625,118.92120361328125,41.7127685546875,85.93767547607422,41.705535888671875
2022-03-01,181.6199951171875,404.5763854980469,120.2961654663086,40.892303466796875,85.48509979248047,41.13865280151367
2022-03-02,179.72999572753906,412.0190734863281,116.18412017822266,41.38982391357422,87.0858383178711,41.269466400146484
2022-03-03,180.8000030517578,409.96783447265625,117.36747741699219,40.735191345214844,87.79823303222656,40.69386672973633
2022-03-04,183.67999267578125,406.6369934082031,119.39375305175781,39.687801361083984,88.20050048828125,39.92638397216797
2022-03-07,186.41000366210938,394.649658203125,118.48280334472656,38.51819610595703,86.457275390625,38.513526916503906
2022-03-08,191.50999450683594,391.6576232910156,117.29086303710938,38.75386047363281,86.0382308959961,38.679229736328125
2022-03-09,185.82000732421875,402.15826416015625,116.14156341552734,40.2376708984375,87.3624038696289,39.6560173034668
2022-03-10,186.39999389648438,400.3422546386719,114.4729232788086,39.7838020324707,87.58032989501953,39.0455207824707
2022-03-11,185.08999633789062,395.2518615722656,114.85602569580078,39.40848922729492,86.88470458984375,38.25188446044922
2022-03-14,182.3000030517578,392.3632507324219,112.17424011230469,39.66160583496094,86.20584869384766,37.33613586425781
2022-03-15,178.88999938964844,400.9915466308594,111.97842407226562,40.0107421875,86.78414916992188,37.318687438964844
2022-03-16,180.00999450683594,409.8831787109375,113.07669067382812,41.3636360168457,87.81498718261719,40.222904205322266
2022-03-17,180.88999938964844,415.01123046875,112.2338638305664,41.73896026611328,89.17269897460938,39.92638397216797
2022-03-18,179.3000030517578,419.55670166015625,113.60453033447266,42.0968132019043,89.17269897460938,40.554317474365234
2022-03-21,180.6699981689453,419.43402099609375,110.97382354736328,41.87211227416992,88.62792205810547,40.041770935058594
2022-03-22,179.36000061035156,424.3420104980469,109.55209350585938,42.2568244934082,88.85421752929688,40.66277313232422
2022-03-23,181.80999755859375,418.8771667480469,111.952880859375,41.723480224609375,87.8573226928711,40.38288116455078
2022-03-24,183.1300048828125,425.1914367675781,111.07601165771484,42.05572509765625,88.41349029541016,40.62778854370117
2022-03-25,182.3800048828125,427.2679748535156,109.5350570678711,42.11692428588867,89.51740264892578,40.31291961669922
2022-03-28,179.05999755859375,430.3070983886719,110.4715347290039,41.985774993896484,90.4696273803711,40.44411087036133
2022-03-29,179.13999938964844,435.6304016113281,111.30586242675781,42.80765151977539,93.12403869628906,41.06512451171875
2022-03-30,180.5800018310547,432.94049072265625,112.17424011230469,42.6502685546875,92.44989776611328,41.01264190673828
2022-03-31,180.64999389648438,426.27691650390625,112.44668579101562,41.99452209472656,91.32073211669922,40.34790802001953
2022-04-01,179.5,427.4849853515625,112.87471771240234,42.36173629760742,93.0987777709961,41.11759948730469
2022-04-04,180.3699951171875,431.1470642089844,112.09026336669922,42.54534912109375,92.64373016357422,41.834815979003906
2022-04-05,179.24000549316406,425.70111083984375,109.55787658691406,42.038238525390625,92.18868255615234,41.1001091003418
2022-04-06,179.66000366210938,421.4443664550781,108.67112731933594,41.49614715576172,93.28416442871094,40.64528274536133
2022-04-07,180.33999633789062,423.5679931640625,107.85258483886719,41.53986740112305,92.35721588134766,40.34790802001953
2022-04-08,181.47000122070312,422.43548583984375,106.6844482421875,41.531124114990234,92.50889587402344,40.4266242980957
2022-04-11,182.3699951171875,415.215087890625,104.99617767333984,41.09394836425781,91.5145492553711,39.9193115234375
2022-04-12,183.77000427246094,413.6766662597656,104.85121154785156,40.822906494140625,91.37969970703125,39.76189041137695
2022-04-13,184.64999389648438,418.4146728515625,105.06437683105469,41.30379104614258,92.02857208251953,40.190467834472656
2022-04-14,184.0399932861328,413.2046203613281,102.95833587646484,41.10269546508789,91.63252258300781,39.753135681152344
2022-04-18,184.61000061035156,413.3745422363281,102.44672393798828,40.927825927734375,91.26175689697266,39.586952209472656
2022-04-19,181.82000732421875,420.04754638671875,101.6793441772461,41.11143112182617,93.25045013427734,39.385780334472656
2022-04-20,182.7100067138672,419.7359619140625,103.72571563720703,41.41744613647461,94.80097961425781,39.13212585449219
2022-04-21,182.05999755859375,413.45953369140625,102.95833587646484,40.927825927734375,94.14369201660156,38.42366409301758
2022-04-22,180.2899932861328,402.1144714355469,102.3103256225586,40.175880432128906,92.49205017089844,38.11752700805664
2022-04-25,177.0500030517578,404.44580078125,103.3334732055664,39.939815521240234,92.2560806274414,37.723934173583984
2022-04-26,177.32000732421875,392.7326965332031,104.37374114990234,38.85564422607422,90.73928833007812,36.96297836303711
2022-04-27,175.97999572753906,393.83697509765625,103.03506469726562,39.03050231933594,90.1409912109375,37.479034423828125
2022-04-28,176.92999267578125,403.78509521484375,103.18852996826172,39.642547607421875,91.8010482788086,37.968833923339844
2022-04-29,176.91000366210938,388.8629455566406,101.84986877441406,39.14417266845703,87.58768463134766,37.99508285522461
2022-05-02,173.6300048828125,391.2037353515625,100.08443450927734,39.01301574707031,85.47254180908203,37.916351318359375
2022-05-03,174.08999633789062,392.9969482421875,100.75917053222656,39.32777786254883,86.53431701660156,38.204994201660156
2022-05-04,175.8000030517578,404.9649353027344,101.3143539428711,40.00101852416992,87.52869415283203,38.581092834472656
2022-05-05,175.1300048828125,390.5712890625,98.53850555419922,38.72449493408203,85.1944808959961,37.181640625
2022-05-06,175.4199981689453,388.2400207519531,97.08651733398438,38.374755859375,84.18328094482422,36.674339294433594
2022-05-09,172.8800048828125,375.8096923828125,97.94062042236328,37.185646057128906,80.47549438476562,35.68598175048828
2022-05-10,171.4199981689453,376.677978515625,98.8288803100586,37.36927032470703,79.00923156738281,35.83467483520508
2022-05-11,172.82000732421875,370.69403076171875,100.73353576660156,37.176910400390625,78.84071350097656,35.581016540527344
2022-05-12,170.1699981689453,370.3070373535156,100.54562377929688,37.037017822265625,79.45587158203125,35.406097412109375
2022-05-13,168.7899932861328,379.1602783203125,99.05950164794922,38.077476501464844,81.55411529541016,36.2807502746582
2022-05-16,170.39999389648438,377.6218566894531,98.9570083618164,38.129940032958984,81.04007720947266,36.202030181884766
2022-05-17,169.3300018310547,385.38958740234375,97.76124572753906,38.864383697509766,82.14398956298828,37.0329475402832
2022-05-18,169.4199981689453,369.85394287109375,99.84528350830078,37.93758010864258,79.75920867919922,36.228271484375
2022-05-19,171.91000366210938,367.5887451171875,100.08443450927734,38.33103561401367,79.4052963256836,36.75306701660156
2022-05-20,172.02999877929688,367.74920654296875,101.2203598022461,38.54962158203125,79.91089630126953,36.89301300048828
2022-05-23,172.8300018310547,374.6298828125,99.55487823486328,39.214115142822266,80.83786010742188,37.155399322509766
2022-05-24,174.1300048828125,371.7699279785156,101.51931762695312,39.07421875,81.52041625976562,36.490665435791016
2022-05-25,173.0800018310547,375.0545959472656,101.9207763671875,39.056732177734375,82.21138763427734,36.69184112548828
2022-05-26,172.75999450683594,382.5486755371094,101.45950317382812,39.485164642333984,82.31253814697266,37.24287033081055
2022-05-27,172.85000610351562,391.93988037109375,101.70720672607422,39.97479248046875,84.52033996582031,37.64521789550781
2022-05-31,171.13999938964844,389.74072265625,99.55487823486328,39.79118728637695,83.48384857177734,38.17000198364258
2022-06-01,172.22999572753906,386.58831787109375,99.44107055664062,39.432701110839844,82.79285430908203,37.916351318359375
2022-06-02,174.35000610351562,393.95025634765625,99.49242401123047,40.263328552246094,83.93046569824219,38.59857940673828
2022-06-03,172.5800018310547,387.4849548339844,99.27848052978516,39.642547607421875,82.80970001220703,37.99508285522461
2022-06-06,171.82000732421875,388.6648254394531,97.44747924804688,39.79118728637695,82.5484848022461,38.204994201660156
2022-06-07,172.94000244140625,392.3929443359375,98.49989318847656,39.887359619140625,83.68608093261719,38.39741897583008
2022-06-08,172.77999877929688,388.12677001953125,97.62714385986328,39.38899612426758,81.75635528564453,38.53736877441406
2022-06-09,172.22999572753906,378.8959045410156,97.95230102539062,38.56711196899414,79.81819915771484,37.70643997192383
2022-06-10,174.5399932861328,367.90966796875,97.34479522705078,37.67527389526367,78.04859161376953,37.4090576171875
2022-06-13,169.92999267578125,353.9407958984375,94.29019927978516,36.3900032043457,74.14701080322266,36.19328308105469
2022-06-14,168.57000732421875,352.874267578125,93.10086822509766,36.05775451660156,73.58241271972656,36.718074798583984
2022-06-15,170.77000427246094,357.9049377441406,94.83780670166016,36.69601821899414,75.32675170898438,37.26035690307617
2022-06-16,172.69000244140625,346.0597229003906,95.59075164794922,35.81294250488281,73.34646606445312,36.097068786621094
2022-06-17,171.27000427246094,346.8057861328125,95.89877319335938,35.690528869628906,73.90260314941406,36.254512786865234
2022-06-21,170.6300048828125,355.5361022949219,94.27305603027344,36.23975372314453,74.93070220947266,36.832542419433594
2022-06-22,171.30999755859375,354.8914794921875,96.86567687988281,35.903141021728516,75.88291931152344,36.22455596923828
2022-06-23,170.25999450683594,358.370361328125,97.66134643554688,35.7702522277832,77.32460021972656,36.400787353515625
2022-06-24,170.08999633789062,369.7643737792969,96.30946350097656,36.83327102661133,78.96979522705078,37.17620849609375
2022-06-27,169.89999389648438,368.3519287109375,95.48808288574219,36.76240158081055,78.85106658935547,37.20264434814453
2022-06-28,169.6199951171875,360.8254699707031,95.93301391601562,36.56752014160156,77.89278411865234,36.955909729003906
2022-06-29,169.49000549316406,360.5316467285156,97.43036651611328,36.34605407714844,77.40939331054688,36.85898971557617
2022-06-30,168.4600067138672,357.6025695800781,98.28597259521484,36.14230728149414,77.26522064208984,36.700374603271484
2022-07-01,168.32000732421875,361.3847351074219,99.29505920410156,36.2220344543457,78.65601348876953,36.48008346557617
2022-07-05,164.75,362.06719970703125,100.07522583007812,35.4424934387207,78.43551635742188,36.189308166503906
2022-07-06,162.13999938964844,363.2900695800781,98.39486694335938,35.4424934387207,78.29136657714844,35.94258117675781
2022-07-07,162.22999572753906,368.7311096191406,97.5289535522461,36.01829528808594,78.50337219238281,36.691558837890625
2022-07-08,162.3000030517578,368.4278259277344,96.44874572753906,36.10687255859375,78.08782958984375,36.60345458984375
2022-07-11,161.42999267578125,364.2190246582031,98.1119613647461,35.50450897216797,77.91822052001953,35.69584655761719
2022-07-12,160.8300018310547,360.9961242675781,98.69490051269531,35.469078063964844,77.61290740966797,35.56367492675781
2022-07-13,161.60000610351562,359.1002502441406,99.82659912109375,35.42477798461914,77.23978424072266,35.45794677734375
2022-07-14,159.3300018310547,358.22808837890625,99.01213836669922,34.90213394165039,76.5444107055664,35.22002410888672
2022-07-15,159.00999450683594,365.0721740722656,99.56940460205078,35.43363571166992,77.8418960571289,35.3433837890625
2022-07-18,159.16000366210938,362.0577697753906,98.53204345703125,35.65509796142578,77.29066467285156,35.51080322265625
2022-07-19,159.5399932861328,371.8402404785156,98.00048828125,36.57637405395508,79.29206085205078,36.01306915283203
2022-07-20,158.0399932861328,374.21014404296875,98.25769805908203,36.39920425415039,79.10547637939453,35.86326599121094
2022-07-21,160.27000427246094,378.0207214355469,99.95518493652344,36.80668640136719,79.7330322265625,36.30385971069336
2022-07-22,160.6699981689453,374.513427734375,101.63553619384766,36.68267822265625,80.1485824584961,35.93376541137695
2022-07-25,160.22999572753906,374.9684143066406,100.64105987548828,36.98386001586914,80.28424835205078,36.10118865966797
2022-07-26,160.0399932861328,370.5321960449219,100.71821594238281,36.47893142700195,80.36906433105469,35.757537841796875
2022-07-27,161.6699981689453,380.1535339355469,100.15238189697266,37.31161880493164,80.8524398803711,36.46246337890625
2022-07-28,163.63999938964844,384.9216003417969,100.94969177246094,37.5507926940918,83.47290802001953,36.5770149230957
2022-07-29,164.10000610351562,390.5332336425781,100.67533874511719,38.055728912353516,83.92236328125,36.409603118896484
2022-08-01,165.02999877929688,389.3768005371094,103.09994506835938,38.055728912353516,83.24394989013672,36.189308166503906
2022-08-02,164.0500030517578,386.80792236328125,100.91842651367188,37.462215423583984,82.1753921508789,35.97781753540039
2022-08-03,164.4499969482422,392.8652038574219,102.50731658935547,37.72797393798828,82.43827819824219,36.17167282104492
2022-08-04,167.1699981689453,392.5997009277344,102.47296142578125,37.91399383544922,82.31107330322266,36.471275329589844
2022-08-05,165.2899932861328,391.9361572265625,100.03374481201172,37.64824676513672,82.54004669189453,36.46246337890625
2022-08-08,166.69000244140625,391.4811706542969,101.64844512939453,37.76340103149414,83.27784729003906,36.54176712036133
2022-08-09,167.1999969482422,389.9266662597656,101.25338745117188,37.53308868408203,83.73578643798828,36.46246337890625
2022-08-10,166.77999877929688,398.1165771484375,100.5920181274414,38.42778015136719,85.00785064697266,36.92066955566406
2022-08-11,166.33999633789062,398.1165771484375,98.2472915649414,38.42778015136719,84.80433654785156,37.09688949584961
2022-08-12,167.8699951171875,404.85638427734375,99.24359893798828,38.74668502807617,86.2629623413086,37.48461151123047
2022-08-15,165.7100067138672,406.5246887207031,99.15769958496094,38.47207260131836,86.61067199707031,37.343631744384766
2022-08-16,165.4199981689453,407.3209228515625,99.5699462890625,38.50750732421875,86.38169860839844,37.36125564575195
2022-08-17,164.35000610351562,404.4298095703125,98.53073120117188,38.17974090576172,85.8643798828125,37.27313232421875
2022-08-18,163.9199981689453,405.605224609375,98.67671966552734,38.055728912353516,85.29618835449219,37.03522491455078
2022-08-19,162.72000122070312,400.15472412109375,97.0877914428711,37.48878860473633,84.39726257324219,36.621070861816406
2022-08-22,161.63999938964844,391.8223876953125,96.76142883300781,36.88641357421875,82.55702209472656,36.36553192138672
2022-08-23,162.77000427246094,390.87451171875,96.22891998291016,36.95728302001953,81.49695587158203,36.594635009765625
2022-08-24,163.25,392.1257629394531,95.52462005615234,37.0015754699707,81.96339416503906,36.621070861816406
2022-08-25,163.75,397.6615905761719,96.85591888427734,37.435630798339844,83.18456268310547,37.299564361572266
2022-08-26,161.75999450683594,384.201171875,97.5859603881836,36.44349670410156,81.08990478515625,36.80611801147461
2022-08-29,161.86000061035156,381.66070556640625,96.77859497070312,36.35491180419922,80.36058044433594,36.629878997802734
2022-08-30,160.50999450683594,377.47088623046875,97.01907348632812,36.05373001098633,79.24964141845703,36.189308166503906
2022-08-31,159.27000427246094,374.5987243652344,96.09147644042969,35.84112548828125,78.87650299072266,36.2421760559082
2022-09-01,157.8699951171875,375.7742004394531,94.33222198486328,35.36277389526367,79.02067565917969,36.07475280761719
2022-09-02,159.25999450683594,371.81182861328125,94.86583709716797,35.14131546020508,77.91822052001953,35.783973693847656
2022-09-06,158.3300018310547,370.4089050292969,92.51616668701172,34.99071502685547,78.62210083007812,35.47556686401367
2022-09-07,159.94000244140625,377.0633850097656,93.97936248779297,35.291900634765625,80.15705108642578,35.77516555786133
2022-09-08,158.97999572753906,379.5279235839844,93.0153579711914,35.34505844116211,80.37755584716797,35.6694221496582
2022-09-09,159.82000732421875,385.4240417480469,93.2219467163086,36.257469177246094,81.25102233886719,36.145240783691406
2022-09-12,160.6300048828125,389.56640625,92.45591735839844,36.718109130859375,82.03971099853516,36.700374603271484
2022-09-13,158.5399932861328,372.6271057128906,92.67112731933594,35.460208892822266,78.9019546508789,35.53724670410156
2022-09-14,157.92999267578125,374.0489501953125,92.98954772949219,35.61967086791992,78.00303649902344,35.713470458984375
2022-09-15,154.97999572753906,369.80224609375,92.9292984008789,35.274192810058594,76.56134796142578,35.40507125854492
2022-09-16,155.83999633789062,366.9810791015625,92.15470123291016,35.04387283325195,76.56983184814453,34.9556770324707
2022-09-19,155.9600067138672,369.8269958496094,92.3698501586914,35.17715072631836,76.4595718383789,35.0976676940918
2022-09-20,155.07000732421875,365.5819091796875,91.44892120361328,34.59071350097656,74.60236358642578,34.97264862060547
2022-09-21,155.7899932861328,359.20477294921875,92.98094940185547,34.146446228027344,73.4236068725586,34.392147064208984
2022-09-22,155.6999969482422,356.18756103515625,90.60543060302734,33.986507415771484,72.4907455444336,34.29390335083008
2022-09-23,153.00999450683594,350.21966552734375,90.97554779052734,32.87583541870117,71.52720642089844,33.50800704956055
2022-09-26,151.22999572753906,346.75506591796875,89.2369155883789,32.351600646972656,69.52129364013672,33.043609619140625
2022-09-27,151.5399932861328,345.869873046875,86.88721466064453,32.15612030029297,68.59548950195312,33.02574920654297
2022-09-28,154.69000244140625,352.67529296875,89.79637145996094,32.87583541870117,70.01850128173828,33.28474426269531
2022-09-29,154.66000366210938,345.3083190917969,89.33158111572266,32.46710968017578,67.96114349365234,32.63280487060547
2022-09-30,154.6699981689453,339.9685974121094,88.17823791503906,32.30717849731445,68.72406768798828,32.58815383911133
2022-10-03,158.42999267578125,348.94427490234375,89.57938385009766,33.02688217163086,69.94990539550781,33.0882682800293
2022-10-04,160.6999969482422,359.75689697265625,89.32913970947266,34.3419303894043,71.36433410644531,34.01706314086914
2022-10-05,159.80999755859375,358.9192199707031,88.47505187988281,33.933197021484375,69.9670639038086,34.07957458496094
2022-10-06,159.6300048828125,355.2167053222656,87.98328399658203,33.36454391479492,68.02114868164062,33.838436126708984
2022-10-07,157.8800048828125,345.3083190917969,87.1291275024414,32.84029769897461,66.38385772705078,33.16863250732422
2022-10-10,155.47999572753906,342.6717834472656,85.77462768554688,32.6181640625,65.75806427001953,32.71318054199219
2022-10-11,155.16000366210938,340.5016784667969,86.15425109863281,32.2360954284668,66.42668914794922,32.20412826538086
2022-10-12,155.99000549316406,339.37847900390625,86.57698822021484,32.15612030029297,65.73234558105469,32.195194244384766
2022-10-13,154.91000366210938,348.33514404296875,85.74876403808594,32.82252502441406,66.93247985839844,32.32022476196289
2022-10-14,152.97999572753906,340.39691162109375,85.0412826538086,32.26275634765625,65.26944732666016,31.846891403198242
2022-10-17,153.4199981689453,349.14410400390625,84.62718200683594,33.11574935913086,67.72969055175781,32.65959167480469
2022-10-18,153.75,353.2463684082031,84.8255844116211,33.33788299560547,68.46691131591797,32.66851806640625
2022-10-19,151.69000244140625,350.74310302734375,83.28126525878906,32.955806732177734,66.76102447509766,32.096954345703125
2022-10-20,151.4499969482422,347.80206298828125,81.85775756835938,32.86695861816406,66.46955871582031,32.34701156616211
2022-10-21,154.14999389648438,356.25421142578125,80.38241577148438,33.480045318603516,66.99248504638672,32.82034683227539
2022-10-24,153.64999389648438,360.6134948730469,79.71813201904297,33.426734924316406,66.98390197753906,31.543256759643555
2022-10-25,154.0,366.3719482421875,82.03893280029297,34.17310333251953,69.6156005859375,31.802248001098633
2022-10-26,154.97999572753906,363.61175537109375,83.22088623046875,34.51962661743164,69.57274627685547,32.230918884277344
2022-10-27,154.74000549316406,361.6699523925781,84.09226989746094,34.288612365722656,69.67559814453125,31.99871826171875
2022-10-28,153.16000366210938,370.2743225097656,83.51424407958984,34.555171966552734,71.21004486083984,31.77545166015625
2022-10-31,151.91000366210938,367.5997619628906,82.9189224243164,34.270843505859375,71.13288879394531,31.659351348876953
2022-11-01,153.4600067138672,365.9911804199219,83.69384002685547,34.56406021118164,71.10717010498047,32.1862678527832
2022-11-02,152.38999938964844,356.8062438964844,83.33060455322266,34.039825439453125,69.15267944335938,31.945138931274414
2022-11-03,151.80999755859375,353.13226318359375,82.88086700439453,33.76437759399414,69.05841064453125,32.20412826538086
2022-11-04,156.47000122070312,358.21490478515625,81.4884262084961,35.05274963378906,70.00135040283203,33.516929626464844
2022-11-07,155.85000610351562,361.6414489746094,80.67545318603516,35.20379638671875,70.00135040283203,33.45442581176758
2022-11-08,159.4499969482422,363.5926513671875,81.55764770507812,35.630306243896484,70.21564483642578,33.59730911254883
2022-11-09,158.64999389648438,356.10186767578125,81.82573699951172,35.132720947265625,69.49559020996094,32.98109817504883
2022-11-10,163.47999572753906,375.671142578125,84.973876953125,37.087501525878906,74.57894897460938,34.088504791259766
2022-11-11,164.55999755859375,379.3070983886719,84.66252899169922,37.78056335449219,74.57038879394531,34.77616500854492
2022-11-14,164.9199981689453,376.0804443359375,84.45494842529297,37.34518051147461,72.75305938720703,34.66006851196289
2022-11-15,165.5,379.2879943847656,85.82145690917969,37.576194763183594,73.54171752929688,35.4281120300293
2022-11-16,165.1199951171875,376.39453125,87.6982421875,37.43402862548828,72.87308502197266,34.865478515625
2022-11-17,163.9199981689453,375.2427978515625,86.77281951904297,37.389610290527344,72.37588500976562,35.053016662597656
2022-11-18,162.7899932861328,376.946533203125,86.17604064941406,37.45179748535156,73.29310607910156,34.80296325683594
2022-11-21,161.8800048828125,375.5759582519531,86.53931427001953,37.14970016479492,73.67884826660156,34.48145294189453
2022-11-22,162.07000732421875,380.6300048828125,87.76741027832031,37.70059585571289,74.0817642211914,34.570762634277344
2022-11-23,163.0800018310547,383.0286865234375,89.29826354980469,38.13597106933594,74.14176940917969,34.75831604003906
2022-11-25,163.22000122070312,382.94305419921875,88.99554443359375,38.29590606689453,74.61323547363281,34.633270263671875
2022-11-28,161.92999267578125,376.8323974609375,89.246337890625,37.76278305053711,72.61590576171875,34.55289840698242
2022-11-29,162.72999572753906,376.18511962890625,88.19987487792969,37.86052703857422,73.81602478027344,35.23163604736328
2022-11-30,164.80999755859375,388.0351867675781,88.84849548339844,38.571353912353516,75.5047607421875,36.18722152709961
2022-12-01,167.83999633789062,387.7496643066406,91.68685150146484,38.90011215209961,75.34188842773438,36.0979118347168
2022-12-02,167.25999450683594,387.30230712890625,92.83984375,38.86457443237305,75.11901092529297,36.3211784362793
2022-12-05,164.38999938964844,380.33502197265625,91.53946685791016,38.27813720703125,73.7474365234375,35.955020904541016
2022-12-06,164.83999633789062,374.8526306152344,92.71849060058594,38.02046585083008,73.05308532714844,35.981807708740234
2022-12-07,166.3300018310547,374.21484375,94.90316009521484,38.02046585083008,73.19882202148438,35.76747512817383
2022-12-08,166.47000122070312,377.1463928222656,94.64311218261719,38.23371124267578,73.71314239501953,36.178287506103516
2022-12-09,167.05999755859375,374.3291320800781,92.1810073852539,38.26036834716797,73.57599639892578,35.87464141845703
2022-12-12,165.67999267578125,379.725830078125,92.47575378417969,38.35810470581055,74.14176940917969,35.776405334472656
2022-12-13,168.50999450683594,382.6003112792969,93.36868286132812,38.855690002441406,75.51334381103516,35.96394729614258
2022-12-14,168.10000610351562,380.1541442871094,93.76750946044922,38.837921142578125,74.9990005493164,36.02647018432617
2022-12-15,165.35000610351562,370.85498046875,94.13336944580078,37.82498550415039,73.99603271484375,35.32987594604492
2022-12-16,166.7899932861328,366.47662353515625,93.08181762695312,37.531768798828125,72.08441162109375,35.285213470458984
2022-12-19,166.32000732421875,363.3689880371094,91.51756286621094,37.45086669921875,71.16717529296875,35.35329818725586
2022-12-20,169.0800018310547,363.86627197265625,89.89247131347656,37.630653381347656,70.9871597290039,35.23530197143555
2022-12-21,168.8000030517578,369.306884765625,90.1184310913086,38.008216857910156,71.59578704833984,35.56205368041992
2022-12-22,166.75999450683594,364.038330078125,90.10107421875,37.67560577392578,71.29499053955078,35.24437713623047
2022-12-23,167.25999450683594,366.13238525390625,88.78010559082031,37.8643798828125,71.92962646484375,35.171749114990234
2022-12-27,168.6699981689453,364.6885986328125,87.02469635009766,37.93630599975586,71.90355682373047,35.72542953491211
2022-12-28,167.91000366210938,360.1562194824219,86.51197052001953,37.504798889160156,70.67777252197266,35.208065032958984
2022-12-29,168.85000610351562,366.63916015625,87.49395751953125,38.09812545776367,72.22520446777344,35.81618881225586
2022-12-30,169.63999938964844,365.6734313964844,86.5206527709961,37.72953796386719,71.7035903930664,35.38051986694336
2023-01-03,171.05999755859375,364.1340026855469,88.17178344726562,37.93630599975586,71.77313995361328,35.76173782348633
2023-01-04,172.6699981689453,366.9451904296875,89.37976837158203,38.50265121459961,73.39881896972656,36.687557220458984
2023-01-05,170.52000427246094,362.7571105957031,89.75345611572266,38.07114028930664,71.4254150390625,36.578636169433594
2023-01-06,173.7100067138672,371.0758972167969,91.40461730957031,39.1229362487793,73.3466567993164,37.204917907714844
2023-01-09,174.10000610351562,370.8655090332031,91.89126586914062,39.29374694824219,73.37272644042969,37.404605865478516
2023-01-10,174.74000549316406,373.4662780761719,90.37046813964844,39.39262390136719,73.53790283203125,37.66781997680664
2023-01-11,174.6199951171875,378.18988037109375,91.83910369873047,39.68928146362305,76.17202758789062,37.82212448120117
2023-01-12,176.63999938964844,379.5667419433594,93.64669799804688,40.26462173461914,77.13700103759766,37.99457931518555
2023-01-13,178.75999450683594,381.039306640625,92.76895141601562,40.47138595581055,76.65885925292969,38.24872970581055
2023-01-17,177.58999633789062,380.3413391113281,92.16934967041016,40.58824920654297,76.87619018554688,38.04903793334961
2023-01-18,177.0800018310547,374.3364562988281,94.40274810791016,40.40845489501953,75.75472259521484,37.82212448120117
2023-01-19,179.88999938964844,371.611328125,93.81182098388672,40.36351013183594,75.33744812011719,38.121646881103516
2023-01-20,179.2899932861328,378.53411865234375,92.29100799560547,40.77703094482422,76.2328872680664,38.56639862060547
2023-01-23,179.6300048828125,383.075927734375,91.8564682006836,40.947837829589844,76.58062744140625,38.847774505615234
2023-01-24,180.27999877929688,382.6648254394531,93.17742156982422,40.9388427734375,76.77186584472656,38.88408279418945
2023-01-25,181.11000061035156,382.8082275390625,93.40336608886719,41.14560317993164,76.80664825439453,38.89316177368164
2023-01-26,179.47000122070312,387.0154113769531,92.96887969970703,41.271461486816406,77.66728973388672,39.19268798828125
2023-01-27,179.22000122070312,387.9046630859375,92.73419952392578,41.22651290893555,78.53665161132812,38.92946243286133
2023-01-30,178.75999450683594,383.0377197265625,92.39530181884766,40.88490295410156,77.53690338134766,38.230567932128906
2023-01-31,179.41000366210938,388.6696472167969,93.13396453857422,41.13661193847656,79.1625747680664,38.330413818359375
2023-02-01,181.6699981689453,392.8003234863281,94.25355529785156,41.50518798828125,79.64940643310547,38.720706939697266
2023-02-02,177.89999389648438,398.51837158203125,94.37554168701172,41.49620056152344,81.4576416015625,38.44840621948242
2023-02-03,173.4600067138672,394.2824401855469,92.96405792236328,41.02873611450195,79.92760467529297,37.84027099609375
2023-02-06,173.82000732421875,391.8728332519531,92.27577209472656,40.58824920654297,79.34513854980469,37.449981689453125
2023-02-07,173.97999572753906,396.99798583984375,91.53519439697266,40.965816497802734,79.1712646484375,37.5225944519043
2023-02-08,174.41000366210938,392.656982421875,91.9708251953125,40.723087310791016,78.7974624633789,37.449981689453125
2023-02-09,173.02999877929688,389.2528381347656,91.09956359863281,40.759056091308594,77.9367904663086,37.59520721435547
2023-02-10,173.36000061035156,390.1612548828125,90.0801773071289,40.642181396484375,78.20628356933594,37.27752685546875
2023-02-13,172.47999572753906,394.7413330078125,90.83818054199219,40.99277877807617,78.90176391601562,37.61336135864258
2023-02-14,172.61000061035156,394.55975341796875,90.62905883789062,41.02873611450195,78.27584838867188,37.50444793701172
2023-02-15,170.88999938964844,395.84100341796875,89.78395080566406,40.82197952270508,78.58880615234375,37.322906494140625
2023-02-16,170.75,390.3907775878906,88.51190185546875,40.63319396972656,77.82379150390625,37.25029754638672
2023-02-17,171.25999450683594,389.41546630859375,89.2001953125,40.69612121582031,77.51950073242188,36.95077133178711
2023-02-21,170.6199951171875,381.6034240722656,87.46637725830078,40.1837158203125,75.96337127685547,36.542320251464844
2023-02-22,169.66000366210938,381.07757568359375,88.26798248291016,39.94998550415039,75.2765884399414,36.38801956176758
2023-02-23,169.57000732421875,383.1047058105469,89.1305160522461,40.1837158203125,75.84165954589844,36.51509475708008
2023-02-24,168.35000610351562,379.01220703125,87.97173309326172,39.554443359375,74.51158142089844,35.81618881225586
2023-02-27,169.00999450683594,380.3030090332031,88.21569061279297,39.99493408203125,74.62458038330078,35.99773025512695
2023-02-28,169.77999877929688,378.8974304199219,88.61644744873047,39.70726013183594,74.52027130126953,35.77989196777344
2023-03-01,170.75999450683594,377.44403076171875,87.66442108154297,39.95896911621094,73.58137512207031,36.49694061279297
2023-03-02,170.66000366210938,380.37957763671875,86.88710021972656,40.02190399169922,74.44203186035156,36.66032028198242
2023-03-03,172.49000549316406,386.47998046875,88.99201202392578,40.60622787475586,75.57217407226562,36.9326171875
2023-03-06,171.6199951171875,386.74774169921875,88.30204010009766,40.50734329223633,75.2765884399414,36.8055419921875
2023-03-07,168.6199951171875,380.8193359375,88.8435287475586,39.77018737792969,73.52052307128906,36.260955810546875
2023-03-08,168.5399932861328,381.44091796875,88.93087768554688,39.97695541381836,74.36378479003906,36.45155715942383
2023-03-09,170.1999969482422,374.4033508300781,89.14923095703125,39.5814094543457,72.65987396240234,35.707275390625
2023-03-10,173.8699951171875,369.00091552734375,92.22364044189453,39.19484329223633,70.25178527832031,35.507591247558594
2023-03-13,177.86000061035156,368.4750671386719,92.43328857421875,38.97011184692383,71.17329406738281,35.47129440307617
2023-03-14,176.8300018310547,374.5659484863281,90.9135513305664,39.4285888671875,71.86007690429688,35.489444732666016
2023-03-15,178.2100067138672,372.22332763671875,92.66909790039062,38.250938415527344,71.80789947509766,34.89946746826172
2023-03-16,178.57000732421875,378.75396728515625,91.94413757324219,38.84425735473633,71.65141296386719,35.34421920776367
2023-03-17,183.77000427246094,374.3254089355469,93.32415771484375,38.394775390625,70.0257568359375,35.16268539428711
2023-03-20,183.83999633789062,377.9247131347656,92.50314331054688,38.98130416870117,70.8255615234375,35.22445297241211
2023-03-21,180.3699951171875,382.8870544433594,91.70832824707031,39.486610412597656,70.5125961303711,35.59686279296875
2023-03-22,183.44000244140625,376.3601989746094,92.93113708496094,39.33321762084961,67.87846374511719,35.70585250854492
2023-03-23,185.74000549316406,377.37762451171875,92.93113708496094,39.36028289794922,67.4524917602539,36.141845703125
2023-03-24,183.64999389648438,379.8540344238281,93.32415771484375,39.22493362426758,69.18228149414062,36.069190979003906
2023-03-27,181.9499969482422,380.56427001953125,91.13188934326172,39.56782531738281,69.10324096679688,35.89659881591797
2023-03-28,183.44000244140625,379.7099914550781,91.29783630371094,39.62196350097656,68.9364242553711,36.32351303100586
2023-03-29,182.52999877929688,385.22906494140625,91.11442565917969,40.0731315612793,70.46424865722656,36.4506721496582
2023-03-30,184.17999267578125,387.4847106933594,91.53367614746094,40.56942367553711,71.3862075805664,36.8049201965332
2023-03-31,183.22000122070312,392.9461364746094,92.90491485595703,40.758914947509766,72.91400146484375,36.695926666259766
2023-04-03,184.5399932861328,394.4435119628906,93.34185028076172,41.092796325683594,72.3344955444336,36.8503303527832
2023-04-04,187.97999572753906,392.2550354003906,93.8059310913086,41.08376693725586,72.2379150390625,36.88666915893555
2023-04-05,187.8300018310547,391.2279968261719,94.78662872314453,40.7679443359375,71.85157775878906,36.55966567993164
2023-04-06,186.49000549316406,392.754150390625,95.03180694580078,40.90329360961914,72.34329223632812,36.77766418457031
2023-04-10,185.11000061035156,393.1572265625,93.49947357177734,40.93938064575195,72.67693328857422,36.695926666259766
2023-04-11,186.27999877929688,393.2628173828125,93.6921157836914,41.1198616027832,72.9842758178711,36.968414306640625
2023-04-12,187.19000244140625,391.659912109375,93.59578704833984,41.35447311401367,72.63304138183594,36.68683624267578
2023-04-13,189.72000122070312,396.8622131347656,92.86026763916016,41.959041595458984,72.41352844238281,37.13191604614258
2023-04-14,186.36000061035156,395.892822265625,92.01090240478516,41.75149917602539,71.28960418701172,36.93208694458008
2023-04-17,185.52999877929688,397.3133544921875,90.9163589477539,41.71540069580078,72.77352142333984,37.13191604614258
2023-04-18,186.25,397.5724792480469,91.2403335571289,41.87782287597656,72.60669708251953,37.05924987792969
2023-04-19,185.36000061035156,397.50537109375,91.15278625488281,41.71540069580078,73.03695678710938,36.67774963378906
2023-04-20,186.08999633789062,395.33612060546875,91.9321060180664,41.733455657958984,72.31694030761719,36.6323356628418
2023-04-21,184.25,395.64324951171875,91.41547393798828,41.868812561035156,72.32572174072266,36.287174224853516
2023-04-24,184.80999755859375,396.05596923828125,92.29986572265625,41.950016021728516,72.05352020263672,36.241764068603516
2023-04-25,185.75,389.7690734863281,93.65708923339844,41.29130172729492,71.34227752685547,35.62411117553711
2023-04-26,184.74000549316406,388.1181640625,92.65886688232422,41.300315856933594,70.65740203857422,35.869346618652344
2023-04-27,184.75,395.84478759765625,91.7394790649414,41.82368850708008,72.25547790527344,36.332584381103516
2023-04-28,184.8000030517578,399.223388671875,93.21927642822266,41.83271408081055,73.14231872558594,36.550594329833984
2023-05-01,183.97000122070312,398.8203125,90.53132629394531,41.79661560058594,72.59791564941406,36.4325065612793
2023-05-02,187.52000427246094,394.337890625,92.7873764038086,41.35447311401367,71.36864471435547,36.05101776123047
2023-05-03,189.11000061035156,391.631103515625,93.30529022216797,41.435672760009766,71.08766174316406,36.04193115234375
2023-05-04,190.44000244140625,388.85723876953125,92.38359069824219,41.37251281738281,71.67594146728516,36.35075759887695
2023-05-05,187.4600067138672,396.05596923828125,92.07630920410156,42.04025650024414,72.8701171875,36.741336822509766
2023-05-08,187.69000244140625,396.1615905761719,90.78592681884766,42.05830001831055,72.44866943359375,36.75041580200195
2023-05-09,189.02000427246094,394.4242248535156,90.46111297607422,41.89586639404297,72.14134216308594,36.523338317871094
2023-05-10,188.75,396.26715087890625,91.33894348144531,41.83271408081055,72.83499908447266,36.53242111206055
2023-05-11,187.1300048828125,395.57611083984375,92.3045654296875,41.64321517944336,72.03595733642578,36.387088775634766
2023-05-12,186.80999755859375,395.0577392578125,91.53207397460938,41.552982330322266,72.02718353271484,35.978355407714844
2023-05-15,187.2100067138672,396.42071533203125,90.58399963378906,41.91392135620117,71.90425872802734,36.6050910949707
2023-05-16,184.8699951171875,393.77154541015625,90.3118896484375,41.480796813964844,70.1042251586914,36.35075759887695
2023-05-17,184.22999572753906,398.5516052246094,90.04853820800781,41.697357177734375,71.05254364013672,36.47792434692383
2023-05-18,181.83999633789062,402.3908996582031,89.3813705444336,41.61614990234375,70.71009063720703,36.250850677490234
2023-05-19,183.63999938964844,401.80535888671875,88.74932098388672,41.868812561035156,70.59593963623047,36.2326774597168
2023-05-22,183.2100067138672,401.9685974121094,88.43330383300781,41.9048957824707,71.02618408203125,36.46883773803711
2023-05-23,183.42999267578125,397.4573059082031,88.68788146972656,41.3183708190918,70.35885620117188,35.92385482788086
2023-05-24,181.9499969482422,394.57781982421875,88.24893951416016,40.73185729980469,68.8486099243164,35.669525146484375
2023-05-25,180.1999969482422,397.9947814941406,88.0295181274414,40.64161682128906,68.83983612060547,35.60593795776367
2023-05-26,180.9199981689453,403.1492004394531,88.74055480957031,41.02060317993164,69.63008880615234,36.196346282958984
2023-05-30,182.0399932861328,403.3026428222656,89.62716674804688,40.6686897277832,69.89348602294922,35.724021911621094
2023-05-31,182.32000732421875,401.0662841796875,90.40840911865234,40.27165603637695,70.24471282958984,35.46969223022461
2023-06-01,183.75999450683594,404.8768310546875,90.76314544677734,40.89426803588867,70.25350952148438,36.078269958496094
2023-06-02,181.0500030517578,410.7318115234375,89.76854705810547,41.49884796142578,71.96570587158203,36.65050506591797
2023-06-05,182.13999938964844,409.94482421875,89.60132598876953,41.23716354370117,71.46521759033203,36.61417007446289
2023-06-06,182.33999633789062,410.83740234375,90.12940979003906,41.59809875488281,72.15010070800781,36.895751953125
2023-06-07,180.14999389648438,409.4167785644531,88.79158020019531,41.20106506347656,73.47598266601562,36.814002990722656
2023-06-08,182.52999877929688,411.8931884765625,89.83016204833984,41.62516784667969,73.01939392089844,37.013824462890625
2023-06-09,182.0399932861328,412.6322937011719,89.70692443847656,41.60712814331055,72.59791564941406,37.113746643066406
2023-06-12,181.8800048828125,416.37567138671875,89.97099304199219,41.79661560058594,72.615478515625,37.20457077026367
2023-06-13,180.5399932861328,419.1207580566406,89.08202362060547,42.20267105102539,73.08084869384766,37.51340103149414
2023-06-14,180.63999938964844,419.6198425292969,89.79496765136719,42.310951232910156,73.3530502319336,37.86764144897461
2023-06-15,181.91000366210938,424.822265625,90.65752410888672,42.707984924316406,73.73939514160156,38.2309684753418
2023-06-16,181.6300048828125,423.3751525878906,90.3054428100586,42.5816535949707,73.68670654296875,38.094730377197266
2023-06-20,179.75,421.17852783203125,90.93038940429688,42.009742736816406,72.81742858886719,37.416175842285156
2023-06-21,179.49000549316406,419.0205993652344,91.15042877197266,42.07350158691406,72.37838745117188,37.352237701416016
2023-06-22,177.7100067138672,420.5331115722656,90.0501708984375,41.81849670410156,71.34227752685547,37.187862396240234
2023-06-23,178.1999969482422,417.35394287109375,90.94799041748047,41.14460372924805,70.35885620117188,36.66730499267578
2023-06-26,178.50999450683594,415.64874267578125,91.0447769165039,41.2720947265625,71.98328399658203,36.7860221862793
2023-06-27,177.69000244140625,420.2055969238281,90.80713653564453,41.60904312133789,72.8701171875,37.1330680847168
2023-06-28,177.27999877929688,420.41748046875,91.19442749023438,41.618160247802734,72.97547912597656,36.98694610595703
2023-06-29,177.08999633789062,422.0746154785156,89.54850006103516,41.56351089477539,73.7906494140625,36.831687927246094
2023-06-30,178.27000427246094,427.0553283691406,90.60470581054688,42.05527877807617,74.19910430908203,37.151329040527344
2023-07-03,178.47000122070312,427.5466613769531,90.091064453125,42.128135681152344,74.92724609375,37.516624450683594
2023-07-05,177.83999633789062,426.9108581542969,89.2350082397461,41.672794342041016,75.09595489501953,37.333988189697266
2023-07-06,177.30999755859375,423.5678405761719,87.9729232788086,40.935142517089844,74.51876831054688,36.621639251708984
2023-07-07,178.63999938964844,422.49847412109375,87.44342803955078,41.28120040893555,74.35008239746094,37.06000518798828
2023-07-10,178.77999877929688,423.5678405761719,87.55812072753906,41.3904914855957,74.66973876953125,37.06913757324219
2023-07-11,179.4499969482422,426.2653503417969,88.00823211669922,41.79118347167969,75.73529815673828,37.397911071777344
2023-07-12,181.8800048828125,429.6950378417969,88.98788452148438,42.59259033203125,76.1437759399414,38.11024475097656
2023-07-13,182.00999450683594,433.1054992675781,89.92338562011719,43.2482795715332,76.63216400146484,38.53034591674805
2023-07-14,181.42999267578125,432.8357238769531,89.39385986328125,42.98418045043945,76.48119354248047,38.29290008544922
2023-07-17,181.55999755859375,434.338623046875,89.43798828125,42.96596145629883,75.98394012451172,38.338565826416016
2023-07-18,183.63999938964844,437.5660095214844,89.84392547607422,43.275596618652344,75.56658935546875,38.06458282470703
2023-07-19,183.6699981689453,438.5390625,90.85888671875,43.2664909362793,76.4190444946289,38.009788513183594
2023-07-20,182.74000549316406,435.6295471191406,89.75569152832031,43.011497497558594,76.17041015625,37.772342681884766
2023-07-21,182.17999267578125,435.6295471191406,89.78215789794922,43.06613540649414,76.52558898925781,37.75407791137695
2023-07-24,181.39999389648438,437.57562255859375,89.45561218261719,43.02061080932617,77.15605926513672,38.256370544433594
2023-07-25,182.41000366210938,438.7702941894531,89.2879409790039,43.148101806640625,76.60551452636719,38.54861068725586
2023-07-26,183.3000030517578,438.8376770019531,89.37619018554688,43.20273971557617,76.95183563232422,38.78606033325195
2023-07-27,180.4199981689453,435.92822265625,87.63758850097656,43.02061080932617,75.28242492675781,38.35683059692383
2023-07-28,181.86000061035156,440.1961364746094,88.08766174316406,43.37576675415039,75.22026824951172,39.28835678100586
2023-07-31,182.35000610351562,441.0342712402344,88.29948425292969,43.37576675415039,75.70866394042969,39.33401870727539
2023-08-01,180.4600067138672,439.7721252441406,86.8525619506836,42.893104553222656,75.58435821533203,38.78606033325195
2023-08-02,179.60000610351562,433.6546325683594,85.92327880859375,42.06439208984375,75.14924621582031,37.94586181640625
2023-08-03,179.5399932861328,432.41180419921875,83.94091796875,41.936893463134766,74.33231353759766,38.11024475097656
2023-08-04,180.19000244140625,430.4561767578125,85.42770385742188,42.05527877807617,73.72847747802734,38.15591049194336
2023-08-07,179.77999877929688,434.2133483886719,84.58694458007812,42.39223098754883,74.65196990966797,38.09197998046875
2023-08-08,178.63999938964844,432.32513427734375,85.56929779052734,42.07350158691406,74.17247772216797,37.699283599853516
2023-08-09,177.7899932861328,429.4349060058594,86.01178741455078,42.109928131103516,74.16358947753906,37.76321029663086
2023-08-10,177.60000610351562,429.58905029296875,84.5958023071289,42.23741912841797,73.87944793701172,37.836273193359375
2023-08-11,177.60000610351562,429.33856201171875,84.401123046875,42.000640869140625,73.99488830566406,37.28832244873047
2023-08-14,177.05999755859375,431.70855712890625,84.21528625488281,41.827613830566406,73.5064926147461,37.11479949951172
2023-08-15,176.58999633789062,426.67962646484375,83.70198059082031,41.24477767944336,72.68067169189453,36.72209548950195
2023-08-16,175.57000732421875,423.548583984375,83.04708099365234,40.916927337646484,71.78382110595703,36.475521087646484
2023-08-17,175.3000030517578,420.3211669921875,82.6930923461914,40.64372253417969,71.20663452148438,36.59424591064453
2023-08-18,175.3300018310547,420.5234680175781,82.98511505126953,40.64372253417969,71.42863464355469,36.365928649902344
2023-08-21,175.80999755859375,423.259521484375,81.87889099121094,40.77122116088867,70.77153778076172,36.44812774658203
2023-08-22,176.10000610351562,422.1130676269531,82.50725555419922,40.68015670776367,70.97576904296875,36.384185791015625
2023-08-23,177.88999938964844,426.814453125,84.55155181884766,41.117286682128906,72.0946044921875,36.923011779785156
2023-08-24,177.85000610351562,420.8992614746094,83.99400329589844,40.59818649291992,71.8193359375,36.767765045166016
2023-08-25,177.6199951171875,423.86651611328125,84.26837921142578,40.853179931640625,71.87261962890625,36.74036407470703
2023-08-28,178.1300048828125,426.5544128417969,84.35687255859375,41.28120040893555,72.5474624633789,37.10566329956055
2023-08-29,179.8699951171875,432.7201232910156,85.23300170898438,41.80939865112305,73.42656707763672,37.59882736206055
2023-08-30,180.32000732421875,434.5024108886719,85.14449310302734,41.800289154052734,73.6929702758789,37.46183395385742
2023-08-31,180.02000427246094,433.8664855957031,85.52505493164062,41.663692474365234,73.15130615234375,37.01434326171875
2023-09-01,180.11000061035156,434.6758117675781,84.19268798828125,41.727439880371094,73.2756118774414,37.416175842285156
2023-09-05,178.63999938964844,432.7972106933594,83.01213836669922,41.35405731201172,72.42317199707031,37.19699478149414
2023-09-06,177.8300018310547,429.8877258300781,83.21627807617188,41.19013977050781,72.27220153808594,37.02347183227539
2023-09-07,178.02000427246094,428.5678405761719,83.44710540771484,41.026214599609375,72.72505950927734,36.6399040222168
2023-09-08,178.0800018310547,429.2133483886719,83.76663208007812,40.9715690612793,72.44092559814453,36.71296310424805
2023-09-11,178.41000366210938,432.0361328125,83.16305541992188,41.43601608276367,72.44979858398438,37.1330680847168
2023-09-12,177.49000549316406,429.6661682128906,83.64236450195312,41.253883361816406,72.41429901123047,37.0326042175293
2023-09-13,177.0800018310547,430.1671447753906,83.6246109008789,41.17192077636719,71.62398529052734,36.99607849121094
2023-09-14,177.1699981689453,433.8761291503906,83.0210189819336,41.727439880371094,72.9204330444336,37.21525573730469
2023-09-15,178.33999633789062,428.64874267578125,82.51505279541016,41.63637161254883,72.64514923095703,37.02347183227539
2023-09-18,179.38999938964844,428.9001159667969,82.98551177978516,41.48049545288086,71.9969253540039,36.966392517089844
2023-09-19,179.22000122070312,428.0106201171875,82.37305450439453,41.489662170410156,71.66838073730469,36.782249450683594
2023-09-20,179.35000610351562,424.0758056640625,82.63045501708984,41.35213088989258,71.73054504394531,36.67176818847656
2023-09-21,178.0500030517578,417.0665283203125,80.50897979736328,40.664451599121094,69.28862762451172,36.08251190185547
2023-09-22,178.6199951171875,416.12872314453125,81.15695190429688,40.71030044555664,68.76471710205078,36.506038665771484
2023-09-25,177.6999969482422,417.878662109375,79.1597671508789,40.554420471191406,68.70255279541016,36.36792755126953
2023-09-26,176.27999877929688,411.739501953125,78.88462829589844,39.97677993774414,67.45050048828125,35.94440460205078
2023-09-27,174.10000610351562,411.9037780761719,78.4762954711914,39.88508987426758,66.99764251708984,35.99043655395508
2023-09-28,173.22999572753906,414.2917785644531,78.71598052978516,40.215179443359375,67.64051818847656,36.0640983581543
2023-09-29,171.4499969482422,413.2863464355469,78.7248306274414,40.08681106567383,67.8377685546875,36.10092544555664
2023-10-02,169.64999389648438,413.1219787597656,77.40696716308594,39.463321685791016,66.59146881103516,35.97202682495117
2023-10-03,169.16000366210938,407.5919189453125,75.74182891845703,38.96819305419922,65.29138946533203,35.51166915893555
2023-10-04,169.13999938964844,410.5599670410156,76.81036376953125,38.986534118652344,66.08937072753906,35.36436080932617
2023-10-05,168.8300018310547,410.4052734375,76.42745971679688,39.344120025634766,66.45698547363281,35.51166915893555
2023-10-06,169.6999969482422,415.2779235839844,75.50141143798828,39.7567253112793,66.63631439208984,35.999656677246094
2023-10-09,172.82000732421875,417.9366149902344,77.27338409423828,39.729217529296875,67.36255645751953,35.778682708740234
2023-10-10,172.52999877929688,420.1119384765625,77.16654205322266,40.23351287841797,67.68534088134766,36.34951400756836
2023-10-11,173.7899932861328,421.83282470703125,78.77826690673828,40.407718658447266,68.85990905761719,36.46000289916992
2023-10-12,173.25999450683594,419.2611083984375,76.64118194580078,40.059303283691406,67.8556900024414,36.073307037353516
2023-10-13,178.8300018310547,417.1728210449219,78.0124740600586,39.70171356201172,67.68534088134766,35.93519592285156
2023-10-16,177.9600067138672,421.5621337890625,76.75691223144531,40.01346206665039,68.4922866821289,36.192996978759766
2023-10-17,178.2899932861328,421.542724609375,75.91102600097656,40.02262496948242,68.39366912841797,36.036476135253906
2023-10-18,180.8699951171875,415.92572021484375,75.24315643310547,39.344120025634766,66.94115447998047,35.44722366333008
2023-10-19,183.08999633789062,412.27117919921875,73.70267486572266,39.02320098876953,65.3541488647461,35.31832504272461
2023-10-20,183.58999633789062,407.2052001953125,74.12118530273438,38.65644454956055,64.91481018066406,34.894798278808594
2023-10-23,182.97000122070312,406.4993896484375,75.01165771484375,38.67478561401367,64.27823638916016,34.82114028930664
2023-10-24,182.9499969482422,409.56414794921875,76.00005340576172,38.867332458496094,65.10308837890625,35.253883361816406
2023-10-25,183.72000122070312,403.68597412109375,74.30818176269531,38.52808380126953,63.70438003540039,34.87638473510742
2023-10-26,184.00999450683594,398.8520202636719,75.44796752929688,38.243839263916016,64.92377471923828,34.74748611450195
2023-10-27,186.14999389648438,397.04412841796875,75.12742614746094,38.12464904785156,63.88371276855469,34.78430938720703
2023-10-30,185.10000610351562,401.7911376953125,74.7890396118164,38.64727783203125,64.28717041015625,35.09735870361328
2023-10-31,184.08999633789062,404.3144836425781,74.42395782470703,38.729801177978516,65.38105010986328,34.93162536621094
2023-11-01,183.50999450683594,408.6263122558594,76.03762817382812,39.12405776977539,65.78451538085938,35.18022155761719
2023-11-02,184.1199951171875,416.4574279785156,77.77103424072266,40.00428771972656,67.94535827636719,35.72343444824219
2023-11-03,184.7899932861328,420.25689697265625,78.29820251464844,40.51774597167969,69.5682373046875,36.377140045166016
2023-11-06,183.35000610351562,421.2237548828125,77.53873443603516,40.38938903808594,68.56402587890625,36.48762130737305
2023-11-07,182.58999633789062,422.42254638671875,78.6823959350586,40.08681106567383,67.9991683959961,36.4968376159668
2023-11-08,180.77000427246094,422.73193359375,80.02267456054688,39.9951171875,68.22331237792969,36.33109664916992
2023-11-09,181.49000549316406,419.43505859375,78.18203735351562,39.97677993774414,67.14737701416016,36.00885009765625
2023-11-10,179.50999450683594,425.9803466796875,78.61985778808594,40.18766403198242,67.77500915527344,36.25743865966797
2023-11-13,180.50999450683594,425.57427978515625,78.44116973876953,40.242679595947266,67.21012878417969,36.321895599365234
2023-11-14,182.1199951171875,433.8307800292969,80.21926879882812,41.33379364013672,70.94005584716797,37.168949127197266
2023-11-15,181.63999938964844,434.7491760253906,79.09341430664062,41.297119140625,71.1462631225586,37.42674255371094
2023-11-16,183.69000244140625,435.28094482421875,80.07630157470703,41.20542526245117,70.99385070800781,37.04004669189453
2023-11-17,183.6699981689453,435.82232666015625,80.45157623291016,41.71887969970703,70.94005584716797,37.18735885620117
2023-11-20,183.3699951171875,439.1771545410156,80.9429931640625,41.90227127075195,71.46009063720703,37.5832633972168
2023-11-21,185.35000610351562,438.219970703125,80.9072494506836,41.73723220825195,70.95796966552734,37.36229705810547
2023-11-22,184.55999755859375,439.9119567871094,81.19317626953125,41.81975173950195,71.30765533447266,37.261016845703125
2023-11-24,185.52000427246094,440.1825866699219,80.23712158203125,42.094818115234375,71.51388549804688,37.380706787109375
2023-11-27,186.77000427246094,439.38983154296875,81.57738494873047,41.98479080200195,71.7739028930664,37.205772399902344
2023-11-28,189.25999450683594,439.8248596191406,81.73822021484375,42.058143615722656,72.24909973144531,37.50960922241211
2023-11-29,189.5399932861328,439.5155334472656,82.7657699584961,42.15900421142578,72.75120544433594,37.297847747802734
2023-11-30,188.75,441.2460632324219,81.8096923828125,42.140663146972656,73.28020477294922,37.4083251953125
2023-12-01,192.00999450683594,443.8564758300781,83.35051727294922,42.57160186767578,75.08240509033203,37.564857482910156
2023-12-04,187.86000061035156,441.5264587402344,83.01889038085938,42.195674896240234,75.62934112548828,37.2333984375
2023-12-05,187.14999389648438,441.439453125,84.80255126953125,42.058143615722656,75.12723541259766,37.104496002197266
2023-12-06,187.83999633789062,439.6605224609375,85.93196105957031,42.140663146972656,74.903076171875,37.05845260620117
2023-12-07,188.14999389648438,443.01531982421875,85.43897247314453,42.342376708984375,75.11827087402344,37.205772399902344
2023-12-08,185.63999938964844,444.91986083984375,84.73982238769531,42.443233489990234,74.99274444580078,37.021629333496094
2023-12-11,183.58999633789062,446.65045166015625,84.56057739257812,42.56243133544922,75.19896697998047,37.18735885620117
2023-12-12,183.49000549316406,448.6904296875,84.81153869628906,42.57160186767578,75.15412139892578,37.18735885620117
2023-12-13,187.6300048828125,454.8778381347656,86.8014144897461,43.25927734375,78.03226470947266,37.537227630615234
2023-12-14,188.72999572753906,456.3377990722656,89.0593490600586,43.635215759277344,80.28275299072266,38.03441619873047
2023-12-15,187.0,455.58642578125,89.15828704833984,43.18592071533203,79.15302276611328,37.81344223022461
2023-12-18,187.85000610351562,458.1491394042969,88.44790649414062,43.334564208984375,78.97370147705078,37.808738708496094
2023-12-19,189.1300048828125,460.93505859375,88.92448425292969,43.75257110595703,79.57442474365234,38.072078704833984
2023-12-20,188.10000610351562,454.5477294921875,89.52698516845703,43.297401428222656,78.60608673095703,37.272647857666016
2023-12-21,189.42999267578125,458.85772705078125,88.96046447753906,44.031253814697266,79.30319213867188,37.99684524536133
2023-12-22,190.27000427246094,459.7798767089844,88.5557861328125,44.13343811035156,79.6117935180664,37.865169525146484
2023-12-26,191.72000122070312,461.7213439941406,88.8075942993164,44.328514099121094,80.2017822265625,38.109703063964844
2023-12-27,192.58999633789062,462.55621337890625,90.3812484741211,44.57932662963867,80.59207153320312,38.316619873046875
2023-12-28,191.47000122070312,462.7309265136719,89.72480010986328,44.505008697509766,81.1639175415039,38.5517463684082
2023-12-29,191.1699981689453,461.3913269042969,88.91548156738281,44.4957160949707,80.2017822265625,38.65520477294922
2024-01-02,190.72000122070312,458.8092346191406,88.40293884277344,44.003387451171875,80.89160919189453,38.20375442504883
2024-01-03,189.1300048828125,455.062255859375,88.7715835571289,43.650394439697266,78.9582748413086,38.09088897705078
2024-01-04,189.32000732421875,453.5964050292969,87.42277526855469,43.75257110595703,78.81304168701172,38.025054931640625
2024-01-05,189.35000610351562,454.21771240234375,86.58650970458984,43.78044509887695,78.61335754394531,38.081485748291016
2024-01-08,187.8699951171875,460.7021179199219,87.44075012207031,44.23561477661133,79.7388687133789,38.1473274230957
2024-01-09,187.92999267578125,460.00323486328125,86.88321685791016,43.836177825927734,79.2033462524414,37.70527648925781
2024-01-10,187.5,462.604736328125,86.47857666015625,44.077701568603516,79.29410552978516,37.667667388916016
2024-01-11,187.8699951171875,462.40087890625,86.96417999267578,44.031253814697266,78.55889892578125,37.82754898071289
2024-01-12,189.7100067138672,462.7212219238281,86.79329681396484,44.18916702270508,79.0308837890625,38.00624465942383
2024-01-16,187.91000366210938,461.0224914550781,85.2646255493164,43.39958572387695,78.4499740600586,37.216209411621094
2024-01-17,185.83999633789062,458.4598388671875,85.12976837158203,42.92582321166992,77.0158462524414,36.71773910522461
2024-01-18,187.3699951171875,462.5367431640625,84.33843994140625,43.31597900390625,76.59833526611328,36.93406295776367
2024-01-19,187.92999267578125,468.30279541015625,84.60818481445312,43.455318450927734,77.51506042480469,37.272647857666016
2024-01-22,187.22000122070312,469.2929382324219,85.11175537109375,43.566795349121094,77.97798156738281,36.981075286865234
2024-01-23,187.9499969482422,470.6616516113281,84.4373550415039,43.49248123168945,77.44245910644531,37.1879997253418
2024-01-24,186.39999389648438,471.1761779785156,83.9427719116211,43.761863708496094,76.3351058959961,37.667667388916016
2024-01-25,187.13999938964844,473.7388610839844,84.49130249023438,43.87333679199219,77.31538391113281,37.761714935302734
2024-01-26,187.00999450683594,473.136962890625,84.32945251464844,44.05912399291992,77.09754943847656,37.7711181640625
2024-01-29,188.3300018310547,476.8839416503906,85.30058288574219,44.319217681884766,77.60584259033203,37.780521392822266
2024-01-30,188.58999633789062,476.5150451660156,86.07391357421875,44.26348114013672,76.87969970703125,37.423126220703125
2024-01-31,188.4499969482422,468.7396240234375,86.9192123413086,44.01268005371094,76.14449310302734,37.28205108642578
2024-02-01,190.41000366210938,474.8746032714844,88.62422180175781,44.477142333984375,77.52415466308594,37.53599166870117
2024-02-02,188.61000061035156,479.873779296875,86.66659545898438,44.16130065917969,76.56202697753906,37.272647857666016
2024-02-05,187.57000732421875,478.12646484375,84.91651916503906,43.87333679199219,74.95545196533203,37.366695404052734
2024-02-06,188.5500030517578,479.5146484375,85.74645233154297,44.14272689819336,75.96296691894531,38.28840637207031
2024-02-07,188.5,483.5139465332031,85.33148193359375,44.170597076416016,75.85403442382812,38.26018524169922
2024-02-08,188.3300018310547,483.7275085449219,84.83531951904297,44.09628677368164,76.47126007080078,38.06267547607422
2024-02-09,187.60000610351562,486.5231628417969,84.66390991210938,44.25419235229492,76.58924102783203,38.213157653808594
2024-02-12,187.11000061035156,486.3096008300781,84.76311492919922,44.36567306518555,76.60739135742188,38.38245391845703
2024-02-13,184.52999877929688,479.61163330078125,83.31072998046875,43.57607650756836,75.0280532836914,37.67707061767578
2024-02-14,184.4199981689453,483.97015380859375,83.7347412109375,44.1148567199707,75.61802673339844,38.22256088256836
2024-02-15,185.66000366210938,487.3094787597656,84.1677474975586,44.6071891784668,77.3789291381836,38.457698822021484
2024-02-16,186.33999633789062,484.8826904296875,83.68061828613281,44.644344329833984,76.5801773071289,38.64579391479492
2024-02-20,187.47000122070312,482.2132263183594,83.75276947021484,44.802268981933594,76.44402313232422,38.721038818359375
2024-02-21,187.47999572753906,482.6500244140625,83.1573715209961,44.830135345458984,76.8706283569336,38.75865936279297
2024-02-22,187.55999755859375,492.6387023925781,83.56334686279297,45.303890228271484,77.0158462524414,39.09724807739258
2024-02-23,188.6199951171875,492.9784851074219,84.68196868896484,45.37819290161133,76.97954559326172,39.10665512084961
2024-02-26,188.1999969482422,491.1728820800781,84.42936706542969,45.27602005004883,76.13542175292969,38.9749755859375
2024-02-27,188.0,492.0853576660156,83.83395385742188,45.3596305847168,76.22618865966797,39.09724807739258
2024-02-28,188.33999633789062,491.43499755859375,84.36622619628906,45.118106842041016,76.99771881103516,38.49531173706055
2024-02-29,189.30999755859375,493.2016906738281,84.96160888671875,45.22028732299805,77.65122985839844,38.579959869384766
2024-03-01,192.88999938964844,497.83197021484375,85.49100494384766,45.70332336425781,78.57704162597656,39.09724807739258
2024-03-04,196.00999450683594,497.29815673828125,85.14712524414062,45.58256530761719,79.31224822998047,38.937355041503906
2024-03-05,197.19000244140625,492.3280029296875,86.3597412109375,45.47109603881836,78.35012817382812,38.674015045166016
2024-03-06,198.80999755859375,494.82281494140625,86.86653137207031,46.019161224365234,78.74042510986328,39.1536750793457
2024-03-07,199.94000244140625,499.734619140625,86.78508758544922,46.54865646362305,78.72227478027344,39.34178161621094
2024-03-08,201.6300048828125,496.735107421875,86.63124084472656,46.418601989746094,79.62995147705078,39.275943756103516
2024-03-11,202.0,496.3079833984375,86.58599090576172,46.186370849609375,79.24872589111328,39.3794059753418
2024-03-12,199.7899932861328,501.6469421386719,85.86204528808594,46.539363861083984,79.07626342773438,39.717987060546875
2024-03-13,201.19000244140625,500.86065673828125,85.4457778930664,46.54865646362305,78.67689514160156,39.49226379394531
2024-03-14,200.35000610351562,499.87054443359375,84.13357543945312,46.24210739135742,77.4969253540039,39.275943756103516
2024-03-15,199.7100067138672,496.4381408691406,84.10643005371094,46.201927185058594,77.32447052001953,39.16203308105469
2024-03-18,200.02999877929688,499.3885192871094,83.85305786132812,46.211273193359375,77.36077880859375,39.24675750732422
2024-03-19,199.8000030517578,502.1636657714844,84.08832550048828,46.28601837158203,77.33353424072266,39.08672332763672
2024-03-20,202.17999267578125,506.8083801269531,84.06119537353516,46.79054641723633,77.84183502197266,39.39738464355469
2024-03-21,201.97000122070312,508.483154296875,84.24214935302734,46.81857681274414,78.40458679199219,39.425628662109375
2024-03-22,200.35000610351562,507.5191650390625,85.04757690429688,46.65974044799805,77.41775512695312,39.17144775390625
2024-03-25,200.99000549316406,506.1170959472656,84.62223815917969,46.59434127807617,76.94173431396484,39.17144775390625
2024-03-26,201.63999938964844,505.1822204589844,84.8575439453125,46.65974044799805,76.63048553466797,39.08672332763672
2024-03-27,203.10000610351562,509.42767333984375,85.69915008544922,46.96807098388672,78.60782623291016,39.19027328491211
2024-03-28,205.72000122070312,509.3303527832031,85.6267318725586,46.874637603759766,79.1662368774414,39.32207107543945
2024-04-01,207.82000732421875,508.4442138671875,84.03057861328125,46.68777847290039,77.83885192871094,39.48210906982422
2024-04-02,210.88999938964844,505.2115173339844,83.5675277709961,46.39813995361328,76.85934448242188,39.6139030456543
2024-04-03,212.74000549316406,505.7664794921875,83.54936218261719,46.6504020690918,76.94173431396484,39.67038345336914
2024-04-04,211.52000427246094,499.5930480957031,84.14862823486328,46.276676177978516,76.44740295410156,39.529178619384766
2024-04-05,215.13999938964844,504.8121643066406,82.97735595703125,46.44485092163086,76.84103393554688,39.65155792236328
2024-04-08,216.47999572753906,505.09454345703125,82.96827697753906,46.66908645629883,77.6649169921875,39.896324157714844
2024-04-09,217.6699981689453,505.6788330078125,83.74002838134766,46.67843246459961,78.69937133789062,40.24463653564453
2024-04-10,215.61000061035156,500.6153564453125,81.91506958007812,45.97769546508789,75.44043731689453,39.80218505859375
2024-04-11,219.8000030517578,504.3935241699219,81.54280853271484,46.14586639404297,75.6967544555664,39.9339714050293
2024-04-12,216.88999938964844,497.4313659667969,81.97859954833984,45.34235763549805,74.79962921142578,39.16203308105469
2024-04-15,220.9499969482422,491.199462890625,80.70748901367188,45.18352508544922,73.5271987915039,38.91727066040039
2024-04-16,221.22000122070312,490.3035583496094,80.17180633544922,44.707027435302734,72.49275207519531,38.43716049194336
2024-04-17,219.58999633789062,487.40185546875,81.06159210205078,44.73505401611328,71.96180725097656,38.50305938720703
2024-04-18,220.33999633789062,486.3989562988281,80.65301513671875,44.68833541870117,71.9709701538086,38.60660934448242
2024-04-19,221.02999877929688,482.15350341796875,80.94355773925781,44.71636962890625,72.31881713867188,38.493648529052734
2024-04-22,215.57000732421875,486.59368896484375,80.807373046875,45.20222091674805,72.9596176147461,38.82312774658203
2024-04-23,215.0399932861328,492.3678894042969,80.83458709716797,45.6600227355957,73.62788391113281,39.143211364746094
2024-04-24,214.63999938964844,492.13421630859375,80.26258850097656,45.52922058105469,73.76519775390625,39.26557922363281
2024-04-25,215.9199981689453,490.2646484375,79.69965362548828,45.33301544189453,73.34410858154297,39.387969970703125
2024-04-26,216.6199951171875,494.90936279296875,80.1173095703125,45.66937255859375,73.38072204589844,39.839839935302734
2024-04-29,216.17999267578125,496.662109375,80.78919219970703,45.921634674072266,74.1313705444336,40.23522186279297
2024-04-30,211.8699951171875,488.79437255859375,80.09917449951172,45.27695846557617,72.87724304199219,39.69862365722656
2024-05-01,213.7899932861328,487.2071533203125,80.68956756591797,45.22089767456055,72.90470886230469,39.74570083618164
2024-05-02,213.1300048828125,491.7641906738281,81.03582000732422,45.88426971435547,73.92998504638672,40.715335845947266
2024-05-03,212.9600067138672,497.8597717285156,81.8558349609375,46.30470657348633,74.42431640625,41.07307052612305
2024-05-06,215.1999969482422,503.0010986328125,82.17471313476562,46.66908645629883,74.48839569091797,40.99775695800781
2024-05-07,214.2100067138672,503.5561218261719,82.67584991455078,46.73448944091797,75.1932601928711,40.7059211730957
2024-05-08,213.5800018310547,503.604736328125,82.17471313476562,46.68777847290039,74.56163787841797,40.66826629638672
2024-05-09,216.9499969482422,506.5065002441406,82.57559967041016,47.03346633911133,76.09038543701172,40.82830047607422
2024-05-10,218.7100067138672,507.15899658203125,82.11093139648438,47.05216598510742,75.87984466552734,40.913028717041016
2024-05-13,216.25999450683594,507.22705078125,82.32051086425781,47.04281234741211,76.12701416015625,41.23310089111328
2024-05-14,218.08999633789062,509.5542907714844,82.78516387939453,47.36982345581055,76.71288299560547,41.440216064453125
2024-05-15,220.88999938964844,515.8641357421875,83.91497039794922,47.84632873535156,77.77477264404297,41.797935485839844
2024-05-16,220.02999877929688,514.8026123046875,83.8329849243164,47.575374603271484,77.71985626220703,41.95797348022461
2024-05-17,223.66000366210938,515.542724609375,83.26806640625,47.743553161621094,77.71070098876953,42.25922393798828
2024-05-20,224.55999755859375,516.1366577148438,83.02208709716797,47.76223373413086,77.25299072265625,42.16508483886719
2024-05-21,224.22999572753906,517.4026489257812,83.45028686523438,47.68749237060547,77.22551727294922,41.920318603515625
2024-05-22,220.11000061035156,515.9127197265625,83.55052185058594,47.239017486572266,76.52980041503906,41.797935485839844
2024-05-23,215.72000122070312,512.1444702148438,83.01295471191406,46.977413177490234,74.88201904296875,41.477867126464844
2024-05-24,215.9199981689453,515.5331420898438,83.25894165039062,47.360477447509766,74.93694305419922,41.60966491699219
2024-05-28,218.19000244140625,515.8932495117188,82.06539916992188,47.36982345581055,74.44261169433594,41.49669647216797
2024-05-29,216.16000366210938,512.2807006835938,81.0722427368164,46.55697250366211,73.71943664550781,40.97892379760742
2024-05-30,216.57000732421875,508.8825378417969,81.8558349609375,46.977413177490234,74.79962921142578,40.903621673583984
2024-05-31,215.3000030517578,513.5173950195312,82.41160583496094,47.388511657714844,76.20024108886719,40.5552978515625
2024-06-03,217.22000122070312,513.9361572265625,83.74457550048828,47.50997543334961,76.02630615234375,40.9600944519043
2024-06-04,215.27000427246094,514.5106811523438,84.72280883789062,47.36982345581055,76.61219024658203,40.319950103759766
2024-06-05,217.82000732421875,520.6256103515625,85.34449005126953,47.69683837890625,76.52063751220703,40.837711334228516
2024-06-06,219.42999267578125,520.615966796875,85.21651458740234,47.818302154541016,76.66709899902344,41.02599334716797
2024-06-07,211.60000610351562,519.9829711914062,83.65315246582031,47.22967529296875,75.94393157958984,40.68709182739258
2024-06-10,213.5399932861328,521.5896606445312,83.09545135498047,47.29508590698242,76.20024108886719,40.903621673583984
2024-06-11,214.14999389648438,522.8457641601562,83.9548568725586,46.76252365112305,75.92560577392578,40.80946731567383
2024-06-12,214.72000122070312,527.139892578125,84.58566284179688,47.332454681396484,76.60301971435547,41.12955093383789
2024-06-13,212.97000122070312,528.2012939453125,85.82904815673828,46.66908645629883,76.9142837524414,41.082481384277344
2024-06-14,215.72999572753906,528.522705078125,86.55130004882812,46.24864959716797,76.89596557617188,41.19544219970703
2024-06-17,214.61000061035156,532.7291870117188,85.6919174194336,46.41682434082031,76.59386444091797,41.421382904052734
2024-06-18,215.47000122070312,534.0827026367188,86.4781723022461,46.603694915771484,76.89596557617188,41.75087356567383
2024-06-20,218.16000366210938,532.6317138671875,85.90217590332031,46.603694915771484,76.67626953125,41.67556381225586
2024-06-21,214.77999877929688,531.9176635742188,85.90217590332031,46.29343032836914,76.8685073852539,41.5338020324707
2024-06-24,215.6300048828125,530.1886596679688,86.24960327148438,46.69893264770508,77.46353912353516,41.50545120239258
2024-06-25,214.55999755859375,532.2302856445312,86.3958740234375,46.76494598388672,76.51148986816406,41.382606506347656
2024-06-26,212.5800018310547,532.8945922851562,85.16165161132812,46.453739166259766,76.27347564697266,41.269195556640625
2024-06-27,214.99000549316406,533.7346801757812,85.49992370605469,46.56691360473633,77.01496887207031,41.25029754638672
2024-06-28,215.00999450683594,531.6343994140625,83.90914916992188,46.60462951660156,77.62943267822266,41.354251861572266
2024-07-01,215.57000732421875,532.728515625,82.4609603881836,46.64235305786133,76.89726257324219,41.44875717163086
2024-07-02,215.55999755859375,536.3135986328125,83.10295867919922,46.7460823059082,77.25871276855469,41.59996032714844
2024-07-03,217.99000549316406,538.7069091796875,84.19438171386719,47.302467346191406,77.18456268310547,42.21421813964844
2024-07-05,220.92999267578125,541.8134155273438,84.89140319824219,47.60424041748047,77.39773559570312,42.20477294921875
2024-07-08,218.19000244140625,542.4386596679688,85.07484436035156,47.39677429199219,77.64798736572266,42.20477294921875
2024-07-09,218.55999755859375,542.9661865234375,84.69880676269531,47.23646545410156,77.62943267822266,42.38432312011719
2024-07-10,219.36000061035156,548.3388671875,84.96478271484375,47.896583557128906,78.20405578613281,42.55442810058594
2024-07-11,223.25,543.61083984375,85.79021453857422,48.0851936340332,80.44694519042969,42.88519287109375
2024-07-12,223.11000061035156,547.0396728515625,86.15708923339844,48.566139221191406,81.05863189697266,43.08364486694336
2024-07-15,223.8300018310547,548.5440673828125,85.16655731201172,48.19835662841797,81.60546112060547,42.63948059082031
2024-07-16,228.2899932861328,551.7969970703125,86.36802673339844,48.48126220703125,82.60639953613281,42.913543701171875
2024-07-17,227.22999572753906,544.0601806640625,86.3863525390625,48.20778274536133,83.1717529296875,42.289825439453125
2024-07-18,225.77999877929688,539.8792114257812,85.72602844238281,47.736270904541016,82.4395751953125,41.921268463134766
2024-07-19,221.72999572753906,536.2940673828125,85.22157287597656,47.4533576965332,82.2912826538086,41.51490783691406
2024-07-22,221.8000030517578,541.8232421875,84.97394561767578,47.91543960571289,83.1439437866211,41.83621597290039
2024-07-23,222.5800018310547,540.9732666015625,84.8547134399414,47.67025375366211,83.07907104492188,41.4015007019043
2024-07-24,221.8000030517578,528.7134399414062,83.93756866455078,47.07614517211914,81.8556900024414,40.9667854309082
2024-07-25,218.3300018310547,525.9586791992188,84.62543487548828,46.783809661865234,81.58690643310547,40.86283493041992
2024-07-26,220.6300048828125,531.8493041992188,85.28578186035156,47.39677429199219,83.01419830322266,41.316444396972656
2024-07-29,220.32000732421875,532.1619873046875,85.74436950683594,47.20817184448242,83.4405288696289,41.17469787597656
2024-07-30,222.52000427246094,529.4657592773438,86.07453918457031,47.31190490722656,84.08930206298828,41.06129455566406
2024-07-31,226.5500030517578,538.0719604492188,86.9549789428711,48.00975036621094,83.792724609375,41.85511779785156
2024-08-01,225.77000427246094,530.4523315429688,87.7049560546875,46.783809661865234,84.63611602783203,41.165252685546875
2024-08-02,225.33999633789062,520.5762329101562,90.43798828125,45.96337127685547,84.58976745605469,40.72108840942383
2024-08-05,222.47999572753906,505.41510009765625,90.91649627685547,44.88831329345703,82.17080688476562,39.59650802612305
2024-08-06,220.6999969482422,510.0747375488281,88.88282012939453,44.963748931884766,83.792724609375,39.87056350708008
2024-08-07,220.5500030517578,506.66552734375,88.257080078125,45.1806526184082,83.21808624267578,40.18242263793945
2024-08-08,224.00999450683594,518.3782958984375,87.71417236328125,45.95393753051758,84.03367614746094,41.05183792114258
2024-08-09,224.55999755859375,520.6640625,88.57917022705078,46.1142578125,84.42294311523438,41.155792236328125
2024-08-12,228.41000366210938,520.9376220703125,88.90122985839844,46.13311004638672,83.80198669433594,41.335350036621094
2024-08-13,228.05999755859375,529.5048217773438,89.51777648925781,46.887542724609375,84.53416442871094,41.64720916748047
2024-08-14,226.1999969482422,531.1752319335938,90.07909393310547,47.06671142578125,84.756591796875,41.382606506347656
2024-08-15,226.91000366210938,540.27978515625,89.35212707519531,47.64196014404297,84.69171142578125,41.83621597290039
2024-08-16,231.99000549316406,541.4910278320312,89.6650161743164,47.92487716674805,84.6453857421875,42.27092361450195
2024-08-19,231.61000061035156,546.6685180664062,90.07909393310547,48.48126220703125,85.3497543334961,42.705631256103516
2024-08-20,232.4600067138672,545.7794799804688,90.79685974121094,48.349239349365234,85.24781036376953,42.289825439453125
2024-08-21,232.14999389648438,547.6552124023438,90.85205078125,48.77360534667969,85.70194244384766,42.48827362060547
2024-08-22,229.3699951171875,543.3568115234375,89.95027160644531,48.43411636352539,85.95218658447266,41.9874153137207
2024-08-23,232.02000427246094,549.1302490234375,90.5392074584961,49.367713928222656,87.84286499023438,42.59223175048828
2024-08-26,232.75999450683594,547.8211669921875,90.30915832519531,49.169673919677734,87.8057861328125,42.31817626953125
2024-08-27,233.38999938964844,548.573486328125,90.1527099609375,49.35828399658203,87.935546875,42.36542510986328
2024-08-28,231.75,545.3887939453125,90.04228973388672,49.113094329833984,87.5926284790039,42.09136962890625
2024-08-29,232.9499969482422,545.4376220703125,89.74781799316406,49.245121002197266,87.32386016845703,42.148067474365234
2024-08-30,231.2899932861328,550.6444091796875,88.79081726074219,49.40542984008789,88.16725158691406,42.261478424072266
2024-09-03,230.2899932861328,539.3126220703125,90.24300384521484,48.547271728515625,88.12090301513672,41.618858337402344
2024-09-04,230.42999267578125,538.208740234375,91.40625,48.39638900756836,88.37114715576172,41.59996032714844
2024-09-05,232.35000610351562,536.8997192382812,91.92324829101562,48.405826568603516,88.0838394165039,41.713356018066406
2024-09-06,230.6300048828125,527.8636474609375,91.91400146484375,47.500511169433594,88.00041961669922,41.10854721069336
2024-09-09,231.60000610351562,533.7737426757812,92.31098937988281,48.00975036621094,88.98285675048828,41.392051696777344
2024-09-10,232.6199951171875,536.0986938476562,92.95722198486328,47.821136474609375,90.27110290527344,41.29755401611328
2024-09-11,232.25,541.5985717773438,92.88336181640625,48.0946159362793,90.09501647949219,41.55270767211914
2024-09-12,236.3300018310547,546.1605224609375,92.44945526123047,48.52841567993164,90.47500610351562,41.82676315307617
2024-09-13,238.67999267578125,549.0130004882812,92.69873809814453,48.660438537597656,91.42034912109375,42.015769958496094
2024-09-16,238.66000366210938,549.8238525390625,93.54808044433594,49.047080993652344,91.7261962890625,42.17642593383789
2024-09-17,237.33999633789062,550.0484619140625,93.095703125,48.81132125854492,91.0866928100586,42.22367477416992
2024-09-18,235.50999450683594,548.4171142578125,91.94168853759766,48.641578674316406,90.9754867553711,42.072471618652344
2024-09-19,239.1699981689453,557.7755126953125,91.6370620727539,49.57518005371094,90.9940185546875,42.95134735107422
2024-09-20,242.2100067138672,556.811279296875,91.2862319946289,49.12506103515625,90.63256072998047,42.92669677734375
2024-09-23,242.67999267578125,558.2027587890625,91.09235382080078,49.32364273071289,91.53156280517578,43.27738952636719
2024-09-24,246.07000732421875,559.7999267578125,91.07389068603516,49.626243591308594,91.66131591796875,44.784420013427734
2024-09-25,245.72999572753906,558.5653076171875,90.31686401367188,49.31419372558594,91.04962158203125,44.329471588134766
2024-09-26,246.97999572753906,560.77978515625,90.5291976928711,50.411109924316406,90.22476959228516,45.74171447753906
2024-09-27,245.02000427246094,559.9666137695312,91.00001525878906,50.09905242919922,90.33972930908203,45.73223876953125
2024-09-30,243.05999755859375,562.2105102539062,90.56613159179688,49.938297271728516,91.05001831054688,45.35311508178711
2024-10-01,245.61000061035156,557.1739501953125,91.22001647949219,49.588417053222656,90.46123504638672,45.694332122802734
2024-10-02,245.66000366210938,557.4090576171875,90.45128631591797,49.50331115722656,90.1434555053711,46.64214324951172
2024-10-03,245.49000549316406,556.3899536132812,89.59917449951172,49.03996276855469,89.32099151611328,45.94076156616211
2024-10-04,245.0,561.4461059570312,88.49702453613281,49.33310317993164,88.89107513427734,46.499977111816406
2024-10-07,244.1699981689453,556.370361328125,87.83018493652344,49.05887222290039,88.10599517822266,46.907535552978516
2024-10-08,242.3699951171875,561.6322631835938,87.97836303710938,48.983219146728516,88.28357696533203,45.533203125
2024-10-09,241.0500030517578,565.5223388671875,87.47819519042969,49.002132415771484,88.37704467773438,45.220420837402344
2024-10-10,242.82000732421875,564.53271484375,87.13554382324219,48.91702651977539,87.59196472167969,45.31520080566406
2024-10-11,245.47000122070312,567.9132690429688,86.78357696533203,49.16289138793945,88.58264923095703,45.6374626159668
2024-10-14,245.07000732421875,572.5579223632812,86.84840393066406,49.26689910888672,89.1153793334961,45.419464111328125
2024-10-15,245.9199981689453,568.1093139648438,87.90426635742188,48.5671501159668,90.190185546875,44.509552001953125
2024-10-16,247.14999389648438,570.5784912109375,88.27474212646484,48.75627517700195,91.18087768554688,44.92660140991211
2024-10-17,248.6300048828125,570.6275024414062,86.87620544433594,48.73735809326172,90.46123504638672,44.784420013427734
2024-10-18,251.27000427246094,572.8223876953125,86.94103240966797,49.011592864990234,91.13414001464844,45.33415985107422
2024-10-21,251.22000122070312,571.8818359375,85.42211151123047,48.45367431640625,89.34903717041016,45.01190185546875
2024-10-22,253.92999267578125,571.5780029296875,85.50544738769531,48.20780944824219,89.47987365722656,44.95502853393555
2024-10-23,250.8699951171875,566.355224609375,85.2739028930664,47.74445343017578,90.13410949707031,44.67068862915039
2024-10-24,252.8000030517578,567.5801391601562,85.82036590576172,47.914669036865234,90.33037567138672,44.623291015625
2024-10-25,253.32000732421875,567.3842163085938,85.33872985839844,47.76336669921875,89.47987365722656,44.58538055419922
2024-10-28,253.3300018310547,569.1381225585938,85.10719299316406,48.113250732421875,89.76026916503906,44.72755432128906
2024-10-29,256.0899963378906,570.0592041015625,85.2368392944336,47.952491760253906,89.1153793334961,44.556941986083984
2024-10-30,257.5,568.3346557617188,85.48693084716797,47.71608352661133,89.5079116821289,44.23468780517578
2024-10-31,253.50999450683594,557.1935424804688,85.6258544921875,47.37565994262695,87.99384307861328,44.1399040222168
2024-11-01,252.47000122070312,559.545166015625,84.41867065429688,47.479679107666016,87.02184295654297,44.149383544921875
2024-11-04,252.8300018310547,558.3399658203125,85.72900390625,47.545875549316406,87.97514343261719,44.29155349731445
2024-11-05,253.39999389648438,565.09130859375,86.18435668945312,48.04705047607422,89.14341735839844,44.936073303222656
2024-11-06,245.6999969482422,579.142578125,83.82391357421875,47.43239974975586,87.24615478515625,44.509552001953125
2024-11-07,249.64999389648438,583.62060546875,84.8740463256836,48.15106964111328,88.29293060302734,45.4763298034668
2024-11-08,247.9600067138672,586.148681640625,85.95203399658203,47.51750564575195,89.6107177734375,44.34842300415039
2024-11-11,242.13999938964844,586.7071533203125,85.53385925292969,47.49858856201172,89.16211700439453,44.09251403808594
2024-11-12,240.0500030517578,584.8846435546875,84.25141143798828,46.72318649291992,87.92842864990234,43.34373474121094
2024-11-13,237.6300048828125,585.1688232421875,83.4521713256836,46.45840835571289,88.41442108154297,43.11626052856445
2024-11-14,237.00999450683594,581.4061889648438,83.9354248046875,46.49623489379883,87.62000274658203,42.850868225097656
2024-11-15,236.58999633789062,573.9591064453125,83.71240234375,46.36384582519531,87.66674041748047,42.765567779541016
2024-11-18,241.08999633789062,576.310791015625,83.861083984375,46.675899505615234,88.3022689819336,43.125736236572266
2024-11-19,243.25,578.4175415039062,84.2885971069336,46.619163513183594,88.73219299316406,43.19208526611328
2024-11-20,244.6199951171875,578.6134643554688,84.01907348632812,46.486778259277344,88.62004089355469,43.18260955810547
2024-11-21,246.66000366210938,581.7196044921875,83.95404052734375,46.60025405883789,89.27425384521484,43.03096008300781
2024-11-22,249.83999633789062,583.5226440429688,84.00048065185547,46.80828857421875,89.94718933105469,43.04043960571289
2024-11-25,242.47999572753906,585.5020141601562,86.17506408691406,47.035240173339844,91.19956970214844,43.059391021728516
2024-11-26,242.9499969482422,588.5591430664062,85.84054565429688,46.75155258178711,91.56407928466797,42.831912994384766
2024-11-27,243.49000549316406,586.7757568359375,86.4352798461914,46.99741744995117,92.15287017822266,42.993045806884766
2024-11-29,245.58999633789062,590.4208984375,87.32742309570312,47.564788818359375,91.74164581298828,43.19208526611328
2024-12-02,243.44000244140625,591.4791259765625,87.53724670410156,47.61206817626953,90.40515899658203,43.41008377075195
2024-12-03,243.92999267578125,591.7534790039062,86.78189086914062,47.81064987182617,89.94718933105469,43.59017562866211
2024-12-04,244.6699981689453,595.427978515625,87.71441650390625,47.82011032104492,89.70418548583984,43.65652084350586
2024-12-05,242.86000061035156,594.4481811523438,87.8916015625,48.03759765625,89.48922729492188,43.94086456298828
2024-12-06,242.9499969482422,595.5750732421875,88.02213287353516,47.971405029296875,89.35838317871094,43.95981979370117
2024-12-09,245.36000061035156,592.5079956054688,87.21086883544922,47.85792541503906,89.6107177734375,45.03084945678711
2024-12-10,248.58999633789062,590.6658935546875,86.800537109375,47.508052825927734,88.31161499023438,44.19677734375
2024-12-11,250.9600067138672,595.2319946289062,85.97990417480469,47.848472595214844,88.10599517822266,44.27259826660156
2024-12-12,247.27999877929688,592.1651000976562,84.93547821044922,47.3851203918457,87.96581268310547,44.00720977783203
2024-12-13,244.2899932861328,592.0475463867188,84.0682144165039,47.26218795776367,87.71346282958984,44.02616882324219
2024-12-16,244.8800048828125,594.5755004882812,84.31997680664062,47.06360626220703,87.40503692626953,43.798683166503906
2024-12-17,243.94000244140625,592.1257934570312,84.525146484375,46.95012664794922,86.98446655273438,43.69443130493164
2024-12-18,239.25999450683594,574.478515625,83.46821594238281,45.78701400756836,83.39554595947266,42.680259704589844
2024-12-19,239.60000610351562,574.3020629882812,82.20439147949219,45.67354202270508,82.10578155517578,42.8603515625
2024-12-20,242.10000610351562,581.2000122070312,82.67247772216797,45.6572265625,83.48900604248047,43.09914016723633
2024-12-23,240.9600067138672,584.6802978515625,81.91419219970703,45.92597198486328,83.81551361083984,43.28357696533203
2024-12-24,241.44000244140625,591.1790771484375,82.26057434082031,46.10832977294922,84.37226867675781,43.45830154418945
2024-12-26,243.07000732421875,591.218505859375,82.21376037597656,46.29069137573242,84.59873962402344,43.351524353027344
2024-12-27,241.39999389648438,584.9949340820312,81.53973388671875,46.175514221191406,83.74946594238281,43.19621276855469
2024-12-30,240.6300048828125,578.3192138671875,82.19503021240234,45.887577056884766,83.3342514038086,42.81764221191406
2024-12-31,242.1300048828125,576.21533203125,81.75505065917969,45.89717483520508,84.06086730957031,42.749691009521484
