Date,EWA,EWC,EWG,EWJ,EWU
2015-01-02,13.699926376342773,22.659915924072266,20.619781494140625,36.17380905151367,22.935693740844727
2015-01-05,13.569746971130371,22.051755905151367,19.90172004699707,35.75617599487305,22.357812881469727
2015-01-06,13.513956069946289,21.727924346923828,19.818572998046875,35.17789840698242,22.100971221923828
2015-01-07,13.637941360473633,21.751625061035156,19.984861373901367,35.691917419433594,22.293603897094727
2015-01-08,13.817715644836426,22.020164489746094,20.3627872467041,36.141685485839844,22.691696166992188
2015-01-09,13.947894096374512,21.83060646057129,20.219179153442383,35.75617599487305,22.58896255493164
2015-01-12,13.786717414855957,21.48308563232422,20.34011459350586,35.62765884399414,22.499073028564453
2015-01-13,13.786717414855957,21.3883056640625,20.430816650390625,35.916812896728516,22.563276290893555
2015-01-14,13.600746154785156,21.25403594970703,20.483726501464844,35.85255432128906,22.357812881469727
2015-01-15,13.6813325881958,21.13556671142578,20.445938110351562,36.109554290771484,22.486230850219727
2015-01-16,13.836307525634766,21.530473709106445,20.929683685302734,36.430816650390625,22.84580421447754
2015-01-20,13.656536102294922,21.27773094177246,20.914562225341797,36.71995162963867,23.051271438598633
2015-01-21,13.780515670776367,21.340919494628906,21.05061912536621,36.784202575683594,23.282426834106445
2015-01-22,13.774317741394043,21.522579193115234,21.01282501220703,36.94483947753906,23.487897872924805
2015-01-23,13.637941360473633,21.530473709106445,20.98259162902832,36.81632614135742,23.3723201751709
2015-01-26,13.687530517578125,21.475187301635742,21.496578216552734,37.23396301269531,23.719053268432617
2015-01-27,13.71233081817627,21.633153915405273,21.322725296020508,37.2982177734375,23.73189353942871
2015-01-28,13.637941360473633,21.088176727294922,21.043058395385742,37.23396301269531,23.43653106689453
2015-01-29,13.668932914733887,20.993396759033203,21.572162628173828,37.55522537231445,23.59063148498535
2015-01-30,13.588346481323242,20.882823944091797,21.201791763305664,36.91271209716797,23.166854858398438
2015-02-02,13.867304801940918,21.435693740844727,21.670419692993164,37.2982177734375,23.3723201751709
2015-02-03,14.164860725402832,22.012264251708984,22.086145401000977,37.23396301269531,23.950204849243164
2015-02-04,14.090471267700195,21.601558685302734,21.72332763671875,37.42673110961914,23.73189353942871
2015-02-05,14.34463119506836,22.028060913085938,22.055908203125,37.747982025146484,24.091468811035156
2015-02-06,14.251644134521484,21.80691146850586,21.496578216552734,37.42673110961914,23.834630966186523
2015-02-09,14.23304557800293,21.956981658935547,21.247142791748047,37.07333755493164,23.77042007446289
2015-02-10,14.226852416992188,21.799015045166016,21.504133224487305,37.55522537231445,23.860315322875977
2015-02-11,14.016084671020508,21.735824584960938,21.42854881286621,37.619468688964844,23.744735717773438
2015-02-12,14.10287094116211,22.09914207458496,22.071027755737305,37.87648010253906,24.16852378845215
2015-02-13,14.400425910949707,22.178125381469727,22.06346893310547,38.32624816894531,24.28409767150879
2015-02-17,14.493408203125,22.40717124938965,21.957645416259766,38.29412841796875,24.27126121520996
2015-02-18,14.56159782409668,22.16233253479004,22.018115997314453,38.9687614440918,24.386831283569336
2015-02-19,14.49960994720459,21.980670928955078,21.995439529418945,39.257896423339844,24.361148834228516
2015-02-20,14.580196380615234,21.885896682739258,22.29778289794922,39.61128616333008,24.515254974365234
2015-02-23,14.543001174926758,21.885896682739258,22.237314224243164,39.38640213012695,24.46388816833496
2015-02-24,14.679381370544434,22.012264251708984,22.418716430664062,39.579158782958984,24.630834579467773
2015-02-25,14.778570175170898,22.23341178894043,22.426284790039062,39.48278045654297,24.6436710357666
2015-02-26,14.580196380615234,22.08334732055664,22.358253479003906,39.836158752441406,24.553787231445312
2015-02-27,14.679381370544434,22.130739212036133,22.448955535888672,39.675533294677734,24.528095245361328
2015-03-02,14.691779136657715,22.138633728027344,22.539657592773438,39.77191162109375,24.56662368774414
2015-03-03,14.697975158691406,22.012264251708984,22.29022216796875,39.579158782958984,24.33547019958496
2015-03-04,14.617389678955078,22.028060913085938,22.237314224243164,39.38640213012695,24.21988296508789
2015-03-05,14.543001174926758,21.9174861907959,22.305343627929688,39.61128616333008,24.348308563232422
2015-03-06,14.288837432861328,21.538372039794922,21.950092315673828,39.54704666137695,23.80894660949707
2015-03-09,14.288837432861328,21.451494216918945,22.1466121673584,39.41852951049805,23.924524307250977
2015-03-10,13.960293769836426,21.00129508972168,21.66286277770996,38.84026336669922,23.26958656311035
2015-03-11,13.923095703125,21.00919532775879,21.927413940429688,39.19364547729492,23.089794158935547
2015-03-12,14.326035499572754,21.159257888793945,22.12393569946289,40.06105422973633,23.218219757080078
2015-03-13,14.047074317932129,20.97760581970215,22.06346893310547,40.093177795410156,22.974218368530273
2015-03-16,14.171058654785156,21.246139526367188,22.6227970123291,40.25379943847656,23.218219757080078
2015-03-17,14.127665519714355,21.26982879638672,22.373369216918945,40.35018539428711,23.256750106811523
2015-03-18,14.549198150634766,21.727924346923828,22.63791847229004,40.992698669433594,23.93736457824707
2015-03-19,14.40662670135498,21.20665168762207,22.27510643005371,40.51081085205078,23.616315841674805
2015-03-20,14.83436107635498,21.680540084838867,22.872238159179688,41.1533317565918,24.16852378845215
2015-03-23,14.939742088317871,21.79111671447754,22.834442138671875,41.34608459472656,24.207048416137695
2015-03-24,14.945940017700195,21.964879989624023,22.96293830871582,41.24970626831055,23.97589683532715
2015-03-25,14.778570175170898,21.74372673034668,22.834442138671875,41.1533317565918,23.886001586914062
2015-03-26,14.635986328125,21.696338653564453,22.683273315429688,40.7357063293457,23.603477478027344
2015-03-27,14.493408203125,21.380407333374023,22.751298904418945,40.89632797241211,23.55211067199707
2015-03-30,14.338434219360352,21.39620590209961,22.94782257080078,41.05695343017578,23.526424407958984
2015-03-31,14.171058654785156,21.467287063598633,22.55477523803711,40.25379943847656,23.128324508666992
2015-04-01,14.195850372314453,21.562063217163086,22.751298904418945,40.414424896240234,23.282426834106445
2015-04-02,14.245445251464844,21.82270622253418,22.92514419555664,40.7678108215332,23.397998809814453
2015-04-06,14.375627517700195,22.03595733642578,23.14434051513672,41.24970626831055,23.603477478027344
2015-04-07,14.4500150680542,22.114940643310547,22.96293830871582,41.44246292114258,23.693374633789062
2015-04-08,14.60499382019043,22.114940643310547,22.879793167114258,41.506710052490234,23.873153686523438
2015-04-09,14.567798614501953,22.209720611572266,22.864673614501953,41.506710052490234,23.860315322875977
2015-04-10,14.598793029785156,22.312395095825195,23.091434478759766,41.57096862792969,23.924524307250977
2015-04-13,14.350831031799316,22.280803680419922,22.849559783935547,41.28184127807617,23.847475051879883
2015-04-14,14.431421279907227,22.48615837097168,22.95537567138672,41.57096862792969,24.12999725341797
2015-04-15,14.474812507629395,22.928457260131836,22.94782257080078,41.76372146606445,24.322628021240234
2015-04-16,14.704178810119629,23.0311279296875,22.69839096069336,41.86009979248047,24.438199996948242
2015-04-17,14.431421279907227,22.912660598754883,22.214637756347656,41.53884506225586,24.194202423095703
2015-04-20,14.40662670135498,22.999540328979492,22.39604377746582,41.66734313964844,24.245567321777344
2015-04-21,14.36323070526123,22.809982299804688,22.592567443847656,42.309871673583984,24.361148834228516
2015-04-22,14.400425910949707,22.857372283935547,22.471630096435547,42.631126403808594,24.451047897338867
2015-04-23,14.505807876586914,23.15750503540039,22.39604377746582,42.5989990234375,24.61798858642578
2015-04-24,14.83436107635498,23.12590980529785,22.516984939575195,42.7596321105957,24.797773361206055
2015-04-27,14.908745765686035,23.133806228637695,22.89491081237793,42.663238525390625,24.900503158569336
2015-04-28,15.119515419006348,23.299671173095703,22.766416549682617,42.791744232177734,25.016090393066406
2015-04-29,14.759970664978027,23.33126449584961,22.39604377746582,42.40623474121094,24.93903923034668
2015-04-30,14.456216812133789,22.999540328979492,22.38848876953125,41.313961029052734,24.669357299804688
2015-05-01,14.536805152893066,23.01533317565918,22.675708770751953,41.827980041503906,24.682199478149414
2015-05-04,14.512004852294922,23.1653995513916,22.66058921813965,42.020721435546875,24.74641227722168
2015-05-05,14.493408203125,22.904756546020508,22.229761123657227,41.21757507324219,24.348308563232422
2015-05-06,14.245445251464844,22.73099708557129,22.50186538696289,41.18545150756836,24.438199996948242
2015-05-07,14.065677642822266,22.644123077392578,22.464073181152344,41.24970626831055,24.373991012573242
2015-05-08,14.220651626586914,22.849470138549805,22.96293830871582,42.21348571777344,25.23440170288086
2015-05-11,13.960293769836426,22.794189453125,22.683273315429688,41.53884506225586,25.38850212097168
2015-05-12,14.295039176940918,22.778390884399414,22.55477523803711,41.53884506225586,25.183034896850586
2015-05-13,14.592598915100098,22.75469207763672,22.50186538696289,41.79584503173828,25.311450958251953
2015-05-14,14.697975158691406,22.786287307739258,23.08387565612793,42.020721435546875,25.555456161499023
2015-05-15,14.691779136657715,22.849470138549805,23.023405075073242,42.21348571777344,25.47840118408203
2015-05-18,14.400425910949707,22.675710678100586,23.023405075073242,42.566871643066406,25.337135314941406
2015-05-19,14.127665519714355,22.49405288696289,23.08387565612793,42.5989990234375,25.144506454467773
2015-05-20,14.065677642822266,22.478254318237305,23.05364227294922,42.5989990234375,25.298616409301758
2015-05-21,14.214451789855957,22.659915924072266,23.11410903930664,42.7596321105957,25.555456161499023
2015-05-22,14.090471267700195,22.49405288696289,22.811767578125,42.663238525390625,25.298616409301758
2015-05-26,14.10906982421875,22.03595733642578,22.184406280517578,42.117103576660156,24.861982345581055
2015-05-27,14.115266799926758,22.067554473876953,22.471630096435547,42.40623474121094,25.054615020751953
2015-05-28,13.923095703125,22.107038497924805,22.403602600097656,42.309871673583984,25.028928756713867
2015-05-29,13.972688674926758,21.941184997558594,22.00299644470215,41.924346923828125,24.823463439941406
2015-06-01,13.867304801940918,21.870098114013672,21.934972763061523,42.117103576660156,24.56662368774414
2015-06-02,13.923095703125,22.09914207458496,22.131494522094727,42.020721435546875,24.669357299804688
2015-06-03,13.817715644836426,22.122838973999023,22.47918701171875,42.181365966796875,24.682199478149414
2015-06-04,13.396178245544434,21.838502883911133,22.191965103149414,41.89222717285156,24.438199996948242
2015-06-05,13.32178783416748,21.87799644470215,21.783802032470703,41.63521194458008,24.21988296508789
2015-06-08,13.377583503723145,21.601558685302734,21.761127471923828,41.410335540771484,24.181365966796875
2015-06-09,13.32178783416748,21.814807891845703,21.647747039794922,40.992698669433594,24.05294418334961
2015-06-10,13.619343757629395,22.059656143188477,22.3431339263916,41.66734313964844,24.656518936157227
2015-06-11,13.71233081817627,22.012264251708984,22.3355770111084,41.86009979248047,24.707883834838867
2015-06-12,13.58215045928955,21.767419815063477,22.071027755737305,41.63521194458008,24.56662368774414
2015-06-15,13.65034008026123,21.79111671447754,21.7686824798584,41.76372146606445,24.425357818603516
2015-06-16,13.74952507019043,21.814807891845703,21.7686824798584,41.57096862792969,24.438199996948242
2015-06-17,13.780515670776367,21.901687622070312,21.68553924560547,41.21757507324219,24.59230613708496
2015-06-18,13.830108642578125,21.964879989624023,22.12393569946289,41.24970626831055,24.8363037109375
2015-06-19,13.848706245422363,21.696338653564453,21.90473747253418,41.28184127807617,24.707883834838867
2015-06-22,13.873501777648926,21.854299545288086,22.653038024902344,41.924346923828125,24.99040412902832
2015-06-23,14.009883880615234,21.9964656829834,22.600126266479492,42.40623474121094,25.00324249267578
2015-06-24,13.947894096374512,21.941184997558594,22.3431339263916,41.956478118896484,24.887666702270508
2015-06-25,13.871708869934082,21.966651916503906,22.432342529296875,42.040428161621094,24.870670318603516
2015-06-26,13.611416816711426,21.910940170288086,22.524625778198242,42.234169006347656,24.713762283325195
2015-06-29,13.268590927124023,21.290142059326172,21.61717987060547,41.16862487792969,23.994571685791016
2015-06-30,13.35112476348877,21.22646713256836,21.4403018951416,41.362361907958984,23.863815307617188
2015-07-01,13.497142791748047,21.1389217376709,21.62487030029297,41.65296936035156,23.916118621826172
2015-07-02,13.579675674438477,21.25034523010254,21.555660247802734,41.65296936035156,24.033802032470703
2015-07-06,13.198759078979492,21.01953887939453,21.025033950805664,41.362361907958984,23.66767120361328
2015-07-07,13.230500221252441,20.97178077697754,21.09424591064453,41.459224700927734,23.471532821655273
2015-07-08,12.85593032836914,20.61362648010254,20.771257400512695,39.74790954589844,23.053096771240234
2015-07-09,12.976555824279785,20.510162353515625,21.1788387298584,40.232242584228516,23.393070220947266
2015-07-10,13.141619682312012,20.725055694580078,22.21701431274414,40.878021240234375,24.086105346679688
2015-07-13,13.147964477539062,20.8205623626709,22.14011573791504,41.42693328857422,24.229944229125977
2015-07-14,13.300336837768555,20.900150299072266,22.209325790405273,41.68524932861328,24.517616271972656
2015-07-15,13.268590927124023,20.725055694580078,22.124736785888672,41.65296936035156,24.465312957763672
2015-07-16,13.42730712890625,20.748929977416992,22.301607131958008,41.81439971923828,24.609146118164062
2015-07-17,13.357471466064453,20.61362648010254,22.193944931030273,41.91127395629883,24.556846618652344
2015-07-20,13.446353912353516,20.327112197875977,22.301607131958008,41.91127395629883,24.569923400878906
2015-07-21,13.478097915649414,20.295270919799805,22.21701431274414,41.78211212158203,24.413013458251953
2015-07-22,13.211453437805176,20.104259490966797,22.063213348388672,41.588382720947266,24.216867446899414
2015-07-23,13.052736282348633,20.000791549682617,22.040142059326172,41.556095123291016,23.903045654296875
2015-07-24,12.836886405944824,19.92120933532715,21.72484016418457,41.16862487792969,23.576143264770508
2015-07-27,12.868629455566406,19.698352813720703,21.4787540435791,41.00717544555664,23.471532821655273
2015-07-28,13.160666465759277,20.000791549682617,21.717151641845703,41.20090866088867,23.850740432739258
2015-07-29,13.198759078979492,20.295270919799805,21.70176887512207,41.362361907958984,24.033802032470703
2015-07-30,13.236848831176758,20.31914710998535,21.57872772216797,41.42693328857422,24.177637100219727
2015-07-31,13.281288146972656,20.33506965637207,21.786367416381836,41.74982833862305,24.24302101135254
2015-08-03,13.167013168334961,20.088340759277344,21.940170288085938,41.588382720947266,24.09918212890625
2015-08-04,13.389212608337402,20.215682983398438,21.932479858398438,41.523799896240234,24.203786849975586
2015-08-05,13.357471466064453,20.22364044189453,22.178564071655273,41.78211212158203,24.3737735748291
2015-08-06,13.02734375,20.207727432250977,22.186254501342773,41.65296936035156,24.308399200439453
2015-08-07,12.913069725036621,20.024669647216797,22.11704444885254,41.78211212158203,24.24302101135254
2015-08-10,13.109875679016113,20.438535690307617,22.40926742553711,42.39561462402344,24.426082611083984
2015-08-11,12.659125328063965,20.183849334716797,21.901716232299805,41.65296936035156,24.138410568237305
2015-08-12,12.665473937988281,20.271392822265625,21.671009063720703,41.39464569091797,24.046876907348633
2015-08-13,12.627382278442383,20.016706466674805,21.54027557373047,41.7175407409668,23.92919921875
2015-08-14,12.608339309692383,20.024669647216797,21.58641815185547,41.7175407409668,24.033802032470703
2015-08-17,12.652776718139648,19.99283218383789,21.386470794677734,41.81439971923828,23.88996696472168
2015-08-18,12.506758689880371,19.929157257080078,21.148075103759766,41.523799896240234,23.8245792388916
2015-08-19,12.6019868850708,19.626720428466797,20.925060272216797,41.07175064086914,23.445377349853516
2015-08-20,12.240120887756348,19.22081756591797,20.348291397094727,39.84476852416992,23.10540199279785
2015-08-21,11.948081016540527,18.711444854736328,20.002235412597656,38.488624572753906,22.46467399597168
2015-08-24,11.008487701416016,18.026975631713867,19.710004806518555,37.13248062133789,21.627805709838867
2015-08-25,11.662394523620605,18.08268928527832,19.848434448242188,37.35850143432617,21.70626449584961
2015-08-26,11.986170768737793,18.464717864990234,20.36367416381836,38.843807220458984,21.967784881591797
2015-08-27,12.22107219696045,19.133268356323242,20.486717224121094,39.554168701171875,22.320844650268555
2015-08-28,12.157588005065918,19.2606143951416,20.271392822265625,39.74790954589844,22.425447463989258
2015-08-31,11.840154647827148,19.31632423400879,20.256013870239258,39.13440704345703,22.307762145996094
2015-09-01,11.29417610168457,18.7034854888916,19.76384162902832,37.35850143432617,21.470895767211914
2015-09-02,11.548118591308594,18.743284225463867,20.032995223999023,38.03657531738281,21.876249313354492
2015-09-03,11.389405250549316,18.894500732421875,20.09451675415039,38.327171325683594,21.889324188232422
2015-09-04,11.135459899902344,18.600021362304688,19.67155647277832,37.100196838378906,21.37936782836914
2015-09-08,11.643349647521973,18.918378829956055,20.379058837890625,37.97200012207031,22.137771606445312
2015-09-09,11.605257987976074,18.751243591308594,20.086828231811523,37.90742492675781,22.033166885375977
2015-09-10,11.656047821044922,18.838788986206055,20.36367416381836,37.87512969970703,22.22930335998535
2015-09-11,11.63700008392334,18.655733108520508,20.36367416381836,37.90742492675781,22.163923263549805
2015-09-14,11.706833839416504,18.504514694213867,20.263702392578125,37.810550689697266,21.915481567382812
2015-09-15,11.694136619567871,18.655733108520508,20.355981826782227,38.101158142089844,22.085468292236328
2015-09-16,11.998869895935059,19.228776931762695,20.432886123657227,38.42405319213867,22.59543800354004
2015-09-17,11.878246307373047,19.22081756591797,20.56361961364746,38.39176940917969,22.46467399597168
2015-09-18,11.814763069152832,18.974088668823242,19.809978485107422,37.16477584838867,22.0723934173584
2015-09-21,11.71318244934082,19.069597244262695,19.66386604309082,37.39080047607422,22.085468292236328
2015-09-22,11.554468154907227,18.600021362304688,18.91791534423828,36.841888427734375,21.392440795898438
2015-09-23,11.31956958770752,18.3453369140625,18.92560577392578,36.841888427734375,21.392440795898438
2015-09-24,11.490984916687012,18.33737564086914,18.88715171813965,36.58357238769531,21.405515670776367
2015-09-25,11.42114543914795,18.369213104248047,18.994815826416016,37.487667083740234,21.5231990814209
2015-09-28,11.24338436126709,17.764331817626953,18.71027946472168,36.58357238769531,20.960927963256836
2015-09-29,11.103717803955078,17.772293090820312,18.779495239257812,36.13152313232422,20.947853088378906
2015-09-30,11.376705169677734,18.3055419921875,19.02558135986328,36.90646743774414,21.431669235229492
2015-10-01,11.471935272216797,18.3055419921875,18.864086151123047,37.16477584838867,21.51012420654297
2015-10-02,11.586211204528809,18.584104537963867,19.11786460876465,37.61681365966797,22.085468292236328
2015-10-05,11.916340827941895,18.974088668823242,19.448537826538086,38.55320739746094,22.43852424621582
2015-10-06,11.986170768737793,19.19693946838379,19.61003303527832,38.230316162109375,22.477750778198242
2015-10-07,12.176630973815918,19.491418838500977,19.848434448242188,38.843807220458984,22.85695457458496
2015-10-08,12.354392051696777,19.722230911254883,20.025304794311523,38.97296142578125,23.10540199279785
2015-10-09,12.468667030334473,19.83365249633789,20.194488525390625,39.06983184814453,22.98771858215332
2015-10-12,12.42422866821289,19.658559799194336,20.179109573364258,39.13440704345703,22.896183013916016
2015-10-13,12.157588005065918,19.491418838500977,19.994543075561523,38.71465301513672,22.490829467773438
2015-10-14,12.227417945861816,19.722230911254883,20.032995223999023,38.262603759765625,22.68697166442871
2015-10-15,12.45596981048584,19.762025833129883,20.271392822265625,39.23128128051758,23.11847686767578
2015-10-16,12.42422866821289,19.698352813720703,20.179109573364258,39.425010681152344,23.066173553466797
2015-10-19,12.316302299499512,19.395912170410156,20.202178955078125,39.23128128051758,22.98771858215332
2015-10-20,12.240120887756348,19.578969955444336,20.194488525390625,39.005252838134766,22.935415267944336
2015-10-21,12.151235580444336,19.125307083129883,20.24832534790039,39.52187728881836,22.791580200195312
2015-10-22,12.398833274841309,19.443662643432617,20.57131004333496,40.00621032714844,23.01386833190918
2015-10-23,12.563895225524902,19.443662643432617,20.91736602783203,40.39369201660156,23.14462661743164
2015-10-26,12.525805473327637,19.228776931762695,20.91736602783203,40.36139678955078,23.040023803710938
2015-10-27,12.411530494689941,18.99796485900879,20.709735870361328,40.03850173950195,22.804651260375977
2015-10-28,12.309950828552246,19.332239151000977,20.863536834716797,40.42597579956055,23.040023803710938
2015-10-29,11.954428672790527,19.26856803894043,20.802019119262695,39.97393035888672,22.896183013916016
2015-10-30,12.011567115783691,18.94225311279297,20.848161697387695,39.780181884765625,22.84387969970703
2015-11-02,11.979823112487793,19.077556610107422,21.163455963134766,40.07080078125,23.066173553466797
2015-11-03,12.195677757263184,19.324281692504883,21.017343521118164,40.03850173950195,23.066173553466797
2015-11-04,12.056009292602539,19.085514068603516,20.648216247558594,39.84476852416992,23.079246520996094
2015-11-05,11.941733360290527,18.9024600982666,20.694355010986328,40.135372161865234,22.700048446655273
2015-11-06,11.833806991577148,18.719406127929688,20.702043533325195,40.03850173950195,22.451601028442383
2015-11-09,11.529073715209961,18.631860733032227,20.36367416381836,39.87705612182617,22.2816104888916
2015-11-10,11.516374588012695,18.560224533081055,20.309846878051758,40.29682159423828,22.24238395690918
2015-11-11,11.643349647521973,18.47267723083496,20.371362686157227,40.45825958251953,22.360063552856445
2015-11-12,11.649696350097656,18.130443572998047,20.232942581176758,40.07080078125,21.902406692504883
2015-11-13,11.497328758239746,17.971263885498047,20.032995223999023,39.87705612182617,21.732418060302734
2015-11-16,11.592558860778809,18.329418182373047,20.194488525390625,40.26453399658203,22.163923263549805
2015-11-17,11.719532012939453,18.31350326538086,20.286771774291992,40.36139678955078,22.255456924438477
2015-11-18,11.89094352722168,18.48859405517578,20.532859802246094,40.555137634277344,22.50389862060547
2015-11-19,12.189330101013184,18.631860733032227,20.748186111450195,40.555137634277344,22.68697166442871
2015-11-20,12.28455924987793,18.49655532836914,20.655902862548828,40.74886703491211,22.46467399597168
2015-11-23,12.208373069763184,18.361251831054688,20.54823875427246,40.555137634277344,22.2816104888916
2015-11-24,12.28455924987793,18.520431518554688,20.409818649291992,40.74886703491211,22.29468536376953
2015-11-25,12.163932800292969,18.49655532836914,20.678974151611328,40.49055099487305,22.451601028442383
2015-11-27,12.075056076049805,18.39308738708496,20.894298553466797,40.29682159423828,22.46467399597168
2015-11-30,12.119491577148438,18.520431518554688,20.955820083618164,39.97393035888672,22.46467399597168
2015-12-01,12.46231746673584,18.78307342529297,20.971202850341797,40.587425231933594,22.68697166442871
2015-12-02,12.335344314575195,18.528390884399414,20.632831573486328,40.26453399658203,22.360063552856445
2015-12-03,12.252814292907715,18.35329246520996,20.50979232788086,39.87705612182617,22.085468292236328
2015-12-04,12.309950828552246,18.385135650634766,20.709735870361328,40.10308074951172,22.24238395690918
2015-12-07,12.068706512451172,17.75637435913086,20.755876541137695,40.00621032714844,21.99393081665039
2015-12-08,11.827458381652832,17.48577117919922,20.39443588256836,39.48958206176758,21.588579177856445
2015-12-09,11.80841064453125,17.573318481445312,20.302154541015625,39.037540435791016,21.61473274230957
2015-12-10,11.814763069152832,17.573318481445312,20.309846878051758,39.392723083496094,21.549348831176758
2015-12-11,11.484633445739746,17.16741371154785,19.825361251831055,38.77922821044922,21.157073974609375
2015-12-14,11.490984916687012,17.055986404418945,19.802288055419922,39.13440704345703,21.091686248779297
2015-12-15,11.510025978088379,17.374343872070312,20.025304794311523,38.97296142578125,21.19629669189453
2015-12-16,11.840154647827148,17.613113403320312,20.36367416381836,39.9416389465332,21.549348831176758
2015-12-17,11.62430191040039,17.215167999267578,20.302154541015625,39.554168701171875,21.261680603027344
2015-12-18,11.763975143432617,17.215167999267578,20.063756942749023,39.06983184814453,20.974000930786133
2015-12-21,11.906932830810547,17.20709800720215,20.202178955078125,39.19343566894531,21.11539649963379
2015-12-22,11.998324394226074,17.303905487060547,20.286771774291992,39.48616409301758,21.262126922607422
2015-12-23,12.220272064208984,17.68305778503418,20.60207176208496,39.90899658203125,21.822355270385742
2015-12-24,12.226802825927734,17.731460571289062,20.60207176208496,39.421112060546875,21.862369537353516
2015-12-28,12.200690269470215,17.465246200561523,20.555927276611328,39.453636169433594,21.755661010742188
2015-12-29,12.533614158630371,17.66692352294922,20.794330596923828,40.03909683227539,21.889053344726562
2015-12-30,12.507500648498535,17.47331428527832,20.471342086791992,39.81141662597656,21.742319107055664
2015-12-31,12.376940727233887,17.344242095947266,20.14065933227539,39.421112060546875,21.528894424438477
2016-01-04,12.207220077514648,17.094161987304688,19.65617561340332,38.80311584472656,21.182090759277344
2016-01-05,12.024435997009277,17.01348876953125,19.47161102294922,39.29100036621094,21.128738403320312
2016-01-06,11.678455352783203,16.64240264892578,19.248598098754883,38.607967376708984,20.741907119750977
2016-01-07,11.182334899902344,16.24711799621582,18.864086151123047,38.02249526977539,20.168336868286133
2016-01-08,11.019136428833008,16.174514770507812,18.67951774597168,37.20936584472656,20.034950256347656
2016-01-11,11.110526084899902,15.956703186035156,18.825632095336914,37.469566345214844,20.08830451965332
2016-01-12,11.175804138183594,15.988974571228027,19.125553131103516,37.2744140625,20.10164451599121
2016-01-13,10.979968070983887,15.634014129638672,18.648754119873047,36.949161529541016,19.768173217773438
2016-01-14,11.208446502685547,15.835697174072266,18.864086151123047,37.404518127441406,20.141664505004883
2016-01-15,10.607874870300293,15.303265571594238,18.17196273803711,36.36369323730469,19.341327667236328
2016-01-19,10.862465858459473,15.238731384277344,18.394981384277344,36.65643310546875,19.421361923217773
2016-01-20,10.823298454284668,15.045116424560547,18.064302444458008,35.25782775878906,19.007862091064453
2016-01-21,11.032190322875977,15.529144287109375,18.248870849609375,35.12771987915039,19.274639129638672
2016-01-22,11.234556198120117,16.142244338989258,18.59493064880371,36.72148132324219,19.848207473754883
2016-01-25,11.05830192565918,15.714690208435059,18.433429718017578,35.940860748291016,19.488056182861328
2016-01-26,11.280251502990723,16.158376693725586,18.787181854248047,36.428741455078125,19.95491600036621
2016-01-27,11.15622329711914,16.182580947875977,18.65644645690918,36.46127700805664,19.794851303100586
2016-01-28,11.358590126037598,16.569799423217773,18.579547882080078,36.526329040527344,20.048288345336914
2016-01-29,11.515256881713867,16.868284225463867,18.71027946472168,37.404518127441406,20.488466262817383
2016-02-01,11.534842491149902,16.78761100769043,18.694896697998047,37.17683792114258,20.515148162841797
2016-02-02,11.169279098510742,16.376188278198242,18.225799560546875,36.786529541015625,19.90156364440918
2016-02-03,11.325949668884277,16.860212326049805,18.571855545043945,36.331172943115234,20.181678771972656
2016-02-04,11.521784782409668,17.1506290435791,18.50264549255371,36.23359680175781,20.235027313232422
2016-02-05,11.221501350402832,16.924753189086914,18.148895263671875,35.6156120300293,19.914899826049805
2016-02-08,11.208446502685547,16.602067947387695,17.695171356201172,35.55055236816406,19.39468765258789
2016-02-09,10.993023872375488,16.295516967773438,17.664409637451172,34.867515563964844,19.20793914794922
2016-02-10,10.953857421875,16.12611198425293,17.718244552612305,34.24953079223633,19.19460105895996
2016-02-11,10.914690017700195,15.972835540771484,17.587509155273438,33.56648635864258,18.941165924072266
2016-02-12,11.05830192565918,16.46493148803711,17.779769897460938,33.859214782714844,19.5280704498291
2016-02-16,11.306364059448242,16.715003967285156,18.02585220336914,35.095191955566406,19.80818748474121
2016-02-17,11.489147186279297,17.38457679748535,18.410362243652344,35.3879280090332,20.261707305908203
2016-02-18,11.528312683105469,17.37651252746582,18.433429718017578,35.3879280090332,20.155000686645508
2016-02-19,11.502202033996582,17.182897567749023,18.371910095214844,35.22529602050781,20.12832260131836
2016-02-22,11.82206916809082,17.303905487060547,18.564165115356445,35.81075668334961,20.141664505004883
2016-02-23,11.600119590759277,17.086095809936523,18.225799560546875,35.22529602050781,19.661460876464844
2016-02-24,11.476090431213379,17.126428604125977,17.995092391967773,35.58307647705078,19.55475425720215
2016-02-25,11.489147186279297,17.336172103881836,18.195035934448242,36.00590896606445,19.90156364440918
2016-02-26,11.29330825805664,17.449115753173828,18.187345504760742,35.973388671875,19.88822364807129
2016-02-29,11.280251502990723,17.449115753173828,17.96432876586914,35.42045593261719,19.848207473754883
2016-03-01,11.645816802978516,17.836334228515625,18.641067504882812,36.29864501953125,20.355083465576172
2016-03-02,11.985270500183105,17.868602752685547,18.625688552856445,36.81905746459961,20.4617919921875
2016-03-03,12.220272064208984,18.06220817565918,18.81024932861328,37.079261779785156,20.63519859313965
2016-03-04,12.43569564819336,18.24775505065918,18.88715171813965,37.469566345214844,20.768587112426758
2016-03-07,12.611947059631348,18.58657455444336,18.833324432373047,37.079261779785156,20.835277557373047
2016-03-08,12.376940727233887,18.296161651611328,18.641067504882812,36.72148132324219,20.555164337158203
2016-03-09,12.670701026916504,18.634977340698242,18.717966079711914,36.68894577026367,20.66187286376953
2016-03-10,12.57930850982666,18.489770889282227,18.648754119873047,36.526329040527344,20.501806259155273
2016-03-11,12.905704498291016,18.868919372558594,19.310115814208984,37.502098083496094,20.92864990234375
2016-03-14,12.735981941223145,18.772117614746094,19.41008949279785,37.66471862792969,20.848617553710938
2016-03-15,12.448751449584961,18.546236038208008,19.325498580932617,37.17683792114258,20.595182418823242
2016-03-16,12.735981941223145,18.9495906829834,19.625417709350586,37.241878509521484,20.848617553710938
2016-03-17,13.016680717468262,19.320676803588867,19.617727279663086,37.37199401855469,21.27545928955078
2016-03-18,12.944869995117188,19.12706756591797,19.64848518371582,37.241878509521484,21.1954288482666
2016-03-21,12.873062133789062,19.12706756591797,19.625417709350586,37.404518127441406,21.07537841796875
2016-03-22,12.853482246398926,19.118995666503906,19.625417709350586,37.6322021484375,20.821941375732422
2016-03-23,12.57930850982666,18.71564292907715,19.556201934814453,37.144317626953125,20.595182418823242
2016-03-24,12.55319595336914,18.626909255981445,19.356258392333984,36.916629791259766,20.52849006652832
2016-03-28,12.592362403869629,18.73984718322754,19.41008949279785,37.469566345214844,20.675214767456055
2016-03-29,12.55972671508789,18.933452606201172,19.679243087768555,37.859886169433594,20.915313720703125
2016-03-30,12.618476867675781,19.199674606323242,19.940711975097656,37.729766845703125,21.08871841430664
2016-03-31,12.611947059631348,19.12706756591797,19.786909103393555,37.11178207397461,20.915313720703125
2016-04-01,12.533614158630371,19.046396255493164,19.625417709350586,36.20106506347656,20.71523666381836
2016-04-04,12.376940727233887,18.81245231628418,19.53312873840332,36.20106506347656,20.781925201416016
2016-04-05,12.011381149291992,18.618837356567383,19.071718215942383,35.42045593261719,20.368423461914062
2016-04-06,12.272497177124023,18.780187606811523,19.340877532958984,36.00590896606445,20.66187286376953
2016-04-07,12.01790714263916,18.570436477661133,18.91791534423828,35.81075668334961,20.355083465576172
2016-04-08,12.141936302185059,18.957656860351562,19.240903854370117,36.85157775878906,20.71523666381836
2016-04-11,12.148468971252441,19.135128021240234,19.310115814208984,36.6239013671875,20.821941375732422
2016-04-12,12.527088165283203,19.586891174316406,19.556201934814453,37.469566345214844,21.155410766601562
2016-04-13,12.72292423248291,19.66756248474121,19.794597625732422,38.51038360595703,21.42218780517578
2016-04-14,12.853482246398926,19.61916160583496,19.863813400268555,38.67301940917969,21.395519256591797
2016-04-15,12.97751522064209,19.55462074279785,19.840740203857422,38.31523513793945,21.328815460205078
2016-04-18,13.140708923339844,19.724031448364258,20.063756942749023,38.607967376708984,21.51555824279785
2016-04-19,13.3430757522583,20.151588439941406,20.57900047302246,39.19343566894531,21.902389526367188
2016-04-20,13.356132507324219,20.264524459838867,20.59438133239746,39.421112060546875,21.835695266723633
2016-04-21,13.271269798278809,20.111251831054688,20.50979232788086,39.421112060546875,21.675628662109375
2016-04-22,13.225573539733887,20.21612548828125,20.402128219604492,39.713844299316406,21.702306747436523
2016-04-25,13.153767585754395,20.078977584838867,20.302154541015625,39.453636169433594,21.622268676757812
2016-04-26,13.251686096191406,20.21612548828125,20.317533493041992,39.29100036621094,21.809017181396484
2016-04-27,12.931817054748535,20.312931060791016,20.432886123657227,39.25847625732422,21.862369537353516
2016-04-28,12.970985412597656,20.37746810913086,20.286771774291992,37.469566345214844,21.782337188720703
2016-04-29,13.010150909423828,20.490402221679688,20.171419143676758,37.144317626953125,21.755661010742188
2016-05-02,13.108071327209473,20.36939811706543,20.402128219604492,37.82735061645508,21.875709533691406
2016-05-03,12.944869995117188,19.869237899780273,20.025304794311523,37.469566345214844,21.408851623535156
2016-05-04,12.742507934570312,19.49008560180664,19.771528244018555,37.144317626953125,21.07537841796875
2016-05-05,12.735981941223145,19.48201560974121,19.64848518371582,37.33946228027344,21.062044143676758
2016-05-06,12.709867477416992,19.506216049194336,19.786909103393555,37.534610748291016,21.11539649963379
2016-05-09,12.6445894241333,19.199674606323242,19.856124877929688,37.502098083496094,20.968673706054688
2016-05-10,12.92529010772705,19.55462074279785,20.063756942749023,38.445335388183594,21.155410766601562
2016-05-11,12.879592895507812,19.63529396057129,19.886884689331055,37.729766845703125,21.1020565032959
2016-05-12,12.846955299377441,19.691762924194336,19.694629669189453,38.02249526977539,21.062044143676758
2016-05-13,12.66417407989502,19.473949432373047,19.571582794189453,37.502098083496094,20.86195945739746
2016-05-16,12.866535186767578,19.76436424255371,19.710004806518555,38.02249526977539,21.142074584960938
2016-05-17,12.846955299377441,19.804704666137695,19.494680404663086,37.762298583984375,21.11539649963379
2016-05-18,12.683754920959473,19.522354125976562,19.48699378967285,37.79482650756836,21.3421573638916
2016-05-19,12.6445894241333,19.377145767211914,19.302425384521484,37.534610748291016,21.182090759277344
2016-05-20,12.696813583374023,19.49008560180664,19.46392059326172,37.79482650756836,21.27545928955078
2016-05-23,12.611947059631348,19.45781707763672,19.363948822021484,37.6322021484375,21.208768844604492
2016-05-24,12.6445894241333,19.49008560180664,19.68693733215332,37.9249267578125,21.768997192382812
2016-05-25,12.72292423248291,19.853107452392578,19.879194259643555,38.18512725830078,22.035778045654297
2016-05-26,12.7686185836792,19.949909210205078,20.056066513061523,38.15260696411133,21.969079971313477
2016-05-27,12.78167724609375,19.949909210205078,19.994543075561523,38.05502700805664,21.889053344726562
2016-05-31,12.696813583374023,19.748231887817383,19.940711975097656,38.34776306152344,21.50222396850586
2016-06-01,12.677227020263672,19.796634674072266,19.963783264160156,38.31523513793945,21.382173538208008
2016-06-02,12.57930850982666,19.853107452392578,19.994543075561523,37.989986419677734,21.475543975830078
2016-06-03,12.820842742919922,20.208057403564453,20.086828231811523,38.15260696411133,21.702306747436523
2016-06-06,12.964460372924805,20.482337951660156,20.117589950561523,38.54291915893555,21.68896484375
2016-06-07,13.095013618469238,20.69208526611328,20.355981826782227,38.80311584472656,21.809017181396484
2016-06-08,13.179877281188965,20.70821762084961,20.371362686157227,39.03080368041992,21.862369537353516
2016-06-09,13.010150909423828,20.554943084716797,20.002235412597656,38.57544708251953,21.63561248779297
2016-06-10,12.683754920959473,20.208057403564453,19.340877532958984,37.89240646362305,20.848617553710938
2016-06-13,12.566254615783691,20.08704948425293,19.03326988220215,37.20936584472656,20.58184051513672
2016-06-14,12.455280303955078,19.828901290893555,18.81024932861328,37.046730041503906,20.10164451599121
2016-06-15,12.46180534362793,19.76436424255371,18.871776580810547,37.404518127441406,20.221694946289062
2016-06-16,12.370418548583984,19.66756248474121,18.98712730407715,37.241878509521484,20.368423461914062
2016-06-17,12.474861145019531,19.828901290893555,19.171695709228516,37.17683792114258,20.808603286743164
2016-06-20,12.788202285766602,20.103185653686523,19.633102416992188,38.02249526977539,21.648950576782227
2016-06-21,12.879592895507812,20.119319915771484,19.794597625732422,38.282718658447266,21.862369537353516
2016-06-22,12.883565902709961,20.04288673400879,19.86786460876465,37.92866516113281,22.0236873626709
2016-06-23,13.24107551574707,20.368127822875977,20.513845443725586,38.78099822998047,22.625198364257812
2016-06-24,12.526056289672852,19.62820816040039,18.505001068115234,37.174678802490234,19.918380737304688
2016-06-27,12.155308723449707,19.205398559570312,18.05596351623535,36.97799301147461,19.12547492980957
2016-06-28,12.49957275390625,19.498109817504883,18.426223754882812,37.535282135009766,19.945724487304688
2016-06-29,12.658469200134277,19.815221786499023,18.678312301635742,38.02701187133789,20.465213775634766
2016-06-30,12.876946449279785,19.92905616760254,18.946157455444336,37.699195861816406,21.012042999267578
2016-07-01,12.936531066894531,20.189245223999023,19.00130271911621,37.63362121582031,21.012042999267578
2016-07-05,12.67833137512207,19.985973358154297,18.410465240478516,37.63362121582031,20.5198974609375
2016-07-06,12.830601692199707,20.107933044433594,18.35532569885254,37.63362121582031,20.342178344726562
2016-07-07,12.737914085388184,19.912790298461914,18.22139549255371,37.66640853881836,20.23280906677246
2016-07-08,13.049077987670898,20.034753799438477,18.631044387817383,37.92866516113281,20.465213775634766
2016-07-11,13.18149471282959,20.05101776123047,18.930408477783203,38.846553802490234,20.75230598449707
2016-07-12,13.419830322265625,20.38439178466797,19.229761123657227,39.07602310180664,21.14875602722168
2016-07-13,13.399969100952148,20.449438095092773,19.261274337768555,39.010467529296875,21.107744216918945
2016-07-14,13.539000511169434,20.660844802856445,19.560630798339844,39.07602310180664,21.285463333129883
2016-07-15,13.492656707763672,20.555145263671875,19.481853485107422,38.94490432739258,21.14875602722168
2016-07-18,13.558857917785645,20.636445999145508,19.489728927612305,39.04324722290039,21.27179527282715
2016-07-19,13.380105018615723,20.490097045898438,19.269147872924805,38.78099822998047,21.039392471313477
2016-07-20,13.452932357788086,20.490097045898438,19.51336097717285,39.10881423950195,21.217111587524414
2016-07-21,13.46617317199707,20.441303253173828,19.529117584228516,38.81377410888672,21.162425994873047
2016-07-22,13.452932357788086,20.416913986206055,19.521242141723633,38.879337310791016,21.121414184570312
2016-07-25,13.492656707763672,20.15672492980957,19.60789680480957,38.74821472167969,21.14875602722168
2016-07-26,13.605206489562988,20.294946670532227,19.749696731567383,38.78099822998047,21.17609405517578
2016-07-27,13.59858226776123,20.28681755065918,19.930883407592773,38.846553802490234,21.31280517578125
2016-07-28,13.64493179321289,20.31121063232422,20.025421142578125,38.846553802490234,21.24445152282715
2016-07-29,13.830304145812988,20.522615432739258,20.206613540649414,39.53498458862305,21.326473236083984
2016-08-01,13.67802906036377,20.27055549621582,20.127832412719727,39.666107177734375,21.094072341918945
2016-08-02,13.664788246154785,20.246164321899414,19.938764572143555,39.17437744140625,21.27179527282715
2016-08-03,13.611825942993164,20.408781051635742,19.923006057739258,38.97768020629883,21.20343780517578
2016-08-04,13.67802906036377,20.433176040649414,19.930883407592773,39.53498458862305,21.285463333129883
2016-08-05,13.777337074279785,20.416913986206055,20.096323013305664,39.666107177734375,21.299131393432617
2016-08-08,13.850163459777832,20.595794677734375,20.19873046875,39.830020904541016,21.326473236083984
2016-08-09,13.922990798950195,20.717761993408203,20.69503402709961,40.190608978271484,21.35381507873535
2016-08-10,13.929612159729004,20.758413314819336,20.781688690185547,40.32175064086914,21.381162643432617
2016-08-11,13.969334602355957,20.994211196899414,20.899860382080078,40.616783142089844,21.572546005249023
2016-08-12,13.810443878173828,20.92103385925293,20.87622833251953,40.420101165771484,21.53154182434082
2016-08-15,13.903127670288086,21.026735305786133,20.978633880615234,40.64956283569336,21.558879852294922
2016-08-16,13.89650821685791,21.051130294799805,21.00227165222168,40.28895950317383,21.66824722290039
2016-08-17,13.89650821685791,21.026735305786133,20.907739639282227,40.616783142089844,21.66824722290039
2016-08-18,13.903127670288086,21.173097610473633,21.065290451049805,40.420101165771484,21.873308181762695
2016-08-19,13.777337074279785,21.034870147705078,20.923490524291992,40.32175064086914,21.695587158203125
2016-08-22,13.790578842163086,20.969820022583008,20.82107925415039,40.551212310791016,21.709257125854492
2016-08-23,13.876646041870117,21.091787338256836,20.93136978149414,40.58401107788086,21.859636306762695
2016-08-24,13.876646041870117,20.92103385925293,20.8604679107666,40.551212310791016,21.79128646850586
2016-08-25,13.870026588439941,20.88850975036621,20.742305755615234,40.35453414916992,21.72292709350586
2016-08-26,13.684653282165527,20.815330505371094,20.600502014160156,40.059486389160156,21.58622169494629
2016-08-29,13.67141056060791,20.855989456176758,20.69503402709961,40.190608978271484,21.66824722290039
2016-08-30,13.552244186401367,20.758413314819336,20.742305755615234,40.190608978271484,21.599891662597656
2016-08-31,13.386726379394531,20.579532623291016,20.647768020629883,40.256187438964844,21.558879852294922
2016-09-01,13.459552764892578,20.725889205932617,20.718666076660156,40.551212310791016,21.695587158203125
2016-09-02,13.46617317199707,21.026735305786133,20.907739639282227,40.846256256103516,22.146730422973633
2016-09-06,13.704512596130371,21.27880096435547,21.025903701782227,41.07572937011719,22.1877384185791
2016-09-07,13.67141056060791,21.19748306274414,21.10468292236328,41.27241897583008,22.051025390625
2016-09-08,13.519139289855957,21.156835556030273,20.99439239501953,41.07572937011719,22.0236873626709
2016-09-09,13.088802337646484,20.6120548248291,20.537479400634766,40.420101165771484,21.61356544494629
2016-09-12,13.214594841003418,20.68523406982422,20.67928123474121,40.7479133605957,21.750268936157227
2016-09-13,12.764397621154785,20.140460968017578,20.403554916381836,40.02671813964844,21.258121490478516
2016-09-14,12.870325088500977,20.12419891357422,20.395675659179688,39.76445770263672,21.285463333129883
2016-09-15,13.115285873413086,20.400651931762695,20.56110954284668,39.96113967895508,21.517864227294922
2016-09-16,13.102045059204102,20.254291534423828,20.104204177856445,39.63332748413086,21.18976402282715
2016-09-19,13.155010223388672,20.327470779418945,20.230241775512695,39.76445770263672,21.35381507873535
2016-09-20,13.234454154968262,20.343732833862305,20.31690216064453,40.32175064086914,21.36748695373535
2016-09-21,13.532378196716309,20.76654624938965,20.59262466430664,41.50189208984375,21.599891662597656
2016-09-22,13.618443489074707,20.95355796813965,20.907739639282227,42.02640151977539,21.79128646850586
2016-09-23,13.59858226776123,20.67710304260254,20.828960418701172,41.43633270263672,21.599891662597656
2016-09-26,13.585343360900879,20.490097045898438,20.490211486816406,41.07572937011719,21.381162643432617
2016-09-27,13.730995178222656,20.473831176757812,20.442949295043945,41.534671783447266,21.43584442138672
2016-09-28,13.889887809753418,20.8803768157959,20.647768020629883,41.469112396240234,21.681921005249023
2016-09-29,13.730995178222656,20.823463439941406,20.238122940063477,41.174076080322266,21.517864227294922
2016-09-30,13.836925506591797,20.88850975036621,20.69503402709961,41.10851287841797,21.654577255249023
2016-10-03,13.86340618133545,20.847854614257812,20.608381271362305,40.97738265991211,21.640905380249023
2016-10-04,13.757477760314941,20.514482498168945,20.70291519165039,40.7479133605957,21.709257125854492
2016-10-05,13.836925506591797,20.69336700439453,20.789567947387695,41.010162353515625,21.72292709350586
2016-10-06,13.843547821044922,20.6120548248291,20.69503402709961,40.813472747802734,21.504199981689453
2016-10-07,13.790578842163086,20.441303253173828,20.545358657836914,40.813472747802734,21.258121490478516
2016-10-10,13.89650821685791,20.660844802856445,20.67928123474121,40.94459915161133,21.230783462524414
2016-10-11,13.631684303283691,20.5063533782959,20.458698272705078,40.58401107788086,20.779638290405273
2016-10-12,13.724373817443848,20.547014236450195,20.309022903442383,40.518428802490234,20.779638290405273
2016-10-13,13.684653282165527,20.636445999145508,20.19873046875,40.4528694152832,20.711286544799805
2016-10-14,13.704512596130371,20.66897201538086,20.301145553588867,40.4528694152832,20.64293670654297
2016-10-17,13.664788246154785,20.725889205932617,20.22236442565918,40.48564910888672,20.492555618286133
2016-10-18,13.836925506591797,20.92916488647461,20.395675659179688,40.715126037597656,20.779638290405273
2016-10-19,13.942851066589355,21.075525283813477,20.435070037841797,40.846256256103516,20.84799575805664
2016-10-20,13.803823471069336,20.92916488647461,20.435070037841797,41.20685577392578,20.820655822753906
2016-10-21,13.724373817443848,20.896638870239258,20.356285095214844,41.20685577392578,20.79331398010254
2016-10-24,13.697895050048828,20.799070358276367,20.4193115234375,41.27241897583008,20.683950424194336
2016-10-25,13.810443878173828,20.78281021118164,20.42718505859375,41.305198669433594,20.65660858154297
2016-10-26,13.64493179321289,20.709625244140625,20.32477569580078,41.2396354675293,20.547237396240234
2016-10-27,13.41321086883545,20.742151260375977,20.32477569580078,41.305198669433594,20.533571243286133
2016-10-28,13.347002983093262,20.69336700439453,20.372047424316406,41.370765686035156,20.5198974609375
2016-10-31,13.426450729370117,20.6120548248291,20.41143798828125,41.403541564941406,20.5062255859375
2016-11-01,13.373485565185547,20.636445999145508,20.253875732421875,41.2396354675293,20.437870025634766
2016-11-02,13.234454154968262,20.408781051635742,20.096323013305664,40.97738265991211,20.328502655029297
2016-11-03,13.280797004699707,20.38439178466797,19.98603057861328,41.07572937011719,20.342178344726562
2016-11-04,13.174869537353516,20.27055549621582,19.844226837158203,40.58401107788086,20.137113571166992
2016-11-07,13.558857917785645,20.530746459960938,20.13570785522461,40.87084197998047,20.437870025634766
2016-11-08,13.691272735595703,20.660844802856445,20.19873046875,40.82166290283203,20.5130615234375
2016-11-09,13.591965675354004,20.69336700439453,20.206613540649414,40.47746276855469,20.77280616760254
2016-11-10,13.565483093261719,20.57140350341797,20.14358901977539,40.5102424621582,20.77280616760254
2016-11-11,13.525757789611816,20.205509185791016,20.080564498901367,40.567604064941406,20.5745792388916
2016-11-14,13.558857917785645,20.238027572631836,19.883617401123047,40.616783142089844,20.478883743286133
2016-11-15,13.611825942993164,20.62831687927246,19.9781551361084,40.68234634399414,20.5882511138916
2016-11-16,13.347002983093262,20.587663650512695,19.741819381713867,40.48564910888672,20.37635612487793
2016-11-17,13.373485565185547,20.66897201538086,19.765453338623047,41.092124938964844,20.5062255859375
2016-11-18,13.26093864440918,20.701499938964844,19.584264755249023,40.47746276855469,20.287494659423828
2016-11-21,13.373485565185547,21.12430763244629,19.710309982299805,40.805274963378906,20.5609073638916
2016-11-22,13.519139289855957,21.12430763244629,19.765453338623047,40.903621673583984,20.62242317199707
2016-11-23,13.64493179321289,21.083650588989258,19.544872283935547,40.903621673583984,20.615596771240234
2016-11-25,13.790578842163086,21.043001174926758,19.670917510986328,40.559417724609375,20.704452514648438
2016-11-28,13.737614631652832,21.05925941467285,19.466096878051758,40.91182327270508,20.444711685180664
2016-11-29,13.757477760314941,21.018606185913086,19.63153076171875,40.95279312133789,20.5404052734375
2016-11-30,13.532378196716309,21.148698806762695,19.560630798339844,40.88722610473633,20.547237396240234
2016-12-01,13.67802906036377,21.230010986328125,19.44245719909668,40.543025970458984,20.5745792388916
2016-12-02,13.697895050048828,21.32758331298828,19.489728927612305,40.66595458984375,20.74546241760254
2016-12-05,13.724373817443848,21.4007625579834,19.962400436401367,40.616783142089844,20.895843505859375
2016-12-06,13.737614631652832,21.43328857421875,20.13570785522461,40.79708480834961,20.964200973510742
2016-12-07,13.929612159729004,21.669084548950195,20.608381271362305,41.403541564941406,21.25128936767578
2016-12-08,13.969334602355957,21.839832305908203,20.537479400634766,41.878883361816406,21.210269927978516
2016-12-09,14.002435684204102,21.90488624572754,20.553232192993164,42.00181198120117,21.31280517578125
2016-12-12,14.035536766052246,21.95366668701172,20.56899070739746,41.592044830322266,21.223941802978516
2016-12-13,14.114986419677734,22.091896057128906,20.750179290771484,42.08377456665039,21.422168731689453
2016-12-14,13.850163459777832,21.612163543701172,20.498090744018555,41.43633270263672,21.17609405517578
2016-12-15,13.757477760314941,21.571516036987305,20.498090744018555,41.43633270263672,21.141921997070312
2016-12-16,13.618443489074707,21.620296478271484,20.584745407104492,41.07572937011719,21.217111587524414
2016-12-19,13.591965675354004,21.498336791992188,20.529600143432617,41.42814254760742,21.08724021911621
2016-12-20,13.724373817443848,21.612163543701172,20.600502014160156,41.469112396240234,21.121414184570312
2016-12-21,13.717578887939453,21.598207473754883,20.717920303344727,41.247745513916016,21.11587142944336
2016-12-22,13.731171607971191,21.524295806884766,20.702157974243164,41.18141555786133,21.03963851928711
2016-12-23,13.6292085647583,21.409324645996094,20.733680725097656,41.25603103637695,21.074289321899414
2016-12-27,13.690387725830078,21.409324645996094,20.773082733154297,40.9990119934082,21.095081329345703
2016-12-28,13.744766235351562,21.368267059326172,20.63123321533203,40.940975189208984,21.011919021606445
2016-12-29,13.853528022766113,21.491451263427734,20.75732421875,40.52642059326172,21.129728317260742
2016-12-30,13.751565933227539,21.475025177001953,20.86764907836914,40.50983810424805,21.268333435058594
2017-01-03,13.996274948120117,21.598207473754883,20.88341522216797,40.84148025512695,21.351491928100586
2017-01-04,14.173018455505371,21.959545135498047,21.009502410888672,41.662296295166016,21.55939292907715
2017-01-05,14.308966636657715,22.123794555664062,21.238039016723633,41.90272903442383,21.70492172241211
2017-01-06,14.234196662902832,22.08272933959961,21.1671085357666,41.83640670776367,21.566322326660156
2017-01-09,14.390542030334473,21.926694869995117,21.143468856811523,41.87785720825195,21.3930721282959
2017-01-10,14.417732238769531,21.959545135498047,21.135587692260742,41.7203254699707,21.462369918823242
2017-01-11,14.567276954650879,22.164852142333984,21.34048080444336,41.99393844604492,21.62175941467285
2017-01-12,14.628457069396973,22.173065185546875,21.26955795288086,41.92759704589844,21.663349151611328
2017-01-13,14.567276954650879,22.279823303222656,21.372005462646484,42.19291305541992,21.711854934692383
2017-01-17,14.533289909362793,22.304462432861328,21.41928482055664,41.7203254699707,21.739574432373047
2017-01-18,14.410930633544922,21.934907913208008,21.41928482055664,41.712039947509766,21.642553329467773
2017-01-19,14.472112655639648,21.861000061035156,21.372005462646484,41.59596252441406,21.58018684387207
2017-01-20,14.472112655639648,22.03346061706543,21.5217342376709,41.86127853393555,21.600971221923828
2017-01-23,14.431324005126953,22.02524185180664,21.553258895874023,41.88614273071289,21.795019149780273
2017-01-24,14.540087699890137,22.419429779052734,21.639942169189453,41.99393844604492,21.795019149780273
2017-01-25,14.587671279907227,22.616525650024414,21.994569778442383,42.4333610534668,22.016773223876953
2017-01-26,14.506099700927734,22.559043884277344,21.892120361328125,42.49138641357422,21.919755935668945
2017-01-27,14.546886444091797,22.386587142944336,21.892120361328125,42.14316940307617,21.88510513305664
2017-01-30,14.431324005126953,22.1812801361084,21.718748092651367,42.02709197998047,21.663349151611328
2017-01-31,14.438122749328613,22.32088279724121,21.67934226989746,41.92759704589844,21.795019149780273
2017-02-01,14.512897491455078,22.25518798828125,21.750272750854492,42.15147399902344,21.89896583557129
2017-02-02,14.662442207336426,22.312671661376953,21.742387771606445,42.13488006591797,21.80887222290039
2017-02-03,14.676036834716797,22.394794464111328,21.7896728515625,42.32557678222656,21.829668045043945
2017-02-06,14.540087699890137,22.23876190185547,21.450809478759766,42.259239196777344,21.739574432373047
2017-02-07,14.506099700927734,22.173065185546875,21.41928482055664,42.234371185302734,21.829668045043945
2017-02-08,14.580872535705566,22.25518798828125,21.41928482055664,42.35873031616211,21.89203643798828
2017-02-09,14.655647277832031,22.41122055053711,21.505977630615234,42.30070495605469,21.995986938476562
2017-02-10,14.852779388427734,22.6575927734375,21.5217342376709,42.59918212890625,22.05835723876953
2017-02-13,14.92755126953125,22.731496810913086,21.616302490234375,42.76499557495117,22.176166534423828
2017-02-14,14.941143989562988,22.80540657043457,21.624183654785156,42.458221435546875,22.120725631713867
2017-02-15,15.145076751708984,22.854677200317383,21.663583755493164,42.41677474975586,22.176166534423828
2017-02-16,15.145076751708984,22.86289405822754,21.781795501708984,42.466514587402344,22.203889846801758
2017-02-17,15.117883682250977,22.813621520996094,21.70298957824707,42.441646575927734,22.14151954650879
2017-02-21,15.179065704345703,22.854677200317383,21.892120361328125,42.798160552978516,22.196958541870117
2017-02-22,15.206254959106445,22.731496810913086,21.955163955688477,42.84790802001953,22.2108154296875
2017-02-23,15.206254959106445,22.665802001953125,21.907878875732422,42.806453704833984,22.34942054748535
2017-02-24,15.009121894836426,22.353734970092773,21.65570640563965,42.71525573730469,22.16230583190918
2017-02-27,14.995528221130371,22.312671661376953,21.72662925720215,42.58259201049805,22.16230583190918
2017-02-28,14.920755386352539,21.918489456176758,21.687225341796875,42.47480773925781,22.113800048828125
2017-03-01,15.090691566467285,22.07451820373535,21.994569778442383,42.972267150878906,22.217748641967773
2017-03-02,14.920755386352539,21.910274505615234,21.876358032226562,42.56600570678711,22.16923713684082
2017-03-03,14.941143989562988,22.041667938232422,22.057613372802734,42.59088897705078,22.196958541870117
2017-03-06,14.900359153747559,22.07451820373535,21.9315242767334,42.49138641357422,22.051427841186523
2017-03-07,14.961540222167969,22.03346061706543,21.844837188720703,42.391902923583984,21.89896583557129
2017-03-08,14.859575271606445,21.762454986572266,21.75815200805664,42.259239196777344,21.795019149780273
2017-03-09,14.859575271606445,21.762454986572266,21.900001525878906,42.259239196777344,21.829668045043945
2017-03-10,14.988730430603027,21.787092208862305,22.10489273071289,42.56600570678711,21.9405460357666
2017-03-13,15.03631591796875,21.89384651184082,22.11277198791504,42.78157424926758,22.16923713684082
2017-03-14,14.934347152709961,21.614633560180664,21.994569778442383,42.48310852050781,21.97519874572754
2017-03-15,15.396590232849121,22.049882888793945,22.278268814086914,42.91423797607422,22.321697235107422
2017-03-16,15.260637283325195,22.066307067871094,22.451637268066406,42.83132553100586,22.536527633666992
2017-03-17,15.287823677062988,21.934907913208008,22.388591766357422,42.972267150878906,22.63355255126953
2017-03-20,15.315016746520996,21.852787017822266,22.349191665649414,42.980560302734375,22.56424903869629
2017-03-21,15.104289054870605,21.60641860961914,22.23886489868164,42.64891815185547,22.536527633666992
2017-03-22,15.022717475891113,21.737817764282227,22.24674415588379,42.70695877075195,22.522674560546875
2017-03-23,14.968335151672363,21.819942474365234,22.357074737548828,42.74012756347656,22.55731964111328
2017-03-24,15.07030200958252,21.787092208862305,22.498920440673828,43.005428314208984,22.50187873840332
2017-03-27,15.07030200958252,21.861000061035156,22.55408477783203,43.03030776977539,22.543460845947266
2017-03-28,15.287823677062988,22.03346061706543,22.703813552856445,43.395111083984375,22.522674560546875
2017-03-29,15.464563369750977,22.20591163635254,22.680173873901367,43.33707046508789,22.550390243530273
2017-03-30,15.484957695007324,22.07451820373535,22.561965942382812,43.09663772583008,22.550390243530273
2017-03-31,15.369396209716797,22.07451820373535,22.656532287597656,42.69866943359375,22.55731964111328
2017-04-03,15.321812629699707,21.992393493652344,22.62500762939453,42.91423797607422,22.418718338012695
2017-04-04,15.281027793884277,22.07451820373535,22.64077377319336,42.76499557495117,22.453372955322266
2017-04-05,15.260637283325195,21.98418617248535,22.47528076171875,42.466514587402344,22.384065628051758
2017-04-06,15.240242004394531,22.09915542602539,22.467395782470703,42.25095748901367,22.391002655029297
2017-04-07,15.16546630859375,22.066307067871094,22.404356002807617,42.342159271240234,22.384065628051758
2017-04-10,15.219846725463867,22.25518798828125,22.325551986694336,42.24266815185547,22.425649642944336
2017-04-11,15.32861328125,22.230548858642578,22.333433151245117,42.458221435546875,22.688993453979492
2017-04-12,15.287823677062988,22.214128494262695,22.38071060180664,42.31727981567383,22.61968994140625
2017-04-13,15.24703598022461,21.918489456176758,22.183698654174805,41.96077346801758,22.46722984313965
2017-04-17,15.33541202545166,22.197702407836914,22.286149978637695,42.40848159790039,22.640480041503906
2017-04-18,15.131479263305664,22.008819580078125,22.262502670288086,42.27582931518555,22.550390243530273
2017-04-19,14.981932640075684,21.75423812866211,22.183698654174805,42.25095748901367,22.377138137817383
2017-04-20,15.13827896118164,21.885635375976562,22.333433151245117,42.50796890258789,22.453372955322266
2017-04-21,15.179065704345703,21.819942474365234,22.333433151245117,42.66550064086914,22.432579040527344
2017-04-24,15.342208862304688,22.017032623291016,23.373661041259766,42.9639778137207,22.869169235229492
2017-04-25,15.37619400024414,21.992393493652344,23.562789916992188,43.12150955200195,22.973125457763672
2017-04-26,15.233441352844238,21.75423812866211,23.428823471069336,43.1712532043457,22.938472747802734
2017-04-27,15.226644515991211,21.524295806884766,23.381542205810547,43.20442581176758,23.014705657958984
2017-04-28,15.267433166503906,21.565357208251953,23.389419555664062,42.99715042114258,22.938472747802734
2017-05-01,15.416980743408203,21.53251075744629,23.539154052734375,43.1629753112793,22.959264755249023
2017-05-02,15.403382301330566,21.53251075744629,23.617956161499023,43.295623779296875,23.12558364868164
2017-05-03,15.063506126403809,21.458600997924805,23.57067108154297,43.40340805053711,22.966196060180664
2017-05-04,14.954744338989258,21.19581413269043,23.97258186340332,43.51118087768555,23.063217163085938
2017-05-05,15.022717475891113,21.589996337890625,24.3350830078125,43.75162887573242,23.361207962036133
2017-05-08,14.92755126953125,21.614633560180664,23.98834228515625,43.76820755004883,23.26418685913086
2017-05-09,14.7440185546875,21.458600997924805,23.925296783447266,43.62725830078125,23.38892364501953
2017-05-10,14.87317180633545,21.655691146850586,23.901653289794922,43.42827224731445,23.534461975097656
2017-05-11,14.852779388427734,21.475025177001953,23.84649658203125,43.312198638916016,23.499805450439453
2017-05-12,14.784799575805664,21.442174911499023,24.067150115966797,43.419986724853516,23.610687255859375
2017-05-15,14.886765480041504,21.655691146850586,24.224761962890625,43.54434585571289,23.742361068725586
2017-05-16,14.961540222167969,21.63105583190918,24.445415496826172,43.5775260925293,23.971046447753906
2017-05-17,14.580872535705566,21.187593460083008,24.098670959472656,43.51118087768555,23.818584442138672
2017-05-18,14.614860534667969,21.19581413269043,24.13806915283203,43.62725830078125,23.894819259643555
2017-05-19,14.7440185546875,21.5817813873291,24.398130416870117,43.983768463134766,24.137374877929688
2017-05-22,14.852779388427734,21.704965591430664,24.445415496826172,43.95889663696289,24.144304275512695
2017-05-23,14.852779388427734,21.672117233276367,24.413888931274414,44.016929626464844,24.068071365356445
2017-05-24,14.87317180633545,21.688541412353516,24.437532424926758,43.95061492919922,24.095792770385742
2017-05-25,14.825586318969727,21.60641860961914,24.398130416870117,44.066688537597656,24.075008392333984
2017-05-26,14.730419158935547,21.66390609741211,24.26416015625,44.09156036376953,23.894819259643555
2017-05-30,14.655647277832031,21.589996337890625,24.28780174255371,44.18276596069336,23.9363956451416
2017-05-31,14.608064651489258,21.483234405517578,24.445415496826172,44.18276596069336,23.984914779663086
2017-06-01,14.580872535705566,21.639270782470703,24.547861099243164,44.580718994140625,24.15123748779297
2017-06-02,14.76440715789795,21.63105583190918,24.973405838012695,45.51762008666992,24.116580963134766
2017-06-05,14.771210670471191,21.639270782470703,24.839435577392578,45.34349060058594,24.075008392333984
2017-06-06,14.608064651489258,21.75423812866211,24.642427444458008,45.37665557861328,24.01262855529785
2017-06-07,14.608064651489258,21.499662399291992,24.658187866210938,45.360076904296875,24.026487350463867
2017-06-08,14.676036834716797,21.598207473754883,24.587265014648438,45.25230407714844,23.9363956451416
2017-06-09,14.662442207336426,21.77066421508789,24.650310516357422,44.84604263305664,23.6938533782959
2017-06-12,14.648848533630371,21.828149795532227,24.524221420288086,44.98698043823242,23.582965850830078
2017-06-13,14.968335151672363,21.967758178710938,24.68971061706543,45.235713958740234,23.72157096862793
2017-06-14,15.11108684539795,21.696754455566406,24.784282684326172,45.210845947265625,23.659196853637695
2017-06-15,14.995528221130371,21.614633560180664,24.374483108520508,44.771419525146484,23.465158462524414
2017-06-16,15.063506126403809,21.80351448059082,24.61090087890625,44.953819274902344,23.72157096862793
2017-06-19,15.117883682250977,21.869211196899414,24.784282684326172,45.09476852416992,23.763151168823242
2017-06-20,14.840115547180176,21.608421325683594,24.547317504882812,45.10978317260742,23.37359046936035
2017-06-21,14.694275856018066,21.509071350097656,24.547317504882812,45.04302978515625,23.35234260559082
2017-06-22,14.729000091552734,21.74088478088379,24.52322006225586,45.134830474853516,23.331092834472656
2017-06-23,14.83316421508789,21.82367515563965,24.531251907348633,45.1014404296875,23.40192413330078
2017-06-26,14.847054481506348,21.881629943847656,24.56338119506836,44.97628402709961,23.479835510253906
2017-06-27,14.798440933227539,21.972702026367188,24.587478637695312,44.8677978515625,23.49399757385254
2017-06-28,15.110941886901855,22.328702926635742,24.80435562133789,45.06806182861328,23.70648765563965
2017-06-29,15.138717651367188,22.17967987060547,24.40273094177246,44.61747741699219,23.593162536621094
2017-06-30,15.055386543273926,22.154842376708984,24.31437873840332,44.767677307128906,23.60732650756836
2017-07-03,14.985939979553223,22.303865432739258,24.3304386138916,44.55072021484375,23.60732650756836
2017-07-05,15.055386543273926,22.154842376708984,24.354536056518555,44.55906677246094,23.61440658569336
2017-07-06,14.916497230529785,22.06376838684082,24.242082595825195,44.23363494873047,23.508161544799805
2017-07-07,14.916497230529785,22.154842376708984,24.354536056518555,44.20859146118164,23.508161544799805
2017-07-10,14.951221466064453,22.270751953125,24.410762786865234,44.09177017211914,23.49399757385254
2017-07-11,14.985939979553223,22.254188537597656,24.619613647460938,44.392173767089844,23.40192413330078
2017-07-12,15.048439025878906,22.593631744384766,24.780261993408203,44.7009162902832,23.663991928100586
2017-07-13,15.208160400390625,22.62674903869629,24.812387466430664,44.64249801635742,23.798566818237305
2017-07-14,15.458158493041992,22.80889129638672,24.973041534423828,44.750980377197266,24.011049270629883
2017-07-17,15.402606964111328,22.70953941345215,24.85255241394043,44.69256591796875,23.93313980102539
2017-07-18,15.451213836669922,22.800613403320312,24.756160736083984,44.92621994018555,23.93313980102539
2017-07-19,15.728987693786621,23.007585525512695,24.756160736083984,45.10978317260742,24.00396728515625
2017-07-20,15.770652770996094,23.065540313720703,24.908781051635742,45.276676177978516,24.110212326049805
2017-07-21,15.548433303833008,23.015865325927734,24.627643585205078,45.36012268066406,24.03230094909668
2017-07-24,15.555379867553711,23.032426834106445,24.571413040161133,45.268333435058594,23.89772605895996
2017-07-25,15.722043991088867,23.13177490234375,24.59551429748535,45.10978317260742,24.046466827392578
2017-07-26,15.888705253601074,23.164892196655273,24.756160736083984,45.259986877441406,24.18812370300293
2017-07-27,15.805378913879395,22.991029739379883,24.547317504882812,45.41018295288086,24.081878662109375
2017-07-28,15.708155632019043,23.098655700683594,24.651737213134766,45.543697357177734,24.05354881286621
2017-07-31,15.763711929321289,23.098655700683594,24.667802810668945,45.69388961791992,24.166873931884766
2017-08-01,15.819266319274902,23.040700912475586,24.900745391845703,45.960914611816406,24.32978057861328
2017-08-02,15.770652770996094,23.098655700683594,24.900745391845703,45.93588638305664,24.351030349731445
2017-08-03,15.645655632019043,22.991029739379883,24.82042121887207,46.05270004272461,24.358110427856445
2017-08-04,15.659544944763184,22.991029739379883,24.948942184448242,46.01097869873047,24.351030349731445
2017-08-07,15.694270133972168,22.96619415283203,24.908781051635742,45.99429702758789,24.386445999145508
2017-08-08,15.624823570251465,22.933073043823242,24.80435562133789,45.94422912597656,24.237703323364258
2017-08-09,15.583154678344727,22.80889129638672,24.683868408203125,45.6605224609375,24.258955001831055
2017-08-10,15.402606964111328,22.49428367614746,24.258148193359375,45.18489074707031,23.812726974487305
2017-08-11,15.444269180297852,22.52739906311035,24.41880226135254,45.118141174316406,23.69940185546875
2017-08-14,15.513713836669922,22.601905822753906,24.675838470458984,45.451908111572266,23.805648803710938
2017-08-15,15.472046852111816,22.52739906311035,24.651737213134766,45.393497467041016,23.72773551940918
2017-08-16,15.82620906829834,22.69297981262207,24.788293838500977,45.543697357177734,23.8552303314209
2017-08-17,15.624823570251465,22.535676956176758,24.475027084350586,45.23495101928711,23.571914672851562
2017-08-18,15.701211929321289,22.57707405090332,24.611576080322266,45.43522262573242,23.508161544799805
2017-08-21,15.6873197555542,22.61018943786621,24.531251907348633,45.335086822509766,23.564830780029297
2017-08-22,15.7845458984375,22.684703826904297,24.772228240966797,45.42687225341797,23.635656356811523
2017-08-23,15.708155632019043,22.83372688293457,24.80435562133789,45.443565368652344,23.65690803527832
2017-08-24,15.680378913879395,22.88340187072754,24.732067108154297,45.209922790527344,23.663991928100586
2017-08-25,15.763711929321289,22.949634552001953,24.973041534423828,45.36012268066406,23.784400939941406
2017-08-28,15.728987693786621,22.866846084594727,24.989105224609375,45.41018295288086,23.819814682006836
2017-08-29,15.617879867553711,22.89168357849121,24.69190216064453,45.31840133666992,23.763147354125977
2017-08-30,15.541487693786621,22.79233169555664,24.619613647460938,45.293365478515625,23.784400939941406
2017-08-31,15.728987693786621,23.073820114135742,24.707965850830078,45.65217590332031,23.968557357788086
2017-09-01,15.847039222717285,23.272520065307617,24.780261993408203,45.468597412109375,24.074796676635742
2017-09-05,15.749823570251465,23.090375900268555,24.716001510620117,45.268333435058594,23.883562088012695
2017-09-06,15.805378913879395,23.355308532714844,25.117626190185547,45.46025466918945,23.97564125061035
2017-09-07,15.89565372467041,23.496047973632812,25.40679359436035,45.72727966308594,24.18812370300293
2017-09-08,15.84009838104248,23.413265228271484,25.374662399291992,45.86912536621094,24.251873016357422
2017-09-11,15.978985786437988,23.578845977783203,25.65580177307129,46.07774353027344,24.407691955566406
2017-09-12,16.08315086364746,23.59540367126465,25.720062255859375,46.111114501953125,24.528104782104492
2017-09-13,15.951208114624023,23.587127685546875,25.607606887817383,46.01932907104492,24.33686637878418
2017-09-14,15.951208114624023,23.678194046020508,25.663833618164062,46.027671813964844,24.44310760498047
2017-09-15,15.902595520019531,23.66991424560547,25.720062255859375,46.094425201416016,24.457273483276367
2017-09-18,15.853988647460938,23.587127685546875,25.78432273864746,46.10276794433594,24.464357376098633
2017-09-19,15.95815372467041,23.71131134033203,25.872676849365234,46.36979675292969,24.59185028076172
2017-09-20,15.923431396484375,23.752710342407227,25.792354583740234,46.386478424072266,24.556434631347656
2017-09-21,15.659544944763184,23.86861228942871,25.808420181274414,46.20289993286133,24.584766387939453
2017-09-22,15.770652770996094,23.852052688598633,25.85661506652832,46.25297927856445,24.676847457885742
2017-09-25,15.722043991088867,23.876893997192383,25.5915470123291,46.35310745239258,24.528104782104492
2017-09-26,15.603986740112305,23.852052688598633,25.519245147705078,46.35310745239258,24.457273483276367
2017-09-27,15.548433303833008,23.86861228942871,25.583513259887695,46.44489288330078,24.47852325439453
2017-09-28,15.520660400390625,23.959684371948242,25.712026596069336,46.478271484375,24.556434631347656
2017-09-29,15.583154678344727,23.959684371948242,26.049394607543945,46.48661422729492,24.683931350708008
2017-10-02,15.652600288391113,23.976238250732422,25.985132217407227,46.48661422729492,24.620182037353516
2017-10-03,15.583154678344727,24.075590133666992,26.081527709960938,46.7619743347168,24.683931350708008
2017-10-04,15.499822616577148,24.10042953491211,26.089555740356445,46.770328521728516,24.705175399780273
2017-10-05,15.430380821228027,24.001079559326172,26.081527709960938,46.74529266357422,24.584766387939453
2017-10-06,15.430380821228027,23.96796226501465,26.089555740356445,46.72025680541992,24.54935073852539
2017-10-09,15.437325477600098,23.976238250732422,26.0734920501709,46.778663635253906,24.598934173583984
2017-10-10,15.562324523925781,24.10042953491211,26.25823974609375,47.11244201660156,24.90349769592285
2017-10-11,15.603986740112305,24.24117088317871,26.410858154296875,47.354427337646484,24.90349769592285
2017-10-12,15.715099334716797,24.158382415771484,26.378725051879883,47.29602813720703,24.96015739440918
2017-10-13,15.944259643554688,24.2246150970459,26.378725051879883,47.880126953125,25.038070678710938
2017-10-16,15.965096473693848,24.15009880065918,26.322498321533203,48.097084045410156,24.953075408935547
2017-10-17,16.020648956298828,24.14181900024414,26.282337188720703,48.047019958496094,24.832670211791992
2017-10-18,16.020648956298828,24.24117088317871,26.426923751831055,47.996944427490234,24.868080139160156
2017-10-19,16.048429489135742,24.282567977905273,26.362661361694336,47.88847351074219,24.754758834838867
2017-10-20,16.048429489135742,24.09214973449707,26.210044860839844,47.996944427490234,24.7760066986084
2017-10-23,15.951208114624023,24.034194946289062,26.129722595214844,48.113773345947266,24.71225929260254
2017-10-24,15.972043991088867,24.04247283935547,26.22610855102539,48.5142936706543,24.64851188659668
2017-10-25,15.756766319274902,23.777542114257812,26.21807861328125,48.12211990356445,24.66267967224121
2017-10-26,15.756766319274902,23.719589233398438,26.25823974609375,48.38077926635742,24.542266845703125
2017-10-27,15.833154678344727,23.86861228942871,26.298402786254883,48.74794006347656,24.56351661682129
2017-10-30,15.805378913879395,23.943126678466797,26.41888999938965,48.731258392333984,24.64143180847168
2017-10-31,15.763711929321289,23.835494995117188,26.563472747802734,48.93987274169922,24.832670211791992
2017-11-01,15.84009838104248,23.918285369873047,26.78838539123535,49.21522903442383,24.698097229003906
2017-11-02,15.95815372467041,23.984519958496094,26.908876419067383,49.27363586425781,24.676847457885742
2017-11-03,15.867873191833496,24.10042953491211,26.820510864257812,49.390464782714844,24.683931350708008
2017-11-06,15.930374145507812,24.282567977905273,26.780351638793945,49.382118225097656,24.839750289916992
2017-11-07,15.902595520019531,24.232891082763672,26.563472747802734,49.7743034362793,24.65559959411621
2017-11-08,16.055376052856445,24.29912567138672,26.651832580566406,50.083045959472656,24.64143180847168
2017-11-09,16.0900936126709,24.34880256652832,26.362661361694336,49.665828704833984,24.584766387939453
2017-11-10,16.0900936126709,24.274288177490234,26.298402786254883,49.298675537109375,24.535184860229492
2017-11-13,15.978985786437988,24.174938201904297,26.242170333862305,49.08172607421875,24.351030349731445
2017-11-14,15.798432350158691,24.01763343811035,26.386756896972656,48.82304382324219,24.372282028198242
2017-11-15,15.749823570251465,23.92656707763672,26.193979263305664,48.4642333984375,24.251873016357422
2017-11-16,15.853988647460938,24.02591323852539,26.40282440185547,49.21522903442383,24.372282028198242
2017-11-17,15.715099334716797,24.050752639770508,26.274303436279297,48.97323989868164,24.393526077270508
2017-11-20,15.749823570251465,24.04247283935547,26.290367126464844,49.21522903442383,24.43602180480957
2017-11-21,15.847039222717285,24.158382415771484,26.53937339782715,49.665828704833984,24.528104782104492
2017-11-22,15.930374145507812,24.33224105834961,26.362661361694336,49.699195861816406,24.71225929260254
2017-11-24,15.923431396484375,24.34880256652832,26.764291763305664,50.10808181762695,24.761838912963867
2017-11-27,15.853988647460938,24.14181900024414,26.603639602661133,49.89112091064453,24.620182037353516
2017-11-28,15.944259643554688,24.067310333251953,26.683963775634766,50.041324615478516,24.868080139160156
2017-11-29,15.853988647460938,23.89345359802246,26.611671447753906,49.94119644165039,24.811418533325195
2017-11-30,15.81231689453125,23.959684371948242,26.700029373168945,49.99125671386719,24.804338455200195
2017-12-01,15.867873191833496,24.31568145751953,26.467084884643555,49.765960693359375,24.740589141845703
2017-12-04,15.763711929321289,24.18321418762207,26.555442810058594,49.24026107788086,24.66267967224121
2017-12-05,15.735930442810059,24.11698341369629,26.442989349365234,49.36542510986328,24.620182037353516
2017-12-06,15.694270133972168,23.934846878051758,26.40282440185547,49.18185806274414,24.584766387939453
2017-12-07,15.6873197555542,24.04247283935547,26.52330780029297,49.49894332885742,24.64851188659668
2017-12-08,15.735930442810059,24.125267028808594,26.619705200195312,49.732574462890625,24.825586318969727
2017-12-11,15.770652770996094,24.14181900024414,26.603639602661133,49.89946746826172,24.910579681396484
2017-12-12,15.853988647460938,24.174938201904297,26.563472747802734,49.99125671386719,24.981414794921875
2017-12-13,16.0900936126709,24.24117088317871,26.57151222229004,50.19152069091797,25.123065948486328
2017-12-14,16.048429489135742,24.166656494140625,26.41888999938965,49.957881927490234,25.059322357177734
2017-12-15,16.06926155090332,24.009355545043945,26.531347274780273,49.9829216003418,25.016826629638672
2017-12-18,16.18037223815918,24.166656494140625,26.94099998474121,50.58370590209961,25.29305648803711
2017-12-19,16.15119743347168,24.140666961669922,26.93617057800293,50.07048797607422,25.250484466552734
2017-12-20,16.15119743347168,24.241289138793945,26.694589614868164,50.137691497802734,25.24326515197754
2017-12-21,16.26504135131836,24.442529678344727,26.710693359375,50.17127990722656,25.409242630004883
2017-12-22,16.343305587768555,24.45929718017578,26.654325485229492,50.40647888183594,25.49584197998047
2017-12-26,16.343305587768555,24.534767150878906,26.654325485229492,50.43167495727539,25.488628387451172
2017-12-27,16.428686141967773,24.63538932800293,26.718748092651367,50.36448669433594,25.589658737182617
2017-12-28,16.499839782714844,24.836626052856445,26.694589614868164,50.24687957763672,25.69790267944336
2017-12-29,16.485607147216797,24.853395462036133,26.589902877807617,50.339271545410156,25.849449157714844
2018-01-02,16.59233283996582,25.07979393005371,26.783170700073242,50.64167022705078,26.087589263916016
2018-01-03,16.69906234741211,25.172035217285156,26.920068740844727,51.33884048461914,26.044296264648438
2018-01-04,16.763093948364258,25.348119735717773,27.362966537475586,51.96881866455078,26.14531898498535
2018-01-05,16.862709045410156,25.440353393554688,27.644807815551758,52.11161804199219,26.260786056518555
2018-01-08,16.770212173461914,25.356504440307617,27.56427764892578,52.41400146484375,26.231922149658203
2018-01-09,16.79155731201172,25.289424896240234,27.556230545043945,52.44759750366211,26.253568649291992
2018-01-10,16.64925193786621,25.037870407104492,27.314645767211914,52.78358459472656,26.22470474243164
2018-01-11,16.74886703491211,25.163646697998047,27.443490982055664,53.1363639831543,26.39068031311035
2018-01-12,16.84136390686035,25.24749755859375,27.789752960205078,53.30436325073242,26.780380249023438
2018-01-16,16.691944122314453,25.348119735717773,27.830018997192383,53.30436325073242,26.74429702758789
2018-01-17,16.78443717956543,25.406814575195312,27.90249252319336,53.73274230957031,26.874191284179688
2018-01-18,16.798673629760742,25.348119735717773,28.06354331970215,53.2791633605957,26.874191284179688
2018-01-19,16.834251403808594,25.27265167236328,28.37760353088379,53.61516189575195,26.910268783569336
2018-01-22,16.8555908203125,25.373271942138672,28.554758071899414,53.84194564819336,27.141199111938477
2018-01-23,16.89116668701172,25.431968688964844,28.70775604248047,54.169525146484375,27.17007064819336
2018-01-24,16.99077796936035,25.507434844970703,28.635286331176758,54.18632888793945,27.292749404907227
2018-01-25,16.94097137451172,25.32296371459961,28.433963775634766,53.925941467285156,27.112335205078125
2018-01-26,17.1544246673584,25.423583984375,28.61917495727539,54.32072448730469,27.336048126220703
2018-01-29,17.033466339111328,25.188804626464844,28.353435516357422,53.858741760253906,27.047388076782227
2018-01-30,16.898284912109375,25.029483795166016,28.12796974182129,53.16996765136719,26.91748809814453
2018-01-31,16.912513732910156,25.05463409423828,28.1923885345459,52.867584228515625,26.816457748413086
2018-02-01,16.99077796936035,24.97079086303711,27.9427547454834,53.12797164916992,26.816457748413086
2018-02-02,16.734638214111328,24.28321075439453,27.266332626342773,52.346797943115234,26.17418670654297
2018-02-05,16.172542572021484,23.604022979736328,26.147008895874023,49.86890411376953,24.925737380981445
2018-02-06,16.32907485961914,23.70464324951172,26.968381881713867,51.07844924926758,25.474191665649414
2018-02-07,15.987554550170898,23.52855682373047,26.509374618530273,50.62487030029297,25.214399337768555
2018-02-08,15.539307594299316,22.991910934448242,25.647743225097656,49.1213264465332,24.74532699584961
2018-02-09,15.73852825164795,23.033836364746094,25.83295440673828,49.616905212402344,24.73811149597168
2018-02-12,15.987554550170898,23.318927764892578,26.203378677368164,50.5828742980957,25.01955223083496
2018-02-13,16.080053329467773,23.335695266723633,26.155061721801758,49.96129608154297,25.06285285949707
2018-02-14,16.364652633666992,23.662715911865234,26.7348575592041,50.7172737121582,25.488628387451172
2018-02-15,16.485607147216797,23.81365203857422,26.750959396362305,50.960853576660156,25.726770401000977
2018-02-16,16.350418090820312,23.70464324951172,26.799272537231445,51.742027282714844,25.705121994018555
2018-02-20,16.3077335357666,23.57886505126953,26.54159164428711,51.32204055786133,25.43088722229004
2018-02-21,16.26504135131836,23.612401962280273,26.35637664794922,50.80966567993164,25.358728408813477
2018-02-22,16.393110275268555,23.56209373474121,26.485219955444336,51.04485321044922,25.409242630004883
2018-02-23,16.52118492126465,23.863956451416016,26.678485870361328,51.79242706298828,25.625736236572266
2018-02-26,16.69906234741211,23.98134994506836,26.799272537231445,52.46440505981445,25.78449821472168
2018-02-27,16.435802459716797,23.754953384399414,26.30000877380371,51.750431060791016,25.39480972290039
2018-02-28,16.236581802368164,23.302156448364258,26.11479949951172,51.296844482421875,25.01955223083496
2018-03-01,16.12985610961914,23.151229858398438,25.61553382873535,49.81010437011719,24.74532699584961
2018-03-02,16.179658889770508,23.042217254638672,25.61553382873535,50.372886657714844,24.803056716918945
2018-03-05,16.250808715820312,23.109298706054688,25.9859561920166,50.599674224853516,24.96903419494629
2018-03-06,16.378883361816406,23.26023292541504,26.13895606994629,50.910457611083984,25.091718673706055
2018-03-07,16.27216148376465,23.167991638183594,26.34832763671875,50.48206329345703,25.084501266479492
2018-03-08,16.293498992919922,23.26023292541504,26.31611442565918,50.79286193847656,25.12779998779297
2018-03-09,16.585220336914062,23.49501609802246,26.404695510864258,50.918846130371094,25.308210372924805
2018-03-12,16.578105926513672,23.47824478149414,26.525482177734375,50.96925354003906,25.272130966186523
2018-03-13,16.364652633666992,23.285385131835938,26.09064292907715,50.88526153564453,25.06285285949707
2018-03-14,16.435802459716797,23.36085319519043,26.211429595947266,51.1036491394043,25.120588302612305
2018-03-15,16.25792694091797,23.235074996948242,26.29195785522461,51.204444885253906,25.09893226623535
2018-03-16,16.201004028320312,23.201541900634766,26.27585220336914,50.97765350341797,25.15666961669922
2018-03-19,16.072933197021484,23.058990478515625,26.08258819580078,50.11248779296875,24.99068832397461
2018-03-20,16.01601791381836,23.142841339111328,26.106740951538086,50.398075103759766,24.95460319519043
2018-03-21,16.179658889770508,23.49501609802246,26.130905151367188,50.465274810791016,25.02676773071289
2018-03-22,15.766989707946777,23.025447845458984,25.526952743530273,50.00328826904297,24.572128295898438
2018-03-23,15.560648918151855,22.799055099487305,25.212900161743164,48.95332717895508,24.478315353393555
2018-03-26,15.838135719299316,22.9583683013916,25.728271484375,49.65050506591797,24.983469009399414
2018-03-27,15.532188415527344,22.790666580200195,25.43837547302246,49.76809310913086,24.788623809814453
2018-03-28,15.539307594299316,22.70681381225586,25.414215087890625,50.330875396728516,24.96903419494629
2018-03-29,15.667378425598145,23.109298706054688,25.80074691772461,50.96925354003906,25.077285766601562
2018-04-02,15.397003173828125,22.78227996826172,25.414215087890625,49.94449234008789,24.810272216796875
2018-04-03,15.574878692626953,22.92482566833496,25.57526969909668,50.574462890625,25.01233673095703
2018-04-04,15.681608200073242,23.000293731689453,25.623584747314453,50.62487030029297,25.27934455871582
2018-04-05,15.69583511352539,23.310543060302734,25.937639236450195,50.876861572265625,25.524707794189453
2018-04-06,15.51795768737793,23.058990478515625,25.841005325317383,50.078887939453125,25.452545166015625
2018-04-09,15.69583511352539,23.218305587768555,26.018165588378906,50.52407455444336,25.63295555114746
2018-04-10,15.980439186096191,23.453086853027344,26.380535125732422,50.8012580871582,26.022642135620117
2018-04-11,15.873710632324219,23.48663330078125,26.219486236572266,50.675262451171875,25.979347229003906
2018-04-12,15.923517227172852,23.48663330078125,26.412744522094727,50.59127426147461,26.15975570678711
2018-04-13,15.923517227172852,23.43631935119629,26.485219955444336,50.59127426147461,26.18140411376953
2018-04-16,15.994669914245605,23.536941528320312,26.49327278137207,50.73406219482422,26.116456985473633
2018-04-17,16.01601791381836,23.679485321044922,26.815380096435547,50.9272575378418,26.16697120666504
2018-04-18,16.108510971069336,23.796873092651367,26.863698959350586,51.271636962890625,26.34738540649414
2018-04-19,15.937747955322266,23.612401962280273,26.72679901123047,51.07844924926758,26.246355056762695
2018-04-20,15.774101257324219,23.511783599853516,26.54159164428711,50.97765350341797,26.17418670654297
2018-04-23,15.781216621398926,23.427934646606445,26.444955825805664,50.910457611083984,26.15975570678711
2018-04-24,15.781216621398926,23.37762451171875,26.219486236572266,50.72566604614258,26.1092472076416
2018-04-25,15.752755165100098,23.394390106201172,26.08258819580078,50.88526153564453,26.044296264648438
2018-04-26,15.831021308898926,23.5537109375,26.187273025512695,51.196048736572266,26.246355056762695
2018-04-27,15.923517227172852,23.65433120727539,26.29195785522461,51.05325698852539,26.22470474243164
2018-04-30,15.78833293914795,23.587251663208008,26.13895606994629,50.9356575012207,26.15975570678711
2018-05-01,15.866595268249512,23.587251663208008,26.04232406616211,50.893653869628906,26.029865264892578
2018-05-02,16.001781463623047,23.5537109375,26.29195785522461,50.59127426147461,25.892749786376953
2018-05-03,16.15119743347168,23.570480346679688,26.30805778503418,50.64167022705078,25.964914321899414
2018-05-04,16.172542572021484,23.738178253173828,26.444955825805664,51.01124572753906,26.029865264892578
2018-05-07,16.0871639251709,23.805261611938477,26.557693481445312,51.070045471191406,26.0515079498291
2018-05-08,16.01601791381836,23.780109405517578,26.461063385009766,51.22964859008789,26.037078857421875
2018-05-09,16.0871639251709,24.031661987304688,26.49327278137207,50.79286193847656,26.44841957092285
2018-05-10,16.27927017211914,24.350292205810547,26.7348575592041,51.08685302734375,26.498933792114258
2018-05-11,16.25792694091797,24.333518981933594,26.694589614868164,51.47323989868164,26.535017013549805
2018-05-14,16.293498992919922,24.467687606811523,26.646276473999023,51.758819580078125,26.585533142089844
2018-05-15,16.094280242919922,24.383834838867188,26.45301055908203,51.22964859008789,26.513364791870117
2018-05-16,16.243698120117188,24.509607315063477,26.428848266601562,51.38084030151367,26.614391326904297
2018-05-17,16.26504135131836,24.58507537841797,26.581851959228516,51.372440338134766,26.75872802734375
2018-05-18,16.15119743347168,24.434144973754883,26.477169036865234,51.24644470214844,26.65769386291504
2018-05-21,16.35753631591797,24.660541534423828,26.686540603637695,51.30524444580078,26.86697769165039
2018-05-22,16.243698120117188,24.534767150878906,26.654325485229492,51.18764114379883,26.888626098632812
2018-05-23,16.158313751220703,24.45929718017578,26.19532585144043,50.98604965209961,26.527799606323242
2018-05-24,16.179658889770508,24.291597366333008,25.9859561920166,50.675262451171875,26.369043350219727
2018-05-25,16.080053329467773,24.115510940551758,25.929588317871094,50.507266998291016,26.130887985229492
2018-05-29,15.85948371887207,23.754953384399414,25.116270065307617,50.17127990722656,25.69068145751953
2018-05-30,16.20812225341797,24.20775032043457,25.704113006591797,50.52407455444336,26.09481430053711
2018-05-31,16.05870246887207,24.09874153137207,25.478635787963867,50.1796875,26.000993728637695
2018-06-01,16.16543197631836,24.065202713012695,25.61553382873535,50.52407455444336,26.17418670654297
2018-06-04,16.26504135131836,23.629175186157227,25.760480880737305,50.82645797729492,26.15975570678711
2018-06-05,16.193889617919922,24.149049758911133,25.768537521362305,50.73406219482422,26.14531898498535
2018-06-06,16.421567916870117,24.266441345214844,26.155061721801758,50.952457427978516,26.39068031311035
2018-06-07,16.293498992919922,24.249675750732422,25.841005325317383,50.952457427978516,26.253568649291992
2018-06-08,16.2863826751709,24.358678817749023,25.929588317871094,51.1036491394043,26.289655685424805
2018-06-11,16.371768951416016,24.350292205810547,26.13895606994629,51.26323699951172,26.43398666381836
2018-06-12,16.158313751220703,24.325136184692383,26.026220321655273,50.94405746459961,26.246355056762695
2018-06-13,16.13697052001953,24.358678817749023,26.130905151367188,50.98604965209961,26.21749496459961
2018-06-14,15.987554550170898,24.291597366333008,26.243640899658203,50.9356575012207,26.29686737060547
2018-06-15,16.001781463623047,24.065202713012695,26.11479949951172,50.666866302490234,25.95047950744629
2018-06-18,16.13697052001953,24.16581916809082,25.720216751098633,50.29727554321289,25.820579528808594
2018-06-19,16.007863998413086,23.881874084472656,25.393728256225586,49.763999938964844,25.647729873657227
2018-06-20,16.167434692382812,24.01708984375,25.368995666503906,49.78093719482422,25.662506103515625
2018-06-21,16.225461959838867,23.864973068237305,25.014469146728516,49.59471130371094,25.492595672607422
2018-06-22,16.457563400268555,24.093141555786133,25.25356674194336,49.84019088745117,25.913660049438477
2018-06-25,16.123912811279297,23.64525032043457,24.81659698486328,49.16300582885742,25.381793975830078
2018-06-26,16.239965438842773,23.82271957397461,24.725902557373047,49.4508056640625,25.47043800354004
2018-06-27,16.09490203857422,23.62834930419922,24.462074279785156,49.120689392089844,25.307924270629883
2018-06-28,16.312496185302734,23.763565063476562,24.346647262573242,49.17993927001953,25.485210418701172
2018-06-29,16.3995361328125,24.093141555786133,24.71765899658203,49.01910400390625,25.692047119140625
2018-07-02,16.18193817138672,23.966384887695312,24.5939884185791,48.240352630615234,25.389177322387695
2018-07-03,16.268980026245117,24.03398895263672,24.676435470581055,48.181114196777344,25.47043800354004
2018-07-05,16.443058013916016,24.093141555786133,25.096921920776367,48.10492706298828,25.743759155273438
2018-07-06,16.66790199279785,24.321313858032227,25.270057678222656,48.41811752319336,25.817628860473633
2018-07-09,16.805715560913086,24.448076248168945,25.410219192504883,49.086830139160156,26.03923797607422
2018-07-10,16.711423873901367,24.608644485473633,25.500905990600586,48.900611877441406,26.076173782348633
2018-07-11,16.305246353149414,24.270612716674805,24.981491088867188,48.22343444824219,25.573854446411133
2018-07-12,16.61713409423828,24.557931900024414,25.179365158081055,48.27421951293945,25.861948013305664
2018-07-13,16.559110641479492,24.566389083862305,25.25356674194336,48.722843170166016,25.891494750976562
2018-07-16,16.45030975341797,24.498779296875,25.385482788085938,48.73977279663086,25.728984832763672
2018-07-17,16.385028839111328,24.448076248168945,25.55037498474121,49.171470642089844,25.603404998779297
2018-07-18,16.479324340820312,24.405824661254883,25.575109481811523,49.09529495239258,25.588632583618164
2018-07-19,16.385028839111328,24.363571166992188,25.426708221435547,49.103755950927734,25.477825164794922
2018-07-20,16.56635856628418,24.4227237701416,25.368995666503906,49.25611877441406,25.699434280395508
2018-07-23,16.406789779663086,24.321313858032227,25.393728256225586,49.5015983581543,25.59601593017578
2018-07-24,16.588125228881836,24.388927459716797,25.575109481811523,49.704750061035156,25.847179412841797
2018-07-25,16.638893127441406,24.608644485473633,25.78122901916504,50.02640914916992,25.884113311767578
2018-07-26,16.47206687927246,24.617097854614258,25.715272903442383,50.15337371826172,25.640338897705078
2018-07-27,16.56635856628418,24.541032791137695,25.764738082885742,50.30574417114258,25.692047119140625
2018-07-30,16.551855087280273,24.566389083862305,25.79772186279297,49.924835205078125,25.75114631652832
2018-07-31,16.624387741088867,24.684694290161133,25.814208984375,49.543922424316406,25.935821533203125
2018-08-01,16.486572265625,24.60019302368164,25.60808563232422,49.86557388305664,25.610790252685547
2018-08-02,16.435802459716797,24.67624855041504,25.237075805664062,49.586246490478516,25.330087661743164
2018-08-03,16.479324340820312,24.710050582885742,25.30303382873535,49.57777786254883,25.477825164794922
2018-08-06,16.47206687927246,24.794559478759766,25.204097747802734,49.20533752441406,25.293149948120117
2018-08-07,16.522842407226562,24.388927459716797,25.360746383666992,49.62010192871094,25.492595672607422
2018-08-08,16.60987663269043,24.49032974243164,25.294790267944336,49.56931686401367,25.544309616088867
2018-08-09,16.5736141204834,24.608644485473633,25.270057678222656,49.38309860229492,25.492595672607422
2018-08-10,16.305246353149414,24.321313858032227,24.5032958984375,48.67205810546875,25.093704223632812
2018-08-13,16.210952758789062,24.23680877685547,24.38787269592285,48.384254455566406,25.012441635131836
2018-08-14,16.27623176574707,24.49032974243164,24.404359817504883,48.578941345214844,24.901639938354492
2018-08-15,16.254470825195312,24.05088996887207,23.901432037353516,47.986412048339844,24.45102882385254
2018-08-16,16.457563400268555,24.14385223388672,24.066326141357422,48.248817443847656,24.643089294433594
2018-08-17,16.68241310119629,24.464977264404297,24.255958557128906,48.40964889526367,24.753894805908203
2018-08-20,16.69692039489746,24.464977264404297,24.48680877685547,48.604339599609375,24.931188583374023
2018-08-21,16.544601440429688,24.405824661254883,24.833086013793945,48.59587478637695,25.012441635131836
2018-08-22,16.501079559326172,24.583288192749023,24.890796661376953,48.79903030395508,25.13063621520996
2018-08-23,16.189191818237305,24.372024536132812,24.758886337280273,48.59587478637695,24.827768325805664
2018-08-24,16.334259033203125,24.498779296875,25.03920555114746,48.76517105102539,24.99028205871582
2018-08-27,16.49382781982422,24.77765464782715,25.451438903808594,49.5015983581543,25.307924270629883
2018-08-28,16.486572265625,24.69314956665039,25.451438903808594,49.3492317199707,25.182342529296875
2018-08-29,16.64614486694336,24.77765464782715,25.558618545532227,49.5269889831543,25.344858169555664
2018-08-30,16.47206687927246,24.650896072387695,25.286542892456055,49.17993927001953,25.086313247680664
2018-08-31,16.312496185302734,24.338214874267578,24.923778533935547,49.28151321411133,24.798219680786133
2018-09-04,16.131166458129883,23.941030502319336,24.64345932006836,48.67205810546875,24.628313064575195
2018-09-05,15.993354797363281,23.907230377197266,24.38787269592285,48.155704498291016,24.5544490814209
2018-09-06,15.826530456542969,23.89032554626465,24.21473503112793,48.26575469970703,24.39193344116211
2018-09-07,15.565415382385254,23.797367095947266,24.016857147216797,47.969482421875,24.22203254699707
2018-09-10,15.674214363098145,23.772016525268555,24.206491470336914,48.07952880859375,24.39193344116211
2018-09-11,15.71773624420166,23.924129486083984,24.198246002197266,48.181114196777344,24.384546279907227
2018-09-12,15.877303123474121,24.03398895263672,24.280689239501953,48.27421951293945,24.502735137939453
2018-09-13,15.877303123474121,24.008634567260742,24.528032302856445,48.646663665771484,24.58399772644043
2018-09-14,15.855545997619629,23.94948387145996,24.495054244995117,49.196868896484375,24.58399772644043
2018-09-17,15.877303123474121,24.03398895263672,24.462074279785156,49.22226333618164,24.613540649414062
2018-09-18,16.051380157470703,24.34666633605957,24.676435470581055,50.39885330200195,24.72435188293457
2018-09-19,16.123912811279297,24.397371292114258,24.742393493652344,50.57661437988281,24.84992790222168
2018-09-20,16.225461959838867,24.52412986755371,25.195858001708984,50.71205139160156,25.24882698059082
2018-09-21,16.174684524536133,24.549489974975586,25.21234130859375,50.82209014892578,25.22667121887207
2018-09-24,16.109407424926758,24.448076248168945,25.055692672729492,50.59354782104492,25.189727783203125
2018-09-25,16.13842010498047,24.34666633605957,25.138141632080078,50.97446060180664,25.426116943359375
2018-09-26,16.116661071777344,24.25370979309082,25.03095817565918,51.219932556152344,25.426116943359375
2018-09-27,16.044130325317383,24.312862396240234,24.96500015258789,51.084495544433594,25.44827651977539
2018-09-28,16.044130325317383,24.321313858032227,24.519786834716797,50.98292541503906,25.204505920410156
2018-10-01,16.022367477416992,24.608644485473633,24.651700973510742,51.32997512817383,25.182342529296875
2018-10-02,15.833784103393555,24.405824661254883,24.495054244995117,51.21146774291992,25.04937744140625
2018-10-03,15.739496231079102,24.464977264404297,24.58574676513672,50.762847900390625,25.15279769897461
2018-10-04,15.652457237243652,24.25370979309082,24.297182083129883,50.07719421386719,24.931188583374023
2018-10-05,15.587174415588379,24.11004638671875,24.066326141357422,50.08565902709961,24.768667221069336
2018-10-08,15.478375434875488,24.025541305541992,23.744783401489258,50.30574417114258,24.5544490814209
2018-10-09,15.42034912109375,23.983285903930664,23.720050811767578,50.017948150634766,24.5544490814209
2018-10-10,15.093955993652344,23.239620208740234,23.15116310119629,48.79056167602539,24.199871063232422
2018-10-11,14.854599952697754,22.92694091796875,22.953292846679688,47.91022491455078,23.823135375976562
2018-10-12,14.93438720703125,23.045246124267578,23.043981552124023,48.0202751159668,23.874841690063477
2018-10-15,14.963397026062012,23.05369758605957,23.14291763305664,47.876373291015625,23.874841690063477
2018-10-16,15.195502281188965,23.40863609313965,23.588132858276367,48.76517105102539,24.125999450683594
2018-10-17,15.159233093261719,23.248065948486328,23.32430648803711,48.73130798339844,23.963483810424805
2018-10-18,15.021422386169434,22.901586532592773,22.846105575561523,47.85097885131836,23.594135284423828
2018-10-19,15.166487693786621,22.977645874023438,22.953292846679688,47.95256042480469,23.80097198486328
2018-10-22,15.021422386169434,22.93538475036621,22.837865829467773,47.656288146972656,23.66061782836914
2018-10-23,14.861855506896973,22.749473571777344,22.557544708251953,47.10609436035156,23.55720329284668
2018-10-24,14.513696670532227,22.26778221130371,21.766050338745117,45.599369049072266,23.003173828125
2018-10-25,14.571725845336914,22.27623176574707,22.219511032104492,46.276546478271484,23.19523811340332
2018-10-26,14.477431297302246,22.191722869873047,22.079345703125,45.684017181396484,23.047494888305664
2018-10-29,14.441164016723633,21.92974853515625,22.1700439453125,45.260780334472656,23.062271118164062
2018-10-30,14.818333625793457,22.25087547302246,22.29371452331543,45.97181701660156,23.246944427490234
2018-10-31,14.941640853881836,22.402990341186523,22.46685218811035,46.42045211791992,23.498104095458984
2018-11-01,15.180994033813477,22.639612197875977,22.755416870117188,46.31040573120117,23.963483810424805
2018-11-02,15.144729614257812,22.59735870361328,22.90382194519043,46.572811126708984,23.830516815185547
2018-11-05,15.202751159667969,22.724119186401367,22.81313133239746,46.40351486206055,23.963483810424805
2018-11-06,15.347817420959473,22.78327178955078,22.837865829467773,46.92832565307617,23.948711395263672
2018-11-07,15.558164596557617,22.92694091796875,23.109941482543945,47.419288635253906,24.30329132080078
2018-11-08,15.507390975952148,22.825531005859375,22.66472816467285,47.11455535888672,24.11122703552246
2018-11-09,15.376830101013184,22.63115882873535,22.65648078918457,46.64052200317383,23.91916275024414
2018-11-12,15.275284767150879,22.402990341186523,22.005146026611328,46.00567626953125,23.48333168029785
2018-11-13,15.253528594970703,22.37763786315918,22.343183517456055,45.83638000488281,23.631071090698242
2018-11-14,15.079456329345703,22.44524574279785,22.425626754760742,45.99720764160156,23.682783126831055
2018-11-15,15.195502281188965,22.555105209350586,22.508075714111328,46.2680778503418,23.542428970336914
2018-11-16,15.2462739944458,22.605810165405273,22.491588592529297,46.30194091796875,23.424232482910156
2018-11-19,14.956144332885742,22.436792373657227,22.219511032104492,46.09878158569336,23.342979431152344
2018-11-20,14.673266410827637,21.912843704223633,21.766050338745117,45.25231170654297,23.010560989379883
2018-11-21,14.948895454406738,22.411439895629883,22.137062072753906,45.9464111328125,23.394683837890625
2018-11-23,14.927130699157715,22.107213973999023,21.897968292236328,45.77713394165039,23.10659408569336
2018-11-26,15.093955993652344,22.27623176574707,22.31020164489746,46.395050048828125,23.48333168029785
2018-11-27,15.086700439453125,22.0987606048584,22.145309448242188,46.35272216796875,23.29865264892578
2018-11-28,15.318804740905762,22.470596313476562,22.45036506652832,46.962188720703125,23.60152244567871
2018-11-29,15.2462739944458,22.504398345947266,22.32669448852539,46.80135726928711,23.402074813842773
2018-11-30,15.086700439453125,22.512855529785156,22.12881851196289,46.843685150146484,23.21739959716797
2018-12-03,15.347817420959473,22.74102210998535,22.491588592529297,47.4785270690918,23.439008712768555
2018-12-04,14.93438720703125,22.343835830688477,21.832008361816406,45.726341247558594,22.93669319152832
2018-12-06,14.818333625793457,21.921297073364258,21.526954650878906,45.65861511230469,22.567340850830078
2018-12-07,14.731291770935059,21.80298614501953,21.15594482421875,45.32003402709961,22.38266372680664
2018-12-10,14.535459518432617,21.58326530456543,21.015783309936523,44.972984313964844,22.11673355102539
2018-12-11,14.651511192321777,21.49875831604004,21.114721298217773,44.93912124633789,22.18321418762207
2018-12-12,14.796573638916016,21.735380172729492,21.444507598876953,45.48086166381836,22.567340850830078
2018-12-13,14.789321899414062,21.69312858581543,21.39504051208496,45.345428466796875,22.559953689575195
2018-12-14,14.535459518432617,21.439605712890625,21.089984893798828,44.82908630371094,22.2570858001709
2018-12-17,14.535459518432617,21.00861358642578,20.92508888244629,44.47355651855469,22.05024528503418
2018-12-18,14.539225578308105,21.00775718688965,21.040517807006836,44.597259521484375,22.00269317626953
2018-12-19,14.373492240905762,20.758583068847656,20.875619888305664,43.94041061401367,21.919668197631836
2018-12-20,14.215293884277344,20.56096839904785,20.776683807373047,43.71009063720703,21.934764862060547
2018-12-21,13.883829116821289,20.131357192993164,20.570568084716797,42.362274169921875,21.75360679626465
2018-12-24,13.876298904418945,19.84781837463379,20.150087356567383,41.901634216308594,21.557355880737305
2018-12-26,14.3508939743042,20.46645164489746,20.702484130859375,42.69496536254883,22.093273162841797
2018-12-27,14.396092414855957,20.37193489074707,20.63652801513672,43.266502380371094,21.889474868774414
2018-12-28,14.50156021118164,20.492223739624023,20.801422119140625,43.31768035888672,22.176300048828125
2018-12-31,14.50156021118164,20.586740493774414,20.90035629272461,43.24091339111328,22.15365982055664
2019-01-02,14.388561248779297,20.77577018737793,20.74370765686035,43.539485931396484,22.13856315612793
2019-01-03,14.28309154510498,20.64688491821289,20.47163200378418,43.292091369628906,22.00269317626953
2019-01-04,14.787822723388672,21.179594039916992,21.238388061523438,44.759342193603516,22.614089965820312
2019-01-07,14.833023071289062,21.41158676147461,21.2713680267334,44.8702278137207,22.614089965820312
2019-01-08,14.946023941040039,21.643571853637695,21.403284072875977,45.0834846496582,22.749958038330078
2019-01-09,15.156953811645508,22.04739761352539,21.766050338745117,45.330867767333984,22.96885108947754
2019-01-10,15.224753379821777,22.141916275024414,21.7578067779541,45.603843688964844,23.06697654724121
2019-01-11,15.224753379821777,22.098955154418945,21.535200119018555,45.07495880126953,23.074525833129883
2019-01-14,15.164485931396484,22.184877395629883,21.502220153808594,44.912879943847656,22.92356300354004
2019-01-15,15.262418746948242,22.30516242980957,21.48573112487793,45.458839416503906,23.03678321838379
2019-01-16,15.300082206726074,22.3739013671875,21.502220153808594,45.68062210083008,22.96885108947754
2019-01-17,15.443217277526855,22.55433464050293,21.543441772460938,45.586788177490234,23.15755271911621
2019-01-18,15.503482818603516,22.700403213500977,22.005146026611328,46.192447662353516,23.3689022064209
2019-01-22,15.11928653717041,22.47701072692871,21.58466911315918,45.36499786376953,23.097169876098633
2019-01-23,15.187088966369629,22.43404769897461,21.749561309814453,45.23703384399414,23.263227462768555
2019-01-24,15.194619178771973,22.562925338745117,21.807275772094727,45.5014762878418,23.165102005004883
2019-01-25,15.4658203125,22.87224769592285,22.219511032104492,45.996246337890625,23.323612213134766
2019-01-28,15.390485763549805,22.829288482666016,22.203025817871094,45.66356658935547,23.15755271911621
2019-01-29,15.337753295898438,22.96676254272461,22.145309448242188,45.706214904785156,23.316062927246094
2019-01-30,15.58635139465332,23.164377212524414,22.268980026245117,46.218040466308594,23.62553596496582
2019-01-31,15.511018753051758,23.241708755493164,22.087594985961914,46.303340911865234,23.768951416015625
2019-02-01,15.488417625427246,23.310441970825195,22.104084014892578,46.11567687988281,23.851980209350586
2019-02-04,15.616482734680176,23.37058448791504,22.11232566833496,46.218040466308594,23.919910430908203
2019-02-05,15.872612953186035,23.508066177368164,22.38440704345703,46.40571212768555,24.13125991821289
2019-02-06,15.691816329956055,23.37058448791504,22.194778442382812,46.02183151245117,24.040681838989258
2019-02-07,15.684283256530762,23.207338333129883,21.576427459716797,45.382057189941406,23.93500518798828
2019-02-08,15.65415096282959,23.155786514282227,21.362060546875,44.98112869262695,23.919910430908203
2019-02-11,15.608949661254883,22.94098472595215,21.378549575805664,45.023773193359375,23.77649688720703
2019-02-12,15.7671480178833,23.207338333129883,21.73307228088379,45.817115783691406,23.950103759765625
2019-02-13,15.624019622802734,23.164377212524414,21.65886878967285,45.92800521850586,24.00294303894043
2019-02-14,15.631546974182129,23.241708755493164,21.559934616088867,45.893882751464844,24.00294303894043
2019-02-15,15.880146026611328,23.551025390625,22.013391494750977,46.48249053955078,24.31995964050293
2019-02-19,15.978086471557617,23.722871780395508,22.11232566833496,46.55926513671875,24.448278427124023
2019-02-20,15.925348281860352,23.96344757080078,22.28546905517578,46.610443115234375,24.58414077758789
2019-02-21,15.857547760009766,23.84315299987793,22.219511032104492,46.54220199584961,24.425634384155273
2019-02-22,16.038349151611328,23.97203826904297,22.28546905517578,46.644561767578125,24.501115798950195
2019-02-25,16.121212005615234,23.954853057861328,22.351428985595703,46.90901565551758,24.516210556030273
2019-02-26,16.121212005615234,23.997817993164062,22.524566650390625,47.07109069824219,24.727558135986328
2019-02-27,16.05341339111328,24.057960510253906,22.400896072387695,46.823707580566406,24.697368621826172
2019-02-28,16.030811309814453,23.929080963134766,22.508075714111328,46.37158966064453,24.58414077758789
2019-03-01,16.143815994262695,23.8173770904541,22.755416870117188,46.50807571411133,24.62943458557129
2019-03-04,16.060949325561523,23.757234573364258,22.56578826904297,46.36305618286133,24.569046020507812
2019-03-05,16.113679885864258,23.740053176879883,22.623502731323242,46.40571212768555,24.704914093017578
2019-03-06,16.128746032714844,23.611167907714844,22.516321182250977,46.13274002075195,24.735103607177734
2019-03-07,16.08355140686035,23.482288360595703,22.087594985961914,45.586788177490234,24.470922470092773
2019-03-08,16.0157470703125,23.473695755004883,22.1700439453125,45.510005950927734,24.372798919677734
2019-03-11,16.15888023376465,23.67990493774414,22.3679141998291,46.004783630371094,24.58414077758789
2019-03-12,16.05341339111328,23.800195693969727,22.334936141967773,46.11567687988281,24.538850784301758
2019-03-13,16.136280059814453,23.929080963134766,22.524566650390625,46.29481887817383,24.878515243530273
2019-03-14,16.091081619262695,23.825971603393555,22.524566650390625,45.800048828125,24.961551666259766
2019-03-15,16.15888023376465,23.851749420166016,22.73893165588379,46.328941345214844,25.22572898864746
2019-03-18,16.21161460876465,24.023590087890625,22.755416870117188,46.45689392089844,25.361597061157227
2019-03-19,16.151348114013672,24.00640869140625,22.96978187561035,46.473960876464844,25.41443634033203
2019-03-20,16.15888023376465,23.980632781982422,22.829620361328125,46.499549865722656,25.316307067871094
2019-03-21,16.25681495666504,23.937671661376953,22.6729679107666,46.806644439697266,25.271018981933594
2019-03-22,15.993147850036621,23.568208694458008,22.04637336730957,46.303340911865234,24.878515243530273
2019-03-25,16.068479537963867,23.55961799621582,22.11232566833496,46.328941345214844,24.840782165527344
2019-03-26,16.143815994262695,23.731460571289062,22.178285598754883,46.84077072143555,24.954004287719727
2019-03-27,15.978086471557617,23.636943817138672,22.1700439453125,46.67869567871094,25.021936416625977
2019-03-28,16.098617553710938,23.69709014892578,22.079345703125,46.70427703857422,24.86342430114746
2019-03-29,16.21161460876465,23.74864387512207,22.194778442382812,46.67869567871094,24.916259765625
2019-04-01,16.392414093017578,24.057960510253906,22.508075714111328,47.26729202270508,25.248374938964844
2019-04-02,16.30954360961914,24.057960510253906,22.639991760253906,46.94312286376953,25.391788482666016
2019-04-03,16.44514274597168,24.0837345123291,23.002758026123047,47.224632263183594,25.542755126953125
2019-04-04,16.294479370117188,24.100921630859375,23.01100730895996,47.19904708862305,25.452178955078125
2019-04-05,16.21915054321289,24.186843872070312,23.03573989868164,47.23316192626953,25.512556076049805
2019-04-08,16.32461166381836,24.367277145385742,23.002758026123047,47.12227249145508,25.557846069335938
2019-04-09,16.241743087768555,24.221210479736328,22.796642303466797,46.866363525390625,25.41443634033203
2019-04-10,16.354747772216797,24.324316024780273,22.961532592773438,46.8748893737793,25.497461318969727
2019-04-11,16.30954360961914,24.281356811523438,22.986268997192383,46.7298698425293,25.46727180480957
2019-04-12,16.467744827270508,24.478973388671875,23.266592025756836,46.96872329711914,25.61823272705078
2019-04-15,16.430076599121094,24.478973388671875,23.29132080078125,46.96019744873047,25.60313606262207
2019-04-16,16.512941360473633,24.50474739074707,23.414997100830078,47.14786911010742,25.565397262573242
2019-04-17,16.49787712097168,24.607858657836914,23.596376419067383,47.14786911010742,25.610685348510742
2019-04-18,16.512941360473633,24.62504005432129,23.55515480041504,47.216102600097656,25.520109176635742
2019-04-22,16.49034309387207,24.62504005432129,23.621112823486328,47.04549789428711,25.550302505493164
2019-04-23,16.558141708374023,24.62504005432129,23.571645736694336,47.309940338134766,25.557846069335938
2019-04-24,16.47527503967285,24.384458541870117,23.538665771484375,46.7298698425293,25.354049682617188
2019-04-25,16.482810974121094,24.358684539794922,23.472713470458984,46.83224105834961,25.263473510742188
2019-04-26,16.520477294921875,24.45319938659668,23.530424118041992,47.25876235961914,25.301218032836914
2019-04-29,16.49787712097168,24.50474739074707,23.67057991027832,47.44642639160156,25.354049682617188
2019-04-30,16.39994239807129,24.53052520751953,23.744783401489258,47.27582550048828,25.48236846923828
2019-05-01,16.339677810668945,24.358684539794922,23.588132858276367,47.11374282836914,25.195541381835938
2019-05-02,16.317081451416016,24.20402717590332,23.563398361206055,47.130802154541016,25.165342330932617
2019-05-03,16.44514274597168,24.384458541870117,23.86845588684082,47.73645782470703,25.565397262573242
2019-05-06,16.286949157714844,24.3500919342041,23.62936019897461,47.2502326965332,25.354049682617188
2019-05-07,16.121212005615234,24.0837345123291,23.109941482543945,46.38865661621094,24.855876922607422
2019-05-08,16.121212005615234,24.118104934692383,23.357284545898438,46.10714340209961,24.870975494384766
2019-05-09,16.15888023376465,24.057960510253906,23.200632095336914,45.80857849121094,24.818134307861328
2019-05-10,16.354747772216797,24.040773391723633,23.365528106689453,46.124210357666016,24.908710479736328
2019-05-13,16.02328109741211,23.740053176879883,22.68946075439453,45.0834846496582,24.425634384155273
2019-05-14,16.008214950561523,23.937671661376953,22.89557647705078,45.71475601196289,24.644527435302734
2019-05-15,16.128746032714844,24.01500129699707,23.118183135986328,45.78298568725586,24.697368621826172
2019-05-16,16.26434326171875,24.186843872070312,23.332550048828125,45.970664978027344,24.833232879638672
2019-05-17,16.136280059814453,24.126697540283203,23.126434326171875,45.800048828125,24.667173385620117
2019-05-20,16.482810974121094,24.049365997314453,22.85435676574707,45.552669525146484,24.553951263427734
2019-05-21,16.62594223022461,24.27276039123535,23.06047248840332,45.86830139160156,24.6898193359375
2019-05-22,16.618408203125,24.075143814086914,22.96978187561035,45.49295425415039,24.493568420410156
2019-05-23,16.512941360473633,23.731460571289062,22.6729679107666,45.15174102783203,24.18409538269043
2019-05-24,16.595813751220703,23.911893844604492,22.837865829467773,45.85123062133789,24.455827713012695
2019-05-28,16.49034309387207,23.868934631347656,22.648235321044922,45.46736526489258,24.21428871154785
2019-05-29,16.39994239807129,23.645536422729492,22.376161575317383,45.25410079956055,24.01803970336914
2019-05-30,16.430076599121094,23.57680320739746,22.491588592529297,45.458839416503906,24.10106658935547
2019-05-31,16.422544479370117,23.482288360595703,22.194778442382812,44.972599029541016,23.919910430908203
2019-06-03,16.354747772216797,23.54243278503418,22.3679141998291,45.23703384399414,23.972749710083008
2019-06-04,16.603343963623047,23.88611602783203,22.81313133239746,45.75740051269531,24.252029418945312
2019-06-05,16.53554344177246,23.911893844604492,22.730682373046875,45.78298568725586,24.22938346862793
2019-06-06,16.641010284423828,24.057960510253906,22.771907806396484,45.834171295166016,24.425634384155273
2019-06-07,16.836875915527344,24.186843872070312,22.978025436401367,46.38865661621094,24.72001075744629
2019-06-10,16.836875915527344,24.22980308532715,23.01100730895996,46.60191345214844,24.757749557495117
2019-06-11,17.0101375579834,24.22980308532715,23.167654037475586,46.755462646484375,24.886066436767578
2019-06-12,16.836875915527344,24.057960510253906,23.002758026123047,46.235103607177734,24.697368621826172
2019-06-13,16.844409942626953,24.143882751464844,23.085208892822266,46.18392562866211,24.727558135986328
2019-06-14,16.731409072875977,24.075143814086914,22.829620361328125,46.06449508666992,24.516210556030273
2019-06-17,16.66453742980957,24.147111892700195,22.810985565185547,46.199642181396484,24.446535110473633
2019-06-18,16.918193817138672,24.485252380371094,23.226037979125977,46.475101470947266,24.740705490112305
2019-06-19,17.025808334350586,24.667333602905273,23.29380226135254,46.8882942199707,24.818117141723633
2019-06-20,17.217967987060547,24.944787979125977,23.539443969726562,47.344520568847656,24.99616241455078
2019-06-21,17.118045806884766,24.788719177246094,23.514034271240234,46.87968063354492,24.887784957885742
2019-06-24,17.241029739379883,24.840740203857422,23.505565643310547,46.87968063354492,24.965198516845703
2019-06-25,17.17953872680664,24.658662796020508,23.327682495117188,46.67308807373047,24.864564895629883
2019-06-26,17.248716354370117,24.68467140197754,23.429330825805664,46.604225158691406,24.887784957885742
2019-06-27,17.364013671875,24.693344116210938,23.505565643310547,46.793601989746094,24.841341018676758
2019-06-28,17.325584411621094,24.814733505249023,23.759681701660156,46.98298263549805,25.019386291503906
2019-07-01,17.294837951660156,24.87542152404785,23.818973541259766,47.6544075012207,25.143239974975586
2019-07-02,17.28714942932129,24.927448272705078,23.83591079711914,47.800750732421875,25.23613739013672
2019-07-03,17.502376556396484,25.14420509338379,24.030733108520508,47.938472747802734,25.37547492980957
2019-07-05,17.510061264038086,25.109519958496094,23.7766170501709,47.73189163208008,25.096797943115234
2019-07-08,17.28714942932129,24.97079849243164,23.624147415161133,47.4564208984375,25.027128219604492
2019-07-09,17.225656509399414,25.048831939697266,23.539443969726562,47.03462600708008,24.895526885986328
2019-07-10,17.294837951660156,25.118194580078125,23.488622665405273,47.31869888305664,24.97293472290039
2019-07-11,17.34864044189453,25.135536193847656,23.403913497924805,47.4047737121582,24.98067855834961
2019-07-12,17.37938690185547,25.135536193847656,23.403913497924805,47.421993255615234,24.97293472290039
2019-07-15,17.402448654174805,25.126869201660156,23.547916412353516,47.4564208984375,24.957456588745117
2019-07-16,17.28714942932129,25.066171646118164,23.4716796875,47.10349655151367,24.818117141723633
2019-07-17,17.364013671875,25.031490325927734,23.29380226135254,47.06045150756836,24.77166748046875
2019-07-18,17.456253051757812,25.118194580078125,23.251447677612305,46.939937591552734,24.895526885986328
2019-07-19,17.48699951171875,24.996810913085938,23.107452392578125,47.06045150756836,24.85681915283203
2019-07-22,17.456253051757812,24.996810913085938,23.2091007232666,47.12931823730469,24.84908103942871
2019-07-23,17.525434494018555,24.996810913085938,23.49709701538086,47.50807571411133,24.941972732543945
2019-07-24,17.533123016357422,25.074846267700195,23.598737716674805,47.568321228027344,24.84908103942871
2019-07-25,17.471628189086914,24.832073211669922,23.226037979125977,47.06045150756836,24.632326126098633
2019-07-26,17.433197021484375,24.88409423828125,23.327682495117188,47.18096923828125,24.802635192871094
2019-07-29,17.517749786376953,24.840740203857422,23.37003517150879,47.12071228027344,24.880043029785156
2019-07-30,17.364013671875,24.780052185058594,22.85334014892578,46.819427490234375,24.601362228393555
2019-07-31,17.225656509399414,24.615312576293945,22.71780776977539,46.78499221801758,24.415576934814453
2019-08-01,17.133419036865234,24.485252380371094,22.700868606567383,46.77638626098633,24.129154205322266
2019-08-02,17.064239501953125,24.329185485839844,22.463693618774414,46.53535842895508,23.773059844970703
2019-08-05,16.44162368774414,23.878328323364258,22.006290435791016,45.38187789916992,23.130544662475586
2019-08-06,16.326324462890625,23.965030670166016,22.065582275390625,45.958614349365234,23.192472457885742
2019-08-07,16.33401107788086,24.1297664642334,22.20958137512207,46.277122497558594,23.26988410949707
2019-08-08,16.610729217529297,24.459243774414062,22.370519638061523,46.604225158691406,23.4943790435791
2019-08-09,16.518489837646484,24.424564361572266,22.251934051513672,46.11355972290039,23.293109893798828
2019-08-12,16.387819290161133,24.199132919311523,22.031702041625977,45.67455291748047,23.130544662475586
2019-08-13,16.603042602539062,24.424564361572266,22.24346351623535,46.1910400390625,23.30084991455078
2019-08-14,16.21102523803711,23.774282455444336,21.52347183227539,45.07198715209961,22.758968353271484
2019-08-15,16.1495361328125,23.722259521484375,21.38794708251953,45.50238800048828,22.8441219329834
2019-08-16,16.31863784790039,24.03438949584961,21.684412002563477,45.975830078125,23.06861686706543
2019-08-19,16.380128860473633,24.18178939819336,21.88770294189453,45.967227935791016,23.231178283691406
2019-08-20,16.43393898010254,24.017051696777344,21.777584075927734,45.87254333496094,23.076358795166016
2019-08-21,16.45699691772461,24.242481231689453,22.116405487060547,46.02748107910156,23.26214599609375
2019-08-22,16.40319061279297,24.147111892700195,22.040170669555664,45.958614349365234,23.324073791503906
2019-08-23,16.203338623046875,23.774282455444336,21.760644912719727,45.4421272277832,23.06087303161621
2019-08-26,16.310951232910156,23.999711990356445,21.955467224121094,46.104957580566406,23.091840744018555
2019-08-27,16.295578002929688,24.017051696777344,21.980880737304688,45.958614349365234,23.161508560180664
2019-08-28,16.341697692871094,24.155778884887695,21.9300537109375,45.941402435302734,23.192472457885742
2019-08-29,16.480060577392578,24.39855194091797,22.18416976928711,46.26850509643555,23.355039596557617
2019-08-30,16.66453742980957,24.44190216064453,22.234994888305664,46.41483688354492,23.486637115478516
2019-09-03,16.579984664916992,24.26849365234375,22.141817092895508,46.44065856933594,23.471155166625977
2019-09-04,16.76445960998535,24.545948028564453,22.480636596679688,46.69891357421875,23.86595344543457
2019-09-05,16.964313507080078,24.797391891479492,22.65851593017578,47.03462600708008,23.927879333496094
2019-09-06,17.087297439575195,24.823400497436523,22.751691818237305,47.19818115234375,23.982067108154297
2019-09-09,17.141103744506836,24.832073211669922,22.90416145324707,47.50807571411133,23.920143127441406
2019-09-10,17.141103744506836,24.936119079589844,23.00580596923828,47.64579772949219,24.067222595214844
2019-09-11,17.217967987060547,24.988136291503906,23.073572158813477,48.06760025024414,24.245267868041992
2019-09-12,17.28714942932129,24.996810913085938,23.217565536499023,48.38610076904297,24.260751724243164
2019-09-13,17.340951919555664,25.005481719970703,23.302270889282227,48.95423126220703,24.485248565673828
2019-09-16,17.28714942932129,25.126869201660156,23.04815673828125,48.69598388671875,24.330427169799805
2019-09-17,17.394758224487305,25.256921768188477,23.14133644104004,48.87675476074219,24.462024688720703
2019-09-18,17.26409149169922,25.17021942138672,23.115924835205078,48.77346420288086,24.40009307861328
2019-09-19,17.310211181640625,25.28293228149414,23.149805068969727,49.135005950927734,24.531694412231445
2019-09-20,17.20259666442871,25.28293228149414,23.022743225097656,49.023101806640625,24.43105697631836
2019-09-23,17.217967987060547,25.274263381958008,22.88722038269043,48.9714469909668,24.392353057861328
2019-09-24,17.156476974487305,25.17888641357422,22.734752655029297,49.04031753540039,24.206567764282227
2019-09-25,17.156476974487305,25.152875900268555,22.58228302001953,49.23830032348633,24.11367416381836
2019-09-26,17.125730514526367,25.109519958496094,22.650047302246094,49.32437515258789,24.307199478149414
2019-09-27,17.133419036865234,25.040163040161133,22.71780776977539,48.618526458740234,24.299457550048828
2019-09-30,17.102670669555664,25.05750274658203,22.79404640197754,48.84233474731445,24.330427169799805
2019-10-01,16.887447357177734,24.7367000579834,22.573808670043945,48.62712860107422,24.059484481811523
2019-10-02,16.48774528503418,24.346529006958008,22.065582275390625,48.02455520629883,23.370521545410156
2019-10-03,16.595355987548828,24.346529006958008,22.175701141357422,48.26557922363281,23.502119064331055
2019-10-04,16.77214813232422,24.528606414794922,22.395931243896484,48.82511901855469,23.680164337158203
2019-10-07,16.702966690063477,24.467910766601562,22.362051010131836,48.51522445678711,23.65694236755371
2019-10-08,16.579984664916992,24.242481231689453,22.116405487060547,48.23115158081055,23.355039596557617
2019-10-09,16.679912567138672,24.39855194091797,22.370519638061523,48.652950286865234,23.447933197021484
2019-10-10,16.818269729614258,24.545948028564453,22.50605010986328,48.59269332885742,23.788545608520508
2019-10-11,17.01811981201172,24.75403594970703,23.115924835205078,49.19526290893555,24.49298667907715
2019-10-14,16.879756927490234,24.67600440979004,23.15827751159668,48.98005294799805,24.29171371459961
2019-10-15,17.094982147216797,24.76270866394043,23.446269989013672,49.71174621582031,24.64006805419922
2019-10-16,17.156476974487305,24.771381378173828,23.581798553466797,49.60844802856445,24.609106063842773
2019-10-17,17.17953872680664,24.87542152404785,23.717329025268555,49.47932052612305,24.779409408569336
2019-10-18,17.156476974487305,24.788719177246094,23.793561935424805,49.384639739990234,24.77166748046875
2019-10-21,17.302526473999023,24.97079849243164,24.005321502685547,49.73756408691406,24.880043029785156
2019-10-22,17.302526473999023,24.944787979125977,23.89520263671875,49.79782485961914,24.84908103942871
2019-10-23,17.387075424194336,24.927448272705078,24.0561466217041,50.00441360473633,25.081315994262695
2019-10-24,17.394758224487305,24.979469299316406,24.10696792602539,50.03023910522461,25.17420768737793
2019-10-25,17.448566436767578,25.066171646118164,24.06461524963379,50.00441360473633,25.127763748168945
2019-10-28,17.525434494018555,25.05750274658203,24.217084884643555,50.1507568359375,25.23613739013672
2019-10-29,17.47931480407715,25.014150619506836,24.149320602416992,50.36595153808594,25.150985717773438
2019-10-30,17.46394157409668,24.996810913085938,24.24249267578125,50.50368881225586,25.32903480529785
2019-10-31,17.31789779663086,24.953458786010742,24.18320083618164,50.51229476928711,25.181947708129883
2019-11-01,17.494686126708984,25.17021942138672,24.378021240234375,51.011566162109375,25.298067092895508
2019-11-04,17.440881729125977,25.352296829223633,24.623668670654297,51.35589599609375,25.406442642211914
2019-11-05,17.471628189086914,25.343624114990234,24.52202033996582,51.42475891113281,25.45288848876953
2019-11-06,17.3717041015625,25.404319763183594,24.538957595825195,51.31284713745117,25.429664611816406
2019-11-07,17.556177139282227,25.525707244873047,24.657546997070312,51.614139556884766,25.38321876525879
2019-11-08,17.502376556396484,25.54304313659668,24.58131217956543,51.58830642700195,25.23613739013672
2019-11-11,17.602296829223633,25.525707244873047,24.505077362060547,51.45919418334961,25.23613739013672
2019-11-12,17.57155418395996,25.54304313659668,24.5135498046875,51.57109451293945,25.28258514404297
2019-11-13,17.387075424194336,25.621078491210938,24.462724685668945,51.390323638916016,25.25162124633789
2019-11-14,17.37938690185547,25.621078491210938,24.411903381347656,51.16651153564453,25.205171585083008
2019-11-15,17.533123016357422,25.777145385742188,24.59825325012207,51.467796325683594,25.267099380493164
2019-11-18,17.47931480407715,25.803157806396484,24.572845458984375,51.510841369628906,25.344512939453125
2019-11-19,17.56386947631836,25.655763626098633,24.59825325012207,51.34728240966797,25.367733001708984
2019-11-20,17.248716354370117,25.551715850830078,24.43731689453125,51.19233703613281,25.112276077270508
2019-11-21,17.225656509399414,25.603736877441406,24.462724685668945,51.24398422241211,25.08905601501465
2019-11-22,17.302526473999023,25.508365631103516,24.454254150390625,51.27842330932617,25.23613739013672
2019-11-25,17.387075424194336,25.629751205444336,24.56437110900879,51.63134765625,25.584491729736328
2019-11-26,17.440881729125977,25.681774139404297,24.615196228027344,51.545265197753906,25.522560119628906
2019-11-27,17.65610694885254,25.716455459594727,24.63213348388672,51.648563385009766,25.69285774230957
2019-11-29,17.54849624633789,25.690441131591797,24.5135498046875,51.15790557861328,25.491594314575195
2019-12-02,17.471628189086914,25.525707244873047,24.284849166870117,51.05460739135742,25.313549041748047
2019-12-03,17.164165496826172,25.3349552154541,24.378021240234375,51.252593994140625,25.011642456054688
2019-12-04,17.294837951660156,25.51703453063965,24.56437110900879,51.82933044433594,25.267099380493164
2019-12-05,17.26409149169922,25.491024017333984,24.462724685668945,51.622745513916016,25.17420768737793
2019-12-06,17.41781997680664,25.560382843017578,24.52202033996582,52.21670150756836,25.46837043762207
2019-12-09,17.333271026611328,25.560382843017578,24.361083984375,51.92403030395508,25.48385238647461
2019-12-10,17.279462814331055,25.560382843017578,24.42037582397461,51.89820861816406,25.491594314575195
2019-12-11,17.48699951171875,25.655763626098633,24.63213348388672,52.010101318359375,25.538043975830078
2019-12-12,17.594614028930664,25.699111938476562,24.84389877319336,52.13922882080078,25.70060157775879
2019-12-13,17.579246520996094,25.73379135131836,24.911663055419922,52.27695083618164,26.39730453491211
2019-12-16,17.897663116455078,25.93062400817871,25.157304763793945,52.51738357543945,26.948087692260742
2019-12-17,17.73296356201172,25.965770721435547,24.95401382446289,52.404136657714844,26.475317001342773
2019-12-18,17.740808486938477,25.95698356628418,24.784605026245117,52.195072174072266,26.506832122802734
2019-12-19,17.725116729736328,25.983346939086914,24.793073654174805,52.142818450927734,26.42803955078125
2019-12-20,17.73296356201172,26.036067962646484,24.818485260009766,52.107967376708984,26.41228485107422
2019-12-23,17.74864387512207,26.036067962646484,24.84389877319336,52.06441879272461,26.475317001342773
2019-12-24,17.764333724975586,26.06243133544922,24.82695770263672,51.85535430908203,26.538354873657227
2019-12-26,17.874135971069336,26.20302391052246,24.911663055419922,51.99473190307617,26.6801815032959
2019-12-27,17.842763900756836,26.194238662719727,25.03871726989746,51.89891052246094,26.774742126464844
2019-12-30,17.81923484802246,26.10636329650879,24.742250442504883,51.437232971191406,26.640789031982422
2019-12-31,17.75649070739746,26.26453399658203,24.9031925201416,51.602745056152344,26.869291305541992
2020-01-02,17.834924697875977,26.34361457824707,25.30977439880371,52.142818450927734,26.908695220947266
2020-01-03,17.646690368652344,26.211811065673828,24.82695770263672,51.567901611328125,26.6644287109375
2020-01-06,17.740808486938477,26.34361457824707,24.860841751098633,51.75082778930664,26.829896926879883
2020-01-07,17.717275619506836,26.369976043701172,24.818485260009766,51.83793258666992,26.65654754638672
2020-01-08,17.81923484802246,26.34361457824707,25.047189712524414,51.846641540527344,26.6801815032959
2020-01-09,17.827075958251953,26.387550354003906,25.27589225769043,52.21249008178711,26.695945739746094
2020-01-10,17.921194076538086,26.369976043701172,25.208127975463867,51.846641540527344,26.49895477294922
2020-01-13,18.0623722076416,26.510574340820312,25.27589225769043,52.142818450927734,26.56987190246582
2020-01-14,18.172168731689453,26.52814483642578,25.25895118713379,52.16022872924805,26.6644287109375
2020-01-15,18.258440017700195,26.668737411499023,25.182716369628906,51.96860122680664,26.6644287109375
2020-01-16,18.462360382080078,26.8093318939209,25.24201011657715,52.00343704223633,26.758981704711914
2020-01-17,18.44667625427246,26.870840072631836,25.284364700317383,52.03828811645508,26.861413955688477
2020-01-21,18.297657012939453,26.879627227783203,25.25895118713379,51.75953674316406,26.577749252319336
2020-01-22,18.399616241455078,26.739032745361328,25.23354148864746,51.99473190307617,26.688060760498047
2020-01-23,18.383926391601562,26.8444766998291,25.098011016845703,52.055702209472656,26.577749252319336
2020-01-24,18.234909057617188,26.721464157104492,25.098011016845703,51.85535430908203,26.52259063720703
2020-01-27,17.842763900756836,26.387550354003906,24.530488967895508,50.923301696777344,25.96314811706543
2020-01-28,17.99178123474121,26.58965301513672,24.72531509399414,51.37626266479492,26.144372940063477
2020-01-29,17.913352966308594,26.449064254760742,24.691429138183594,51.21075439453125,26.128616333007812
2020-01-30,17.905506134033203,26.492998123168945,24.58131217956543,51.141075134277344,26.112855911254883
2020-01-31,17.458457946777344,26.07122039794922,24.166261672973633,50.30483627319336,25.718875885009766
2020-02-03,17.49767303466797,26.02728271484375,24.217084884643555,50.688106536865234,25.52189064025879
2020-02-04,17.803552627563477,26.369976043701172,24.649076461791992,51.45466232299805,25.92374610900879
2020-02-05,17.913352966308594,26.563291549682617,24.928606033325195,51.91633224487305,26.081336975097656
2020-02-06,17.944719314575195,26.686311721801758,25.004837036132812,52.308311462402344,26.010419845581055
2020-02-07,17.717275619506836,26.475421905517578,24.767663955688477,51.8030891418457,25.711002349853516
2020-02-10,17.780019760131836,26.563291549682617,24.767663955688477,51.74211502075195,25.805553436279297
2020-02-11,17.905506134033203,26.739032745361328,24.97095489501953,52.00343704223633,26.0183048248291
2020-02-12,18.132953643798828,26.897201538085938,25.157304763793945,51.75082778930664,26.215295791625977
2020-02-13,18.030994415283203,26.800540924072266,24.95401382446289,51.29786682128906,26.057701110839844
2020-02-14,18.078052520751953,26.897201538085938,24.97095489501953,50.914588928222656,25.939502716064453
2020-02-18,18.023151397705078,26.818117141723633,24.742250442504883,50.1567497253418,25.813430786132812
2020-02-19,18.117267608642578,27.04658317565918,24.987895965576172,50.06964111328125,25.900108337402344
2020-02-20,17.97609519958496,27.01143455505371,24.85236930847168,49.74734115600586,25.79767417907715
2020-02-21,17.834924697875977,26.914775848388672,24.68295669555664,49.3292236328125,25.766159057617188
2020-02-24,17.07415199279785,26.290895462036133,23.63262176513672,47.665470123291016,24.726051330566406
2020-02-25,16.83102035522461,25.7373104095459,23.098981857299805,47.58707046508789,24.198123931884766
2020-02-26,16.619260787963867,25.48248291015625,23.022743225097656,47.822261810302734,24.135087966918945
2020-02-27,16.227113723754883,24.568626403808594,22.43828773498535,46.18462371826172,23.221059799194336
2020-02-28,15.780061721801758,24.24350929260254,22.20958137512207,46.13237380981445,23.087106704711914
2020-03-02,16.015350341796875,24.75316047668457,22.55687141418457,46.71598815917969,23.26833724975586
2020-03-03,15.858489036560059,24.454395294189453,22.26887321472168,46.11494064331055,22.976791381835938
2020-03-04,16.289852142333984,24.902538299560547,22.971923828125,47.11668395996094,23.898700714111328
2020-03-05,15.811433792114258,24.515907287597656,22.251934051513672,46.263031005859375,23.205299377441406
2020-03-06,15.513401985168457,23.98868179321289,22.031702041625977,45.81877517700195,22.803442001342773
2020-03-09,13.678145408630371,21.009870529174805,20.12584686279297,43.48427963256836,20.652318954467773
2020-03-10,14.85459041595459,21.528305053710938,20.786542892456055,44.782196044921875,21.440275192260742
2020-03-11,13.693831443786621,20.579301834106445,19.626089096069336,43.26651382446289,20.17167091369629
2020-03-12,11.858575820922852,17.837736129760742,17.135766983032227,39.024356842041016,18.154504776000977
2020-03-13,13.536971092224121,19.770891189575195,17.97434425354004,40.30483627319336,18.92670249938965
2020-03-16,11.356623649597168,17.521406173706055,15.86519718170166,37.64804458618164,16.657386779785156
2020-03-17,12.203665733337402,17.1874942779541,16.441186904907227,39.4947395324707,17.37442970275879
2020-03-18,10.76055908203125,16.361513137817383,15.272263526916504,38.658504486083984,15.948227882385254
2020-03-19,10.940947532653809,16.70421028137207,15.373908042907715,39.19857406616211,16.239770889282227
2020-03-20,10.493898391723633,16.484533309936523,15.458612442016602,39.29438781738281,15.806395530700684
2020-03-23,10.05469036102295,15.509167671203613,15.746609687805176,38.88498306274414,15.491209983825684
2020-03-24,11.286038398742676,17.50383186340332,17.440704345703125,41.585330963134766,17.279870986938477
2020-03-25,11.756617546081543,18.52313232421875,17.889638900756836,42.36930465698242,17.99690818786621
2020-03-26,12.297780990600586,19.138227462768555,18.618099212646484,43.76303482055664,19.115806579589844
2020-03-27,11.372310638427734,18.154075622558594,17.889638900756836,43.71076583862305,18.39876937866211
2020-03-30,12.352684020996094,18.637361526489258,18.228458404541016,44.242122650146484,18.729705810546875
2020-03-31,12.187980651855469,19.199731826782227,18.1945743560791,43.022613525390625,18.816383361816406
2020-04-01,11.772302627563477,18.268306732177734,17.26282501220703,40.97557830810547,17.910236358642578
2020-04-02,12.164451599121094,18.602214813232422,17.55929183959961,41.49822235107422,18.319976806640625
2020-04-03,11.63113021850586,18.46162223815918,17.30517578125,40.566165924072266,17.76840591430664
2020-04-06,12.611499786376953,19.41941261291504,18.46563148498535,42.961639404296875,18.564237594604492
2020-04-07,12.258566856384277,19.56000328063965,18.60963249206543,43.423301696777344,18.690311431884766
2020-04-08,12.360527038574219,19.981781005859375,18.838335037231445,43.31878662109375,19.005496978759766
2020-04-09,13.042863845825195,20.33326530456543,19.515975952148438,43.88498306274414,19.691015243530273
2020-04-13,12.995806694030762,20.3859920501709,19.211034774780273,43.70205307006836,19.470388412475586
2020-04-14,13.442853927612305,20.579301834106445,19.71078872680664,44.503448486328125,19.64373779296875
2020-04-15,12.784046173095703,19.858766555786133,18.79598045349121,44.0592041015625,18.816383361816406
2020-04-16,12.870318412780762,19.718172073364258,18.74515724182129,43.68463897705078,18.9345760345459
2020-04-17,13.199723243713379,20.544153213500977,19.515975952148438,44.26825714111328,19.580703735351562
2020-04-20,12.729145050048828,20.4211368560791,19.211034774780273,43.588809967041016,19.17884635925293
2020-04-21,12.156607627868652,19.76210594177246,18.779041290283203,43.179405212402344,18.650915145874023
2020-04-22,12.697773933410645,20.227819442749023,19.00774383544922,43.92853546142578,19.10004997253418
2020-04-23,12.619342803955078,20.306903839111328,18.829862594604492,43.98950958251953,19.1630859375
2020-04-24,12.870318412780762,20.57051658630371,19.06703758239746,44.32923126220703,19.28915786743164
2020-04-27,13.027178764343262,20.913209915161133,19.46514892578125,44.938987731933594,19.604341506958008
2020-04-28,13.027178764343262,21.194400787353516,19.4990291595459,45.59230041503906,19.80921173095703
2020-04-29,13.442853927612305,22.06431770324707,20.32066535949707,46.3936882019043,20.486852645874023
2020-04-30,13.364426612854004,21.33498764038086,19.97337532043457,45.087074279785156,19.895885467529297
2020-05-01,12.697773933410645,20.860490798950195,19.541383743286133,44.29438400268555,19.375835418701172
2020-05-04,12.987964630126953,21.053804397583008,19.414325714111328,44.07661819458008,19.470388412475586
2020-05-05,13.11345100402832,21.203182220458984,19.422794342041016,44.503448486328125,19.494028091430664
2020-05-06,12.870318412780762,21.03623390197754,19.194095611572266,44.163726806640625,19.352197647094727
2020-05-07,13.082079887390137,21.211973190307617,19.592205047607422,44.825748443603516,19.627979278564453
2020-05-08,13.270310401916504,21.581026077270508,19.97337532043457,45.59230041503906,19.974679946899414
2020-05-11,13.309526443481445,21.651325225830078,19.837852478027344,46.027835845947266,19.801332473754883
2020-05-12,12.980120658874512,21.22075843811035,19.532913208007812,45.42679214477539,19.58858299255371
2020-05-13,12.933062553405762,20.67595863342285,19.261857986450195,45.64456558227539,19.297039031982422
2020-05-14,12.95659351348877,20.781410217285156,19.0839786529541,44.965118408203125,19.068531036376953
2020-05-15,13.066393852233887,20.851699829101562,19.227977752685547,45.04350662231445,19.044893264770508
2020-05-18,13.646774291992188,21.624963760375977,20.37148666381836,46.16720199584961,19.919525146484375
2020-05-19,13.435012817382812,21.44043731689453,20.168197631835938,45.62713623046875,19.57282829284668
2020-05-20,13.835004806518555,21.686473846435547,20.735719680786133,46.31529235839844,19.974679946899414
2020-05-21,13.623245239257812,21.431644439697266,20.456193923950195,45.81877517700195,19.832847595214844
2020-05-22,13.599717140197754,21.431644439697266,20.523954391479492,45.8797492980957,19.706777572631836
2020-05-26,14.242838859558105,22.125825881958008,21.29477310180664,47.43898010253906,20.10075569152832
2020-05-27,14.415387153625488,22.345502853393555,21.786060333251953,48.048736572265625,20.352903366088867
2020-05-28,14.501656532287598,22.301565170288086,21.80299949645996,48.67592239379883,20.51049041748047
2020-05-29,14.164407730102539,22.09067726135254,21.845348358154297,48.26650619506836,20.27410316467285
2020-06-01,14.862433433532715,22.538820266723633,22.446754455566406,48.998226165771484,20.833555221557617
2020-06-02,15.097723007202148,22.943023681640625,22.72627830505371,49.215980529785156,21.07781982421875
2020-06-03,15.536927223205566,23.224212646484375,23.649564743041992,49.555702209472656,21.629392623901367
2020-06-04,15.513401985168457,23.1099796295166,23.641090393066406,48.998226165771484,21.48755645751953
2020-06-05,15.936920166015625,23.67234992980957,24.090024948120117,49.703800201416016,21.96820831298828
2020-06-08,16.203584671020508,23.971111297607422,24.42037582397461,50.43550109863281,22.307031631469727
2020-06-09,15.921235084533691,23.733856201171875,23.920618057250977,50.17416763305664,21.676664352416992
2020-06-10,15.9290771484375,23.531757354736328,23.81049919128418,50.14803695678711,21.660907745361328
2020-06-11,14.784004211425781,22.17854881286621,22.38745880126953,48.04003143310547,20.242584228515625
2020-06-12,15.058509826660156,22.5651798248291,22.71780776977539,48.90239715576172,20.675960540771484
2020-06-15,15.268671035766602,22.767559051513672,22.96604347229004,48.36857223510742,20.83196258544922
2020-06-16,15.427885055541992,23.04271697998047,23.21428108215332,49.29924774169922,21.103960037231445
2020-06-17,15.40400505065918,22.874073028564453,23.239961624145508,49.518741607666016,21.015960693359375
2020-06-18,15.324396133422852,22.918455123901367,23.094444274902344,49.430946350097656,20.775959014892578
2020-06-19,15.141301155090332,22.803062438964844,22.897567749023438,49.19389343261719,20.711959838867188
2020-06-22,15.48360824584961,23.04271697998047,23.282760620117188,49.527530670166016,20.983963012695312
2020-06-23,15.507493019104004,23.095979690551758,23.548114776611328,49.65922546386719,21.135961532592773
2020-06-24,15.06965446472168,22.545650482177734,22.889005661010742,48.623199462890625,20.39996337890625
2020-06-25,15.212946891784668,22.776432037353516,23.20572280883789,49.176334381103516,20.76795768737793
2020-06-26,14.958206176757812,22.314868927001953,22.74349021911621,48.70221710205078,20.383960723876953
2020-06-29,15.244790077209473,22.634414672851562,23.111562728881836,48.710994720458984,20.607959747314453
2020-06-30,15.340316772460938,22.971710205078125,23.20572280883789,48.21931838989258,20.607959747314453
2020-07-01,15.491570472717285,23.007219314575195,23.188602447509766,48.122745513916016,20.751964569091797
2020-07-02,15.786117553710938,23.12260627746582,23.599475860595703,48.43881607055664,20.91196060180664
2020-07-06,15.80203914642334,23.264625549316406,24.13018226623535,49.06219482421875,21.127960205078125
2020-07-07,15.563217163085938,23.04271697998047,23.599475860595703,48.623199462890625,20.743961334228516
2020-07-08,15.603021621704102,23.229122161865234,23.933305740356445,48.58807373046875,21.007963180541992
2020-07-09,15.451767921447754,22.989465713500977,23.770668029785156,48.35102081298828,20.599960327148438
2020-07-10,15.62690258026123,23.237998962402344,24.018905639648438,48.9831657409668,20.83995819091797
2020-07-13,15.40400505065918,23.095979690551758,23.8220272064209,48.728553771972656,20.599960327148438
2020-07-14,15.634862899780273,23.539791107177734,24.284263610839844,49.1148681640625,20.943960189819336
2020-07-15,15.977174758911133,23.877086639404297,24.549617767333984,49.738250732421875,21.319957733154297
2020-07-16,15.770195007324219,23.743946075439453,24.481138229370117,49.229007720947266,21.151962280273438
2020-07-17,15.857769012451172,23.85933494567871,24.686573028564453,49.30802917480469,21.27996063232422
2020-07-20,15.921452522277832,24.010231018066406,24.977609634399414,49.3431510925293,21.295957565307617
2020-07-21,16.30356788635254,24.12562370300293,25.148805618286133,49.36948776245117,21.351961135864258
2020-07-22,16.26376724243164,24.241012573242188,25.388479232788086,49.23779296875,21.263957977294922
2020-07-23,16.0488224029541,23.99247932434082,25.123126983642578,49.07097244262695,21.09596061706543
2020-07-24,15.945330619812012,23.930343627929688,24.8663272857666,49.01829528808594,21.015960693359375
2020-07-27,16.208038330078125,24.2853946685791,25.251522064208984,49.992862701416016,21.199960708618164
2020-07-28,16.040863037109375,24.187753677368164,24.977609634399414,49.68556213378906,21.191959381103516
2020-07-29,16.30356788635254,24.516178131103516,25.32855987548828,49.71190643310547,21.479957580566406
2020-07-30,16.1602725982666,24.356407165527344,24.669452667236328,48.96561813354492,21.175960540771484
2020-07-31,15.849804878234863,24.241012573242188,24.181541442871094,47.7013053894043,20.743961334228516
2020-08-03,16.072704315185547,24.303144454956055,24.80640983581543,48.67586898803711,21.119956970214844
2020-08-04,16.176193237304688,24.64931869506836,24.823530197143555,49.22023391723633,21.20796012878418
2020-08-05,16.239879608154297,24.93336296081543,24.92624855041504,49.18510818481445,21.36795997619629
2020-08-06,16.351327896118164,25.03099822998047,25.071765899658203,49.14999008178711,21.351961135864258
2020-08-07,16.231918334960938,24.80909538269043,24.994726181030273,49.16755676269531,21.20796012878418
2020-08-10,16.40705680847168,24.97774314880371,24.994726181030273,49.404605865478516,21.327959060668945
2020-08-11,16.422977447509766,24.96886444091797,25.097442626953125,49.80848693847656,21.463964462280273
2020-08-12,16.629955291748047,25.199647903442383,25.69663429260254,50.86207962036133,21.92795753479004
2020-08-13,16.367252349853516,25.137514114379883,25.525436401367188,50.80061721801758,21.703956604003906
2020-08-14,16.375211715698242,25.084257125854492,25.379920959472656,50.791839599609375,21.44795799255371
2020-08-17,16.534423828125,25.412675857543945,25.611034393310547,51.00254821777344,21.607959747314453
2020-08-18,16.6060733795166,25.386051177978516,25.662391662597656,51.17815017700195,21.61595916748047
2020-08-19,16.621997833251953,25.252904891967773,25.568233489990234,50.905975341796875,21.463964462280273
2020-08-20,16.566267013549805,25.323917388916016,25.48263931274414,50.72159957885742,21.423959732055664
2020-08-21,16.39909553527832,25.226280212402344,25.22584342956543,50.581119537353516,21.20796012878418
2020-08-24,16.550352096557617,25.297286987304688,25.74799346923828,51.14303970336914,21.54395866394043
2020-08-25,16.502578735351562,25.394926071166992,25.850711822509766,51.072792053222656,21.43195915222168
2020-08-26,16.59015464782715,25.74109649658203,26.116064071655273,51.21327209472656,21.551958084106445
2020-08-27,16.57423210144043,25.69671630859375,25.75655174255371,50.73915481567383,21.36795997619629
2020-08-28,16.637916564941406,25.678964614868164,25.910629272460938,51.01133728027344,21.53596305847168
2020-08-31,16.550352096557617,25.483688354492188,25.765113830566406,50.94109344482422,21.311960220336914
2020-09-01,16.534423828125,25.65233612060547,25.7822322845459,51.081573486328125,21.14396095275879
2020-09-02,16.813053131103516,25.74109649658203,26.295822143554688,51.5908088684082,21.463964462280273
2020-09-03,16.359289169311523,25.23515510559082,25.602476119995117,50.68648147583008,20.8559627532959
2020-09-04,16.152311325073242,25.039875030517578,25.551116943359375,50.96743392944336,20.927963256835938
2020-09-08,15.993094444274902,24.48954963684082,25.302879333496094,50.54600143432617,20.679962158203125
2020-09-09,16.311525344848633,25.07537841796875,26.039026260375977,50.72159957885742,21.09596061706543
2020-09-10,15.881649017333984,24.675947189331055,25.77367401123047,50.7479362487793,20.583959579467773
2020-09-11,16.040863037109375,24.746957778930664,25.944868087768555,51.406429290771484,20.791959762573242
2020-09-14,16.18415641784668,24.97774314880371,25.979106903076172,51.77519226074219,20.879962921142578
2020-09-15,16.30356788635254,25.013246536254883,26.021909713745117,52.012245178222656,21.119956970214844
2020-09-16,16.31948471069336,24.80021858215332,25.919187545776367,52.196624755859375,21.223960876464844
2020-09-17,16.215999603271484,24.80021858215332,26.073266983032227,52.25808334350586,21.14396095275879
2020-09-18,16.02493667602539,24.596065521240234,25.910629272460938,52.02981185913086,20.887962341308594
2020-09-21,15.642822265625,24.15224838256836,24.83209228515625,51.25717544555664,20.16796112060547
2020-09-22,15.809999465942383,24.427412033081055,24.797847747802734,51.41521453857422,20.231964111328125
2020-09-23,15.587098121643066,23.868209838867188,24.429779052734375,51.71372985839844,20.07996368408203
2020-09-24,15.579142570495605,24.027986526489258,24.5924129486084,51.51178741455078,20.05596160888672
2020-09-25,15.825922966003418,24.15224838256836,24.446897506713867,51.5908088684082,20.175960540771484
2020-09-28,15.96921443939209,24.471797943115234,25.054645538330078,52.310760498046875,20.559959411621094
2020-09-29,15.80203914642334,24.3475284576416,25.140247344970703,52.26686096191406,20.431962966918945
2020-09-30,15.6985502243042,24.329776763916016,24.9348087310791,51.86299133300781,20.3919620513916
2020-10-01,15.825922966003418,24.471797943115234,25.097442626953125,51.87177276611328,20.431962966918945
2020-10-02,15.80203914642334,24.44516944885254,24.96904754638672,51.617149353027344,20.591960906982422
2020-10-05,16.12047004699707,24.915607452392578,25.49119758605957,52.0385856628418,20.8559627532959
2020-10-06,15.921452522277832,24.5339298248291,25.21728515625,51.92444610595703,20.543960571289062
2020-10-07,16.231918334960938,24.89785385131836,25.448402404785156,52.196624755859375,20.679962158203125
2020-10-08,16.47074317932129,25.261781692504883,25.7137508392334,52.21418762207031,20.903961181640625
2020-10-09,16.57423210144043,25.386051177978516,25.850711822509766,52.20540237426758,21.09596061706543
2020-10-12,16.685678482055664,25.457059860229492,26.030467987060547,52.345890045166016,21.167959213256836
2020-10-13,16.558311462402344,25.23515510559082,25.585355758666992,52.1790657043457,20.791959762573242
2020-10-14,16.542388916015625,25.164140701293945,25.57679557800293,52.25808334350586,20.69596290588379
2020-10-15,16.518505096435547,25.09313201904297,25.054645538330078,51.819087982177734,20.33595848083496
2020-10-16,16.518505096435547,25.03099822998047,25.345680236816406,51.71372985839844,20.535959243774414
2020-10-19,16.383169174194336,24.80021858215332,25.165925979614258,51.77519226074219,20.33595848083496
2020-10-20,16.367252349853516,24.888978958129883,25.242963790893555,51.78396987915039,20.455961227416992
2020-10-21,16.359289169311523,24.782466888427734,24.9348087310791,52.187843322753906,20.359962463378906
2020-10-22,16.502578735351562,24.871227264404297,24.9348087310791,52.0385856628418,20.407960891723633
2020-10-23,16.621997833251953,24.95111083984375,25.165925979614258,52.06492233276367,20.615962982177734
2020-10-26,16.375211715698242,24.48954963684082,24.036026000976562,51.5644645690918,20.3039608001709
2020-10-27,16.18415641784668,24.418535232543945,23.693632125854492,51.74884033203125,20.10396385192871
2020-10-28,15.746315956115723,23.52203941345215,22.580852508544922,51.04644775390625,19.327960968017578
2020-10-29,15.817962646484375,23.62855339050293,22.66645050048828,51.43277359008789,19.519962310791016
2020-10-30,15.738353729248047,23.49540901184082,22.495254516601562,51.134254455566406,19.47196388244629
2020-11-02,15.825922966003418,23.79720115661621,22.80341339111328,51.66982650756836,19.69596290588379
2020-11-03,16.335407257080078,24.329776763916016,23.548114776611328,52.75853729248047,20.247962951660156
2020-11-04,16.34337043762207,24.45404052734375,23.864824295043945,52.670745849609375,20.431962966918945
2020-11-05,16.876739501953125,25.048748016357422,24.489694595336914,53.97016906738281,20.82396125793457
2020-11-06,16.90858268737793,25.039875030517578,24.515378952026367,54.014060974121094,20.879962921142578
2020-11-09,17.57727813720703,25.43042755126953,25.200166702270508,55.60322952270508,21.86396026611328
2020-11-10,17.537479400634766,25.67009162902832,25.448402404785156,55.39250946044922,22.503957748413086
2020-11-11,17.776302337646484,25.84761619567871,25.628154754638672,55.72615051269531,22.767955780029297
2020-11-12,17.44194984436035,25.43042755126953,25.234403610229492,54.86572265625,22.303956985473633
2020-11-13,17.664854049682617,25.55469512939453,25.619596481323242,55.64712905883789,22.64795684814453
2020-11-16,17.927555084228516,26.016260147094727,25.73943328857422,56.43732452392578,22.96795654296875
2020-11-17,17.95939826965332,26.140525817871094,25.73943328857422,56.21782684326172,22.823957443237305
2020-11-18,17.983278274536133,26.069520950317383,25.662391662597656,55.84029006958008,22.687957763671875
2020-11-19,18.118610382080078,26.176034927368164,25.799354553222656,56.20904541015625,22.879955291748047
2020-11-20,18.15045166015625,26.291425704956055,25.75655174255371,56.8411979675293,22.86396026611328
2020-11-23,18.158414840698242,26.46007537841797,25.79079246520996,56.87631607055664,22.903959274291992
2020-11-24,18.636058807373047,26.9216365814209,26.12462615966797,57.73674774169922,23.343955993652344
2020-11-25,18.651979446411133,26.983776092529297,26.175987243652344,57.324100494384766,23.175954818725586
2020-11-27,18.548490524291992,27.07253074645996,26.304380416870117,58.149417877197266,23.15195655822754
2020-11-30,18.086769104003906,26.877256393432617,26.15886688232422,56.533897399902344,22.60795783996582
2020-12-01,18.44500160217285,27.02815055847168,26.68101692199707,57.69285202026367,23.271955490112305
2020-12-02,18.51664924621582,27.214553833007812,26.60397720336914,57.596275329589844,23.343955993652344
2020-12-03,18.60421371459961,27.400955200195312,26.56117820739746,57.73674774169922,23.6319580078125
2020-12-04,18.763429641723633,27.81813621520996,26.655338287353516,58.000144958496094,23.879955291748047
2020-12-07,18.715667724609375,27.835887908935547,26.595417022705078,57.148494720458984,23.6479549407959
2020-12-08,18.84303855895996,27.898021697998047,26.72381591796875,57.28019714355469,23.7519588470459
2020-12-09,18.874881744384766,27.827016830444336,26.663896560668945,57.68406677246094,23.839954376220703
2020-12-10,18.994291305541992,28.04004669189453,26.732372283935547,57.78064727783203,23.75995445251465
2020-12-11,18.906723022460938,27.898021697998047,26.449899673461914,57.903568267822266,23.495956420898438
2020-12-14,18.962919235229492,27.66887664794922,26.620664596557617,58.09572982788086,23.440933227539062
2020-12-15,19.18771743774414,27.983394622802734,27.08009147644043,58.51000213623047,23.780771255493164
2020-12-16,19.243913650512695,27.965423583984375,27.487504959106445,58.501182556152344,23.983062744140625
2020-12-17,19.500818252563477,28.15413475036621,27.83424186706543,58.84495162963867,24.04779052734375
2020-12-18,19.259971618652344,27.839614868164062,27.7735652923584,58.67747497558594,23.772682189941406
2020-12-21,19.107431411743164,27.63292694091797,27.21011734008789,58.04282760620117,23.36811065673828
2020-12-22,18.98700523376465,27.596982955932617,27.123435974121094,58.01639175415039,23.31955909729004
2020-12-23,19.21179962158203,27.78569221496582,27.53951644897461,58.227935791015625,23.764591217041016
2020-12-24,19.21982765197754,27.91150665283203,27.600196838378906,58.01639175415039,23.813138961791992
2020-12-28,19.308137893676758,27.722793579101562,27.91225814819336,58.60696792602539,23.780771255493164
2020-12-29,19.235883712768555,27.794681549072266,27.903587341308594,59.338558197021484,24.015426635742188
2020-12-30,19.340253829956055,27.902517318725586,27.886255264282227,59.3650016784668,23.966876983642578
2020-12-31,19.22785758972168,27.713808059692383,27.53951644897461,59.55010223388672,23.699861526489258
2021-01-04,19.292085647583008,27.803668975830078,27.877582550048828,58.84495162963867,24.015426635742188
2021-01-05,19.56505012512207,28.324874877929688,28.016281127929688,59.391422271728516,24.38763427734375
2021-01-06,19.829984664916992,28.585479736328125,28.26766586303711,60.09658432006836,25.12395477294922
2021-01-07,19.838008880615234,28.891016006469727,28.406354904174805,59.97319793701172,25.12395477294922
2021-01-08,19.934350967407227,28.855072021484375,28.536380767822266,61.07499694824219,25.293874740600586
2021-01-11,19.605188369750977,28.55851936340332,28.059619903564453,60.50205612182617,24.840755462646484
2021-01-12,19.725614547729492,28.75621795654297,28.128969192504883,60.81937789916992,24.97831153869629
2021-01-13,19.653358459472656,28.71129035949707,28.111631393432617,60.99565124511719,24.856935501098633
2021-01-14,19.886180877685547,28.908985137939453,28.215652465820312,61.63029098510742,25.164411544799805
2021-01-15,19.6292724609375,28.603450775146484,27.600196838378906,60.57256317138672,24.719383239746094
2021-01-19,19.725614547729492,28.666357040405273,27.920928955078125,60.92515182495117,24.840755462646484
2021-01-20,20.070833206176758,28.926956176757812,28.128969192504883,61.23365783691406,25.002586364746094
2021-01-21,20.118999481201172,28.810138702392578,28.328340530395508,60.99565124511719,25.018766403198242
2021-01-22,19.966463088989258,28.432710647583008,28.215652465820312,61.030921936035156,24.776023864746094
2021-01-25,20.054777145385742,28.513586044311523,27.851579666137695,61.2689094543457,24.70319938659668
2021-01-26,20.070833206176758,28.41474151611328,28.189645767211914,61.27772521972656,24.75984001159668
2021-01-27,19.516876220703125,27.659887313842773,27.435495376586914,59.93792724609375,24.177255630493164
2021-01-28,19.653358459472656,27.983394622802734,27.643537521362305,60.32577896118164,24.258169174194336
2021-01-29,19.067289352416992,27.49813461303711,27.270795822143555,59.04768753051758,23.643218994140625
2021-02-01,19.396455764770508,27.803668975830078,27.53951644897461,59.66468048095703,23.94260025024414
2021-02-02,19.637304306030273,28.297914505004883,27.92959976196289,60.140663146972656,24.0882511138916
2021-02-03,19.71758270263672,28.396764755249023,28.128969192504883,60.49323654174805,24.04779052734375
2021-02-04,19.709556579589844,28.504600524902344,28.146305084228516,60.563751220703125,23.999242782592773
2021-02-05,19.918292999267578,28.792163848876953,28.293668746948242,61.03973388671875,24.11252212524414
2021-02-08,20.062801361083984,29.169586181640625,28.34568214416504,62.132713317871094,24.2338924407959
2021-02-09,20.04674530029297,29.367286682128906,28.380353927612305,62.467674255371094,24.411907196044922
2021-02-10,20.00660514831543,29.439176559448242,28.224323272705078,62.35308074951172,24.330991744995117
2021-02-11,20.15111541748047,29.466140747070312,28.510377883911133,62.679203033447266,24.363359451293945
2021-02-12,20.17519760131836,29.547016143798828,28.562389373779297,63.06704330444336,24.711292266845703
2021-02-16,20.33576774597168,29.681804656982422,28.58839225769043,63.34029006958008,25.32624053955078
2021-02-17,20.223365783691406,29.466140747070312,28.17230987548828,63.25214767456055,25.229145050048828
2021-02-18,20.287595748901367,29.3852596282959,28.25032615661621,62.49410629272461,25.083498001098633
2021-02-19,20.30364990234375,29.6907958984375,28.337007522583008,62.88193893432617,25.059219360351562
2021-02-22,20.37590789794922,29.762683868408203,28.293668746948242,62.73209762573242,25.09967803955078
2021-02-23,20.568586349487305,29.708768844604492,28.059619903564453,62.5910758972168,25.37479019165039
2021-02-24,20.713098526000977,30.167072296142578,28.36301612854004,62.071014404296875,25.593259811401367
2021-02-25,20.255481719970703,29.529043197631836,27.95560073852539,61.00447082519531,25.083498001098633
2021-02-26,19.67744255065918,28.908985137939453,27.747556686401367,60.131858825683594,24.5737361907959
2021-03-01,20.36787986755371,29.555997848510742,28.146305084228516,61.12788772583008,24.97831153869629
2021-03-02,20.33576774597168,29.870525360107422,28.241661071777344,60.52848434448242,25.132047653198242
2021-03-03,20.207311630249023,29.636878967285156,28.128969192504883,60.16712188720703,25.164411544799805
2021-03-04,20.070833206176758,29.322357177734375,27.851579666137695,59.59417724609375,24.986400604248047
2021-03-05,20.191255569458008,29.74471664428711,27.808238983154297,60.07896041870117,25.31005859375
2021-03-08,20.014631271362305,29.843564987182617,28.085630416870117,59.4090690612793,25.245325088500977
2021-03-09,20.231399536132812,30.104169845581055,28.406354904174805,60.06132507324219,25.43952178955078
2021-03-10,20.070833206176758,30.31983757019043,28.66640853881836,60.27288055419922,25.560890197753906
2021-03-11,20.223365783691406,30.814090728759766,28.84844398498535,59.97319793701172,25.609439849853516
2021-03-12,20.183229446411133,30.98482894897461,28.77042579650879,60.76649475097656,25.78745460510254
2021-03-15,20.247455596923828,31.18252182006836,28.64040184020996,61.092613220214844,25.657987594604492
2021-03-16,20.215341567993164,31.137592315673828,28.675079345703125,61.295352935791016,25.72272300720215
2021-03-17,20.255481719970703,31.398193359375,29.099830627441406,61.69199752807617,25.779361724853516
2021-03-18,19.902240753173828,30.90395164489746,28.96980094909668,61.85947799682617,25.512344360351562
2021-03-19,19.81392478942871,30.912935256958008,28.813777923583984,62.309017181396484,25.399063110351562
2021-03-22,19.958433151245117,30.769153594970703,29.01314926147461,61.89472579956055,25.358606338500977
2021-03-23,19.709556579589844,30.427671432495117,28.692415237426758,60.96921920776367,24.97831153869629
2021-03-24,19.701526641845703,30.427671432495117,28.389020919799805,60.29933547973633,24.954036712646484
2021-03-25,19.773784637451172,30.36477279663086,28.484371185302734,60.98684310913086,25.148229598999023
2021-03-26,20.11097526550293,30.661314010620117,28.78776741027832,61.79777908325195,25.536617279052734
2021-03-29,20.022661209106445,30.607397079467773,28.78776741027832,61.42756271362305,25.479978561401367
2021-03-30,19.85406494140625,30.48159408569336,28.90045738220215,60.97803497314453,25.431432723999023
2021-03-31,19.902240753173828,30.598413467407227,28.98713493347168,60.39628601074219,25.334331512451172
2021-04-01,20.17519760131836,31.128604888916016,29.429229736328125,60.94277572631836,25.62562370300293
2021-04-05,20.46422004699707,31.24542808532715,30.070693969726562,61.68318557739258,25.973556518554688
2021-04-06,20.263511657714844,31.18252182006836,29.749958038330078,60.748863220214844,25.78745460510254
2021-04-07,20.319711685180664,31.18252182006836,29.827974319458008,60.92515182495117,25.900733947753906
2021-04-08,20.456186294555664,31.416168212890625,29.92333221435547,60.98684310913086,26.062562942504883
2021-04-09,20.488306045532227,31.515016555786133,29.992673873901367,61.409934997558594,25.981645584106445
2021-04-12,20.42407989501953,31.407182693481445,29.958009719848633,61.030921936035156,25.908828735351562
2021-04-13,20.512386322021484,31.524011611938477,30.096696853637695,61.418758392333984,25.908828735351562
2021-04-14,20.672958374023438,31.524011611938477,29.984006881713867,61.304176330566406,26.103017807006836
2021-04-15,21.05831527709961,31.721702575683594,30.218053817749023,61.59503936767578,26.378129959106445
2021-04-16,21.0824031829834,31.793596267700195,30.677471160888672,61.66554641723633,26.548049926757812
2021-04-19,20.978031158447266,31.559947967529297,30.564788818359375,61.07499694824219,26.726062774658203
2021-04-20,20.576616287231445,30.98482894897461,30.114032745361328,59.752838134765625,26.21630096435547
2021-04-21,20.945919036865234,31.497037887573242,30.252731323242188,60.26407241821289,26.418588638305664
2021-04-22,20.80944061279297,31.290363311767578,30.192047119140625,60.369834899902344,26.103017807006836
2021-04-23,21.06634521484375,31.479066848754883,30.460763931274414,60.90751266479492,26.264850616455078
2021-04-26,21.178741455078125,31.802579879760742,30.512775421142578,60.678340911865234,26.410493850708008
2021-04-27,21.05831527709961,31.838531494140625,30.469440460205078,59.93792724609375,26.402406692504883
2021-04-28,21.242969512939453,32.37770462036133,30.59946060180664,59.92030715942383,26.53995704650879
2021-04-29,21.138599395751953,32.35074234008789,30.400089263916016,59.97319793701172,26.58850860595703
2021-04-30,20.77732276916504,32.00027847290039,30.010013580322266,59.42669677734375,26.321487426757812
2021-05-03,21.0502872467041,32.18000793457031,30.34807777404785,60.131858825683594,26.7017879486084
2021-05-04,20.921836853027344,32.1260871887207,29.524581909179688,59.373817443847656,26.426677703857422
2021-05-05,21.21084976196289,32.422637939453125,29.9666690826416,60.08777618408203,26.839340209960938
2021-05-06,21.242969512939453,32.70121383666992,30.200716018676758,60.57256317138672,27.049720764160156
2021-05-07,21.48381805419922,33.078636169433594,30.755496978759766,60.872257232666016,27.42192840576172
2021-05-10,21.540016174316406,33.078636169433594,30.434768676757812,60.748863220214844,27.446199417114258
2021-05-11,21.355361938476562,32.88093948364258,30.062028884887695,59.717567443847656,27.03353500366211
2021-05-12,20.986059188842773,32.54844665527344,29.801973342895508,57.672637939453125,26.95262336730957
2021-05-13,21.07437515258789,32.61134719848633,30.114032745361328,58.14861297607422,26.9849853515625
2021-05-14,21.275081634521484,33.10559844970703,30.70348358154297,59.06531524658203,27.381473541259766
2021-05-17,21.234941482543945,33.42011642456055,30.70348358154297,58.571693420410156,27.486661911010742
2021-05-18,21.170717239379883,33.47404098510742,30.712148666381836,59.312110900878906,27.36528778076172
2021-05-19,20.801408767700195,33.159515380859375,30.304737091064453,59.012420654296875,27.11444854736328
2021-05-20,21.30719566345215,33.55491256713867,30.833513259887695,59.55010223388672,27.45429229736328
2021-05-21,21.11451530456543,33.509971618652344,30.833513259887695,59.87623596191406,27.34910011291504
2021-05-24,21.267053604125977,33.77058029174805,31.154237747192383,60.140663146972656,27.462383270263672
2021-05-25,21.315221786499023,33.54592514038086,31.119565963745117,59.9996337890625,27.276281356811523
2021-05-26,21.347339630126953,33.725650787353516,30.946199417114258,60.131858825683594,27.26009750366211
2021-05-27,21.46776008605957,33.97727966308594,30.894187927246094,60.17591857910156,27.413837432861328
2021-05-28,21.46776008605957,34.031185150146484,31.015541076660156,60.44916915893555,27.34100914001465
2021-06-01,21.564102172851562,34.26483154296875,31.29293441772461,60.070159912109375,27.543298721313477
2021-06-02,21.772836685180664,34.34571075439453,31.310270309448242,60.62545394897461,27.672758102416992
2021-06-03,21.628328323364258,34.1120719909668,31.171579360961914,60.64308166503906,27.438108444213867
2021-06-04,21.98157501220703,34.336727142333984,31.41429901123047,61.304176330566406,27.599937438964844
2021-06-07,21.941434860229492,34.34571075439453,31.622331619262695,61.54214859008789,27.608030319213867
2021-06-08,21.97354507446289,34.30077362060547,31.474977493286133,61.24247741699219,27.656579971313477
2021-06-09,21.764812469482422,34.14801025390625,31.29293441772461,60.81056213378906,27.470476150512695
2021-06-10,21.9895076751709,34.24113845825195,31.304393768310547,61.072505950927734,27.58238983154297
2021-06-11,21.973222732543945,34.1959342956543,31.4013671875,61.16129684448242,27.763418197631836
2021-06-14,22.022069931030273,34.34964370727539,31.454259872436523,61.14353942871094,27.788101196289062
2021-06-15,21.9895076751709,34.376766204833984,31.507156372070312,61.436561584472656,27.837474822998047
2021-06-16,21.891807556152344,34.14167785644531,31.110456466674805,61.33888626098633,27.656444549560547
2021-06-17,21.712705612182617,33.77096939086914,30.907697677612305,61.1080207824707,27.41781234741211
2021-06-18,21.175384521484375,33.33696365356445,30.308229446411133,59.713958740234375,26.652549743652344
2021-06-21,21.4603271484375,33.798095703125,30.784269332885742,60.344398498535156,27.146268844604492
2021-06-22,21.4603271484375,33.98796844482422,30.784269332885742,60.41542434692383,27.162723541259766
2021-06-23,21.2730770111084,33.92467498779297,30.50217056274414,59.95369338989258,27.162723541259766
2021-06-24,21.444046020507812,33.97893524169922,30.801902770996094,60.47758483886719,27.28615379333496
2021-06-25,21.4603271484375,34.087425231933594,30.872425079345703,60.75284194946289,27.351985931396484
2021-06-28,21.305644989013672,33.83425521850586,30.74019432067871,60.50422286987305,27.03106689453125
2021-06-29,21.321924209594727,33.74384307861328,30.854799270629883,60.54862594604492,26.98992156982422
2021-06-30,21.15096092224121,33.698638916015625,30.50217056274414,59.971458435058594,26.90764045715332
2021-07-01,21.077688217163086,34.02412796020508,30.572702407836914,59.92706298828125,27.080440521240234
2021-07-02,21.28936004638672,34.02412796020508,30.678482055664062,60.29999923706055,27.18741226196289
2021-07-06,21.004419326782227,33.76192855834961,30.334672927856445,60.07801818847656,27.01461410522461
2021-07-07,21.23237419128418,33.644386291503906,30.634410858154297,60.104652404785156,27.195640563964844
2021-07-08,20.906719207763672,33.165164947509766,30.220069885253906,59.17232131958008,26.759519577026367
2021-07-09,21.264938354492188,33.68959045410156,30.784269332885742,60.761714935302734,27.294384002685547
2021-07-12,21.23237419128418,33.6805534362793,30.978212356567383,60.93931198120117,27.31906509399414
2021-07-13,21.110254287719727,33.572052001953125,30.73137855529785,60.74396896362305,27.21209716796875
2021-07-14,21.191665649414062,33.382171630859375,30.863611221313477,61.04586410522461,27.138038635253906
2021-07-15,20.988136291503906,33.23750686645508,30.493356704711914,60.29999923706055,26.82535171508789
2021-07-16,20.841590881347656,32.84870910644531,30.24652099609375,59.68730926513672,26.586721420288086
2021-07-19,20.401962280273438,32.098236083984375,29.594160079956055,58.83489990234375,25.870830535888672
2021-07-20,20.654342651367188,32.613624572753906,29.735212326049805,59.53636932373047,26.010717391967773
2021-07-21,20.96371078491211,33.22846221923828,30.175989151000977,59.96257781982422,26.52912139892578
2021-07-22,20.93114471435547,33.19229507446289,30.24652099609375,59.92706298828125,26.463293075561523
2021-07-23,21.077688217163086,33.39122009277344,30.493356704711914,60.264469146728516,26.693693161010742
2021-07-26,21.102115631103516,33.382171630859375,30.484539031982422,60.05137252807617,26.841808319091797
2021-07-27,21.0614070892334,33.27367401123047,30.396381378173828,59.72283172607422,26.87472152709961
2021-07-28,21.004419326782227,33.50876235961914,30.45808982849121,60.0424919128418,26.89118003845215
2021-07-29,21.183523178100586,33.85234451293945,30.687305450439453,60.246707916259766,27.21209716796875
2021-07-30,20.979991912841797,33.752891540527344,30.431650161743164,59.58964920043945,26.9816951751709
2021-08-02,21.134675979614258,33.6805534362793,30.493356704711914,60.16679763793945,27.07221221923828
2021-08-03,21.305644989013672,33.698638916015625,30.572702407836914,60.610782623291016,27.39312744140625
2021-08-04,21.28936004638672,33.62630081176758,30.660852432250977,59.989219665527344,27.31906509399414
2021-08-05,21.444046020507812,33.84330368041992,30.810720443725586,60.344398498535156,27.426040649414062
2021-08-06,21.444046020507812,33.89755630493164,30.625591278076172,60.2200927734375,27.351985931396484
2021-08-09,21.362632751464844,33.78905487060547,30.54625129699707,60.184566497802734,27.327295303344727
2021-08-10,21.476608276367188,34.015098571777344,30.616769790649414,60.2200927734375,27.467185974121094
2021-08-11,21.582447052001953,34.186893463134766,30.74901580810547,60.9659538269043,27.722272872924805
2021-08-12,21.517318725585938,34.11455535888672,30.925317764282227,60.761714935302734,27.59884262084961
2021-08-13,21.663856506347656,34.09646987915039,31.154531478881836,60.948184967041016,27.746959686279297
2021-08-16,21.435901641845703,33.89755630493164,30.995849609375,60.53086471557617,27.51655387878418
2021-08-17,20.91486358642578,33.544921875,30.713747024536133,60.02473449707031,27.351985931396484
2021-08-18,20.752038955688477,33.355045318603516,30.74901580810547,59.713958740234375,27.20387077331543
2021-08-19,20.581073760986328,32.74020767211914,30.422828674316406,59.14567565917969,26.784208297729492
2021-08-20,20.62177848815918,32.984336853027344,30.510988235473633,59.19007110595703,26.90764045715332
2021-08-23,20.825307846069336,33.653419494628906,30.74019432067871,59.971458435058594,27.088666915893555
2021-08-24,21.004419326782227,33.89755630493164,30.845983505249023,60.50422286987305,27.1215763092041
2021-08-25,21.0614070892334,33.94276428222656,30.775463104248047,60.3887939453125,27.245006561279297
2021-08-26,20.86601448059082,33.51779556274414,30.572702407836914,60.07801818847656,27.080440521240234
2021-08-27,21.175384521484375,33.96084213256836,30.872425079345703,60.49533462524414,27.31906509399414
2021-08-30,21.1672420501709,33.90659713745117,30.96058464050293,60.41542434692383,27.302614212036133
2021-08-31,21.102115631103516,33.76192855834961,30.810720443725586,60.73508834838867,27.162723541259766
2021-09-01,21.313783645629883,33.97893524169922,30.890064239501953,61.720703125,27.327295303344727
2021-09-02,21.492889404296875,34.376766204833984,31.022293090820312,62.00483703613281,27.51655387878418
2021-09-03,21.606870651245117,34.449100494384766,30.96058464050293,63.76296615600586,27.541242599487305
2021-09-07,21.492889404296875,34.05126190185547,30.942951202392578,64.42891693115234,27.277929306030273
2021-09-08,21.37077522277832,33.83425521850586,30.510988235473633,64.15365600585938,27.1215763092041
2021-09-09,21.159101486206055,33.90659713745117,30.440458297729492,64.72193908691406,26.92409896850586
2021-09-10,21.004419326782227,33.671512603759766,30.396381378173828,64.65089416503906,26.940553665161133
2021-09-13,21.175384521484375,33.78001403808594,30.616769790649414,65.5388412475586,27.170955657958984
2021-09-14,20.96371078491211,33.51779556274414,30.572702407836914,65.1747817993164,26.940553665161133
2021-09-15,21.1672420501709,33.969886779785156,30.54625129699707,65.8141098022461,27.138038635253906
2021-09-16,21.102115631103516,33.671512603759766,30.466917037963867,65.66313934326172,27.07221221923828
2021-09-17,20.711334228515625,33.23750686645508,30.008499145507812,65.20142364501953,26.62786293029785
2021-09-20,20.17401123046875,32.55937576293945,29.23271369934082,64.26020812988281,26.208202362060547
2021-09-21,20.410106658935547,32.69499969482422,29.576528549194336,64.83737182617188,26.422147750854492
2021-09-22,20.54036521911621,33.10187530517578,29.849815368652344,64.36676788330078,26.726606369018555
2021-09-23,20.849733352661133,33.51779556274414,30.25533103942871,64.73971557617188,27.03929328918457
2021-09-24,20.62177848815918,33.36409378051758,29.94678497314453,64.51771545410156,26.80066680908203
2021-09-27,20.743892669677734,33.635345458984375,29.99086570739746,64.46443176269531,26.940553665161133
2021-09-28,20.133302688598633,33.00242233276367,29.364952087402344,63.070369720458984,26.446834564208984
2021-09-29,20.076316833496094,32.83062744140625,29.223905563354492,63.03485107421875,26.496204376220703
2021-09-30,20.206571578979492,32.82158660888672,29.02113914489746,62.37778091430664,26.537349700927734
2021-10-01,20.304269790649414,33.11996078491211,29.038768768310547,62.09363555908203,26.652549743652344
2021-10-04,20.39382553100586,33.13804244995117,28.8095645904541,60.371028900146484,26.701919555664062
2021-10-05,20.61363410949707,33.36409378051758,28.871274948120117,60.70844268798828,26.882949829101562
2021-10-06,20.458951950073242,33.33696365356445,28.545095443725586,60.184566497802734,26.71014976501465
2021-10-07,20.719472885131836,33.861385345458984,28.827199935913086,60.53086471557617,26.85826301574707
2021-10-08,20.735755920410156,34.09646987915039,28.8536434173584,60.2556037902832,26.9816951751709
2021-10-11,20.752038955688477,34.00605773925781,28.650882720947266,60.5219841003418,26.973464965820312
2021-10-12,20.874156951904297,34.13263702392578,28.668514251708984,60.131282806396484,27.047523498535156
2021-10-13,20.96371078491211,34.50334930419922,29.047588348388672,60.09577178955078,27.3437557220459
2021-10-14,21.199810028076172,35.000648498535156,29.4178466796875,60.664058685302734,27.541242599487305
2021-10-15,21.297500610351562,35.253814697265625,29.647058486938477,61.303375244140625,27.771642684936523
2021-10-18,21.191665649414062,35.308067321777344,29.488372802734375,61.00147247314453,27.59884262084961
2021-10-19,21.484750747680664,35.561241149902344,29.602975845336914,61.383277893066406,27.821016311645508
2021-10-20,21.680139541625977,35.85057067871094,29.647058486938477,61.32112121582031,27.86216163635254
2021-10-21,21.476608276367188,35.71494674682617,29.567712783813477,60.2556037902832,27.746959686279297
2021-10-22,21.606870651245117,35.76919937133789,29.779285430908203,60.75284194946289,27.763418197631836
2021-10-25,21.73712921142578,35.823448181152344,29.805736541748047,60.77949523925781,27.779869079589844
2021-10-26,21.69642448425293,35.55219268798828,29.96441650390625,60.788360595703125,27.95267677307129
2021-10-27,21.623149871826172,35.26285934448242,29.832183837890625,60.344398498535156,27.804561614990234
2021-10-28,21.8592472076416,35.805362701416016,30.043758392333984,60.823875427246094,27.95267677307129
2021-10-29,21.54174041748047,35.42560958862305,29.770471572875977,60.73508834838867,27.714048385620117
2021-11-01,21.549877166748047,35.84153366088867,30.131914138793945,61.6496696472168,27.886842727661133
2021-11-02,21.305644989013672,35.561241149902344,30.272964477539062,61.57863998413086,27.672903060913086
2021-11-03,21.46847152709961,35.81440734863281,30.572702407836914,61.95157241821289,27.804561614990234
2021-11-04,21.362632751464844,35.669742584228516,30.431650161743164,62.39553451538086,27.475414276123047
2021-11-05,21.517318725585938,35.859615325927734,30.440458297729492,62.4754524230957,27.590614318847656
2021-11-08,21.558021545410156,36.04045104980469,30.36111831665039,62.342254638671875,27.664670944213867
2021-11-09,21.39519691467285,36.04045104980469,30.369935989379883,61.95157241821289,27.590614318847656
2021-11-10,21.134675979614258,35.696868896484375,29.96441650390625,60.98371505737305,27.450727462768555
2021-11-11,21.036983489990234,35.67878341674805,30.043758392333984,61.33888626098633,27.59884262084961
2021-11-12,21.22422981262207,36.16703414916992,30.07019805908203,62.22682571411133,27.574155807495117
2021-11-15,21.24051284790039,36.07661819458008,29.937973022460938,62.17354965209961,27.549470901489258
2021-11-16,21.118396759033203,36.0042839050293,30.008499145507812,62.04923629760742,27.483646392822266
2021-11-17,20.77646255493164,35.74207305908203,30.07901954650879,61.7917366027832,27.500097274780273
2021-11-18,20.79274559020996,35.832489013671875,30.1848087310791,61.95157241821289,27.442495346069336
2021-11-19,20.62177848815918,35.4889030456543,29.788105010986328,62.07587814331055,27.154497146606445
2021-11-22,20.597352981567383,35.12723159790039,29.488372802734375,61.75621795654297,27.138038635253906
2021-11-23,20.86601448059082,35.3623161315918,29.347320556640625,61.82725143432617,27.3437557220459
2021-11-24,20.784605026245117,35.543155670166016,29.038768768310547,61.072505950927734,27.253238677978516
2021-11-26,19.994901657104492,34.53047561645508,28.18365478515625,59.456451416015625,26.3974666595459
2021-11-29,20.14958381652832,34.602806091308594,28.236547470092773,59.625160217285156,26.603179931640625
2021-11-30,19.91349220275879,33.798095703125,28.042606353759766,58.89704895019531,26.364545822143555
2021-12-01,19.742523193359375,33.327919006347656,28.007339477539062,58.586273193359375,26.1752872467041
2021-12-02,20.076316833496094,33.92467498779297,28.245365142822266,59.46533203125,26.726606369018555
2021-12-03,19.791370391845703,33.59918212890625,28.051416397094727,59.8116340637207,26.537349700927734
2021-12-06,20.076316833496094,34.23210144042969,28.333520889282227,59.84715270996094,26.932321548461914
2021-12-07,20.458951950073242,35.036808013916016,29.047588348388672,61.241214752197266,27.277929306030273
2021-12-08,20.638059616088867,34.801734924316406,29.05640411376953,61.170188903808594,27.31083869934082
2021-12-09,20.51594352722168,34.42197799682617,28.668514251708984,60.672935485839844,27.170955657958984
2021-12-10,20.548507690429688,34.38581085205078,28.8095645904541,60.761714935302734,27.20387077331543
2021-12-13,20.320215225219727,33.81625747680664,28.717782974243164,60.175167083740234,26.887741088867188
2021-12-14,20.236597061157227,33.642269134521484,28.46184730529785,60.10321044921875,26.862382888793945
2021-12-15,20.46237564086914,33.9444465637207,28.788387298583984,61.13776779174805,26.9807186126709
2021-12-16,20.345304489135742,34.05432891845703,28.744258880615234,61.2097282409668,27.183584213256836
2021-12-17,20.111160278320312,33.68805694580078,28.311817169189453,60.46305465698242,26.921552658081055
2021-12-20,20.127885818481445,33.21189880371094,28.170608520507812,59.95028305053711,26.887741088867188
2021-12-21,20.47073745727539,33.97191619873047,28.497150421142578,60.301116943359375,27.251205444335938
2021-12-22,20.771778106689453,34.42060089111328,28.79721450805664,60.400081634521484,27.640026092529297
2021-12-23,20.905576705932617,34.7502555847168,29.000192642211914,60.63398742675781,27.809078216552734
2021-12-27,21.047731399536133,35.079898834228516,29.256134033203125,60.58000564575195,28.16408348083496
2021-12-28,20.98919677734375,35.01580047607422,29.264955520629883,60.6519775390625,28.11336898803711
2021-12-29,21.081178665161133,34.91507339477539,29.229656219482422,60.36409378051758,28.138729095458984
2021-12-30,21.088775634765625,35.02495574951172,29.14695930480957,60.193172454833984,28.011938095092773
2021-12-31,20.945371627807617,35.18978500366211,29.14695930480957,60.2381477355957,28.011938095092773
2022-01-03,20.97911262512207,35.31797409057617,29.484846115112305,60.301116943359375,28.341590881347656
2022-01-04,21.299663543701172,34.97001647949219,29.573762893676758,61.0927848815918,28.527545928955078
2022-01-05,21.03816032409668,34.539642333984375,29.475954055786133,60.81390380859375,28.409212112426758
2022-01-06,20.6669979095459,34.8051872253418,29.369253158569336,60.36409378051758,28.38385581970215
2022-01-07,20.768224716186523,35.079898834228516,29.44038963317871,59.977256774902344,28.721956253051758
2022-01-10,20.607948303222656,34.95170211791992,29.17363929748535,59.83333206176758,28.63743019104004
2022-01-11,20.869447708129883,35.583526611328125,29.573762893676758,60.301116943359375,28.916364669799805
2022-01-12,21.06346321105957,36.04136657714844,29.796056747436523,61.16474914550781,29.186847686767578
2022-01-13,20.987546920776367,35.73918914794922,29.6448974609375,60.55301284790039,29.153039932250977
2022-01-14,20.751354217529297,35.83075714111328,29.6448974609375,60.481056213378906,29.22911262512207
2022-01-18,20.405498504638672,35.75749969482422,29.084718704223633,59.52745056152344,29.076969146728516
2022-01-19,20.4982852935791,35.66593933105469,29.182525634765625,58.789764404296875,29.22911262512207
2022-01-20,20.34644889831543,35.35460662841797,29.022478103637695,58.52888488769531,28.924819946289062
2022-01-21,19.77283477783203,34.42975616455078,28.551218032836914,58.30397415161133,28.48528480529785
2022-01-24,19.612558364868164,34.219154357910156,28.159982681274414,58.052085876464844,28.24015998840332
2022-01-25,19.56194496154785,34.402286529541016,27.92879867553711,57.845176696777344,28.392305374145508
2022-01-26,19.38479995727539,34.18252944946289,28.124418258666992,57.04452133178711,28.299327850341797
2022-01-27,18.954591751098633,33.91697692871094,27.93769073486328,56.234867095947266,28.561359405517578
2022-01-28,19.038944244384766,34.173370361328125,27.991043090820312,56.450775146484375,28.51909828186035
2022-01-31,19.266704559326172,34.97001647949219,28.46230125427246,57.64726638793945,28.64588165283203
2022-02-01,19.51976776123047,35.418697357177734,28.702377319335938,57.665252685546875,28.975534439086914
2022-02-02,19.637866973876953,35.56521224975586,28.77351188659668,58.54688262939453,29.237565994262695
2022-02-03,19.418542861938477,34.96084976196289,28.51565170288086,57.32341003417969,28.94172477722168
2022-02-04,19.494461059570312,35.15314865112305,28.435626983642578,57.7732048034668,28.86565399169922
2022-02-07,19.654733657836914,35.30881881713867,28.435626983642578,57.8091926574707,29.02625274658203
2022-02-08,20.025897979736328,35.4919548034668,28.542325973510742,58.14204406738281,29.153039932250977
2022-02-09,20.34644889831543,35.96811294555664,29.00469398498535,58.94269943237305,29.38125991821289
2022-02-10,20.160869598388672,35.638465881347656,28.675701141357422,58.00711441040039,29.262924194335938
2022-02-11,19.958415985107422,35.56521224975586,28.07106590270996,57.53931427001953,29.1276798248291
2022-02-14,20.000595092773438,35.263031005859375,27.768749237060547,57.53931427001953,28.82338523864746
2022-02-15,20.32957649230957,35.57436752319336,28.604568481445312,58.17803192138672,29.14458656311035
2022-02-16,20.548900604248047,35.45532989501953,28.649028778076172,58.18703079223633,29.29673194885254
2022-02-17,20.38862419128418,34.98833084106445,28.106632232666016,57.3323974609375,28.99243927001953
2022-02-18,20.228347778320312,34.56711196899414,27.74207305908203,57.242431640625,28.967086791992188
2022-02-22,20.34644889831543,34.374820709228516,27.04852294921875,56.78363800048828,28.81493377685547
2022-02-23,20.219913482666016,34.136741638183594,26.666179656982422,56.19887924194336,28.82338523864746
2022-02-24,20.068078994750977,33.97191619873047,26.061546325683594,55.87501907348633,27.842885971069336
2022-02-25,20.430803298950195,34.933387756347656,26.746206283569336,57.170467376708984,28.924819946289062
2022-02-28,20.287397384643555,34.99748992919922,25.857038497924805,56.621700286865234,28.30777931213379
2022-03-01,20.110254287719727,34.52132797241211,24.923410415649414,55.84803771972656,27.902053833007812
2022-03-02,20.759788513183594,35.32713317871094,25.110136032104492,56.03695297241211,28.51064109802246
2022-03-03,20.565771102905273,35.198936462402344,24.327669143676758,55.75807189941406,27.716096878051758
2022-03-04,20.894756317138672,35.29050064086914,23.020586013793945,55.03838348388672,26.549638748168945
2022-03-07,20.489849090576172,34.850975036621094,22.095849990844727,53.10421371459961,26.017126083374023
2022-03-08,20.169301986694336,34.51217269897461,22.824968338012695,52.33954620361328,26.346776962280273
2022-03-09,20.59951400756836,35.20809555053711,24.621089935302734,53.75193405151367,27.166677474975586
2022-03-10,20.785093307495117,35.45532989501953,23.838619232177734,53.527034759521484,26.80321502685547
2022-03-11,20.565771102905273,35.27219009399414,23.749704360961914,52.66339874267578,26.625713348388672
2022-03-14,20.312705993652344,34.722782135009766,24.407690048217773,52.73537063598633,26.78630828857422
2022-03-15,20.506723403930664,34.88759994506836,24.656658172607422,53.5989990234375,26.989173889160156
2022-03-16,21.19000244140625,35.57436752319336,25.723661422729492,54.79548263549805,27.716096878051758
2022-03-17,21.40088653564453,36.28860092163086,25.723661422729492,55.308265686035156,27.961223602294922
2022-03-18,21.67082405090332,36.42594909667969,25.70587730407715,56.018959045410156,28.180988311767578
2022-03-21,21.67082405090332,36.819698333740234,25.287967681884766,56.00096893310547,28.18943977355957
2022-03-22,21.91545295715332,36.97536849975586,25.661418914794922,56.17189407348633,28.544452667236328
2022-03-23,21.93232536315918,36.682342529296875,25.030107498168945,55.83903884887695,28.282421112060547
2022-03-24,22.23600196838379,36.801387786865234,25.17237663269043,56.450775146484375,28.476831436157227
2022-03-25,22.35409927368164,37.16765594482422,25.17237663269043,56.44178009033203,28.620529174804688
2022-03-28,22.244441986083984,36.96620559692383,25.456911087036133,55.59614181518555,28.35004234313965
2022-03-29,22.505939483642578,37.16765594482422,26.283838272094727,56.69367218017578,28.578264236450195
2022-03-30,22.522811889648438,37.231754302978516,25.945953369140625,56.09992980957031,28.696598052978516
2022-03-31,22.295053482055664,36.819698333740234,25.24350929260254,55.42521286010742,28.4345645904541
2022-04-01,22.514375686645508,36.828857421875,25.439128875732422,55.71309280395508,28.67969512939453
2022-04-04,22.674650192260742,37.195125579833984,25.430234909057617,56.16290283203125,28.654335021972656
2022-04-05,22.556550979614258,36.92958068847656,24.95897674560547,54.69652557373047,28.696598052978516
2022-04-06,22.404712677001953,36.53583908081055,24.532175064086914,53.87787628173828,28.730411529541016
2022-04-07,22.379404067993164,36.435115814208984,24.54106903076172,53.68896484375,28.85719871520996
2022-04-08,22.387842178344727,36.52668762207031,24.621089935302734,53.46406173706055,28.907915115356445
2022-04-11,22.151649475097656,36.23365783691406,24.30988311767578,52.627410888671875,28.603622436523438
2022-04-12,22.23600196838379,36.077999114990234,24.0609130859375,51.93471145629883,28.45992660522461
2022-04-13,22.35409927368164,36.453426361083984,24.30099105834961,52.68138885498047,28.80648422241211
2022-04-14,22.261308670043945,36.33438491821289,24.158723831176758,52.53745651245117,28.82338523864746
2022-04-18,22.193824768066406,36.36185836791992,24.10537338256836,51.9077262878418,28.688146591186523
2022-04-19,22.472196578979492,36.645713806152344,24.354339599609375,51.916725158691406,28.755765914916992
2022-04-20,22.60716438293457,36.938743591308594,24.638872146606445,52.40251541137695,28.882556915283203
2022-04-21,22.16851806640625,36.123783111572266,24.576635360717773,51.97069549560547,28.51064109802246
2022-04-22,21.33340072631836,34.96084976196289,24.087589263916016,51.1970329284668,27.87669563293457
2022-04-25,20.970674514770508,34.64952087402344,23.927539825439453,51.511898040771484,27.538591384887695
2022-04-26,20.5826416015625,33.889503479003906,22.976131439208984,50.42335891723633,26.837024688720703
2022-04-27,20.768224716186523,33.96276092529297,22.95834732055664,50.62126922607422,27.065248489379883
2022-04-28,21.071903228759766,34.686161041259766,23.402931213378906,51.547874450683594,27.437158584594727
2022-04-29,20.734479904174805,33.92613220214844,23.127286911010742,50.93613815307617,27.301918029785156
2022-05-02,20.675432205200195,33.843719482421875,23.082828521728516,50.91815185546875,27.15822410583496
2022-05-03,20.91162872314453,34.30156707763672,23.207311630249023,51.322975158691406,27.547046661376953
2022-05-04,21.40088653564453,35.061588287353516,23.758596420288086,52.231590270996094,27.927412033081055
2022-05-05,20.624818801879883,33.9444465637207,22.94056510925293,50.80119705200195,27.082151412963867
2022-05-06,20.321142196655273,33.71552658081055,22.60267448425293,50.999107360839844,26.701786041259766
2022-05-09,19.64630126953125,32.406097412109375,22.149202346801758,49.55972671508789,25.95795249938965
2022-05-10,19.663171768188477,32.19548034667969,22.460411071777344,49.63169860839844,26.160816192626953
2022-05-11,19.6041202545166,32.22296142578125,22.442626953125,49.09193801879883,25.95795249938965
2022-05-12,19.232959747314453,31.939096450805664,22.318143844604492,49.64069747924805,25.831167221069336
2022-05-13,19.93310546875,32.873104095458984,22.922779083251953,50.666259765625,26.65106964111328
2022-05-16,20.00902557373047,33.1844367980957,22.91388511657715,50.3963737487793,26.963817596435547
2022-05-17,20.34644889831543,33.73383712768555,23.52741050720215,50.765220642089844,27.50478172302246
2022-05-18,19.84031867980957,32.88224792480469,22.727161407470703,50.279422760009766,26.74404525756836
2022-05-19,20.101818084716797,33.257686614990234,23.073936462402344,50.71123504638672,26.84547996520996
2022-05-20,20.27896499633789,33.15695571899414,23.19841766357422,51.35895919799805,27.115964889526367
2022-05-23,20.54046630859375,33.73383712768555,23.73192024230957,51.85375213623047,27.648475646972656
2022-05-24,20.515161514282227,33.39503479003906,23.571874618530273,51.655826568603516,27.69919204711914
2022-05-25,20.5826416015625,33.55986022949219,23.554088592529297,51.76378631591797,27.842885971069336
2022-05-26,20.607948303222656,33.90781784057617,23.98089027404785,52.16861343383789,27.93586540222168
2022-05-27,21.04659652709961,34.44807815551758,24.327669143676758,52.48347854614258,28.071102142333984
2022-05-31,20.818836212158203,34.64037322998047,24.30099105834961,51.8177604675293,28.037294387817383
2022-06-01,20.886322021484375,34.56711196899414,24.01645851135254,51.84475326538086,27.648475646972656
2022-06-02,21.375579833984375,35.32713317871094,24.621089935302734,52.375518798828125,28.172536849975586
2022-06-03,21.071903228759766,34.81434631347656,24.336557388305664,51.28699493408203,27.792171478271484
2022-06-06,21.03816032409668,34.942543029785156,24.478824615478516,51.56587219238281,27.952770233154297
2022-06-07,20.987546920776367,35.235565185546875,24.478824615478516,51.727806091308594,28.18943977355957
2022-06-08,20.624818801879883,34.905914306640625,24.158723831176758,51.05308532714844,27.792171478271484
2022-06-09,20.01844024658203,34.1458854675293,23.455337524414062,50.68611526489258,27.198467254638672
2022-06-10,19.4703426361084,33.41722106933594,22.740962982177734,49.76868438720703,26.57034683227539
2022-06-13,18.626455307006836,32.282718658447266,21.95331382751465,48.37889862060547,25.770137786865234
2022-06-14,18.478557586669922,31.89532470703125,21.760984420776367,48.05189514160156,25.37433624267578
2022-06-15,18.85265350341797,32.18125534057617,22.26470947265625,48.587825775146484,26.045480728149414
2022-06-16,18.42635726928711,31.074417114257812,21.532018661499023,47.81572341918945,25.49479866027832
2022-06-17,18.104461669921875,30.723920822143555,21.678556442260742,47.288875579833984,25.107603073120117
2022-06-21,18.53945541381836,31.57249641418457,21.89836311340332,47.779380798339844,25.770137786865234
2022-06-22,18.330657958984375,31.092863082885742,21.760984420776367,47.543212890625,25.486194610595703
2022-06-23,18.304561614990234,30.493331909179688,21.403797149658203,47.833885192871094,25.331314086914062
2022-06-24,18.800453186035156,31.295787811279297,21.916683197021484,48.7785758972168,26.140127182006836
2022-06-27,18.756954193115234,31.6739501953125,21.889205932617188,48.35165023803711,26.105710983276367
2022-06-28,18.722152709960938,31.627838134765625,21.660240173339844,48.27898025512695,26.036874771118164
2022-06-29,18.66995620727539,31.351133346557617,21.29388999938965,48.06097412109375,25.97664451599121
2022-06-30,18.461156845092773,31.065196990966797,21.074085235595703,47.988311767578125,25.778743743896484
2022-07-01,18.34805679321289,31.397245407104492,21.092403411865234,48.18814468383789,25.71851348876953
2022-07-05,18.113162994384766,30.622461318969727,20.240646362304688,47.87930679321289,24.961326599121094
2022-07-06,18.2436580657959,30.45644187927246,20.167377471923828,47.87022018432617,25.073183059692383
2022-07-07,18.626455307006836,31.13898468017578,20.54288101196289,48.551483154296875,25.468984603881836
2022-07-08,18.548158645629883,31.129758834838867,20.74437141418457,48.796749114990234,25.37433624267578
2022-07-11,18.052261352539062,30.687028884887695,20.158218383789062,48.133644104003906,25.081789016723633
2022-07-12,18.13056182861328,30.43798828125,20.066633224487305,48.15180969238281,25.098995208740234
2022-07-13,18.156660079956055,30.44721221923828,20.03915786743164,47.89746856689453,25.047367095947266
2022-07-14,17.973966598510742,29.561742782592773,19.65448760986328,47.42512893676758,24.531108856201172
2022-07-15,18.330657958984375,29.875347137451172,20.176536560058594,47.924720764160156,24.98714256286621
2022-07-18,18.321958541870117,30.33652687072754,20.332233428955078,48.01555633544922,25.167831420898438
2022-07-19,18.756954193115234,31.13898468017578,21.275575637817383,48.70590591430664,25.71851348876953
2022-07-20,18.748254776000977,31.25889015197754,20.991657257080078,48.914833068847656,25.46038246154785
2022-07-21,18.922252655029297,31.323461532592773,21.092403411865234,49.532508850097656,25.563634872436523
2022-07-22,18.922252655029297,31.111312866210938,20.991657257080078,49.68692398071289,25.503400802612305
2022-07-25,19.15715217590332,31.53559684753418,21.074085235595703,49.6778450012207,25.86478614807129
2022-07-26,18.913551330566406,31.148210525512695,20.524564743041992,49.13283157348633,25.70990562438965
2022-07-27,19.444246292114258,31.867645263671875,21.074085235595703,50.1229362487793,26.329423904418945
2022-07-28,19.5312442779541,32.15358352661133,21.147354125976562,50.53169631958008,26.243379592895508
2022-07-29,19.783540725708008,32.56864547729492,21.596128463745117,51.00404357910156,26.596158981323242
2022-08-01,19.774839401245117,32.24582290649414,21.58696746826172,51.658050537109375,26.587556838989258
2022-08-02,19.522544860839844,32.06134033203125,21.28473472595215,50.677032470703125,26.355236053466797
2022-08-03,19.618242263793945,32.25504684448242,21.63276481628418,50.56802749633789,26.510114669799805
2022-08-04,19.60954475402832,32.22737503051758,21.880046844482422,50.549869537353516,26.510114669799805
2022-08-05,19.4703426361084,32.06134033203125,21.62360191345215,50.24102783203125,26.363842010498047
2022-08-08,19.65304183959961,32.33806228637695,21.660240173339844,50.22285842895508,26.441280364990234
2022-08-09,19.496442794799805,32.1166877746582,21.46790885925293,49.723262786865234,26.47570037841797
2022-08-10,20.027137756347656,32.91914749145508,22.008268356323242,51.149383544921875,26.905916213989258
2022-08-11,20.044536590576172,33.10361862182617,21.971633911132812,51.13120651245117,26.759645462036133
2022-08-12,20.227235794067383,33.42645263671875,22.163969039916992,51.80339431762695,26.905916213989258
2022-08-15,19.992338180541992,33.06672286987305,21.861732482910156,52.012306213378906,26.68220329284668
2022-08-16,20.09673500061035,33.444889068603516,22.008268356323242,51.767059326171875,26.837081909179688
2022-08-17,19.844438552856445,33.094398498535156,21.56865119934082,51.60354995727539,26.664997100830078
2022-08-18,19.931438446044922,33.18663024902344,21.422115325927734,51.42188262939453,26.604764938354492
2022-08-19,19.6617431640625,32.77156448364258,21.055770874023438,50.53169631958008,26.286401748657227
2022-08-22,19.461645126342773,32.4302864074707,20.28643798828125,50.01393508911133,26.071290969848633
2022-08-23,19.505144119262695,32.68855285644531,20.277280807495117,50.13201904296875,26.105710983276367
2022-08-24,19.557344436645508,32.660884857177734,20.359710693359375,50.113853454589844,25.968040466308594
2022-08-25,19.896642684936523,33.039058685302734,20.606990814208984,50.68611526489258,26.191753387451172
2022-08-26,19.522544860839844,32.24582290649414,19.810190200805664,49.45075988769531,25.60665512084961
2022-08-29,19.452945709228516,32.2642707824707,19.965885162353516,48.95116424560547,25.580841064453125
2022-08-30,19.18324851989746,31.480255126953125,20.08494758605957,48.896663665771484,25.20224952697754
2022-08-31,19.061452865600586,31.074417114257812,20.002521514892578,48.678653717041016,24.875282287597656
2022-09-01,18.90485191345215,30.77004623413086,19.72776222229004,48.097312927246094,24.45366668701172
2022-09-02,18.939653396606445,31.046749114990234,19.553747177124023,47.570465087890625,24.44506072998047
2022-09-06,18.67865562438965,30.696250915527344,19.681964874267578,46.825618743896484,24.660173416137695
2022-09-07,18.66995620727539,31.05596923828125,20.18569564819336,46.75294494628906,24.634357452392578
2022-09-08,18.84395408630371,31.397245407104492,19.947568893432617,47.316123962402344,24.61715316772461
2022-09-09,19.444246292114258,32.18125534057617,20.533723831176758,48.20631408691406,25.228065490722656
2022-09-12,19.65304183959961,32.63321304321289,21.110719680786133,48.22447967529297,25.64107322692871
2022-09-13,18.80915641784668,31.60017204284668,20.231487274169922,46.634857177734375,24.84086799621582
2022-09-14,18.774356842041016,31.766193389892578,20.204011917114258,47.30704116821289,24.849470138549805
2022-09-15,18.626455307006836,31.341903686523438,20.02083969116211,46.93461608886719,24.582733154296875
2022-09-16,18.478557586669922,30.95451545715332,19.791872024536133,46.89828109741211,24.410646438598633
2022-09-19,18.652555465698242,31.332685470581055,19.956729888916016,47.052703857421875,24.513896942138672
2022-09-20,18.443758010864258,30.74237060546875,19.498794555664062,46.56219482421875,24.169721603393555
2022-09-21,18.069665908813477,30.21661949157715,19.178241729736328,46.02626419067383,23.92879867553711
2022-09-22,18.034862518310547,29.866127014160156,19.141605377197266,46.38960647583008,23.868568420410156
2022-09-23,17.35627555847168,28.869970321655273,18.372278213500977,45.45399856567383,22.586515426635742
2022-09-26,17.21707534790039,28.34422492980957,18.10667610168457,44.71823501586914,22.182109832763672
2022-09-27,17.069177627563477,28.334997177124023,17.886869430541992,44.34580993652344,22.0616455078125
2022-09-28,17.565067291259766,29.091337203979492,18.4638671875,45.181495666503906,22.586515426635742
2022-09-29,17.39977264404297,28.667051315307617,18.09752082824707,44.745487213134766,22.52628517150879
2022-09-30,17.069177627563477,28.37189483642578,18.079200744628906,44.3730583190918,22.55209732055664
2022-10-03,17.556371688842773,29.44183349609375,18.51881980895996,45.17241287231445,23.1199893951416
2022-10-04,18.13056182861328,30.47488021850586,19.48963737487793,46.616695404052734,23.997634887695312
2022-10-05,18.0783634185791,30.01370620727539,19.159923553466797,46.126182556152344,23.63625144958496
2022-10-06,17.79996681213379,29.31270408630371,18.73862648010254,45.708343505859375,23.0511531829834
2022-10-07,17.521570205688477,28.75006103515625,18.308168411254883,45.245086669921875,22.92208480834961
2022-10-10,17.312772750854492,28.46413230895996,18.344804763793945,45.06340789794922,22.7672061920166
2022-10-11,17.069177627563477,28.076738357543945,18.09752082824707,44.60014724731445,22.328384399414062
2022-10-12,17.069177627563477,27.99372673034668,18.070039749145508,44.27314758300781,22.37140655517578
2022-10-13,17.478071212768555,28.786958694458008,18.637880325317383,44.66373062133789,23.11138343811035
2022-10-14,17.034378051757812,28.104408264160156,18.408916473388672,44.018798828125,22.60372543334961
2022-10-17,17.373668670654297,28.860746383666992,19.077495574951172,44.463897705078125,23.22323989868164
2022-10-18,17.460670471191406,29.119007110595703,19.38888931274414,44.30947494506836,23.292076110839844
2022-10-19,17.347572326660156,28.897640228271484,19.06833839416504,44.03697204589844,23.042551040649414
2022-10-20,17.330175399780273,28.75006103515625,18.98590850830078,44.000633239746094,23.042551040649414
2022-10-21,17.74776840209961,29.478729248046875,19.407209396362305,44.77273941040039,23.39533042907715
2022-10-24,17.608570098876953,29.414167404174805,19.627016067504883,44.4820671081543,23.45555877685547
2022-10-25,17.956560134887695,29.91223907470703,20.04831314086914,45.49941635131836,23.799734115600586
2022-10-26,18.156660079956055,30.299633026123047,20.313915252685547,45.76284408569336,24.16111946105957
2022-10-27,18.06096649169922,30.42877197265625,20.112424850463867,45.190582275390625,24.126699447631836
2022-10-28,18.087066650390625,30.54867172241211,20.295597076416016,45.6720085144043,24.3762264251709
2022-10-31,18.02616310119629,30.46565818786621,19.98420524597168,45.40858459472656,24.126699447631836
2022-11-01,18.278461456298828,30.585569381713867,20.1307430267334,45.753753662109375,24.402042388916016
2022-11-02,17.947864532470703,30.02292251586914,19.681964874267578,45.45399856567383,23.97182273864746
2022-11-03,17.67816734313965,29.8292293548584,19.370573043823242,45.32683181762695,23.782522201538086
2022-11-04,18.556856155395508,30.760818481445312,20.4329776763916,46.20793151855469,24.78923797607422
2022-11-07,18.513357162475586,30.871505737304688,20.62531089782715,46.47135925292969,24.737611770629883
2022-11-08,18.696056365966797,31.18510627746582,20.92754364013672,47.14353942871094,24.918302536010742
2022-11-09,18.313261032104492,30.45644187927246,20.67110252380371,46.34418869018555,24.410646438598633
2022-11-10,19.426849365234375,31.996782302856445,22.0906982421875,48.9329948425293,25.63246726989746
2022-11-11,19.835739135742188,32.319610595703125,22.740962982177734,49.90493392944336,25.70130157470703
2022-11-14,19.592144012451172,31.886098861694336,22.57610511779785,49.223663330078125,25.563634872436523
2022-11-15,19.905338287353516,32.10746765136719,22.667695999145508,49.55067443847656,25.74432373046875
2022-11-16,19.76613998413086,31.969114303588867,22.676851272583008,49.378089904785156,25.87339210510254
2022-11-17,19.73134422302246,31.867645263671875,22.75927734375,49.287254333496094,25.916414260864258
2022-11-18,19.80094337463379,31.858427047729492,22.832548141479492,49.26908874511719,26.045480728149414
2022-11-21,19.58344268798828,31.692401885986328,22.594423294067383,48.86940383911133,25.925016403198242
2022-11-22,19.887937545776367,32.32883071899414,22.79591178894043,49.91401290893555,26.320817947387695
2022-11-23,20.157634735107422,32.43951416015625,22.960769653320312,50.48627853393555,26.699413299560547
2022-11-25,20.2446346282959,32.58710479736328,23.134784698486328,50.83145523071289,26.7940616607666
2022-11-28,19.87923812866211,31.996782302856445,22.731800079345703,50.440860748291016,26.4584903717041
2022-11-29,20.07063865661621,31.89532470703125,22.814231872558594,50.13201904296875,26.656389236450195
2022-11-30,20.610029220581055,32.45796585083008,23.25384521484375,50.68611526489258,27.1296329498291
2022-12-01,20.64482879638672,32.660884857177734,23.427860260009766,51.03129577636719,27.37915802001953
2022-12-02,20.5665283203125,32.467185974121094,23.574398040771484,50.80419921875,27.447996139526367
2022-12-05,20.16633415222168,31.756973266601562,23.25384521484375,49.74142074584961,27.23288345336914
2022-12-06,20.06193733215332,31.25889015197754,22.96993064880371,49.58700942993164,27.181259155273438
2022-12-07,20.09673500061035,31.231220245361328,23.05235481262207,49.73234558105469,27.112422943115234
2022-12-08,20.183734893798828,31.44336700439453,23.12562370300293,50.04118347167969,27.146841049194336
2022-12-09,20.157634735107422,31.221996307373047,23.134784698486328,50.19560241699219,27.112422943115234
2022-12-12,20.201133728027344,31.369577407836914,23.162260055541992,50.186519622802734,27.121028900146484
2022-12-13,20.475919723510742,31.567045211791992,23.546144485473633,50.90937805175781,27.46167755126953
2022-12-14,20.4227352142334,31.40795135498047,23.527820587158203,50.86385726928711,27.496618270874023
2022-12-15,19.766796112060547,30.67796516418457,22.77654457092285,49.62571716308594,26.99874496459961
2022-12-16,19.68701934814453,30.341049194335938,22.538333892822266,49.662132263183594,26.562013626098633
2022-12-19,19.669294357299805,30.08836555480957,22.538333892822266,49.3434944152832,26.54454231262207
2022-12-20,19.545194625854492,30.359766006469727,22.584142684936523,50.044498443603516,26.666828155517578
2022-12-21,19.85543441772461,30.78091049194336,22.83151626586914,49.97166442871094,26.990007400512695
2022-12-22,19.527469635009766,30.359766006469727,22.593303680419922,49.826011657714844,26.745439529418945
2022-12-23,19.78452491760254,30.74347496032715,22.657438278198242,49.862422943115234,26.911396026611328
2022-12-27,19.864299774169922,30.91193199157715,22.73073387145996,49.63481903076172,26.928865432739258
2022-12-28,19.598384857177734,30.322336196899414,22.529172897338867,49.043060302734375,26.684295654296875
2022-12-29,19.811119079589844,30.865142822265625,22.95061683654785,49.95346450805664,26.911396026611328
2022-12-30,19.704750061035156,30.63117218017578,22.657438278198242,49.56199264526367,26.780378341674805
2023-01-03,19.47428321838379,30.453359603881836,23.042240142822266,49.79869842529297,26.87645721435547
2023-01-04,19.988399505615234,31.089750289916992,23.7018985748291,49.30707550048828,27.182170867919922
2023-01-05,19.704750061035156,30.790273666381836,23.55530548095703,48.642494201660156,27.059885025024414
2023-01-06,20.40500831604004,31.576404571533203,24.150833129882812,49.862422943115234,27.68004608154297
2023-01-09,20.396146774291992,31.772939682006836,24.471498489379883,49.97166442871094,27.767391204833984
2023-01-10,20.4227352142334,31.71678352355957,24.718870162963867,49.853309631347656,27.828533172607422
2023-01-11,20.70638656616211,32.05370330810547,25.021215438842773,50.25389099121094,27.95081901550293
2023-01-12,21.122995376586914,32.47484588623047,25.442663192749023,51.46471405029297,28.273996353149414
2023-01-13,21.282548904418945,32.57779312133789,25.46099090576172,51.6832160949707,28.492361068725586
2023-01-17,21.388916015625,32.70880889892578,25.479310989379883,52.17483139038086,28.54477310180664
2023-01-18,21.149587631225586,32.34382247924805,25.37853240966797,52.10199737548828,28.48362922668457
2023-01-19,21.326866149902344,32.39997100830078,25.204452514648438,52.074684143066406,28.553508758544922
2023-01-20,21.610515594482422,32.84918975830078,25.442663192749023,52.66644287109375,28.614646911621094
2023-01-23,21.761205673217773,33.064453125,25.534284591674805,52.52077865600586,28.614646911621094
2023-01-24,21.823253631591797,33.064453125,25.497634887695312,52.87583541870117,28.35260772705078
2023-01-25,22.03598976135254,32.970855712890625,25.66254997253418,53.51311111450195,28.492361068725586
2023-01-26,22.177818298339844,33.335845947265625,25.66254997253418,53.40386199951172,28.59718132019043
2023-01-27,22.106901168823242,33.38264465332031,25.644227981567383,53.54952621459961,28.457429885864258
2023-01-30,21.885303497314453,32.942779541015625,25.515958786010742,53.230892181396484,28.405017852783203
2023-01-31,22.03598976135254,33.532386779785156,25.69003677368164,53.41297149658203,28.44869041442871
2023-02-01,22.26645851135254,33.532386779785156,26.12980842590332,53.59504699707031,28.54477310180664
2023-02-02,22.106901168823242,33.43879699707031,26.450477600097656,53.467594146728516,28.273996353149414
2023-02-03,21.74347496032715,33.24225997924805,26.038188934326172,52.857627868652344,28.142980575561523
2023-02-06,21.53960418701172,32.87726974487305,25.726682662963867,52.37511444091797,27.88967514038086
2023-02-07,21.752342224121094,33.24225997924805,25.772491455078125,53.13984680175781,28.160449981689453
2023-02-08,21.583927154541016,33.02701187133789,25.76333236694336,52.557193756103516,28.177915573120117
2023-02-09,21.52187728881836,32.830482482910156,25.772491455078125,52.611820220947266,28.378816604614258
2023-02-10,21.42437171936035,33.21419143676758,25.442663192749023,52.91224670410156,28.273996353149414
2023-02-13,21.690290451049805,33.43879699707031,25.680875778198242,52.88493728637695,28.67579460144043
2023-02-14,21.65483856201172,33.38264465332031,25.772491455078125,52.62092590332031,28.867950439453125
2023-02-15,21.220497131347656,33.28905487060547,25.809139251708984,52.10199737548828,28.649585723876953
2023-02-16,21.13185691833496,32.914703369140625,25.699195861816406,51.92902374267578,28.51856803894043
2023-02-17,20.998897552490234,32.746253967285156,25.790817260742188,51.91081619262695,28.6583251953125
2023-02-21,20.795024871826172,32.156646728515625,25.360206604003906,51.273536682128906,28.640853881835938
2023-02-22,20.697521209716797,32.00690841674805,25.241100311279297,50.891170501708984,28.35260772705078
2023-02-23,20.70638656616211,32.03498458862305,25.46099090576172,51.40098571777344,28.422487258911133
2023-02-24,20.316370010375977,31.91331672668457,24.77384376525879,50.63625717163086,28.169185638427734
2023-02-27,20.396146774291992,32.0817756652832,25.176969528198242,51.118770599365234,28.501100540161133
2023-02-28,20.28091049194336,31.866527557373047,25.002891540527344,50.92758560180664,28.195384979248047
2023-03-01,20.467056274414062,32.04434585571289,25.186128616333008,51.009517669677734,28.370079040527344
2023-03-02,20.475919723510742,32.17536926269531,25.094511032104492,51.064144134521484,28.387548446655273
2023-03-03,20.812755584716797,32.60586929321289,25.598417282104492,52.23855972290039,28.5797119140625
2023-03-06,20.6088809967041,32.43741226196289,25.7358455657959,52.23855972290039,28.39628028869629
2023-03-07,20.156814575195312,31.726144790649414,25.25026512145996,51.774253845214844,27.837268829345703
2023-03-08,20.316370010375977,31.73550796508789,25.415176391601562,52.411537170410156,27.994489669799805
2023-03-09,20.07703971862793,31.239490509033203,25.222776412963867,52.32048797607422,27.767391204833984
2023-03-10,19.722476959228516,30.762195587158203,25.012052536010742,51.692317962646484,27.575227737426758
2023-03-13,19.598384857177734,30.640533447265625,24.691387176513672,51.200706481933594,27.40053939819336
2023-03-14,19.873165130615234,30.93065071105957,25.140321731567383,51.05504608154297,27.68004608154297
2023-03-15,19.359052658081055,30.247465133666992,24.242448806762695,50.01718521118164,26.640623092651367
2023-03-16,19.58951759338379,30.60309600830078,24.553955078125,51.036834716796875,26.990007400512695
2023-03-17,19.47428321838379,30.284896850585938,24.2241268157959,50.718196868896484,26.57948112487793
2023-03-20,19.66042709350586,30.706045150756836,24.627254486083984,51.45561599731445,27.147232055664062
2023-03-21,19.731342315673828,30.818349838256836,25.176969528198242,51.774253845214844,27.54029083251953
2023-03-22,19.62497329711914,30.621816635131836,25.13115692138672,51.62858963012695,27.487878799438477
2023-03-23,19.536334991455078,30.481433868408203,25.13115692138672,51.8561897277832,27.295719146728516
2023-03-24,19.518606185913086,30.528221130371094,24.83797836303711,52.010955810546875,27.17343521118164
2023-03-27,19.62497329711914,30.8745059967041,25.167804718017578,52.23855972290039,27.531557083129883
2023-03-28,19.811119079589844,31.06167221069336,25.19529151916504,52.33870315551758,27.52281951904297
2023-03-29,19.997262954711914,31.44537925720215,25.54344367980957,52.53898620605469,27.845998764038086
2023-03-30,20.254318237304688,31.70743179321289,26.001541137695312,52.7847900390625,28.204120635986328
2023-03-31,20.334096908569336,31.98819351196289,26.0748348236084,53.43117141723633,28.177915573120117
2023-04-03,20.679792404174805,32.56843185424805,26.13896942138672,53.67698287963867,28.58844566345215
2023-04-04,20.520238876342773,32.49356460571289,26.258075714111328,53.658775329589844,28.553508758544922
2023-04-05,20.467056274414062,32.29703140258789,25.99237823486328,52.857627868652344,28.623384475708008
2023-04-06,20.467056274414062,32.28767013549805,26.184778213500977,52.630027770996094,28.87668800354004
2023-04-10,20.43160057067871,32.353179931640625,26.193941116333008,52.52077865600586,28.885425567626953
2023-04-11,20.6088809967041,32.65266036987305,26.248912811279297,52.69375991821289,28.95530128479004
2023-04-12,20.72411346435547,32.78367614746094,26.4046630859375,52.86672592163086,29.208602905273438
2023-04-13,20.998897552490234,33.21419143676758,26.725332260131836,53.604148864746094,29.50558090209961
2023-04-14,20.795024871826172,33.17675018310547,26.697847366333008,53.20357131958008,29.322153091430664
2023-04-17,20.786165237426758,33.23290252685547,26.551258087158203,53.35835266113281,29.269746780395508
2023-04-18,20.874801635742188,33.31713104248047,26.75282096862793,53.67698287963867,29.444440841674805
2023-04-19,20.812755584716797,33.148677825927734,26.743656158447266,53.24909973144531,29.409500122070312
2023-04-20,20.830480575561523,32.998931884765625,26.5604190826416,53.42207336425781,29.45317268371582
2023-04-21,20.6088809967041,32.96150207519531,26.807790756225586,53.722503662109375,29.514320373535156
2023-04-24,20.679792404174805,32.970855712890625,26.899412155151367,53.695186614990234,29.57546043395996
2023-04-25,20.30750274658203,32.325103759765625,26.5604190826416,53.32192611694336,29.19113540649414
2023-04-26,20.245454788208008,32.23151779174805,26.64287757873535,53.1307487487793,29.208602905273438
2023-04-27,20.493650436401367,32.615230560302734,26.835275650024414,53.99562072753906,29.470645904541016
2023-04-28,20.511375427246094,32.942779541015625,26.945219039916992,53.5677375793457,29.636600494384766
2023-05-01,20.449329376220703,32.88663101196289,26.963544845581055,53.50400924682617,29.5405216217041
2023-05-02,20.254318237304688,32.36254119873047,26.606231689453125,53.05791091918945,29.164932250976562
2023-05-03,20.1036319732666,32.23151779174805,26.75282096862793,53.37655258178711,29.19986915588379
2023-05-04,20.08590316772461,32.28767013549805,26.64287757873535,53.4766960144043,29.095056533813477
2023-05-05,20.653200149536133,33.17675018310547,27.02767562866211,54.19590759277344,29.59292984008789
2023-05-08,20.662063598632812,33.260982513427734,26.963544845581055,54.07756042480469,29.57546043395996
2023-05-09,20.537967681884766,33.23290252685547,26.789466857910156,54.66021728515625,29.383296966552734
2023-05-10,20.60001564025879,33.09252166748047,26.761980056762695,54.3870964050293,29.34835433959961
2023-05-11,20.369552612304688,32.69945526123047,26.53293228149414,54.5418586730957,29.086318969726562
2023-05-12,20.289777755737305,32.56843185424805,26.43214988708496,54.80587387084961,29.016443252563477
2023-05-15,20.520238876342773,32.9802131652832,26.551258087158203,55.13361740112305,29.29595184326172
2023-05-16,20.14794921875,32.44676971435547,26.368019104003906,55.02436828613281,28.964035034179688
2023-05-17,20.316370010375977,32.60586929321289,26.53293228149414,55.39762496948242,29.095056533813477
2023-05-18,20.227725982666016,32.49356460571289,26.64287757873535,55.40673828125,28.911624908447266
2023-05-19,20.387279510498047,32.54971694946289,26.862762451171875,55.49777603149414,29.10378646850586
2023-05-22,20.387279510498047,32.59650802612305,26.761980056762695,55.743587493896484,29.025175094604492
2023-05-23,20.13908576965332,32.222164154052734,26.413827896118164,54.94242858886719,28.815547943115234
2023-05-24,19.749069213867188,31.64192008972168,25.983219146728516,54.359779357910156,28.317672729492188
2023-05-25,19.554059982299805,31.342439651489258,25.919084548950195,54.669315338134766,28.09930419921875
2023-05-26,19.873165130615234,31.61383819580078,26.184778213500977,54.85139465332031,28.335140228271484
2023-05-30,19.722476959228516,31.370512008666992,26.04734992980957,54.496341705322266,28.073102951049805
2023-05-31,19.38564109802246,31.12718391418457,25.63506317138672,54.02293014526367,27.86347007751465
2023-06-01,19.828845977783203,31.567045211791992,26.04734992980957,55.37942886352539,28.22159194946289
2023-06-02,20.130220413208008,32.23151779174805,26.212265014648438,56.444583892822266,28.501100540161133
2023-06-05,19.988399505615234,32.02562713623047,26.038188934326172,56.244300842285156,28.326404571533203
2023-06-06,20.121360778808594,32.315738677978516,26.12064552307129,57.39140319824219,28.527305603027344
2023-06-07,19.910961151123047,32.28360366821289,26.00675392150879,55.91648864746094,28.529085159301758
2023-06-08,20.208948135375977,32.274147033691406,26.336191177368164,56.393157958984375,28.751691818237305
2023-06-09,20.190887451171875,32.236331939697266,26.12911605834961,57.034820556640625,28.63593292236328
2023-06-12,20.272159576416016,32.25524139404297,26.486791610717773,57.39231872558594,28.502368927001953
2023-06-13,20.524995803833008,32.4915771484375,26.722105026245117,58.21731185913086,28.787309646606445
2023-06-14,20.59723472595215,32.51994323730469,26.882116317749023,58.48314666748047,28.894155502319336
2023-06-15,20.976491928100586,32.869720458984375,27.23038101196289,58.40065383911133,29.339366912841797
2023-06-16,21.066791534423828,32.8319091796875,27.21155548095703,57.84148025512695,29.357177734375
2023-06-20,21.030672073364258,32.38758850097656,26.778581619262695,57.04398727416992,28.97429656982422
2023-06-21,20.95842933654785,32.47267532348633,26.722105026245117,57.722320556640625,28.929773330688477
2023-06-22,20.515966415405273,32.321414947509766,26.68445587158203,57.24565505981445,28.76059341430664
2023-06-23,20.01028823852539,31.962186813354492,26.28913116455078,55.83399200439453,28.48456382751465
2023-06-26,20.028348922729492,32.359230041503906,26.26089096069336,55.83399200439453,28.493467330932617
2023-06-27,20.190887451171875,32.576663970947266,26.54326820373535,56.044822692871094,28.653743743896484
2023-06-28,20.064472198486328,32.4915771484375,26.55267906188965,56.668155670166016,28.466753005981445
2023-06-29,20.172826766967773,32.69955825805664,26.4209041595459,56.38398361206055,28.4044246673584
2023-06-30,20.362459182739258,33.07769775390625,26.891529083251953,56.74148941040039,28.805112838745117
2023-07-03,20.47081756591797,33.27621841430664,26.759756088256836,56.915653228759766,28.680452346801758
2023-07-05,20.29924774169922,32.898075103759766,26.317367553710938,56.448158264160156,28.359905242919922
2023-07-06,19.7935733795166,32.21743392944336,25.780855178833008,55.705657958984375,27.879077911376953
2023-07-07,19.95611000061035,32.453765869140625,26.053817749023438,56.503150939941406,27.994831085205078
2023-07-10,19.856781005859375,32.406497955322266,26.25147819519043,56.420658111572266,28.03045082092285
2023-07-11,20.13671112060547,32.56721115112305,26.533855438232422,56.668155670166016,28.27976417541504
2023-07-12,20.615293502807617,33.03042221069336,27.173906326293945,57.06232452392578,28.885251998901367
2023-07-13,21.157089233398438,33.58818054199219,27.644533157348633,57.914817810058594,29.330461502075195
2023-07-14,21.039703369140625,33.31403350830078,27.493928909301758,57.2181510925293,29.143474578857422
2023-07-17,20.94940185546875,33.361305236816406,27.550405502319336,57.24565505981445,29.098953247070312
2023-07-18,21.030672073364258,33.63544845581055,27.616294860839844,58.03398132324219,29.20580291748047
2023-07-19,20.940372467041016,33.852882385253906,27.50334358215332,58.043148040771484,29.47292709350586
2023-07-20,20.96746063232422,33.729984283447266,27.324506759643555,57.27315139770508,29.57087516784668
2023-07-21,20.895221710205078,33.84342956542969,27.39039421081543,57.208988189697266,29.63320541381836
2023-07-24,20.93134117126465,34.04194641113281,27.23979377746582,57.29148483276367,29.588682174682617
2023-07-25,21.12999725341797,33.93796157836914,27.28685760498047,57.36481857299805,29.775671005249023
2023-07-26,21.193208694458008,33.91905212402344,27.258617401123047,57.59398651123047,29.900333404541016
2023-07-27,20.994552612304688,33.60708999633789,27.333919525146484,58.061485290527344,29.419506072998047
2023-07-28,20.88619041442871,33.824520111083984,27.691593170166016,58.39148712158203,29.63320541381836
2023-07-31,21.09387969970703,34.10812759399414,27.59746551513672,58.13481903076172,29.65101432800293
2023-08-01,20.678504943847656,33.67326354980469,27.202144622802734,57.44731903076172,29.392791748046875
2023-08-02,20.172826766967773,33.00206756591797,26.656217575073242,56.365657806396484,28.83182716369629
2023-08-03,20.172826766967773,32.8319091796875,26.505619049072266,56.09065628051758,28.822921752929688
2023-08-04,20.290218353271484,32.91698455810547,26.571502685546875,56.63148880004883,28.805112838745117
2023-08-07,20.371488571166992,33.03988265991211,26.787992477416992,57.108150482177734,29.081144332885742
2023-08-08,20.236040115356445,32.8319091796875,26.43031883239746,56.60398864746094,28.956485748291016
2023-08-09,20.272159576416016,32.90753936767578,26.524442672729492,56.108985900878906,29.072240829467773
2023-08-10,20.26313018798828,32.97371292114258,26.69386863708496,56.347320556640625,29.072240829467773
2023-08-11,20.09156036376953,33.049339294433594,26.45855712890625,56.25565719604492,28.938678741455078
2023-08-14,19.992229461669922,32.85081100463867,26.467967987060547,55.75149154663086,28.83182716369629
2023-08-15,19.748424530029297,32.14179992675781,26.166765213012695,55.15565490722656,28.37771224975586
2023-08-16,19.531705856323242,32.037811279296875,26.063230514526367,54.46815872192383,28.208532333374023
2023-08-17,19.360137939453125,31.88656234741211,25.88439178466797,54.23899459838867,28.110586166381836
2023-08-18,19.37819480895996,31.88656234741211,25.827917098999023,54.37649917602539,28.021541595458984
2023-08-21,19.42334747314453,31.839292526245117,25.969104766845703,54.42232894897461,28.0927791595459
2023-08-22,19.324016571044922,31.65022087097168,25.922042846679688,54.68815994262695,27.977022171020508
2023-08-23,19.64006233215332,31.999998092651367,26.02557945251465,55.41232681274414,28.128393173217773
2023-08-24,19.28789710998535,31.763660430908203,25.602014541625977,54.68815994262695,27.879077911376953
2023-08-25,19.43238067626953,31.773117065429688,25.771440505981445,54.97233200073242,28.03045082092285
2023-08-28,19.603946685791016,32.06616973876953,25.997343063354492,55.6231575012207,28.333192825317383
2023-08-29,19.97416877746582,32.5955696105957,26.43973159790039,56.00815200805664,28.63593292236328
2023-08-30,20.09156036376953,32.75627517700195,26.392667770385742,55.90732192993164,28.742782592773438
2023-08-31,20.055438995361328,32.794090270996094,26.27971839904785,56.503150939941406,28.493467330932617
2023-09-01,20.09156036376953,33.02096939086914,25.987932205200195,56.86982345581055,28.546894073486328
2023-09-05,19.910961151123047,32.70901107788086,25.686731338500977,56.897315979003906,28.2530517578125
2023-09-06,19.73939323425293,32.406497955322266,25.630252838134766,57.04398727416992,28.119489669799805
2023-09-07,19.64006233215332,32.1512565612793,25.498477935791016,57.04398727416992,28.119489669799805
2023-09-08,19.59491729736328,32.1512565612793,25.517305374145508,56.47565841674805,28.270864486694336
2023-09-11,19.910961151123047,32.4915771484375,25.827917098999023,57.126487731933594,28.493467330932617
2023-09-12,19.865812301635742,32.5955696105957,25.61142921447754,57.11732482910156,28.502368927001953
2023-09-13,19.7755126953125,32.70901107788086,25.48906707763672,57.089820861816406,28.502368927001953
2023-09-14,20.163799285888672,33.31403350830078,25.649080276489258,58.061485290527344,29.001007080078125
2023-09-15,20.082530975341797,33.34239196777344,25.724380493164062,57.74065399169922,28.929773330688477
2023-09-18,20.01932144165039,33.24785614013672,25.5361270904541,57.87814712524414,28.787309646606445
2023-09-19,20.01028823852539,32.945343017578125,25.46082878112793,58.162315368652344,28.822921752929688
2023-09-20,19.910961151123047,32.860260009765625,25.451417922973633,57.38315200805664,28.858539581298828
2023-09-21,19.278867721557617,32.1512565612793,25.112565994262695,56.493988037109375,28.537988662719727
2023-09-22,19.54073143005371,32.09453582763672,25.14080238342285,56.64982223510742,28.502368927001953
2023-09-25,19.522674560546875,32.236331939697266,24.88666534423828,56.57648849487305,28.359905242919922
2023-09-26,19.269838333129883,31.725854873657227,24.444276809692383,55.705657958984375,28.0927791595459
2023-09-27,19.188570022583008,31.565139770507812,24.340742111206055,55.94398880004883,28.048255920410156
2023-09-28,19.531705856323242,31.88656234741211,24.585466384887695,56.05398941040039,28.2530517578125
2023-09-29,19.42334747314453,31.63131332397461,24.6607666015625,55.26566696166992,28.172914505004883
2023-10-02,19.026029586791992,30.903392791748047,24.22779083251953,54.78899383544922,27.63866424560547
2023-10-03,18.773191452026367,30.534711837768555,23.99247932434082,53.83566665649414,27.48729133605957
2023-10-04,18.87251853942871,30.449628829956055,24.180728912353516,53.24899673461914,27.478389739990234
2023-10-05,19.04408836364746,30.70487403869629,24.199552536010742,54.29399490356445,27.692089080810547
2023-10-06,19.34207534790039,30.979022979736328,24.557228088378906,54.431495666503906,28.03045082092285
2023-10-09,19.37819480895996,31.32880210876465,24.38780403137207,54.58732604980469,28.066064834594727
2023-10-10,19.62200355529785,31.584043502807617,24.773714065551758,55.302330017089844,28.493467330932617
2023-10-11,19.62200355529785,31.820383071899414,24.87725257873535,55.16482925415039,28.64483642578125
2023-10-12,19.161479949951172,31.394977569580078,24.547815322875977,55.302330017089844,28.368806838989258
2023-10-13,19.107297897338867,31.366619110107422,24.171316146850586,54.614830017089844,28.199626922607422
2023-10-16,19.405284881591797,31.763660430908203,24.416040420532227,54.78899383544922,28.493467330932617
2023-10-17,19.486555099487305,31.782569885253906,24.397216796875,54.898990631103516,28.573606491088867
2023-10-18,19.170507431030273,31.19645118713379,23.973651885986328,54.037330627441406,28.057161331176758
2023-10-19,18.95379066467285,31.07356071472168,23.96424102783203,53.64316177368164,27.754417419433594
2023-10-20,18.628711700439453,30.70487403869629,23.71010398864746,53.28566360473633,27.433866500854492
2023-10-23,18.66483497619629,30.638700485229492,23.794816970825195,53.15733337402344,27.45167350769043
2023-10-24,18.890581130981445,30.430723190307617,23.870115280151367,53.496498107910156,27.4605770111084
2023-10-25,18.646774291992188,30.241653442382812,23.653627395629883,53.28566360473633,27.37153434753418
2023-10-26,18.610652923583984,30.080947875976562,23.361841201782227,52.56150436401367,27.18454933166504
2023-10-27,18.556474685668945,29.75952911376953,23.314777374267578,53.001502990722656,26.899614334106445
2023-10-30,18.782222747802734,30.080947875976562,23.62539291381836,53.395668029785156,27.23797607421875
2023-10-31,18.728042602539062,30.00531768798828,23.70069122314453,54.0464973449707,27.157835006713867
2023-11-01,19.071176528930664,30.317279815673828,23.870115280151367,54.97233200073242,27.282495498657227
2023-11-02,19.45946502685547,31.508419036865234,24.38780403137207,55.87065887451172,27.790035247802734
2023-11-03,19.694242477416992,31.952733993530273,24.61370277404785,56.833152770996094,27.89688491821289
2023-11-06,19.612974166870117,31.792022705078125,24.528989791870117,56.099822998046875,27.941404342651367
2023-11-07,19.387226104736328,31.38552474975586,24.50075340270996,55.586490631103516,27.727706909179688
2023-11-08,19.43238067626953,31.281536102294922,24.689002990722656,54.669822692871094,27.674278259277344
2023-11-09,19.324016571044922,31.366619110107422,24.698415756225586,54.898990631103516,27.709896087646484
2023-11-10,19.30595588684082,31.470605850219727,24.79254150390625,55.4306640625,27.63866424560547
2023-11-13,19.405284881591797,31.63131332397461,24.858427047729492,55.403160095214844,27.843460083007812
2023-11-14,20.037382125854492,32.330875396728516,25.75261878967285,56.503150939941406,28.333192825317383
2023-11-15,20.037382125854492,32.415950775146484,25.8938045501709,56.08148956298828,28.31538200378418
2023-11-16,19.84775161743164,32.22688293457031,26.00675392150879,56.273990631103516,28.155107498168945
2023-11-17,20.055438995361328,32.58612060546875,26.345605850219727,57.15398406982422,28.58250617980957
2023-11-20,20.190887451171875,32.64283752441406,26.4209041595459,57.163150787353516,28.618125915527344
2023-11-21,20.163799285888672,32.51994323730469,26.26089096069336,56.92481994628906,28.671552658081055
2023-11-22,20.09156036376953,32.53884506225586,26.30795669555664,57.282325744628906,28.5647029876709
2023-11-24,20.272159576416016,32.737369537353516,26.562091827392578,57.39231872558594,28.929773330688477
2023-11-27,20.1005916595459,32.55775833129883,26.477380752563477,57.34648895263672,28.81402015686035
2023-11-28,20.326337814331055,32.67119598388672,26.580917358398438,57.33732223510742,28.885251998901367
2023-11-29,20.227008819580078,32.76573181152344,26.853879928588867,57.282325744628906,28.822921752929688
2023-11-30,20.272159576416016,33.068241119384766,26.740930557250977,57.39231872558594,28.84073257446289
2023-12-01,20.705596923828125,33.55036926269531,27.042129516601562,57.94231414794922,29.27703857421875
2023-12-04,20.362459182739258,33.38020324707031,26.957416534423828,57.06232452392578,29.036623001098633
2023-12-05,20.172826766967773,33.210044860839844,27.00448226928711,56.85149002075195,28.81402015686035
2023-12-06,20.35342788696289,33.03042221069336,27.07036781311035,57.44731903076172,28.778400421142578
2023-12-07,20.534029006958008,33.01152038574219,27.192729949951172,57.8873176574707,28.938678741455078
2023-12-08,20.606264114379883,33.14387130737305,27.296268463134766,57.54814910888672,29.009912490844727
2023-12-11,20.59723472595215,33.210044860839844,27.333919525146484,57.87814712524414,28.99210548400879
2023-12-12,20.65141487121582,33.01152038574219,27.39039421081543,57.795654296875,29.0277156829834
2023-12-13,21.328659057617188,33.8339729309082,27.75748062133789,58.67564392089844,29.36608123779297
2023-12-14,21.662763595581055,34.29719543457031,27.842191696166992,58.40981674194336,29.846908569335938
2023-12-15,21.51828384399414,33.985233306884766,27.550405502319336,57.90564727783203,29.268131256103516
2023-12-18,21.671796798706055,34.12702941894531,27.522167205810547,57.795654296875,29.455123901367188
2023-12-19,22.141353607177734,34.60915756225586,27.842191696166992,57.96982192993164,29.775671005249023
2023-12-20,21.83547019958496,34.164615631103516,27.467548370361328,57.67701721191406,29.55435562133789
2023-12-21,22.277708053588867,34.64365005493164,27.806425094604492,58.680908203125,29.88223648071289
2023-12-22,22.332984924316406,34.90232467651367,27.78759765625,58.86681365966797,29.98241424560547
2023-12-26,22.51725196838379,35.285552978515625,27.947620391845703,58.84822082519531,30.137248992919922
2023-12-27,22.627811431884766,35.323875427246094,28.10764503479004,59.173553466796875,30.255647659301758
2023-12-28,22.56332015991211,35.161006927490234,27.91938018798828,59.526771545410156,30.100812911987305
2023-12-29,22.425119400024414,35.141841888427734,27.947620391845703,59.61973190307617,30.100812911987305
2024-01-02,22.250064849853516,34.77777862548828,27.618160247802734,59.08060073852539,29.8184814453125
2024-01-03,22.01973533630371,34.662811279296875,27.222806930541992,58.75526428222656,29.8184814453125
2024-01-04,21.946029663085938,34.72029495239258,27.326353073120117,58.615840911865234,29.90955924987793
2024-01-05,21.927602767944336,34.84484100341797,27.326353073120117,59.052711486816406,29.891338348388672
2024-01-08,22.084228515625,35.113101959228516,27.684051513671875,59.917179107666016,30.164569854736328
2024-01-09,21.85389518737793,34.82567596435547,27.44872283935547,59.55466079711914,29.873123168945312
2024-01-10,21.81704330444336,34.90232467651367,27.58050537109375,60.62360763549805,29.891338348388672
2024-01-11,21.798616409301758,34.73945236206055,27.47696304321289,61.162742614746094,29.736509323120117
2024-01-12,21.844682693481445,34.78736114501953,27.50520133972168,61.748329162597656,29.836692810058594
2024-01-16,21.282672882080078,34.46161651611328,26.98748016357422,61.29286575317383,29.19005012512207
2024-01-17,21.05234146118164,34.011322021484375,26.818042755126953,60.530662536621094,28.925926208496094
2024-01-18,21.245819091796875,34.174190521240234,27.04395866394043,61.09767532348633,29.098976135253906
2024-01-19,21.448511123657227,34.57658767700195,27.19456672668457,61.255699157714844,29.10807991027832
2024-01-22,21.448511123657227,34.490360260009766,27.222806930541992,61.980712890625,29.15361785888672
2024-01-23,21.632776260375977,34.67238998413086,27.15691566467285,61.43230056762695,29.144512176513672
2024-01-24,21.651203155517578,34.57658767700195,27.636987686157227,61.50665283203125,29.235586166381836
2024-01-25,21.780187606811523,34.835262298583984,27.58991813659668,61.27427673339844,29.390419006347656
2024-01-26,21.826255798339844,34.940650939941406,27.665224075317383,60.78163528442383,29.72740364074707
2024-01-29,21.982881546020508,35.161006927490234,27.731117248535156,61.50665283203125,29.78204917907715
2024-01-30,21.927602767944336,35.266395568847656,27.693464279174805,61.28357696533203,29.845800399780273
2024-01-31,21.761764526367188,34.82567596435547,27.364004135131836,61.54384231567383,29.53614044189453
2024-02-01,21.87232208251953,35.0651969909668,27.76877212524414,62.20379638671875,29.854909896850586
2024-02-02,21.743337631225586,34.8640022277832,27.51461410522461,61.82270431518555,29.56346321105957
2024-02-05,21.522218704223633,34.31790542602539,27.364004135131836,61.52525329589844,29.30845069885254
2024-02-06,21.77097511291504,34.59574890136719,27.56167984008789,61.51595687866211,29.736509323120117
2024-02-07,21.697269439697266,34.691551208496094,27.48637580871582,61.869171142578125,29.55435562133789
2024-02-08,21.669631958007812,34.68197250366211,27.54285430908203,61.71116256713867,29.435955047607422
2024-02-09,21.78940200805664,34.81609344482422,27.55226707458496,61.93423843383789,29.372203826904297
2024-02-12,21.77097511291504,34.921485900878906,27.618160247802734,62.25028610229492,29.3266658782959
2024-02-13,21.17211151123047,33.81013488769531,27.1192626953125,62.03649139404297,28.85306739807129
2024-02-14,21.53143310546875,34.41371154785156,27.44872283935547,62.27817153930664,29.17183494567871
2024-02-15,21.881534576416016,35.161006927490234,27.74994468688965,62.8730583190918,29.481494903564453
2024-02-16,21.863109588623047,35.141841888427734,27.77818489074707,62.8637580871582,29.763832092285156
2024-02-20,21.881534576416016,35.007713317871094,27.84407615661621,63.14263153076172,29.927770614624023
2024-02-21,21.77097511291504,34.959808349609375,27.966447830200195,63.01249313354492,29.736509323120117
2024-02-22,21.982881546020508,35.295135498046875,28.427690505981445,64.04427337646484,29.95509147644043
2024-02-23,22.028947830200195,35.4388427734375,28.446516036987305,64.14651489257812,30.06438446044922
2024-02-26,21.955242156982422,35.30471420288086,28.531234741210938,64.13722229003906,29.973310470581055
2024-02-27,22.10265350341797,35.21848678588867,28.75714874267578,64.30452728271484,29.99152183532715
2024-02-28,21.844682693481445,35.007713317871094,28.700672149658203,63.830482482910156,29.672758102416992
2024-02-29,22.038162231445312,35.22806930541992,28.841867446899414,64.2487564086914,29.827587127685547
2024-03-01,22.286922454833984,35.55381393432617,28.97365379333496,65.37348937988281,29.98241424560547
2024-03-04,22.130294799804688,35.46758270263672,28.926584243774414,64.99237823486328,29.891338348388672
2024-03-05,22.0658016204834,35.42926025390625,28.823041915893555,65.3456039428711,29.88223648071289
2024-03-06,22.452760696411133,35.70710372924805,29.00189208984375,66.3401870727539,30.10992431640625
2024-03-07,22.812076568603516,36.205299377441406,29.41607093811035,66.31230163574219,30.428693771362305
2024-03-08,22.821290969848633,36.03284454345703,29.190153121948242,66.16358184814453,30.355831146240234
2024-03-11,22.489612579345703,36.13822937011719,29.208980560302734,64.69493103027344,30.410478591918945
2024-03-12,22.489612579345703,36.23403549194336,29.576093673706055,65.04815673828125,30.63817024230957
2024-03-13,22.65545082092285,36.550201416015625,29.566680908203125,64.48114776611328,30.74746322631836
2024-03-14,22.222429275512695,36.186134338378906,29.321937561035156,64.19298553466797,30.51066017150879
2024-03-15,22.139507293701172,36.14781188964844,29.34076499938965,64.66704559326172,30.437801361083984
2024-03-18,22.185575485229492,36.13822937011719,29.171327590942383,65.67093658447266,30.355831146240234
2024-03-19,22.222429275512695,36.13822937011719,29.246631622314453,65.92191314697266,30.4013671875
2024-03-20,22.498825073242188,36.65558624267578,29.604333877563477,66.43313598632812,30.720136642456055
2024-03-21,22.498825073242188,36.59810256958008,29.472549438476562,66.76776885986328,30.856754302978516
2024-03-22,22.351415634155273,36.22446060180664,29.453723907470703,66.75847625732422,30.874969482421875
2024-03-25,22.443546295166016,36.214874267578125,29.594921112060547,65.98696899414062,30.856754302978516
2024-03-26,22.369840621948242,36.13822937011719,29.72670555114746,66.27513122558594,30.884075164794922
2024-03-27,22.71994400024414,36.47355270385742,29.99968719482422,66.56327819824219,31.048011779785156
2024-03-28,22.71994400024414,36.67474365234375,29.88672637939453,66.32159423828125,31.15730094909668
2024-04-01,22.646236419677734,36.61726760864258,29.867900848388672,65.32701110839844,31.05712127685547
2024-04-02,22.590957641601562,36.4448127746582,29.510202407836914,64.99237823486328,30.984256744384766
2024-04-03,22.637025833129883,36.59810256958008,29.7925968170166,65.43854522705078,31.129980087280273
2024-04-04,22.508037567138672,36.43523025512695,29.529029846191406,64.75999450683594,30.993364334106445
2024-04-05,22.627811431884766,36.684329986572266,29.510202407836914,64.94590759277344,31.111764907836914
2024-04-08,22.756797790527344,36.732234954833984,29.72670555114746,65.27123260498047,31.221057891845703
2024-04-09,22.894996643066406,36.90468215942383,29.519615173339844,65.51292419433594,31.27570915222168
2024-04-10,22.379053115844727,36.368167877197266,29.15250015258789,64.49044036865234,31.048011779785156
2024-04-11,22.43433380126953,36.176551818847656,29.0395450592041,65.05744934082031,31.048011779785156
2024-04-12,22.01973533630371,35.59213638305664,28.474756240844727,64.19298553466797,30.711029052734375
2024-04-15,21.863109588623047,35.333457946777344,28.484169006347656,63.92342758178711,30.619951248168945
2024-04-16,21.411659240722656,35.08435821533203,28.23942756652832,63.03107833862305,30.246538162231445
2024-04-17,21.651203155517578,35.22806930541992,28.380624771118164,62.361820220947266,30.428693771362305
2024-04-18,21.466938018798828,35.30471420288086,28.277080535888672,62.1759147644043,30.355831146240234
2024-04-19,21.522218704223633,35.55381393432617,28.24884033203125,61.804107666015625,30.501556396484375
2024-04-22,21.78940200805664,35.79332733154297,28.597126007080078,62.436180114746094,30.89318084716797
2024-04-23,21.982881546020508,36.11907196044922,29.114849090576172,62.57561492919922,31.211952209472656
2024-04-24,21.85389518737793,35.79332733154297,28.98306655883789,62.84518051147461,31.175518035888672
2024-04-25,21.72490882873535,35.92745590209961,28.888933181762695,61.869171142578125,31.47607421875
2024-04-26,21.85389518737793,36.052005767822266,29.14308738708496,62.39900207519531,31.721982955932617
2024-04-29,22.047374725341797,36.099910736083984,29.161914825439453,62.96601104736328,31.858596801757812
2024-04-30,21.50379180908203,35.37177658081055,28.67243194580078,62.52913284301758,31.60357666015625
2024-05-01,21.54985809326172,35.39093780517578,28.606538772583008,62.38042068481445,31.503398895263672
2024-05-02,21.946029663085938,35.774166107177734,28.907758712768555,63.64456558227539,31.922348022460938
2024-05-03,22.259281158447266,35.99452209472656,29.133676528930664,64.37889862060547,32.18647384643555
2024-05-06,22.498825073242188,36.521453857421875,29.444311141967773,64.75999450683594,32.386844635009766
2024-05-07,22.692304611206055,36.41606521606445,29.73611831665039,64.0535659790039,32.487022399902344
2024-05-08,22.57253074645996,36.31068420410156,29.80200958251953,63.244869232177734,32.568992614746094
2024-05-09,22.56332015991211,36.67474365234375,30.17853546142578,63.52373504638672,32.842220306396484
2024-05-10,22.554105758666992,36.588523864746094,30.291494369506836,63.161216735839844,32.9241943359375
2024-05-13,22.590957641601562,36.511878967285156,30.28207778930664,62.910240173339844,32.94240951538086
2024-05-14,22.71994400024414,36.540618896484375,30.46092987060547,63.40289306640625,33.17009735107422
2024-05-15,23.051620483398438,36.693912506103516,30.81863021850586,64.10933685302734,33.4160041809082
2024-05-16,23.15296745300293,36.693912506103516,30.451513290405273,63.45866394042969,33.3886833190918
2024-05-17,23.25431251525879,36.97174835205078,30.517404556274414,63.8862419128418,33.46154022216797
2024-05-20,23.116113662719727,37.00048828125,30.479755401611328,64.34170532226562,33.35224914550781
2024-05-21,23.143756866455078,36.90468215942383,30.442102432250977,63.96989822387695,33.47064971923828
2024-05-22,22.701519012451172,36.578941345214844,30.197362899780273,63.226280212402344,33.21563720703125
2024-05-23,22.57253074645996,36.24361801147461,30.05616569519043,62.94742965698242,32.87865447998047
2024-05-24,22.766010284423828,36.62684631347656,30.385622024536133,63.63527297973633,33.09724044799805
2024-05-28,22.68309211730957,36.540618896484375,30.347972869873047,63.99778747558594,32.88776397705078
2024-05-29,22.296133041381836,35.74542236328125,29.8773136138916,62.715049743652344,32.45969772338867
2024-05-30,22.508037567138672,36.11907196044922,29.914966583251953,63.26346206665039,32.73292922973633
2024-05-31,22.710729598999023,36.65558624267578,30.17853546142578,64.10933685302734,33.079017639160156
2024-06-03,22.858144760131836,36.34900665283203,30.310319900512695,64.509033203125,32.98794937133789
2024-06-04,22.710729598999023,36.03284454345703,30.103229522705078,64.58338928222656,32.905975341796875
2024-06-05,22.98712921142578,36.25320053100586,30.385622024536133,64.3974838256836,32.99705505371094
2024-06-06,23.125329971313477,36.396907806396484,30.442102432250977,64.36029815673828,33.15188217163086
2024-06-07,22.793651580810547,35.88913345336914,30.07499122619629,63.8862419128418,32.72382354736328
2024-06-10,22.821290969848633,35.956199645996094,29.933792114257812,64.45325469970703,32.80579376220703
2024-06-11,22.585573196411133,35.674781799316406,29.652217864990234,63.731292724609375,32.381526947021484
2024-06-12,22.914262771606445,35.887542724609375,30.230796813964844,64.0403060913086,32.84571075439453
2024-06-13,22.782787322998047,35.39433670043945,29.5172176361084,62.87916946411133,32.57648468017578
2024-06-14,22.623138427734375,35.3363151550293,28.938634872436523,62.86044692993164,32.40937423706055
2024-06-17,22.688875198364258,35.27829360961914,29.208641052246094,62.373512268066406,32.474365234375
2024-06-18,22.942434310913086,35.31697463989258,29.208641052246094,62.42033767700195,32.54862976074219
2024-06-20,22.970609664916992,35.3363151550293,29.266496658325195,62.25178527832031,32.8178596496582
2024-06-21,22.886089324951172,35.287960052490234,29.10256576538086,61.811676025390625,32.59505081176758
2024-06-24,22.970609664916992,35.85852813720703,29.391857147216797,62.27988052368164,32.91997528076172
2024-06-25,23.02695655822754,35.80050277709961,29.353286743164062,63.26309585571289,32.73430252075195
2024-06-26,22.76400375366211,35.713470458984375,29.285785675048828,63.028995513916016,32.530067443847656
2024-06-27,22.970609664916992,35.99391555786133,29.4593563079834,63.347373962402344,32.41865921020508
2024-06-28,22.942434310913086,35.868194580078125,29.526859283447266,63.89984130859375,32.381526947021484
2024-07-01,22.857913970947266,35.713470458984375,29.661861419677734,63.47846603393555,32.32582092285156
2024-07-02,22.93304443359375,36.09061813354492,29.430429458618164,64.48040771484375,32.37224197387695
2024-07-03,23.280515670776367,36.58382034301758,29.874008178710938,65.07034301757812,32.697174072265625
2024-07-05,23.43077278137207,36.3807373046875,30.192224502563477,65.51045227050781,32.92926788330078
2024-07-08,23.224166870117188,36.4194221496582,30.04758071899414,65.19207763671875,32.85499572753906
2024-07-09,23.26173210144043,36.303375244140625,29.70043182373047,65.54791259765625,32.64146423339844
2024-07-10,23.609201431274414,36.86426544189453,30.086153030395508,66.74649810791016,32.98496627807617
2024-07-11,23.72189712524414,37.11570739746094,30.307941436767578,66.49366760253906,33.21706008911133
2024-07-12,24.069366455078125,37.33812713623047,30.78044891357422,66.8588638305664,33.44915008544922
2024-07-15,23.984848022460938,37.328453063964844,30.471872329711914,66.54048156738281,33.16135787963867
2024-07-16,24.031801223754883,37.744285583496094,30.50080108642578,67.32707214355469,33.25419235229492
2024-07-17,23.862764358520508,37.4735107421875,30.365800857543945,66.93377685546875,33.374881744384766
2024-07-18,23.581029891967773,37.18339538574219,30.066865921020508,65.92247009277344,33.059234619140625
2024-07-19,23.43077278137207,37.11570739746094,29.767934799194336,65.51045227050781,32.96639633178711
2024-07-22,23.505901336669922,37.376808166503906,30.250083923339844,65.82882690429688,33.2077751159668
2024-07-23,23.37442398071289,37.1253662109375,30.27901268005371,65.77263641357422,32.93854522705078
2024-07-24,22.961219787597656,36.796573638916016,29.931865692138672,64.48040771484375,32.79001235961914
2024-07-25,22.84852409362793,36.74821853637695,29.83543586730957,63.4691047668457,32.96639633178711
2024-07-26,23.177213668823242,37.06734848022461,30.192224502563477,64.32122802734375,33.43986892700195
2024-07-29,23.01756477355957,36.96097183227539,29.902935028076172,64.4710464477539,33.31917953491211
2024-07-30,23.167823791503906,37.08668899536133,29.94150733947754,64.5553207397461,33.30061340332031
2024-07-31,23.496509552001953,37.637908935546875,29.999366760253906,66.45621490478516,33.66267395019531
2024-08-01,22.942434310913086,36.796573638916016,29.266496658325195,63.253726959228516,33.105655670166016
2024-08-02,22.557401657104492,35.974571228027344,29.063993453979492,60.53817367553711,32.92926788330078
2024-08-05,21.796720504760742,35.31697463989258,28.504701614379883,59.39576721191406,32.01017379760742
2024-08-06,22.172365188598633,35.819847106933594,28.43720054626465,59.1054801940918,32.112300872802734
2024-08-07,22.125410079956055,35.80050277709961,28.52398681640625,60.08869934082031,32.23298645019531
2024-08-08,22.64192008972168,36.4194221496582,28.957923889160156,61.36220932006836,32.66931915283203
2024-08-09,22.81096076965332,36.58382034301758,29.083280563354492,61.212379455566406,32.86427688598633
2024-08-12,22.773393630981445,36.651519775390625,29.025423049926758,61.54949188232422,32.96639633178711
2024-08-13,23.13025665283203,37.16405487060547,29.430429458618164,63.30991744995117,33.39344787597656
2024-08-14,22.98938751220703,37.386474609375,29.5750732421875,63.40355682373047,33.52342224121094
2024-08-15,23.195995330810547,37.811981201171875,29.951148986816406,64.62088012695312,33.83906936645508
2024-08-16,23.43077278137207,37.976383209228516,30.27901268005371,64.95797729492188,33.87620162963867
2024-08-19,23.85337257385254,38.24715805053711,30.62615966796875,65.885009765625,34.15471267700195
2024-08-20,23.72189712524414,38.15045166015625,30.577945709228516,65.56663513183594,33.86691665649414
2024-08-21,23.975454330444336,38.33419418334961,30.89616584777832,66.32511901855469,34.210411071777344
2024-08-22,23.731287002563477,38.160125732421875,30.712947845458984,65.83818817138672,34.14543151855469
2024-08-23,24.322927474975586,38.88541793823242,31.262596130371094,67.35515594482422,34.72101974487305
2024-08-26,24.29475212097168,39.04014587402344,31.175813674926758,66.51239013671875,34.702449798583984
2024-08-27,24.24779510498047,39.02080535888672,31.359027862548828,67.16788482666016,34.915977478027344
2024-08-28,24.21962547302246,38.730690002441406,31.301170349121094,66.8775863647461,34.702449798583984
2024-08-29,24.46379280090332,38.90475845336914,31.310813903808594,66.9899673461914,34.878841400146484
2024-08-30,24.29475212097168,39.15619659423828,31.465103149414062,67.39260864257812,34.84170150756836
2024-09-03,23.947282791137695,38.47925567626953,31.021522521972656,66.38129425048828,34.173282623291016
2024-09-04,23.91910743713379,38.575958251953125,31.002239227294922,65.6977310180664,34.23826599121094
2024-09-05,24.022411346435547,38.46957778930664,31.108308792114258,66.09102630615234,34.23826599121094
2024-09-06,23.59041976928711,38.015071868896484,30.54901695251465,63.7593879699707,33.87620162963867
2024-09-09,24.00362777709961,38.44057083129883,30.790090560913086,64.92051696777344,34.0990104675293
2024-09-10,23.900327682495117,38.24715805053711,30.481517791748047,64.74259948730469,33.8947639465332
2024-09-11,24.050582885742188,38.730690002441406,30.674373626708984,65.1358871459961,34.00617218017578
2024-09-12,24.46379280090332,39.06916427612305,30.982952117919922,65.7820053100586,34.15471267700195
2024-09-13,24.379270553588867,39.20454788208008,31.243314743041992,65.42618560791016,34.256832122802734
2024-09-16,24.745525360107422,39.45598602294922,31.436172485351562,66.05355834960938,34.62818145751953
2024-09-17,24.604658126831055,39.33993911743164,31.387956619262695,65.2763442993164,34.37752151489258
2024-09-18,24.557703018188477,39.15619659423828,31.416887283325195,64.97669982910156,34.34038162231445
2024-09-19,25.186904907226562,39.794456481933594,31.908681869506836,66.69967651367188,34.80457305908203
2024-09-20,24.895782470703125,39.755767822265625,31.522958755493164,66.73712921142578,34.386802673339844
2024-09-23,25.02725601196289,39.98786163330078,31.609745025634766,67.13977813720703,34.702449798583984
2024-09-24,25.24325180053711,40.287654876708984,31.976179122924805,66.55921936035156,34.84170150756836
2024-09-25,24.830045700073242,40.05555725097656,31.7254638671875,66.43748474121094,34.6374626159668
2024-09-26,25.32777214050293,40.287654876708984,32.49690246582031,68.34774017333984,34.9623908996582
2024-09-27,25.40289878845215,40.08456802368164,32.718692779541016,66.55921936035156,34.971675872802734
2024-09-30,25.459247589111328,40.15226364135742,32.63190460205078,66.9899673461914,34.73029708862305
2024-10-01,25.271427154541016,40.268310546875,32.17868423461914,67.0835952758789,34.665313720703125
2024-10-02,25.262035369873047,40.2296257019043,32.02439498901367,66.69967651367188,34.572479248046875
2024-10-03,25.00847625732422,40.05555725097656,31.715818405151367,66.43748474121094,34.19184875488281
2024-10-04,24.848825454711914,40.29732131958008,31.899036407470703,67.30833435058594,34.32181930541992
2024-10-07,24.764307022094727,40.06523132324219,31.5808162689209,66.52176666259766,34.14543151855469
2024-10-08,24.689180374145508,39.78478240966797,31.735103607177734,66.72777557373047,33.82978439331055
2024-10-09,24.62343978881836,39.997535705566406,31.908681869506836,66.38129425048828,33.99688720703125
2024-10-10,24.717350006103516,40.03622055053711,31.792964935302734,66.39067077636719,33.959754943847656
2024-10-11,24.886390686035156,40.2296257019043,32.00510787963867,66.5311279296875,33.93190383911133
2024-10-14,24.91456413269043,40.23930358886719,32.17868423461914,66.64348602294922,34.173282623291016
2024-10-15,24.764307022094727,40.113582611083984,31.976179122924805,65.2763442993164,33.8947639465332
2024-10-16,24.848825454711914,40.4907341003418,31.899036407470703,65.66963958740234,34.173282623291016
2024-10-17,24.848825454711914,40.50040817260742,31.91832160949707,65.32318115234375,34.23826599121094
2024-10-18,24.94273567199707,40.65513610839844,32.16904067993164,65.66963958740234,34.358951568603516
2024-10-21,24.614046096801758,40.39402770996094,31.7833194732666,64.58341217041016,34.03402328491211
2024-10-22,24.548311233520508,40.4423828125,31.609745025634766,63.731292724609375,33.94118881225586
2024-10-23,24.266578674316406,40.15226364135742,31.387956619262695,62.42969512939453,33.625545501708984
2024-10-24,24.407445907592773,40.07490158081055,31.696533203125,62.944725036621094,33.783363342285156
2024-10-25,24.21962547302246,39.80412292480469,31.551889419555664,62.96344757080078,33.541988372802734
2024-10-28,24.322927474975586,40.06523132324219,31.850820541381836,63.394187927246094,33.87620162963867
2024-10-29,24.153884887695312,39.91050338745117,31.7061767578125,64.01220703125,33.58840560913086
2024-10-30,24.022411346435547,39.8718147277832,31.368671417236328,64.06840515136719,33.30061340332031
2024-10-31,23.80641746520996,39.29158401489258,31.166168212890625,63.740657806396484,33.00353240966797
2024-11-01,23.900327682495117,39.33026123046875,31.281883239746094,63.65637969970703,33.189205169677734
2024-11-04,23.928497314453125,39.55268859863281,31.262596130371094,63.712562561035156,33.244911193847656
2024-11-05,24.29475212097168,39.997535705566406,31.686891555786133,64.67704772949219,33.44915008544922
2024-11-06,24.14449119567871,40.21029281616211,30.78044891357422,64.96733856201172,33.09637451171875
2024-11-07,24.858217239379883,40.771183013916016,31.503673553466797,65.52919006347656,33.365596771240234
2024-11-08,24.360490798950195,40.3166618347168,30.95401954650879,65.01415252685547,32.799293518066406
2024-11-11,24.351099014282227,40.4907341003418,31.089027404785156,65.17333984375,32.76215744018555
2024-11-12,23.947282791137695,40.85822296142578,30.452587127685547,64.14330291748047,32.14943313598633
2024-11-13,23.956674575805664,40.7518424987793,30.124725341796875,63.431636810302734,32.121578216552734
2024-11-14,24.00362777709961,40.693817138671875,30.41401481628418,63.506561279296875,32.084449768066406
2024-11-15,24.013017654418945,40.34567642211914,30.452587127685547,63.19754409790039,32.019466400146484
2024-11-18,24.341707229614258,40.64546203613281,30.471872329711914,63.56273651123047,32.35367202758789
2024-11-19,24.548311233520508,40.887229919433594,30.365800857543945,63.4691047668457,32.26083755493164
2024-11-20,24.398052215576172,40.81953430175781,30.221155166625977,63.00089645385742,32.26083755493164
2024-11-21,24.642223358154297,41.52548599243164,30.153654098510742,63.17881774902344,32.44651412963867
2024-11-22,24.717350006103516,41.55450439453125,30.28865623474121,63.628292083740234,32.650753021240234
2024-11-25,24.717350006103516,41.477134704589844,30.587587356567383,64.06840515136719,32.80857849121094
2024-11-26,24.388662338256836,41.196685791015625,30.433300018310547,63.740657806396484,32.6600341796875
2024-11-27,24.651615142822266,41.41911315917969,30.587587356567383,63.56273651123047,33.02210235595703
2024-11-29,24.82065200805664,41.82527160644531,31.117952346801758,65.25762176513672,33.23562240600586
2024-12-02,24.75491714477539,41.680213928222656,31.310813903808594,66.05355834960938,33.17992401123047
2024-12-03,24.689180374145508,41.58351516723633,31.436172485351562,66.99932861328125,33.309898376464844
2024-12-04,24.538921356201172,41.54482650756836,31.8411808013916,66.62477111816406,33.309898376464844
2024-12-05,24.50135612487793,41.854286193847656,32.246185302734375,66.5030288696289,33.541988372802734
2024-12-06,24.135103225708008,41.46746826171875,32.197967529296875,66.55921936035156,33.32846450805664
2024-12-09,24.435619354248047,41.29339599609375,32.01475524902344,65.97865295410156,33.48628234863281
2024-12-10,24.022411346435547,41.128990173339844,31.91832160949707,65.62281799316406,33.189205169677734
2024-12-11,24.069366455078125,41.351417541503906,31.995468139648438,66.54985809326172,33.39344787597656
2024-12-12,23.66554832458496,40.761512756347656,31.8411808013916,65.89437866210938,33.040672302246094
2024-12-13,23.571638107299805,40.62612533569336,31.937606811523438,65.11715698242188,32.96639633178711
2024-12-16,23.618593215942383,40.423038482666016,31.83153533935547,64.78005981445312,32.892127990722656
2024-12-17,23.682573318481445,40.17805099487305,31.5808162689209,64.55561065673828,32.803035736083984
2024-12-18,22.899520874023438,39.05110549926758,30.925094604492188,62.938865661621094,32.073238372802734
2024-12-19,22.75628089904785,38.84531784057617,30.80937957763672,63.13859176635742,31.912113189697266
2024-12-20,22.698984146118164,39.12950134277344,30.857593536376953,62.96739959716797,31.931068420410156
2024-12-23,23.014114379882812,39.345096588134766,30.925094604492188,63.23369216918945,32.08271408081055
2024-12-24,23.109609603881836,39.64887619018555,31.146881103515625,63.195648193359375,32.291229248046875
2024-12-26,23.22420310974121,39.60968017578125,31.25295639038086,63.92794418334961,32.319664001464844
2024-12-27,22.97591781616211,39.413692474365234,30.99259376525879,64.41297149658203,32.186973571777344
2024-12-30,22.889972686767578,39.28629684448242,30.76116371154785,63.87088394165039,32.08271408081055
2024-12-31,22.784929275512695,39.492088317871094,30.684019088745117,63.813812255859375,32.13010787963867
