Date,DBC,GLD,SPY,TLT
2010-01-04,21.338844299316406,109.80000305175781,84.5784683227539,55.50453186035156
2010-01-05,21.364208221435547,109.69999694824219,84.80235290527344,55.86297607421875
2010-01-06,21.744653701782227,111.51000213623047,84.8620834350586,55.115203857421875
2010-01-07,21.47411346435547,110.81999969482422,85.22029876708984,55.207889556884766
2010-01-08,21.457204818725586,111.37000274658203,85.5038833618164,55.18315124511719
2010-01-11,21.389570236206055,112.8499984741211,85.62330627441406,54.88032150268555
2010-01-12,20.933032989501953,110.48999786376953,84.82476806640625,55.81971740722656
2010-01-13,20.94994354248047,111.54000091552734,85.54122161865234,55.17080307006836
2010-01-14,20.840036392211914,112.02999877929688,85.7725830078125,55.94329071044922
2010-01-15,20.603315353393555,110.86000061035156,84.80979919433594,56.28942108154297
2010-01-19,20.73858642578125,111.5199966430664,85.86956787109375,56.12873077392578
2010-01-20,20.349685668945312,108.94000244140625,84.99637603759766,56.69729232788086
2010-01-21,20.096054077148438,107.37000274658203,83.36202239990234,56.9568977355957
2010-01-22,19.884693145751953,107.16999816894531,81.50370025634766,56.857994079589844
2010-01-25,19.977689743041992,107.4800033569336,81.92162322998047,56.598445892333984
2010-01-26,19.75787925720215,107.55999755859375,81.57835388183594,56.616947174072266
2010-01-27,19.470428466796875,106.52999877929688,81.96641540527344,56.586082458496094
2010-01-28,19.40279197692871,106.4800033569336,81.02606964111328,56.55515670776367
2010-01-29,19.182979583740234,105.95999908447266,80.14544677734375,57.049617767333984
2010-02-01,19.64797019958496,108.3499984741211,81.39178466796875,56.53173065185547
2010-02-02,20.07068634033203,109.12999725341797,82.37689971923828,56.69300079345703
2010-02-03,19.825510025024414,108.69999694824219,81.96641540527344,56.035552978515625
2010-02-04,19.166072845458984,104.37000274658203,79.43645477294922,56.92245101928711
2010-02-05,18.9208927154541,104.68000030517578,79.60062408447266,57.04649353027344
2010-02-08,18.929349899291992,104.04000091552734,79.0260009765625,57.12094497680664
2010-02-09,19.26752471923828,105.41000366210938,80.01856994628906,56.55031967163086
2010-02-10,19.343610763549805,105.12000274658203,79.86187744140625,56.01072692871094
2010-02-11,19.571882247924805,107.12999725341797,80.69771575927734,55.706825256347656
2010-02-12,19.46197509765625,107.04000091552734,80.63053131103516,55.93633270263672
2010-02-16,20.05377960205078,109.62000274658203,81.89923858642578,56.041778564453125
2010-02-17,19.952327728271484,109.25,82.2873306274414,55.402957916259766
2010-02-18,20.12986946105957,109.9800033569336,82.77245330810547,55.17967224121094
2010-02-19,20.248231887817383,109.47000122070312,82.94410705566406,55.47736740112305
2010-02-22,20.138324737548828,109.06999969482422,82.95902252197266,55.247920989990234
2010-02-23,19.808603286743164,107.88999938964844,81.95148468017578,56.10997009277344
2010-02-24,19.969234466552734,107.36000061035156,82.70527648925781,56.24643325805664
2010-02-25,19.631059646606445,108.30999755859375,82.59326171875,56.56270217895508
2010-02-26,19.977689743041992,109.43000030517578,82.64556121826172,56.85422134399414
2010-03-01,19.774784088134766,109.43000030517578,83.50379943847656,56.82933044433594
2010-03-02,19.986146926879883,111.0199966430664,83.7351303100586,56.75470733642578
2010-03-03,20.18059539794922,111.62999725341797,83.8097915649414,56.61159896850586
2010-03-04,20.003053665161133,110.83000183105469,84.06356048583984,56.91020202636719
2010-03-05,20.239776611328125,110.80999755859375,85.26506805419922,56.16358947753906
2010-03-08,20.214412689208984,109.87999725341797,85.280029296875,55.87120819091797
2010-03-09,19.994598388671875,109.72000122070312,85.42178344726562,55.88362503051758
2010-03-10,20.05377960205078,108.47000122070312,85.80241394042969,55.740535736083984
2010-03-11,20.003053665161133,108.5999984741211,86.16065979003906,55.94587326049805
2010-03-12,19.884693145751953,107.94999694824219,86.1681137084961,56.29426956176758
2010-03-15,19.64797019958496,108.36000061035156,86.19048309326172,56.21959686279297
2010-03-16,19.910057067871094,110.4000015258789,86.87710571289062,56.667564392089844
2010-03-17,20.087596893310547,109.58999633789062,87.39203643798828,56.91020202636719
2010-03-18,20.04532241821289,110.33999633789062,87.34725189208984,56.72358322143555
2010-03-19,19.800151824951172,108.27999877929688,86.9051513671875,56.77958297729492
2010-03-22,19.800151824951172,107.75,87.3697509765625,56.841758728027344
2010-03-23,19.715604782104492,108.31999969482422,87.98422241210938,56.574222564697266
2010-03-24,19.495790481567383,106.30000305175781,87.55706787109375,55.54145812988281
2010-03-25,19.38588523864746,106.77999877929688,87.41468811035156,55.18683624267578
2010-03-26,19.419700622558594,108.58999633789062,87.36225891113281,55.342369079589844
2010-03-29,19.859329223632812,108.75,87.91677856445312,55.13077163696289
2010-03-30,19.90160369873047,107.97000122070312,87.97673034667969,55.30499267578125
2010-03-31,19.884693145751953,108.94999694824219,87.6769790649414,55.684539794921875
2010-04-01,20.273591995239258,110.26000213623047,88.2765121459961,55.548431396484375
2010-04-05,20.594860076904297,110.88999938964844,88.99588012695312,54.62413024902344
2010-04-06,20.577953338623047,111.02999877929688,89.2057113647461,54.71160888671875
2010-04-07,20.501863479614258,112.48999786376953,88.6961441040039,55.4109992980957
2010-04-08,20.46804428100586,112.6500015258789,89.00337982177734,55.436012268066406
2010-04-09,20.51031494140625,113.63999938964844,89.5879135131836,55.567134857177734
2010-04-12,20.493406295776367,113.01000213623047,89.73027801513672,55.86065673828125
2010-04-13,20.569496154785156,112.69000244140625,89.79771423339844,56.041717529296875
2010-04-14,20.80621910095215,113.02999877929688,90.81688690185547,55.648311614990234
2010-04-15,20.88231086730957,113.6500015258789,90.89181518554688,55.710750579833984
2010-04-16,20.501863479614258,111.23999786376953,89.44551086425781,56.116661071777344
2010-04-19,20.239776611328125,111.1500015258789,89.78274536132812,55.979278564453125
2010-04-20,20.400409698486328,111.45999908447266,90.58454895019531,56.179141998291016
2010-04-21,20.501863479614258,112.30999755859375,90.41969299316406,56.64121627807617
2010-04-22,20.552589416503906,111.83999633789062,90.68946838378906,56.47262954711914
2010-04-23,20.68785858154297,113.19000244140625,91.2814712524414,56.27280807495117
2010-04-26,20.586406707763672,112.75,90.93679809570312,56.335243225097656
2010-04-27,20.273591995239258,114.62999725341797,88.78608703613281,57.12834548950195
2010-04-28,20.341228485107422,114.30999755859375,89.46048736572266,56.64121627807617
2010-04-29,20.501863479614258,114.27999877929688,90.56957244873047,56.8785400390625
2010-04-30,20.66249656677246,115.36000061035156,89.03336334228516,57.53428268432617
2010-05-03,20.763948440551758,115.7300033569336,90.1873779296875,57.45906448364258
2010-05-04,20.205961227416992,114.87000274658203,88.06663513183594,58.493045806884766
2010-05-05,19.749422073364258,115.08999633789062,87.5420913696289,58.837730407714844
2010-05-06,19.360519409179688,118.48999786376953,84.63455200195312,60.655059814453125
2010-05-07,19.259069442749023,118.2699966430664,83.37559509277344,59.89682388305664
2010-05-10,19.631059646606445,117.56999969482422,87.04751586914062,58.655982971191406
2010-05-11,19.597244262695312,120.66000366210938,86.80022430419922,58.505638122558594
2010-05-12,19.75787925720215,121.4000015258789,88.01422882080078,58.06068801879883
2010-05-13,19.588788986206055,120.55999755859375,86.92012023925781,58.44295883178711
2010-05-14,19.08997917175293,120.37000274658203,85.34640502929688,59.458152770996094
2010-05-17,18.548900604248047,119.36000061035156,85.39136505126953,59.23881530761719
2010-05-18,18.523540496826172,119.48999786376953,84.22985076904297,60.1474723815918
2010-05-19,18.354448318481445,116.62999725341797,83.75025939941406,60.34803771972656
2010-05-20,17.974002838134766,115.83999633789062,80.58787536621094,61.620147705078125
2010-05-21,18.159997940063477,115.22000122070312,81.76441955566406,61.68280029296875
2010-05-24,18.143091201782227,116.83999633789062,80.71527862548828,61.469703674316406
2010-05-25,17.99936866760254,117.36000061035156,80.79771423339844,61.7705192565918
2010-05-26,18.193817138671875,118.47000122070312,80.31060791015625,61.59510803222656
2010-05-27,18.726442337036133,118.69000244140625,83.00086975097656,60.197601318359375
2010-05-28,18.56580924987793,118.87999725341797,81.9592514038086,60.47335433959961
2010-06-01,18.21917724609375,119.91000366210938,80.58039093017578,60.898414611816406
2010-06-02,18.438993453979492,119.77999877929688,82.67863464355469,60.3199577331543
2010-06-03,18.540447235107422,117.95999908447266,82.9634017944336,59.879764556884766
2010-06-04,17.965551376342773,119.19000244140625,80.0483169555664,61.489463806152344
2010-06-07,17.99936866760254,121.48999786376953,79.05168914794922,61.96102523803711
2010-06-08,18.143091201782227,121.0,79.89845275878906,61.65298843383789
2010-06-09,18.227636337280273,120.55999755859375,79.47135162353516,61.58378601074219
2010-06-10,18.53199005126953,118.97000122070312,81.7944107055664,60.48344039916992
2010-06-11,18.557355880737305,120.01000213623047,82.19153594970703,61.25052261352539
2010-06-14,18.608081817626953,119.5999984741211,82.06415557861328,60.936126708984375
2010-06-15,18.9208927154541,120.98999786376953,83.93012237548828,60.684593200683594
2010-06-16,18.963165283203125,120.33000183105469,83.90011596679688,61.030426025390625
2010-06-17,18.971620559692383,121.9000015258789,84.03501892089844,61.52717590332031
2010-06-18,18.937803268432617,122.83000183105469,84.1261215209961,61.42658233642578
2010-06-21,18.861711502075195,120.38999938964844,83.88518524169922,61.25052261352539
2010-06-22,18.819442749023438,121.44999694824219,82.49977111816406,61.97990417480469
2010-06-23,18.506629943847656,120.94999694824219,82.24378967285156,62.40119171142578
2010-06-24,18.548900604248047,121.30000305175781,80.8809585571289,62.03022384643555
2010-06-25,18.88707733154297,122.76000213623047,81.21975708007812,62.281761169433594
2010-06-28,18.68416976928711,121.08999633789062,80.96378326416016,62.86655044555664
2010-06-29,18.168453216552734,121.2699966430664,78.46399688720703,63.551876068115234
2010-06-30,18.236087799072266,121.68000030517578,77.71857452392578,63.9794921875
2010-07-01,17.957096099853516,117.04000091552734,77.37222290039062,64.08039093017578
2010-07-02,17.92327880859375,118.48999786376953,76.95057678222656,63.569461822509766
2010-07-06,17.974002838134766,116.51000213623047,77.45507049560547,64.09300994873047
2010-07-07,18.379812240600586,117.7300033569336,79.89458465576172,63.342472076416016
2010-07-08,18.548900604248047,117.20999908447266,80.68521118164062,62.93878936767578
2010-07-09,18.582717895507812,118.36000061035156,81.28756713867188,62.579322814941406
2010-07-12,18.371360778808594,117.33999633789062,81.34021759033203,62.55405044555664
2010-07-13,18.66726303100586,118.36000061035156,82.56754302978516,62.01796340942383
2010-07-14,18.633447647094727,118.30000305175781,82.55999755859375,62.64237594604492
2010-07-15,18.810985565185547,118.2300033569336,82.5826187133789,63.26679992675781
2010-07-16,18.574262619018555,116.66999816894531,80.30870056152344,63.57582473754883
2010-07-19,18.557355880737305,115.7300033569336,80.78307342529297,63.18482208251953
2010-07-20,18.70953369140625,116.6500015258789,81.67906188964844,63.279415130615234
2010-07-21,18.65880584716797,115.8499984741211,80.61743927001953,64.35160827636719
2010-07-22,19.03080177307129,116.86000061035156,82.41695404052734,63.607364654541016
2010-07-23,18.971620559692383,116.08999633789062,83.13224792480469,62.93246841430664
2010-07-26,18.954710006713867,115.5199966430664,83.99813079833984,62.82526779174805
2010-07-27,18.75180435180664,113.51000213623047,83.9906005859375,62.21979522705078
2010-07-28,18.827898025512695,113.77999877929688,83.44847869873047,62.421627044677734
2010-07-29,19.098434448242188,114.29000091552734,83.04190063476562,62.4027214050293
2010-07-30,19.352067947387695,115.48999786376953,83.02687072753906,63.37401580810547
2010-08-02,19.724058151245117,115.54000091552734,84.90164184570312,62.484371185302734
2010-08-03,19.79169464111328,115.98999786376953,84.49505615234375,62.84500503540039
2010-08-04,19.96078109741211,116.72000122070312,85.05973815917969,62.36411666870117
2010-08-05,19.86778450012207,116.9800033569336,84.96942138671875,62.65515899658203
2010-08-06,19.690242767333984,117.83999633789062,84.6230697631836,63.33850860595703
2010-08-09,19.75787925720215,117.4000015258789,85.07484436035156,63.104469299316406
2010-08-10,19.54651641845703,117.7300033569336,84.61555480957031,63.237361907958984
2010-08-11,19.106889724731445,117.33999633789062,82.29649353027344,64.08517456054688
2010-08-12,18.963165283203125,118.7699966430664,81.79199981689453,63.9270133972168
2010-08-13,18.946256637573242,118.73999786376953,81.55107879638672,64.72430419921875
2010-08-16,18.88707733154297,119.7300033569336,81.51344299316406,66.34412384033203
2010-08-17,19.157617568969727,119.75,82.51483917236328,65.9644775390625
2010-08-18,19.081525802612305,120.22000122070312,82.66542053222656,66.1417007446289
2010-08-19,18.88707733154297,120.38999938964844,81.227294921875,67.17301177978516
2010-08-20,18.768712997436523,119.97000122070312,80.96378326416016,67.09710693359375
2010-08-23,18.64189910888672,119.77999877929688,80.6550521850586,67.1097183227539
2010-08-24,18.430538177490234,120.36000061035156,79.4579086303711,68.18543243408203
2010-08-25,18.523540496826172,121.36000061035156,79.76657104492188,67.9639892578125
2010-08-26,18.734899520874023,120.95999908447266,79.23204040527344,68.60306549072266
2010-08-27,19.05616569519043,121.01000213623047,80.45928955078125,66.66048431396484
2010-08-30,19.02234649658203,120.91000366210938,79.29224395751953,67.9386978149414
2010-08-31,18.768712997436523,122.08000183105469,79.29224395751953,68.69161224365234
2010-09-01,19.140705108642578,121.69000244140625,81.66400909423828,67.27133178710938
2010-09-02,19.275978088378906,122.29000091552734,82.42449188232422,66.56050109863281
2010-09-03,19.377431869506836,121.86000061035156,83.49365997314453,65.73554229736328
2010-09-07,19.478883743286133,122.69999694824219,82.55247497558594,67.08094787597656
2010-09-08,19.521156311035156,122.70999908447266,83.13224792480469,66.5478515625
2010-09-09,19.411245346069336,121.55999755859375,83.51625061035156,65.23417663574219
2010-09-10,19.614154815673828,121.7300033569336,83.93788146972656,64.93585968017578
2010-09-13,19.75787925720215,121.62000274658203,84.8715591430664,65.25321197509766
2010-09-14,19.817060470581055,124.0199966430664,84.8188247680664,65.88146209716797
2010-09-15,19.783239364624023,123.94000244140625,85.14259338378906,64.90411376953125
2010-09-16,19.681787490844727,124.62999725341797,85.1200180053711,64.26316833496094
2010-09-17,19.749422073364258,124.54000091552734,85.15181732177734,64.52337646484375
2010-09-20,19.910057067871094,124.87000274658203,86.45378875732422,64.89783477783203
2010-09-21,19.69869613647461,126.01000213623047,86.2796859741211,65.79898071289062
2010-09-22,19.817060470581055,126.19999694824219,85.85582733154297,66.38917541503906
2010-09-23,19.833965301513672,126.30000305175781,85.15937805175781,66.57962036132812
2010-09-24,20.138324737548828,126.69000244140625,86.91552734375,65.68476104736328
2010-09-27,20.003053665161133,126.72000122070312,86.49922180175781,66.82707214355469
2010-09-28,20.003053665161133,127.8499984741211,86.80199432373047,67.28402709960938
2010-09-29,20.26513671875,127.94999694824219,86.650634765625,67.00474548339844
2010-09-30,20.383499145507812,127.91000366210938,86.39323425292969,66.96033477783203
2010-10-01,20.425771713256836,128.91000366210938,86.75659942626953,66.63674926757812
2010-10-04,20.358139038085938,128.4600067138672,86.1055908203125,66.80873107910156
2010-10-05,20.772401809692383,130.99000549316406,87.83905792236328,66.40746307373047
2010-10-06,20.78085708618164,131.80999755859375,87.83148956298828,67.241943359375
2010-10-07,20.569496154785156,130.3699951171875,87.72550201416016,66.68136596679688
2010-10-08,21.25429916381836,131.66000366210938,88.21755981445312,66.38831329345703
2010-10-11,21.15284538269043,132.2899932861328,88.30079650878906,66.40109252929688
2010-10-12,21.25429916381836,131.9600067138672,88.57333374023438,65.74502563476562
2010-10-13,21.35575294494629,134.07000732421875,89.26216888427734,65.64303588867188
2010-10-14,21.321935653686523,134.75,88.91394805908203,64.662109375
2010-10-15,21.085214614868164,133.67999267578125,89.09563446044922,63.87220001220703
2010-10-18,21.296573638916016,134.27999877929688,89.53466796875,64.38815307617188
2010-10-19,20.67095184326172,130.11000061035156,88.36138153076172,64.77670288085938
2010-10-20,21.16130256652832,131.32000732421875,89.22429656982422,64.91687774658203
2010-10-21,20.89921760559082,129.47000122070312,89.4211196899414,64.14611053466797
2010-10-22,21.07676124572754,129.72999572753906,89.58765411376953,64.57923889160156
2010-10-25,21.186668395996094,130.85000610351562,89.85263061523438,64.76399230957031
2010-10-26,21.296573638916016,130.8800048828125,89.86774444580078,63.763885498046875
2010-10-27,21.22893714904785,129.52000427246094,89.6103744506836,63.203338623046875
2010-10-28,21.338844299316406,131.24000549316406,89.62549591064453,63.375308990478516
2010-10-29,21.28812026977539,132.6199951171875,89.6936264038086,63.96771240234375
2010-11-01,21.423389434814453,131.9199981689453,89.72392272949219,63.6922721862793
2010-11-02,21.61783790588379,132.49000549316406,90.43547821044922,64.52942657470703
2010-11-03,21.71929359436035,131.57000732421875,90.79881286621094,63.2130241394043
2010-11-04,22.235008239746094,136.02999877929688,92.54740142822266,63.70508575439453
2010-11-05,22.328006744384766,136.3800048828125,92.89561462402344,62.612327575683594
2010-11-08,22.387187957763672,137.77999877929688,92.72152709960938,62.89349365234375
2010-11-09,22.235008239746094,135.58999633789062,92.0553970336914,61.506797790527344
2010-11-10,22.471729278564453,137.24000549316406,92.4262924194336,61.58990478515625
2010-11-11,22.285736083984375,137.66000366210938,92.07810974121094,61.55794906616211
2010-11-12,21.35575294494629,133.69000244140625,90.98805236816406,61.225650787353516
2010-11-15,21.389570236206055,132.4199981689453,90.85939025878906,59.94759750366211
2010-11-16,20.7554931640625,130.97000122070312,89.44384002685547,61.4365348815918
2010-11-17,20.594860076904297,130.3800048828125,89.48927307128906,61.097835540771484
2010-11-18,21.15284538269043,132.08999633789062,90.80638885498047,61.34709930419922
2010-11-19,20.848493576049805,132.1999969482422,91.0561752319336,61.72410202026367
2010-11-22,20.91612434387207,133.47999572753906,90.98049926757812,61.98611831665039
2010-11-23,20.865400314331055,134.41000366210938,89.66336822509766,62.2928466796875
2010-11-24,21.25429916381836,134.17999267578125,90.98805236816406,61.18095397949219
2010-11-26,21.35575294494629,133.11000061035156,89.92830657958984,62.030853271484375
2010-11-29,21.398025512695312,133.50999450683594,90.2008056640625,62.56123352050781
2010-11-30,21.195119857788086,135.4199981689453,89.6936264038086,62.887123107910156
2010-12-01,21.82074546813965,135.3800048828125,91.60118865966797,61.48923110961914
2010-12-02,22.00674057006836,135.1999969482422,92.7745132446289,61.32891845703125
2010-12-03,22.285736083984375,138.07000732421875,93.0243148803711,60.84795379638672
2010-12-06,22.260372161865234,139.11000061035156,92.9259262084961,61.70726776123047
2010-12-07,22.108192443847656,136.5,92.9788818359375,60.386199951171875
2010-12-08,22.277280807495117,134.7899932861328,93.31953430175781,59.80274200439453
2010-12-09,22.21809959411621,135.3699951171875,93.68285369873047,60.09770584106445
2010-12-10,22.184284210205078,135.41000366210938,94.22789001464844,59.732200622558594
2010-12-13,22.404096603393555,136.0500030517578,94.28844451904297,59.956642150878906
2010-12-14,22.34491539001465,136.17999267578125,94.37174987792969,59.08452606201172
2010-12-15,22.285736083984375,134.6999969482422,93.94026947021484,58.3150634765625
2010-12-16,22.209644317626953,133.80999755859375,94.48526763916016,58.71903610229492
2010-12-17,22.378732681274414,134.1999969482422,94.58649444580078,59.78989028930664
2010-12-20,22.581636428833008,135.11000061035156,94.81475067138672,59.72581100463867
2010-12-21,22.725360870361328,135.32000732421875,95.41590118408203,60.142574310302734
2010-12-22,22.843725204467773,135.0500030517578,95.71271514892578,59.71290969848633
2010-12-23,22.928268432617188,134.66000366210938,95.57572174072266,59.591129302978516
2010-12-27,22.885995864868164,135.02000427246094,95.61375427246094,60.12337112426758
2010-12-28,23.131174087524414,137.22000122070312,95.7507553100586,58.94580078125
2010-12-29,23.13962745666504,137.7100067138672,95.81920623779297,59.94321823120117
2010-12-30,22.860631942749023,137.02999877929688,95.66703033447266,59.89813232421875
2010-12-31,23.291805267333984,138.72000122070312,95.68984985351562,60.56087875366211
2011-01-03,23.393259048461914,138.0,96.67911529541016,60.104042053222656
2011-01-04,23.0804443359375,134.75,96.62584686279297,60.17487335205078
2011-01-05,23.32562255859375,134.3699951171875,97.12806701660156,58.84932327270508
2011-01-06,23.0128116607666,133.8300018310547,96.93783569335938,59.10672378540039
2011-01-07,22.928268432617188,133.5800018310547,96.7475814819336,59.422000885009766
2011-01-10,23.198810577392578,134.1199951171875,96.62584686279297,59.74372863769531
2011-01-11,23.460893630981445,134.91000366210938,96.96826934814453,59.40912628173828
2011-01-12,23.61307144165039,135.4600067138672,97.84339141845703,58.94580078125
2011-01-13,23.579254150390625,134.0500030517578,97.68358612060547,59.47349166870117
2011-01-14,23.689163208007812,132.69000244140625,98.39126586914062,59.09381103515625
2011-01-18,23.66379737854004,133.42999267578125,98.55867004394531,58.817134857177734
2011-01-19,23.6384334564209,133.72000122070312,97.59223175048828,59.241817474365234
2011-01-20,23.401710510253906,131.1999969482422,97.46290588378906,58.424625396728516
2011-01-21,23.6384334564209,131.02999877929688,97.68358612060547,58.887962341308594
2011-01-24,23.435531616210938,130.36000061035156,98.23907470703125,58.9136848449707
2011-01-25,23.13962745666504,130.10000610351562,98.29232025146484,59.47349166870117
2011-01-26,23.655344009399414,131.16000366210938,98.67280578613281,58.57265090942383
2011-01-27,23.452436447143555,127.93000030517578,98.91630554199219,58.83649444580078
2011-01-28,23.748340606689453,130.27999877929688,97.1889419555664,59.14528274536133
2011-01-31,24.120336532592773,129.8699951171875,97.9194564819336,58.69489669799805
2011-02-01,24.297876358032227,130.8000030517578,99.4870376586914,58.40437698364258
2011-02-02,24.53459930419922,130.4499969482422,99.29678344726562,58.417240142822266
2011-02-03,24.373966217041016,132.1999969482422,99.51746368408203,57.932987213134766
2011-02-04,24.23869514465332,131.66000366210938,99.79900360107422,57.345375061035156
2011-02-07,24.17106056213379,131.67999267578125,100.42301940917969,57.64241027832031
2011-02-08,24.331695556640625,133.13999938964844,100.87958526611328,57.112911224365234
2011-02-09,24.450054168701172,133.07000732421875,100.65128326416016,57.61012649536133
2011-02-10,24.306331634521484,132.85000610351562,100.6893539428711,56.945064544677734
2011-02-11,24.221790313720703,132.32000732421875,101.29048156738281,57.76511764526367
2011-02-14,24.34014892578125,132.9499969482422,101.53397369384766,57.803855895996094
2011-02-15,24.0273380279541,133.97000122070312,101.2143783569336,58.062103271484375
2011-02-16,24.204877853393555,134.10000610351562,101.85359954833984,57.874820709228516
2011-02-17,24.28096580505371,135.0399932861328,102.15795135498047,57.96525192260742
2011-02-18,24.255605697631836,135.41000366210938,102.37105560302734,57.78444290161133
2011-02-22,24.221790313720703,136.2899932861328,100.31643676757812,58.649715423583984
2011-02-23,24.762868881225586,137.50999450683594,99.70010375976562,58.8628044128418
2011-02-24,24.543054580688477,136.47999572753906,99.63158416748047,59.23731231689453
2011-02-25,25.084135055541992,137.3800048828125,100.69695281982422,59.585960388183594
2011-02-28,25.12640380859375,137.66000366210938,101.3208999633789,59.663475036621094
2011-03-01,25.506853103637695,140.02999877929688,99.63158416748047,59.83646011352539
2011-03-02,25.608306884765625,139.9199981689453,99.84464263916016,58.91658020019531
2011-03-03,25.599851608276367,138.08999633789062,101.56439208984375,58.34004592895508
2011-03-04,25.726665496826172,139.35000610351562,100.80347442626953,58.82587814331055
2011-03-07,25.608306884765625,139.72000122070312,100.01207733154297,58.450157165527344
2011-03-08,25.38848876953125,139.36000061035156,100.88717651367188,58.0938835144043
2011-03-09,25.489944458007812,139.41000366210938,100.74261474609375,58.657447814941406
2011-03-10,25.075679779052734,137.77000427246094,98.87823486328125,59.642066955566406
2011-03-11,24.93195343017578,138.22000122070312,99.56314086914062,59.30522537231445
2011-03-14,24.999591827392578,138.86000061035156,98.96194458007812,59.27931594848633
2011-03-15,24.086517333984375,136.27000427246094,97.82813262939453,60.16679763793945
2011-03-16,24.230241775512695,136.24000549316406,96.01705932617188,60.84696578979492
2011-03-17,24.98267936706543,136.97000122070312,97.28787994384766,60.38058090209961
2011-03-18,25.12640380859375,138.3699951171875,97.64170837402344,60.54252243041992
2011-03-21,25.244766235351562,139.13999938964844,99.15497589111328,60.186248779296875
2011-03-22,25.430761337280273,139.0500030517578,98.81101989746094,60.387081146240234
2011-03-23,25.481487274169922,140.33999633789062,99.09382629394531,60.309303283691406
2011-03-24,25.56603240966797,139.22000122070312,100.04147338867188,59.85589599609375
2011-03-25,25.633668899536133,139.25999450683594,100.34717559814453,59.70685577392578
2011-03-28,25.287038803100586,138.5399932861328,100.10260772705078,59.791046142578125
2011-03-29,25.430761337280273,138.2100067138672,100.775146484375,59.33112716674805
2011-03-30,25.39694595336914,138.6699981689453,101.47064971923828,59.804039001464844
2011-03-31,25.794301986694336,139.86000061035156,101.33308410644531,59.68101119995117
2011-04-01,25.971843719482422,139.1999969482422,101.7610855102539,59.97108840942383
2011-04-04,26.20856475830078,139.83999633789062,101.84513854980469,60.036136627197266
2011-04-05,26.233930587768555,142.0500030517578,101.82982635498047,59.79545593261719
2011-04-06,26.31001853942871,142.3800048828125,102.15082550048828,58.897708892822266
2011-04-07,26.36074447631836,142.50999450683594,101.89102935791016,58.7806510925293
2011-04-08,26.98636817932129,143.66000366210938,101.53943634033203,58.4683837890625
2011-04-11,26.487558364868164,142.63999938964844,101.2337417602539,58.520450592041016
2011-04-12,25.94647979736328,141.61000061035156,100.47711944580078,59.151432037353516
2011-04-13,26.149383544921875,141.89999389648438,100.46946716308594,59.52224349975586
2011-04-14,26.217018127441406,143.80999755859375,100.5458984375,59.47671127319336
2011-04-15,26.3522891998291,145.0500030517578,100.91275024414062,60.2833366394043
2011-04-18,26.19165802001953,145.92999267578125,99.78164672851562,60.41994857788086
2011-04-19,26.200111389160156,145.92999267578125,100.35479736328125,60.68013381958008
2011-04-20,26.614376068115234,146.5,101.72285461425781,60.28987503051758
2011-04-21,26.808826446533203,146.74000549316406,102.24254608154297,60.23782730102539
2011-04-25,26.73274040222168,146.8699951171875,102.13556671142578,60.46548843383789
2011-04-26,26.72428321838379,146.3800048828125,103.01446533203125,61.05094909667969
2011-04-27,26.884916305541992,149.1999969482422,103.68700408935547,60.426448822021484
2011-04-28,26.690465927124023,149.82000732421875,104.02326965332031,60.8882942199707
2011-04-29,26.969459533691406,152.3699951171875,104.2677993774414,61.07699966430664
2011-05-02,26.69891929626465,150.41000366210938,104.10733795166016,61.17494583129883
2011-05-03,26.419925689697266,149.8800048828125,103.73285675048828,61.521175384521484
2011-05-04,25.997207641601562,147.72999572753906,103.04501342773438,61.79560470581055
2011-05-05,24.255605697631836,143.47000122070312,102.11260223388672,62.38357162475586
2011-05-06,24.17951774597168,145.3000030517578,102.56355285644531,62.109195709228516
2011-05-09,25.067222595214844,147.3800048828125,102.96094512939453,62.043880462646484
2011-05-10,25.295494079589844,147.89999389648438,103.83983612060547,61.59962844848633
2011-05-11,24.483871459960938,146.5399932861328,102.74696350097656,61.95242691040039
2011-05-12,24.509235382080078,146.58999633789062,103.23607635498047,61.56040573120117
2011-05-13,24.551509857177734,145.6300048828125,102.44125366210938,62.11575698852539
2011-05-16,24.230241775512695,145.3699951171875,101.79164123535156,62.46196746826172
2011-05-17,24.28942108154297,144.74000549316406,101.77638244628906,63.1021842956543
2011-05-18,24.779775619506836,145.60000610351562,102.68582153320312,62.265987396240234
2011-05-19,24.585325241088867,145.64999389648438,102.93037414550781,62.23987579345703
2011-05-20,24.813594818115234,147.49000549316406,102.11260223388672,62.27249526977539
2011-05-23,24.416236877441406,147.8300018310547,100.92803955078125,62.57301712036133
2011-05-24,24.74595832824707,148.58999633789062,100.84396362304688,62.808189392089844
2011-05-25,25.194040298461914,148.5800018310547,101.18025207519531,62.51420211791992
2011-05-26,25.287038803100586,148.22000122070312,101.64644622802734,63.04993438720703
2011-05-27,25.430761337280273,149.6999969482422,102.03622436523438,63.02381896972656
2011-05-31,25.57448387145996,149.63999938964844,103.09852600097656,63.16755676269531
2011-06-01,25.25322151184082,149.91000366210938,100.78280639648438,64.02124786376953
2011-06-02,25.473031997680664,149.5,100.67579650878906,62.8016357421875
2011-06-03,25.57448387145996,150.22000122070312,99.67462158203125,63.16228103637695
2011-06-06,25.278581619262695,150.47999572753906,98.61996459960938,62.68367004394531
2011-06-07,25.51530647277832,150.4199981689453,98.55883026123047,62.97215270996094
2011-06-08,25.726665496826172,149.80999755859375,98.14612579345703,63.46390914916992
2011-06-09,25.870391845703125,150.55999755859375,98.89509582519531,63.20817565917969
2011-06-10,25.599851608276367,149.24000549316406,97.51946258544922,63.693458557128906
2011-06-13,25.430761337280273,147.77000427246094,97.59585571289062,63.372108459472656
2011-06-14,25.608306884765625,148.6699981689453,98.8339614868164,62.41477584838867
2011-06-15,24.923500061035156,149.1199951171875,97.07615661621094,63.54912567138672
2011-06-16,24.82204818725586,148.97000122070312,97.29016876220703,63.83763122558594
2011-06-17,24.712142944335938,149.94000244140625,97.58047485351562,63.5359992980957
2011-06-20,24.576871871948242,150.02999877929688,98.07971954345703,63.61469650268555
2011-06-21,24.593778610229492,150.75999450683594,99.42378234863281,63.332740783691406
2011-06-22,24.703685760498047,150.99000549316406,98.82471466064453,63.372108459472656
2011-06-23,24.17951774597168,148.33999633789062,98.5405502319336,63.857276916503906
2011-06-24,23.892065048217773,146.25999450683594,97.39614868164062,63.588504791259766
2011-06-27,23.883615493774414,145.72999572753906,98.2640609741211,62.71642303466797
2011-06-28,24.306331634521484,146.24000549316406,99.54667663574219,62.211524963378906
2011-06-29,24.74595832824707,147.17999267578125,100.39920806884766,61.798484802246094
2011-06-30,24.483871459960938,146.0,101.3592758178711,61.70010757446289
2011-07-01,24.51769256591797,144.92999267578125,102.8569564819336,61.60143280029297
2011-07-05,24.847412109375,147.6300048828125,102.77249908447266,61.73958206176758
2011-07-06,24.83895492553711,148.91000366210938,102.8953628540039,62.05538558959961
2011-07-07,25.363126754760742,149.14999389648438,103.9629898071289,61.87113952636719
2011-07-08,25.3377628326416,150.25,103.22563171386719,62.746238708496094
2011-07-11,25.143314361572266,151.58999633789062,101.3592758178711,63.68701934814453
2011-07-12,25.363126754760742,152.77000427246094,100.92147827148438,63.90412902832031
2011-07-13,25.70975685119629,154.13999938964844,101.25943756103516,64.08180236816406
2011-07-14,25.56603240966797,154.5399932861328,100.56048583984375,63.167301177978516
2011-07-15,25.794301986694336,155.1999969482422,101.14425659179688,63.272579193115234
2011-07-18,25.650577545166016,156.57000732421875,100.31473541259766,62.66065216064453
2011-07-19,25.8281192779541,154.66000366210938,101.94297790527344,63.963314056396484
2011-07-20,25.912660598754883,156.02000427246094,101.88155364990234,63.206748962402344
2011-07-21,25.785846710205078,154.8300018310547,103.29473114013672,62.7198371887207
2011-07-22,25.997207641601562,156.1199951171875,103.36388397216797,63.1936149597168
2011-07-25,25.870391845703125,157.33999633789062,102.78782653808594,62.50273513793945
2011-07-26,26.07329559326172,157.77000427246094,102.40381622314453,62.9304313659668
2011-07-27,25.895751953125,157.19000244140625,100.30705261230469,62.93704605102539
2011-07-28,25.81121063232422,157.32000732421875,100.01518249511719,63.17382049560547
2011-07-29,25.599851608276367,158.2899932861328,99.3316421508789,64.42394256591797
2011-08-01,25.599851608276367,157.72000122070312,98.90921020507812,65.07416534423828
2011-08-02,25.599851608276367,161.52000427246094,96.38236236572266,67.02806091308594
2011-08-03,25.219406127929688,161.49000549316406,96.90463256835938,67.16006469726562
2011-08-04,24.26405906677246,160.63999938964844,92.36543273925781,69.54972076416016
2011-08-05,24.365510940551758,161.75,92.22720336914062,67.54296875
2011-08-08,23.460893630981445,167.1199951171875,86.2210464477539,69.67512512207031
2011-08-09,23.689163208007812,168.61000061035156,90.23026275634766,69.8863296508789
2011-08-10,23.79061508178711,174.5800018310547,86.24410247802734,71.96571350097656
2011-08-11,24.306331634521484,170.75,90.11505126953125,68.33509063720703
2011-08-12,24.272512435913086,169.97000122070312,90.72180938720703,69.68828582763672
2011-08-15,24.568416595458984,171.8000030517578,92.64195251464844,68.98196411132812
2011-08-16,24.568416595458984,173.9199981689453,91.85083770751953,70.12398529052734
2011-08-17,24.779775619506836,174.4199981689453,91.91228485107422,71.35185241699219
2011-08-18,24.17106056213379,177.72000122070312,87.94918060302734,72.81727600097656
2011-08-19,24.602231979370117,179.9499969482422,86.51292419433594,73.40481567382812
2011-08-22,24.64450454711914,184.58999633789062,86.5820541381836,73.21994018554688
2011-08-23,24.89813995361328,177.6699981689453,89.43148803710938,72.2099609375
2011-08-24,24.64450454711914,171.64999389648438,90.69109344482422,70.15699005126953
2011-08-25,24.75441551208496,172.36000061035156,89.30863952636719,70.91613006591797
2011-08-26,25.033409118652344,177.47000122070312,90.60661315917969,71.61585235595703
2011-08-29,25.117950439453125,173.88999938964844,93.21031188964844,70.62564849853516
2011-08-30,25.456127166748047,179.10000610351562,93.4560546875,71.76112365722656
2011-08-31,25.498401641845703,177.72000122070312,93.87079620361328,70.65211486816406
2011-09-01,25.32085609436035,177.8699951171875,92.88774108886719,72.14977264404297
2011-09-02,25.18558692932129,183.24000549316406,90.514404296875,74.49363708496094
2011-09-06,25.101043701171875,182.89999389648438,89.85394287109375,75.26828002929688
2011-09-07,25.32931137084961,177.0800018310547,92.38848114013672,73.83154296875
2011-09-08,25.16022491455078,181.80999755859375,91.42841339111328,74.49363708496094
2011-09-09,24.762868881225586,180.6999969482422,89.03209686279297,75.2881088256836
2011-09-12,24.703685760498047,176.6699981689453,89.60812377929688,75.36756134033203
2011-09-13,24.62759780883789,178.5399932861328,90.42996978759766,74.29501342773438
2011-09-14,24.509235382080078,177.2100067138672,91.68185424804688,74.92401885986328
2011-09-15,24.610689163208008,174.39999389648438,93.26405334472656,73.77857971191406
2011-09-16,24.50078010559082,176.02999877929688,93.81604766845703,74.31484985351562
2011-09-19,24.086517333984375,173.30999755859375,92.88191223144531,75.73174285888672
2011-09-20,24.04424285888672,175.77999877929688,92.7738265991211,76.04961395263672
2011-09-21,23.689163208007812,173.58999633789062,90.04085540771484,78.56561279296875
2011-09-22,22.8521785736084,169.0500030517578,87.13033294677734,81.51858520507812
2011-09-23,22.446367263793945,159.8000030517578,87.65533447265625,80.00238800048828
2011-09-26,22.522457122802734,157.5800018310547,89.73976135253906,78.71784973144531
2011-09-27,22.90290641784668,160.6300048828125,90.74341583251953,77.51285552978516
2011-09-28,22.285736083984375,156.22000122070312,88.89053344726562,77.48634338378906
2011-09-29,22.547821044921875,157.6999969482422,89.59307098388672,78.02261352539062
2011-09-30,21.770017623901367,158.05999755859375,87.35423278808594,79.98250579833984
2011-10-03,21.660110473632812,160.9600067138672,84.86831665039062,82.18360900878906
2011-10-04,21.61783790588379,157.63999938964844,86.72887420654297,81.14146423339844
2011-10-05,21.922199249267578,159.4600067138672,88.33468627929688,80.55734252929688
2011-10-06,22.378732681274414,160.49000549316406,89.9327621459961,79.07051086425781
2011-10-07,22.277280807495117,159.17999267578125,89.33058166503906,78.486328125
2011-10-10,22.77608871459961,163.27000427246094,92.31832122802734,77.3778076171875
2011-10-11,22.945178985595703,162.10000610351562,92.41096496582031,77.11893463134766
2011-10-12,22.987449645996094,163.25999450683594,93.22160339355469,75.9970932006836
2011-10-13,23.038175582885742,162.3000030517578,93.03628540039062,76.75385284423828
2011-10-14,23.562347412109375,163.39999389648438,94.62669372558594,75.6386489868164
2011-10-17,23.22416877746582,162.6199951171875,92.82012939453125,76.94628143310547
2011-10-18,23.350988388061523,161.83999633789062,94.6343994140625,76.46842956542969
2011-10-19,22.89444923400879,159.8699951171875,93.51497650146484,76.4418716430664
2011-10-20,22.860631942749023,157.77000427246094,93.92411804199219,75.8975601196289
2011-10-21,22.978994369506836,159.52000427246094,95.70750427246094,75.09434509277344
2011-10-24,23.342533111572266,161.02000427246094,96.8809585571289,75.22047424316406
2011-10-25,23.418621063232422,165.58999633789062,94.99726867675781,77.13218688964844
2011-10-26,23.28335189819336,167.39999389648438,95.96227264404297,75.78472900390625
2011-10-27,23.900522232055664,169.5500030517578,99.30512237548828,73.21583557128906
2011-10-28,23.799068450927734,169.6199951171875,99.28196716308594,73.98585510253906
2011-10-31,23.435531616210938,167.33999633789062,96.88870239257812,76.91978454589844
2011-11-01,23.156536102294922,167.3800048828125,94.1866226196289,79.49458312988281
2011-11-02,23.30025863647461,169.05999755859375,95.72295379638672,78.50304412841797
2011-11-03,23.587711334228516,171.72000122070312,97.46771240234375,77.42488098144531
2011-11-04,23.66379737854004,170.85000610351562,96.87322235107422,77.51805877685547
2011-11-07,24.010427474975586,174.97999572753906,97.47544860839844,78.01055908203125
2011-11-08,24.12879180908203,173.52999877929688,98.72611236572266,77.0123291015625
2011-11-09,23.596162796020508,172.07000732421875,95.08219146728516,78.60950469970703
2011-11-10,23.57080078125,171.13999938964844,95.97770690917969,77.43817901611328
2011-11-11,23.799068450927734,173.9600067138672,97.78424835205078,76.96574401855469
2011-11-14,23.54543685913086,173.1999969482422,96.8578109741211,78.2035140991211
2011-11-15,23.714523315429688,173.36000061035156,97.33648681640625,78.09708404541016
2011-11-16,23.655344009399414,171.50999450683594,95.79240417480469,78.80912780761719
2011-11-17,23.105810165405273,167.10000610351562,94.27155303955078,79.44139099121094
2011-11-18,23.071992874145508,167.6199951171875,94.17117309570312,79.42141723632812
2011-11-21,22.90290641784668,163.5,92.38009643554688,79.89391326904297
2011-11-22,23.055086135864258,165.30999755859375,92.01724243164062,80.78573608398438
2011-11-23,22.708454132080078,164.8300018310547,89.98682403564453,81.57765197753906
2011-11-25,22.522457122802734,163.39999389648438,89.81694030761719,80.3930435180664
2011-11-28,22.801450729370117,166.6300048828125,92.41869354248047,80.35308837890625
2011-11-29,23.097354888916016,166.8800048828125,92.6811752319336,79.69429779052734
2011-11-30,23.36789321899414,170.1300048828125,96.49497985839844,78.44977569580078
2011-12-01,23.28335189819336,169.6300048828125,96.47950744628906,78.05616760253906
2011-12-02,23.486257553100586,169.82000732421875,96.39459228515625,79.15027618408203
2011-12-05,23.359439849853516,167.32000732421875,97.44454193115234,78.99017333984375
2011-12-06,23.486257553100586,168.17999267578125,97.47544860839844,78.236328125
2011-12-07,23.28335189819336,169.39999389648438,97.83826446533203,78.51654815673828
2011-12-08,22.987449645996094,165.97999572753906,95.69203186035156,79.49720764160156
2011-12-09,23.071992874145508,166.39999389648438,97.31330108642578,77.8626937866211
2011-12-12,22.77608871459961,161.99000549316406,95.89277648925781,78.72998046875
2011-12-13,22.86908721923828,158.4499969482422,94.99726867675781,79.46381378173828
2011-12-14,22.05746841430664,152.88999938964844,93.98590087890625,80.96492767333984
2011-12-15,21.947559356689453,152.3300018310547,94.32561492919922,80.66473388671875
2011-12-16,22.12510108947754,155.22999572753906,94.46542358398438,81.60539245605469
2011-12-19,22.02364730834961,154.8699951171875,93.4554214477539,82.63948059082031
2011-12-20,22.53091049194336,156.97999572753906,96.2834243774414,80.57804107666016
2011-12-21,22.691545486450195,157.16000366210938,96.46988677978516,79.45719146728516
2011-12-22,22.716909408569336,156.0399932861328,97.32447052001953,79.79075622558594
2011-12-23,22.82681655883789,156.30999755859375,98.19462585449219,78.90345764160156
2011-12-27,22.928268432617188,154.91000366210938,98.27230072021484,79.27821350097656
2011-12-28,22.657726287841797,151.02999877929688,96.98262786865234,80.7440185546875
2011-12-29,22.725360870361328,150.33999633789062,97.98486328125,80.8912353515625
2011-12-30,22.691545486450195,151.99000549316406,97.50318145751953,81.15229034423828
2012-01-03,23.36789321899414,155.9199981689453,99.05699920654297,79.93419647216797
2012-01-04,23.54543685913086,156.7100067138672,99.21240234375,78.98377990722656
2012-01-05,23.22416877746582,157.77999877929688,99.47655487060547,78.84320831298828
2012-01-06,23.32562255859375,157.1999969482422,99.22017669677734,79.46568298339844
2012-01-09,23.350988388061523,156.5,99.46102142333984,79.32514190673828
2012-01-10,23.52007293701172,158.63999938964844,100.32337951660156,79.19125366210938
2012-01-11,23.452436447143555,159.6699981689453,100.37776947021484,80.22195434570312
2012-01-12,23.122718811035156,160.3800048828125,100.61859893798828,80.10819244384766
2012-01-13,23.071992874145508,159.25999450683594,100.09806060791016,80.90460205078125
2012-01-17,23.232624053955078,160.5,100.48651123046875,81.27944946289062
2012-01-18,23.2410831451416,161.60000610351562,101.5975341796875,80.29556274414062
2012-01-19,23.342533111572266,161.22000122070312,102.13359832763672,79.19125366210938
2012-01-20,23.173442840576172,162.07000732421875,102.5142822265625,78.29437255859375
2012-01-23,23.443984985351562,163.16000366210938,102.25013732910156,77.79905700683594
2012-01-24,23.486257553100586,162.00999450683594,102.13359832763672,77.93963623046875
2012-01-25,23.680707931518555,166.4199981689453,102.98818969726562,77.75224304199219
2012-01-26,23.748340606689453,167.27000427246094,102.45991516113281,78.78296661376953
2012-01-27,23.8328857421875,168.97000122070312,102.41329956054688,79.03059387207031
2012-01-30,23.587711334228516,168.02999877929688,102.06366729736328,79.96089935302734
2012-01-31,23.528528213500977,169.30999755859375,102.02486419677734,80.88457489013672
2012-02-01,23.6046199798584,169.55999755859375,102.91828155517578,79.9580307006836
2012-02-02,23.66379737854004,171.0500030517578,103.08143615722656,79.9244613647461
2012-02-03,23.942790985107422,167.63999938964844,104.5264892578125,78.20699310302734
2012-02-06,24.061153411865234,167.17999267578125,104.45658111572266,78.9852523803711
2012-02-07,24.04424285888672,169.6999969482422,104.72071075439453,78.00569915771484
2012-02-08,24.154150009155273,168.5,105.03150939941406,78.06607818603516
2012-02-09,24.28096580505371,168.02000427246094,105.1635971069336,77.482421875
2012-02-10,24.05270004272461,167.13999938964844,104.38666534423828,78.48876953125
2012-02-13,24.111881256103516,167.50999450683594,105.1635971069336,78.58939361572266
2012-02-14,24.103425979614258,167.1199951171875,105.03150939941406,79.00537872314453
2012-02-15,24.18796730041504,168.11000061035156,104.54203033447266,78.86444091796875
2012-02-16,24.297876358032227,168.0,105.69965362548828,78.23379516601562
2012-02-17,24.255605697631836,167.35000610351562,105.97936248779297,78.21369171142578
2012-02-21,24.636051177978516,171.02000427246094,106.0260009765625,77.34822082519531
2012-02-22,24.864320755004883,172.94000244140625,105.68412780761719,78.32102966308594
2012-02-23,24.94040870666504,173.02000427246094,106.15026092529297,78.32102966308594
2012-02-24,25.092588424682617,172.22999572753906,106.38338470458984,78.8309097290039
2012-02-27,24.88968276977539,171.6999969482422,106.56204223632812,79.5286865234375
2012-02-28,24.881229400634766,173.49000549316406,106.87278747558594,79.26702880859375
2012-02-29,24.78822898864746,164.2899932861328,106.45329284667969,78.78398132324219
2012-03-01,25.177133560180664,166.61000061035156,107.0048828125,78.04227447509766
2012-03-02,24.923500061035156,166.33999633789062,106.6785888671875,78.77521514892578
2012-03-05,24.805139541625977,165.64999389648438,106.24349975585938,78.14987182617188
2012-03-06,24.399330139160156,162.6999969482422,104.68968963623047,79.09798431396484
2012-03-07,24.509235382080078,163.6300048828125,105.41999816894531,78.61386108398438
2012-03-08,24.712142944335938,165.27999877929688,106.46878814697266,77.82711029052734
2012-03-09,24.779775619506836,166.3800048828125,106.88056945800781,77.9817886352539
2012-03-12,24.74595832824707,165.07000732421875,106.8883285522461,77.96827697753906
2012-03-13,24.855865478515625,162.3000030517578,108.81510162353516,76.59652709960938
2012-03-14,24.68677520751953,159.57000732421875,108.6985855102539,74.66671752929688
2012-03-15,24.703685760498047,161.0800018310547,109.3278579711914,74.78097534179688
2012-03-16,25.008047103881836,161.3000030517578,109.479248046875,74.92889404296875
2012-03-19,24.96577262878418,161.58999633789062,109.90845489501953,74.03460693359375
2012-03-20,24.661415100097656,160.1300048828125,109.58849334716797,74.33043670654297
2012-03-21,24.602231979370117,160.2100067138672,109.40901184082031,75.17098236083984
2012-03-22,24.40778350830078,159.57000732421875,108.62089538574219,75.41307830810547
2012-03-23,24.64450454711914,161.52999877929688,108.97206115722656,76.12586212158203
2012-03-26,24.75441551208496,164.39999389648438,110.50146484375,75.73585510253906
2012-03-27,24.6529598236084,163.24000549316406,110.15814208984375,76.28048706054688
2012-03-28,24.416236877441406,161.50999450683594,109.6119155883789,76.17292785644531
2012-03-29,24.078062057495117,161.27999877929688,109.42463684082031,76.74447631835938
2012-03-30,24.348604202270508,162.1199951171875,109.877197265625,75.4466781616211
2012-04-02,24.661415100097656,162.94000244140625,110.6809310913086,75.86468505859375
2012-04-03,24.551509857177734,159.88999938964844,110.22834777832031,74.55003356933594
2012-04-04,24.17106056213379,157.2100067138672,109.13589477539062,75.57476043701172
2012-04-05,24.26405906677246,158.30999755859375,109.08123016357422,76.12084197998047
2012-04-09,24.154150009155273,159.3699951171875,107.85616302490234,77.90067291259766
2012-04-10,23.8328857421875,161.10000610351562,106.04582214355469,78.78386688232422
2012-04-11,23.892065048217773,161.07000732421875,106.90418243408203,77.8399887084961
2012-04-12,24.204877853393555,162.6999969482422,108.30094909667969,77.51637268066406
2012-04-13,23.959701538085938,160.85000610351562,107.013427734375,78.77037048339844
2012-04-16,23.722978591918945,160.4600067138672,106.9432144165039,78.65575408935547
2012-04-17,23.8328857421875,160.25,108.52726745605469,78.60857391357422
2012-04-18,23.6046199798584,159.30999755859375,108.16047668457031,78.83778381347656
2012-04-19,23.61307144165039,159.42999267578125,107.46601104736328,78.91194152832031
2012-04-20,23.706069946289062,159.5399932861328,107.64549255371094,78.92543029785156
2012-04-23,23.66379737854004,159.07000732421875,106.74028015136719,79.4984359741211
2012-04-24,23.66379737854004,159.3000030517578,107.14608764648438,78.93891906738281
2012-04-25,23.799068450927734,159.6199951171875,108.61309051513672,78.53443145751953
2012-04-26,23.849794387817383,161.02999877929688,109.37003326416016,79.00630950927734
2012-04-27,23.925884246826172,161.3800048828125,109.54947662353516,79.0737075805664
2012-04-30,24.018884658813477,161.8800048828125,109.1436996459961,79.0939712524414
2012-05-01,24.018884658813477,161.32000732421875,109.82256317138672,78.6837387084961
2012-05-02,23.706069946289062,160.58999633789062,109.494873046875,79.23793029785156
2012-05-03,23.443984985351562,158.97000122070312,108.65989685058594,79.21761322021484
2012-05-04,23.029720306396484,159.47000122070312,106.90418243408203,79.83938598632812
2012-05-07,22.978994369506836,159.0800018310547,106.98220825195312,79.85289764404297
2012-05-08,22.89444923400879,156.0,106.55304718017578,80.2786636352539
2012-05-09,22.716909408569336,154.47000122070312,105.92098236083984,80.33267974853516
2012-05-10,22.725360870361328,154.77000427246094,106.13945770263672,80.09619140625
2012-05-11,22.556276321411133,153.55999755859375,105.81954956054688,80.75847625732422
2012-05-14,22.260372161865234,151.3300018310547,104.64907836914062,81.88700103759766
2012-05-15,22.302642822265625,149.74000549316406,104.04823303222656,82.21822357177734
2012-05-16,22.277280807495117,149.4600067138672,103.65023040771484,82.45472717285156
2012-05-17,22.22655487060547,152.8000030517578,102.11299133300781,83.91448211669922
2012-05-18,22.209644317626953,154.5500030517578,101.23902130126953,83.93476104736328
2012-05-21,22.505550384521484,154.64999389648438,102.97915649414062,83.75901794433594
2012-05-22,22.184284210205078,152.0800018310547,103.15865325927734,82.82646179199219
2012-05-23,21.939104080200195,151.6199951171875,103.21327209472656,83.40088653564453
2012-05-24,21.947559356689453,151.41000366210938,103.41613006591797,83.08322143554688
2012-05-25,22.02364730834961,152.67999267578125,103.08061981201172,83.39410400390625
2012-05-29,21.93065071105957,151.02000427246094,104.32911682128906,83.13733673095703
2012-05-30,21.52484130859375,151.91000366210938,102.81529235839844,85.24581146240234
2012-05-31,21.338844299316406,151.6199951171875,102.5889663696289,86.23250579833984
2012-06-01,20.89921760559082,157.5,100.00611114501953,88.27965545654297
2012-06-04,21.017578125,157.32000732421875,99.95932006835938,87.5821304321289
2012-06-05,20.941490173339844,157.13999938964844,100.71623992919922,86.41057586669922
2012-06-06,21.330392837524414,157.2100067138672,102.97915649414062,84.68374633789062
2012-06-07,21.186668395996094,154.5,103.04158782958984,84.81240844726562
2012-06-08,21.25429916381836,154.72999572753906,103.86095428466797,84.79208374023438
2012-06-11,20.865400314331055,155.36000061035156,102.54220581054688,85.17807006835938
2012-06-12,20.96685218811035,156.4600067138672,103.720458984375,84.3992919921875
2012-06-13,20.80621910095215,157.1199951171875,103.05719757080078,85.23223114013672
2012-06-14,21.051395416259766,157.75,104.14965057373047,85.12393188476562
2012-06-15,21.017578125,157.83999633789062,105.21481323242188,85.59793090820312
2012-06-18,21.034488677978516,157.92999267578125,105.41873931884766,86.05844116210938
2012-06-19,21.21202850341797,157.16000366210938,106.43842315673828,84.9343032836914
2012-06-20,20.865400314331055,155.97000122070312,106.2658462524414,85.3541030883789
2012-06-21,20.417316436767578,152.02000427246094,103.88142395019531,85.80789947509766
2012-06-22,20.620222091674805,152.63999938964844,104.68144226074219,84.66336822509766
2012-06-25,20.831581115722656,153.75999450683594,103.00292205810547,85.89588165283203
2012-06-26,20.975305557250977,152.6199951171875,103.52059936523438,85.55732727050781
2012-06-27,21.093671798706055,152.8300018310547,104.45396423339844,85.6927490234375
2012-06-28,20.865400314331055,151.0500030517578,104.15591430664062,85.90271759033203
2012-06-29,21.770017623901367,155.19000244140625,106.7521743774414,84.7853012084961
2012-07-02,21.727746963500977,155.08999633789062,107.0737533569336,85.66007995605469
2012-07-03,22.33646011352539,157.4600067138672,107.77970886230469,85.0018310546875
2012-07-05,22.421005249023438,155.67999267578125,107.29335021972656,85.43614959716797
2012-07-06,21.905288696289062,153.7100067138672,106.27376556396484,86.23018646240234
2012-07-09,22.294191360473633,154.0399932861328,106.14035034179688,86.99024200439453
2012-07-10,22.00674057006836,152.14999389648438,105.21481323242188,87.16665649414062
2012-07-11,22.251916885375977,152.99000549316406,105.23052215576172,87.27530670166016
2012-07-12,22.302642822265625,152.58999633789062,104.72066497802734,87.89286804199219
2012-07-13,22.573184967041016,154.13999938964844,106.47766876220703,87.6621322631836
2012-07-16,22.8521785736084,154.2100067138672,106.22664642333984,88.06932830810547
2012-07-17,22.877538681030273,153.47000122070312,106.95610809326172,87.3770751953125
2012-07-18,23.0804443359375,153.0500030517578,107.74830627441406,87.4245834350586
2012-07-19,23.359439849853516,153.3800048828125,108.03068542480469,87.2006607055664
2012-07-20,23.359439849853516,153.6699981689453,107.04241180419922,88.26618194580078
2012-07-23,22.86908721923828,153.02999877929688,105.9599609375,88.76155090332031
2012-07-24,22.73381805419922,153.52000427246094,105.05010223388672,89.46050262451172
2012-07-25,22.90290641784668,155.6699981689453,105.0736083984375,89.69133758544922
2012-07-26,22.945178985595703,156.77000427246094,106.80707550048828,88.87014770507812
2012-07-27,23.18189811706543,157.5399932861328,108.77581787109375,87.19384765625
2012-07-30,23.317167282104492,157.42999267578125,108.77581787109375,87.84539794921875
2012-07-31,23.038175582885742,156.49000549316406,108.01502990722656,88.02183532714844
2012-08-01,23.071992874145508,155.13999938964844,107.92088317871094,87.58173370361328
2012-08-02,22.877538681030273,154.1300048828125,107.17573547363281,88.07826232910156
2012-08-03,23.266443252563477,155.5500030517578,109.3013687133789,86.6568832397461
2012-08-06,23.401710510253906,156.3000030517578,109.51313018798828,86.69087219238281
2012-08-07,23.579254150390625,156.27999877929688,110.06221008300781,85.57555389404297
2012-08-08,23.646888732910156,156.47999572753906,110.195556640625,85.11988830566406
2012-08-09,23.841341018676758,156.99000549316406,110.28963470458984,85.05867004394531
2012-08-10,23.714523315429688,157.17999267578125,110.47006225585938,85.48715209960938
2012-08-13,23.528528213500977,155.99000549316406,110.41515350341797,85.34432220458984
2012-08-14,23.553890228271484,155.1300048828125,110.43085479736328,84.18814086914062
2012-08-15,23.756797790527344,155.6300048828125,110.55636596679688,83.00482940673828
2012-08-16,23.849794387817383,156.55999755859375,111.37206268310547,82.29752349853516
2012-08-17,23.883615493774414,156.72000122070312,111.52105712890625,82.69878387451172
2012-08-20,23.993518829345703,157.25999450683594,111.52896881103516,82.86878967285156
2012-08-21,24.213333129882812,158.8300018310547,111.19171905517578,83.2359848022461
2012-08-22,24.34014892578125,160.5399932861328,111.23873901367188,84.6098403930664
2012-08-23,24.221790313720703,161.88999938964844,110.32889556884766,84.96347045898438
2012-08-24,24.111881256103516,161.97000122070312,110.99555969238281,84.88185119628906
2012-08-27,24.001970291137695,161.36000061035156,111.01911163330078,85.3783187866211
2012-08-28,24.018884658813477,161.63999938964844,110.9093246459961,85.58234405517578
2012-08-29,24.061153411865234,160.58999633789062,110.99555969238281,85.20829010009766
2012-08-30,24.086517333984375,160.52000427246094,110.195556640625,85.650390625
2012-08-31,24.34014892578125,164.22000122070312,110.72105407714844,86.86089324951172
2012-09-04,24.348604202270508,164.47999572753906,110.61908721923828,86.77366638183594
2012-09-05,24.230241775512695,164.30999755859375,110.52496337890625,86.3647232055664
2012-09-06,24.221790313720703,164.88999938964844,112.76824951171875,84.92671203613281
2012-09-07,24.492324829101562,168.44000244140625,113.20751190185547,84.53136444091797
2012-09-10,24.526145935058594,167.2899932861328,112.56432342529297,84.73583984375
2012-09-11,24.576871871948242,167.89999389648438,112.8780746459961,84.20431518554688
2012-09-12,24.703685760498047,167.9199981689453,113.2546157836914,83.15471649169922
2012-09-13,24.872772216796875,171.30999755859375,114.98016357421875,82.82755279541016
2012-09-14,25.134859085083008,171.8000030517578,115.4900131225586,80.62615203857422
2012-09-17,24.44160270690918,170.39999389648438,115.09781646728516,81.59394836425781
2012-09-18,24.26405906677246,171.72000122070312,115.00365447998047,82.00287628173828
2012-09-19,23.90897560119629,171.74000549316406,115.06642150878906,82.54132080078125
2012-09-20,24.04424285888672,171.47000122070312,115.07427978515625,82.74578094482422
2012-09-21,24.204877853393555,171.9600067138672,115.026123046875,82.84117889404297
2012-09-24,23.95124626159668,171.0500030517578,114.8526840209961,83.48870086669922
2012-09-25,23.976612091064453,170.77000427246094,113.63043975830078,84.31328582763672
2012-09-26,23.807523727416992,169.80999755859375,112.99166870117188,85.21977996826172
2012-09-27,24.103425979614258,172.33999633789062,114.0562744140625,84.61318969726562
2012-09-28,24.247150421142578,171.88999938964844,113.52790832519531,84.66088104248047
2012-10-01,24.28096580505371,172.2899932861328,113.82759094238281,84.97501373291016
2012-10-02,24.154150009155273,172.10000610351562,113.94586944580078,84.85900115966797
2012-10-03,23.739887237548828,172.41000366210938,114.4111557006836,84.88627624511719
2012-10-04,24.255605697631836,173.61000061035156,115.23123168945312,83.82766723632812
2012-10-05,24.12879180908203,172.6199951171875,115.23910522460938,82.74176025390625
2012-10-08,24.061153411865234,172.0500030517578,114.84483337402344,83.43842315673828
2012-10-09,24.23869514465332,170.99000549316406,113.70931243896484,83.28816223144531
2012-10-10,24.196422576904297,170.83999633789062,112.98381805419922,83.87544250488281
2012-10-11,24.475418090820312,171.32000732421875,113.04695129394531,84.45598602294922
2012-10-12,24.137243270874023,170.05999755859375,112.67633056640625,84.667724609375
2012-10-15,24.018884658813477,168.35000610351562,113.61469268798828,84.47654724121094
2012-10-16,24.03579330444336,169.4199981689453,114.76594543457031,83.30867004394531
2012-10-17,24.04424285888672,169.5399932861328,115.28639221191406,82.536865234375
2012-10-18,24.03579330444336,168.7899932861328,114.98676300048828,82.03150177001953
2012-10-19,23.672252655029297,166.97000122070312,113.07058715820312,83.14470672607422
2012-10-22,23.562347412109375,167.5800018310547,113.08633422851562,82.61197662353516
2012-10-23,23.274898529052734,165.42999267578125,111.51713562011719,83.79351043701172
2012-10-24,23.20726203918457,164.86000061035156,111.20169830322266,82.96717071533203
2012-10-25,23.266443252563477,166.02000427246094,111.5250473022461,82.54368591308594
2012-10-26,23.317167282104492,165.92999267578125,111.46198272705078,83.75936126708984
2012-10-31,23.30025863647461,166.8300018310547,111.46198272705078,84.25111389160156
2012-11-01,23.342533111572266,166.07000732421875,112.62899017333984,83.56131744384766
2012-11-02,22.945178985595703,162.60000610351562,111.62751007080078,83.49983978271484
2012-11-05,23.13962745666504,163.22999572753906,111.85618591308594,83.97109985351562
2012-11-06,23.553890228271484,166.3000030517578,112.73149871826172,83.17882537841797
2012-11-07,23.1142635345459,166.49000549316406,110.17659759521484,84.68817901611328
2012-11-08,23.148082733154297,167.99000549316406,108.8518295288086,85.9448471069336
2012-11-09,23.33407974243164,167.82000732421875,108.94642639160156,86.04045867919922
2012-11-12,23.22416877746582,167.4499969482422,109.03316497802734,86.1839370727539
2012-11-13,23.18189811706543,167.10000610351562,108.65470886230469,86.47078704833984
2012-11-14,23.249536514282227,167.13999938964844,107.18798065185547,86.5527572631836
2012-11-15,23.156536102294922,166.08999633789062,107.00663757324219,86.3819808959961
2012-11-16,23.25798797607422,165.8800048828125,107.53492736816406,86.30686950683594
2012-11-19,23.69761848449707,167.8699951171875,109.71134948730469,85.8219223022461
2012-11-20,23.536983489990234,167.38999938964844,109.7586441040039,84.9614486694336
2012-11-21,23.6384334564209,167.55999755859375,109.96370697021484,84.91356658935547
2012-11-23,23.722978591918945,169.61000061035156,111.46198272705078,84.83161163330078
2012-11-26,23.689163208007812,169.42999267578125,111.2253646850586,85.23460388183594
2012-11-27,23.655344009399414,168.7100067138672,110.6576156616211,85.56927490234375
2012-11-28,23.579254150390625,166.5500030517578,111.5486831665039,85.44631958007812
2012-11-29,23.739887237548828,167.17999267578125,112.06913757324219,85.45994567871094
2012-11-30,23.756797790527344,166.0500030517578,112.09275817871094,85.2277603149414
2012-12-03,23.815977096557617,166.1300048828125,111.54077911376953,85.3065185546875
2012-12-04,23.6046199798584,164.4199981689453,111.38304901123047,85.7991943359375
2012-12-05,23.579254150390625,164.1199951171875,111.5802230834961,85.75811004638672
2012-12-06,23.36789321899414,164.5,111.95873260498047,85.94287109375
2012-12-07,23.342533111572266,165.16000366210938,112.29776000976562,85.14906311035156
2012-12-10,23.291805267333984,165.8000030517578,112.34512329101562,85.52542114257812
2012-12-11,23.249536514282227,165.64999389648438,113.11002349853516,84.8753433227539
2012-12-12,23.359439849853516,165.77000427246094,113.16517639160156,83.88996887207031
2012-12-13,23.148082733154297,164.3699951171875,112.47129821777344,83.9515380859375
2012-12-14,23.291805267333984,164.1300048828125,112.05333709716797,84.58110046386719
2012-12-17,23.274898529052734,164.44000244140625,113.37028503417969,83.31509399414062
2012-12-18,23.33407974243164,162.0800018310547,114.63189697265625,82.46654510498047
2012-12-19,23.418621063232422,161.69000244140625,113.78028106689453,82.74027252197266
2012-12-20,23.308713912963867,159.72999572753906,114.43477630615234,82.7540054321289
2012-12-21,23.266443252563477,160.3300018310547,113.39602661132812,83.6572494506836
2012-12-24,23.190353393554688,160.6199951171875,113.04668426513672,83.50672912597656
2012-12-26,23.42707633972168,160.77999877929688,112.57012176513672,83.80714416503906
2012-12-27,23.42707633972168,161.16000366210938,112.41919708251953,84.08830261230469
2012-12-28,23.359439849853516,160.5399932861328,111.20419311523438,84.568359375
2012-12-31,23.486257553100586,162.02000427246094,113.09423065185547,83.10759735107422
2013-01-02,23.57080078125,163.1699981689453,115.99285125732422,81.99656677246094
2013-01-03,23.37635040283203,161.1999969482422,115.73082733154297,80.88554382324219
2013-01-04,23.274898529052734,160.44000244140625,116.23909759521484,81.20098876953125
2013-01-07,23.317167282104492,159.42999267578125,115.92142486572266,81.2352523803711
2013-01-08,23.37635040283203,160.55999755859375,115.58786010742188,81.77022552490234
2013-01-09,23.342533111572266,160.49000549316406,115.88169860839844,81.69477844238281
2013-01-10,23.42707633972168,161.97999572753906,116.80290222167969,81.46842956542969
2013-01-11,23.32562255859375,161.05999755859375,116.79500579833984,82.19546508789062
2013-01-14,23.47780418395996,161.5399932861328,116.71553802490234,81.96910858154297
2013-01-15,23.37635040283203,162.55999755859375,116.79500579833984,82.34630584716797
2013-01-16,23.401710510253906,162.64999389648438,116.7790756225586,82.51773071289062
2013-01-17,23.503162384033203,163.35000610351562,117.53355407714844,81.69477844238281
2013-01-18,23.655344009399414,163.08999633789062,117.79560852050781,82.32572174072266
2013-01-22,23.722978591918945,163.6699981689453,118.43089294433594,82.4835205078125
2013-01-23,23.748340606689453,163.2100067138672,118.62150573730469,82.36003112792969
2013-01-24,23.731433868408203,161.4199981689453,118.65327453613281,82.07198333740234
2013-01-25,23.680707931518555,160.64999389648438,119.3203353881836,80.94723510742188
2013-01-28,23.672252655029297,160.2899932861328,119.17744445800781,80.65235137939453
2013-01-29,23.807523727416992,160.99000549316406,119.6459732055664,80.20653533935547
2013-01-30,24.078062057495117,162.19000244140625,119.17744445800781,80.06940460205078
2013-01-31,24.069608688354492,161.1999969482422,118.88357543945312,80.4603271484375
2013-02-01,24.162607192993164,161.4499969482422,120.1065902709961,79.41554260253906
2013-02-04,24.078062057495117,162.0,118.75657653808594,80.43282318115234
2013-02-05,24.17106056213379,161.9600067138672,119.9556884765625,79.71796417236328
2013-02-06,24.137243270874023,162.38999938964844,120.04306030273438,80.3709945678711
2013-02-07,24.04424285888672,161.83999633789062,119.88420104980469,80.19225311279297
2013-02-08,24.137243270874023,161.57000732421875,120.55126953125,80.50151062011719
2013-02-11,24.05270004272461,159.6999969482422,120.52750396728516,80.43968200683594
2013-02-12,24.094970703125,159.88999938964844,120.7259750366211,80.24034881591797
2013-02-13,24.103425979614258,159.0500030517578,120.8292465209961,79.58740234375
2013-02-14,24.069608688354492,158.35000610351562,120.94041442871094,80.30909729003906
2013-02-15,23.968154907226562,155.75999450683594,120.79747772216797,80.07539367675781
2013-02-19,23.87515640258789,155.3300018310547,121.70276641845703,79.6767578125
2013-02-20,23.6046199798584,151.44000244140625,120.18595886230469,79.91730499267578
2013-02-21,23.33407974243164,152.6199951171875,119.45536041259766,80.38470458984375
2013-02-22,23.33407974243164,152.97000122070312,120.62276458740234,80.43968200683594
2013-02-25,23.22416877746582,154.33999633789062,118.32767486572266,82.02056121826172
2013-02-26,23.18189811706543,156.22000122070312,119.13774108886719,81.54633331298828
2013-02-27,23.038175582885742,154.57000732421875,120.63865661621094,81.30574035644531
2013-02-28,22.936721801757812,153.0,120.4003677368164,81.45692443847656
2013-03-01,22.77608871459961,152.44000244140625,120.79747772216797,81.90058135986328
2013-03-04,22.691545486450195,152.3000030517578,121.4406967163086,81.46659088134766
2013-03-05,22.90290641784668,152.3800048828125,122.52869415283203,81.23240661621094
2013-03-06,22.77608871459961,153.22999572753906,122.69548034667969,80.49534606933594
2013-03-07,22.928268432617188,152.69000244140625,122.9178466796875,79.87545776367188
2013-03-08,22.99590301513672,152.7100067138672,123.44200134277344,79.0419921875
2013-03-11,23.0128116607666,152.99000549316406,123.9105224609375,79.11775207519531
2013-03-12,23.06353759765625,154.19000244140625,123.63253784179688,79.68941497802734
2013-03-13,22.945178985595703,153.66000366210938,123.80733489990234,79.60681915283203
2013-03-14,23.1142635345459,153.67999267578125,124.46643829345703,79.36568450927734
2013-03-15,23.16499137878418,154.0,124.30209350585938,79.73767852783203
2013-03-18,23.029720306396484,155.3800048828125,123.61609649658203,80.34384155273438
2013-03-19,22.860631942749023,156.0800018310547,123.3289566040039,80.88800811767578
2013-03-20,23.021265029907227,155.3699951171875,124.1904525756836,79.98566436767578
2013-03-21,22.91981315612793,156.25,123.12952423095703,80.75713348388672
2013-03-22,22.96208381652832,155.5500030517578,124.11862182617188,80.81913757324219
2013-03-25,22.978994369506836,155.24000549316406,123.60013580322266,80.74333190917969
2013-03-26,23.190353393554688,154.72000122070312,124.58926391601562,80.83977508544922
2013-03-27,23.308713912963867,155.36000061035156,124.58926391601562,81.52861022949219
2013-03-28,23.088899612426758,154.4499969482422,124.97218322753906,81.11531829833984
2013-04-01,23.088899612426758,154.6699981689453,124.47759246826172,81.72623443603516
2013-04-02,22.978994369506836,152.42999267578125,125.09181213378906,81.39488220214844
2013-04-03,22.590091705322266,150.72999572753906,123.82349395751953,82.12654876708984
2013-04-04,22.564729690551758,150.2899932861328,124.32609558105469,83.10686492919922
2013-04-05,22.547821044921875,152.80999755859375,123.76763916015625,84.7843246459961
2013-04-08,22.615455627441406,152.16000366210938,124.605224609375,84.13543701171875
2013-04-09,22.75918197631836,153.33999633789062,125.03599548339844,83.92833709716797
2013-04-10,22.708454132080078,150.75,126.56751251220703,82.77549743652344
2013-04-11,22.615455627441406,151.0500030517578,126.9822998046875,82.934326171875
2013-04-12,22.33646011352539,143.9499969482422,126.6711654663086,84.16996765136719
2013-04-15,21.66856575012207,131.30999755859375,123.7357177734375,84.9017105102539
2013-04-16,21.896831512451172,132.8000030517578,125.56242370605469,84.20448303222656
2013-04-17,21.5755672454834,132.8699951171875,123.72776794433594,84.76360321044922
2013-04-18,21.803834915161133,134.3000030517578,122.95404052734375,84.9707260131836
2013-04-19,21.753108978271484,135.47000122070312,124.0229263305664,84.79121398925781
2013-04-22,21.82074546813965,137.89999389648438,124.57330322265625,84.85334777832031
2013-04-23,21.685474395751953,136.8800048828125,125.85757446289062,84.55650329589844
2013-04-24,21.922199249267578,138.3699951171875,125.93731689453125,84.77052307128906
2013-04-25,22.209644317626953,141.6300048828125,126.44786071777344,84.40461730957031
2013-04-26,22.08283042907715,140.91000366210938,126.22453308105469,85.17777252197266
2013-04-29,22.378732681274414,142.3000030517578,127.07008361816406,84.86714935302734
2013-04-30,22.209644317626953,142.77000427246094,127.37317657470703,84.91548919677734
2013-05-01,21.81229019165039,141.11000061035156,126.25635528564453,85.787841796875
2013-05-02,22.091283798217773,141.9199981689453,127.4289779663086,85.67711639404297
2013-05-03,22.33646011352539,142.08999633789062,128.72120666503906,83.65716552734375
2013-05-06,22.36182403564453,142.14999389648438,129.0482635498047,83.4495849609375
2013-05-07,22.285736083984375,140.3800048828125,129.70237731933594,83.1245346069336
2013-05-08,22.387187957763672,142.4600067138672,130.29270935058594,83.25590515136719
2013-05-09,22.378732681274414,140.80999755859375,129.9257049560547,83.04147338867188
2013-05-10,22.277280807495117,139.60000610351562,130.34848022460938,82.14910125732422
2013-05-13,22.175827026367188,138.42999267578125,130.4521942138672,81.51954650878906
2013-05-14,22.0997371673584,137.80999755859375,131.80023193359375,80.634033203125
2013-05-15,22.049013137817383,134.6300048828125,132.51019287109375,81.17361450195312
2013-05-16,22.02364730834961,134.08999633789062,131.88804626464844,82.01761627197266
2013-05-17,22.133554458618164,131.07000732421875,133.16432189941406,80.97992706298828
2013-05-20,22.277280807495117,135.1199951171875,133.15634155273438,80.88310241699219
2013-05-21,22.150466918945312,132.8800048828125,133.34774780273438,81.51954650878906
2013-05-22,22.049013137817383,131.94000244140625,132.3585968017578,80.30889892578125
2013-05-23,22.150466918945312,134.61000061035156,131.97576904296875,80.68937683105469
2013-05-24,22.065921783447266,133.75999450683594,131.86410522460938,80.80010223388672
2013-05-28,22.268827438354492,133.49000549316406,132.65377807617188,78.75240325927734
2013-05-29,22.12510108947754,134.8300018310547,131.7923126220703,79.63788604736328
2013-05-30,22.12510108947754,136.6999969482422,132.27886962890625,79.44413757324219
2013-05-31,21.863019943237305,133.9199981689453,130.38038635253906,79.17436218261719
2013-06-03,22.133554458618164,136.50999450683594,131.09832763671875,79.59392547607422
2013-06-04,22.21809959411621,135.22999572753906,130.4681396484375,78.85887908935547
2013-06-05,22.116647720336914,135.52000427246094,128.64151000976562,79.94757843017578
2013-06-06,22.20119285583496,136.52999877929688,129.8060760498047,79.89905548095703
2013-06-07,22.251916885375977,133.27999877929688,131.45726013183594,78.47049713134766
2013-06-10,22.167373657226562,133.94000244140625,131.45726013183594,78.09606170654297
2013-06-11,21.972925186157227,133.25,130.1011962890625,79.02531433105469
2013-06-12,21.998287200927734,134.25,129.02435302734375,77.8949966430664
2013-06-13,22.142011642456055,133.74000549316406,130.98667907714844,79.11540222167969
2013-06-14,22.235008239746094,134.42999267578125,130.16502380371094,78.92816162109375
2013-06-17,22.285736083984375,133.77000427246094,131.17005920410156,78.5121841430664
2013-06-18,22.328006744384766,132.1300048828125,132.2071075439453,78.5537109375
2013-06-19,22.36182403564453,130.58999633789062,130.38038635253906,77.74242401123047
2013-06-20,21.634748458862305,123.5999984741211,127.14977264404297,76.46647644042969
2013-06-21,21.499479293823242,125.05000305175781,127.5579833984375,75.16971588134766
2013-06-24,21.40648078918457,123.93000030517578,125.94612121582031,75.48177337646484
2013-06-25,21.423389434814453,123.47000122070312,127.15703582763672,74.80909729003906
2013-06-26,21.364208221435547,118.27999877929688,128.41598510742188,75.29456329345703
2013-06-27,21.35575294494629,115.94000244140625,129.1697998046875,76.06427001953125
2013-06-28,21.2458438873291,119.11000061035156,128.64051818847656,76.58434295654297
2013-07-01,21.38111686706543,121.12999725341797,129.39430236816406,76.73865509033203
2013-07-02,21.465660095214844,120.05000305175781,129.27401733398438,76.68997192382812
2013-07-03,21.660110473632812,120.73999786376953,129.3301239013672,76.46065521240234
2013-07-05,21.609384536743164,118.08999633789062,130.7254180908203,73.8542709350586
2013-07-08,21.71929359436035,119.51000213623047,131.47122192382812,74.57015228271484
2013-07-09,21.854562759399414,120.62000274658203,132.41749572753906,74.64661407470703
2013-07-10,21.922199249267578,120.94999694824219,132.46560668945312,74.06275177001953
2013-07-11,22.032102584838867,124.23999786376953,134.26992797851562,74.93158721923828
2013-07-12,22.116647720336914,124.12999725341797,134.32595825195312,74.86901092529297
2013-07-15,22.05746841430664,124.18000030517578,134.83917236328125,75.26518249511719
2013-07-16,22.08283042907715,124.88999938964844,134.33401489257812,75.52234649658203
2013-07-17,22.065921783447266,123.31999969482422,134.67881774902344,75.66128540039062
2013-07-18,22.158920288085938,124.01000213623047,135.4165802001953,74.71611022949219
2013-07-19,22.175827026367188,125.11000061035156,135.6571502685547,75.89765167236328
2013-07-22,22.158920288085938,128.83999633789062,135.92181396484375,76.00884246826172
2013-07-23,22.192737579345703,129.7100067138672,135.63308715820312,75.68914794921875
2013-07-24,22.015195846557617,127.4800033569336,135.13592529296875,74.73001861572266
2013-07-25,21.989830017089844,128.6699981689453,135.4646759033203,74.70223999023438
2013-07-26,21.854562759399414,128.77999877929688,135.6090545654297,75.16092681884766
2013-07-29,21.846107482910156,128.47000122070312,135.19203186035156,74.61183166503906
2013-07-30,21.770017623901367,128.1199951171875,135.19203186035156,74.58405303955078
2013-07-31,21.922199249267578,127.95999908447266,135.28829956054688,74.85508728027344
2013-08-01,21.972925186157227,126.61000061035156,136.8519744873047,73.41278839111328
2013-08-02,21.888378143310547,126.36000061035156,137.0845489501953,74.22103118896484
2013-08-05,21.778474807739258,125.69999694824219,136.88406372070312,73.64970397949219
2013-08-06,21.600929260253906,123.97000122070312,136.10617065429688,73.86569213867188
2013-08-07,21.457204818725586,124.1500015258789,135.6651611328125,74.4161376953125
2013-08-08,21.56711196899414,126.86000061035156,136.16238403320312,74.61822509765625
2013-08-09,21.71929359436035,126.86000061035156,135.7694854736328,74.73668670654297
2013-08-12,21.98137664794922,129.1300048828125,135.6090545654297,74.22796630859375
2013-08-13,21.972925186157227,127.73999786376953,136.010009765625,73.15498352050781
2013-08-14,22.150466918945312,129.0,135.31234741210938,73.26641845703125
2013-08-15,22.36182403564453,131.69000244140625,133.4198455810547,72.27704620361328
2013-08-16,22.370281219482422,132.5800018310547,132.97885131835938,72.02618408203125
2013-08-19,22.34491539001465,132.00999450683594,132.1287384033203,71.39907836914062
2013-08-20,22.302642822265625,132.4499969482422,132.7783203125,71.94956970214844
2013-08-21,22.277280807495117,132.07000732421875,131.96041870117188,71.16217041015625
2013-08-22,22.285736083984375,132.80999755859375,133.16323852539062,71.8868179321289
2013-08-23,22.463279724121094,134.89999389648438,133.61233520507812,72.66722869873047
2013-08-26,22.590091705322266,135.4499969482422,133.1151123046875,73.02957153320312
2013-08-27,22.809906005859375,136.75,130.97409057617188,73.9493179321289
2013-08-28,22.843725204467773,136.7100067138672,131.43910217285156,73.35003662109375
2013-08-29,22.607004165649414,135.8699951171875,131.6476593017578,73.93537139892578
2013-08-30,22.539365768432617,134.6199951171875,131.23065185546875,73.85176849365234
2013-09-03,22.657726287841797,136.4199981689453,131.82400512695312,72.81009674072266
2013-09-04,22.463279724121094,134.66000366210938,132.91464233398438,72.64944458007812
2013-09-05,22.412553787231445,132.1999969482422,133.0830841064453,71.63642120361328
2013-09-06,22.539365768432617,134.14999389648438,133.14723205566406,71.9926986694336
2013-09-09,22.395641326904297,133.91000366210938,134.42221069335938,72.02766418457031
2013-09-10,22.192737579345703,131.74000549316406,135.4165802001953,71.5246353149414
2013-09-11,22.22655487060547,131.6999969482422,135.841552734375,72.1603775024414
2013-09-12,22.33646011352539,127.66999816894531,135.48077392578125,72.06258392333984
2013-09-13,22.268827438354492,127.81999969482422,135.78546142578125,72.34207153320312
2013-09-16,21.989830017089844,126.44999694824219,136.5713348388672,71.85997772216797
2013-09-17,21.761564254760742,126.5,137.1807403564453,72.45381927490234
2013-09-18,22.235008239746094,132.00999450683594,138.76856994628906,73.34806823730469
2013-09-19,22.150466918945312,131.75,138.5359344482422,72.91493225097656
2013-09-20,21.947559356689453,127.95999908447266,137.56736755371094,73.29915618896484
2013-09-23,21.78692626953125,127.55000305175781,136.93077087402344,73.83710479736328
2013-09-24,21.778474807739258,127.66000366210938,136.60850524902344,74.63352966308594
2013-09-25,21.81229019165039,128.7899932861328,136.213623046875,74.78719329833984
2013-09-26,21.98137664794922,127.79000091552734,136.73741149902344,74.26324462890625
2013-09-27,21.87147331237793,128.97000122070312,136.10891723632812,74.4448471069336
2013-09-30,21.778474807739258,128.17999267578125,135.3836669921875,74.33311462402344
2013-10-01,21.634748458862305,124.58999633789062,136.45538330078125,74.1075668334961
2013-10-02,21.846107482910156,127.05999755859375,136.32643127441406,74.21959686279297
2013-10-03,21.81229019165039,127.18000030517578,135.0693817138672,74.10049438476562
2013-10-04,21.879924774169922,126.52999877929688,136.09274291992188,74.04450988769531
2013-10-07,22.032102584838867,127.63999938964844,134.916259765625,74.34574890136719
2013-10-08,22.108192443847656,127.4000015258789,133.34495544433594,74.36668395996094
2013-10-09,21.947559356689453,126.11000061035156,133.44161987304688,73.77131652832031
2013-10-10,22.22655487060547,124.2699966430664,136.3184051513672,73.89041900634766
2013-10-11,22.108192443847656,122.5999984741211,137.1967010498047,73.86943817138672
2013-10-14,22.0997371673584,122.83000183105469,137.7447052001953,73.27398681640625
2013-10-15,22.02364730834961,123.7300033569336,136.74545288085938,73.2249984741211
2013-10-16,22.192737579345703,123.54000091552734,138.6551971435547,74.14261627197266
2013-10-17,22.074378967285156,127.41999816894531,139.58189392089844,74.81503295898438
2013-10-18,22.20119285583496,126.8499984741211,140.52468872070312,74.97612762451172
2013-10-21,22.150466918945312,126.9800033569336,140.5327606201172,74.73797607421875
2013-10-22,22.12510108947754,129.33999633789062,141.3466339111328,75.57148742675781
2013-10-23,21.78692626953125,128.69000244140625,140.66976928710938,75.86569213867188
2013-10-24,21.795381546020508,129.89999389648438,141.1371307373047,75.57148742675781
2013-10-25,21.863019943237305,130.4600067138672,141.78176879882812,75.85164642333984
2013-10-28,21.947559356689453,130.55999755859375,142.00741577148438,75.59253692626953
2013-10-29,21.888378143310547,129.77000427246094,142.76483154296875,75.6905746459961
2013-10-30,21.95601463317871,129.60000610351562,142.05575561523438,75.23529052734375
2013-10-31,21.770017623901367,127.73999786376953,141.65284729003906,75.39640808105469
2013-11-01,21.499479293823242,126.94999694824219,141.99130249023438,74.58027648925781
2013-11-04,21.40648078918457,126.80999755859375,142.49090576171875,74.65050506591797
2013-11-05,21.3472957611084,126.55999755859375,142.0395965576172,73.758544921875
2013-11-06,21.364208221435547,127.19999694824219,142.76483154296875,73.79365539550781
2013-11-07,21.21202850341797,126.16000366210938,140.95985412597656,74.41876983642578
2013-11-08,21.330392837524414,124.27999877929688,142.86154174804688,72.6278076171875
2013-11-11,21.423389434814453,123.87000274658203,142.88577270507812,72.35388946533203
2013-11-12,21.279664993286133,122.44999694824219,142.59564208984375,72.69102478027344
2013-11-13,21.372665405273438,122.8499984741211,143.7399139404297,72.95787048339844
2013-11-14,21.465660095214844,124.2699966430664,144.45706176757812,73.40738677978516
2013-11-15,21.431842803955078,124.31999969482422,145.0855712890625,73.55484771728516
2013-11-18,21.28812026977539,122.9000015258789,144.57789611816406,73.99736022949219
2013-11-19,21.25429916381836,122.94999694824219,144.2636260986328,73.43550109863281
2013-11-20,21.271209716796875,120.12000274658203,143.81239318847656,72.18531799316406
2013-11-21,21.541749954223633,119.94000244140625,144.97280883789062,72.30477142333984
2013-11-22,21.609384536743164,119.91999816894531,145.69802856445312,72.9789810180664
2013-11-25,21.58402442932129,120.45999908447266,145.5529022216797,73.18966674804688
2013-11-26,21.5755672454834,119.81999969482422,145.5932159423828,73.46353912353516
2013-11-27,21.5755672454834,119.45999908447266,145.94778442382812,73.33716583251953
2013-11-29,21.56711196899414,120.69999694824219,145.85105895996094,73.35821533203125
2013-12-02,21.541749954223633,117.58000183105469,145.47235107421875,72.78768920898438
2013-12-03,21.66856575012207,117.95999908447266,144.84381103515625,73.0553207397461
2013-12-04,21.710838317871094,119.95999908447266,144.8277130126953,72.35791015625
2013-12-05,21.685474395751953,118.30000305175781,144.19105529785156,72.15364074707031
2013-12-06,21.761564254760742,118.55000305175781,145.80274963378906,72.49887084960938
2013-12-09,21.685474395751953,119.72000122070312,146.17344665527344,72.66792297363281
2013-12-10,21.753108978271484,121.81999969482422,145.64964294433594,73.18916320800781
2013-12-11,21.753108978271484,120.86000061035156,144.01385498046875,72.62562561035156
2013-12-12,21.55020523071289,118.29000091552734,143.5384521484375,72.35092163085938
2013-12-13,21.465660095214844,119.37999725341797,143.52230834960938,72.70313262939453
2013-12-16,21.533294677734375,119.69000244140625,144.4167938232422,72.43541717529297
2013-12-17,21.431842803955078,118.6500015258789,143.95742797851562,72.75948333740234
2013-12-18,21.47411346435547,117.61000061035156,146.41514587402344,72.39320373535156
2013-12-19,21.52484130859375,114.81999969482422,146.2459259033203,72.32273864746094
2013-12-20,21.693927764892578,115.94000244140625,147.09657287597656,73.43572998046875
2013-12-23,21.693927764892578,115.56999969482422,147.88253784179688,73.02009582519531
2013-12-24,21.761564254760742,116.0999984741211,148.20654296875,72.43541717529297
2013-12-26,21.795381546020508,116.73999786376953,148.9600372314453,72.15629577636719
2013-12-27,21.854562759399414,117.12000274658203,148.95193481445312,71.95133972167969
2013-12-30,21.727746963500977,115.38999938964844,148.92767333984375,72.44606018066406
2013-12-31,21.693927764892578,116.12000274658203,149.63247680664062,71.98670959472656
2014-01-02,21.38111686706543,118.0,148.19847106933594,72.20577239990234
2014-01-03,21.2458438873291,119.29000091552734,148.17417907714844,72.20577239990234
2014-01-06,21.271209716796875,119.5,147.7447967529297,72.50967407226562
2014-01-07,21.25429916381836,118.81999969482422,148.65219116210938,72.69337463378906
2014-01-08,21.051395416259766,118.12000274658203,148.68460083007812,72.49552154541016
2014-01-09,20.88231086730957,118.45999908447266,148.7818145751953,72.9195785522461
2014-01-10,21.017578125,120.26000213623047,149.18690490722656,73.78886413574219
2014-01-13,21.009124755859375,121.0199966430664,147.2019500732422,74.15630340576172
2014-01-14,21.009124755859375,119.88999938964844,148.80612182617188,73.81706237792969
2014-01-15,21.06830406188965,119.66000366210938,149.60821533203125,73.73936462402344
2014-01-16,21.034488677978516,119.79000091552734,149.41372680664062,74.23402404785156
2014-01-17,21.05984878540039,120.93000030517578,148.7818145751953,74.54503631591797
2014-01-21,21.110576629638672,119.69999694824219,149.21929931640625,74.60154724121094
2014-01-22,21.21202850341797,119.19000244140625,149.3165283203125,74.41778564453125
2014-01-23,21.195119857788086,121.79000091552734,148.09312438964844,75.47084045410156
2014-01-24,21.203575134277344,122.29000091552734,144.9334259033203,75.9584732055664
2014-01-27,21.05984878540039,120.95999908447266,144.22047424316406,75.42842864990234
2014-01-28,21.16130256652832,120.94999694824219,145.07928466796875,75.61215209960938
2014-01-29,21.144393920898438,122.47000122070312,143.68576049804688,76.23408508300781
2014-01-30,21.05984878540039,119.7699966430664,145.20887756347656,76.01493072509766
2014-01-31,21.034488677978516,120.08999633789062,144.35821533203125,76.52384185791016
2014-02-03,21.034488677978516,121.31999969482422,141.10939025878906,77.45623016357422
2014-02-04,21.195119857788086,120.98999786376953,142.0977783203125,76.63431549072266
2014-02-05,21.23739242553711,121.29000091552734,141.91958618164062,75.92581939697266
2014-02-06,21.321935653686523,121.23999786376953,143.79107666015625,75.59991455078125
2014-02-07,21.56711196899414,122.16999816894531,145.57350158691406,75.66370391845703
2014-02-10,21.44875144958496,122.91999816894531,145.84083557128906,75.876220703125
2014-02-11,21.558658599853516,124.36000061035156,147.43690490722656,75.43692779541016
2014-02-12,21.600929260253906,124.43000030517578,147.50979614257812,75.0472412109375
2014-02-13,21.71929359436035,125.48999786376953,148.2713623046875,75.4723129272461
2014-02-14,21.795381546020508,127.1500015258789,149.0896759033203,75.5148696899414
2014-02-18,22.108192443847656,127.4000015258789,149.26791381835938,75.68492126464844
2014-02-19,22.167373657226562,126.2699966430664,148.2794647216797,75.36608123779297
2014-02-20,22.209644317626953,127.5999984741211,149.15451049804688,75.18185424804688
2014-02-21,22.150466918945312,127.58000183105469,148.98435974121094,75.57865142822266
2014-02-24,22.24346351623535,128.99000549316406,149.8107452392578,75.38736724853516
2014-02-25,22.142011642456055,129.2100067138672,149.75404357910156,76.06044006347656
2014-02-26,22.08283042907715,128.11000061035156,149.76214599609375,76.46430206298828
2014-02-27,22.015195846557617,128.1999969482422,150.54798889160156,76.88233184814453
2014-02-28,22.091283798217773,127.62000274658203,150.9287567138672,76.92491149902344
2014-03-03,22.395641326904297,130.2899932861328,149.86746215820312,77.43833923339844
2014-03-04,22.311098098754883,128.67999267578125,151.97390747070312,76.27355194091797
2014-03-05,22.12510108947754,128.88999938964844,152.11163330078125,76.43689727783203
2014-03-06,22.328006744384766,130.1699981689453,152.4599609375,75.68402099609375
2014-03-07,22.22655487060547,129.08999633789062,152.52487182617188,75.20818328857422
2014-03-10,22.040557861328125,129.1300048828125,152.4438018798828,75.31472778320312
2014-03-11,22.049013137817383,129.86000061035156,151.6903839111328,75.51356506347656
2014-03-12,21.989830017089844,131.75999450683594,151.73085021972656,76.03910064697266
2014-03-13,21.888378143310547,132.2100067138672,150.02944946289062,77.06195068359375
2014-03-14,22.00674057006836,133.10000610351562,149.60821533203125,77.07616424560547
2014-03-17,21.761564254760742,131.63999938964844,150.96121215820312,76.50079345703125
2014-03-18,21.87147331237793,130.6199951171875,152.03871154785156,76.77783203125
2014-03-19,21.863019943237305,128.08999633789062,151.22857666015625,76.18122100830078
2014-03-20,21.761564254760742,127.86000061035156,152.11163330078125,76.04627990722656
2014-03-21,21.778474807739258,128.47000122070312,151.52162170410156,76.87014770507812
2014-03-24,21.770017623901367,126.18000030517578,150.89508056640625,77.41707611083984
2014-03-25,21.913742065429688,126.41000366210938,151.61117553710938,77.12586975097656
2014-03-26,21.896831512451172,125.41000366210938,150.520751953125,77.72953796386719
2014-03-27,22.091283798217773,124.58999633789062,150.20339965820312,78.12017822265625
2014-03-28,22.0997371673584,124.55999755859375,150.94390869140625,77.67986297607422
2014-03-31,22.08283042907715,123.61000061035156,152.18081665039062,77.48807525634766
2014-04-01,21.81229019165039,123.38999938964844,153.1898956298828,76.82585144042969
2014-04-02,21.761564254760742,124.31999969482422,153.70254516601562,76.38438415527344
2014-04-03,21.939104080200195,123.91999816894531,153.49911499023438,76.7190933227539
2014-04-04,22.040557861328125,125.56999969482422,151.6844024658203,77.2317123413086
2014-04-07,21.989830017089844,124.91000366210938,150.00807189941406,77.6946029663086
2014-04-08,22.24346351623535,126.08999633789062,150.62652587890625,77.8797378540039
2014-04-09,22.302642822265625,126.31999969482422,152.24588012695312,77.49520874023438
2014-04-10,22.311098098754883,127.01000213623047,149.04783630371094,78.21440887451172
2014-04-11,22.209644317626953,126.93000030517578,147.70513916015625,78.84815216064453
2014-04-14,22.412553787231445,127.8499984741211,148.86880493164062,78.64165496826172
2014-04-15,22.42945671081543,125.48999786376953,149.89407348632812,79.1329345703125
2014-04-16,22.471729278564453,125.54000091552734,151.4646759033203,79.23265075683594
2014-04-17,22.522457122802734,124.75,151.67628479003906,78.36394500732422
2014-04-21,22.446367263793945,124.23999786376953,152.20521545410156,78.29984283447266
2014-04-22,22.43791389465332,123.77999877929688,152.89697265625,78.5633544921875
2014-04-23,22.421005249023438,123.76000213623047,152.5388641357422,79.01190948486328
2014-04-24,22.556276321411133,124.55999755859375,152.84808349609375,79.16146087646484
2014-04-25,22.463279724121094,125.43000030517578,151.59490966796875,79.27543640136719
2014-04-28,22.387187957763672,124.87999725341797,152.07505798339844,78.89087677001953
2014-04-29,22.446367263793945,124.86000061035156,152.7830047607422,78.78407287597656
2014-04-30,22.328006744384766,124.22000122070312,153.2386474609375,79.111572265625
2014-05-01,22.158920288085938,123.80000305175781,153.25502014160156,79.96031951904297
2014-05-02,22.21809959411621,125.05999755859375,153.03524780273438,80.45281219482422
2014-05-05,22.167373657226562,126.22000122070312,153.32821655273438,79.96746063232422
2014-05-06,22.184284210205078,125.9800033569336,151.99365234375,80.28868865966797
2014-05-07,22.24346351623535,124.16999816894531,152.8887939453125,80.00313568115234
2014-05-08,22.175827026367188,124.16999816894531,152.72601318359375,79.66049194335938
2014-05-09,22.065921783447266,124.0999984741211,152.95388793945312,79.40352630615234
2014-05-12,22.116647720336914,124.94000244140625,154.44305419921875,79.08232116699219
2014-05-13,22.21809959411621,124.5999984741211,154.5814208984375,79.76761627197266
2014-05-14,22.319551467895508,125.80999755859375,153.8489532470703,80.63128662109375
2014-05-15,22.184284210205078,124.7699966430664,152.49818420410156,81.27374267578125
2014-05-16,22.209644317626953,124.5,153.0271453857422,81.04532623291016
2014-05-19,22.192737579345703,124.58000183105469,153.58859252929688,80.4457015991211
2014-05-20,22.235008239746094,124.69000244140625,152.62026977539062,80.6241683959961
2014-05-21,22.277280807495117,124.38999938964844,153.906005859375,80.13162994384766
2014-05-22,22.294191360473633,124.66999816894531,154.28030395507812,80.01737976074219
2014-05-23,22.34491539001465,124.51000213623047,154.8987579345703,80.4457015991211
2014-05-27,22.158920288085938,121.8499984741211,155.85086059570312,80.91680908203125
2014-05-28,22.167373657226562,121.19999694824219,155.7369842529297,81.91613006591797
2014-05-29,22.175827026367188,120.94000244140625,156.54254150390625,81.48072814941406
2014-05-30,22.00674057006836,120.43000030517578,156.79483032226562,81.445068359375
2014-06-02,21.98137664794922,119.69999694824219,156.97386169433594,80.83960723876953
2014-06-03,21.9644718170166,120.01000213623047,156.89248657226562,79.84479522705078
2014-06-04,21.905288696289062,119.76000213623047,157.2098388671875,79.82337188720703
2014-06-05,21.93065071105957,120.66000366210938,158.23516845703125,79.85916137695312
2014-06-06,22.02364730834961,120.61000061035156,158.99195861816406,79.85916137695312
2014-06-09,22.116647720336914,120.6500015258789,159.15475463867188,79.74466705322266
2014-06-10,22.05746841430664,121.38999938964844,159.17098999023438,79.45126342773438
2014-06-11,21.998287200927734,121.41000366210938,158.61766052246094,79.5943603515625
2014-06-12,22.311098098754883,122.63999938964844,157.49465942382812,80.30286407470703
2014-06-13,22.311098098754883,122.95999908447266,157.9747772216797,80.25996398925781
2014-06-16,22.378732681274414,122.41999816894531,158.10498046875,80.46031951904297
2014-06-17,22.404096603393555,122.27999877929688,158.54443359375,79.82337188720703
2014-06-18,22.49709701538086,122.66999816894531,159.7080841064453,80.43882751464844
2014-06-19,22.716909408569336,126.94000244140625,159.88714599609375,79.40833282470703
2014-06-20,22.75918197631836,126.5,160.21168518066406,80.00948333740234
2014-06-23,22.67463493347168,126.8499984741211,160.16258239746094,79.759033203125
2014-06-24,22.708454132080078,126.9800033569336,159.19784545898438,80.56767272949219
2014-06-25,22.742271423339844,126.98999786376953,159.9172821044922,80.77519226074219
2014-06-26,22.649276733398438,126.7300033569336,159.80294799804688,81.16165161132812
2014-06-27,22.607004165649414,126.66000366210938,160.1136016845703,81.03998565673828
2014-06-30,22.471729278564453,128.0399932861328,160.03179931640625,81.24032592773438
2014-07-01,22.404096603393555,127.69999694824219,161.10299682617188,80.56015014648438
2014-07-02,22.36182403564453,127.69999694824219,161.2665252685547,79.69916534423828
2014-07-03,22.319551467895508,127.16000366210938,162.05958557128906,79.41216278076172
2014-07-07,22.142011642456055,127.0199966430664,161.4954071044922,79.99333953857422
2014-07-08,22.08283042907715,127.06999969482422,160.45701599121094,80.89022827148438
2014-07-09,21.93065071105957,127.83999633789062,161.17654418945312,80.95478057861328
2014-07-10,21.9644718170166,128.5399932861328,160.53872680664062,80.9762954711914
2014-07-11,21.770017623901367,128.77999877929688,160.75949096679688,81.49288940429688
2014-07-14,21.854562759399414,125.72000122070312,161.5690155029297,81.1413345336914
2014-07-15,21.651657104492188,124.52999877929688,161.2665252685547,80.9762954711914
2014-07-16,21.685474395751953,124.97000122070312,161.86338806152344,81.40677642822266
2014-07-17,21.7362003326416,127.08999633789062,160.0236358642578,82.432861328125
2014-07-18,21.592477798461914,126.12999725341797,161.65899658203125,82.16735076904297
2014-07-21,21.693927764892578,126.33999633789062,161.35641479492188,82.57630157470703
2014-07-22,21.600929260253906,125.73999786376953,162.05958557128906,82.74853515625
2014-07-23,21.660110473632812,125.62000274658203,162.4193572998047,82.64090728759766
2014-07-24,21.634748458862305,124.3499984741211,162.42759704589844,82.02386474609375
2014-07-25,21.71929359436035,125.79000091552734,161.6671600341797,82.99248504638672
2014-07-28,21.677021026611328,125.58000183105469,161.73257446289062,82.877685546875
2014-07-29,21.609384536743164,125.19999694824219,161.03756713867188,83.17902374267578
2014-07-30,21.516387939453125,124.83000183105469,161.0620880126953,82.02386474609375
2014-07-31,21.40648078918457,123.38999938964844,157.88136291503906,81.7798843383789
2014-08-01,21.23739242553711,124.37999725341797,157.3989715576172,82.41294860839844
2014-08-04,21.398025512695312,123.98999786376953,158.5355224609375,82.19715118408203
2014-08-05,21.296573638916016,123.87000274658203,156.99830627441406,82.4633560180664
2014-08-06,21.431842803955078,125.66999816894531,157.04739379882812,82.5136947631836
2014-08-07,21.47411346435547,126.18000030517578,156.197021484375,83.28340911865234
2014-08-08,21.372665405273438,126.19000244140625,158.0040740966797,83.10359954833984
2014-08-11,21.40648078918457,125.95999908447266,158.46189880371094,83.09640502929688
2014-08-12,21.271209716796875,125.98999786376953,158.24118041992188,82.55683898925781
2014-08-13,21.25429916381836,126.19999694824219,159.3123016357422,83.09640502929688
2014-08-14,21.00067138671875,126.30999755859375,160.0645294189453,83.76542663574219
2014-08-15,21.085214614868164,125.4800033569336,160.03179931640625,84.6790771484375
2014-08-18,20.907670974731445,124.95999908447266,161.372802734375,83.83733367919922
2014-08-19,20.94994354248047,124.68000030517578,162.21502685546875,83.578369140625
2014-08-20,21.009124755859375,124.22000122070312,162.64830017089844,83.44168853759766
2014-08-21,21.05984878540039,122.87999725341797,163.12254333496094,83.90928649902344
2014-08-22,21.026031494140625,123.19000244140625,162.86911010742188,84.37689208984375
2014-08-25,21.05984878540039,122.73999786376953,163.69497680664062,84.6934585571289
2014-08-26,21.06830406188965,123.3499984741211,163.80120849609375,84.42008972167969
2014-08-27,21.102121353149414,123.31999969482422,163.7357940673828,85.13946533203125
2014-08-28,21.119029998779297,124.0,163.64585876464844,85.58550262451172
2014-08-29,21.16130256652832,123.86000061035156,164.11196899414062,85.64300537109375
2014-09-02,20.856943130493164,121.6500015258789,164.0301513671875,84.16559600830078
2014-09-03,20.941490173339844,122.1500015258789,163.94024658203125,84.63427734375
2014-09-04,20.856943130493164,121.4800033569336,163.70310974121094,83.60321044921875
2014-09-05,20.8231258392334,122.05999755859375,164.43898010253906,83.44461059570312
2014-09-08,20.721675872802734,120.7300033569336,164.01380920410156,83.48063659667969
2014-09-09,20.552589416503906,120.87000274658203,162.9754180908203,83.4157485961914
2014-09-10,20.408863067626953,120.26000213623047,163.58863830566406,82.88936614990234
2014-09-11,20.30741310119629,119.47000122070312,163.7766876220703,82.61542510986328
2014-09-12,20.146778106689453,118.37999725341797,162.820068359375,81.75019073486328
2014-09-15,20.17214012145996,118.63999938964844,162.69741821289062,81.87281036376953
2014-09-16,20.358139038085938,118.83000183105469,163.92388916015625,81.54109954833984
2014-09-17,20.273591995239258,117.54000091552734,164.14462280273438,81.33197784423828
2014-09-18,20.079143524169922,117.77999877929688,165.01953125,81.5915756225586
2014-09-19,20.01996421813965,117.08999633789062,164.87088012695312,82.62981414794922
2014-09-22,19.850873947143555,116.8499984741211,163.59756469726562,82.73080444335938
2014-09-23,19.850873947143555,117.5999984741211,162.66104125976562,83.24273681640625
2014-09-24,19.93541717529297,117.05000305175781,163.934326171875,82.78126525878906
2014-09-25,19.89314842224121,117.38999938964844,161.2891845703125,83.76187896728516
2014-09-26,19.859329223632812,117.05999755859375,162.57066345214844,83.6392822265625
2014-09-29,19.977689743041992,117.02999877929688,162.27499389648438,84.30984497070312
2014-09-30,19.631059646606445,116.20999908447266,161.84779357910156,83.833984375
2014-10-01,19.563426971435547,116.7699966430664,159.6544952392578,85.45960998535156
2014-10-02,19.487337112426758,116.73999786376953,159.67910766601562,84.71510314941406
2014-10-03,19.301340103149414,114.61000061035156,161.43707275390625,85.07648468017578
2014-10-06,19.54651641845703,116.02999877929688,161.2481231689453,85.12710571289062
2014-10-07,19.470428466796875,116.36000061035156,158.75906372070312,86.27635955810547
2014-10-08,19.394338607788086,117.47000122070312,161.5355987548828,86.2981185913086
2014-10-09,19.166072845458984,117.63999938964844,158.3318634033203,85.92219543457031
2014-10-10,19.098434448242188,117.58999633789062,156.52464294433594,86.77511596679688
2014-10-13,19.098434448242188,118.5199966430664,153.953369140625,87.30280303955078
2014-10-14,18.810985565185547,118.58999633789062,154.191650390625,87.87383270263672
2014-10-15,18.574262619018555,118.98999786376953,153.14834594726562,88.56770324707031
2014-10-16,18.7602596282959,119.22000122070312,153.01690673828125,88.00394439697266
2014-10-17,18.827898025512695,118.98999786376953,154.82412719726562,87.51236724853516
2014-10-20,18.692626953125,119.80000305175781,156.3274688720703,87.83047485351562
2014-10-21,18.844804763793945,120.0199966430664,159.42445373535156,87.12934112548828
2014-10-22,18.633447647094727,119.33999633789062,158.29083251953125,87.22332763671875
2014-10-23,18.853256225585938,118.5199966430664,160.1309051513672,86.4498291015625
2014-10-24,18.734899520874023,118.3499984741211,161.36312866210938,86.5366439819336
2014-10-27,18.68416976928711,118.05999755859375,161.14137268066406,86.69567108154297
2014-10-28,18.83635139465332,118.0999984741211,162.98968505859375,86.15352630615234
2014-10-29,19.05616569519043,116.41000366210938,162.7432403564453,86.34866333007812
2014-10-30,18.89552879333496,115.19000244140625,163.7864532470703,86.42098999023438
2014-10-31,18.870166778564453,112.66000366210938,165.65945434570312,86.1968765258789
2014-11-03,18.701080322265625,112.1500015258789,165.7498321533203,86.1968765258789
2014-11-04,18.430538177490234,112.22000122070312,165.17474365234375,86.4649658203125
2014-11-05,18.48126792907715,109.79000091552734,166.21807861328125,86.34183502197266
2014-11-06,18.4981746673584,109.87999725341797,166.88345336914062,85.78382873535156
2014-11-07,18.582717895507812,112.97000122070312,167.0395965576172,86.76932525634766
2014-11-10,18.405176162719727,110.45999908447266,167.5653076171875,85.9722671508789
2014-11-11,18.4981746673584,112.04000091552734,167.7296142578125,86.0302505493164
2014-11-12,18.438993453979492,111.5,167.5489044189453,85.95777893066406
2014-11-13,18.100818634033203,111.66999816894531,167.7378387451172,86.16064453125
2014-11-14,18.295270919799805,114.47000122070312,167.7788848876953,86.58091735839844
2014-11-17,18.21917724609375,114.05000305175781,167.8856658935547,86.3635025024414
2014-11-18,18.12618064880371,115.05000305175781,168.85499572753906,86.60265350341797
2014-11-19,18.033184051513672,113.68000030517578,168.5839080810547,86.05196380615234
2014-11-20,18.185365676879883,114.86000061035156,168.8796844482422,86.50121307373047
2014-11-21,18.379812240600586,115.38999938964844,169.78326416015625,87.02289581298828
2014-11-24,18.21917724609375,115.11000061035156,170.259765625,87.0953598022461
2014-11-25,18.1346378326416,115.37999725341797,170.1365203857422,87.8199234008789
2014-11-26,18.092365264892578,115.16000366210938,170.5719451904297,88.05907440185547
2014-11-28,17.263837814331055,112.11000061035156,170.21044921875,88.75469207763672
2014-12-01,17.618919372558594,116.58000183105469,169.0275421142578,88.23688507080078
2014-12-02,17.24692726135254,115.13999938964844,170.12008666992188,87.3798828125
2014-12-03,17.14547348022461,116.33000183105469,170.7772674560547,87.72125244140625
2014-12-04,17.094749450683594,115.87999725341797,170.58837890625,88.45474243164062
2014-12-05,17.05247688293457,114.43000030517578,170.8676300048828,87.93913269042969
2014-12-08,16.756574630737305,115.77999877929688,169.725830078125,89.013916015625
2014-12-09,16.874935150146484,118.19000244140625,169.61077880859375,89.47144317626953
2014-12-10,16.61284828186035,117.95999908447266,166.89170837402344,90.12506103515625
2014-12-11,16.460670471191406,117.69000244140625,167.7378387451172,90.49542236328125
2014-12-12,16.325397491455078,117.41000366210938,165.0269775390625,91.72276306152344
2014-12-15,16.063312530517578,114.38999938964844,163.8932647705078,91.53401184082031
2014-12-16,15.970316886901855,114.94999694824219,162.57899475097656,92.6668930053711
2014-12-17,16.063312530517578,114.2699966430664,165.76625061035156,91.83171081542969
2014-12-18,16.012588500976562,115.1500015258789,169.86541748046875,90.19770050048828
2014-12-19,16.249311447143555,114.7699966430664,170.58824157714844,91.41048431396484
2014-12-22,15.953407287597656,112.55000305175781,171.37289428710938,91.53401184082031
2014-12-23,16.11404037475586,112.73999786376953,171.6042022705078,89.71836853027344
2014-12-24,15.902681350708008,112.7699966430664,171.62075805664062,90.20671081542969
2014-12-26,15.885773658752441,114.83000183105469,172.17416381835938,90.54146575927734
2014-12-29,15.733593940734863,113.66999816894531,172.40545654296875,91.21827697753906
2014-12-30,15.716686248779297,115.19999694824219,171.4802703857422,91.4657211303711
2014-12-31,15.598326683044434,113.58000183105469,169.77865600585938,91.64044189453125
2015-01-02,15.412327766418457,114.08000183105469,169.68788146972656,92.65925598144531
2015-01-05,15.192514419555664,115.80000305175781,166.62338256835938,94.11486053466797
2015-01-06,15.048787117004395,117.12000274658203,165.05389404296875,95.81051635742188
2015-01-07,14.955792427062988,116.43000030517578,167.11068725585938,95.62126922607422
2015-01-08,15.014972686767578,115.94000244140625,170.0760498046875,94.35499572753906
2015-01-09,14.989607810974121,117.26000213623047,168.71311950683594,95.388427734375
2015-01-12,14.659889221191406,118.55999755859375,167.3915252685547,95.9343032836914
2015-01-13,14.600706100463867,118.16000366210938,166.92074584960938,95.9343032836914
2015-01-14,14.761340141296387,117.97000122070312,165.91294860839844,96.66201782226562
2015-01-15,14.558433532714844,120.94000244140625,164.3931121826172,98.18302917480469
2015-01-16,14.837428092956543,122.5199966430664,166.5490264892578,96.93128204345703
2015-01-20,14.63452434539795,124.19999694824219,166.90420532226562,98.21937561035156
2015-01-21,14.727521896362305,124.2300033569336,167.74671936035156,97.08409118652344
2015-01-22,14.710614204406738,125.2300033569336,170.24131774902344,96.7347412109375
2015-01-23,14.617616653442383,124.2300033569336,169.30789184570312,98.08116149902344
2015-01-26,14.566889762878418,122.98999786376953,169.70437622070312,97.78272247314453
2015-01-27,14.642977714538574,124.4000015258789,167.4658660888672,97.93558502197266
2015-01-28,14.431619644165039,123.41999816894531,165.31825256347656,99.53667449951172
2015-01-29,14.363985061645508,120.76000213623047,166.8463592529297,98.88168334960938
2015-01-30,14.710614204406738,123.44999694824219,164.748291015625,100.6356201171875
2015-02-02,14.913519859313965,122.41999816894531,166.78855895996094,100.2555923461914
2015-02-03,15.32778263092041,121.05000305175781,169.20045471191406,98.13358306884766
2015-02-04,14.989607810974121,121.58000183105469,168.5562286376953,98.30130004882812
2015-02-05,15.192514419555664,121.79000091552734,170.25779724121094,97.2220458984375
2015-02-06,15.234784126281738,118.63999938964844,169.78697204589844,95.50103759765625
2015-02-09,15.386964797973633,119.16999816894531,169.02706909179688,95.34788513183594
2015-02-10,15.192514419555664,118.47000122070312,170.8277587890625,94.58944702148438
2015-02-11,15.074152946472168,117.06999969482422,170.9268035888672,94.7645263671875
2015-02-12,15.302421569824219,117.33999633789062,172.5706329345703,94.45091247558594
2015-02-13,15.47150707244873,117.9800033569336,173.28097534179688,93.4810562133789
2015-02-17,15.479963302612305,116.01000213623047,173.55355834960938,92.07361602783203
2015-02-18,15.293965339660645,116.33999633789062,173.57012939453125,92.62054443359375
2015-02-19,15.243241310119629,115.94000244140625,173.4462127685547,92.00796508789062
2015-02-20,15.184059143066406,115.27999877929688,174.48696899414062,92.27780151367188
2015-02-23,15.082605361938477,115.43000030517578,174.4622039794922,93.33521270751953
2015-02-24,15.091060638427734,115.26000213623047,174.9578094482422,94.56033325195312
2015-02-25,15.319329261779785,115.69999694824219,174.80917358398438,94.96866607666016
2015-02-26,15.192514419555664,116.06999969482422,174.60264587402344,93.67066955566406
2015-02-27,15.361602783203125,116.16000366210938,174.00787353515625,94.45826721191406
2015-03-02,15.141788482666016,115.68000030517578,175.10646057128906,92.69880676269531
2015-03-03,15.234784126281738,115.47000122070312,174.3878631591797,92.36268615722656
2015-03-04,15.099515914916992,115.11000061035156,173.65272521972656,92.39189910888672
2015-03-05,15.040336608886719,115.0,173.84268188476562,92.2750473022461
2015-03-06,14.854338645935059,111.86000061035156,171.39768981933594,90.23652648925781
2015-03-09,14.812067031860352,111.97000122070312,172.10806274414062,91.0694351196289
2015-03-10,14.617616653442383,111.41999816894531,169.31613159179688,92.26773071289062
2015-03-11,14.693704605102539,110.75,168.919677734375,92.93991088867188
2015-03-12,14.626070976257324,110.72000122070312,171.06727600097656,92.87419891357422
2015-03-13,14.330169677734375,110.87999725341797,170.0182647705078,92.58921813964844
2015-03-16,14.31325912475586,110.80999755859375,172.28976440429688,93.48059844970703
2015-03-17,14.21180534362793,110.20999908447266,171.77769470214844,94.25507354736328
2015-03-18,14.600706100463867,112.37000274658203,173.84268188476562,96.0744857788086
2015-03-19,14.355530738830566,112.29000091552734,173.04971313476562,95.58493041992188
2015-03-20,14.549981117248535,113.56999969482422,174.5772247314453,96.08907318115234
2015-03-23,14.71906852722168,114.29000091552734,174.23699951171875,95.9721450805664
2015-03-24,14.600706100463867,114.56999969482422,173.25796508789062,96.90010070800781
2015-03-25,14.642977714538574,114.7300033569336,170.71910095214844,96.08170318603516
2015-03-26,14.820523262023926,115.4800033569336,170.31256103515625,94.5838623046875
2015-03-27,14.524618148803711,115.05999755859375,170.7025146484375,95.76025390625
2015-03-30,14.600706100463867,113.75,172.78504943847656,95.28535461425781
2015-03-31,14.431619644165039,113.66000366210938,171.2749786376953,95.48992156982422
2015-04-01,14.693704605102539,115.5999984741211,170.66929626464844,96.74413299560547
2015-04-02,14.617616653442383,115.27999877929688,171.28334045410156,95.71907043457031
2015-04-06,14.80361270904541,116.69000244140625,172.43655395507812,95.18456268310547
2015-04-07,14.879700660705566,116.11000061035156,171.980224609375,95.98267364501953
2015-04-08,14.592253684997559,115.47000122070312,172.56100463867188,96.01199340820312
2015-04-09,14.592253684997559,114.66999816894531,173.3244171142578,94.7672348022461
2015-04-10,14.74443244934082,115.97000122070312,174.27023315429688,94.90635681152344
2015-04-13,14.676795959472656,115.13999938964844,173.48196411132812,95.03813934326172
2015-04-14,14.74443244934082,114.44000244140625,173.81385803222656,95.71177673339844
2015-04-15,15.040336608886719,115.43000030517578,174.5937957763672,95.6312255859375
2015-04-16,15.200967788696289,115.02999877929688,174.54403686523438,95.15528106689453
2015-04-17,15.167149543762207,115.5999984741211,172.53614807128906,96.24626922607422
2015-04-20,15.099515914916992,114.72000122070312,174.11264038085938,95.39695739746094
2015-04-21,14.989607810974121,115.37999725341797,173.9051513671875,94.96493530273438
2015-04-22,15.040336608886719,113.83000183105469,174.75975036621094,93.51522064208984
2015-04-23,15.22633171081543,114.66000366210938,175.19949340820312,93.91790771484375
2015-04-24,15.217874526977539,113.05000305175781,175.6060333251953,94.50373077392578
2015-04-27,15.217874526977539,115.33000183105469,174.87591552734375,94.50373077392578
2015-04-28,15.243241310119629,116.33000183105469,175.43182373046875,93.2003402709961
2015-04-29,15.344690322875977,115.51000213623047,174.70993041992188,92.05816650390625
2015-04-30,15.463053703308105,113.47000122070312,172.9592742919922,92.21923065185547
2015-05-01,15.446146011352539,113.08000183105469,174.83445739746094,90.97783660888672
2015-05-04,15.437690734863281,114.0999984741211,175.33226013183594,90.11941528320312
2015-05-05,15.564507484436035,114.41999816894531,173.3244171142578,89.99465942382812
2015-05-06,15.564507484436035,114.36000061035156,172.61082458496094,88.45387268066406
2015-05-07,15.319329261779785,113.41999816894531,173.29945373535156,89.64248657226562
2015-05-08,15.403871536254883,113.97000122070312,175.5811767578125,89.8846206665039
2015-05-11,15.336237907409668,113.52999877929688,174.74317932128906,87.6982192993164
2015-05-12,15.496870040893555,114.5,174.22042846679688,87.92566680908203
2015-05-13,15.513777732849121,116.55000305175781,174.25360107421875,87.22134399414062
2015-05-14,15.606780052185059,117.18000030517578,176.07069396972656,87.45606231689453
2015-05-15,15.598326683044434,117.52999877929688,176.26153564453125,89.20964050292969
2015-05-18,15.556052207946777,117.5199966430664,176.80911254882812,87.712890625
2015-05-19,15.22633171081543,115.88999938964844,176.75099182128906,86.93517303466797
2015-05-20,15.192514419555664,116.08000183105469,176.6265869140625,87.08187866210938
2015-05-21,15.378512382507324,115.69000244140625,177.14096069335938,88.29987335205078
2015-05-22,15.209423065185547,115.5999984741211,176.71786499023438,88.33650970458984
2015-05-26,14.913519859313965,113.91000366210938,174.8178253173828,89.84796905517578
2015-05-27,14.710614204406738,113.88999938964844,176.47720336914062,90.0533676147461
2015-05-28,14.786701202392578,114.0199966430664,176.27809143066406,89.83326721191406
2015-05-29,14.972698211669922,114.0999984741211,175.18287658691406,90.03138732910156
2015-06-01,14.938880920410156,114.0,175.53964233398438,89.06371307373047
2015-06-02,15.116426467895508,114.45999908447266,175.36537170410156,87.82117462158203
2015-06-03,14.921974182128906,113.63999938964844,175.83006286621094,86.40939331054688
2015-06-04,14.786701202392578,112.83999633789062,174.3449249267578,87.53435516357422
2015-06-05,14.854338645935059,112.23999786376953,174.0461883544922,86.46823120117188
2015-06-08,14.862793922424316,112.56999969482422,172.97589111328125,86.3727035522461
2015-06-09,15.099515914916992,112.81999969482422,172.95106506347656,85.6888198852539
2015-06-10,15.158697128295898,113.77999877929688,175.02523803710938,84.93885803222656
2015-06-11,15.023426055908203,113.26000213623047,175.58946228027344,86.72555541992188
2015-06-12,14.871248245239258,113.2300033569336,174.2453155517578,86.72555541992188
2015-06-15,14.80361270904541,113.7300033569336,173.4985809326172,86.86529541015625
2015-06-16,14.845884323120117,113.31999969482422,174.44448852539062,87.54905700683594
2015-06-17,14.88815689086914,113.8499984741211,174.72653198242188,86.87261962890625
2015-06-18,14.88815689086914,115.31999969482422,176.54359436035156,86.4461669921875
2015-06-19,14.752885818481445,115.12000274658203,175.75990295410156,87.55638885498047
2015-06-22,14.80361270904541,113.63999938964844,176.66030883789062,85.76969909667969
2015-06-23,14.981152534484863,112.88999938964844,176.78536987304688,85.25501251220703
2015-06-24,14.879700660705566,112.58999633789062,175.50140380859375,85.99027252197266
2015-06-25,14.89660930633545,112.44000244140625,174.96783447265625,85.6888198852539
2015-06-26,14.96424674987793,112.55999755859375,174.93450927734375,84.7256088256836
2015-06-29,14.89660930633545,113.06999969482422,171.26600646972656,86.96822357177734
2015-06-30,15.217874526977539,112.37000274658203,171.62454223632812,86.36530303955078
2015-07-01,15.031882286071777,111.9800033569336,173.0001983642578,85.19955444335938
2015-07-02,15.00651741027832,111.76000213623047,172.84178161621094,85.47954559326172
2015-07-06,14.51616382598877,112.05999755859375,172.3499298095703,87.06385803222656
2015-07-07,14.431619644165039,110.76000213623047,173.4337921142578,87.88182830810547
2015-07-08,14.363985061645508,111.08999633789062,170.5240478515625,88.64083862304688
2015-07-09,14.533072471618652,111.36000061035156,170.83250427246094,86.89436340332031
2015-07-10,14.600706100463867,111.48999786376953,172.9835205078125,85.51634979248047
2015-07-13,14.609163284301758,110.98999786376953,174.8927764892578,85.2510986328125
2015-07-14,14.558433532714844,110.73999786376953,175.65147399902344,85.5311050415039
2015-07-15,14.389348030090332,110.16000366210938,175.59315490722656,86.4374771118164
2015-07-16,14.3217134475708,109.76000213623047,177.0021514892578,87.03433990478516
2015-07-17,14.245625495910645,108.6500015258789,177.15219116210938,87.48388671875
2015-07-20,14.017354965209961,105.69999694824219,177.24391174316406,87.11541748046875
2015-07-21,14.076536178588867,105.37000274658203,176.54359436035156,87.58704376220703
2015-07-22,13.873631477355957,104.80000305175781,176.2267608642578,88.13236999511719
2015-07-23,13.755270004272461,104.33000183105469,175.23458862304688,89.23033142089844
2015-07-24,13.645362854003906,105.3499984741211,173.4170379638672,89.45140838623047
2015-07-27,13.38327693939209,104.86000061035156,172.40821838378906,89.93037414550781
2015-07-28,13.493184089660645,105.0199966430664,174.5259552001953,89.27450561523438
2015-07-29,13.535456657409668,105.16999816894531,175.7265625,88.94295501708984
2015-07-30,13.484729766845703,104.2699966430664,175.76824951171875,89.62825775146484
2015-07-31,13.29873275756836,104.93000030517578,175.50140380859375,90.29145812988281
2015-08-03,13.078920364379883,104.0999984741211,174.90953063964844,91.24191284179688
2015-08-04,13.155009269714355,104.30999755859375,174.56765747070312,90.51811981201172
2015-08-05,13.10428237915039,103.93000030517578,175.14288330078125,89.83876037597656
2015-08-06,13.095829010009766,104.38999938964844,173.70892333984375,90.63631439208984
2015-08-07,13.045103073120117,104.6500015258789,173.3754119873047,91.82530975341797
2015-08-10,13.3240966796875,105.72000122070312,175.5597686767578,90.68805694580078
2015-08-11,13.146554946899414,106.26000213623047,173.9756622314453,92.12811279296875
2015-08-12,13.10428237915039,107.75,174.18411254882812,91.62588500976562
2015-08-13,13.045103073120117,106.86000061035156,173.96739196777344,91.33053588867188
2015-08-14,12.96055793762207,106.8499984741211,174.60101318359375,91.5446548461914
2015-08-17,12.909832954406738,107.12999725341797,175.57647705078125,91.958251953125
2015-08-18,12.842196464538574,107.11000061035156,175.06788635253906,91.2345199584961
2015-08-19,12.69847297668457,108.55000305175781,173.6838836669922,92.13551330566406
2015-08-20,12.73228931427002,110.44000244140625,170.05714416503906,93.06603240966797
2015-08-21,12.520931243896484,111.12999725341797,164.93801879882812,93.34664154052734
2015-08-24,12.208118438720703,110.52999877929688,157.99288940429688,93.31710052490234
2015-08-25,12.258846282958984,109.16000366210938,156.1337890625,91.81793975830078
2015-08-26,12.182755470275879,107.66999816894531,162.12831115722656,90.0455322265625
2015-08-27,12.622383117675781,107.7300033569336,166.13858032226562,90.09728240966797
2015-08-28,12.952104568481445,108.69999694824219,166.1468963623047,90.36308288574219
2015-08-31,13.264915466308594,108.81999969482422,164.80459594726562,89.66889953613281
2015-09-01,12.825288772583008,109.19999694824219,159.8855743408203,90.31500244140625
2015-09-02,12.935195922851562,108.62000274658203,162.92030334472656,89.53784942626953
2015-09-03,13.019739151000977,107.83999633789062,163.03704833984375,89.97453308105469
2015-09-04,12.859106063842773,107.48999786376953,160.56922912597656,90.7960433959961
2015-09-08,12.952104568481445,107.5199966430664,164.6044464111328,89.45651245117188
2015-09-09,12.783016204833984,106.12999725341797,162.40342712402344,89.88575744628906
2015-09-10,12.892923355102539,106.37999725341797,163.28717041015625,89.2788314819336
2015-09-11,12.876014709472656,106.16000366210938,164.02923583984375,89.8413314819336
2015-09-14,12.715380668640137,106.22000122070312,163.4206085205078,89.9819564819336
2015-09-15,12.75765323638916,105.9000015258789,165.46327209472656,88.25752258300781
2015-09-16,12.969013214111328,107.30999755859375,166.89730834960938,87.92446899414062
2015-09-17,12.884468078613281,108.41000366210938,166.5220947265625,88.99762725830078
2015-09-18,12.690018653869629,109.20999908447266,163.8008575439453,90.3668441772461
2015-09-21,12.833742141723633,108.52999877929688,164.64735412597656,88.89397430419922
2015-09-22,12.75765323638916,107.79000091552734,162.51025390625,90.12995910644531
2015-09-23,12.656201362609863,108.22000122070312,162.25045776367188,90.12257385253906
2015-09-24,12.73228931427002,110.48999786376953,161.66375732421875,90.73685455322266
2015-09-25,12.808378219604492,109.80999755859375,161.62184143066406,89.95236206054688
2015-09-28,12.630837440490723,108.41999816894531,157.5655975341797,91.49179077148438
2015-09-29,12.715380668640137,107.9800033569336,157.65780639648438,91.75078582763672
2015-09-30,12.808378219604492,106.86000061035156,160.59939575195312,91.43257141113281
2015-10-01,12.723835945129395,106.7300033569336,161.01844787597656,91.82264709472656
2015-10-02,12.808378219604492,108.98999786376953,163.42373657226562,92.37891387939453
2015-10-05,12.97746753692627,108.7699966430664,166.3318328857422,91.12552642822266
2015-10-06,13.231098175048828,109.86000061035156,165.761962890625,91.51858520507812
2015-10-07,13.20573616027832,109.69999694824219,167.11962890625,91.2145004272461
2015-10-08,13.264915466308594,109.13999938964844,168.62814331054688,90.4506607055664
2015-10-09,13.3240966796875,110.87000274658203,168.7287139892578,90.6879653930664
2015-10-12,13.112737655639648,111.30999755859375,168.88800048828125,91.377685546875
2015-10-13,13.028193473815918,111.86000061035156,167.82357788085938,91.53340911865234
2015-10-14,13.062010765075684,113.80999755859375,167.0190887451172,92.33438873291016
2015-10-15,13.028193473815918,113.29000091552734,169.5835723876953,91.88201141357422
2015-10-16,13.03664779663086,112.48999786376953,170.35452270507812,91.91171264648438
2015-10-19,12.799925804138184,112.0199966430664,170.4383544921875,91.65950775146484
2015-10-20,12.825288772583008,112.7300033569336,170.22048950195312,91.09584045410156
2015-10-21,12.715380668640137,111.7300033569336,169.1645050048828,92.00067138671875
2015-10-22,12.75765323638916,111.69000244140625,172.02232360839844,92.15642547607422
2015-10-23,12.681563377380371,111.5,173.9080047607422,91.3702621459961
2015-10-26,12.647747039794922,111.43000030517578,173.4805908203125,91.9784164428711
2015-10-27,12.588566780090332,111.68000030517578,173.14537048339844,92.20832824707031
2015-10-28,12.799925804138184,110.77999877929688,175.11485290527344,91.8375244140625
2015-10-29,12.723835945129395,109.72000122070312,175.01425170898438,90.37644958496094
2015-10-30,12.850651741027832,109.30000305175781,174.26004028320312,91.05877685546875
2015-11-02,12.783016204833984,108.58999633789062,176.32162475585938,90.64032745361328
2015-11-03,13.011284828186035,106.9800033569336,176.83290100097656,89.89704895019531
2015-11-04,12.791471481323242,105.97000122070312,176.2964630126953,90.00113677978516
2015-11-05,12.690018653869629,105.63999938964844,176.12049865722656,89.76322937011719
2015-11-06,12.61392879486084,104.0999984741211,176.02830505371094,88.44770812988281
2015-11-09,12.504023551940918,104.4000015258789,174.38571166992188,87.94973754882812
2015-11-10,12.478659629821777,104.18000030517578,174.78797912597656,88.20985412597656
2015-11-11,12.351842880249023,103.83000183105469,174.10072326660156,88.02409362792969
2015-11-12,12.174302101135254,103.8499984741211,171.67037963867188,88.44770812988281
2015-11-13,12.081303596496582,103.55999755859375,169.74281311035156,88.95313262939453
2015-11-16,12.140482902526855,103.70999908447266,172.3240203857422,88.8713607788086
2015-11-17,11.954487800598145,102.33999633789062,172.19834899902344,89.02000427246094
2015-11-18,12.005213737487793,102.43000030517578,174.93045043945312,89.20587158203125
2015-11-19,12.005213737487793,103.55999755859375,174.77957153320312,89.8004379272461
2015-11-20,11.988306045532227,103.08999633789062,175.41647338867188,89.5253677368164
2015-11-23,12.081303596496582,102.26000213623047,175.2154083251953,89.8004379272461
2015-11-24,12.275754928588867,102.94000244140625,175.45004272460938,89.79299926757812
2015-11-25,12.258846282958984,102.45999908447266,175.42491149902344,90.00113677978516
2015-11-27,12.072848320007324,101.25,175.6260528564453,89.91194152832031
2015-11-30,11.996759414672852,101.91999816894531,174.89694213867188,90.26869201660156
2015-12-01,12.13202953338623,102.27999877929688,176.5646514892578,91.488037109375
2015-12-02,11.878398895263672,100.69000244140625,174.76280212402344,91.5177993774414
2015-12-03,12.01366901397705,101.76000213623047,172.31565856933594,89.0300521850586
2015-12-04,11.996759414672852,104.0199966430664,175.6763153076172,89.81210327148438
2015-12-07,11.650129318237305,102.66999816894531,174.61199951171875,90.68354797363281
2015-12-08,11.590949058532715,102.83999633789062,173.43865966796875,90.72821807861328
2015-12-09,11.599405288696289,102.63999938964844,172.0894012451172,90.63143157958984
2015-12-10,11.55713176727295,102.55000305175781,172.53355407714844,90.75059509277344
2015-12-11,11.438769340515137,103.11000061035156,169.18963623046875,92.1806640625
2015-12-14,11.362680435180664,101.79000091552734,170.04444885253906,90.98896026611328
2015-12-15,11.33731746673584,101.5199966430664,171.82957458496094,90.45268249511719
2015-12-16,11.286592483520508,102.75,174.34378051757812,90.25899505615234
2015-12-17,11.168230056762695,100.5,171.68710327148438,91.2794418334961
2015-12-18,11.21895694732666,102.04000091552734,168.62852478027344,91.78593444824219
2015-12-21,11.168230056762695,103.1500015258789,170.01953125,91.76354217529297
2015-12-22,11.117504119873047,102.61000061035156,171.56236267089844,91.1006851196289
2015-12-23,11.320409774780273,102.30999755859375,173.6868896484375,90.41545104980469
2015-12-24,11.320409774780273,103.05000305175781,173.4001922607422,90.93346405029297
2015-12-28,11.159775733947754,102.2699966430664,173.00399780273438,91.20210266113281
2015-12-29,11.345772743225098,102.19999694824219,174.8502655029297,89.68695068359375
2015-12-30,11.235864639282227,101.41999816894531,173.61094665527344,89.59740447998047
2015-12-31,11.295045852661133,101.45999908447266,171.8742218017578,90.00043487548828
2016-01-04,11.210502624511719,102.88999938964844,169.4715576171875,90.64981842041016
2016-01-05,11.10059642791748,103.18000030517578,169.75816345214844,90.28404998779297
2016-01-06,10.923053741455078,104.66999816894531,167.61683654785156,91.5007095336914
2016-01-07,10.872326850891113,106.1500015258789,163.59542846679688,91.6649169921875
2016-01-08,10.821600914001465,105.68000030517578,161.7997283935547,92.07539367675781
2016-01-11,10.525697708129883,104.73999786376953,161.95986938476562,91.0677490234375
2016-01-12,10.458062171936035,104.20999908447266,163.26670837402344,92.38143920898438
2016-01-13,10.398882865905762,104.72000122070312,159.1946563720703,93.29206085205078
2016-01-14,10.424246788024902,103.0199966430664,161.80821228027344,92.41877746582031
2016-01-15,10.204431533813477,104.08000183105469,158.3347930908203,93.85929870605469
2016-01-19,10.119888305664062,103.9800033569336,158.54547119140625,93.56820678710938
2016-01-20,10.043798446655273,105.37000274658203,156.5137176513672,94.55349731445312
2016-01-21,10.179069519042969,105.48999786376953,157.39056396484375,93.91157531738281
2016-01-22,10.483426094055176,105.0,160.61944580078125,93.55325317382812
2016-01-25,10.255157470703125,106.08000183105469,158.19142150878906,94.06083679199219
2016-01-26,10.458062171936035,107.29000091552734,160.34970092773438,94.10562133789062
2016-01-27,10.584879875183105,107.69000244140625,158.6044921875,94.0832290649414
2016-01-28,10.703240394592285,106.54000091552734,159.43069458007812,94.21759796142578
2016-01-29,10.804692268371582,106.94999694824219,163.31719970703125,95.01624298095703
2016-02-01,10.601787567138672,108.05000305175781,163.25823974609375,94.725341796875
2016-02-02,10.415790557861328,108.08999633789062,160.3159942626953,96.48269653320312
2016-02-03,10.677876472473145,109.25,161.2770233154297,95.68247985839844
2016-02-04,10.660967826843262,110.56999969482422,161.5299530029297,96.14616394042969
2016-02-05,10.593334197998047,112.31999969482422,158.45278930664062,96.25828552246094
2016-02-08,10.542607307434082,113.83000183105469,156.31985473632812,98.32977294921875
2016-02-09,10.272067070007324,113.58000183105469,156.32830810546875,98.4344711303711
2016-02-10,10.288976669311523,114.45999908447266,156.19337463378906,99.30192565917969
2016-02-11,10.415790557861328,119.05999755859375,154.16163635253906,99.99742126464844
2016-02-12,10.567970275878906,118.36000061035156,157.33995056152344,98.33718872070312
2016-02-16,10.44960880279541,114.7699966430664,159.99557495117188,97.2977523803711
2016-02-17,10.669422149658203,115.4800033569336,162.60903930664062,96.69954681396484
2016-02-18,10.610243797302246,118.29000091552734,161.9430389404297,97.88855743408203
2016-02-19,10.517244338989258,117.58000183105469,161.86717224121094,97.97078704833984
2016-02-22,10.677876472473145,115.48999786376953,164.2108917236328,97.91848754882812
2016-02-23,10.534152030944824,117.22000122070312,162.13694763183594,98.3148422241211
2016-02-24,10.669422149658203,117.61000061035156,162.8788299560547,98.12036895751953
2016-02-25,10.660967826843262,117.91999816894531,164.8515625,98.47185516357422
2016-02-26,10.644060134887695,117.11000061035156,164.47222900390625,97.52216339111328
2016-02-29,10.779329299926758,118.63999938964844,163.1823272705078,97.94840240478516
2016-03-01,10.7877836227417,117.7699966430664,167.0182647705078,96.22362518310547
2016-03-02,10.846963882446289,118.68000030517578,167.76858520507812,96.62076568603516
2016-03-03,10.906145095825195,120.7300033569336,168.42617797851562,96.97282409667969
2016-03-04,11.117504119873047,120.54000091552734,168.97409057617188,96.35102844238281
2016-03-07,11.320409774780273,121.13999938964844,169.10897827148438,96.32105255126953
2016-03-08,11.168230056762695,120.58000183105469,167.26268005371094,97.38494873046875
2016-03-09,11.33731746673584,119.58000183105469,168.08897399902344,96.79304504394531
2016-03-10,11.320409774780273,121.5,168.2238006591797,96.39598083496094
2016-03-11,11.362680435180664,119.41000366210938,170.93844604492188,95.42195892333984
2016-03-14,11.261228561401367,117.87000274658203,170.71926879882812,95.72167205810547
2016-03-15,11.168230056762695,117.95999908447266,170.44110107421875,95.81155395507812
2016-03-16,11.362680435180664,120.58999633789062,171.4274444580078,96.09626007080078
2016-03-17,11.489497184753418,120.12999725341797,172.5150146484375,96.49333953857422
2016-03-18,11.48104190826416,119.80000305175781,173.19290161132812,96.69567108154297
2016-03-21,11.514860153198242,118.95999908447266,173.43865966796875,95.95391082763672
2016-03-22,11.599405288696289,119.30999755859375,173.34548950195312,95.93147277832031
2016-03-23,11.354227066040039,116.61000061035156,172.2014617919922,97.01786041259766
2016-03-24,11.286592483520508,116.33000183105469,172.12515258789062,97.05528259277344
2016-03-28,11.320409774780273,116.5999984741211,172.2268524169922,97.18264770507812
2016-03-29,11.295045852661133,118.76000213623047,173.8199920654297,98.20166015625
2016-03-30,11.252775192260742,117.0999984741211,174.58274841308594,97.16767120361328
2016-03-31,11.235864639282227,117.63999938964844,174.1590118408203,97.85696411132812
2016-04-01,11.041415214538574,116.93000030517578,175.34535217285156,98.11225128173828
2016-04-04,10.889237403869629,116.1500015258789,174.7775421142578,98.17227172851562
2016-04-05,10.863873481750488,117.66000366210938,173.0318603515625,99.24591827392578
2016-04-06,10.9822359085083,116.94000244140625,174.92156982421875,98.52513122558594
2016-04-07,10.948415756225586,118.61000061035156,172.82855224609375,99.74139404296875
2016-04-08,11.210502624511719,118.43000030517578,173.29458618164062,99.11077117919922
2016-04-11,11.295045852661133,120.02999877929688,172.88783264160156,98.98312377929688
2016-04-12,11.54022216796875,120.05000305175781,174.49795532226562,98.29994201660156
2016-04-13,11.599405288696289,118.7699966430664,176.26051330566406,98.64533233642578
2016-04-14,11.5064058303833,117.11000061035156,176.26898193359375,98.17227172851562
2016-04-15,11.464134216308594,117.91999816894531,176.07408142089844,99.01319122314453
2016-04-18,11.514860153198242,117.73999786376953,177.3113250732422,98.58524322509766
2016-04-19,11.76003646850586,119.58000183105469,177.87060546875,98.27738952636719
2016-04-20,11.988306045532227,118.97000122070312,178.0401153564453,97.19625854492188
2016-04-21,11.937578201293945,119.41999816894531,177.08255004882812,96.61817932128906
2016-04-22,11.88685417175293,117.88999938964844,177.08255004882812,96.37036895751953
2016-04-25,11.878398895263672,118.2300033569336,176.7774200439453,95.9725112915039
2016-04-26,12.030576705932617,118.69999694824219,177.0401153564453,95.5370101928711
2016-04-27,12.140482902526855,119.04000091552734,177.40452575683594,96.49053955078125
2016-04-28,12.208118438720703,121.29000091552734,175.79443359375,96.88845825195312
2016-04-29,12.3264799118042,123.6500015258789,174.84535217285156,97.13621520996094
2016-05-02,12.157393455505371,123.23999786376953,176.235107421875,96.1582260131836
2016-05-03,11.971395492553711,122.95999908447266,174.7013397216797,97.36942291259766
2016-05-04,11.979850769042969,122.20999908447266,173.72674560546875,97.903564453125
2016-05-05,11.861489295959473,122.06999969482422,173.6929168701172,98.55802917480469
2016-05-06,11.937578201293945,123.18000030517578,174.3284454345703,98.13677978515625
2016-05-09,11.675494194030762,120.6500015258789,174.4725341796875,98.4452133178711
2016-05-10,11.962942123413086,120.9800033569336,176.64187622070312,98.4527587890625
2016-05-11,12.241935729980469,122.12000274658203,174.98934936523438,99.0093994140625
2016-05-12,12.258846282958984,121.16000366210938,175.04026794433594,98.55802917480469
2016-05-13,12.241935729980469,121.70999908447266,173.51495361328125,99.51348876953125
2016-05-16,12.37720775604248,121.80000305175781,175.22669982910156,98.65587615966797
2016-05-17,12.47020435333252,122.22000122070312,173.5912322998047,98.82136535644531
2016-05-18,12.37720775604248,120.0999984741211,173.64205932617188,97.41461944580078
2016-05-19,12.343387603759766,119.87000274658203,173.04039001464844,97.8358383178711
2016-05-20,12.39411449432373,119.70999908447266,174.13351440429688,97.91109466552734
2016-05-23,12.3264799118042,119.37000274658203,173.89625549316406,98.12925720214844
2016-05-24,12.3264799118042,117.30000305175781,176.1503448486328,97.69292449951172
2016-05-25,12.47020435333252,116.9800033569336,177.34519958496094,97.32427215576172
2016-05-26,12.461750030517578,116.58000183105469,177.39601135253906,97.82832336425781
2016-05-27,12.51247501373291,115.62000274658203,178.1587677001953,97.68540954589844
2016-05-31,12.436386108398438,116.05999755859375,177.81971740722656,97.91861724853516
2016-06-01,12.563201904296875,115.94000244140625,178.18414306640625,98.31591796875
2016-06-02,12.588566780090332,115.66999816894531,178.7264404296875,99.02446746826172
2016-06-03,12.67310905456543,118.87999725341797,178.1925811767578,100.4341812133789
2016-06-06,12.825288772583008,118.91999816894531,179.0993194580078,99.68788146972656
2016-06-07,12.952104568481445,118.81999969482422,179.37901306152344,99.92910766601562
2016-06-08,13.171916961669922,120.58000183105469,179.963623046875,100.46430969238281
2016-06-09,13.146554946899414,121.25,179.7179412841797,101.11259460449219
2016-06-10,12.985921859741211,121.73999786376953,178.01461791992188,101.60260009765625
2016-06-13,12.985921859741211,122.63999938964844,176.64187622070312,102.05489349365234
2016-06-14,12.901376724243164,122.7699966430664,176.29441833496094,101.97955322265625
2016-06-15,12.833742141723633,123.68000030517578,176.04867553710938,102.37152862548828
2016-06-16,12.61392879486084,122.37999725341797,176.57408142089844,102.86904907226562
2016-06-17,12.909832954406738,123.94999694824219,175.91648864746094,102.22831726074219
2016-06-20,13.028193473815918,123.20999908447266,177.0493927001953,101.1352310180664
2016-06-21,12.926739692687988,120.83999633789062,177.55197143554688,100.66783142089844
2016-06-22,12.850651741027832,120.9000015258789,177.26234436035156,100.83365631103516
2016-06-23,12.952104568481445,120.11000061035156,179.57073974609375,99.68033599853516
2016-06-24,12.690018653869629,126.0,173.12249755859375,102.35649108886719
2016-06-27,12.664655685424805,126.68000030517578,170.02191162109375,104.91200256347656
2016-06-28,12.867561340332031,125.31999969482422,173.08847045898438,105.13064575195312
2016-06-29,13.053555488586426,125.83999633789062,176.0356903076172,104.32402801513672
2016-06-30,12.97746753692627,126.47000122070312,178.43783569335938,104.7084732055664
2016-07-01,13.138100624084473,128.41000366210938,178.81259155273438,106.16224670410156
2016-07-05,12.766108512878418,129.47000122070312,177.5263671875,107.49146270751953
2016-07-06,12.816834449768066,130.22999572753906,178.59115600585938,107.6651382446289
2016-07-07,12.453295707702637,129.74000549316406,178.48045349121094,107.65760803222656
2016-07-08,12.58011245727539,130.52000427246094,181.13807678222656,108.45061492919922
2016-07-11,12.52938461303711,129.2899932861328,181.77694702148438,107.49901580810547
2016-07-12,12.766108512878418,127.1500015258789,183.0972442626953,105.7317886352539
2016-07-13,12.605474472045898,128.32000732421875,183.0717010498047,106.97789001464844
2016-07-14,12.656201362609863,127.33000183105469,184.0939178466797,105.42217254638672
2016-07-15,12.622383117675781,126.83999633789062,183.84686279296875,104.51589965820312
2016-07-18,12.563201904296875,127.04000091552734,184.34088134765625,104.41771697998047
2016-07-19,12.487112998962402,127.20999908447266,184.15350341796875,105.00676727294922
2016-07-20,12.402569770812988,125.38999938964844,184.9201202392578,104.43279266357422
2016-07-21,12.334936141967773,127.30000305175781,184.22161865234375,104.64421844482422
2016-07-22,12.309572219848633,126.3499984741211,185.0478973388672,104.82550811767578
2016-07-25,12.174302101135254,125.47000122070312,184.54530334472656,104.74999237060547
2016-07-26,12.123575210571289,126.0,184.6305389404297,104.9161148071289
2016-07-27,12.005213737487793,128.02999877929688,184.43463134765625,106.2226333618164
2016-07-28,11.971395492553711,127.66000366210938,184.6475830078125,106.0263442993164
2016-07-29,12.072848320007324,128.97999572753906,184.94570922851562,106.90994262695312
2016-08-01,11.861489295959473,129.22000122070312,184.79238891601562,105.75077819824219
2016-08-02,11.844581604003906,130.27000427246094,183.6083221435547,104.66130065917969
2016-08-03,12.039031028747559,129.64999389648438,184.1449737548828,104.72179412841797
2016-08-04,12.08975887298584,129.8699951171875,184.34088134765625,105.50869750976562
2016-08-05,12.140482902526855,127.55000305175781,185.84860229492188,104.41157531738281
2016-08-08,12.208118438720703,127.44000244140625,185.7379150390625,104.6083755493164
2016-08-09,12.174302101135254,127.95999908447266,185.84860229492188,105.63726043701172
2016-08-10,12.030576705932617,128.55999755859375,185.38861083984375,106.04586791992188
2016-08-11,12.216573715209961,127.66999816894531,186.2489471435547,105.10015106201172
2016-08-12,12.309572219848633,127.4000015258789,186.087158203125,105.98530578613281
2016-08-15,12.51247501373291,127.83999633789062,186.62376403808594,104.98664855957031
2016-08-16,12.61392879486084,128.47000122070312,185.66119384765625,104.70675659179688
2016-08-17,12.664655685424805,128.5,186.01046752929688,105.3346939086914
2016-08-18,12.825288772583008,129.11000061035156,186.42784118652344,105.5011215209961
2016-08-19,12.783016204833984,127.97000122070312,186.15528869628906,104.94880676269531
2016-08-22,12.664655685424805,127.77999877929688,186.14674377441406,105.83406066894531
2016-08-23,12.715380668640137,127.76000213623047,186.52159118652344,105.947509765625
2016-08-24,12.563201904296875,126.33999633789062,185.56753540039062,105.69783020019531
2016-08-25,12.61392879486084,126.2300033569336,185.4397430419922,105.296875
2016-08-26,12.571657180786133,126.05000305175781,185.09043884277344,104.6839599609375
2016-08-29,12.520931243896484,126.30000305175781,186.00193786621094,106.08375549316406
2016-08-30,12.402569770812988,125.02999877929688,185.6952667236328,105.67514038085938
2016-08-31,12.165847778320312,124.77999877929688,185.16714477539062,105.82653045654297
2016-09-01,12.030576705932617,125.29000091552734,185.17567443847656,105.94317626953125
2016-09-02,12.165847778320312,126.56999969482422,186.01046752929688,105.07911682128906
2016-09-06,12.25039005279541,128.7100067138672,186.5726776123047,105.84463500976562
2016-09-07,12.360298156738281,128.27000427246094,186.5555877685547,105.76890563964844
2016-09-08,12.58011245727539,127.58999633789062,186.1296844482422,104.44243621826172
2016-09-09,12.385661125183105,126.75,181.67471313476562,102.72181701660156
2016-09-12,12.385661125183105,126.58999633789062,184.28123474121094,102.77482604980469
2016-09-13,12.225027084350586,125.75,181.6321563720703,101.60755157470703
2016-09-14,12.13202953338623,126.18000030517578,181.56398010253906,101.75916290283203
2016-09-15,12.19120979309082,125.37000274658203,183.3783721923828,101.31947326660156
2016-09-16,12.208118438720703,125.05999755859375,182.66949462890625,102.13811492919922
2016-09-19,12.199665069580078,125.31999969482422,182.7037353515625,101.80463409423828
2016-09-20,12.241935729980469,125.44000244140625,182.71229553222656,102.16084289550781
2016-09-21,12.39411449432373,127.2699966430664,184.7669677734375,102.987060546875
2016-09-22,12.461750030517578,127.56999969482422,185.9312744140625,103.8056869506836
2016-09-23,12.318025588989258,127.6500015258789,184.91253662109375,103.70716094970703
2016-09-26,12.402569770812988,127.55000305175781,183.4143524169922,104.36653137207031
2016-09-27,12.284208297729492,126.62000274658203,184.5529327392578,105.13218688964844
2016-09-28,12.571657180786133,126.22000122070312,185.4689483642578,104.90480041503906
2016-09-29,12.647747039794922,126.06999969482422,183.79098510742188,105.17005157470703
2016-09-30,12.690018653869629,125.63999938964844,185.17794799804688,104.23020935058594
2016-10-03,12.799925804138184,125.31999969482422,184.73269653320312,103.88616180419922
2016-10-04,12.766108512878418,120.97000122070312,183.79098510742188,102.67121887207031
2016-10-05,12.842196464538574,120.77999877929688,184.60427856445312,102.19280242919922
2016-10-06,12.867561340332031,119.66000366210938,184.73269653320312,101.62333679199219
2016-10-07,12.833742141723633,119.73999786376953,184.09918212890625,101.69166564941406
2016-10-10,12.97746753692627,120.16000366210938,185.05804443359375,101.09175872802734
2016-10-11,12.901376724243164,119.55000305175781,182.72080993652344,100.86394500732422
2016-10-12,12.808378219604492,119.73999786376953,182.9605712890625,100.96270751953125
2016-10-13,12.892923355102539,120.02999877929688,182.3612518310547,101.3423843383789
2016-10-14,12.901376724243164,119.36000061035156,182.45547485351562,99.9223403930664
2016-10-17,12.918286323547363,119.68000030517578,181.8218994140625,100.56025695800781
2016-10-18,12.943649291992188,120.41999816894531,182.9605712890625,100.88677978515625
2016-10-19,13.028193473815918,121.11000061035156,183.44850158691406,100.97028350830078
2016-10-20,12.909832954406738,120.73999786376953,183.1060791015625,101.07659149169922
2016-10-21,12.96055793762207,120.83000183105469,183.1917266845703,101.22844696044922
2016-10-24,12.969013214111328,120.55999755859375,183.9708251953125,100.78801727294922
2016-10-25,12.909832954406738,121.47000122070312,183.3543701171875,101.05382537841797
2016-10-26,12.825288772583008,120.79000091552734,182.9862823486328,100.37039184570312
2016-10-27,12.901376724243164,121.01000213623047,182.4982452392578,99.27696990966797
2016-10-28,12.816834449768066,121.58000183105469,181.95889282226562,99.05671691894531
2016-10-31,12.647747039794922,121.94000244140625,181.96746826171875,99.66423034667969
2016-11-01,12.706927299499512,122.7300033569336,180.6490478515625,99.67183685302734
2016-11-02,12.554749488830566,123.63999938964844,179.56178283691406,100.10550689697266
2016-11-03,12.51247501373291,124.30000305175781,178.73992919921875,99.33705139160156
2016-11-04,12.427932739257812,124.38999938964844,178.54296875,100.22720336914062
2016-11-07,12.478659629821777,122.1500015258789,182.48114013671875,99.37515258789062
2016-11-08,12.461750030517578,121.63999938964844,183.3030548095703,98.97187805175781
2016-11-09,12.520931243896484,121.55999755859375,185.24639892578125,94.77226257324219
2016-11-10,12.419477462768555,119.75,185.70863342285156,93.37239074707031
2016-11-11,12.182755470275879,117.0999984741211,185.28065490722656,92.84748840332031
2016-11-14,12.157393455505371,116.11000061035156,185.42616271972656,92.2921371459961
2016-11-15,12.427932739257812,117.12000274658203,186.87303161621094,92.74861145019531
2016-11-16,12.275754928588867,116.7699966430664,186.5220489501953,93.58544158935547
2016-11-17,12.301115989685059,116.16999816894531,187.48085021972656,92.20842742919922
2016-11-18,12.402569770812988,115.1500015258789,187.06130981445312,91.94212341308594
2016-11-21,12.749200820922852,115.58000183105469,188.4739227294922,92.17034149169922
2016-11-22,12.73228931427002,115.54000091552734,188.84205627441406,92.13999938964844
2016-11-23,12.783016204833984,113.25,188.94485473632812,91.7823715209961
2016-11-25,12.690018653869629,112.61000061035156,189.64683532714844,91.9193344116211
2016-11-28,12.73228931427002,113.80000305175781,188.75643920898438,92.5964126586914
2016-11-29,12.478659629821777,113.2699966430664,189.1246337890625,92.98444366455078
2016-11-30,12.859106063842773,111.75,188.67083740234375,91.47802734375
2016-12-01,13.095829010009766,111.54000091552734,187.97738647460938,90.51215362548828
2016-12-02,13.188827514648438,112.13999938964844,188.07156372070312,91.17543029785156
2016-12-05,13.256462097167969,111.54000091552734,189.20164489746094,91.0763168334961
2016-12-06,13.197280883789062,111.43000030517578,189.8009033203125,91.00770568847656
2016-12-07,13.095829010009766,111.83000183105469,192.28366088867188,91.78532409667969
2016-12-08,13.12119197845459,111.56999969482422,192.75450134277344,90.70274353027344
2016-12-09,13.188827514648438,110.4000015258789,193.91885375976562,89.57449340820312
2016-12-12,13.273370742797852,110.81999969482422,193.6962432861328,89.74221801757812
2016-12-13,13.307188034057617,110.44999694824219,194.98895263671875,90.0624008178711
2016-12-14,13.18037223815918,108.83000183105469,193.3795166015625,89.05612182617188
2016-12-15,13.163463592529297,107.33999633789062,194.1756591796875,89.50587463378906
2016-12-16,13.22264289855957,108.05000305175781,193.79592895507812,89.3000717163086
2016-12-19,13.146554946899414,108.58999633789062,194.21786499023438,90.26060485839844
2016-12-20,13.20573616027832,107.79000091552734,194.96707153320312,89.81080627441406
2016-12-21,13.129644393920898,107.8499984741211,194.424560546875,90.20721435546875
2016-12-22,13.112737655639648,107.58999633789062,194.08872985839844,90.04595184326172
2016-12-23,13.138100624084473,107.93000030517578,194.3728790283203,90.22942352294922
2016-12-27,13.341005325317383,108.55999755859375,194.8551788330078,89.93891143798828
2016-12-28,13.349459648132324,108.86000061035156,193.24478149414062,90.5963134765625
2016-12-29,13.36637020111084,110.29000091552734,193.20172119140625,90.91730499267578
2016-12-30,13.391731262207031,109.61000061035156,192.4955596923828,91.05490112304688
2017-01-03,13.231098175048828,110.47000122070312,193.96812438964844,91.44473266601562
2017-01-04,13.332550048828125,110.86000061035156,195.1220703125,91.79627227783203
2017-01-05,13.400186538696289,112.58000183105469,194.96707153320312,93.23324584960938
2017-01-06,13.38327693939209,111.75,195.66461181640625,92.37716674804688
2017-01-09,13.18037223815918,112.66999816894531,195.01882934570312,93.1185531616211
2017-01-10,13.12119197845459,113.1500015258789,195.01882934570312,93.05747985839844
2017-01-11,13.264915466308594,113.5,195.56993103027344,93.370849609375
2017-01-12,13.459367752075195,113.91000366210938,195.07901000976562,93.1644515991211
2017-01-13,13.434003829956055,114.20999908447266,195.52682495117188,92.72113037109375
2017-01-17,13.42554759979248,115.8499984741211,194.83790588378906,93.69183349609375
2017-01-18,13.307188034057617,114.87000274658203,195.26849365234375,92.49176788330078
2017-01-19,13.264915466308594,114.7699966430664,194.5450897216797,91.857421875
2017-01-20,13.417094230651855,115.05000305175781,195.25987243652344,91.67402648925781
2017-01-23,13.417094230651855,115.79000091552734,194.75180053710938,92.59117889404297
2017-01-24,13.450912475585938,115.2699966430664,196.00047302246094,91.956787109375
2017-01-25,13.36637020111084,114.31999969482422,197.69696044921875,90.80264282226562
2017-01-26,13.42554759979248,113.26000213623047,197.49029541015625,91.1083984375
2017-01-27,13.315641403198242,113.48999786376953,197.18023681640625,91.43704986572266
2017-01-30,13.239553451538086,113.97000122070312,195.9574737548828,91.161865234375
2017-01-31,13.315641403198242,115.55000305175781,195.94021606445312,91.79627227783203
2017-02-01,13.459367752075195,115.19999694824219,196.0177459716797,91.22868347167969
2017-02-02,13.459367752075195,115.83999633789062,196.1468963623047,91.19038391113281
2017-02-03,13.450912475585938,116.12999725341797,197.49896240234375,91.15210723876953
2017-02-06,13.36637020111084,117.69999694824219,197.1458282470703,91.70360565185547
2017-02-07,13.307188034057617,117.45999908447266,197.15440368652344,92.37765502929688
2017-02-08,13.357914924621582,118.19000244140625,197.4127960205078,93.63382720947266
2017-02-09,13.42554759979248,117.29000091552734,198.58395385742188,92.5538558959961
2017-02-10,13.569272994995117,117.5999984741211,199.3676300048828,92.50021362304688
2017-02-13,13.417094230651855,116.80000305175781,200.45269775390625,92.20914459228516
2017-02-14,13.434003829956055,116.93000030517578,201.2535858154297,91.54270935058594
2017-02-15,13.450912475585938,117.44999694824219,202.30418395996094,91.12145233154297
2017-02-16,13.36637020111084,118.08000183105469,202.13197326660156,91.61935424804688
2017-02-17,13.341005325317383,117.68000030517578,202.45059204101562,92.16319274902344
2017-02-21,13.3240966796875,117.75,203.6561737060547,92.00237274169922
2017-02-22,13.256462097167969,117.91000366210938,203.47537231445312,92.15553283691406
2017-02-23,13.29873275756836,118.94000244140625,203.61318969726562,92.43130493164062
2017-02-24,13.273370742797852,119.69999694824219,203.8715057373047,93.45773315429688
2017-02-27,13.239553451538086,119.12000274658203,204.19015502929688,92.90616607666016
2017-02-28,13.290279388427734,119.2300033569336,203.63902282714844,93.25090026855469
2017-03-01,13.349459648132324,119.05999755859375,206.48947143554688,91.68832397460938
2017-03-02,13.138100624084473,117.58000183105469,205.18911743164062,91.35834503173828
2017-03-03,13.20573616027832,117.51000213623047,205.31826782226562,91.59628295898438
2017-03-06,13.188827514648438,116.72000122070312,204.70687866210938,91.1588134765625
2017-03-07,13.129644393920898,115.77999877929688,204.0953826904297,90.88249206542969
2017-03-08,12.833742141723633,115.05999755859375,203.7165069580078,90.39131927490234
2017-03-09,12.723835945129395,114.47000122070312,203.97483825683594,89.669921875
2017-03-10,12.605474472045898,114.72000122070312,204.68960571289062,89.98460388183594
2017-03-13,12.588566780090332,114.73999786376953,204.79296875,89.41665649414062
2017-03-14,12.537839889526367,114.12000274658203,204.00927734375,89.84644317626953
2017-03-15,12.647747039794922,116.25,205.77468872070312,90.94393920898438
2017-03-16,12.630837440490723,116.7300033569336,205.3699188232422,90.48344421386719
2017-03-17,12.67310905456543,116.98999786376953,205.00921630859375,91.05137634277344
2017-03-20,12.664655685424805,117.51000213623047,204.7843780517578,91.4427490234375
2017-03-21,12.597020149230957,118.54000091552734,202.15505981445312,92.2025375366211
2017-03-22,12.588566780090332,118.83000183105469,202.63075256347656,92.5709228515625
2017-03-23,12.563201904296875,118.66999816894531,202.41453552246094,92.44043731689453
2017-03-24,12.605474472045898,118.86000061035156,202.26748657226562,92.77046966552734
2017-03-27,12.588566780090332,119.52999877929688,202.05990600585938,93.19253540039062
2017-03-28,12.664655685424805,119.04000091552734,203.53025817871094,92.5709228515625
2017-03-29,12.783016204833984,119.33000183105469,203.7205810546875,93.12348175048828
2017-03-30,12.833742141723633,118.47000122070312,204.36923217773438,92.37137603759766
2017-03-31,12.859106063842773,118.72000122070312,203.89353942871094,92.63998413085938
2017-04-03,12.808378219604492,119.3499984741211,203.53890991210938,93.57444763183594
2017-04-04,12.935195922851562,119.62000274658203,203.66864013671875,93.0668716430664
2017-04-05,12.96055793762207,119.62000274658203,203.06321716308594,93.35139465332031
2017-04-06,12.994375228881836,119.18000030517578,203.63404846191406,93.21296691894531
2017-04-07,13.028193473815918,119.45999908447266,203.4264373779297,92.83610534667969
2017-04-10,13.129644393920898,119.45999908447266,203.54762268066406,93.26676940917969
2017-04-11,13.155009269714355,121.19000244140625,203.30538940429688,94.15126037597656
2017-04-12,13.155009269714355,122.0199966430664,202.41453552246094,94.6665267944336
2017-04-13,13.197280883789062,122.5999984741211,201.09982299804688,94.95877075195312
2017-04-17,13.12119197845459,122.23999786376953,202.881591796875,94.6665267944336
2017-04-18,13.070466041564941,122.81999969482422,202.27615356445312,95.90476989746094
2017-04-19,12.842196464538574,121.7300033569336,201.9042510986328,95.38179016113281
2017-04-20,12.791471481323242,121.95999908447266,203.54762268066406,95.01260375976562
2017-04-21,12.664655685424805,122.30999755859375,202.8988800048828,95.01260375976562
2017-04-24,12.622383117675781,121.4800033569336,205.13037109375,94.54346466064453
2017-04-25,12.681563377380371,120.25,206.32394409179688,93.4052505493164
2017-04-26,12.61392879486084,120.83999633789062,206.19419860839844,93.92052459716797
2017-04-27,12.546294212341309,120.38999938964844,206.3671875,93.88973236083984
2017-04-28,12.51247501373291,120.7699966430664,205.91744995117188,94.097412109375
2017-05-01,12.537839889526367,119.66999816894531,206.43637084960938,93.31515502929688
2017-05-02,12.402569770812988,119.6500015258789,206.51422119140625,93.79297637939453
2017-05-03,12.351842880249023,117.9800033569336,206.26341247558594,93.85466766357422
2017-05-04,12.055940628051758,116.79000091552734,206.50558471679688,93.39220428466797
2017-05-05,12.225027084350586,117.01000213623047,207.31854248046875,93.47702026367188
2017-05-08,12.174302101135254,116.75,207.2840118408203,92.96834564208984
2017-05-09,12.115120887756348,116.05000305175781,207.0937042236328,92.96063995361328
2017-05-10,12.309572219848633,116.04000091552734,207.465576171875,92.85274505615234
2017-05-11,12.360298156738281,116.5,207.04180908203125,92.85274505615234
2017-05-12,12.360298156738281,116.83000183105469,206.69586181640625,93.55406951904297
2017-05-15,12.427932739257812,117.13999938964844,207.8375244140625,93.2997817993164
2017-05-16,12.444841384887695,117.6500015258789,207.64720153808594,93.64655303955078
2017-05-17,12.52938461303711,119.79000091552734,203.9626922607422,95.01069641113281
2017-05-18,12.49556827545166,118.80999755859375,204.7843780517578,95.11856079101562
2017-05-19,12.740743637084961,119.4000015258789,206.11631774902344,95.3420639038086
2017-05-22,12.825288772583008,119.9000015258789,207.16287231445312,95.08002471923828
2017-05-23,12.783016204833984,119.13999938964844,207.6212921142578,94.44039154052734
2017-05-24,12.75765323638916,119.61000061035156,208.10562133789062,94.97217559814453
2017-05-25,12.478659629821777,119.4800033569336,209.10028076171875,95.00298309326172
2017-05-26,12.571657180786133,120.54000091552734,209.05703735351562,95.16481018066406
2017-05-30,12.47020435333252,120.13999938964844,208.8753662109375,95.63493347167969
2017-05-31,12.334936141967773,120.62000274658203,208.82350158691406,95.87385559082031
2017-06-01,12.25039005279541,120.72000122070312,210.48411560058594,95.8839111328125
2017-06-02,12.19120979309082,121.61000061035156,211.1846923828125,97.01920318603516
2017-06-05,12.123575210571289,121.7300033569336,211.02902221679688,96.41677856445312
2017-06-06,12.208118438720703,123.0999984741211,210.35438537597656,96.94196319580078
2017-06-07,12.039031028747559,122.44999694824219,210.7436065673828,96.47859191894531
2017-06-08,12.039031028747559,121.6500015258789,210.84739685058594,96.22369384765625
2017-06-09,12.106666564941406,120.54000091552734,210.5274200439453,96.07698059082031
2017-06-12,11.996759414672852,120.36000061035156,210.48411560058594,96.04610443115234
2017-06-13,12.0474853515625,120.4800033569336,211.513427734375,96.06153869628906
2017-06-14,11.836126327514648,119.81999969482422,211.24522399902344,97.54442596435547
2017-06-15,11.88685417175293,119.31999969482422,210.83876037597656,97.38990783691406
2017-06-16,11.937578201293945,119.33999633789062,210.8848114013672,97.5829849243164
2017-06-19,11.861489295959473,118.43000030517578,212.64039611816406,97.4439926147461
2017-06-20,11.743128776550293,118.18000030517578,211.2064208984375,98.3167724609375
2017-06-21,11.616312026977539,118.5199966430664,211.15423583984375,98.5175552368164
2017-06-22,11.633221626281738,118.91999816894531,211.05865478515625,98.73374938964844
2017-06-23,11.68394660949707,119.43000030517578,211.31069946289062,98.68740844726562
2017-06-26,11.709310531616211,118.36000061035156,211.4497528076172,99.05814361572266
2017-06-27,11.844581604003906,118.80999755859375,209.74627685546875,98.00004577636719
2017-06-28,11.920670509338379,118.9000015258789,211.62359619140625,97.67566680908203
2017-06-29,11.971395492553711,118.31999969482422,209.76364135742188,96.8570556640625
2017-06-30,12.216573715209961,118.0199966430664,210.15476989746094,96.63304901123047
2017-07-03,12.343387603759766,116.08999633789062,210.5110626220703,96.32191467285156
2017-07-05,12.157393455505371,116.5199966430664,210.997802734375,96.34513092041016
2017-07-06,12.165847778320312,116.47000122070312,209.068359375,95.54804229736328
2017-07-07,12.0474853515625,115.27999877929688,210.42420959472656,94.97532653808594
2017-07-10,12.098211288452148,115.47000122070312,210.65008544921875,95.11460876464844
2017-07-11,12.216573715209961,115.62000274658203,210.49374389648438,95.2771224975586
2017-07-12,12.157393455505371,116.02999877929688,212.07554626464844,95.93499755859375
2017-07-13,12.148938179016113,115.81999969482422,212.43190002441406,95.33133697509766
2017-07-14,12.284208297729492,116.7699966430664,213.4226531982422,95.44739532470703
2017-07-17,12.241935729980469,117.29000091552734,213.39659118652344,95.71051788330078
2017-07-18,12.292662620544434,118.11000061035156,213.5095672607422,96.54637908935547
2017-07-19,12.402569770812988,118.08000183105469,214.66552734375,96.58504486083984
2017-07-20,12.385661125183105,118.23999786376953,214.7611083984375,96.86367797851562
2017-07-21,12.216573715209961,119.26000213623047,214.56985473632812,97.27386474609375
2017-07-24,12.241935729980469,119.30999755859375,214.5177459716797,96.8946304321289
2017-07-25,12.37720775604248,118.91999816894531,215.03924560546875,95.6331558227539
2017-07-26,12.49556827545166,119.87999725341797,215.04791259765625,95.78792572021484
2017-07-27,12.571657180786133,119.79000091552734,214.84800720214844,95.31582641601562
2017-07-28,12.639290809631348,120.69000244140625,214.59600830078125,95.88080596923828
2017-07-31,12.715380668640137,120.75,214.47430419921875,95.99691009521484
2017-08-01,12.571657180786133,120.6500015258789,214.95233154296875,96.6708755493164
2017-08-02,12.597020149230957,120.4000015258789,215.05661010742188,96.72514343261719
2017-08-03,12.504023551940918,120.58999633789062,214.63943481445312,97.72571563720703
2017-08-04,12.52938461303711,119.6500015258789,215.03054809570312,96.89580535888672
2017-08-07,12.554749488830566,119.51000213623047,215.4302978515625,97.00437927246094
2017-08-08,12.563201904296875,119.86000061035156,214.90017700195312,96.65536499023438
2017-08-09,12.647747039794922,121.30999755859375,214.89149475097656,97.1827621459961
2017-08-10,12.453295707702637,122.20999908447266,211.85826110839844,98.01264953613281
2017-08-11,12.49556827545166,122.79000091552734,212.17115783691406,98.05917358398438
2017-08-14,12.385661125183105,121.91999816894531,214.27439880371094,97.5550765991211
2017-08-15,12.3264799118042,120.9800033569336,214.24832153320312,97.14397430419922
2017-08-16,12.292662620544434,121.87000274658203,214.62203979492188,97.50074005126953
2017-08-17,12.3264799118042,122.48999786376953,211.27590942382812,98.22984313964844
2017-08-18,12.546294212341309,122.30000305175781,210.94566345214844,98.20658111572266
2017-08-21,12.39411449432373,122.76000213623047,211.11083984375,98.44699096679688
2017-08-22,12.427932739257812,122.20999908447266,213.31838989257812,98.06698608398438
2017-08-23,12.537839889526367,122.66999816894531,212.5535430908203,98.73396301269531
2017-08-24,12.52938461303711,122.29000091552734,212.0581512451172,98.36943054199219
2017-08-25,12.504023551940918,122.73999786376953,212.5535430908203,98.74947357177734
2017-08-28,12.51247501373291,124.69000244140625,212.5622100830078,98.68743133544922
2017-08-29,12.51247501373291,124.41999816894531,212.80557250976562,99.00543975830078
2017-08-30,12.419477462768555,124.36000061035156,213.8137969970703,98.97442626953125
2017-08-31,12.766108512878418,125.81999969482422,215.10009765625,99.26911926269531
2017-09-01,12.783016204833984,126.05999755859375,215.404296875,98.5097885131836
2017-09-05,12.808378219604492,127.45999908447266,213.8572540283203,100.07198333740234
2017-09-06,12.935195922851562,126.80999755859375,214.58731079101562,99.45796966552734
2017-09-07,12.926739692687988,128.1300048828125,214.5612030029297,100.47615051269531
2017-09-08,12.783016204833984,127.97000122070312,214.30918884277344,100.2585220336914
2017-09-11,12.808378219604492,126.19000244140625,216.5949249267578,99.06160736083984
2017-09-12,12.842196464538574,126.55999755859375,217.32505798339844,98.54086303710938
2017-09-13,12.901376724243164,125.61000061035156,217.42933654785156,98.15231323242188
2017-09-14,12.909832954406738,126.16000366210938,217.3598175048828,98.55640411376953
2017-09-15,12.969013214111328,125.52999877929688,217.65243530273438,98.59529113769531
2017-09-18,12.952104568481445,124.36000061035156,218.11534118652344,98.02796173095703
2017-09-19,12.926739692687988,124.62000274658203,218.3336944580078,97.78704833984375
2017-09-20,13.03664779663086,123.62000274658203,218.4123077392578,97.85697937011719
2017-09-21,12.985921859741211,122.68000030517578,217.82708740234375,97.80254364013672
2017-09-22,13.03664779663086,123.23999786376953,217.87074279785156,98.08235168457031
2017-09-25,13.256462097167969,124.52999877929688,217.42535400390625,98.69636535644531
2017-09-26,13.138100624084473,123.13999938964844,217.5563201904297,98.51761627197266
2017-09-27,13.087372779846191,121.9800033569336,218.403564453125,97.03314208984375
2017-09-28,13.087372779846191,122.20999908447266,218.6655731201172,96.74559020996094
2017-09-29,13.019739151000977,121.58000183105469,219.4342803955078,96.96319580078125
2017-10-02,12.909832954406738,120.7699966430664,220.38632202148438,96.7856674194336
2017-10-03,12.918286323547363,120.83000183105469,220.85792541503906,96.87911987304688
2017-10-04,12.935195922851562,121.16999816894531,221.1199951171875,96.88689422607422
2017-10-05,13.078920364379883,120.5199966430664,222.43008422851562,96.52083587646484
2017-10-06,12.876014709472656,121.08999633789062,222.17684936523438,96.24827575683594
2017-10-09,12.884468078613281,122.08000183105469,221.8100128173828,96.55200958251953
2017-10-10,13.03664779663086,122.4000015258789,222.39524841308594,96.707763671875
2017-10-11,13.062010765075684,122.79000091552734,222.74456787109375,96.8946304321289
2017-10-12,13.045103073120117,122.88999938964844,222.41265869140625,97.30738830566406
2017-10-13,13.171916961669922,123.81999969482422,222.6834259033203,98.00831604003906
2017-10-16,13.20573616027832,122.97000122070312,222.98037719726562,97.938232421875
2017-10-17,13.188827514648438,122.12999725341797,223.1376190185547,98.0628433227539
2017-10-18,13.18037223815918,121.66999816894531,223.35592651367188,97.41646575927734
2017-10-19,13.12119197845459,122.38999938964844,223.41708374023438,97.58778381347656
2017-10-20,13.188827514648438,121.61000061035156,224.57005310058594,96.55200958251953
2017-10-23,13.188827514648438,121.80000305175781,223.69662475585938,96.72334289550781
2017-10-24,13.3240966796875,121.33000183105469,224.0896759033203,96.12368774414062
2017-10-25,13.341005325317383,121.3499984741211,222.98037719726562,95.66421508789062
2017-10-26,13.400186538696289,120.33000183105469,223.26861572265625,95.34490966796875
2017-10-27,13.46782112121582,120.9000015258789,225.09413146972656,95.97570037841797
2017-10-30,13.501638412475586,121.12999725341797,224.2555694580078,96.8946304321289
2017-10-31,13.535456657409668,120.66999816894531,224.60494995117188,96.92582702636719
2017-11-01,13.543910026550293,121.11000061035156,224.90200805664062,97.35735321044922
2017-11-02,13.62845516204834,121.19000244140625,224.98934936523438,97.78663635253906
2017-11-03,13.712996482849121,120.62000274658203,225.74044799804688,98.05197143554688
2017-11-06,13.97508430480957,121.6500015258789,226.08984375,98.41875457763672
2017-11-07,13.890539169311523,121.20999908447266,225.93264770507812,98.83236694335938
2017-11-08,13.8651762008667,121.62999725341797,226.31695556640625,98.6138687133789
2017-11-09,13.890539169311523,122.12999725341797,225.49588012695312,98.33293151855469
2017-11-10,13.8651762008667,121.12999725341797,225.42599487304688,96.85014343261719
2017-11-13,13.822904586791992,121.30999755859375,225.63565063476562,97.0530776977539
2017-11-14,13.636907577514648,121.55999755859375,225.1116485595703,97.70858001708984
2017-11-15,13.619999885559082,121.41000366210938,223.98486328125,98.76992797851562
2017-11-16,13.577728271484375,121.4000015258789,225.8889617919922,97.91148376464844
2017-11-17,13.797541618347168,122.86000061035156,225.22515869140625,98.63728332519531
2017-11-20,13.68763542175293,121.30999755859375,225.60939025878906,98.59828186035156
2017-11-21,13.780632972717285,121.51000213623047,227.0855255126953,98.91038513183594
2017-11-22,13.856721878051758,122.62999725341797,226.8845977783203,99.23040008544922
2017-11-24,13.898995399475098,122.31999969482422,227.4087677001953,98.95723724365234
2017-11-27,13.873631477355957,122.83000183105469,227.29519653320312,98.81678009033203
2017-11-28,13.814449310302734,122.80999755859375,229.60107421875,98.94943237304688
2017-11-29,13.721451759338379,122.04000091552734,229.46131896972656,97.97392272949219
2017-11-30,13.662270545959473,121.0999984741211,231.47023010253906,97.64616394042969
2017-12-01,13.780632972717285,121.58999633789062,230.98983764648438,98.9638442993164
2017-12-04,13.611544609069824,121.18000030517578,230.7103271484375,99.01075744628906
2017-12-05,13.611544609069824,120.31999969482422,229.88055419921875,99.50342559814453
2017-12-06,13.38327693939209,120.06999969482422,229.9241943359375,99.8475341796875
2017-12-07,13.42554759979248,118.48999786376953,230.6492462158203,99.06546020507812
2017-12-08,13.493184089660645,118.4800033569336,231.90701293945312,99.07329559326172
2017-12-11,13.527002334594727,118.01000213623047,232.605712890625,98.8700180053711
2017-12-12,13.408639907836914,118.1500015258789,233.01614379882812,98.83087921142578
2017-12-13,13.349459648132324,119.16999816894531,232.9900665283203,99.57380676269531
2017-12-14,13.391731262207031,118.93000030517578,232.0378875732422,99.99609375
2017-12-15,13.391731262207031,119.18000030517578,233.9702606201172,100.3714599609375
2017-12-18,13.450912475585938,119.7300033569336,235.4539031982422,99.45648956298828
2017-12-19,13.552366256713867,119.81999969482422,234.54966735839844,98.16622161865234
2017-12-20,13.62845516204834,120.13999938964844,234.42672729492188,97.0792007446289
2017-12-21,13.636907577514648,120.30999755859375,234.90963745117188,97.64498138427734
2017-12-22,13.696089744567871,120.94000244140625,234.8482208251953,97.77819061279297
2017-12-26,13.898995399475098,121.7699966430664,234.567138671875,98.06815338134766
2017-12-27,13.93281078338623,122.2300033569336,234.68130493164062,99.3455581665039
2017-12-28,14.000445365905762,122.8499984741211,235.16421508789062,99.25933837890625
2017-12-29,14.042718887329102,123.6500015258789,234.2775421142578,99.41606903076172
2018-01-02,14.110352516174316,125.1500015258789,235.9542694091797,98.34244537353516
2018-01-03,14.194897651672363,124.81999969482422,237.44671630859375,98.81266021728516
2018-01-04,14.17798900604248,125.45999908447266,238.4475860595703,98.79696655273438
2018-01-05,14.1272611618042,125.33000183105469,240.03665161132812,98.51486206054688
2018-01-08,14.11880874633789,125.30999755859375,240.47549438476562,98.45215606689453
2018-01-09,14.21180534362793,124.7300033569336,241.019775390625,97.13558197021484
2018-01-10,14.262532234191895,125.02999877929688,240.6510467529297,97.0180892944336
2018-01-11,14.25407886505127,125.44000244140625,242.40687561035156,97.41771697998047
2018-01-12,14.347074508666992,126.95999908447266,243.98712158203125,97.5822982788086
2018-01-16,14.279439926147461,127.16999816894531,243.15313720703125,97.98979949951172
2018-01-17,14.296348571777344,126.13999938964844,245.47079467773438,97.85657501220703
2018-01-18,14.296348571777344,125.86000061035156,245.05821228027344,96.947509765625
2018-01-19,14.270986557006836,126.41999816894531,246.17311096191406,96.43814849853516
2018-01-22,14.304802894592285,126.6500015258789,248.1747283935547,96.53218841552734
2018-01-23,14.406257629394531,127.27999877929688,248.70147705078125,96.947509765625
2018-01-24,14.558433532714844,128.8300018310547,248.60475158691406,96.42244720458984
2018-01-25,14.473892211914062,127.97000122070312,248.7102813720703,97.21397399902344
2018-01-26,14.583799362182617,128.07000732421875,251.58969116210938,96.85346984863281
2018-01-29,14.541528701782227,127.3499984741211,249.92173767089844,96.17952728271484
2018-01-30,14.440075874328613,126.80000305175781,247.3582763671875,95.61531066894531
2018-01-31,14.45698356628418,127.6500015258789,247.481201171875,96.17952728271484
2018-02-01,14.600706100463867,128.07000732421875,247.20025634765625,94.78559875488281
2018-02-02,14.363985061645508,126.38999938964844,241.8187713623047,93.90608978271484
2018-02-05,14.228714942932129,126.70999908447266,231.70523071289062,94.79348754882812
2018-02-06,14.144171714782715,125.37999725341797,236.2703399658203,94.20452117919922
2018-02-07,13.983537673950195,124.79000091552734,234.98863220214844,93.30927276611328
2018-02-08,13.839815139770508,124.9800033569336,226.17442321777344,93.20718383789062
2018-02-09,13.636907577514648,124.7699966430664,229.57192993164062,92.61820220947266
2018-02-12,13.721451759338379,125.37000274658203,232.94309997558594,93.02658081054688
2018-02-13,13.74681568145752,126.08000183105469,233.5225067138672,93.44280242919922
2018-02-14,13.958173751831055,128.22999572753906,236.67420959472656,92.40617370605469
2018-02-15,13.983537673950195,128.3800048828125,239.694091796875,92.72025299072266
2018-02-16,14.008901596069336,127.95999908447266,239.764404296875,93.22288513183594
2018-02-20,14.05117416381836,126.23999786376953,238.26321411132812,92.81452178955078
2018-02-21,14.03426456451416,125.66000366210938,237.07798767089844,91.67583465576172
2018-02-22,14.161080360412598,126.30000305175781,237.38525390625,91.95067596435547
2018-02-23,14.25407886505127,126.13999938964844,241.16905212402344,92.76744079589844
2018-02-26,14.330169677734375,126.44999694824219,243.9695281982422,92.79884338378906
2018-02-27,14.186442375183105,125.12999725341797,240.92327880859375,92.66531372070312
2018-02-28,14.03426456451416,125.0,238.48265075683594,93.25430297851562
2018-03-01,14.059627532958984,124.72000122070312,235.01492309570312,93.89088439941406
2018-03-02,14.059627532958984,125.38999938964844,236.22645568847656,93.12762451171875
2018-03-05,14.144171714782715,125.18000030517578,238.95680236816406,92.87581634521484
2018-03-06,14.194897651672363,126.52999877929688,239.5624542236328,92.9623794555664
2018-03-07,14.042718887329102,125.72000122070312,239.4747314453125,92.86003875732422
2018-03-08,13.958173751831055,125.41999816894531,240.63348388671875,93.39514923095703
2018-03-09,14.093443870544434,125.54000091552734,244.82106018066406,92.7813949584961
2018-03-12,14.068081855773926,125.54000091552734,244.51385498046875,93.31648254394531
2018-03-13,14.025809288024902,125.77999877929688,242.93365478515625,93.78858947753906
2018-03-14,14.025809288024902,125.69999694824219,241.68699645996094,94.61480712890625
2018-03-15,14.017354965209961,124.9000015258789,241.42359924316406,94.61480712890625
2018-03-16,14.068081855773926,124.5999984741211,241.6855010986328,94.2764663696289
2018-03-19,13.97508430480957,124.87000274658203,238.41537475585938,93.97747802734375
2018-03-20,14.068081855773926,124.30999755859375,238.8208770751953,93.5997085571289
2018-03-21,14.3217134475708,126.4800033569336,238.36245727539062,93.70201110839844
2018-03-22,14.21180534362793,125.9800033569336,232.40411376953125,94.63050842285156
2018-03-23,14.338621139526367,127.61000061035156,227.4504852294922,94.55975341796875
2018-03-26,14.347074508666992,128.27999877929688,233.67327880859375,94.19778442382812
2018-03-27,14.287896156311035,127.48999786376953,229.6981201171875,95.20500946044922
2018-03-28,14.228714942932129,125.7300033569336,229.0194091796875,95.45677185058594
2018-03-29,14.355530738830566,125.79000091552734,231.94573974609375,95.92103576660156
2018-04-02,14.161080360412598,127.26000213623047,226.93922424316406,96.11029815673828
2018-04-03,14.23716926574707,126.30000305175781,229.847900390625,95.36908721923828
2018-04-04,14.17798900604248,126.44999694824219,232.30709838867188,95.17190551757812
2018-04-05,14.245625495910645,125.80000305175781,234.1404571533203,94.46221160888672
2018-04-06,14.144171714782715,126.38999938964844,228.92242431640625,95.4952392578125
2018-04-09,14.3217134475708,126.81999969482422,230.0506591796875,95.65291595458984
2018-04-10,14.566889762878418,127.12000274658203,233.70852661132812,95.47946166992188
2018-04-11,14.676795959472656,128.11000061035156,232.4834442138672,95.81855773925781
2018-04-12,14.617616653442383,126.62000274658203,234.39608764648438,95.1167221069336
2018-04-13,14.626070976257324,127.44999694824219,233.70852661132812,95.33750915527344
2018-04-16,14.575343132019043,127.62999725341797,235.6300811767578,95.36908721923828
2018-04-17,14.583799362182617,127.75,238.15097045898438,95.62930297851562
2018-04-18,14.854338645935059,127.8499984741211,238.3272247314453,94.86436462402344
2018-04-19,14.795156478881836,127.5999984741211,237.00511169433594,94.09156799316406
2018-04-20,14.769795417785645,126.62999725341797,234.9954376220703,93.41344451904297
2018-04-23,14.761340141296387,125.62000274658203,234.96022033691406,93.43708038330078
2018-04-24,14.685250282287598,126.2300033569336,231.79586791992188,93.01123809814453
2018-04-25,14.710614204406738,125.41000366210938,232.36880493164062,92.38829040527344
2018-04-26,14.786701202392578,124.97000122070312,234.73101806640625,93.034912109375
2018-04-27,14.77824878692627,125.5,234.951416015625,93.75248718261719
2018-04-30,14.845884323120117,124.58999633789062,233.14447021484375,93.9181137084961
2018-05-01,14.761340141296387,123.70999908447266,233.5587615966797,93.5798110961914
2018-05-02,14.761340141296387,123.6500015258789,231.9898681640625,93.47711181640625
2018-05-03,14.854338645935059,124.27999877929688,231.4785614013672,93.89595031738281
2018-05-04,14.955792427062988,124.54000091552734,234.4754180908203,94.03821563720703
2018-05-07,14.94733715057373,124.56999969482422,235.2687225341797,93.88807678222656
2018-05-08,14.989607810974121,124.58999633789062,235.2687225341797,93.80110168457031
2018-05-09,15.124876976013184,124.33000183105469,237.54278564453125,93.24002075195312
2018-05-10,15.200967788696289,125.18000030517578,239.7639617919922,93.99082946777344
2018-05-11,15.107970237731934,125.0,240.49546813964844,94.22789764404297
2018-05-14,15.217874526977539,124.48999786376953,240.61007690429688,93.72998809814453
2018-05-15,15.234784126281738,122.4800033569336,238.9530487060547,92.66305541992188
2018-05-16,15.319329261779785,122.29000091552734,239.9578094482422,92.30742645263672
2018-05-17,15.336237907409668,122.36000061035156,239.75514221191406,91.84117126464844
2018-05-18,15.344690322875977,122.41000366210938,239.1557159423828,92.63145446777344
2018-05-21,15.463053703308105,122.4800033569336,240.95379638671875,92.67888641357422
2018-05-22,15.479963302612305,122.41000366210938,240.28395080566406,92.53662109375
2018-05-23,15.564507484436035,122.54000091552734,240.94505310058594,93.20841979980469
2018-05-24,15.463053703308105,123.58999633789062,240.451416015625,93.95127868652344
2018-05-25,15.234784126281738,123.20999908447266,239.8784942626953,94.5361328125
2018-05-29,15.091060638427734,123.19000244140625,237.11959838867188,96.60670471191406
2018-05-30,15.285513877868652,123.37000274658203,240.28395080566406,95.9586410522461
2018-05-31,15.243241310119629,123.0999984741211,238.8120574951172,95.80058288574219
2018-06-01,15.141788482666016,122.48999786376953,241.1565704345703,95.29442596435547
2018-06-04,14.96424674987793,122.37000274658203,242.30238342285156,94.60527801513672
2018-06-05,14.989607810974121,122.8499984741211,242.4787139892578,94.82706451416016
2018-06-06,15.040336608886719,122.91999816894531,244.50588989257812,94.05867004394531
2018-06-07,15.099515914916992,122.86000061035156,244.47952270507812,94.96961975097656
2018-06-08,15.091060638427734,123.01000213623047,245.20237731933594,94.68445587158203
2018-06-11,15.082605361938477,123.2300033569336,245.5283966064453,94.51020050048828
2018-06-12,15.074152946472168,122.81999969482422,245.84568786621094,94.53399658203125
2018-06-13,15.133332252502441,123.19000244140625,245.06121826171875,94.48640441894531
2018-06-14,14.96424674987793,123.37999725341797,245.6782684326172,95.27068328857422
2018-06-15,14.600706100463867,121.33999633789062,245.36485290527344,95.35779571533203
2018-06-18,14.727521896362305,121.11000061035156,244.8601531982422,95.27068328857422
2018-06-19,14.575343132019043,120.80000305175781,243.921630859375,95.8251724243164
2018-06-20,14.558433532714844,120.26000213623047,244.33782958984375,94.98548889160156
2018-06-21,14.448528289794922,120.05000305175781,242.80604553222656,95.48452758789062
2018-06-22,14.735978126525879,120.33999633789062,243.2488555908203,95.47660064697266
2018-06-25,14.566889762878418,119.88999938964844,239.9374542236328,95.69049072265625
2018-06-26,14.710614204406738,119.26000213623047,240.46864318847656,95.8251724243164
2018-06-27,14.786701202392578,118.58000183105469,238.47657775878906,96.72821807861328
2018-06-28,14.77824878692627,118.22000122070312,239.840087890625,96.751953125
2018-06-29,14.94733715057373,118.6500015258789,240.1854248046875,96.41926574707031
2018-07-02,14.63452434539795,117.45999908447266,240.6988525390625,96.34384155273438
2018-07-03,14.617616653442383,118.6500015258789,239.848876953125,96.85986328125
2018-07-05,14.702159881591797,119.05000305175781,241.8055877685547,97.13776397705078
2018-07-06,14.769795417785645,118.86000061035156,243.85092163085938,97.45532989501953
2018-07-09,14.845884323120117,119.1500015258789,246.046630859375,96.82814025878906
2018-07-10,14.812067031860352,118.93000030517578,246.93199157714844,96.82017517089844
2018-07-11,14.296348571777344,117.63999938964844,245.1258087158203,97.19334411621094
2018-07-12,14.372438430786133,118.12999725341797,247.3480682373047,97.18541717529297
2018-07-13,14.397802352905273,117.61000061035156,247.54287719726562,97.4314956665039
2018-07-16,14.093443870544434,117.55000305175781,247.32154846191406,97.02661895751953
2018-07-17,14.110352516174316,116.27999877929688,248.3219757080078,96.84400177001953
2018-07-18,14.23716926574707,116.30999755859375,248.84437561035156,96.4549789428711
2018-07-19,14.220260620117188,115.80999755859375,247.90585327148438,97.0663070678711
2018-07-20,14.3217134475708,116.55999755859375,247.62257385253906,95.87537384033203
2018-07-23,14.372438430786133,116.0,248.08294677734375,94.69241333007812
2018-07-24,14.448528289794922,116.04000091552734,249.33135986328125,95.0179672241211
2018-07-25,14.642977714538574,116.68000030517578,251.45626831054688,94.86713409423828
2018-07-26,14.642977714538574,115.7699966430664,250.86302185058594,94.68450164794922
2018-07-27,14.583799362182617,115.83000183105469,249.16310119628906,94.84331512451172
2018-07-30,14.668344497680664,115.6500015258789,247.86166381835938,94.51777648925781
2018-07-31,14.583799362182617,115.98999786376953,249.08340454101562,95.0337905883789
2018-08-01,14.372438430786133,115.13999938964844,248.66725158691406,94.25955963134766
2018-08-02,14.45698356628418,114.5199966430664,250.02194213867188,94.39486694335938
2018-08-03,14.507708549499512,114.91999816894531,251.09329223632812,94.8643569946289
2018-08-06,14.533072471618652,114.33000183105469,252.01402282714844,94.92002868652344
2018-08-07,14.642977714538574,114.58999633789062,252.8463134765625,94.4266586303711
2018-08-08,14.465437889099121,114.91000366210938,252.7400360107422,94.52220916748047
2018-08-09,14.406257629394531,114.73999786376953,252.39471435546875,95.31790161132812
2018-08-10,14.406257629394531,114.69000244140625,250.70362854003906,96.0101318359375
2018-08-13,14.330169677734375,112.95999908447266,249.7651824951172,95.81126403808594
2018-08-14,14.355530738830566,113.06999969482422,251.3588104248047,95.59640502929688
2018-08-15,14.042718887329102,111.19000244140625,249.4818572998047,96.15340423583984
2018-08-16,14.152624130249023,111.0999984741211,251.50047302246094,96.14546203613281
2018-08-17,14.21180534362793,112.12999725341797,252.3859100341797,96.26478576660156
2018-08-20,14.23716926574707,112.69000244140625,252.92604064941406,96.9093246459961
2018-08-21,14.262532234191895,113.0199966430664,253.51913452148438,96.58309936523438
2018-08-22,14.465437889099121,113.2699966430664,253.36865234375,96.96503448486328
2018-08-23,14.440075874328613,112.19999694824219,253.0322723388672,97.11620330810547
2018-08-24,14.549981117248535,114.16000366210938,254.5550537109375,97.30718231201172
2018-08-27,14.600706100463867,114.58999633789062,256.56488037109375,96.75020599365234
2018-08-28,14.541528701782227,113.68000030517578,256.6888427734375,96.16929626464844
2018-08-29,14.702159881591797,114.19999694824219,258.0699768066406,96.29662322998047
2018-08-30,14.676795959472656,113.63999938964844,257.0252380371094,96.50350952148438
2018-08-31,14.693704605102539,113.51000213623047,257.03411865234375,96.2806625366211
2018-09-04,14.609163284301758,112.93000030517578,256.59149169921875,95.72403717041016
2018-09-05,14.549981117248535,113.31999969482422,255.90084838867188,95.46882629394531
2018-09-06,14.465437889099121,113.54000091552734,255.130615234375,95.81971740722656
2018-09-07,14.499255180358887,113.2300033569336,254.6348419189453,95.00631713867188
2018-09-10,14.549981117248535,113.1500015258789,255.0774688720703,95.35719299316406
2018-09-11,14.693704605102539,113.22000122070312,255.91848754882812,94.63148498535156
2018-09-12,14.795156478881836,114.16999816894531,255.98048400878906,94.85475158691406
2018-09-13,14.63452434539795,113.76000213623047,257.4944152832031,94.99834442138672
2018-09-14,14.541528701782227,113.0199966430664,257.53875732421875,94.54374694824219
2018-09-17,14.524618148803711,113.61000061035156,256.17523193359375,94.54374694824219
2018-09-18,14.659889221191406,113.44000244140625,257.5653076171875,93.55484008789062
2018-09-19,14.752885818481445,113.87999725341797,257.8397216796875,92.9966049194336
2018-09-20,14.752885818481445,114.2699966430664,259.9293212890625,93.42726135253906
2018-09-21,14.786701202392578,113.48999786376953,259.6919250488281,93.38739013671875
2018-09-24,15.00651741027832,113.47000122070312,258.82916259765625,93.14815521240234
2018-09-25,15.040336608886719,113.6500015258789,258.5889892578125,93.05243682861328
2018-09-26,14.972698211669922,113.05000305175781,257.81524658203125,93.70635986328125
2018-09-27,15.040336608886719,112.05000305175781,258.53570556640625,93.7701644897461
2018-09-28,15.192514419555664,112.76000213623047,258.5624084472656,93.52295684814453
2018-10-01,15.479963302612305,112.56999969482422,259.46063232421875,92.83637237548828
2018-10-02,15.530689239501953,113.87000274658203,259.3094787597656,93.40386199951172
2018-10-03,15.674415588378906,113.41999816894531,259.4516906738281,91.78130340576172
2018-10-04,15.505326271057129,113.4800033569336,257.4238586425781,91.1339340209961
2018-10-05,15.47150707244873,113.80000305175781,255.9831085205078,90.3506088256836
2018-10-08,15.429234504699707,112.54000091552734,255.9831085205078,90.04689025878906
2018-10-09,15.539140701293945,112.5999984741211,255.6095428466797,90.95806884765625
2018-10-10,15.234784126281738,112.87999725341797,247.5160675048828,90.7103042602539
2018-10-11,15.00651741027832,115.77999877929688,242.06431579589844,91.81330871582031
2018-10-12,15.124876976013184,115.2300033569336,245.42608642578125,91.49362182617188
2018-10-15,15.158697128295898,116.0,244.0474395751953,91.45361328125
2018-10-16,15.22633171081543,115.80000305175781,249.38385009765625,91.66145324707031
2018-10-17,15.091060638427734,115.79000091552734,249.4283447265625,91.11792755126953
2018-10-18,14.921974182128906,115.91999816894531,245.82620239257812,91.08592987060547
2018-10-19,15.00651741027832,116.01000213623047,245.69287109375,90.88613891601562
2018-10-22,15.023426055908203,115.70999908447266,244.59005737304688,90.76620483398438
2018-10-23,14.693704605102539,116.38999938964844,243.34487915039062,91.05397033691406
2018-10-24,14.592253684997559,116.66000366210938,235.97189331054688,91.74132537841797
2018-10-25,14.651433944702148,116.4000015258789,240.20535278320312,91.35768127441406
2018-10-26,14.761340141296387,116.7699966430664,235.98074340820312,91.90924072265625
2018-10-29,14.609163284301758,116.30999755859375,234.6734161376953,91.7013931274414
2018-10-30,14.533072471618652,115.80000305175781,238.1509246826172,91.24580383300781
2018-10-31,14.338621139526367,115.1500015258789,240.69459533691406,90.78219604492188
2018-11-01,14.23716926574707,116.62999725341797,243.25596618652344,90.86637115478516
2018-11-02,14.203351020812988,116.6500015258789,241.81520080566406,89.73661804199219
2018-11-05,14.194897651672363,116.37000274658203,243.1492919921875,90.08917236328125
2018-11-06,14.13571548461914,116.04000091552734,244.68785095214844,90.03311157226562
2018-11-07,14.101900100708008,116.02999877929688,249.9264373779297,90.15325927734375
2018-11-08,14.017354965209961,115.77999877929688,249.47279357910156,90.14523315429688
2018-11-09,13.8651762008667,114.4800033569336,247.03590393066406,90.81829833984375
2018-11-12,13.83135986328125,113.66000366210938,242.41989135742188,91.41117095947266
2018-11-13,13.450912475585938,113.69999694824219,241.9663543701172,91.35514831542969
2018-11-14,13.569272994995117,114.63999938964844,240.31207275390625,91.41117095947266
2018-11-15,13.543910026550293,114.7699966430664,242.82020568847656,91.37113952636719
2018-11-16,13.62845516204834,115.62000274658203,243.45172119140625,91.89993286132812
2018-11-19,13.62845516204834,115.66999816894531,239.3337860107422,92.15630340576172
2018-11-20,13.214189529418945,115.66999816894531,234.90464782714844,92.18834686279297
2018-11-21,13.3240966796875,115.86000061035156,235.70504760742188,92.15630340576172
2018-11-23,12.935195922851562,115.7699966430664,234.13088989257812,92.25249481201172
2018-11-26,12.994375228881836,115.63999938964844,237.9108428955078,92.04412078857422
2018-11-27,12.943649291992188,114.94999694824219,238.71124267578125,92.14826202392578
2018-11-28,12.901376724243164,115.37999725341797,244.20761108398438,91.69957733154297
2018-11-29,12.985921859741211,115.73999786376953,243.67405700683594,92.06013488769531
2018-11-30,12.926739692687988,115.54000091552734,245.15919494628906,92.4046630859375
2018-12-03,13.22264289855957,116.41000366210938,248.40553283691406,93.060791015625
2018-12-04,13.231098175048828,117.12000274658203,240.35659790039062,94.61878967285156
2018-12-06,13.12119197845459,117.13999938964844,239.99192810058594,94.91587829589844
2018-12-07,13.273370742797852,118.08999633789062,234.4154815673828,95.09259033203125
2018-12-10,13.062010765075684,117.68000030517578,234.86019897460938,95.486083984375
2018-12-11,13.138100624084473,117.54000091552734,234.9135284423828,95.47003936767578
2018-12-12,13.095829010009766,117.79000091552734,236.0963897705078,95.0444107055664
2018-12-13,13.264915466308594,117.52999877929688,236.01634216308594,94.81954956054688
2018-12-14,13.062010765075684,117.05999755859375,231.6583709716797,95.14881134033203
2018-12-17,12.909832954406738,117.87000274658203,227.1136474609375,95.70291900634766
2018-12-18,12.639290809631348,118.1500015258789,226.8645782470703,96.27608489990234
2018-12-19,12.690018653869629,117.43000030517578,223.46714782714844,97.5479507446289
2018-12-20,12.571657180786133,119.23999786376953,219.8295135498047,97.19377899169922
2018-12-21,12.461750030517578,118.72000122070312,215.32533264160156,97.17768096923828
2018-12-24,12.323867797851562,120.0199966430664,209.63584899902344,97.66065979003906
2018-12-26,12.597921371459961,119.66000366210938,220.2276611328125,96.6141586303711
2018-12-27,12.478022575378418,120.56999969482422,221.9183807373047,96.63029479980469
2018-12-28,12.375251770019531,121.05999755859375,221.6321563720703,97.44332122802734
2018-12-31,12.40950870513916,121.25,223.5733642578125,97.81363677978516
2019-01-02,12.443766593933105,121.33000183105469,223.80596923828125,98.32881164550781
2019-01-03,12.546534538269043,122.43000030517578,218.46534729003906,99.44770050048828
2019-01-04,12.717819213867188,121.44000244140625,225.7830047607422,98.29657745361328
2019-01-07,12.812026023864746,121.86000061035156,227.56320190429688,98.00677490234375
2019-01-08,12.9404878616333,121.52999877929688,229.70123291015625,97.74919891357422
2019-01-09,13.197413444519043,122.30999755859375,230.7747344970703,97.59627532958984
2019-01-10,13.163156509399414,121.58999633789062,231.5888214111328,96.96837615966797
2019-01-11,13.120336532592773,121.80000305175781,231.67828369140625,97.3467025756836
2019-01-14,13.009000778198242,122.08999633789062,230.26480102539062,96.9844970703125
2019-01-15,13.111772537231445,121.87999725341797,232.90383911132812,96.63029479980469
2019-01-16,13.180286407470703,122.2699966430664,233.4674530029297,96.72686004638672
2019-01-17,13.188850402832031,122.11000061035156,235.23861694335938,96.75100708007812
2019-01-18,13.32587718963623,121.0199966430664,238.36965942382812,96.243896484375
2019-01-22,13.231670379638672,121.44999694824219,235.1492156982422,96.89591217041016
2019-01-23,13.214543342590332,121.27999877929688,235.6413116455078,96.85565948486328
2019-01-24,13.248799324035645,121.08999633789062,235.7664337158203,97.49161529541016
2019-01-25,13.317312240600586,122.86000061035156,237.7613983154297,97.02470397949219
2019-01-28,13.13746452331543,123.29000091552734,235.95436096191406,96.92814636230469
2019-01-29,13.265928268432617,123.9800033569336,235.6413116455078,97.41915893554688
2019-01-30,13.36013412475586,124.69000244140625,239.37164306640625,97.3467025756836
2019-01-31,13.291621208190918,124.75,241.47389221191406,98.18389892578125
2019-02-01,13.411519050598145,124.5,241.59017944335938,97.59090423583984
2019-02-04,13.420083999633789,123.95999908447266,243.28993225097656,97.15523529052734
2019-02-05,13.36013412475586,124.27999877929688,244.30978393554688,97.59894561767578
2019-02-06,13.3772611618042,123.44000244140625,243.98768615722656,97.64733123779297
2019-02-07,13.248799324035645,123.73999786376953,241.6617889404297,98.29281616210938
2019-02-08,13.265928268432617,124.20999908447266,241.95700073242188,98.71234893798828
2019-02-11,13.188850402832031,123.5999984741211,242.09117126464844,98.32508087158203
2019-02-12,13.265928268432617,123.86000061035156,245.2042694091797,98.07499694824219
2019-02-13,13.343005180358887,123.37000274658203,246.0004119873047,97.70384216308594
2019-02-14,13.3772611618042,124.05999755859375,245.4547119140625,98.26052856445312
2019-02-15,13.62562370300293,124.80000305175781,248.12960815429688,98.413818359375
2019-02-19,13.659880638122559,126.69999694824219,248.55902099609375,98.66400146484375
2019-02-20,13.702701568603516,126.4800033569336,249.0598907470703,98.3815689086914
2019-02-21,13.745521545410156,125.05000305175781,248.17428588867188,97.50218963623047
2019-02-22,13.779780387878418,125.5,249.71302795410156,98.08309173583984
2019-02-25,13.574239730834961,125.37000274658203,250.0529022216797,97.7925796508789
2019-02-26,13.634188652038574,125.58000183105469,249.87399291992188,98.27667236328125
2019-02-27,13.702701568603516,124.69000244140625,249.7667236328125,97.16326904296875
2019-02-28,13.66844367980957,123.98999786376953,249.30142211914062,96.83251190185547
2019-03-01,13.514288902282715,121.87999725341797,250.8580322265625,95.93745422363281
2019-03-04,13.557110786437988,121.55999755859375,249.9456329345703,96.68940734863281
2019-03-05,13.62562370300293,121.72000122070312,249.60562133789062,96.89151000976562
2019-03-06,13.548544883728027,121.61000061035156,248.09373474121094,97.24724578857422
2019-03-07,13.514288902282715,121.51000213623047,246.01837158203125,97.87789916992188
2019-03-08,13.505724906921387,122.83999633789062,245.5263214111328,98.2902603149414
2019-03-11,13.522852897644043,122.23999786376953,249.0867919921875,97.9991683959961
2019-03-12,13.608495712280273,122.9800033569336,250.0260467529297,98.68639373779297
2019-03-13,13.694136619567871,123.83999633789062,251.68109130859375,98.5004653930664
2019-03-14,13.634188652038574,122.41000366210938,251.52000427246094,97.7889404296875
2019-03-15,13.634188652038574,122.97000122070312,252.76268005371094,98.4357681274414
2019-03-18,13.702701568603516,123.04000091552734,253.67913818359375,98.37918853759766
2019-03-19,13.736959457397461,123.37999725341797,253.74203491210938,98.16087341308594
2019-03-20,13.839728355407715,124.18000030517578,252.9783172607422,99.1876449584961
2019-03-21,13.771214485168457,123.68000030517578,255.83563232421875,99.40596008300781
2019-03-22,13.65131664276123,123.97000122070312,250.9117431640625,100.95024108886719
2019-03-25,13.702701568603516,124.91999816894531,250.72305297851562,101.11192321777344
2019-03-26,13.728394508361816,124.30000305175781,252.59194946289062,101.03913879394531
2019-03-27,13.65131664276123,123.6500015258789,251.2710723876953,101.96896362304688
2019-03-28,13.608495712280273,121.9000015258789,252.22364807128906,102.32465362548828
2019-03-29,13.617058753967285,122.01000213623047,253.81393432617188,102.22767639160156
2019-04-01,13.745521545410156,121.52999877929688,256.8239440917969,100.77568054199219
2019-04-02,13.779780387878418,121.9800033569336,256.9497985839844,100.96198272705078
2019-04-03,13.796908378601074,121.80000305175781,257.3541564941406,100.08689880371094
2019-04-04,13.805473327636719,122.11000061035156,258.0369567871094,100.3704833984375
2019-04-05,13.848291397094727,121.9800033569336,259.2860412597656,100.50013732910156
2019-04-08,13.899678230285645,122.51000213623047,259.48370361328125,100.14360809326172
2019-04-09,13.873985290527344,123.1500015258789,258.1538391113281,100.45964813232422
2019-04-10,13.993882179260254,123.52999877929688,259.0343933105469,100.70271301269531
2019-04-11,13.925371170043945,121.94999694824219,258.96246337890625,100.1112060546875
2019-04-12,13.96819019317627,121.83000183105469,260.714599609375,99.39816284179688
2019-04-15,13.942499160766602,121.5999984741211,260.5439147949219,99.64935302734375
2019-04-16,13.89111328125,120.51000213623047,260.714599609375,99.025390625
2019-04-17,13.839728355407715,120.27999877929688,260.07666015625,99.06591796875
2019-04-18,13.882548332214355,120.37000274658203,260.5887756347656,99.58451080322266
2019-04-22,13.951065063476562,120.37000274658203,260.8134765625,99.1064453125
2019-04-23,13.96819019317627,120.12000274658203,263.1585693359375,99.31709289550781
2019-04-24,13.9168062210083,120.47000122070312,262.5745849609375,100.12742614746094
2019-04-25,13.89111328125,120.56999969482422,262.4128112792969,99.98155212402344
2019-04-26,13.728394508361816,121.37000274658203,263.63482666015625,100.3218765258789
2019-04-29,13.736959457397461,120.83000183105469,264.0480651855469,99.68175506591797
2019-04-30,13.779780387878418,121.19999694824219,264.1827697753906,100.19222259521484
2019-05-01,13.736959457397461,120.4000015258789,262.1971740722656,100.60552978515625
2019-05-02,13.582802772521973,119.94000244140625,261.6310729980469,100.12645721435547
2019-05-03,13.5913667678833,120.6500015258789,264.1918640136719,100.41072082519531
2019-05-06,13.634188652038574,120.80999755859375,263.1047058105469,100.68673706054688
2019-05-07,13.46290397644043,121.20999908447266,258.7108459472656,101.45812225341797
2019-05-08,13.480032920837402,120.91000366210938,258.3515930175781,101.01966857910156
2019-05-09,13.411519050598145,121.19999694824219,257.5697326660156,101.43376922607422
2019-05-10,13.437211036682129,121.43000030517578,258.8636474609375,101.2957534790039
2019-05-13,13.368698120117188,122.66999816894531,252.35836791992188,102.09146881103516
2019-05-14,13.548544883728027,122.45999908447266,254.64056396484375,101.79106140136719
2019-05-15,13.66844367980957,122.38999938964844,256.1321105957031,102.41626739501953
2019-05-16,13.745521545410156,121.51000213623047,258.5042419433594,102.07524871826172
2019-05-17,13.617058753967285,120.6500015258789,256.83294677734375,102.30259704589844
2019-05-20,13.677008628845215,120.63999938964844,255.13479614257812,102.09146881103516
2019-05-21,13.685572624206543,120.36000061035156,257.4350280761719,101.92909240722656
2019-05-22,13.488595962524414,120.23999786376953,256.64422607421875,102.5136947631836
2019-05-23,13.205978393554688,121.16999816894531,253.50848388671875,103.66673278808594
2019-05-24,13.385826110839844,121.30000305175781,254.08355712890625,103.75604248046875
2019-05-28,13.497160911560059,120.83000183105469,251.7204132080078,104.50305938720703
2019-05-29,13.445775985717773,120.87000274658203,250.03126525878906,104.81976318359375
2019-05-30,13.308749198913574,121.69000244140625,250.71400451660156,105.7210464477539
2019-05-31,12.957616806030273,123.33000183105469,247.3355712890625,107.04462432861328
2019-06-03,12.914795875549316,125.11000061035156,246.7067108154297,107.76061248779297
2019-06-04,12.991872787475586,125.1500015258789,252.06179809570312,106.53201293945312
2019-06-05,12.726383209228516,125.47000122070312,254.2451934814453,105.92986297607422
2019-06-06,12.949052810668945,125.87999725341797,255.89846801757812,106.27161407470703
2019-06-07,12.991872787475586,126.58999633789062,258.4593200683594,107.1910629272461
2019-06-10,12.957616806030273,125.33000183105469,259.64544677734375,106.18212890625
2019-06-11,13.043258666992188,125.18000030517578,259.5824279785156,106.24723052978516
2019-06-12,12.863410949707031,125.83000183105469,259.12420654296875,106.32856750488281
2019-06-13,13.026130676269531,126.5999984741211,260.19342041015625,106.69474029541016
2019-06-14,13.077515602111816,126.55999755859375,259.90594482421875,106.96324920654297
2019-06-17,13.017565727233887,126.4800033569336,260.00482177734375,107.15039825439453
2019-06-18,13.171720504760742,127.12000274658203,262.727294921875,107.68736267089844
2019-06-19,13.146029472351074,127.88999938964844,263.3202819824219,107.84197235107422
2019-06-20,13.411519050598145,131.11000061035156,265.8362121582031,108.12679290771484
2019-06-21,13.445775985717773,131.97999572753906,265.44976806640625,106.93885803222656
2019-06-24,13.505724906921387,133.94000244140625,265.1246643066406,107.73625183105469
2019-06-25,13.548544883728027,134.1999969482422,262.5244140625,108.06979370117188
2019-06-26,13.617058753967285,132.97000122070312,262.2625732421875,107.37821197509766
2019-06-27,13.617058753967285,132.83999633789062,263.1925048828125,108.1349105834961
2019-06-28,13.471467971801758,133.1999969482422,264.546875,108.06169891357422
2019-07-01,13.46290397644043,130.6199951171875,266.948486328125,107.80896759033203
2019-07-02,13.240235328674316,133.41000366210938,267.6437683105469,108.64051818847656
2019-07-03,13.368698120117188,133.6300048828125,269.78363037109375,109.41505432128906
2019-07-05,13.394391059875488,132.13999938964844,269.4765625,107.96383666992188
2019-07-08,13.3772611618042,131.2899932861328,267.99591064453125,108.11058044433594
2019-07-09,13.420083999633789,131.75,268.3299255371094,108.06980895996094
2019-07-10,13.71126651763916,133.8300018310547,269.6120910644531,107.4747314453125
2019-07-11,13.719830513000488,132.6999969482422,270.244140625,106.03985595703125
2019-07-12,13.7540864944458,133.52999877929688,271.45391845703125,106.16216278076172
2019-07-15,13.608495712280273,133.52999877929688,271.544189453125,106.7735595703125
2019-07-16,13.46290397644043,132.39999389648438,270.6683654785156,106.45564270019531
2019-07-17,13.343005180358887,134.5800018310547,268.8265686035156,107.60517883300781
2019-07-18,13.248799324035645,136.47999572753906,269.8106689453125,107.6133041381836
2019-07-19,13.32587718963623,134.47000122070312,268.3119201660156,107.36056518554688
2019-07-22,13.283056259155273,134.4499969482422,268.970947265625,107.56436157226562
2019-07-23,13.368698120117188,133.69000244140625,270.8941955566406,106.9773941040039
2019-07-24,13.308749198913574,134.3699951171875,272.16729736328125,107.44206237792969
2019-07-25,13.257363319396973,133.4199981689453,270.8670959472656,106.92848205566406
2019-07-26,13.274492263793945,133.63999938964844,272.6820068359375,107.18121337890625
2019-07-29,13.32587718963623,134.52999877929688,272.1853332519531,107.21379089355469
2019-07-30,13.4029541015625,134.97999572753906,271.51708984375,107.4747314453125
2019-07-31,13.317312240600586,133.2100067138672,268.5466003417969,108.33888244628906
2019-08-01,12.949052810668945,136.41000366210938,266.2080383300781,110.4905014038086
2019-08-02,12.966181755065918,135.88999938964844,264.20379638671875,111.5115966796875
2019-08-05,12.854846000671387,137.7899932861328,256.2582702636719,113.43939208984375
2019-08-06,12.786333084106445,138.91000366210938,259.8518371582031,114.34613037109375
2019-08-07,12.623613357543945,141.02000427246094,260.0052795410156,114.38701629638672
2019-08-08,12.692126274108887,141.72999572753906,265.1066589355469,114.63206481933594
2019-08-09,12.803462028503418,141.25999450683594,263.3008117675781,114.4033432006836
2019-08-12,12.70925521850586,142.6300048828125,260.09564208984375,116.78865051269531
2019-08-13,13.009000778198242,141.77999877929688,264.14056396484375,116.38835906982422
2019-08-14,12.812026023864746,142.75,256.3304748535156,119.0105209350586
2019-08-15,12.70925521850586,143.6999969482422,257.0077209472656,120.33385467529297
2019-08-16,12.700690269470215,142.77999877929688,260.7998046875,119.36991119384766
2019-08-19,12.760640144348145,141.11000061035156,263.94189453125,117.66268157958984
2019-08-20,12.794896125793457,142.2100067138672,261.91943359375,118.87980651855469
2019-08-21,12.83771800994873,141.75999450683594,264.05023193359375,118.08745574951172
2019-08-22,12.777769088745117,141.39999389648438,263.96905517578125,117.3032455444336
2019-08-23,12.683563232421875,144.1699981689453,257.1882629394531,119.23111724853516
2019-08-26,12.67499828338623,144.19000244140625,260.0323486328125,118.7491455078125
2019-08-27,12.760640144348145,145.57000732421875,259.01214599609375,120.57891082763672
2019-08-28,12.871973991394043,145.16000366210938,260.83599853515625,120.73413848876953
2019-08-29,12.906230926513672,144.1199951171875,264.1676330566406,120.27668762207031
2019-08-30,12.700690269470215,143.75,264.05023193359375,120.309326171875
2019-09-03,12.63217830657959,145.75,262.5063171386719,120.46482849121094
2019-09-04,12.931923866271973,146.66000366210938,265.4858703613281,120.64488220214844
2019-09-05,12.914795875549316,143.13999938964844,268.89874267578125,118.45999145507812
2019-09-06,12.949052810668945,141.9199981689453,269.1064147949219,119.3028564453125
2019-09-09,13.068951606750488,141.38999938964844,269.24188232421875,117.18343353271484
2019-09-10,13.086078643798828,140.17999267578125,269.1786804199219,115.12938690185547
2019-09-11,12.991872787475586,141.02999877929688,271.0928039550781,114.9247817993164
2019-09-12,12.9404878616333,141.32000732421875,272.0317687988281,114.17198181152344
2019-09-13,12.9404878616333,140.14999389648438,271.8511657714844,111.7333755493164
2019-09-16,13.514288902282715,141.32000732421875,271.011474609375,113.15725708007812
2019-09-17,13.257363319396973,141.60000610351562,271.6977233886719,113.77098846435547
2019-09-18,13.171720504760742,140.7100067138672,271.8601989746094,114.25379180908203
2019-09-19,13.240235328674316,141.27999877929688,271.8421630859375,114.5975112915039
2019-09-20,13.257363319396973,142.9499969482422,270.5577697753906,116.11139678955078
2019-09-23,13.291621208190918,143.75,270.49432373046875,116.08686065673828
2019-09-24,13.13746452331543,144.50999450683594,268.3717346191406,117.4861831665039
2019-09-25,13.060386657714844,141.8300018310547,269.9591369628906,115.76765441894531
2019-09-26,13.060386657714844,141.7899932861328,269.3967590332031,116.51239776611328
2019-09-27,13.009000778198242,141.05999755859375,267.9454345703125,116.79878234863281
2019-09-30,12.880538940429688,138.8699951171875,269.1881408691406,117.08519744873047
2019-10-01,12.871973991394043,139.6300048828125,265.9861755371094,117.4376449584961
2019-10-02,12.760640144348145,141.25999450683594,261.28765869140625,117.72457122802734
2019-10-03,12.743512153625488,141.89999389648438,263.4283447265625,118.79843139648438
2019-10-04,12.846281051635742,141.89999389648438,266.992919921875,119.67562103271484
2019-10-07,12.829153060913086,140.69000244140625,265.8410339355469,118.68367004394531
2019-10-08,12.820590019226074,141.9199981689453,261.7139892578125,119.00338745117188
2019-10-09,12.854846000671387,142.0500030517578,264.1992492675781,118.3312759399414
2019-10-10,12.9404878616333,140.80999755859375,265.9861755371094,116.5687484741211
2019-10-11,13.094643592834473,140.02999877929688,268.7436828613281,115.12598419189453
2019-10-14,13.03469467163086,140.58999633789062,268.4443664550781,115.96211242675781
2019-10-15,13.00043773651123,139.61000061035156,271.10198974609375,114.56031799316406
2019-10-16,13.017565727233887,140.41000366210938,270.6666259765625,114.69972229003906
2019-10-17,13.068951606750488,140.61000061035156,271.4648742675781,114.42098236083984
2019-10-18,13.060386657714844,140.4600067138672,270.2765197753906,114.42098236083984
2019-10-21,13.043258666992188,139.7899932861328,272.1088562011719,113.56024169921875
2019-10-22,13.060386657714844,140.1999969482422,271.219970703125,114.22425079345703
2019-10-23,13.223106384277344,140.52999877929688,272.0090637207031,114.33906555175781
2019-10-24,13.291621208190918,141.52999877929688,272.4534606933594,114.10944366455078
2019-10-25,13.368698120117188,141.86000061035156,273.5692138671875,113.55205535888672
2019-10-28,13.317312240600586,140.63999938964844,275.1112060546875,112.51917266845703
2019-10-29,13.291621208190918,140.25,275.0295715332031,112.59294128417969
2019-10-30,13.205978393554688,141.02000427246094,275.8731994628906,114.24064636230469
2019-10-31,13.128901481628418,142.42999267578125,275.1384582519531,115.78177642822266
2019-11-01,13.368698120117188,142.55999755859375,277.68731689453125,115.42537689208984
2019-11-04,13.454339981079102,142.14999389648438,278.8029479980469,113.90619659423828
2019-11-05,13.488595962524414,139.85000610351562,278.4945983886719,112.6251449584961
2019-11-06,13.343005180358887,140.4499969482422,278.5581359863281,113.30674743652344
2019-11-07,13.334441184997559,138.27000427246094,279.53765869140625,111.25373077392578
2019-11-08,13.368698120117188,137.38999938964844,280.22705078125,110.78569030761719
2019-11-11,13.283056259155273,137.05999755859375,279.6919250488281,110.85963439941406
2019-11-12,13.291621208190918,137.42999267578125,280.2814025878906,111.36876678466797
2019-11-13,13.317312240600586,137.97999572753906,280.3722229003906,112.09140014648438
2019-11-14,13.274492263793945,138.55999755859375,280.78033447265625,113.24927520751953
2019-11-15,13.343005180358887,138.2100067138672,282.8121643066406,113.12606048583984
2019-11-18,13.205978393554688,138.6199951171875,283.02081298828125,113.33135986328125
2019-11-19,13.086078643798828,138.69000244140625,282.939208984375,114.2757339477539
2019-11-20,13.257363319396973,138.75999450683594,281.8869323730469,115.45818328857422
2019-11-21,13.3772611618042,138.0,281.43341064453125,114.73552703857422
2019-11-22,13.368698120117188,137.74000549316406,282.059326171875,114.88334655761719
2019-11-25,13.368698120117188,137.0800018310547,284.245361328125,115.22004699707031
2019-11-26,13.445775985717773,137.74000549316406,284.88934326171875,115.89346313476562
2019-11-27,13.3772611618042,137.00999450683594,286.1592102050781,115.55677795410156
2019-11-29,13.111772537231445,137.86000061035156,285.097900390625,115.3104019165039
2019-12-02,13.094643592834473,137.7899932861328,282.67608642578125,113.7729721069336
2019-12-03,13.103209495544434,139.11000061035156,280.78033447265625,116.15850067138672
2019-12-04,13.308749198913574,138.9199981689453,282.51287841796875,114.9986572265625
2019-12-05,13.334441184997559,139.0,283.02081298828125,114.43925476074219
2019-12-06,13.420083999633789,137.6199951171875,285.60595703125,113.80591583251953
2019-12-09,13.4029541015625,137.5800018310547,284.7079772949219,114.05265045166016
2019-12-10,13.46290397644043,137.97000122070312,284.39044189453125,114.06088256835938
2019-12-11,13.4029541015625,138.9199981689453,285.1977233886719,114.95751190185547
2019-12-12,13.522852897644043,138.42999267578125,287.6558837890625,113.06552124023438
2019-12-13,13.5913667678833,139.0500030517578,287.8282165527344,114.37345886230469
2019-12-16,13.685572624206543,139.0399932861328,289.80560302734375,113.34521484375
2019-12-17,13.745521545410156,139.00999450683594,289.8690490722656,113.18896484375
2019-12-18,13.7540864944458,139.02000427246094,289.88720703125,112.25938415527344
2019-12-19,13.814035415649414,139.3800048828125,291.07550048828125,112.43898010253906
2019-12-20,13.796908378601074,139.52000427246094,292.3515625,112.58733367919922
2019-12-23,13.80038833618164,139.9499969482422,292.7981872558594,112.42253112792969
2019-12-24,13.861297607421875,141.27000427246094,292.8074035644531,112.74381256103516
2019-12-26,13.965714454650879,142.3800048828125,294.3659973144531,113.01577758789062
2019-12-27,13.991819381713867,142.3300018310547,294.2931213378906,113.1393051147461
2019-12-30,13.965714454650879,142.6300048828125,292.6706237792969,112.72740936279297
2019-12-31,13.87869930267334,142.89999389648438,293.3816223144531,111.62335205078125
2020-01-02,13.896103858947754,143.9499969482422,296.1253356933594,112.8839340209961
2020-01-03,14.061429977416992,145.86000061035156,293.8829040527344,114.62237548828125
2020-01-06,14.087533950805664,147.38999938964844,295.004150390625,113.97147369384766
2020-01-07,14.078831672668457,147.97000122070312,294.174560546875,113.41117095947266
2020-01-08,13.869998931884766,146.86000061035156,295.742431640625,112.66146850585938
2020-01-09,13.809089660644531,146.02999877929688,297.74774169921875,113.05696868896484
2020-01-10,13.809089660644531,146.91000366210938,296.8909606933594,114.06212615966797
2020-01-13,13.704672813415527,145.82000732421875,298.93280029296875,113.71607971191406
2020-01-14,13.765583038330078,145.69000244140625,298.47705078125,114.30110931396484
2020-01-15,13.695971488952637,146.5399932861328,299.1515197753906,115.0590591430664
2020-01-16,13.678569793701172,146.30999755859375,301.6399841308594,114.69652557373047
2020-01-17,13.722076416015625,146.5800018310547,302.5788879394531,113.71607971191406
2020-01-21,13.643763542175293,146.74000549316406,301.98638916015625,114.91075134277344
2020-01-22,13.46103572845459,146.7899932861328,302.0227966308594,115.31448364257812
2020-01-23,13.347915649414062,147.1199951171875,302.3692321777344,116.12185668945312
2020-01-24,13.147784233093262,147.97999572753906,299.68017578125,117.06112670898438
2020-01-27,12.904146194458008,148.99000549316406,294.8764953613281,118.8819580078125
2020-01-28,12.965054512023926,147.66000366210938,297.96661376953125,117.95100402832031
2020-01-29,12.904146194458008,148.4600067138672,297.720458984375,119.10449981689453
2020-01-30,12.791027069091797,148.47000122070312,298.6866149902344,119.12090301513672
2020-01-31,12.686612129211426,149.3300018310547,293.2631530761719,120.20842742919922
2020-02-03,12.451674461364746,148.36000061035156,295.4415588378906,120.111083984375
2020-02-04,12.469078063964844,146.42999267578125,299.94451904296875,118.49359130859375
2020-02-05,12.660507202148438,146.61000061035156,303.4082946777344,117.1978759765625
2020-02-06,12.712715148925781,147.39999389648438,304.42926025390625,117.72602844238281
2020-02-07,12.643104553222656,147.7899932861328,302.80670166015625,119.1950454711914
2020-02-10,12.529986381530762,148.1699981689453,305.0672912597656,119.52521514892578
2020-02-11,12.573493003845215,147.66000366210938,305.5960388183594,118.9227066040039
2020-02-12,12.747520446777344,147.5399932861328,307.5649108886719,118.32020568847656
2020-02-13,12.75622272491455,148.3800048828125,307.2366943359375,118.7741928100586
2020-02-14,12.747520446777344,149.0,307.72894287109375,119.29407501220703
2020-02-18,12.843235969543457,150.91000366210938,306.9358825683594,120.111083984375
2020-02-19,12.965054512023926,151.7899932861328,308.4034729003906,120.10287475585938
2020-02-20,12.912847518920898,152.41000366210938,307.13653564453125,121.04368591308594
2020-02-21,12.860639572143555,154.6999969482422,303.9734191894531,122.17428588867188
2020-02-24,12.6170015335083,156.08999633789062,293.8920593261719,123.99808502197266
2020-02-25,12.382062911987305,153.3000030517578,284.9864501953125,124.65843963623047
2020-02-26,12.26024341583252,153.97000122070312,283.9383239746094,123.99808502197266
2020-02-27,12.051411628723145,154.0,271.1861572265625,125.34334564208984
2020-02-28,11.842577934265137,148.3800048828125,270.04681396484375,128.174072265625
2020-03-02,12.112319946289062,149.1999969482422,281.7414855957031,127.23104095458984
2020-03-03,12.138423919677734,153.88999938964844,273.6745300292969,129.2063446044922
2020-03-04,12.147126197814941,154.16000366210938,285.1779479980469,127.8343734741211
2020-03-05,12.016605377197266,157.49000549316406,275.6981201171875,131.01644897460938
2020-03-06,11.625043869018555,157.5500030517578,271.1405944824219,137.8350372314453
2020-03-09,10.720099449157715,157.80999755859375,249.9659881591797,141.57083129882812
2020-03-10,11.059453964233398,154.47999572753906,262.90045166015625,134.31414794921875
2020-03-11,10.859321594238281,153.92999267578125,250.08444213867188,129.37167358398438
2020-03-12,10.4242525100708,147.7899932861328,226.15708923339844,130.17335510253906
2020-03-13,10.537371635437012,143.27999877929688,245.49037170410156,127.23104095458984
2020-03-16,9.90217113494873,141.63999938964844,218.6279296875,135.47122192382812
2020-03-17,9.745545387268066,143.55999755859375,230.43211364746094,126.43766021728516
2020-03-18,9.423595428466797,140.6999969482422,218.76466369628906,119.304931640625
2020-03-19,9.623725891113281,138.0399932861328,219.2294921875,122.55303955078125
2020-03-20,9.519309997558594,140.11000061035156,209.7820281982422,131.7685089111328
2020-03-23,9.632427215576172,146.3000030517578,204.41824340820312,137.19857788085938
2020-03-24,9.841259956359863,153.39999389648438,222.93922424316406,134.64474487304688
2020-03-25,10.006586074829102,151.3000030517578,226.27659606933594,134.3388671875
2020-03-26,9.971781730651855,153.24000549316406,239.4888916015625,135.00015258789062
2020-03-27,9.936975479125977,152.25,232.35557556152344,138.60365295410156
2020-03-30,9.910870552062988,152.9199981689453,239.9014892578125,137.46311950683594
2020-03-31,9.78905200958252,148.0500030517578,236.32566833496094,136.3472900390625
2020-04-01,9.510608673095703,149.4499969482422,225.68984985351562,138.25765991210938
2020-04-02,9.693336486816406,151.89999389648438,230.897705078125,139.135009765625
2020-04-03,9.936975479125977,152.64999389648438,227.56031799316406,139.46607971191406
2020-04-06,9.98918342590332,156.8800048828125,242.8446807861328,139.10186767578125
2020-04-07,10.058794021606445,156.0399932861328,243.09217834472656,137.64512634277344
2020-04-08,10.03269100189209,154.64999389648438,251.25242614746094,136.64361572265625
2020-04-09,10.058794021606445,158.69000244140625,255.0758819580078,136.8919677734375
2020-04-13,10.232823371887207,161.41000366210938,252.7469940185547,135.64210510253906
2020-04-14,10.145808219909668,162.67999267578125,260.2011413574219,135.60903930664062
2020-04-15,9.936975479125977,161.85000610351562,254.67245483398438,139.20120239257812
2020-04-16,9.910870552062988,161.7100067138672,255.9010009765625,140.78213500976562
2020-04-17,9.954378128051758,158.57000732421875,262.8143005371094,138.89495849609375
2020-04-20,9.78905200958252,159.6999969482422,258.18408203125,140.0123291015625
2020-04-21,9.327878952026367,158.61000061035156,250.3447265625,141.77536010742188
2020-04-22,9.458398818969727,161.72999572753906,255.9010009765625,140.32687377929688
2020-04-23,9.432295799255371,163.33999633789062,255.8826904296875,141.0718231201172
2020-04-24,9.31047534942627,162.63999938964844,259.44940185546875,141.40281677246094
2020-04-27,9.136448860168457,161.55999755859375,263.190185546875,138.77081298828125
2020-04-28,9.145150184631348,160.83999633789062,261.9799499511719,140.36830139160156
2020-04-29,9.31047534942627,161.72999572753906,268.8381042480469,139.63986206054688
2020-04-30,9.484503746032715,158.8000030517578,266.33514404296875,138.00933837890625
2020-05-01,9.362685203552246,159.77999877929688,259.2843017578125,139.1910858154297
2020-05-04,9.475802421569824,160.33999633789062,259.9994812011719,138.536376953125
2020-05-05,9.719441413879395,161.02000427246094,262.4017639160156,137.6496124267578
2020-05-06,9.528009414672852,158.9499969482422,260.6229553222656,135.42861938476562
2020-05-07,9.588920593261719,161.38999938964844,263.7677917480469,137.69107055664062
2020-05-08,9.78905200958252,160.4199981689453,268.1321716308594,135.90090942382812
2020-05-11,9.65853214263916,159.4199981689453,268.18719482421875,134.84011840820312
2020-05-12,9.580219268798828,160.0399932861328,262.8418884277344,136.22418212890625
2020-05-13,9.484503746032715,161.5800018310547,258.19329833984375,137.17727661132812
2020-05-14,9.649829864501953,163.00999450683594,261.28314208984375,138.51988220214844
2020-05-15,9.745545387268066,163.92999267578125,262.4842529296875,138.16348266601562
2020-05-18,10.023990631103516,162.69000244140625,270.4794921875,135.13021850585938
2020-05-19,9.997884750366211,164.25999450683594,267.7012939453125,135.63572692871094
2020-05-20,10.171913146972656,164.64999389648438,272.24896240234375,136.04183959960938
2020-05-21,10.128406524658203,162.25,270.3693542480469,136.3816375732422
2020-05-22,10.050094604492188,163.2100067138672,270.8828125,137.2020721435547
2020-05-26,10.154509544372559,160.88999938964844,274.2202453613281,135.36224365234375
2020-05-27,10.023990631103516,161.17999267578125,278.3004150390625,135.11367797851562
2020-05-28,10.076197624206543,161.72000122070312,277.7870178222656,134.61634826660156
2020-05-29,10.250225067138672,162.91000366210938,279.02471923828125,135.5777130126953
2020-06-01,10.311135292053223,163.66000366210938,280.15234375,134.6649169921875
2020-06-02,10.4242525100708,162.60000610351562,282.4722595214844,134.1753387451172
2020-06-03,10.4242525100708,159.60000610351562,286.2313232421875,132.3912353515625
2020-06-04,10.511266708374023,161.27999877929688,285.47955322265625,130.47427368164062
2020-06-05,10.720099449157715,158.00999450683594,292.7962341308594,129.5448455810547
2020-06-08,10.65048885345459,159.72000122070312,296.3353576660156,130.0427703857422
2020-06-09,10.685293197631836,161.25999450683594,294.1257019042969,131.51988220214844
2020-06-10,10.754905700683594,163.57000732421875,292.4844970703125,133.46995544433594
2020-06-11,10.406850814819336,162.38999938964844,275.6230773925781,135.99261474609375
2020-06-12,10.450357437133789,162.6199951171875,278.9238586425781,134.6815185546875
2020-06-15,10.546072006225586,162.3300018310547,281.52783203125,134.75619506835938
2020-06-16,10.633087158203125,162.25,286.94659423828125,132.68992614746094
2020-06-17,10.580878257751465,162.55999755859375,285.7546081542969,133.23760986328125
2020-06-18,10.641786575317383,162.24000549316406,285.8645935058594,134.6483154296875
2020-06-19,10.728801727294922,164.02999877929688,284.2309265136719,134.75619506835938
2020-06-22,10.8419189453125,165.08999633789062,286.0543212890625,134.77284240722656
2020-06-23,10.78971004486084,166.47999572753906,287.3711853027344,133.8516845703125
2020-06-24,10.519967079162598,165.89999389648438,280.04083251953125,135.2873077392578
2020-06-25,10.615682601928711,165.8000030517578,283.04290771484375,135.67733764648438
2020-06-26,10.485162734985352,166.5399932861328,276.3202209472656,137.1295623779297
2020-06-29,10.65919017791748,166.6300048828125,280.38153076171875,136.6979522705078
2020-06-30,10.71139907836914,167.3699951171875,283.9730224609375,136.03411865234375
2020-07-01,10.798413276672363,166.6199951171875,285.9622802734375,135.76991271972656
2020-07-02,10.8419189453125,166.97999572753906,287.5370788574219,135.91116333007812
2020-07-06,10.928933143615723,167.97999572753906,291.9758605957031,135.3545379638672
2020-07-07,10.937634468078613,169.0399932861328,288.9643249511719,137.257080078125
2020-07-08,11.076855659484863,170.08999633789062,291.1745910644531,136.70875549316406
2020-07-09,10.946335792541504,169.6300048828125,289.5169677734375,138.88543701171875
2020-07-10,11.015947341918945,169.19000244140625,292.47308349609375,138.18765258789062
2020-07-13,10.902827262878418,169.39999389648438,289.9406433105469,138.64451599121094
2020-07-14,10.955037117004395,170.19000244140625,293.6979064941406,138.8438720703125
2020-07-15,11.085556983947754,170.33999633789062,296.39617919921875,138.1959228515625
2020-07-16,10.998543739318848,168.72999572753906,295.41998291015625,138.85227966308594
2020-07-17,11.015947341918945,170.1199951171875,296.27655029296875,138.56143188476562
2020-07-20,11.007245063781738,170.94000244140625,298.6708984375,138.90206909179688
2020-07-21,11.163870811462402,173.0,299.3062438964844,138.9851531982422
2020-07-22,11.233481407165527,175.6300048828125,301.010009765625,139.4005584716797
2020-07-23,11.207376480102539,177.17999267578125,297.41845703125,141.02894592285156
2020-07-24,11.224780082702637,178.6999969482422,295.5029296875,141.02056884765625
2020-07-27,11.32919692993164,182.22999572753906,297.6578063964844,140.49717712402344
2020-07-28,11.26828670501709,183.75,295.7699890136719,141.4691925048828
2020-07-29,11.32919692993164,185.1300048828125,299.4075927734375,141.22833251953125
2020-07-30,11.198675155639648,183.75999450683594,298.33935546875,142.1588134765625
2020-07-31,11.2595853805542,185.42999267578125,300.69677734375,142.0674591064453
2020-08-03,11.372702598571777,185.63999938964844,302.78741455078125,141.35214233398438
2020-08-04,11.433612823486328,189.58999633789062,303.9569091796875,142.69961547851562
2020-08-05,11.529328346252441,191.35000610351562,305.8447570800781,141.4519500732422
2020-08-06,11.616342544555664,193.88999938964844,307.88922119140625,142.2421112060547
2020-08-07,11.459716796875,190.80999755859375,308.1102600097656,141.2938995361328
2020-08-10,11.52062702178955,190.14999389648438,309.03118896484375,140.66183471679688
2020-08-11,11.337897300720215,179.94000244140625,306.4801330566406,138.99008178710938
2020-08-12,11.459716796875,179.10000610351562,310.75323486328125,137.725830078125
2020-08-13,11.52062702178955,183.3300018310547,310.1915283203125,136.25360107421875
2020-08-14,11.52062702178955,182.5399932861328,310.2007751464844,135.7213592529297
2020-08-17,11.712057113647461,186.5,311.1861572265625,136.0623016357422
2020-08-18,11.738161087036133,188.17999267578125,311.85845947265625,137.0354766845703
2020-08-19,11.70335578918457,182.24000549316406,310.5599365234375,136.17877197265625
2020-08-20,11.685953140258789,183.5,311.52679443359375,137.4097442626953
2020-08-21,11.572835922241211,182.02999877929688,312.63201904296875,138.23312377929688
2020-08-24,11.633744239807129,181.0,315.7999572753906,138.00856018066406
2020-08-25,11.729458808898926,181.22000122070312,316.90496826171875,136.95228576660156
2020-08-26,11.755563735961914,183.36000061035156,320.0821228027344,136.4282684326172
2020-08-27,11.712057113647461,181.24000549316406,320.7819519042969,134.10780334472656
2020-08-28,11.790369987487793,184.38999938964844,322.8540954589844,134.00796508789062
2020-08-31,11.781668663024902,184.8300018310547,321.6844787597656,134.89793395996094
2020-09-01,11.799071311950684,185.0500030517578,324.71441650390625,136.44082641601562
2020-09-02,11.642446517944336,182.6199951171875,329.4110107421875,137.7398223876953
2020-09-03,11.538029670715332,181.13999938964844,318.0745544433594,138.13124084472656
2020-09-04,11.433612823486328,181.63999938964844,315.4775390625,135.50831604003906
2020-09-08,11.155168533325195,181.2899932861328,306.85772705078125,136.3409881591797
2020-09-09,11.2595853805542,183.0500030517578,312.91741943359375,135.97457885742188
2020-09-10,11.146467208862305,182.4600067138672,307.4839782714844,136.66567993164062
2020-09-11,11.224780082702637,182.4499969482422,307.6405944824219,136.9571075439453
2020-09-14,11.233481407165527,183.88999938964844,311.6925354003906,136.94874572753906
2020-09-15,11.294389724731445,183.4499969482422,313.26739501953125,136.61572265625
2020-09-16,11.50322437286377,183.97000122070312,312.02410888671875,136.20773315429688
2020-09-17,11.633744239807129,182.9600067138672,309.2797546386719,136.62408447265625
2020-09-18,11.685953140258789,183.1999969482422,305.7192077636719,136.199462890625
2020-09-21,11.398808479309082,179.52000427246094,302.3166198730469,136.8904266357422
2020-09-22,11.346598625183105,178.64999389648438,305.3955383300781,136.78231811523438
2020-09-23,11.21607780456543,174.7899932861328,298.3131103515625,136.9654541015625
2020-09-24,11.26828670501709,175.44000244140625,299.1081848144531,137.49002075195312
2020-09-25,11.26828670501709,174.94000244140625,303.94390869140625,137.49002075195312
2020-09-28,11.364002227783203,176.6999969482422,308.99224853515625,137.0986328125
2020-09-29,11.233481407165527,178.19000244140625,307.30950927734375,137.25686645507812
2020-09-30,11.364002227783203,177.1199951171875,309.639404296875,135.94131469726562
2020-10-01,11.224780082702637,178.6999969482422,311.6273498535156,136.1654815673828
2020-10-02,11.085556983947754,178.5399932861328,308.66864013671875,135.65708923339844
2020-10-05,11.372702598571777,179.41000366210938,314.14227294921875,133.00643920898438
2020-10-06,11.416210174560547,177.3000030517578,309.676513671875,133.72328186035156
2020-10-07,11.459716796875,177.22000122070312,315.06689453125,132.7480010986328
2020-10-08,11.572835922241211,177.85000610351562,317.8591003417969,133.46485900878906
2020-10-09,11.607641220092773,181.0800018310547,320.6977233886719,133.43988037109375
2020-10-12,11.485821723937988,180.55999755859375,325.85693359375,133.8649444580078
2020-10-13,11.511923789978027,177.72000122070312,323.7303771972656,134.823486328125
2020-10-14,11.59023666381836,178.27000427246094,321.6962890625,135.13185119628906
2020-10-15,11.625043869018555,178.9199981689453,321.2986755371094,134.89849853515625
2020-10-16,11.546731948852539,178.3000030517578,321.1045227050781,134.52342224121094
2020-10-19,11.555431365966797,178.38999938964844,316.2226257324219,134.01504516601562
2020-10-20,11.685953140258789,179.25,317.4893493652344,132.73963928222656
2020-10-21,11.59023666381836,180.60000610351562,316.888427734375,132.28125
2020-10-22,11.625043869018555,178.8300018310547,318.6265869140625,130.9058837890625
2020-10-23,11.538029670715332,178.63999938964844,319.7083435058594,131.70608520507812
2020-10-26,11.372702598571777,178.5500030517578,313.8001708984375,132.93138122558594
2020-10-27,11.45101547241211,179.02000427246094,312.7183837890625,133.8233184814453
2020-10-28,11.146467208862305,176.1300048828125,302.0299987792969,133.94830322265625
2020-10-29,11.007245063781738,175.39999389648438,305.0997314453125,132.6479949951172
2020-10-30,11.007245063781738,176.1999969482422,301.91900634765625,131.3393096923828
2020-11-02,11.207376480102539,177.91000366210938,305.3030700683594,132.32315063476562
2020-11-03,11.27698802947998,178.9199981689453,310.6934814453125,131.55543518066406
2020-11-04,11.398808479309082,178.82000732421875,317.6372375488281,134.4091796875
2020-11-05,11.45101547241211,182.92999267578125,323.8320617675781,134.642822265625
2020-11-06,11.407508850097656,183.19000244140625,323.7582092285156,133.01568603515625
2020-11-09,11.546731948852539,175.0800018310547,327.82635498046875,130.22039794921875
2020-11-10,11.772966384887695,175.66000366210938,327.3456726074219,129.46937561035156
2020-11-11,11.764266014099121,174.89999389648438,329.7772521972656,129.9366912841797
2020-11-12,11.668550491333008,175.9600067138672,326.57818603515625,132.1478729248047
2020-11-13,11.616342544555664,177.16000366210938,331.0994873046875,131.9727020263672
2020-11-16,11.720759391784668,177.14999389648438,335.2323913574219,131.6555938720703
2020-11-17,11.755563735961914,176.5,333.4293518066406,132.5150604248047
2020-11-18,11.772966384887695,175.49000549316406,329.4167175292969,132.89889526367188
2020-11-19,11.772966384887695,175.16000366210938,330.8035888671875,133.5831298828125
2020-11-20,11.833876609802246,175.69000244140625,328.5382385253906,134.7679901123047
2020-11-23,11.868682861328125,172.22999572753906,330.5076599121094,134.15054321289062
2020-11-24,12.12102222442627,169.58999633789062,335.8334045410156,132.8153839111328
2020-11-25,12.225439071655273,169.50999450683594,335.31561279296875,132.4065704345703
2020-11-27,12.199334144592285,167.7899932861328,336.24951171875,133.69158935546875
2020-11-30,12.12972354888916,166.6699981689453,334.7608947753906,133.52468872070312
2020-12-01,12.094917297363281,170.17999267578125,338.4222717285156,131.55592346191406
2020-12-02,12.147126197814941,171.4600067138672,339.13421630859375,130.51190185546875
2020-12-03,12.164528846740723,172.80999755859375,339.0417785644531,131.5642852783203
2020-12-04,12.216736793518066,172.32000732421875,341.96343994140625,129.6348114013672
2020-12-07,12.216736793518066,174.88999938964844,341.26080322265625,130.80421447753906
2020-12-08,12.234140396118164,175.5,342.2593688964844,131.42233276367188
2020-12-09,12.242840766906738,172.5,339.18963623046875,130.98797607421875
2020-12-10,12.425570487976074,172.1699981689453,339.0787658691406,132.1490478515625
2020-12-11,12.390765190124512,172.49000549316406,338.6811828613281,132.6167449951172
2020-12-14,12.425570487976074,171.5399932861328,337.1648864746094,132.24923706054688
2020-12-15,12.521286010742188,173.94000244140625,341.72314453125,131.80650329589844
2020-12-16,12.590896606445312,174.89999389648438,342.2593688964844,131.45571899414062
2020-12-17,12.738821029663086,176.74000549316406,344.17327880859375,131.10792541503906
2020-12-18,12.782326698303223,176.44000244140625,342.7991027832031,130.7148895263672
2020-12-21,12.651805877685547,175.8800048828125,341.57330322265625,131.2333221435547
2020-12-22,12.512584686279297,174.49000549316406,340.9976806640625,131.91064453125
2020-12-23,12.669208526611328,175.64999389648438,341.3040771484375,130.9991455078125
2020-12-24,12.704014778137207,176.35000610351562,342.63189697265625,131.51763916015625
2020-12-28,12.625701904296875,175.7100067138672,345.5754089355469,131.576171875
2020-12-29,12.660507202148438,176.35000610351562,344.9161376953125,131.40892028808594
2020-12-30,12.738821029663086,177.6999969482422,345.408203125,131.6931915283203
2020-12-31,12.791027069091797,178.36000061035156,347.1631164550781,131.88552856445312
2021-01-04,12.721416473388672,182.3300018310547,342.43695068359375,131.72665405273438
2021-01-05,13.078173637390137,182.8699951171875,344.79541015625,130.7483673095703
2021-01-06,13.095576286315918,179.89999389648438,346.8568420410156,128.06430053710938
2021-01-07,13.156486511230469,179.47999572753906,352.0102233886719,126.93553924560547
2021-01-08,13.260902404785156,173.33999633789062,354.015869140625,126.52580261230469
2021-01-11,13.16518783569336,173.0,351.6295166015625,126.31676483154297
2021-01-12,13.417527198791504,174.1199951171875,351.7037658691406,126.2164306640625
2021-01-13,13.382722854614258,173.3699951171875,352.65081787109375,127.63790893554688
2021-01-14,13.504542350769043,173.27999877929688,351.4159851074219,126.44222259521484
2021-01-15,13.313111305236816,171.1300048828125,348.8532409667969,126.94389343261719
2021-01-19,13.35661792755127,172.5800018310547,351.59234619140625,127.35358428955078
2021-01-20,13.365320205688477,175.38999938964844,356.4579162597656,127.47911071777344
2021-01-21,13.35661792755127,175.27999877929688,356.7828674316406,126.58430480957031
2021-01-22,13.13038158416748,173.89999389648438,355.52008056640625,126.99404907226562
2021-01-25,13.269603729248047,174.0500030517578,356.9222412109375,128.49075317382812
2021-01-26,13.295708656311035,173.6199951171875,356.36505126953125,128.248291015625
2021-01-27,13.260902404785156,172.52000427246094,347.6553039550781,128.57432556152344
2021-01-28,13.199993133544922,172.67999267578125,350.645263671875,127.86363220214844
2021-01-29,13.217395782470703,172.61000061035156,343.62548828125,127.09436798095703
2021-02-01,13.469735145568848,174.22999572753906,349.34527587890625,127.24170684814453
2021-02-02,13.574151992797852,172.11000061035156,354.2850036621094,126.42134857177734
2021-02-03,13.669867515563965,171.85000610351562,354.563720703125,125.29962921142578
2021-02-04,13.73947811126709,168.14999389648438,358.5936279296875,124.96476745605469
2021-02-05,13.809089660644531,169.80999755859375,360.0048828125,123.9183120727539
2021-02-08,14.02662467956543,171.52000427246094,362.6049499511719,124.46248626708984
2021-02-09,14.078831672668457,172.0800018310547,362.3634338378906,124.55458068847656
2021-02-10,14.052728652954102,172.7100067138672,362.2055358886719,125.38334655761719
2021-02-11,14.02662467956543,171.2100067138672,362.79052734375,124.69685363769531
2021-02-12,14.200651168823242,170.69000244140625,364.5826721191406,123.14824676513672
2021-02-16,14.392082214355469,168.24000549316406,364.2669372558594,121.2730941772461
2021-02-17,14.435588836669922,166.3300018310547,364.3504943847656,122.04316711425781
2021-02-18,14.383380889892578,166.32000732421875,362.7998352050781,121.54932403564453
2021-02-19,14.374680519104004,167.00999450683594,362.1591796875,119.93370056152344
2021-02-22,14.696630477905273,169.50999450683594,359.37359619140625,119.02122497558594
2021-02-23,14.766240119934082,169.1199951171875,359.8099060058594,118.67804718017578
2021-02-24,14.992476463317871,169.0,363.7747497558594,117.8995132446289
2021-02-25,14.870658874511719,165.82000732421875,355.0093994140625,115.97415161132812
2021-02-26,14.55740737915039,161.80999755859375,353.1801452636719,119.8081283569336
2021-03-01,14.435588836669922,161.52999877929688,361.7413024902344,118.22579193115234
2021-03-02,14.496499061584473,162.41000366210938,358.9185791015625,118.23412322998047
2021-03-03,14.583512306213379,160.6199951171875,354.16436767578125,116.95182800292969
2021-03-04,14.809749603271484,159.0399932861328,349.7817687988281,116.19747161865234
2021-03-05,15.114295959472656,159.13999938964844,356.2165222167969,116.42376708984375
2021-03-08,14.905463218688965,157.49000549316406,354.44293212890625,115.51861572265625
2021-03-09,14.905463218688965,160.83999633789062,359.5035400390625,117.11934661865234
2021-03-10,15.001178741455078,161.66000366210938,361.7413024902344,117.3541030883789
2021-03-11,15.227415084838867,161.52000427246094,365.4090576171875,116.50759887695312
2021-03-12,15.157803535461426,161.49000549316406,365.90118408203125,114.03511810302734
2021-03-15,15.105595588684082,162.1999969482422,368.083251953125,114.70562744140625
2021-03-16,15.044686317443848,162.35000610351562,367.6190185546875,114.24467468261719
2021-03-17,15.044686317443848,163.50999450683594,368.87249755859375,113.38973999023438
2021-03-18,14.331171989440918,162.55999755859375,363.50555419921875,112.2415771484375
2021-03-19,14.644421577453613,163.24000549316406,362.8330078125,112.93719482421875
2021-03-22,14.618317604064941,163.0,365.7301940917969,114.20275115966797
2021-03-23,14.20935344696045,161.80999755859375,362.8515930175781,115.23362731933594
2021-03-24,14.583512306213379,162.3699951171875,361.0070495605469,115.85383605957031
2021-03-25,14.252859115600586,161.77999877929688,363.0379333496094,114.94029235839844
2021-03-26,14.592214584350586,162.24000549316406,368.8882751464844,114.53797149658203
2021-03-29,14.609617233276367,160.30999755859375,368.7018737792969,113.5657958984375
2021-03-30,14.374680519104004,157.57000732421875,367.7237854003906,114.16085052490234
2021-03-31,14.452993392944336,159.9600067138672,369.2142639160156,113.52388763427734
2021-04-01,14.696630477905273,161.97999572753906,373.20147705078125,115.40801239013672
2021-04-05,14.479094505310059,161.9199981689453,378.5580749511719,114.9044418334961
2021-04-06,14.531304359436035,163.22000122070312,378.33447265625,115.68502807617188
2021-04-07,14.574811935424805,162.75999450683594,378.7723693847656,114.87931060791016
2021-04-08,14.65312385559082,164.50999450683594,380.5702819824219,115.82767486572266
2021-04-09,14.600915908813477,163.27000427246094,383.3371276855469,115.40801239013672
2021-04-12,14.609617233276367,162.27999877929688,383.47686767578125,115.357666015625
2021-04-13,14.766240119934082,163.42999267578125,384.6133117675781,116.22206115722656
2021-04-14,15.105595588684082,162.72000122070312,383.2998352050781,115.85285949707031
2021-04-15,15.201309204101562,165.35000610351562,387.4173889160156,117.79155731201172
2021-04-16,15.175206184387207,166.35000610351562,388.71234130859375,116.87674713134766
2021-04-19,15.192607879638672,165.88999938964844,386.80255126953125,116.54103088378906
2021-04-20,15.16650390625,166.47999572753906,383.9705505371094,117.07817840576172
2021-04-21,15.105595588684082,168.1300048828125,387.6036682128906,117.31316375732422
2021-04-22,15.227415084838867,167.0399932861328,384.06365966796875,117.82511138916016
2021-04-23,15.349233627319336,166.39999389648438,388.2279052734375,117.54818725585938
2021-04-26,15.45365047454834,166.83999633789062,389.03839111328125,117.38034057617188
2021-04-27,15.584171295166016,166.4199981689453,388.95452880859375,116.35637664794922
2021-04-28,15.610276222229004,166.91000366210938,388.8427429199219,116.43192291259766
2021-04-29,15.714690208435059,166.22000122070312,391.32073974609375,116.08785247802734
2021-04-30,15.584171295166016,165.66000366210938,388.74957275390625,116.35637664794922
2021-05-03,15.758200645446777,167.80999755859375,389.5879821777344,116.42616271972656
2021-05-04,16.0018367767334,166.5800018310547,387.1845397949219,117.21624755859375
2021-05-05,16.062746047973633,167.27000427246094,387.30572509765625,117.40957641601562
2021-05-06,16.14105796813965,170.05999755859375,390.3984375,117.60289764404297
2021-05-07,16.297683715820312,171.58999633789062,393.2397766113281,117.0229721069336
2021-05-10,16.184568405151367,172.11000061035156,389.34576416015625,115.83782196044922
2021-05-11,16.358592987060547,172.13999938964844,385.8710021972656,115.18225860595703
2021-05-12,16.341190338134766,170.42999267578125,377.6730041503906,113.97193908691406
2021-05-13,15.888718605041504,171.1300048828125,382.2098388671875,114.1484146118164
2021-05-14,16.01923942565918,172.69000244140625,388.078857421875,115.21588134765625
2021-05-17,16.219371795654297,174.6999969482422,387.09130859375,114.97209930419922
2021-05-18,16.14105796813965,175.0399932861328,383.75628662109375,114.67791748046875
2021-05-19,15.810406684875488,175.16000366210938,382.7501220703125,114.40055847167969
2021-05-20,15.645079612731934,175.9600067138672,386.8677978515625,115.34188842773438
2021-05-21,15.793004035949707,176.0399932861328,386.55108642578125,115.71174621582031
2021-05-24,16.010540008544922,176.35000610351562,390.4916687011719,116.14034271240234
2021-05-25,15.958330154418945,177.9499969482422,389.62530517578125,117.21624755859375
2021-05-26,15.984435081481934,177.63999938964844,390.3984375,117.01453399658203
2021-05-27,16.236774444580078,177.7100067138672,390.60345458984375,116.54387664794922
2021-05-28,16.184568405151367,178.3800048828125,391.3020935058594,116.35891723632812
2021-06-01,16.471712112426758,177.89999389648438,390.9574279785156,116.33277893066406
2021-06-02,16.558727264404297,178.77000427246094,391.5722961425781,116.60218811035156
2021-06-03,16.419504165649414,175.27000427246094,390.1190185546875,116.16448211669922
2021-06-04,16.602231979370117,177.16000366210938,393.6869812011719,117.75532531738281
2021-06-07,16.62833595275879,177.8699951171875,393.3050231933594,117.3934097290039
2021-06-08,16.79366111755371,177.32000732421875,393.388916015625,118.2182388305664
2021-06-09,16.715351104736328,176.97999572753906,392.80194091796875,119.26203918457031
2021-06-10,16.776260375976562,177.74000549316406,394.6278076171875,119.97748565673828
2021-06-11,16.724050521850586,175.74000549316406,395.2799987792969,119.78385162353516
2021-06-14,16.62833595275879,174.7100067138672,396.1650085449219,118.86643981933594
2021-06-15,16.558727264404297,174.0500030517578,395.4383850097656,118.7232894897461
2021-06-16,16.4630126953125,171.11000061035156,393.23046875,118.62226867675781
2021-06-17,16.036643981933594,165.85000610351562,393.1000671386719,120.39832305908203
2021-06-18,16.201969146728516,164.92999267578125,387.7970275878906,122.6624526977539
2021-06-21,16.402101516723633,166.9499969482422,393.3487548828125,120.6087646484375
2021-06-22,16.428205490112305,166.25,395.4515686035156,120.90331268310547
2021-06-23,16.532621383666992,166.13999938964844,394.9749755859375,120.59191131591797
2021-06-24,16.593530654907227,166.0399932861328,397.3115234375,120.7855224609375
2021-06-25,16.523921966552734,166.58999633789062,398.7228088378906,119.53136444091797
2021-06-28,16.515216827392578,166.5800018310547,399.5265808105469,120.76017761230469
2021-06-29,16.593530654907227,164.8300018310547,399.7415771484375,120.96229553222656
2021-06-30,16.75015640258789,165.6300048828125,400.0780334472656,121.50090789794922
2021-07-01,16.811065673828125,166.1999969482422,402.2930908203125,121.50763702392578
2021-07-02,16.967689514160156,167.2899932861328,405.3680419921875,122.24092102050781
2021-07-06,16.506515502929688,168.1199951171875,404.629638671875,123.67371368408203
2021-07-07,16.306386947631836,168.75999450683594,406.0597229003906,124.76935577392578
2021-07-08,16.445608139038086,168.64999389648438,402.7510986328125,125.25816345214844
2021-07-09,16.63703727722168,169.2100067138672,407.05035400390625,123.4967041015625
2021-07-12,16.66314125061035,169.0,408.5084533691406,123.33657836914062
2021-07-13,16.802364349365234,169.22000122070312,407.11578369140625,122.39265441894531
2021-07-14,16.63703727722168,171.0399932861328,407.7233581542969,123.78326416015625
2021-07-15,16.550024032592773,171.07000732421875,406.33074951171875,125.14860534667969
2021-07-16,16.550024032592773,169.41000366210938,403.1436767578125,124.9126205444336
2021-07-19,15.888718605041504,169.61000061035156,397.1900329589844,127.65176391601562
2021-07-20,16.123659133911133,169.38999938964844,402.88189697265625,126.42127227783203
2021-07-21,16.445608139038086,168.75999450683594,406.143798828125,124.81990814208984
2021-07-22,16.576128005981445,169.08999633789062,406.9942932128906,125.99993133544922
2021-07-23,16.66314125061035,168.55999755859375,411.1814270019531,125.15699005126953
2021-07-26,16.784961700439453,168.16000366210938,412.1907958984375,124.78617858886719
2021-07-27,16.689245223999023,168.44000244140625,410.31231689453125,126.11784362792969
2021-07-28,16.767559051513672,169.2899932861328,410.14398193359375,126.12626647949219
2021-07-29,17.063405990600586,171.1699981689453,411.84503173828125,125.42670440673828
2021-07-30,16.967689514160156,169.82000732421875,409.8448791503906,126.0167236328125
2021-08-02,16.784961700439453,169.61000061035156,408.98504638671875,127.14068603515625
2021-08-03,16.70665168762207,169.49000549316406,412.31231689453125,127.208251953125
2021-08-04,16.436906814575195,169.52999877929688,410.2841796875,127.46978759765625
2021-08-05,16.680543899536133,168.86000061035156,412.88250732421875,126.8200454711914
2021-08-06,16.541322708129883,164.63999938964844,413.5647888183594,124.7020263671875
2021-08-09,16.306386947631836,161.72000122070312,413.2283020019531,124.25479888916016
2021-08-10,16.602231979370117,161.77000427246094,413.7423095703125,123.68097686767578
2021-08-11,16.75015640258789,164.0,414.7704772949219,123.60504150390625
2021-08-12,16.689245223999023,164.0399932861328,416.0134582519531,123.40250396728516
2021-08-13,16.593530654907227,166.38999938964844,416.77056884765625,125.35172271728516
2021-08-16,16.550024032592773,167.22000122070312,417.7519226074219,125.65555572509766
2021-08-17,16.36729621887207,166.97000122070312,415.0133972167969,125.60490417480469
2021-08-18,16.175865173339844,167.10000610351562,410.47113037109375,126.02687072753906
2021-08-19,15.949629783630371,166.61000061035156,411.1066589355469,126.95503234863281
2021-08-20,15.575469970703125,166.6999969482422,414.3779296875,127.03943634033203
2021-08-23,16.14105796813965,168.72999572753906,418.0229797363281,126.95503234863281
2021-08-24,16.480411529541016,168.64999389648438,418.6865539550781,125.9677734375
2021-08-25,16.62833595275879,167.47999572753906,419.565185546875,124.92142486572266
2021-08-26,16.497814178466797,167.6699981689453,417.0883483886719,125.26738739013672
2021-08-27,16.70665168762207,170.19000244140625,420.8175048828125,126.11964416503906
2021-08-30,16.767559051513672,169.35000610351562,422.6679992675781,126.44876098632812
2021-08-31,16.689245223999023,169.69000244140625,422.0418701171875,125.58807373046875
2021-09-01,16.61093521118164,169.6999969482422,422.26617431640625,125.79837036132812
2021-09-02,16.802364349365234,169.25,423.5653381347656,126.34759521484375
2021-09-03,16.819765090942383,171.05999755859375,423.4624938964844,125.19853973388672
2021-09-07,16.62833595275879,167.7100067138672,421.9484558105469,124.14241790771484
2021-09-08,16.75015640258789,167.2899932861328,421.43438720703125,124.9873046875
2021-09-09,16.62833595275879,168.02999877929688,419.6305236816406,126.49970245361328
2021-09-10,16.845870971679688,167.17999267578125,416.3218994140625,125.38446044921875
2021-09-13,16.976390838623047,167.74000549316406,417.3873596191406,126.14485168457031
2021-09-14,16.967689514160156,168.82000732421875,415.1349182128906,127.67406463623047
2021-09-15,17.24613380432129,167.8300018310547,418.6023864746094,127.22630310058594
2021-09-16,17.12431526184082,164.02999877929688,417.9388122558594,126.64332580566406
2021-09-17,16.98509407043457,163.77000427246094,413.8675842285156,126.03504180908203
2021-09-20,16.784961700439453,164.94000244140625,406.9667053222656,127.59805297851562
2021-09-21,16.802364349365234,166.0399932861328,406.5823669433594,127.48827362060547
2021-09-22,16.99379539489746,165.4199981689453,410.54852294921875,128.2486572265625
2021-09-23,17.25483512878418,163.50999450683594,415.53668212890625,125.35063171386719
2021-09-24,17.333148956298828,163.3000030517578,416.22113037109375,124.12545013427734
2021-09-27,17.568086624145508,163.63999938964844,415.0303039550781,123.66930389404297
2021-09-28,17.428863525390625,162.0500030517578,406.66668701171875,121.74283599853516
2021-09-29,17.446266174316406,161.32000732421875,407.3512268066406,121.95409393310547
2021-09-30,17.559383392333984,164.22000122070312,402.3724060058594,121.93721008300781
2021-10-01,17.794321060180664,164.58999633789062,407.15423583984375,122.96337127685547
2021-10-04,18.08146858215332,165.36000061035156,401.90362548828125,122.65029907226562
2021-10-05,18.307703018188477,164.58999633789062,406.0854187011719,121.4659652709961
2021-10-06,18.003154754638672,165.02999877929688,407.77313232421875,122.15121459960938
2021-10-07,18.229389190673828,164.16000366210938,411.29852294921875,120.87378692626953
2021-10-08,18.290300369262695,164.22999572753906,410.54852294921875,120.02781677246094
2021-10-11,18.412120819091797,163.9199981689453,407.5762634277344,119.7232437133789
2021-10-12,18.412120819091797,164.66000366210938,406.572998046875,121.77052307128906
2021-10-13,18.516536712646484,167.58999633789062,408.03564453125,122.95487976074219
2021-10-14,18.707965850830078,168.0,414.8990478515625,123.41172790527344
2021-10-15,18.864591598510742,165.3300018310547,418.058837890625,122.69267272949219
2021-10-18,18.751474380493164,164.9199981689453,419.29656982421875,123.26792907714844
2021-10-19,18.794981002807617,165.4499969482422,422.5313415527344,121.56752014160156
2021-10-20,19.003812789916992,166.89999389648438,424.1909484863281,120.74687194824219
2021-10-21,18.71666717529297,166.75,425.29736328125,120.6030502319336
2021-10-22,18.803680419921875,167.77000427246094,424.8565979003906,121.93124389648438
2021-10-25,18.899394989013672,168.92999267578125,427.13507080078125,121.74518585205078
2021-10-26,18.925500869750977,167.67999267578125,427.51947021484375,122.75186157226562
2021-10-27,18.57744598388672,168.1199951171875,425.6255187988281,124.98528289794922
2021-10-28,18.673160552978516,168.0800018310547,429.7323303222656,124.56229400634766
2021-10-29,18.57744598388672,166.64999389648438,430.6043395996094,124.94294738769531
2021-11-01,18.71666717529297,167.52000427246094,431.34503173828125,124.04340362548828
2021-11-02,18.768875122070312,167.16000366210938,433.0889892578125,124.593994140625
2021-11-03,18.290300369262695,165.77000427246094,435.7330627441406,123.30648803710938
2021-11-04,18.177181243896484,167.64999389648438,437.7865295410156,124.60245513916016
2021-11-05,18.429523468017578,169.83999633789062,439.30548095703125,126.46598815917969
2021-11-08,18.542640686035156,170.4499969482422,439.6805114746094,126.2287826538086
2021-11-09,18.69056510925293,171.2899932861328,438.22723388671875,127.87212371826172
2021-11-10,18.455625534057617,173.14999389648438,434.70166015625,125.5341567993164
2021-11-11,18.586149215698242,174.1199951171875,434.8423156738281,125.34785461425781
2021-11-12,18.560043334960938,174.4499969482422,438.1240234375,124.79727935791016
2021-11-15,18.568744659423828,174.17999267578125,438.2740173339844,123.2302017211914
2021-11-16,18.542640686035156,172.9199981689453,440.0086364746094,122.91679382324219
2021-11-17,18.3773136138916,174.5,438.9397277832031,123.89087677001953
2021-11-18,18.43822479248047,173.94000244140625,440.4306335449219,124.35678100585938
2021-11-19,18.142375946044922,172.61000061035156,439.6429138183594,125.66973876953125
2021-11-22,18.272897720336914,168.74000549316406,438.4053955078125,124.19584655761719
2021-11-23,18.60354995727539,167.27999877929688,438.986572265625,122.40003967285156
2021-11-24,18.533937454223633,167.1199951171875,440.15875244140625,124.36524963378906
2021-11-26,17.428863525390625,166.85000610351562,430.3417663574219,127.50782775878906
2021-11-29,17.428863525390625,166.6199951171875,435.62060546875,126.48287963867188
2021-11-30,16.950288772583008,165.5,427.1444396972656,128.40576171875
2021-12-01,16.802364349365234,166.16000366210938,422.3999938964844,129.19781494140625
2021-12-02,16.950288772583008,165.24000549316406,428.8695983886719,129.35894775390625
2021-12-03,16.967689514160156,166.6300048828125,425.1378479003906,130.90249633789062
2021-12-06,17.26353645324707,166.22000122070312,430.1730041503906,129.10464477539062
2021-12-07,17.524578094482422,166.80999755859375,439.071044921875,128.0614013671875
2021-12-08,17.7595157623291,166.89999389648438,440.233642578125,125.84786987304688
2021-12-09,17.489774703979492,165.8800048828125,437.2614440917969,126.55182647705078
2021-12-10,17.689903259277344,166.5800018310547,441.37750244140625,126.24653625488281
2021-12-13,17.602890014648438,167.0,437.4677429199219,128.11224365234375
2021-12-14,17.446266174316406,165.44000244140625,434.4578857421875,127.80696105957031
2021-12-15,17.533279418945312,166.14999389648438,441.246337890625,126.57721710205078
2021-12-16,17.637699127197266,168.16000366210938,437.35516357421875,126.6264419555664
2021-12-17,17.428863525390625,167.8000030517578,432.7004699707031,128.06143188476562
2021-12-20,17.307043075561523,167.08999633789062,428.0993957519531,127.10196685791016
2021-12-21,17.672502517700195,167.02000427246094,435.7019958496094,126.61802673339844
2021-12-22,17.88133430480957,168.58999633789062,440.05841064453125,127.20384979248047
2021-12-23,17.977052688598633,168.97000122070312,442.79656982421875,126.1000747680664
2021-12-27,18.20328712463379,169.3699951171875,449.0630798339844,126.40581512451172
2021-12-28,18.168479919433594,168.63999938964844,448.6960754394531,125.90485382080078
2021-12-29,18.255495071411133,168.58999633789062,449.27001953125,124.52934265136719
2021-12-30,18.168479919433594,169.8000030517578,448.02801513671875,125.5737075805664
2021-12-31,18.08146858215332,170.9600067138672,446.89892578125,125.81993865966797
2022-01-03,18.151079177856445,168.3300018310547,449.4864501953125,122.51715087890625
2022-01-04,18.36861228942871,169.57000732421875,449.33587646484375,122.00772094726562
2022-01-05,18.290300369262695,169.05999755859375,440.7076416015625,121.34542083740234
2022-01-06,18.44692611694336,166.99000549316406,440.2936706542969,121.65961456298828
2022-01-07,18.48172950744629,167.75,438.5529479980469,120.78506469726562
2022-01-10,18.403417587280273,168.25999450683594,438.0072326660156,121.08226013183594
2022-01-11,18.760173797607422,170.2899932861328,441.9967041015625,121.88885498046875
2022-01-12,18.908096313476562,170.74000549316406,443.1916809082031,121.42185974121094
2022-01-13,18.707965850830078,170.16000366210938,437.08514404296875,122.50011444091797
2022-01-14,18.95160484313965,169.6699981689453,437.263916015625,120.64917755126953
2022-01-18,19.099529266357422,169.38999938964844,429.5201416015625,118.95116424560547
2022-01-19,19.203943252563477,172.0800018310547,425.0602111816406,119.77470397949219
2022-01-20,19.134334564208984,171.64999389648438,420.3556213378906,120.51339721679688
2022-01-21,19.151737213134766,171.08999633789062,412.1037292480469,121.94827270507812
2022-01-24,19.10822868347168,172.02999877929688,413.8538513183594,120.94644165039062
2022-01-25,19.282258987426758,172.5800018310547,408.8011169433594,120.75112915039062
2022-01-26,19.325763702392578,169.7899932861328,407.77545166015625,119.29077911376953
2022-01-27,19.421478271484375,167.60000610351562,405.7619934082031,121.48130798339844
2022-01-28,19.43888282775879,167.10000610351562,415.8392333984375,121.52375793457031
2022-01-31,19.50849151611328,168.08999633789062,423.3289489746094,120.89546966552734
2022-02-01,19.58680534362793,168.22999572753906,426.1893005371094,120.49417877197266
2022-02-02,19.665117263793945,168.83999633789062,430.3293762207031,120.90227508544922
2022-02-03,19.70862579345703,168.60000610351562,420.21453857421875,119.9584732055664
2022-02-04,19.865249633789062,168.86000061035156,422.1904296875,118.18999481201172
2022-02-07,19.908756256103516,170.11000061035156,420.83551025390625,118.26659393310547
2022-02-08,19.734729766845703,170.6300048828125,424.29803466796875,117.47584533691406
2022-02-09,19.934860229492188,171.2100067138672,430.5081787109375,117.69690704345703
2022-02-10,19.8304443359375,170.55999755859375,422.77374267578125,115.8264389038086
2022-02-11,20.126291275024414,173.80999755859375,414.437255859375,117.54385375976562
2022-02-14,20.230709075927734,174.74000549316406,413.0823059082031,116.08143615722656
2022-02-15,19.900056838989258,173.0800018310547,419.7440490722656,114.76361846923828
2022-02-16,19.926158905029297,174.86000061035156,420.21453857421875,115.44379425048828
2022-02-17,20.09148597717285,177.25,411.23809814453125,116.3025131225586
2022-02-18,20.169797897338867,177.1199951171875,408.57525634765625,117.52684020996094
2022-02-22,20.456941604614258,177.49000549316406,404.1905822753906,117.83293151855469
2022-02-23,20.648374557495117,178.2899932861328,397.0208435058594,116.20899200439453
2022-02-24,20.735387802124023,177.13999938964844,402.9956359863281,116.28553009033203
2022-02-25,20.422136306762695,176.5500030517578,411.8873291015625,116.37055969238281
2022-02-28,20.77019500732422,178.3800048828125,410.8335266113281,118.92118835449219
2022-03-01,21.605527877807617,181.6199951171875,404.576416015625,120.296142578125
2022-03-02,22.31033706665039,179.72999572753906,412.01910400390625,116.18412780761719
2022-03-03,22.55397605895996,180.8000030517578,409.9678649902344,117.36748504638672
2022-03-04,23.502426147460938,183.67999267578125,406.6370544433594,119.39373779296875
2022-03-07,24.015810012817383,186.41000366210938,394.649658203125,118.48279571533203
2022-03-08,24.424772262573242,191.50999450683594,391.6575622558594,117.29088592529297
2022-03-09,22.484365463256836,185.82000732421875,402.15826416015625,116.14156341552734
2022-03-10,22.214624404907227,186.39999389648438,400.3422546386719,114.47293090820312
2022-03-11,22.59748077392578,185.08999633789062,395.251953125,114.85600280761719
2022-03-14,21.93617820739746,182.3000030517578,392.3632507324219,112.17426300048828
2022-03-15,21.396692276000977,178.88999938964844,400.9915466308594,111.97846221923828
2022-03-16,21.21396255493164,180.00999450683594,409.8831787109375,113.07669067382812
2022-03-17,22.232025146484375,180.88999938964844,415.0111999511719,112.23384094238281
2022-03-18,22.336441040039062,179.3000030517578,419.55670166015625,113.60450744628906
2022-03-21,23.171772003173828,180.6699981689453,419.43402099609375,110.9738540649414
2022-03-22,23.119564056396484,179.36000061035156,424.342041015625,109.5521240234375
2022-03-23,23.69385528564453,181.80999755859375,418.87713623046875,111.95289611816406
2022-03-24,23.45891761779785,183.1300048828125,425.1915283203125,111.07601928710938
2022-03-25,23.632946014404297,182.3800048828125,427.2679748535156,109.53506469726562
2022-03-28,22.606184005737305,179.05999755859375,430.3070373535156,110.4715576171875
2022-03-29,22.69319725036621,179.13999938964844,435.63031005859375,111.3058853149414
2022-03-30,23.102163314819336,180.5800018310547,432.9404296875,112.17426300048828
2022-03-31,22.67579460144043,180.64999389648438,426.2768859863281,112.44668579101562
2022-04-01,22.823719024658203,179.5,427.4849853515625,112.87472534179688
2022-04-04,23.258787155151367,180.3699951171875,431.1470031738281,112.0903091430664
2022-04-05,23.067358016967773,179.24000549316406,425.701171875,109.55789947509766
2022-04-06,22.884628295898438,179.66000366210938,421.4444274902344,108.6711196899414
2022-04-07,22.962942123413086,180.33999633789062,423.5680236816406,107.85255432128906
2022-04-08,23.25008773803711,181.47000122070312,422.4354248046875,106.6844253540039
2022-04-11,23.058656692504883,182.3699951171875,415.2150573730469,104.99617767333984
2022-04-12,23.74606704711914,183.77000427246094,413.6766052246094,104.85122680664062
2022-04-13,24.26814842224121,184.64999389648438,418.4146728515625,105.06441497802734
2022-04-14,24.450878143310547,184.0399932861328,413.2046813964844,102.9583511352539
2022-04-18,24.729320526123047,184.61000061035156,413.37457275390625,102.44672393798828
2022-04-19,24.094120025634766,181.82000732421875,420.0475769042969,101.67931365966797
2022-04-20,24.120223999023438,182.7100067138672,419.7359619140625,103.72571563720703
2022-04-21,24.085418701171875,182.05999755859375,413.4595031738281,102.9583511352539
2022-04-22,23.624244689941406,180.2899932861328,402.1145324707031,102.31031799316406
2022-04-25,23.45021629333496,177.0500030517578,404.44586181640625,103.33351135253906
2022-04-26,23.77216911315918,177.32000732421875,392.7326965332031,104.37374877929688
2022-04-27,23.9374942779541,175.97999572753906,393.8370361328125,103.0350570678711
2022-04-28,24.13762664794922,176.92999267578125,403.7851257324219,103.18856048583984
2022-04-29,23.954898834228516,176.91000366210938,388.8628845214844,101.84986877441406
2022-05-02,24.320356369018555,173.6300048828125,391.2037353515625,100.08442687988281
2022-05-03,23.981000900268555,174.08999633789062,392.9969787597656,100.75920867919922
2022-05-04,24.729320526123047,175.8000030517578,404.96490478515625,101.31434631347656
2022-05-05,24.59880256652832,175.1300048828125,390.5713195800781,98.53848266601562
2022-05-06,24.62490463256836,175.4199981689453,388.2400817871094,97.08649444580078
2022-05-09,23.511127471923828,172.8800048828125,375.8096923828125,97.94062805175781
2022-05-10,23.371906280517578,171.4199981689453,376.677978515625,98.82887268066406
2022-05-11,23.946195602416992,172.82000732421875,370.6939697265625,100.73352813720703
2022-05-12,24.059314727783203,170.1699981689453,370.3069763183594,100.54566192626953
2022-05-13,24.38996696472168,168.7899932861328,379.1602783203125,99.05952453613281
2022-05-16,24.790231704711914,170.39999389648438,377.6217956542969,98.95701599121094
2022-05-17,24.52048683166504,169.3300018310547,385.3896484375,97.7612533569336
2022-05-18,23.989704132080078,169.4199981689453,369.85394287109375,99.84529113769531
2022-05-19,24.294252395629883,171.91000366210938,367.5887756347656,100.08442687988281
2022-05-20,24.329057693481445,172.02999877929688,367.7492370605469,101.22039031982422
2022-05-23,24.51178741455078,172.8300018310547,374.6298522949219,99.55487823486328
2022-05-24,24.494382858276367,174.1300048828125,371.77001953125,101.51932525634766
2022-05-25,24.66840934753418,173.0800018310547,375.0545959472656,101.9207992553711
2022-05-26,24.938156127929688,172.75999450683594,382.54864501953125,101.45954895019531
2022-05-27,25.2340030670166,172.85000610351562,391.9399108886719,101.70723724365234
2022-05-31,25.059972763061523,171.13999938964844,389.74072265625,99.55487823486328
2022-06-01,25.181793212890625,172.22999572753906,386.58831787109375,99.44109344482422
2022-06-02,25.756084442138672,174.35000610351562,393.9503173828125,99.49241638183594
2022-06-03,25.999723434448242,172.5800018310547,387.4849853515625,99.27849578857422
2022-06-06,26.112838745117188,171.82000732421875,388.6648254394531,97.44746398925781
2022-06-07,26.286867141723633,172.94000244140625,392.3929138183594,98.4999008178711
2022-06-08,26.521804809570312,172.77999877929688,388.1267395019531,97.62715148925781
2022-06-09,26.5653133392334,172.22999572753906,378.89599609375,97.9522705078125
2022-06-10,26.304271697998047,174.5399932861328,367.90960693359375,97.34480285644531
2022-06-13,26.008424758911133,169.92999267578125,353.9408264160156,94.29021453857422
2022-06-14,25.72127914428711,168.57000732421875,352.87420654296875,93.10089111328125
2022-06-15,25.738679885864258,170.77000427246094,357.9049987792969,94.83779907226562
2022-06-16,25.85179901123047,172.69000244140625,346.05975341796875,95.59075927734375
2022-06-17,24.929454803466797,171.27000427246094,346.80572509765625,95.8988037109375
2022-06-21,24.86854362487793,170.6300048828125,355.53607177734375,94.2730712890625
2022-06-22,24.424772262573242,171.30999755859375,354.8915100097656,96.86564636230469
2022-06-23,23.8765869140625,170.25999450683594,358.370361328125,97.66136169433594
2022-06-24,24.10282325744629,170.08999633789062,369.76434326171875,96.30947875976562
2022-06-27,24.050613403320312,169.89999389648438,368.3519287109375,95.48808288574219
2022-06-28,24.337759017944336,169.6199951171875,360.8254089355469,95.93301391601562
2022-06-29,23.920093536376953,169.49000549316406,360.5316162109375,97.43036651611328
2022-06-30,23.18047332763672,168.4600067138672,357.6025390625,98.28601837158203
2022-07-01,23.293594360351562,168.32000732421875,361.38470458984375,99.29503631591797
2022-07-05,21.727344512939453,164.75,362.0672302246094,100.07521057128906
2022-07-06,21.405393600463867,162.13999938964844,363.2900695800781,98.39485931396484
2022-07-07,22.29293441772461,162.22999572753906,368.7311096191406,97.52898406982422
2022-07-08,22.68449592590332,162.3000030517578,368.4278259277344,96.44876098632812
2022-07-11,22.6409912109375,161.42999267578125,364.2190246582031,98.11195373535156
2022-07-12,21.614227294921875,160.8300018310547,360.99609375,98.6949234008789
2022-07-13,21.736045837402344,161.60000610351562,359.1002197265625,99.82656860351562
2022-07-14,21.53591537475586,159.3300018310547,358.22821044921875,99.01216125488281
2022-07-15,21.81435775756836,159.00999450683594,365.0721130371094,99.56939697265625
2022-07-18,22.223325729370117,159.16000366210938,362.057861328125,98.53201293945312
2022-07-19,22.31033706665039,159.5399932861328,371.84027099609375,98.00049591064453
2022-07-20,22.29293441772461,158.0399932861328,374.2100830078125,98.25770568847656
2022-07-21,21.91877555847168,160.27000427246094,378.020751953125,99.95518493652344
2022-07-22,21.657733917236328,160.6699981689453,374.513427734375,101.63553619384766
2022-07-25,22.04929542541504,160.22999572753906,374.9683837890625,100.64102935791016
2022-07-26,22.092802047729492,160.0399932861328,370.5321960449219,100.71821594238281
2022-07-27,22.59748077392578,161.6699981689453,380.1535339355469,100.15238952636719
2022-07-28,22.614887237548828,163.63999938964844,384.921630859375,100.94970703125
2022-07-29,22.719303131103516,164.10000610351562,390.5332946777344,100.67534637451172
2022-08-01,22.258127212524414,165.02999877929688,389.37677001953125,103.0999755859375
2022-08-02,22.14501190185547,164.0500030517578,386.8078918457031,100.91841125488281
2022-08-03,21.95357894897461,164.4499969482422,392.8652038574219,102.50733184814453
2022-08-04,21.718643188476562,167.1699981689453,392.5997314453125,102.47298431396484
2022-08-05,21.640331268310547,165.2899932861328,391.93621826171875,100.03374481201172
2022-08-08,21.9013729095459,166.69000244140625,391.48114013671875,101.64842987060547
2022-08-09,22.084102630615234,167.1999969482422,389.9266357421875,101.25334930419922
2022-08-10,22.388648986816406,166.77999877929688,398.11663818359375,100.5920181274414
2022-08-11,22.823719024658203,166.33999633789062,398.11663818359375,98.24727630615234
2022-08-12,22.701900482177734,167.8699951171875,404.8562927246094,99.24361419677734
2022-08-15,22.4234561920166,165.7100067138672,406.524658203125,99.15769958496094
2022-08-16,22.171113967895508,165.4199981689453,407.3209533691406,99.56996154785156
2022-08-17,22.258127212524414,164.35000610351562,404.4298095703125,98.53073120117188
2022-08-18,22.59748077392578,163.9199981689453,405.605224609375,98.67670440673828
2022-08-19,22.58877944946289,162.72000122070312,400.1546630859375,97.08781433105469
2022-08-22,22.788915634155273,161.63999938964844,391.8224792480469,96.76140594482422
2022-08-23,23.16307258605957,162.77000427246094,390.8744812011719,96.22892761230469
2022-08-24,23.40671157836914,163.25,392.12579345703125,95.5246353149414
2022-08-25,23.076059341430664,163.75,397.66168212890625,96.85589599609375
2022-08-26,23.171772003173828,161.75999450683594,384.20111083984375,97.5859375
2022-08-29,23.511127471923828,161.86000061035156,381.66070556640625,96.77861785888672
2022-08-30,22.858524322509766,160.50999450683594,377.47088623046875,97.01905059814453
2022-08-31,22.37994956970215,159.27000427246094,374.5987243652344,96.09149932861328
2022-09-01,21.9013729095459,157.8699951171875,375.774169921875,94.33222961425781
2022-09-02,22.04929542541504,159.25999450683594,371.8118591308594,94.8658676147461
2022-09-06,21.91877555847168,158.3300018310547,370.4089660644531,92.51617431640625
2022-09-07,21.396692276000977,159.94000244140625,377.0633239746094,93.9793472290039
2022-09-08,21.483705520629883,158.97999572753906,379.52789306640625,93.015380859375
2022-09-09,22.092802047729492,159.82000732421875,385.42401123046875,93.22193145751953
2022-09-12,22.397350311279297,160.6300048828125,389.5663757324219,92.45596313476562
2022-09-13,22.28423500061035,158.5399932861328,372.6270751953125,92.67108917236328
2022-09-14,22.37994956970215,157.92999267578125,374.04888916015625,92.98955535888672
2022-09-15,21.727344512939453,154.97999572753906,369.8022766113281,92.92930603027344
2022-09-16,21.649030685424805,155.83999633789062,366.9811096191406,92.15467071533203
2022-09-19,21.718643188476562,155.9600067138672,369.8269348144531,92.36984252929688
2022-09-20,21.692541122436523,155.07000732421875,365.5819091796875,91.44890594482422
2022-09-21,21.5620174407959,155.7899932861328,359.2047119140625,92.98094177246094
2022-09-22,21.622928619384766,155.6999969482422,356.1875,90.60543060302734
2022-09-23,20.892011642456055,153.00999450683594,350.2196350097656,90.97552490234375
2022-09-26,20.40473747253418,151.22999572753906,346.7550048828125,89.23690795898438
2022-09-27,20.622270584106445,151.5399932861328,345.869873046875,86.88720703125
2022-09-28,21.19655990600586,154.69000244140625,352.67535400390625,89.79635620117188
2022-09-29,21.0660400390625,154.66000366210938,345.308349609375,89.33158111572266
2022-09-30,20.80499839782715,154.6699981689453,339.9686279296875,88.17826080322266
2022-10-03,21.274873733520508,158.42999267578125,348.9441833496094,89.5793685913086
2022-10-04,21.849164962768555,160.6999969482422,359.7568359375,89.32917785644531
2022-10-05,22.240724563598633,159.80999755859375,358.9192199707031,88.47504425048828
2022-10-06,22.37994956970215,159.6300048828125,355.2167053222656,87.98329162597656
2022-10-07,22.614887237548828,157.8800048828125,345.308349609375,87.12915802001953
2022-10-10,22.362548828125,155.47999572753906,342.6717529296875,85.77462005615234
2022-10-11,22.04059600830078,155.16000366210938,340.5016174316406,86.15425109863281
2022-10-12,22.04059600830078,155.99000549316406,339.3785095214844,86.5770034790039
2022-10-13,22.345142364501953,154.91000366210938,348.33502197265625,85.74873352050781
2022-10-14,21.9013729095459,152.97999572753906,340.3969421386719,85.04130554199219
2022-10-17,21.849164962768555,153.4199981689453,349.1441345214844,84.62716674804688
2022-10-18,21.614227294921875,153.75,353.2464599609375,84.82561492919922
2022-10-19,21.605527877807617,151.69000244140625,350.7431335449219,83.28129577636719
2022-10-20,21.622928619384766,151.4499969482422,347.8020935058594,81.85773468017578
2022-10-21,21.649030685424805,154.14999389648438,356.2541198730469,80.3824234008789
2022-10-24,21.709941864013672,153.64999389648438,360.61346435546875,79.71810150146484
2022-10-25,21.83176040649414,154.0,366.3719482421875,82.03889465332031
2022-10-26,22.240724563598633,154.97999572753906,363.61163330078125,83.22089385986328
2022-10-27,22.27553367614746,154.74000549316406,361.66998291015625,84.09224700927734
2022-10-28,22.014490127563477,153.16000366210938,370.27435302734375,83.51422882080078
2022-10-31,21.857866287231445,151.91000366210938,367.5997619628906,82.9189224243164
2022-11-01,22.188518524169922,153.4600067138672,365.9912414550781,83.6938247680664
2022-11-02,22.388648986816406,152.38999938964844,356.80621337890625,83.33059692382812
2022-11-03,22.371248245239258,151.80999755859375,353.1322326660156,82.8808822631836
2022-11-04,23.12826919555664,156.47000122070312,358.2148742675781,81.48843383789062
2022-11-07,22.92813491821289,155.85000610351562,361.6414794921875,80.67547607421875
2022-11-08,22.64969253540039,159.4499969482422,363.5926513671875,81.55763244628906
2022-11-09,22.127609252929688,158.64999389648438,356.10186767578125,81.82572937011719
2022-11-10,22.327741622924805,163.47999572753906,375.6711730957031,84.97389221191406
2022-11-11,22.754106521606445,164.55999755859375,379.3070373535156,84.66252136230469
2022-11-14,22.414752960205078,164.9199981689453,376.0804138183594,84.45492553710938
2022-11-15,22.67579460144043,165.5,379.28802490234375,85.82146453857422
2022-11-16,22.4234561920166,165.1199951171875,376.3945617675781,87.69821166992188
2022-11-17,22.04929542541504,163.9199981689453,375.2427978515625,86.77281951904297
2022-11-18,21.892671585083008,162.7899932861328,376.9465637207031,86.17603302001953
2022-11-21,21.81435775756836,161.8800048828125,375.57598876953125,86.53929138183594
2022-11-22,22.04059600830078,162.07000732421875,380.6300964355469,87.7674331665039
2022-11-23,21.736045837402344,163.0800018310547,383.0286865234375,89.29826354980469
2022-11-25,21.54461669921875,163.22000122070312,382.9430236816406,88.99553680419922
2022-11-28,21.41409683227539,161.92999267578125,376.8323669433594,89.24635314941406
2022-11-29,21.692541122436523,162.72999572753906,376.18511962890625,88.19987487792969
2022-11-30,22.17981719970703,164.80999755859375,388.03509521484375,88.84851837158203
2022-12-01,22.066699981689453,167.83999633789062,387.7497253417969,91.68688201904297
2022-12-02,21.83176040649414,167.25999450683594,387.30224609375,92.8398666381836
2022-12-05,21.26617431640625,164.38999938964844,380.33502197265625,91.53945922851562
2022-12-06,20.92681884765625,164.83999633789062,374.8525695800781,92.71849060058594
2022-12-07,20.822402954101562,166.3300018310547,374.2149353027344,94.90314483642578
2022-12-08,20.787593841552734,166.47000122070312,377.1464538574219,94.64306640625
2022-12-09,20.813701629638672,167.05999755859375,374.3291320800781,92.18101501464844
2022-12-12,21.039934158325195,165.67999267578125,379.7259216308594,92.47576141357422
2022-12-13,21.387990951538086,168.50999450683594,382.600341796875,93.36869812011719
2022-12-14,21.55331802368164,168.10000610351562,380.15423583984375,93.76747131347656
2022-12-15,21.29227638244629,165.35000610351562,370.8550109863281,94.13336944580078
2022-12-16,21.022533416748047,166.7899932861328,366.4765930175781,93.08182525634766
2022-12-19,20.98314094543457,166.32000732421875,363.3690185546875,91.517578125
2022-12-20,21.079435348510742,169.0800018310547,363.8661804199219,89.89248657226562
2022-12-21,21.35080337524414,168.8000030517578,369.3069152832031,90.11842346191406
2022-12-22,21.079435348510742,166.75999450683594,364.038330078125,90.1010513305664
2022-12-23,21.4646053314209,167.25999450683594,366.1324157714844,88.78011322021484
2022-12-27,21.657190322875977,168.6699981689453,364.68853759765625,87.0246810913086
2022-12-28,21.412080764770508,167.91000366210938,360.1562194824219,86.51195526123047
2022-12-29,21.385820388793945,168.85000610351562,366.63916015625,87.49396514892578
2022-12-30,21.578407287597656,169.63999938964844,365.6734313964844,86.5206527709961
2023-01-03,21.061925888061523,171.05999755859375,364.1339111328125,88.17180633544922
2023-01-04,20.685508728027344,172.6699981689453,366.9451904296875,89.37974548339844
2023-01-05,20.580459594726562,170.52000427246094,362.7569885253906,89.75344848632812
2023-01-06,20.694259643554688,173.7100067138672,371.0758056640625,91.40457916259766
2023-01-09,20.93937110900879,174.10000610351562,370.8655090332031,91.89127349853516
2023-01-10,20.93937110900879,174.74000549316406,373.4663391113281,90.37045288085938
2023-01-11,21.31578826904297,174.6199951171875,378.1898193359375,91.839111328125
2023-01-12,21.490867614746094,176.63999938964844,379.5667419433594,93.64669799804688
2023-01-13,21.700963973999023,178.75999450683594,381.03924560546875,92.76895141601562
2023-01-17,21.84977912902832,177.58999633789062,380.3412780761719,92.1693344116211
2023-01-18,21.613422393798828,177.0800018310547,374.3364562988281,94.40275573730469
2023-01-19,21.832271575927734,179.88999938964844,371.6113586425781,93.81181335449219
2023-01-20,21.963579177856445,179.2899932861328,378.53411865234375,92.291015625
2023-01-23,22.016103744506836,179.6300048828125,383.0759582519531,91.85648345947266
2023-01-24,21.8935489654541,180.27999877929688,382.6647644042969,93.17742919921875
2023-01-25,21.832271575927734,181.11000061035156,382.80828857421875,93.40335083007812
2023-01-26,21.92856216430664,179.47000122070312,387.0154113769531,92.96885681152344
2023-01-27,21.683454513549805,179.22000122070312,387.9046325683594,92.73420715332031
2023-01-30,21.403329849243164,178.75999450683594,383.0377502441406,92.39527893066406
2023-01-31,21.770994186401367,179.41000366210938,388.669677734375,93.13392639160156
2023-02-01,21.359560012817383,181.6699981689453,392.80035400390625,94.25357055664062
2023-02-02,21.201988220214844,177.89999389648438,398.51837158203125,94.3755111694336
2023-02-03,20.668001174926758,173.4600067138672,394.2824401855469,92.96407318115234
2023-02-06,20.729276657104492,173.82000732421875,391.87286376953125,92.2757568359375
2023-02-07,21.12320327758789,173.97999572753906,396.9980163574219,91.53520202636719
2023-02-08,21.16697120666504,174.41000366210938,392.6569519042969,91.9708251953125
2023-02-09,21.000646591186523,173.02999877929688,389.2529296875,91.09957885742188
2023-02-10,21.298282623291016,173.36000061035156,390.1612548828125,90.0801773071289
2023-02-13,21.254512786865234,172.47999572753906,394.7413330078125,90.83816528320312
2023-02-14,21.324542999267578,172.61000061035156,394.55975341796875,90.62906646728516
2023-02-15,21.096942901611328,170.88999938964844,395.8410339355469,89.78395080566406
2023-02-16,21.035663604736328,170.75,390.3907775878906,88.51188659667969
2023-02-17,20.878093719482422,171.25999450683594,389.4154968261719,89.2001953125
2023-02-21,20.904354095458984,170.6199951171875,381.60345458984375,87.46637725830078
2023-02-22,20.632984161376953,169.66000366210938,381.07763671875,88.26795196533203
2023-02-23,20.79055404663086,169.57000732421875,383.1046447753906,89.13050842285156
2023-02-24,20.720523834228516,168.35000610351562,379.0121765136719,87.97171020507812
2023-02-27,20.73802947998047,169.00999450683594,380.302978515625,88.2156753540039
2023-02-28,20.79930877685547,169.77999877929688,378.8974609375,88.6164321899414
2023-03-01,21.158218383789062,170.75999450683594,377.4440002441406,87.6644515991211
2023-03-02,21.079435348510742,170.66000366210938,380.37945556640625,86.88710021972656
2023-03-03,21.412080764770508,172.49000549316406,386.4799499511719,88.99201202392578
2023-03-06,21.307035446166992,171.6199951171875,386.74774169921875,88.30201721191406
2023-03-07,20.869338989257812,168.6199951171875,380.81927490234375,88.84356689453125
2023-03-08,20.755537033081055,168.5399932861328,381.4408874511719,88.9308853149414
2023-03-09,20.501676559448242,170.1999969482422,374.4034423828125,89.14922332763672
2023-03-10,20.720523834228516,173.8699951171875,369.0009460449219,92.2236328125
2023-03-13,20.589214324951172,177.86000061035156,368.4749755859375,92.43325805664062
2023-03-14,20.326597213745117,176.8300018310547,374.5659484863281,90.91354370117188
2023-03-15,19.853885650634766,178.2100067138672,372.2232971191406,92.66908264160156
2023-03-16,19.915164947509766,178.57000732421875,378.7539978027344,91.94416046142578
2023-03-17,19.853885650634766,183.77000427246094,374.3253173828125,93.32413482666016
2023-03-20,19.93267059326172,183.83999633789062,377.9246826171875,92.50313568115234
2023-03-21,20.002702713012695,180.3699951171875,382.8870849609375,91.70832824707031
2023-03-22,20.055225372314453,183.44000244140625,376.36016845703125,92.93109893798828
2023-03-23,20.002702713012695,185.74000549316406,377.37762451171875,92.93109893798828
2023-03-24,20.0989933013916,183.64999389648438,379.8539733886719,93.32413482666016
2023-03-27,20.475412368774414,181.9499969482422,380.564208984375,91.13188171386719
2023-03-28,20.571706771850586,183.44000244140625,379.71002197265625,91.29783630371094
2023-03-29,20.440399169921875,182.52999877929688,385.2290954589844,91.11441040039062
2023-03-30,20.589214324951172,184.17999267578125,387.4846496582031,91.53366088867188
2023-03-31,20.781801223754883,183.22000122070312,392.94610595703125,92.9049072265625
2023-04-03,21.12320327758789,184.5399932861328,394.4434509277344,93.34184265136719
2023-04-04,21.096942901611328,187.97999572753906,392.2550964355469,93.80592346191406
2023-04-05,21.17572784423828,187.8300018310547,391.2279968261719,94.7866439819336
2023-04-06,21.114450454711914,186.49000549316406,392.754150390625,95.03182220458984
2023-04-10,21.114450454711914,185.11000061035156,393.1572265625,93.49945831298828
2023-04-11,21.22825050354004,186.27999877929688,393.2628173828125,93.69209289550781
2023-04-12,21.394575119018555,187.19000244140625,391.6599426269531,93.59579467773438
2023-04-13,21.394575119018555,189.72000122070312,396.8622741699219,92.86026000976562
2023-04-14,21.42083740234375,186.36000061035156,395.8927917480469,92.01089477539062
2023-04-17,21.333297729492188,185.52999877929688,397.3133544921875,90.91637420654297
2023-04-18,21.37706756591797,186.25,397.57244873046875,91.24034881591797
2023-04-19,21.079435348510742,185.36000061035156,397.5053405761719,91.15275573730469
2023-04-20,20.89560317993164,186.08999633789062,395.33612060546875,91.93208312988281
2023-04-21,20.851831436157227,184.25,395.6432800292969,91.41548156738281
2023-04-24,21.018156051635742,184.80999755859375,396.0559387207031,92.29986572265625
2023-04-25,20.720523834228516,185.75,389.7690124511719,93.65707397460938
2023-04-26,20.40538215637207,184.74000549316406,388.1181640625,92.65888214111328
2023-04-27,20.431642532348633,184.75,395.8448486328125,91.73944854736328
2023-04-28,20.624229431152344,184.8000030517578,399.22344970703125,93.21926879882812
2023-05-01,20.44915199279785,183.97000122070312,398.8203430175781,90.53132629394531
2023-05-02,19.985193252563477,187.52000427246094,394.3378601074219,92.78738403320312
2023-05-03,19.731332778930664,189.11000061035156,391.631103515625,93.30526733398438
2023-05-04,19.81011390686035,190.44000244140625,388.8572082519531,92.3835678100586
2023-05-05,20.25656509399414,187.4600067138672,396.0559387207031,92.07633209228516
2023-05-08,20.352859497070312,187.69000244140625,396.16162109375,90.78590393066406
2023-05-09,20.414134979248047,189.02000427246094,394.4242248535156,90.46109771728516
2023-05-10,20.352859497070312,188.75,396.2671203613281,91.33893585205078
2023-05-11,20.002702713012695,187.1300048828125,395.5760803222656,92.30455780029297
2023-05-12,19.845130920410156,186.80999755859375,395.05767822265625,91.53205108642578
2023-05-15,20.072734832763672,187.2100067138672,396.42071533203125,90.58401489257812
2023-05-16,19.853885650634766,184.8699951171875,393.7716064453125,90.3118896484375
2023-05-17,20.090240478515625,184.22999572753906,398.5516052246094,90.04851531982422
2023-05-18,19.906408309936523,181.83999633789062,402.3908996582031,89.38136291503906
2023-05-19,19.88014793395996,183.63999938964844,401.80535888671875,88.74931335449219
2023-05-22,19.897655487060547,183.2100067138672,401.9685974121094,88.43329620361328
2023-05-23,19.9764404296875,183.42999267578125,397.45733642578125,88.68787384033203
2023-05-24,19.985193252563477,181.9499969482422,394.5777893066406,88.24893188476562
2023-05-25,19.670053482055664,180.1999969482422,397.9947814941406,88.02950286865234
2023-05-26,19.985193252563477,180.9199981689453,403.1491394042969,88.74054718017578
2023-05-30,19.521236419677734,182.0399932861328,403.3027038574219,89.62715911865234
2023-05-31,19.30238914489746,182.32000732421875,401.0663146972656,90.40843200683594
2023-06-01,19.617530822753906,183.75999450683594,404.8768005371094,90.76314544677734
2023-06-02,19.87139320373535,181.0500030517578,410.7318420410156,89.7685546875
2023-06-05,19.81886863708496,182.13999938964844,409.9447937011719,89.60131072998047
2023-06-06,19.845130920410156,182.33999633789062,410.8373718261719,90.12940979003906
2023-06-07,19.923917770385742,180.14999389648438,409.4168701171875,88.79154968261719
2023-06-08,19.95893096923828,182.52999877929688,411.8932189941406,89.83014678955078
2023-06-09,19.836376190185547,182.0399932861328,412.63226318359375,89.70696258544922
2023-06-12,19.565006256103516,181.8800048828125,416.37567138671875,89.97099304199219
2023-06-13,19.82762336730957,180.5399932861328,419.1207275390625,89.08203125
2023-06-14,19.87139320373535,180.63999938964844,419.6199035644531,89.7949447631836
2023-06-15,20.291582107543945,181.91000366210938,424.8222351074219,90.65754699707031
2023-06-16,20.545442581176758,181.6300048828125,423.3751525878906,90.30543518066406
2023-06-20,20.36161231994629,179.75,421.1786193847656,90.93038177490234
2023-06-21,20.65924644470215,179.49000549316406,419.02056884765625,91.1504135131836
2023-06-22,20.274072647094727,177.7100067138672,420.5331115722656,90.05020904541016
2023-06-23,20.055225372314453,178.1999969482422,417.3538818359375,90.94798278808594
2023-06-26,20.081485748291016,178.50999450683594,415.6487121582031,91.04481506347656
2023-06-27,19.757593154907227,177.69000244140625,420.2055969238281,90.8071517944336
2023-06-28,19.69631576538086,177.27999877929688,420.4175109863281,91.19441223144531
2023-06-29,19.705068588256836,177.08999633789062,422.07452392578125,89.54852294921875
2023-06-30,19.87139320373535,178.27000427246094,427.0553283691406,90.60469818115234
2023-07-03,19.87139320373535,178.47000122070312,427.54669189453125,90.09107208251953
2023-07-05,19.993947982788086,177.83999633789062,426.9107971191406,89.23499298095703
2023-07-06,19.950178146362305,177.30999755859375,423.5678405761719,87.97295379638672
2023-07-07,20.116500854492188,178.63999938964844,422.49847412109375,87.44340515136719
2023-07-10,20.160274505615234,178.77999877929688,423.5678405761719,87.55813598632812
2023-07-11,20.396625518798828,179.4499969482422,426.26531982421875,88.00824737548828
2023-07-12,20.545442581176758,181.8800048828125,429.6950378417969,88.98787689208984
2023-07-13,20.834325790405273,182.00999450683594,433.10546875,89.92338562011719
2023-07-14,20.694259643554688,181.42999267578125,432.835693359375,89.39385223388672
2023-07-17,20.527938842773438,181.55999755859375,434.338623046875,89.43795776367188
2023-07-18,20.79930877685547,183.63999938964844,437.56597900390625,89.84393310546875
2023-07-19,20.913108825683594,183.6699981689453,438.5390930175781,90.85889434814453
2023-07-20,20.97438621520996,182.74000549316406,435.6295471191406,89.75567626953125
2023-07-21,21.08818817138672,182.17999267578125,435.6295471191406,89.78217315673828
2023-07-24,21.4646053314209,181.39999389648438,437.5756530761719,89.45563507080078
2023-07-25,21.543392181396484,182.41000366210938,438.7702331542969,89.2879409790039
2023-07-26,21.438344955444336,183.3000030517578,438.8377380371094,89.3761978149414
2023-07-27,21.385820388793945,180.4199981689453,435.9282531738281,87.6375732421875
2023-07-28,21.51712989807129,181.86000061035156,440.19610595703125,88.08766174316406
2023-07-31,21.60466957092285,182.35000610351562,441.03424072265625,88.29946899414062
2023-08-01,21.490867614746094,180.4600067138672,439.772216796875,86.8525390625
2023-08-02,21.16697120666504,179.60000610351562,433.6546325683594,85.92329406738281
2023-08-03,21.36831283569336,179.5399932861328,432.4118347167969,83.94090270996094
2023-08-04,21.403329849243164,180.19000244140625,430.4561767578125,85.4277114868164
2023-08-07,21.412080764770508,179.77999877929688,434.21337890625,84.58695220947266
2023-08-08,21.385820388793945,178.63999938964844,432.32513427734375,85.56929016113281
2023-08-09,21.534637451171875,177.7899932861328,429.4349060058594,86.01177215576172
2023-08-10,21.42083740234375,177.60000610351562,429.5890197753906,84.59581756591797
2023-08-11,21.385820388793945,177.60000610351562,429.33856201171875,84.401123046875
2023-08-14,21.280773162841797,177.05999755859375,431.7085266113281,84.21525573730469
2023-08-15,21.02691078186035,176.58999633789062,426.6795654296875,83.70198059082031
2023-08-16,20.93937110900879,175.57000732421875,423.548583984375,83.04708099365234
2023-08-17,20.99189567565918,175.3000030517578,420.3211669921875,82.69310760498047
2023-08-18,21.14071273803711,175.3300018310547,420.52349853515625,82.98514556884766
2023-08-21,21.08818817138672,175.80999755859375,423.2595520019531,81.87891387939453
2023-08-22,21.096942901611328,176.10000610351562,422.11309814453125,82.50723266601562
2023-08-23,21.14071273803711,177.88999938964844,426.8144226074219,84.5515365600586
2023-08-24,21.158218383789062,177.85000610351562,420.899169921875,83.9940185546875
2023-08-25,21.36831283569336,177.6199951171875,423.8664855957031,84.26835632324219
2023-08-28,21.333297729492188,178.1300048828125,426.55438232421875,84.35688781738281
2023-08-29,21.412080764770508,179.8699951171875,432.72015380859375,85.23301696777344
2023-08-30,21.438344955444336,180.32000732421875,434.50238037109375,85.1445083618164
2023-08-31,21.525882720947266,180.02000427246094,433.8665771484375,85.5250473022461
2023-09-01,21.77974510192871,180.11000061035156,434.67584228515625,84.19268035888672
2023-09-05,21.884796142578125,178.63999938964844,432.79718017578125,83.01213836669922
2023-09-06,21.937314987182617,177.8300018310547,429.8876647949219,83.2162857055664
2023-09-07,21.8935489654541,178.02000427246094,428.5678405761719,83.44706726074219
2023-09-08,21.937314987182617,178.0800018310547,429.21337890625,83.76661682128906
2023-09-11,22.06862449645996,178.41000366210938,432.03607177734375,83.16305541992188
2023-09-12,22.147411346435547,177.49000549316406,429.6661682128906,83.64236450195312
2023-09-13,22.217443466186523,177.0800018310547,430.1671142578125,83.62461853027344
2023-09-14,22.401275634765625,177.1699981689453,433.8761901855469,83.0210189819336
2023-09-15,22.348752975463867,178.33999633789062,428.648681640625,82.51506042480469
2023-09-18,22.34000015258789,179.38999938964844,428.9001159667969,82.98550415039062
2023-09-19,22.357507705688477,179.22000122070312,428.0106201171875,82.37301635742188
2023-09-20,22.173673629760742,179.35000610351562,424.0757751464844,82.63042449951172
2023-09-21,22.103641510009766,178.0500030517578,417.0664978027344,80.50897979736328
2023-09-22,22.12114906311035,178.6199951171875,416.1287536621094,81.1569595336914
2023-09-25,22.016103744506836,177.6999969482422,417.8786315917969,79.1597900390625
2023-09-26,21.98984146118164,176.27999877929688,411.73944091796875,78.88461303710938
2023-09-27,22.112396240234375,174.10000610351562,411.9037780761719,78.476318359375
2023-09-28,22.086132049560547,173.22999572753906,414.291748046875,78.7159652709961
2023-09-29,21.84977912902832,171.4499969482422,413.28631591796875,78.7248306274414
2023-10-02,21.683454513549805,169.64999389648438,413.12200927734375,77.40697479248047
2023-10-03,21.587162017822266,169.16000366210938,407.5918273925781,75.74180603027344
2023-10-04,20.98314094543457,169.13999938964844,410.5599365234375,76.81036376953125
2023-10-05,20.860584259033203,168.8300018310547,410.4052734375,76.4274673461914
2023-10-06,20.93937110900879,169.6999969482422,415.2779541015625,75.50138854980469
2023-10-09,21.37706756591797,172.82000732421875,417.9366149902344,77.27339172363281
2023-10-10,21.324542999267578,172.52999877929688,420.1119079589844,77.16654205322266
2023-10-11,21.201988220214844,173.7899932861328,421.8327941894531,78.77825164794922
2023-10-12,21.193233489990234,173.25999450683594,419.26116943359375,76.64118957519531
2023-10-13,21.75348663330078,178.8300018310547,417.1728515625,78.0124740600586
2023-10-16,21.683454513549805,177.9600067138672,421.56207275390625,76.75695037841797
2023-10-17,21.744731903076172,178.2899932861328,421.542724609375,75.9110107421875
2023-10-18,21.937314987182617,180.8699951171875,415.9256896972656,75.24317169189453
2023-10-19,22.164918899536133,183.08999633789062,412.27117919921875,73.70268249511719
2023-10-20,21.998594284057617,183.58999633789062,407.2051696777344,74.12118530273438
2023-10-23,21.858531951904297,182.97000122070312,406.4993896484375,75.01165771484375
2023-10-24,21.622177124023438,182.9499969482422,409.5641784667969,76.00006103515625
2023-10-25,21.77974510192871,183.72000122070312,403.68597412109375,74.3082046508789
2023-10-26,21.595914840698242,184.00999450683594,398.8520202636719,75.44798278808594
2023-10-27,21.884796142578125,186.14999389648438,397.04412841796875,75.12740325927734
2023-10-30,21.534637451171875,185.10000610351562,401.7911071777344,74.78904724121094
2023-10-31,21.455852508544922,184.08999633789062,404.3144226074219,74.42396545410156
2023-11-01,21.490867614746094,183.50999450683594,408.6263122558594,76.0376205444336
2023-11-02,21.718469619750977,184.1199951171875,416.45745849609375,77.77102661132812
2023-11-03,21.60466957092285,184.7899932861328,420.2569274902344,78.2981948852539
2023-11-06,21.69220733642578,183.35000610351562,421.22369384765625,77.53871154785156
2023-11-07,21.22825050354004,182.58999633789062,422.42242431640625,78.68241119384766
2023-11-08,20.99189567565918,180.77000427246094,422.7319030761719,80.022705078125
2023-11-09,20.93937110900879,181.49000549316406,419.4351501464844,78.18203735351562
2023-11-10,21.044418334960938,179.50999450683594,425.9803161621094,78.61985778808594
2023-11-13,21.35080337524414,180.50999450683594,425.5743408203125,78.441162109375
2023-11-14,21.31578826904297,182.1199951171875,433.8307800292969,80.21923828125
2023-11-15,21.17572784423828,181.63999938964844,434.7491760253906,79.09343719482422
2023-11-16,20.668001174926758,183.69000244140625,435.28094482421875,80.0762939453125
2023-11-17,20.965635299682617,183.6699981689453,435.8223571777344,80.45155334472656
2023-11-20,21.22825050354004,183.3699951171875,439.1771240234375,80.94298553466797
2023-11-21,21.35080337524414,185.35000610351562,438.2200012207031,80.90727233886719
2023-11-22,21.16697120666504,184.55999755859375,439.9118957519531,81.19316101074219
2023-11-24,21.02691078186035,185.52000427246094,440.1826171875,80.23714447021484
2023-11-27,20.8868465423584,186.77000427246094,439.3898620605469,81.57738494873047
2023-11-28,21.14071273803711,189.25999450683594,439.8248596191406,81.73822021484375
2023-11-29,21.289527893066406,189.5399932861328,439.5155029296875,82.76576232910156
2023-11-30,20.930618286132812,188.75,441.24609375,81.80970001220703
2023-12-01,20.834325790405273,192.00999450683594,443.8564758300781,83.35047912597656
2023-12-04,20.694259643554688,187.86000061035156,441.5264587402344,83.01886749267578
2023-12-05,20.51042938232422,187.14999389648438,441.4394226074219,84.8025894165039
2023-12-06,20.011457443237305,187.83999633789062,439.6605224609375,85.93194580078125
2023-12-07,20.046472549438477,188.14999389648438,443.015380859375,85.43900299072266
2023-12-08,20.134010314941406,185.63999938964844,444.9198913574219,84.73983764648438
2023-12-11,20.063980102539062,183.58999633789062,446.6504211425781,84.56056213378906
2023-12-12,19.757593154907227,183.49000549316406,448.6903991699219,84.81156158447266
2023-12-13,19.985193252563477,187.6300048828125,454.8778991699219,86.80140686035156
2023-12-14,20.317842483520508,188.72999572753906,456.3377685546875,89.05936431884766
2023-12-15,20.352859497070312,187.0,455.5863952636719,89.15827941894531
2023-12-18,20.498884201049805,187.85000610351562,458.1491394042969,88.44788360595703
2023-12-19,20.655014038085938,189.1300048828125,460.9350280761719,88.92449188232422
2023-12-20,20.416229248046875,188.10000610351562,454.54779052734375,89.52694702148438
2023-12-21,20.452964782714844,189.42999267578125,458.8577575683594,88.96044158935547
2023-12-22,20.416229248046875,190.27000427246094,459.7799377441406,88.55580139160156
2023-12-26,20.61827850341797,191.72000122070312,461.7213439941406,88.80757904052734
2023-12-27,20.526437759399414,192.58999633789062,462.5561828613281,90.3812255859375
2023-12-28,20.351940155029297,191.47000122070312,462.7309265136719,89.72479248046875
2023-12-29,20.241731643676758,191.1699981689453,461.39129638671875,88.91548156738281
2024-01-02,20.076417922973633,190.72000122070312,458.8092041015625,88.40293884277344
2024-01-03,20.33357048034668,189.1300048828125,455.0622863769531,88.7716293334961
2024-01-04,20.223363876342773,189.32000732421875,453.596435546875,87.42278289794922
2024-01-05,20.324386596679688,189.35000610351562,454.2177734375,86.58650970458984
2024-01-08,20.03049659729004,187.8699951171875,460.7021179199219,87.44076538085938
2024-01-09,20.177440643310547,187.92999267578125,460.00323486328125,86.88323974609375
2024-01-10,20.03968048095703,187.5,462.6047058105469,86.47860717773438
2024-01-11,20.186626434326172,187.8699951171875,462.4008483886719,86.96418762207031
2024-01-12,20.260099411010742,189.7100067138672,462.72119140625,86.79331970214844
2024-01-16,20.085603713989258,187.91000366210938,461.0224609375,85.26463317871094
2024-01-17,20.05805015563965,185.83999633789062,458.45977783203125,85.12975311279297
2024-01-18,20.186626434326172,187.3699951171875,462.5367431640625,84.33843994140625
2024-01-19,20.149890899658203,187.92999267578125,468.30279541015625,84.60818481445312
2024-01-22,20.232547760009766,187.22000122070312,469.29296875,85.11177062988281
2024-01-23,20.342756271362305,187.9499969482422,470.66168212890625,84.43734741210938
2024-01-24,20.517253875732422,186.39999389648438,471.1761779785156,83.94279479980469
2024-01-25,20.673383712768555,187.13999938964844,473.7388610839844,84.49130249023438
2024-01-26,20.76522445678711,187.00999450683594,473.1369934082031,84.3294677734375
2024-01-29,20.59072494506836,188.3300018310547,476.88397216796875,85.30061340332031
2024-01-30,20.72848892211914,188.58999633789062,476.51507568359375,86.07392120361328
2024-01-31,20.50806999206543,188.4499969482422,468.7396240234375,86.91924285888672
2024-02-01,20.260099411010742,190.41000366210938,474.8746032714844,88.62421417236328
2024-02-02,20.03049659729004,188.61000061035156,479.873779296875,86.66661834716797
2024-02-05,20.11315155029297,187.57000732421875,478.1264953613281,84.9164810180664
2024-02-06,20.186626434326172,188.5500030517578,479.5146179199219,85.74645233154297
2024-02-07,20.278467178344727,188.5,483.51397705078125,85.33148956298828
2024-02-08,20.3886775970459,188.3300018310547,483.7275695800781,84.8353042602539
2024-02-09,20.44378089904785,187.60000610351562,486.5232238769531,84.6639175415039
2024-02-12,20.452964782714844,187.11000061035156,486.3096008300781,84.76315307617188
2024-02-13,20.33357048034668,184.52999877929688,479.6116638183594,83.31073760986328
2024-02-14,20.140705108642578,184.4199981689453,483.9701843261719,83.73472595214844
2024-02-15,20.186626434326172,185.66000366210938,487.3094482421875,84.16775512695312
2024-02-16,20.232547760009766,186.33999633789062,484.8826904296875,83.68059539794922
2024-02-20,20.122337341308594,187.47000122070312,482.2132263183594,83.75276184082031
2024-02-21,20.204994201660156,187.47999572753906,482.6499938964844,83.1573715209961
2024-02-22,20.260099411010742,187.55999755859375,492.6387023925781,83.5633316040039
2024-02-23,19.96620750427246,188.6199951171875,492.97845458984375,84.68194580078125
2024-02-26,20.149890899658203,188.1999969482422,491.17291259765625,84.42936706542969
2024-02-27,20.306018829345703,188.0,492.0853271484375,83.83396911621094
2024-02-28,20.223363876342773,188.33999633789062,491.4350280761719,84.36622619628906
2024-02-29,20.195810317993164,189.30999755859375,493.20166015625,84.96160888671875
2024-03-01,20.29683494567871,192.88999938964844,497.83203125,85.49098205566406
2024-03-04,20.36112403869629,196.00999450683594,497.29815673828125,85.14712524414062
2024-03-05,20.204994201660156,197.19000244140625,492.32806396484375,86.35974884033203
2024-03-06,20.37030792236328,198.80999755859375,494.82281494140625,86.86653137207031
2024-03-07,20.425413131713867,199.94000244140625,499.7346496582031,86.78508758544922
2024-03-08,20.36112403869629,201.6300048828125,496.735107421875,86.63123321533203
2024-03-11,20.53562355041504,202.0,496.3080139160156,86.58599853515625
2024-03-12,20.48051643371582,199.7899932861328,501.64697265625,85.862060546875
2024-03-13,20.76522445678711,201.19000244140625,500.8606872558594,85.4457778930664
2024-03-14,20.829513549804688,200.35000610351562,499.8705139160156,84.13359069824219
2024-03-15,20.902986526489258,199.7100067138672,496.4381103515625,84.10643005371094
2024-03-18,21.095849990844727,200.02999877929688,499.3885192871094,83.8530502319336
2024-03-19,21.086666107177734,199.8000030517578,502.1636657714844,84.08831024169922
2024-03-20,21.03156280517578,202.17999267578125,506.80841064453125,84.06116485595703
2024-03-21,21.004011154174805,201.97000122070312,508.4833068847656,84.24214935302734
2024-03-22,20.857065200805664,200.35000610351562,507.5193176269531,85.04759979248047
2024-03-25,21.03156280517578,200.99000549316406,506.11700439453125,84.62223815917969
2024-03-26,20.866249084472656,201.63999938964844,505.18218994140625,84.85753631591797
2024-03-27,20.847881317138672,203.10000610351562,509.427734375,85.69914245605469
2024-03-28,21.095849990844727,205.72000122070312,509.3303527832031,85.62677001953125
2024-04-01,21.196876525878906,207.82000732421875,508.4441833496094,84.03059387207031
2024-04-02,21.389741897583008,210.88999938964844,505.21148681640625,83.56752014160156
2024-04-03,21.646896362304688,212.74000549316406,505.7664794921875,83.54935455322266
2024-04-04,21.702001571655273,211.52000427246094,499.593017578125,84.14860534667969
2024-04-05,21.812210083007812,215.13999938964844,504.81219482421875,82.97736358642578
2024-04-08,21.80302619934082,216.47999572753906,505.0945739746094,82.9682846069336
2024-04-09,21.68363380432129,217.6699981689453,505.6788024902344,83.74005126953125
2024-04-10,21.793842315673828,215.61000061035156,500.61541748046875,81.91506958007812
2024-04-11,21.757104873657227,219.8000030517578,504.3935241699219,81.54280090332031
2024-04-12,21.784656524658203,216.88999938964844,497.43133544921875,81.97859954833984
2024-04-15,21.812210083007812,220.9499969482422,491.1994934082031,80.7074966430664
2024-04-16,21.77547264099121,221.22000122070312,490.30364990234375,80.17181396484375
2024-04-17,21.43566131591797,219.58999633789062,487.40185546875,81.06159973144531
2024-04-18,21.426477432250977,220.33999633789062,486.3989562988281,80.65303802490234
2024-04-19,21.527503967285156,221.02999877929688,482.1534729003906,80.9435806274414
2024-04-22,21.527503967285156,215.57000732421875,486.59375,80.80735778808594
2024-04-23,21.61934471130371,215.0399932861328,492.3678894042969,80.8345947265625
2024-04-24,21.5917911529541,214.63999938964844,492.1342468261719,80.26258850097656
2024-04-25,21.711183547973633,215.9199981689453,490.2646484375,79.69965362548828
2024-04-26,21.72955322265625,216.6199951171875,494.9093933105469,80.11731719970703
2024-04-29,21.711183547973633,216.17999267578125,496.66204833984375,80.78922271728516
2024-04-30,21.43566131591797,211.8699951171875,488.7943115234375,80.09913635253906
2024-05-01,21.123403549194336,213.7899932861328,487.2071533203125,80.68956756591797
2024-05-02,21.196876525878906,213.1300048828125,491.7641906738281,81.03579711914062
2024-05-03,21.224430084228516,212.9600067138672,497.85980224609375,81.8558349609375
2024-05-06,21.463214874267578,215.1999969482422,503.0010986328125,82.17472839355469
2024-05-07,21.444847106933594,214.2100067138672,503.55609130859375,82.67586517333984
2024-05-08,21.334636688232422,213.5800018310547,503.6047668457031,82.17472839355469
2024-05-09,21.417293548583984,216.9499969482422,506.50653076171875,82.57559967041016
2024-05-10,21.38055992126465,218.7100067138672,507.1590576171875,82.1109390258789
2024-05-13,21.518320083618164,216.25999450683594,507.2270812988281,82.32048797607422
2024-05-14,21.426477432250977,218.08999633789062,509.55426025390625,82.78517150878906
2024-05-15,21.499950408935547,220.88999938964844,515.8640747070312,83.91497039794922
2024-05-16,21.5550537109375,220.02999877929688,514.8026123046875,83.83299255371094
2024-05-17,21.77547264099121,223.66000366210938,515.5427856445312,83.26806640625
2024-05-20,21.968339920043945,224.55999755859375,516.13671875,83.02206420898438
2024-05-21,21.876497268676758,224.22999572753906,517.402587890625,83.45028686523438
2024-05-22,21.564237594604492,220.11000061035156,515.912841796875,83.55052185058594
2024-05-23,21.454030990600586,215.72000122070312,512.1444702148438,83.0129623413086
2024-05-24,21.600976943969727,215.9199981689453,515.5330810546875,83.25897216796875
2024-05-28,21.986709594726562,218.19000244140625,515.8933715820312,82.06536865234375
2024-05-29,21.757104873657227,216.16000366210938,512.2807006835938,81.07225799560547
2024-05-30,21.47239875793457,216.57000732421875,508.8823547363281,81.8558349609375
2024-05-31,21.371374130249023,215.3000030517578,513.5173950195312,82.41161346435547
2024-06-03,21.06829833984375,217.22000122070312,513.93603515625,83.74455261230469
2024-06-04,20.857065200805664,215.27000427246094,514.5106201171875,84.72281646728516
2024-06-05,20.930538177490234,217.82000732421875,520.6256103515625,85.34451293945312
2024-06-06,21.2060604095459,219.42999267578125,520.615966796875,85.21650695800781
2024-06-07,20.902986526489258,211.60000610351562,519.9829711914062,83.65314483642578
2024-06-10,21.2060604095459,213.5399932861328,521.589599609375,83.09548950195312
2024-06-11,21.178508758544922,214.14999389648438,522.845703125,83.9548568725586
2024-06-12,21.25197982788086,214.72000122070312,527.139892578125,84.5856704711914
2024-06-13,21.270347595214844,212.97000122070312,528.2012329101562,85.82904815673828
2024-06-14,21.187692642211914,215.72999572753906,528.5226440429688,86.55128479003906
2024-06-17,21.26116371154785,214.61000061035156,532.7291870117188,85.69190216064453
2024-06-18,21.43566131591797,215.47000122070312,534.0825805664062,86.47815704345703
2024-06-20,21.481582641601562,218.16000366210938,532.6317749023438,85.90220642089844
2024-06-21,21.307085037231445,214.77999877929688,531.9176635742188,85.90220642089844
2024-06-24,21.481582641601562,215.6300048828125,530.1886596679688,86.2496109008789
2024-06-25,21.27953338623047,214.55999755859375,532.2303466796875,86.39588165283203
2024-06-26,21.316268920898438,212.5800018310547,532.89453125,85.16166687011719
2024-06-27,21.426477432250977,214.99000549316406,533.734619140625,85.49991607666016
2024-06-28,21.334636688232422,215.00999450683594,531.6343994140625,83.90914916992188
2024-07-01,21.61016082763672,215.57000732421875,532.728515625,82.46095275878906
2024-07-02,21.637712478637695,215.55999755859375,536.3136596679688,83.10296630859375
2024-07-03,21.757104873657227,217.99000549316406,538.7069702148438,84.19438171386719
2024-07-05,21.839763641357422,220.92999267578125,541.8134765625,84.89142608642578
2024-07-08,21.54587173461914,218.19000244140625,542.4386596679688,85.07484436035156
2024-07-09,21.398923873901367,218.55999755859375,542.9661865234375,84.69880676269531
2024-07-10,21.398923873901367,219.36000061035156,548.3389892578125,84.96479034423828
2024-07-11,21.47239875793457,223.25,543.61083984375,85.79022216796875
2024-07-12,21.389741897583008,223.11000061035156,547.0396728515625,86.1570816040039
2024-07-15,21.233612060546875,223.8300018310547,548.5440673828125,85.16656494140625
2024-07-16,21.178508758544922,228.2899932861328,551.7969970703125,86.36801147460938
2024-07-17,21.178508758544922,227.22999572753906,544.0602416992188,86.3863754272461
2024-07-18,21.02237892150879,225.77999877929688,539.8792724609375,85.72601318359375
2024-07-19,20.737672805786133,221.72999572753906,536.2940673828125,85.2215805053711
2024-07-22,20.792776107788086,221.8000030517578,541.8233032226562,84.9739761352539
2024-07-23,20.599910736083984,222.5800018310547,540.9733276367188,84.85472869873047
2024-07-24,20.59072494506836,221.8000030517578,528.7135009765625,83.93755340576172
2024-07-25,20.636646270751953,218.3300018310547,525.9586791992188,84.62544250488281
2024-07-26,20.425413131713867,220.6300048828125,531.8494262695312,85.2857666015625
2024-07-29,20.33357048034668,220.32000732421875,532.161865234375,85.74434661865234
2024-07-30,20.2692813873291,222.52000427246094,529.4656982421875,86.07453155517578
2024-07-31,20.737672805786133,226.5500030517578,538.072021484375,86.95499420166016
2024-08-01,20.489700317382812,225.77000427246094,530.4524536132812,87.70497131347656
2024-08-02,20.11315155029297,225.33999633789062,520.5762939453125,90.43798828125
2024-08-05,20.076417922973633,222.47999572753906,505.4151611328125,90.91648864746094
2024-08-06,19.911104202270508,220.6999969482422,510.0748291015625,88.88284301757812
2024-08-07,20.094785690307617,220.5500030517578,506.6654968261719,88.25708770751953
2024-08-08,20.278467178344727,224.00999450683594,518.3781127929688,87.71417236328125
2024-08-09,20.397859573364258,224.55999755859375,520.6640625,88.57917022705078
2024-08-12,20.682567596435547,228.41000366210938,520.9376220703125,88.90123748779297
2024-08-13,20.489700317382812,228.05999755859375,529.5046997070312,89.51777648925781
2024-08-14,20.36112403869629,226.1999969482422,531.17529296875,90.0791015625
2024-08-15,20.526437759399414,226.91000366210938,540.27978515625,89.3521499633789
2024-08-16,20.397859573364258,231.99000549316406,541.4910888671875,89.66500091552734
2024-08-19,20.28765106201172,231.61000061035156,546.66845703125,90.0791015625
2024-08-20,20.204994201660156,232.4600067138672,545.779541015625,90.79685974121094
2024-08-21,20.10396957397461,232.14999389648438,547.6552124023438,90.85209655761719
2024-08-22,20.085603713989258,229.3699951171875,543.3568725585938,89.95026397705078
2024-08-23,20.44378089904785,232.02000427246094,549.1302490234375,90.53921508789062
2024-08-26,20.655014038085938,232.75999450683594,547.8211669921875,90.30916595458984
2024-08-27,20.55398941040039,233.38999938964844,548.5733642578125,90.15270233154297
2024-08-28,20.306018829345703,231.75,545.3887939453125,90.04228210449219
2024-08-29,20.53562355041504,232.9499969482422,545.4375610351562,89.74781799316406
2024-08-30,20.306018829345703,231.2899932861328,550.6443481445312,88.79080963134766
2024-09-03,19.901920318603516,230.2899932861328,539.3126220703125,90.24300384521484
2024-09-04,19.754974365234375,230.42999267578125,538.208740234375,91.40625
2024-09-05,19.800893783569336,232.35000610351562,536.8997192382812,91.92323303222656
2024-09-06,19.534557342529297,230.6300048828125,527.86376953125,91.91400146484375
2024-09-09,19.58966064453125,231.60000610351562,533.773681640625,92.31098175048828
2024-09-10,19.304954528808594,232.6199951171875,536.0988159179688,92.95721435546875
2024-09-11,19.479450225830078,232.25,541.5985107421875,92.88336944580078
2024-09-12,19.855998992919922,236.3300018310547,546.1605224609375,92.44945526123047
2024-09-13,19.892736434936523,238.67999267578125,549.0130004882812,92.69873809814453
2024-09-16,20.03968048095703,238.66000366210938,549.8237915039062,93.548095703125
2024-09-17,20.177440643310547,237.33999633789062,550.0484619140625,93.09569549560547
2024-09-18,20.048864364624023,235.50999450683594,548.4171142578125,91.94170379638672
2024-09-19,20.407045364379883,239.1699981689453,557.7755737304688,91.63703918457031
2024-09-20,20.407045364379883,242.2100067138672,556.8113403320312,91.28621673583984
2024-09-23,20.416229248046875,242.67999267578125,558.2028198242188,91.09234619140625
2024-09-24,20.756038665771484,246.07000732421875,559.7999877929688,91.0738754272461
2024-09-25,20.58154296875,245.72999572753906,558.5653076171875,90.31685638427734
2024-09-26,20.397859573364258,246.97999572753906,560.7798461914062,90.52919006347656
2024-09-27,20.498884201049805,245.02000427246094,559.9664916992188,91.00000762939453
2024-09-30,20.452964782714844,243.05999755859375,562.2103881835938,90.56612396240234
2024-10-01,20.81114387512207,245.61000061035156,557.173828125,91.22000885009766
2024-10-02,20.98564338684082,245.66000366210938,557.4091186523438,90.45128631591797
2024-10-03,21.28871726989746,245.49000549316406,556.3900146484375,89.59920501708984
2024-10-04,21.343822479248047,245.0,561.4461059570312,88.49702453613281
2024-10-07,21.637712478637695,244.1699981689453,556.370361328125,87.83016967773438
2024-10-08,21.132587432861328,242.3699951171875,561.63232421875,87.9783706665039
2024-10-09,20.948904037475586,241.0500030517578,565.5224609375,87.47821044921875
2024-10-10,21.36219024658203,242.82000732421875,564.5327758789062,87.13555908203125
2024-10-11,21.38055992126465,245.47000122070312,567.9132080078125,86.78359985351562
2024-10-14,21.0499324798584,245.07000732421875,572.5579223632812,86.84839630126953
2024-10-15,20.645830154418945,245.9199981689453,568.1093139648438,87.9042739868164
2024-10-16,20.59072494506836,247.14999389648438,570.5784912109375,88.27474975585938
2024-10-17,20.61827850341797,248.6300048828125,570.6275024414062,86.876220703125
2024-10-18,20.50806999206543,251.27000427246094,572.822509765625,86.9410400390625
2024-10-21,20.572359085083008,251.22000122070312,571.8817749023438,85.42210388183594
2024-10-22,20.930538177490234,253.92999267578125,571.5780029296875,85.50545501708984
2024-10-23,20.81114387512207,250.8699951171875,566.3552856445312,85.27389526367188
2024-10-24,20.801959991455078,252.8000030517578,567.5801391601562,85.82035827636719
2024-10-25,20.948904037475586,253.32000732421875,567.3840942382812,85.3387451171875
2024-10-28,20.3886775970459,253.3300018310547,569.13818359375,85.107177734375
2024-10-29,20.351940155029297,256.0899963378906,570.0592651367188,85.23683166503906
2024-10-30,20.609094619750977,257.5,568.3345947265625,85.48690795898438
2024-10-31,20.746854782104492,253.50999450683594,557.1934204101562,85.6258316040039
2024-11-01,20.526437759399414,252.47000122070312,559.5452880859375,84.4186782836914
2024-11-04,20.87543296813965,252.8300018310547,558.3399047851562,85.72900390625
2024-11-05,21.004011154174805,253.39999389648438,565.09130859375,86.18436431884766
2024-11-06,20.7744083404541,245.6999969482422,579.142578125,83.82389831542969
2024-11-07,20.98564338684082,249.64999389648438,583.62060546875,84.87403869628906
2024-11-08,20.664199829101562,247.9600067138672,586.1486206054688,85.9520263671875
2024-11-11,20.33357048034668,242.13999938964844,586.707275390625,85.53385162353516
2024-11-12,20.223363876342773,240.0500030517578,584.8846435546875,84.25139617919922
2024-11-13,20.159074783325195,237.6300048828125,585.168701171875,83.45220947265625
2024-11-14,20.140705108642578,237.00999450683594,581.4061279296875,83.93543243408203
2024-11-15,20.03968048095703,236.58999633789062,573.9591674804688,83.71239471435547
2024-11-18,20.498884201049805,241.08999633789062,576.3108520507812,83.86109161376953
2024-11-19,20.563173294067383,243.25,578.41748046875,84.28856658935547
2024-11-20,20.55398941040039,244.6199951171875,578.6134033203125,84.01908111572266
2024-11-21,20.700937271118164,246.66000366210938,581.7196655273438,83.95401763916016
2024-11-22,20.719303131103516,249.83999633789062,583.5226440429688,84.00048065185547
2024-11-25,20.425413131713867,242.47999572753906,585.501953125,86.17508697509766
2024-11-26,20.425413131713867,242.9499969482422,588.5592041015625,85.84053802490234
2024-11-27,20.315204620361328,243.49000549316406,586.7758178710938,86.43531799316406
2024-11-29,20.33357048034668,245.58999633789062,590.4208984375,87.32742309570312
2024-12-02,20.186626434326172,243.44000244140625,591.4791259765625,87.53723907470703
2024-12-03,20.416229248046875,243.92999267578125,591.7535400390625,86.78187561035156
2024-12-04,20.306018829345703,244.6699981689453,595.4280395507812,87.71442413330078
2024-12-05,20.278467178344727,242.86000061035156,594.4481201171875,87.89161682128906
2024-12-06,20.122337341308594,242.9499969482422,595.5750732421875,88.02215576171875
2024-12-09,20.315204620361328,245.36000061035156,592.5079956054688,87.21086120605469
2024-12-10,20.36112403869629,248.58999633789062,590.6658325195312,86.80055236816406
2024-12-11,20.61827850341797,250.9600067138672,595.232177734375,85.97989654541016
2024-12-12,20.53562355041504,247.27999877929688,592.1651611328125,84.93546295166016
2024-12-13,20.526437759399414,244.2899932861328,592.0474243164062,84.06819915771484
2024-12-16,20.416229248046875,244.8800048828125,594.575439453125,84.31998443603516
2024-12-17,20.278467178344727,243.94000244140625,592.1257934570312,84.52515411376953
2024-12-18,20.094785690307617,239.25999450683594,574.478515625,83.46823120117188
2024-12-19,20.094785690307617,239.60000610351562,574.302001953125,82.20440673828125
2024-12-20,20.223363876342773,242.10000610351562,581.199951171875,82.67247772216797
2024-12-23,20.238842010498047,240.9600067138672,584.6803588867188,81.91417694091797
2024-12-24,20.354934692382812,241.44000244140625,591.1790771484375,82.26058197021484
2024-12-26,20.296886444091797,243.07000732421875,591.218505859375,82.2137680053711
2024-12-27,20.393630981445312,241.39999389648438,584.9949951171875,81.53971862792969
2024-12-30,20.57744598388672,240.6300048828125,578.3192749023438,82.19503021240234
2024-12-31,20.683862686157227,242.1300048828125,576.2152709960938,81.75505828857422
