Date,HYG,VWO
2007-01-03,,23.019859313964844
2007-01-04,,22.7686767578125
2007-01-05,,22.133337020874023
2007-01-08,,22.375659942626953
2007-01-09,,21.840797424316406
2007-01-10,,21.778730392456055
2007-01-11,,22.068330764770508
2007-01-12,,22.390430450439453
2007-01-16,,22.39930534362793
2007-01-17,,22.340194702148438
2007-01-18,,22.22199821472168
2007-01-19,,22.650480270385742
2007-01-22,,22.629793167114258
2007-01-23,,23.019859313964844
2007-01-24,,23.229671478271484
2007-01-25,,22.52046012878418
2007-01-26,,22.6563777923584
2007-01-29,,22.47318458557129
2007-01-30,,22.715490341186523
2007-01-31,,22.886877059936523
2007-02-01,,23.117374420166016
2007-02-02,,23.108501434326172
2007-02-05,,23.108501434326172
2007-02-06,,23.35673713684082
2007-02-07,,23.315364837646484
2007-02-08,,23.35969352722168
2007-02-09,,22.951889038085938
2007-02-12,,22.783451080322266
2007-02-13,,23.173513412475586
2007-02-14,,23.581317901611328
2007-02-15,,23.57541275024414
2007-02-16,,23.55768585205078
2007-02-20,,23.672922134399414
2007-02-21,,23.625640869140625
2007-02-22,,23.770435333251953
2007-02-23,,23.66111183166504
2007-02-26,,23.616771697998047
2007-02-27,,21.89398765563965
2007-02-28,,22.3549747467041
2007-03-01,,22.089025497436523
2007-03-02,,21.630979537963867
2007-03-05,,21.010425567626953
2007-03-06,,22.015140533447266
2007-03-07,,21.793514251708984
2007-03-08,,22.230859756469727
2007-03-09,,22.30768394470215
2007-03-12,,22.529314041137695
2007-03-13,,21.604389190673828
2007-03-14,,22.006277084350586
2007-03-15,,22.233816146850586
2007-03-16,,22.04764175415039
2007-03-19,,22.47022819519043
2007-03-20,,22.685935974121094
2007-03-21,,23.33604621887207
2007-03-22,,23.22079849243164
2007-03-23,,23.268081665039062
2007-03-26,,23.25626564025879
2007-03-27,,23.129192352294922
2007-03-28,,22.92530059814453
2007-03-29,,23.365596771240234
2007-03-30,,23.30649757385254
2007-04-02,,23.51040267944336
2007-04-03,,23.862043380737305
2007-04-04,,23.941835403442383
2007-04-05,,24.00684356689453
2007-04-09,,24.148696899414062
2007-04-10,,24.222564697265625
2007-04-11,31.546607971191406,24.154600143432617
2007-04-12,31.567739486694336,24.4619197845459
2007-04-13,31.510318756103516,24.541709899902344
2007-04-16,31.49821662902832,24.84903907775879
2007-04-17,31.48309898376465,24.760387420654297
2007-04-18,31.492176055908203,24.645139694213867
2007-04-19,31.601024627685547,24.47966766357422
2007-04-20,31.58286476135254,24.846080780029297
2007-04-23,31.601024627685547,24.74265480041504
2007-04-24,31.818687438964844,24.760387420654297
2007-04-25,31.86708641052246,25.112028121948242
2007-04-26,31.924516677856445,24.77515983581543
2007-04-27,31.924516677856445,24.6746883392334
2007-04-30,31.927509307861328,24.193012237548828
2007-05-01,31.931459426879883,24.36440658569336
2007-05-02,31.919328689575195,24.834257125854492
2007-05-03,31.92236328125,25.07952880859375
2007-05-04,31.96177101135254,25.174095153808594
2007-05-07,31.958784103393555,25.26273536682129
2007-05-08,31.98299217224121,25.035207748413086
2007-05-09,31.898122787475586,25.336620330810547
2007-05-10,32.013336181640625,24.707197189331055
2007-05-11,32.03147888183594,25.35434913635254
2007-05-14,32.02846145629883,25.19477653503418
2007-05-15,32.004215240478516,25.20659828186035
2007-05-16,32.089107513427734,25.611446380615234
2007-05-17,32.08002471923828,25.46368408203125
2007-05-18,32.089107513427734,25.643943786621094
2007-05-21,32.119407653808594,25.70009422302246
2007-05-22,32.122467041015625,25.76805877685547
2007-05-23,32.098209381103516,25.599618911743164
2007-05-24,32.1072883605957,25.0440731048584
2007-05-25,32.15274429321289,25.537567138671875
2007-05-29,32.025421142578125,25.457778930664062
2007-05-30,32.098209381103516,25.708953857421875
2007-05-31,32.046630859375,25.80352020263672
2007-06-01,32.042396545410156,26.385663986206055
2007-06-04,32.06981658935547,26.30587387084961
2007-06-05,32.024105072021484,26.161081314086914
2007-06-06,31.984466552734375,25.72964096069336
2007-06-07,31.8350887298584,25.27456283569336
2007-06-08,31.749755859375,25.868518829345703
2007-06-11,31.68267059326172,25.94536018371582
2007-06-12,31.5211238861084,25.522789001464844
2007-06-13,31.57598876953125,26.090158462524414
2007-06-14,31.600357055664062,26.494998931884766
2007-06-15,31.594276428222656,26.950077056884766
2007-06-18,31.612552642822266,27.16579818725586
2007-06-19,31.652202606201172,27.218990325927734
2007-06-20,31.3717041015625,27.02986717224121
2007-06-21,31.42966079711914,27.334230422973633
2007-06-22,31.490625381469727,26.950077056884766
2007-06-25,31.30771827697754,26.725488662719727
2007-06-26,31.39915657043457,26.59546661376953
2007-06-27,31.289417266845703,26.94121551513672
2007-06-28,31.124792098999023,26.944171905517578
2007-06-29,31.036415100097656,26.97667121887207
2007-07-02,31.279573440551758,27.535179138183594
2007-07-03,31.22134017944336,27.833627700805664
2007-07-05,31.107858657836914,28.04936408996582
2007-07-06,31.14156150817871,28.43056297302246
2007-07-09,31.236637115478516,28.649232864379883
2007-07-10,31.153865814208984,28.14687156677246
2007-07-11,30.92079734802246,28.359647750854492
2007-07-12,31.012765884399414,29.10135841369629
2007-07-13,31.14156150817871,29.302297592163086
2007-07-16,31.153865814208984,28.876771926879883
2007-07-17,31.19063949584961,28.944738388061523
2007-07-18,30.95758056640625,28.838342666625977
2007-07-19,30.99134063720703,29.107271194458008
2007-07-20,30.91159439086914,29.030431747436523
2007-07-23,30.844125747680664,29.713062286376953
2007-07-24,30.666250228881836,28.832443237304688
2007-07-25,30.374927520751953,29.184093475341797
2007-07-26,29.945608139038086,27.576547622680664
2007-07-27,29.445720672607422,27.275135040283203
2007-07-30,29.730928421020508,28.32416343688965
2007-07-31,29.832136154174805,27.92523765563965
2007-08-01,29.770416259765625,27.48198890686035
2007-08-02,29.94013214111328,27.774539947509766
2007-08-03,29.94013214111328,26.654569625854492
2007-08-06,29.8753662109375,27.334230422973633
2007-08-07,30.088321685791016,27.434701919555664
2007-08-08,30.443309783935547,28.19120979309082
2007-08-09,30.412399291992188,27.020992279052734
2007-08-10,30.350671768188477,26.72844696044922
2007-08-13,30.572927474975586,26.890979766845703
2007-08-14,30.33525848388672,26.048786163330078
2007-08-15,30.50501251220703,24.76629638671875
2007-08-16,30.46487808227539,24.349632263183594
2007-08-17,30.773540496826172,25.283424377441406
2007-08-20,30.480304718017578,25.42823028564453
2007-08-21,30.32289695739746,25.23318862915039
2007-08-22,30.55750274658203,26.25859260559082
2007-08-23,30.742694854736328,26.47726821899414
2007-08-24,30.819868087768555,27.074195861816406
2007-08-27,31.02046775817871,27.201261520385742
2007-08-28,30.912443161010742,26.122665405273438
2007-08-29,31.03592300415039,27.357868194580078
2007-08-30,31.100749969482422,27.083057403564453
2007-08-31,31.381603240966797,27.922286987304688
2007-09-04,31.599945068359375,28.312360763549805
2007-09-05,31.612356185913086,27.65633201599121
2007-09-06,31.59373664855957,28.070035934448242
2007-09-07,31.233474731445312,27.514490127563477
2007-09-10,31.36700439453125,27.32536506652832
2007-09-11,31.62476348876953,28.10846519470215
2007-09-12,31.767637252807617,28.025724411010742
2007-09-13,31.655839920043945,28.303497314453125
2007-09-14,31.95398712158203,28.344863891601562
2007-09-17,32.09994888305664,28.08481788635254
2007-09-18,32.329776763916016,29.402774810791016
2007-09-19,32.94778823852539,29.46778106689453
2007-09-20,32.14030075073242,29.272743225097656
2007-09-21,32.221073150634766,29.77216339111328
2007-09-24,32.438480377197266,30.141529083251953
2007-09-25,32.51609420776367,30.168127059936523
2007-09-26,32.39808654785156,30.392715454101562
2007-09-27,32.2987060546875,30.91280746459961
2007-09-28,32.2987060546875,30.667531967163086
2007-10-01,32.42216110229492,31.846593856811523
2007-10-02,32.484642028808594,31.737268447875977
2007-10-03,32.312774658203125,31.252647399902344
2007-10-04,32.45026779174805,31.530410766601562
2007-10-05,32.469051361083984,32.387367248535156
2007-10-08,32.57841110229492,32.09186935424805
2007-10-09,32.60342025756836,32.4376220703125
2007-10-10,32.57528305053711,32.65332794189453
2007-10-11,32.622161865234375,32.50261688232422
2007-10-12,32.65653991699219,32.9931640625
2007-10-15,32.81276321411133,32.77152633666992
2007-10-16,32.687782287597656,32.047550201416016
2007-10-17,32.28464889526367,32.9931640625
2007-10-18,32.26901626586914,33.13795471191406
2007-10-19,32.12527847290039,31.497905731201172
2007-10-22,31.828407287597656,31.914566040039062
2007-10-23,32.094024658203125,32.68288803100586
2007-10-24,32.094024658203125,32.39032745361328
2007-10-25,32.14089584350586,32.77152633666992
2007-10-26,32.215911865234375,34.024478912353516
2007-10-29,32.312774658203125,34.6006965637207
2007-10-30,32.25027084350586,33.96833419799805
2007-10-31,32.45343017578125,34.65684509277344
2007-11-01,32.24265670776367,33.43641662597656
2007-11-02,32.16401672363281,33.61372375488281
2007-11-05,32.14826583862305,32.80107498168945
2007-11-06,32.314998626708984,33.80580139160156
2007-11-07,32.27409744262695,32.517398834228516
2007-11-08,31.865188598632812,32.81288528442383
2007-11-09,32.00673294067383,32.10369110107422
2007-11-12,32.13255310058594,30.383846282958984
2007-11-13,32.00673294067383,32.44647979736328
2007-11-14,32.08535385131836,32.59422302246094
2007-11-15,32.075923919677734,31.855466842651367
2007-11-16,32.08535385131836,31.908655166625977
2007-11-19,32.08535385131836,31.02806282043457
2007-11-20,31.770793914794922,31.441755294799805
2007-11-21,31.173114776611328,29.967187881469727
2007-11-23,31.11336898803711,30.513870239257812
2007-11-26,31.45623779296875,29.048154830932617
2007-11-27,31.50343894958496,30.46954345703125
2007-11-28,31.80226707458496,31.973661422729492
2007-11-29,31.959550857543945,31.707712173461914
2007-11-30,32.08851623535156,31.701805114746094
2007-12-03,32.41200637817383,31.772714614868164
2007-12-04,32.28855895996094,31.716581344604492
2007-12-05,31.908695220947266,32.901554107666016
2007-12-06,32.193599700927734,33.20000457763672
2007-12-07,32.17776107788086,32.99906539916992
2007-12-10,32.130287170410156,32.981327056884766
2007-12-11,32.098663330078125,31.604286193847656
2007-12-12,32.27273941040039,32.51443862915039
2007-12-13,32.25691223144531,31.932287216186523
2007-12-14,32.304405212402344,31.039871215820312
2007-12-17,32.130287170410156,29.627347946166992
2007-12-18,32.161956787109375,30.40749168395996
2007-12-19,32.32022476196289,30.54046630859375
2007-12-20,32.250579833984375,30.64388656616211
2007-12-21,32.351871490478516,31.45654296875
2007-12-24,32.23793029785156,32.04935073852539
2007-12-26,32.095481872558594,32.28418731689453
2007-12-27,32.30717086791992,31.615798950195312
2007-12-28,31.99201774597168,31.739242553710938
2007-12-31,32.06206130981445,31.402036666870117
2008-01-02,31.673673629760742,31.311717987060547
2008-01-03,31.613197326660156,31.612794876098633
2008-01-04,31.57819366455078,30.568065643310547
2008-01-07,31.390392303466797,30.808916091918945
2008-01-08,31.208919525146484,30.784832000732422
2008-01-09,30.868318557739258,31.5314998626709
2008-01-10,31.097505569458008,31.823532104492188
2008-01-11,31.164365768432617,31.07085609436035
2008-01-14,31.0561466217041,31.405044555664062
2008-01-15,31.135713577270508,30.080326080322266
2008-01-16,31.100696563720703,28.924205780029297
2008-01-17,30.88104248046875,28.096240997314453
2008-01-18,31.123003005981445,28.71044158935547
2008-01-22,30.906494140625,27.83130645751953
2008-01-23,30.96698760986328,28.132366180419922
2008-01-24,31.35536003112793,28.331085205078125
2008-01-25,31.40311622619629,27.668716430664062
2008-01-28,31.25985336303711,28.300983428955078
2008-01-29,31.291698455810547,28.409364700317383
2008-01-30,31.412662506103516,27.906585693359375
2008-01-31,31.4763240814209,28.568933486938477
2008-02-01,31.493654251098633,29.261402130126953
2008-02-04,31.500043869018555,29.225276947021484
2008-02-05,31.246862411499023,28.008928298950195
2008-02-06,31.182748794555664,27.578399658203125
2008-02-07,31.051372528076172,28.020973205566406
2008-02-08,30.817419052124023,27.846355438232422
2008-02-11,30.57383918762207,28.225706100463867
2008-02-12,30.689208984375,28.331085205078125
2008-02-13,30.609086990356445,28.933225631713867
2008-02-14,30.75971221923828,28.602033615112305
2008-02-15,30.682815551757812,29.038599014282227
2008-02-19,30.525781631469727,29.321611404418945
2008-02-20,30.60590362548828,29.556455612182617
2008-02-21,30.711639404296875,29.156028747558594
2008-02-22,30.766128540039062,29.595596313476562
2008-02-25,30.859094619750977,29.920751571655273
2008-02-26,31.057788848876953,30.48074722290039
2008-02-27,31.051372528076172,30.604185104370117
2008-02-28,31.00649642944336,30.35129165649414
2008-02-29,30.887922286987305,29.390871047973633
2008-03-03,30.896329879760742,29.559467315673828
2008-03-04,30.860820770263672,29.017528533935547
2008-03-05,30.947893142700195,29.562477111816406
2008-03-06,30.867284774780273,28.671295166015625
2008-03-07,30.80278205871582,28.361183166503906
2008-03-10,30.731813430786133,27.563343048095703
2008-03-11,30.809223175048828,29.4269962310791
2008-03-12,30.80278205871582,28.725482940673828
2008-03-13,30.58664894104004,28.668285369873047
2008-03-14,30.40281105041504,27.632587432861328
2008-03-17,30.260900497436523,26.732379913330078
2008-03-18,30.70602035522461,28.258827209472656
2008-03-19,30.738269805908203,26.681203842163086
2008-03-20,30.883398056030273,27.084625244140625
2008-03-24,31.11886215209961,28.099254608154297
2008-03-25,31.199504852294922,28.40635108947754
2008-03-26,31.125295639038086,28.045066833496094
2008-03-27,31.025354385375977,28.35216522216797
2008-03-28,31.041461944580078,28.144412994384766
2008-03-31,31.180156707763672,28.310007095336914
2008-04-01,31.3171443939209,29.143972396850586
2008-04-02,31.333417892456055,29.137971878051758
2008-04-03,31.27820587158203,29.445043563842773
2008-04-04,31.398353576660156,29.39388656616211
2008-04-07,31.648345947265625,29.53838348388672
2008-04-08,31.755531311035156,29.478174209594727
2008-04-09,31.479516983032227,29.249359130859375
2008-04-10,31.593158721923828,29.755172729492188
2008-04-11,31.339908599853516,29.20720672607422
2008-04-14,31.450275421142578,29.246353149414062
2008-04-15,31.447032928466797,29.743118286132812
2008-04-16,31.583425521850586,30.366329193115234
2008-04-17,31.61589813232422,30.179676055908203
2008-04-18,31.830169677734375,30.483760833740234
2008-04-21,31.778242111206055,30.781824111938477
2008-04-22,31.820438385009766,30.513874053955078
2008-04-23,31.950345993041992,30.890213012695312
2008-04-24,31.960073471069336,30.709575653076172
2008-04-25,32.112674713134766,31.00159454345703
2008-04-28,32.300994873046875,30.721609115600586
2008-04-29,32.20684814453125,30.203760147094727
2008-04-30,32.23929977416992,30.697528839111328
2008-05-01,32.9244270324707,31.140104293823242
2008-05-02,32.591339111328125,31.350847244262695
2008-05-05,32.53911209106445,31.251495361328125
2008-05-06,32.3072509765625,31.528491973876953
2008-05-07,32.33009338378906,30.787841796875
2008-05-08,32.261512756347656,30.90227508544922
2008-05-09,32.33009338378906,30.742694854736328
2008-05-12,32.28761672973633,30.98052406311035
2008-05-13,32.27781677246094,31.09493637084961
2008-05-14,32.23212814331055,31.161178588867188
2008-05-15,32.31700897216797,31.793420791625977
2008-05-16,32.36275100708008,32.14268112182617
2008-05-19,32.49013137817383,32.3022575378418
2008-05-20,32.42806625366211,31.54654884338379
2008-05-21,32.36929702758789,31.299673080444336
2008-05-22,32.32027816772461,31.657957077026367
2008-05-23,32.12763595581055,30.817960739135742
2008-05-27,31.948026657104492,30.920318603515625
2008-05-28,32.10475158691406,31.06182861328125
2008-05-29,32.072105407714844,31.296649932861328
2008-05-30,32.07537078857422,31.245481491088867
2008-06-02,31.810457229614258,31.07085609436035
2008-06-03,31.833433151245117,30.53193473815918
2008-06-04,31.800588607788086,30.1074275970459
2008-06-05,31.93862533569336,30.998600006103516
2008-06-06,31.849931716918945,29.920751571655273
2008-06-09,31.951766967773438,29.824411392211914
2008-06-10,31.964920043945312,29.177093505859375
2008-06-11,31.95836067199707,29.053653717041016
2008-06-12,31.905742645263672,29.237316131591797
2008-06-13,32.04710006713867,29.249359130859375
2008-06-16,31.60337257385254,29.50526237487793
2008-06-17,31.659259796142578,29.288503646850586
2008-06-18,31.728269577026367,29.547420501708984
2008-06-19,31.52777862548828,29.16204833984375
2008-06-20,31.402881622314453,28.24075698852539
2008-06-23,31.28782844543457,28.300983428955078
2008-06-24,31.156373977661133,28.24075698852539
2008-06-25,31.261531829833984,28.746559143066406
2008-06-26,31.014995574951172,27.825281143188477
2008-06-27,30.9295654296875,28.054100036621094
2008-06-30,30.896697998046875,28.180551528930664
2008-07-01,30.863924026489258,27.403766632080078
2008-07-02,30.840763092041016,26.717321395874023
2008-07-03,30.827533721923828,26.7835636138916
2008-07-07,30.854001998901367,26.596885681152344
2008-07-08,30.77126693725586,26.813674926757812
2008-07-09,30.665340423583984,26.091100692749023
2008-07-10,30.7050724029541,26.916032791137695
2008-07-11,30.665340423583984,26.65711212158203
2008-07-14,30.592538833618164,26.795602798461914
2008-07-15,30.119226455688477,26.181406021118164
2008-07-16,30.21851921081543,26.910009384155273
2008-07-17,30.307897567749023,27.3917293548584
2008-07-18,30.794429779052734,27.096675872802734
2008-07-21,30.946678161621094,27.150863647460938
2008-07-22,31.052597045898438,26.85581398010254
2008-07-23,30.969833374023438,27.102693557739258
2008-07-24,31.042661666870117,26.62699317932129
2008-07-25,31.108854293823242,26.62699317932129
2008-07-28,31.002901077270508,26.717321395874023
2008-07-29,31.009563446044922,26.66914176940918
2008-07-30,31.01616668701172,27.096675872802734
2008-07-31,31.079042434692383,26.849802017211914
2008-08-01,30.940065383911133,26.78957748413086
2008-08-04,30.72673225402832,25.904428482055664
2008-08-05,30.94339370727539,26.24764060974121
2008-08-06,30.736732482910156,26.62699317932129
2008-08-07,30.70006561279297,25.832162857055664
2008-08-08,30.753389358520508,25.92851448059082
2008-08-11,30.666744232177734,25.615388870239258
2008-08-12,30.786733627319336,25.51905632019043
2008-08-13,30.833396911621094,25.458847045898438
2008-08-14,30.833396911621094,25.627429962158203
2008-08-15,30.903417587280273,25.272171020507812
2008-08-18,30.833396911621094,24.69409942626953
2008-08-19,30.893386840820312,24.465288162231445
2008-08-20,30.886730194091797,25.193889617919922
2008-08-21,30.84341049194336,25.07345962524414
2008-08-22,30.666744232177734,25.193889617919922
2008-08-25,30.833396911621094,24.423139572143555
2008-08-26,30.666744232177734,24.507442474365234
2008-08-27,30.70006561279297,24.983139038085938
2008-08-28,30.74341583251953,25.007219314575195
2008-08-29,30.800071716308594,24.724210739135742
2008-09-02,30.806774139404297,23.875179290771484
2008-09-03,30.90746307373047,23.670459747314453
2008-09-04,31.04168128967285,22.881629943847656
2008-09-05,31.01485252380371,22.821430206298828
2008-09-08,30.977907180786133,23.17668914794922
2008-09-09,31.0450439453125,22.189163208007812
2008-09-10,30.8738956451416,22.219270706176758
2008-09-11,30.8738956451416,22.273466110229492
2008-09-12,30.8738956451416,22.562498092651367
2008-09-15,29.739604949951172,20.93670082092285
2008-09-16,29.055036544799805,20.6536922454834
2008-09-17,27.309961318969727,19.28680992126465
2008-09-18,29.464460372924805,20.473047256469727
2008-09-19,29.840290069580078,23.46572494506836
2008-09-22,29.813444137573242,21.94228172302246
2008-09-23,29.521480560302734,21.207666397094727
2008-09-24,29.786592483520508,21.55088996887207
2008-09-25,29.028156280517578,22.35175132751465
2008-09-26,28.92749786376953,21.719486236572266
2008-09-29,26.585119247436523,19.347021102905273
2008-09-30,27.518049240112305,20.870460510253906
2008-10-01,28.71607780456543,20.605512619018555
2008-10-02,27.96817970275879,19.08208465576172
2008-10-03,27.86661148071289,18.787029266357422
2008-10-06,26.854707717895508,17.185314178466797
2008-10-07,26.401206970214844,16.02316665649414
2008-10-08,25.297931671142578,15.981017112731934
2008-10-09,24.70903968811035,15.324676513671875
2008-10-10,23.060867309570312,14.93327808380127
2008-10-13,25.89018440246582,17.96208381652832
2008-10-14,26.059385299682617,17.504457473754883
2008-10-15,24.922256469726562,14.81887435913086
2008-10-16,23.978010177612305,15.192205429077148
2008-10-17,23.69036293029785,15.113924026489258
2008-10-20,24.164152145385742,15.993060111999512
2008-10-21,24.025402069091797,14.782737731933594
2008-10-22,23.825714111328125,13.361672401428223
2008-10-23,24.22845458984375,13.518228530883789
2008-10-24,23.622678756713867,12.313935279846191
2008-10-27,22.421213150024414,11.874364852905273
2008-10-28,22.675058364868164,13.891566276550293
2008-10-29,23.70728874206543,13.753066062927246
2008-10-30,24.357057571411133,15.16209888458252
2008-10-31,24.367206573486328,15.180161476135254
2008-11-03,24.56540870666504,15.198226928710938
2008-11-04,24.842187881469727,16.528976440429688
2008-11-05,24.63718605041504,14.602095603942871
2008-11-06,24.63718605041504,13.789199829101562
2008-11-07,24.89345932006836,14.975427627563477
2008-11-10,24.896875381469727,15.029623031616211
2008-11-11,24.852436065673828,14.240813255310059
2008-11-12,24.50048828125,13.006403923034668
2008-11-13,24.370635986328125,14.73457145690918
2008-11-14,24.073366165161133,13.530272483825684
2008-11-17,23.700889587402344,13.319526672363281
2008-11-18,23.201990127563477,13.138875007629395
2008-11-19,22.40922737121582,12.145329475402832
2008-11-20,21.664308547973633,11.19996166229248
2008-11-21,21.87958526611328,12.645115852355957
2008-11-24,21.978681564331055,13.530272483825684
2008-11-25,22.20762825012207,13.26533031463623
2008-11-26,22.723604202270508,14.16855239868164
2008-11-28,22.638181686401367,13.867480278015137
2008-12-01,22.1712646484375,12.639093399047852
2008-12-02,22.40955352783203,13.343605995178223
2008-12-03,22.413007736206055,13.518228530883789
2008-12-04,22.281782150268555,12.96425724029541
2008-12-05,22.292152404785156,13.59650707244873
2008-12-08,22.551130294799805,14.162527084350586
2008-12-09,22.381921768188477,14.078225135803223
2008-12-10,22.36465072631836,14.945319175720215
2008-12-11,22.19200325012207,14.656292915344238
2008-12-12,22.499359130859375,14.79478931427002
2008-12-15,22.381921768188477,14.680373191833496
2008-12-16,22.796344757080078,15.818441390991211
2008-12-17,23.37998390197754,15.414995193481445
2008-12-18,24.73716926574707,15.119948387145996
2008-12-19,24.571407318115234,15.077794075012207
2008-12-22,25.555660247802734,14.571986198425293
2008-12-23,25.928632736206055,14.38532829284668
2008-12-24,25.521121978759766,14.56140422821045
2008-12-26,26.008071899414062,14.548734664916992
2008-12-29,26.183345794677734,14.605740547180176
2008-12-30,26.26331329345703,14.94143009185791
2008-12-31,26.433746337890625,14.928767204284668
2009-01-02,26.350276947021484,15.726820945739746
2009-01-05,27.623096466064453,15.980172157287598
2009-01-06,27.856098175048828,16.26519775390625
2009-01-07,27.35183334350586,15.403799057006836
2009-01-08,26.955392837524414,15.308791160583496
2009-01-09,27.35183334350586,14.935098648071289
2009-01-12,26.75716781616211,14.244710922241211
2009-01-13,26.65977668762207,14.339715957641602
2009-01-14,26.318988800048828,13.630332946777344
2009-01-15,26.21462631225586,13.814014434814453
2009-01-16,26.426782608032227,14.010370254516602
2009-01-20,25.97469711303711,12.984288215637207
2009-01-21,25.978174209594727,13.706339836120605
2009-01-22,25.90861701965332,13.389650344848633
2009-01-23,25.494766235351562,13.421324729919434
2009-01-26,25.56084442138672,13.624002456665039
2009-01-27,25.79731559753418,13.73801326751709
2009-01-28,26.711963653564453,14.523399353027344
2009-01-29,26.04770851135254,13.776005744934082
2009-01-30,26.165935516357422,13.598670959472656
2009-02-02,25.608455657958984,13.509995460510254
2009-02-03,25.654159545898438,13.896350860595703
2009-02-04,25.633045196533203,14.035696983337402
2009-02-05,25.422304153442383,14.301714897155762
2009-02-06,25.935152053833008,14.992101669311523
2009-02-09,26.135391235351562,14.840087890625
2009-02-10,25.96326446533203,14.042032241821289
2009-02-11,25.90353775024414,14.371392250061035
2009-02-12,25.822744369506836,14.339715957641602
2009-02-13,25.924619674682617,14.4220609664917
2009-02-17,25.264223098754883,13.288312911987305
2009-02-18,25.11318016052246,13.395984649658203
2009-02-19,25.23961639404297,13.338976860046387
2009-02-20,24.87076759338379,13.022287368774414
2009-02-23,24.245492935180664,12.70560073852539
2009-02-24,24.589744567871094,13.383312225341797
2009-02-25,24.470306396484375,13.186971664428711
2009-02-26,23.98554801940918,13.041292190551758
2009-02-27,23.623733520507812,13.275640487670898
2009-03-02,23.13336181640625,12.654932022094727
2009-03-03,23.22567367553711,12.293905258178711
2009-03-04,23.222129821777344,13.129961013793945
2009-03-05,22.12139320373535,12.5535888671875
2009-03-06,22.014867782592773,12.730934143066406
2009-03-09,21.887035369873047,12.509249687194824
2009-03-10,22.970035552978516,13.509995460510254
2009-03-11,23.33576774597168,13.471991539001465
2009-03-12,23.722795486450195,13.928022384643555
2009-03-13,23.776058197021484,14.016697883605957
2009-03-16,23.910985946655273,14.07369613647461
2009-03-17,23.776058197021484,14.396724700927734
2009-03-18,24.322885513305664,14.707079887390137
2009-03-19,24.109834671020508,14.605740547180176
2009-03-20,24.06365394592285,14.415728569030762
2009-03-23,24.560787200927734,15.682483673095703
2009-03-24,24.60693359375,15.239119529724121
2009-03-25,24.73831558227539,15.479802131652832
2009-03-26,25.121801376342773,15.83449935913086
2009-03-27,24.866153717041016,15.391131401062012
2009-03-30,23.701494216918945,14.63107967376709
2009-03-31,24.0743350982666,14.922428131103516
2009-04-01,24.112422943115234,15.46713924407959
2009-04-02,24.989234924316406,16.341197967529297
2009-04-03,25.341379165649414,16.531211853027344
2009-04-06,25.258726119995117,16.31586456298828
2009-04-07,24.967655181884766,15.980172157287598
2009-04-08,25.2623291015625,16.246192932128906
2009-04-09,25.981027603149414,16.95557975769043
2009-04-13,25.963062286376953,17.075923919677734
2009-04-14,25.83009910583496,16.80990982055664
2009-04-15,26.04930877685547,17.031585693359375
2009-04-16,26.46257972717285,17.272268295288086
2009-04-17,27.041120529174805,17.10758399963379
2009-04-20,26.05291175842285,16.28419303894043
2009-04-21,26.347579956054688,16.695886611938477
2009-04-22,26.47334098815918,16.562881469726562
2009-04-23,26.44459342956543,16.879575729370117
2009-04-24,26.85426139831543,17.189924240112305
2009-04-27,26.642236709594727,16.613548278808594
2009-04-28,26.699735641479492,16.524883270263672
2009-04-29,27.195634841918945,17.417951583862305
2009-04-30,27.407657623291016,17.525623321533203
2009-05-01,27.364553451538086,17.842309951782227
2009-05-04,27.299388885498047,19.03940200805664
2009-05-05,27.534765243530273,18.78604507446289
2009-05-06,27.762928009033203,19.185081481933594
2009-05-07,27.30661392211914,18.65936851501465
2009-05-08,27.795509338378906,19.362428665161133
2009-05-11,27.650653839111328,18.92538833618164
2009-05-12,27.759279251098633,19.026729583740234
2009-05-13,27.39715576171875,18.368013381958008
2009-05-14,27.10743522644043,18.640369415283203
2009-05-15,26.72715950012207,18.49469757080078
2009-05-18,27.295764923095703,19.641109466552734
2009-05-19,27.476848602294922,19.77412223815918
2009-05-20,27.882450103759766,19.850126266479492
2009-05-21,27.523914337158203,19.520763397216797
2009-05-22,27.904172897338867,19.71711540222168
2009-05-26,27.831729888916016,19.888120651245117
2009-05-27,27.882450103759766,19.698122024536133
2009-05-28,27.980228424072266,20.3061580657959
2009-05-29,28.19028091430664,20.660852432250977
2009-06-01,28.857316970825195,21.46524429321289
2009-06-02,28.773265838623047,21.154884338378906
2009-06-03,28.608781814575195,20.483503341674805
2009-06-04,28.69650650024414,20.806528091430664
2009-06-05,28.787891387939453,20.83820152282715
2009-06-08,28.83905029296875,20.534175872802734
2009-06-09,28.893877029418945,20.553176879882812
2009-06-10,28.93044090270996,20.749528884887695
2009-06-11,28.996244430541992,21.135883331298828
2009-06-12,29.146108627319336,20.88253402709961
2009-06-15,28.714786529541016,20.12881851196289
2009-06-16,28.440629959106445,19.862791061401367
2009-06-17,28.27614402770996,19.710783004760742
2009-06-18,28.546655654907227,19.67277717590332
2009-06-19,28.575895309448242,19.755115509033203
2009-06-22,28.188457489013672,19.001394271850586
2009-06-23,28.235963821411133,19.12174415588379
2009-06-24,28.37851333618164,19.66644287109375
2009-06-25,28.649011611938477,20.15414810180664
2009-06-26,28.641681671142578,20.261823654174805
2009-06-29,28.99988555908203,20.388505935668945
2009-06-30,29.135149002075195,20.15414810180664
2009-07-01,29.207063674926758,20.578510284423828
2009-07-02,28.698017120361328,19.989463806152344
2009-07-06,28.270143508911133,20.033802032470703
2009-07-07,27.875410079956055,19.565107345581055
2009-07-08,28.045122146606445,19.343416213989258
2009-07-09,28.44719886779785,19.653785705566406
2009-07-10,28.229549407958984,19.4130916595459
2009-07-13,28.29226303100586,19.55243682861328
2009-07-14,28.40292739868164,19.742448806762695
2009-07-15,29.030004501342773,20.76852798461914
2009-07-16,29.1185245513916,20.76852798461914
2009-07-17,29.14434051513672,20.99020767211914
2009-07-20,29.550085067749023,21.636259078979492
2009-07-21,29.693971633911133,21.610925674438477
2009-07-22,29.730836868286133,21.566579818725586
2009-07-23,30.0333309173584,22.142953872680664
2009-07-24,30.210365295410156,22.07962989807129
2009-07-27,30.26573944091797,22.22530174255371
2009-07-28,30.29893684387207,22.111289978027344
2009-07-29,30.40220069885254,21.642589569091797
2009-07-30,30.653017044067383,22.21896743774414
2009-07-31,31.151023864746094,22.35198402404785
2009-08-03,31.210142135620117,23.200706481933594
2009-08-04,31.143205642700195,23.02336311340332
2009-08-05,31.042768478393555,22.82701301574707
2009-08-06,30.7972412109375,22.63066864013672
2009-08-07,31.012998580932617,22.789012908935547
2009-08-10,31.154346466064453,22.598997116088867
2009-08-11,31.079959869384766,22.193632125854492
2009-08-12,31.001832962036133,22.440645217895508
2009-08-13,30.607501983642578,22.820674896240234
2009-08-14,30.455001831054688,22.510326385498047
2009-08-17,29.71100425720215,21.585586547851562
2009-08-18,30.224367141723633,21.940282821655273
2009-08-19,30.347135543823242,22.054292678833008
2009-08-20,30.254121780395508,22.33930778503418
2009-08-21,30.66703987121582,22.75733757019043
2009-08-24,30.507091522216797,22.80167579650879
2009-08-25,30.50335693359375,22.770008087158203
2009-08-26,30.622392654418945,22.64333152770996
2009-08-27,30.46615219116211,22.605329513549805
2009-08-28,30.618667602539062,22.605329513549805
2009-08-31,30.622392654418945,22.193632125854492
2009-09-01,30.334630966186523,21.84527587890625
2009-09-02,30.173295974731445,22.104957580566406
2009-09-03,30.368404388427734,22.510326385498047
2009-09-04,30.601016998291016,22.953683853149414
2009-09-08,31.036243438720703,23.441387176513672
2009-09-09,30.743593215942383,23.492063522338867
2009-09-10,31.2200927734375,23.827749252319336
2009-09-11,31.51650619506836,23.75174903869629
2009-09-14,31.554019927978516,23.739070892333984
2009-09-15,31.77911949157715,23.992427825927734
2009-09-16,32.18808364868164,24.63214874267578
2009-09-17,32.24437713623047,24.416793823242188
2009-09-18,32.15431594848633,24.499141693115234
2009-09-21,32.173091888427734,24.271121978759766
2009-09-22,32.13555908203125,24.70815086364746
2009-09-23,32.23311996459961,24.328125
2009-09-24,32.29315185546875,23.846759796142578
2009-09-25,32.18808364868164,24.024099349975586
2009-09-28,32.44324493408203,24.32179069519043
2009-09-29,32.40568542480469,24.290115356445312
2009-09-30,32.39820098876953,24.404123306274414
2009-10-01,31.5451602935791,23.789751052856445
2009-10-02,31.556537628173828,23.846759796142578
2009-10-05,31.980215072631836,24.372461318969727
2009-10-06,31.870492935180664,24.771486282348633
2009-10-07,32.10503387451172,24.714487075805664
2009-10-08,32.3093147277832,25.094511032104492
2009-10-09,32.43412399291992,25.227529525756836
2009-10-12,32.42655944824219,25.379531860351562
2009-10-13,32.41900634765625,25.385862350463867
2009-10-14,32.547637939453125,26.19659423828125
2009-10-15,32.54005813598633,26.082584381103516
2009-10-16,32.536293029785156,25.702556610107422
2009-10-19,32.543861389160156,26.177583694458008
2009-10-20,32.6043815612793,25.7722225189209
2009-10-21,32.661109924316406,25.683555603027344
2009-10-22,32.91080093383789,25.886240005493164
2009-10-23,32.85404968261719,25.639223098754883
2009-10-26,32.87294387817383,25.40487289428711
2009-10-27,32.61572265625,24.986839294433594
2009-10-28,32.07855224609375,23.910085678100586
2009-10-29,32.52871322631836,24.923500061035156
2009-10-30,32.22231674194336,23.815082550048828
2009-11-02,32.475181579589844,24.271121978759766
2009-11-03,32.54765319824219,24.03042984008789
2009-11-04,32.59724807739258,24.651134490966797
2009-11-05,32.623958587646484,25.1641902923584
2009-11-06,32.65447235107422,25.081846237182617
2009-11-09,32.78413391113281,25.949573516845703
2009-11-10,32.77272033691406,25.765892028808594
2009-11-11,32.79179382324219,25.930564880371094
2009-11-12,32.829925537109375,25.379531860351562
2009-11-13,32.76507568359375,25.829233169555664
2009-11-16,32.91766357421875,26.44993782043457
2009-11-17,32.910030364990234,26.354936599731445
2009-11-18,32.82611083984375,26.139577865600586
2009-11-19,32.894775390625,25.70890235900879
2009-11-20,32.887149810791016,25.683555603027344
2009-11-23,32.852806091308594,26.120588302612305
2009-11-24,32.87189865112305,26.03191566467285
2009-11-25,32.887149810791016,26.24726104736328
2009-11-27,32.65826416015625,25.290861129760742
2009-11-30,32.76507568359375,25.525205612182617
2009-12-01,32.927223205566406,26.1649227142334
2009-12-02,32.9618034362793,26.285255432128906
2009-12-03,33.00407409667969,26.088918685913086
2009-12-04,33.13852310180664,26.25359344482422
2009-12-07,33.1807861328125,26.044574737548828
2009-12-08,33.21923065185547,25.658212661743164
2009-12-09,33.21923065185547,25.822906494140625
2009-12-10,33.384437561035156,25.879899978637695
2009-12-11,33.40364074707031,26.012907028198242
2009-12-14,33.67262268066406,26.145915985107422
2009-12-15,33.63801574707031,25.98758316040039
2009-12-16,33.71485900878906,26.05724334716797
2009-12-17,33.69565963745117,25.335195541381836
2009-12-18,33.676456451416016,25.442867279052734
2009-12-21,33.77635192871094,25.39852523803711
2009-12-22,33.84931182861328,25.563203811645508
2009-12-23,33.93003463745117,25.778566360473633
2009-12-24,34.05681228637695,26.089920043945312
2009-12-28,33.95692825317383,26.205474853515625
2009-12-29,33.775150299072266,26.179798126220703
2009-12-30,33.91824722290039,26.243989944458008
2009-12-31,33.97239303588867,26.321033477783203
2010-01-04,34.23924255371094,27.219802856445312
2010-01-05,34.40167236328125,27.30967903137207
2010-01-06,34.490623474121094,27.476593017578125
2010-01-07,34.629886627197266,27.239063262939453
2010-01-08,34.68400192260742,27.405967712402344
2010-01-11,34.65308380126953,27.444486618041992
2010-01-12,34.475162506103516,27.046464920043945
2010-01-13,34.5525016784668,27.155601501464844
2010-01-14,34.59120178222656,27.091402053833008
2010-01-15,34.45196533203125,26.770410537719727
2010-01-19,34.4674186706543,27.232633590698242
2010-01-20,34.417144775390625,26.564979553222656
2010-01-21,33.87956237792969,25.794614791870117
2010-01-22,33.55854415893555,25.216835021972656
2010-01-25,33.608829498291016,25.460786819458008
2010-01-26,33.651363372802734,24.972885131835938
2010-01-27,33.662986755371094,24.902263641357422
2010-01-28,33.51988220214844,24.80596923828125
2010-01-29,33.34971237182617,24.549175262451172
2010-02-01,33.510677337646484,25.255353927612305
2010-02-02,33.61201095581055,25.377328872680664
2010-02-03,33.783512115478516,25.306703567504883
2010-02-04,33.30409622192383,24.151151657104492
2010-02-05,33.109249114990234,24.106216430664062
2010-02-08,32.96503448486328,23.656827926635742
2010-02-09,33.03129196166992,24.382265090942383
2010-02-10,32.58696746826172,24.305233001708984
2010-02-11,32.719482421875,24.902263641357422
2010-02-12,32.70000457763672,24.626205444335938
2010-02-16,33.02350616455078,25.255353927612305
2010-02-17,33.27684783935547,25.35165786743164
2010-02-18,33.59255599975586,25.40300750732422
2010-02-19,33.81856155395508,25.23609733581543
2010-02-22,33.86144256591797,25.248929977416992
2010-02-23,33.61590576171875,24.68399429321289
2010-02-24,33.744529724121094,24.992145538330078
2010-02-25,33.7484130859375,24.793128967285156
2010-02-26,33.97450637817383,25.011402130126953
2010-03-01,34.00040054321289,25.428678512573242
2010-03-02,34.22026824951172,25.717575073242188
2010-03-03,34.25560760498047,25.781768798828125
2010-03-04,34.283103942871094,25.614864349365234
2010-03-05,34.48727035522461,26.35954475402832
2010-03-08,34.49515914916992,26.353139877319336
2010-03-09,34.644351959228516,26.462265014648438
2010-03-10,34.65614700317383,26.513620376586914
2010-03-11,34.62471389770508,26.616348266601562
2010-03-12,34.63257598876953,26.54572868347168
2010-03-15,34.59330749511719,26.365962982177734
2010-03-16,34.711116790771484,26.67412757873535
2010-03-17,34.711116790771484,26.943742752075195
2010-03-18,34.76215362548828,26.770410537719727
2010-03-19,34.58936309814453,26.50720977783203
2010-03-22,34.75431823730469,26.571407318115234
2010-03-23,34.7503776550293,26.783252716064453
2010-03-24,34.73073959350586,26.423748016357422
2010-03-25,34.81319046020508,26.288930892944336
2010-03-26,34.80144119262695,26.475107192993164
2010-03-29,34.844627380371094,26.956584930419922
2010-03-30,34.80925369262695,27.046464920043945
2010-03-31,34.699344635009766,27.059301376342773
2010-04-01,34.6154670715332,27.707700729370117
2010-04-05,34.59963607788086,27.98375129699707
2010-04-06,34.82514572143555,28.041534423828125
2010-04-07,34.876548767089844,27.823246002197266
2010-04-08,34.935916900634766,27.893882751464844
2010-04-09,34.987335205078125,28.041534423828125
2010-04-12,34.9952507019043,27.81041717529297
2010-04-13,35.09019470214844,27.791149139404297
2010-04-14,35.185123443603516,28.227705001831055
2010-04-15,35.28008270263672,28.054365158081055
2010-04-16,34.9952507019043,27.31609535217285
2010-04-19,34.92799377441406,27.187694549560547
2010-04-20,35.3038215637207,27.502262115478516
2010-04-21,35.3077392578125,27.393131256103516
2010-04-22,35.20491409301758,27.515113830566406
2010-04-23,35.434383392333984,27.65635108947754
2010-04-26,35.434383392333984,27.66917610168457
2010-04-27,34.987335205078125,26.686954498291016
2010-04-28,35.01106643676758,26.950162887573242
2010-04-29,35.252410888671875,27.348194122314453
2010-04-30,35.36711502075195,27.00152587890625
2010-05-03,35.36310958862305,27.168432235717773
2010-05-04,35.000526428222656,26.05139923095703
2010-05-05,34.522377014160156,25.569921493530273
2010-05-06,33.66569519042969,24.63262939453125
2010-05-07,33.66172790527344,24.65831756591797
2010-05-10,34.29127883911133,26.27609634399414
2010-05-11,34.2514533996582,25.813879013061523
2010-05-12,34.6697998046875,26.173377990722656
2010-05-13,34.45466232299805,25.916584014892578
2010-05-14,34.255428314208984,25.467199325561523
2010-05-17,34.21161651611328,25.345230102539062
2010-05-18,34.13987350463867,24.799545288085938
2010-05-19,33.94063949584961,24.491397857666016
2010-05-20,32.92855453491211,23.38076400756836
2010-05-21,33.58999252319336,24.016340255737305
2010-05-24,33.64179229736328,23.765968322753906
2010-05-25,33.60194396972656,23.53485870361328
2010-05-26,33.199501037597656,23.53485870361328
2010-05-27,33.6577262878418,24.895837783813477
2010-05-28,33.713523864746094,24.523502349853516
2010-06-01,33.55411911010742,24.086950302124023
2010-06-02,33.72675323486328,24.940784454345703
2010-06-03,33.738800048828125,24.838056564331055
2010-06-04,33.55012130737305,24.016340255737305
2010-06-07,33.317230224609375,23.68250274658203
2010-06-08,33.369407653808594,24.196081161499023
2010-06-09,33.44169235229492,24.029178619384766
2010-06-10,33.7829704284668,24.78028678894043
2010-06-11,33.83115768432617,24.953622817993164
2010-06-14,33.87533187866211,24.934362411499023
2010-06-15,34.20457458496094,25.6918888092041
2010-06-16,34.23267364501953,25.659793853759766
2010-06-17,34.48963928222656,25.569921493530273
2010-06-18,34.6381950378418,25.717575073242188
2010-06-21,34.762664794921875,26.19263458251953
2010-06-22,34.51371765136719,25.698312759399414
2010-06-23,34.48963928222656,25.813879013061523
2010-06-24,34.25273513793945,25.428678512573242
2010-06-25,34.40931701660156,25.711153030395508
2010-06-28,34.48561477661133,25.576335906982422
2010-06-29,34.140316009521484,24.594127655029297
2010-06-30,34.0881233215332,24.388683319091797
2010-07-01,34.25114059448242,24.53634262084961
2010-07-02,34.25920867919922,24.587692260742188
2010-07-06,34.53022766113281,25.011402130126953
2010-07-07,34.94682312011719,25.499303817749023
2010-07-08,35.10861587524414,25.666215896606445
2010-07-09,35.027740478515625,25.987205505371094
2010-07-12,34.99941635131836,25.78819465637207
2010-07-13,35.27040100097656,26.096338272094727
2010-07-14,35.238059997558594,26.057830810546875
2010-07-15,35.290626525878906,25.993633270263672
2010-07-16,35.076255798339844,25.274600982666016
2010-07-19,35.193565368652344,25.595600128173828
2010-07-20,35.476680755615234,26.0834903717041
2010-07-21,35.46049499511719,25.852397918701172
2010-07-22,35.776004791259766,26.526464462280273
2010-07-23,35.93778991699219,26.738309860229492
2010-07-26,35.9539680480957,26.905227661132812
2010-07-27,35.90544509887695,26.84103012084961
2010-07-28,35.828575134277344,26.712629318237305
2010-07-29,35.93778991699219,26.789669036865234
2010-07-30,35.84477996826172,26.87954330444336
2010-08-02,36.031673431396484,27.579296112060547
2010-08-03,36.031673431396484,27.444486618041992
2010-08-04,36.0113410949707,27.534364700317383
2010-08-05,35.99501037597656,27.43807601928711
2010-08-06,35.98688507080078,27.373863220214844
2010-08-09,35.921722412109375,27.5279483795166
2010-08-10,35.909507751464844,27.142759323120117
2010-08-11,35.44121551513672,26.34029769897461
2010-08-12,35.31903076171875,26.365962982177734
2010-08-13,35.473777770996094,26.520038604736328
2010-08-16,35.518577575683594,26.731903076171875
2010-08-17,35.65296173095703,27.0272216796875
2010-08-18,35.714054107666016,26.982261657714844
2010-08-19,35.64072036743164,26.789669036865234
2010-08-20,35.72626876831055,26.7575740814209
2010-08-23,35.72626876831055,26.520038604736328
2010-08-24,35.53893280029297,26.231151580810547
2010-08-25,35.49005126953125,26.115596771240234
2010-08-26,35.44121551513672,25.92943000793457
2010-08-27,35.437103271484375,26.455852508544922
2010-08-30,35.50227737426758,26.06424331665039
2010-08-31,35.49005126953125,26.19263458251953
2010-09-01,35.873573303222656,27.065719604492188
2010-09-02,35.93101119995117,27.078569412231445
2010-09-03,36.037662506103516,27.38028907775879
2010-09-07,35.98432922363281,27.007946014404297
2010-09-08,35.992530822753906,27.283998489379883
2010-09-09,36.136070251464844,27.418813705444336
2010-09-10,36.230430603027344,27.560047149658203
2010-09-13,36.419124603271484,28.137828826904297
2010-09-14,36.41091537475586,28.150665283203125
2010-09-15,36.37809371948242,28.169921875
2010-09-16,36.439598083496094,28.041534423828125
2010-09-17,36.505271911621094,28.028684616088867
2010-09-20,36.562660217285156,28.478078842163086
2010-09-21,36.501136779785156,28.458816528320312
2010-09-22,36.35348892211914,28.465229034423828
2010-09-23,36.259151458740234,28.311166763305664
2010-09-24,36.40269088745117,28.80547332763672
2010-09-27,36.4642333984375,28.74769401550293
2010-09-28,36.517539978027344,28.94029998779297
2010-09-29,36.603675842285156,29.043018341064453
2010-09-30,36.78825759887695,29.184255599975586
2010-10-01,36.83656692504883,29.64005470275879
2010-10-04,36.70861053466797,29.614370346069336
2010-10-05,36.840675354003906,30.050920486450195
2010-10-06,36.80767822265625,30.108692169189453
2010-10-07,36.88197708129883,29.819793701171875
2010-10-08,37.005859375,30.13437271118164
2010-10-11,37.084312438964844,30.121532440185547
2010-10-12,37.051246643066406,29.99313735961914
2010-10-13,37.175148010253906,30.46820640563965
2010-10-14,36.997581481933594,30.5067081451416
2010-10-15,37.09257888793945,30.442516326904297
2010-10-18,37.04301071166992,30.42325782775879
2010-10-19,37.03887939453125,29.48598289489746
2010-10-20,37.15448760986328,29.98672866821289
2010-10-21,37.096675872802734,29.954618453979492
2010-10-22,37.265953063964844,30.03165054321289
2010-10-25,37.41047286987305,30.359071731567383
2010-10-26,37.46825408935547,30.359071731567383
2010-10-27,37.42696762084961,29.858322143554688
2010-10-28,37.4476318359375,30.012392044067383
2010-10-29,37.46413040161133,30.08944320678711
2010-11-01,37.3939208984375,30.404001235961914
2010-11-02,37.576778411865234,30.763511657714844
2010-11-03,37.70148849487305,30.97536277770996
2010-11-04,38.191890716552734,31.66227912902832
2010-11-05,38.150325775146484,31.610919952392578
2010-11-08,38.03814697265625,31.45684051513672
2010-11-09,37.93006134033203,31.11659812927246
2010-11-10,37.61833953857422,31.28350830078125
2010-11-11,37.46870422363281,31.045978546142578
2010-11-12,37.33157730102539,30.314123153686523
2010-11-15,37.26089096069336,30.27561378479004
2010-11-16,36.849403381347656,29.466712951660156
2010-11-17,37.036476135253906,29.59511375427246
2010-11-18,37.50613021850586,30.269189834594727
2010-11-19,37.49364471435547,30.307703018188477
2010-11-22,37.231788635253906,30.243507385253906
2010-11-23,36.7205810546875,29.274127960205078
2010-11-24,36.940887451171875,29.922517776489258
2010-11-26,36.80787658691406,29.274127960205078
2010-11-29,36.903465270996094,29.441030502319336
2010-11-30,36.98658752441406,29.23560333251953
2010-12-01,37.32883071899414,30.115110397338867
2010-12-02,37.3497314453125,30.590173721313477
2010-12-03,37.41250228881836,30.692882537841797
2010-12-06,37.39159393310547,30.680055618286133
2010-12-07,37.58405685424805,30.538818359375
2010-12-08,37.462711334228516,30.352642059326172
2010-12-09,37.38324737548828,30.282026290893555
2010-12-10,37.39998245239258,30.41684341430664
2010-12-13,37.21166229248047,30.57733726501465
2010-12-14,37.39573669433594,30.60942268371582
2010-12-15,37.24932098388672,30.160049438476562
2010-12-16,37.38741683959961,30.333383560180664
2010-12-17,37.44179916381836,30.307703018188477
2010-12-20,37.50872802734375,30.21782684326172
2010-12-21,37.5882568359375,30.60942268371582
2010-12-22,37.692832946777344,30.730260848999023
2010-12-23,37.73047637939453,30.684547424316406
2010-12-27,37.75973892211914,30.625755310058594
2010-12-28,37.783790588378906,30.651885986328125
2010-12-29,37.91008758544922,31.02418327331543
2010-12-30,37.95219039916992,31.24625587463379
2010-12-31,38.019554138183594,31.4487247467041
2011-01-03,38.04905319213867,31.755695343017578
2011-01-04,38.221683502197266,31.879796981811523
2011-01-05,38.31855010986328,31.762229919433594
2011-01-06,38.36487579345703,31.481369018554688
2011-01-07,38.21748733520508,31.187463760375977
2011-01-10,38.18798065185547,30.86742401123047
2011-01-11,38.33540725708008,31.213600158691406
2011-01-12,38.41539001464844,31.925504684448242
2011-01-13,38.40696334838867,31.5662841796875
2011-01-14,38.47014617919922,31.65118980407715
2011-01-18,38.46591567993164,31.644664764404297
2011-01-19,38.34801483154297,31.3834171295166
2011-01-20,38.272212982177734,31.109088897705078
2011-01-21,38.42802429199219,30.8021183013916
2011-01-24,38.48279571533203,31.011119842529297
2011-01-25,38.5417366027832,30.828245162963867
2011-01-26,38.621742248535156,31.11562156677246
2011-01-27,38.67225646972656,31.011119842529297
2011-01-28,38.440673828125,30.05100440979004
2011-01-31,38.6469841003418,30.364505767822266
2011-02-01,38.72282791137695,31.017642974853516
2011-02-02,38.76521682739258,30.775983810424805
2011-02-03,38.76521682739258,30.749858856201172
2011-02-04,38.934757232666016,30.73679542541504
2011-02-07,39.006778717041016,30.651885986328125
2011-02-08,39.04920196533203,30.566972732543945
2011-02-09,38.828819274902344,29.97262954711914
2011-02-10,38.871192932128906,29.67217254638672
2011-02-11,38.96865463256836,29.99875259399414
2011-02-14,38.998313903808594,29.979150772094727
2011-02-15,38.92203140258789,30.03792953491211
2011-02-16,38.934757232666016,30.305723190307617
2011-02-17,39.023746490478516,30.442886352539062
2011-02-18,39.14242935180664,30.632293701171875
2011-02-22,38.82032012939453,29.60686492919922
2011-02-23,38.85847473144531,29.580738067626953
2011-02-24,38.88812255859375,29.64604377746582
2011-02-25,39.006778717041016,30.05100440979004
2011-02-28,39.20173645019531,30.312244415283203
2011-03-01,39.1416015625,29.99875259399414
2011-03-02,39.175750732421875,30.41675567626953
2011-03-03,39.316463470458984,30.984996795654297
2011-03-04,39.23543167114258,30.952327728271484
2011-03-07,39.243953704833984,30.580053329467773
2011-03-08,39.20983123779297,30.919668197631836
2011-03-09,39.09894561767578,30.92621612548828
2011-03-10,38.8942756652832,30.070592880249023
2011-03-11,38.8857536315918,30.286134719848633
2011-03-14,38.72792053222656,30.514732360839844
2011-03-15,38.52748107910156,30.031404495239258
2011-03-16,38.28866958618164,29.384794235229492
2011-03-17,38.70232009887695,29.7832088470459
2011-03-18,38.8857536315918,29.874656677246094
2011-03-21,39.124549865722656,30.410232543945312
2011-03-22,39.145877838134766,30.442886352539062
2011-03-23,39.09894561767578,30.83476448059082
2011-03-24,39.13307571411133,31.213600158691406
2011-03-25,39.145877838134766,31.213600158691406
2011-03-28,39.15867614746094,31.03070831298828
2011-03-29,39.18000030517578,31.337696075439453
2011-03-30,39.23970413208008,31.723045349121094
2011-03-31,39.21837615966797,31.971240997314453
2011-04-01,39.17117691040039,32.493751525878906
2011-04-04,39.411468505859375,32.794185638427734
2011-04-05,39.36858367919922,32.7027473449707
2011-04-06,39.45439529418945,32.85297393798828
2011-04-07,39.49303436279297,32.84644317626953
2011-04-08,39.49303436279297,32.89868927001953
2011-04-11,39.45439529418945,32.526405334472656
2011-04-12,39.3299560546875,31.945100784301758
2011-04-13,39.518775939941406,32.160640716552734
2011-04-14,39.3599967956543,32.35005187988281
2011-04-15,39.411468505859375,32.36311721801758
2011-04-18,39.2741813659668,31.611997604370117
2011-04-19,39.411468505859375,32.03654098510742
2011-04-20,39.561683654785156,32.83991241455078
2011-04-21,39.656105041503906,33.120758056640625
2011-04-25,39.61317825317383,32.83991241455078
2011-04-26,39.70331573486328,33.09462356567383
2011-04-27,39.72905731201172,33.088104248046875
2011-04-28,39.75048828125,32.81379318237305
2011-04-29,39.84489440917969,33.04891586303711
2011-05-02,39.82463073730469,32.996665954589844
2011-05-03,39.83325958251953,32.32392501831055
2011-05-04,39.820308685302734,31.74263572692871
2011-05-05,39.65620422363281,31.409536361694336
2011-05-06,39.85917282104492,31.834083557128906
2011-05-09,39.910987854003906,31.918981552124023
2011-05-10,39.9973258972168,32.19329833984375
2011-05-11,39.936859130859375,31.605485916137695
2011-05-12,39.97574996948242,31.605485916137695
2011-05-13,39.811676025390625,30.971925735473633
2011-05-16,39.88938522338867,30.965396881103516
2011-05-17,39.958492279052734,31.109088897705078
2011-05-18,40.005977630615234,31.55974578857422
2011-05-19,39.98869323730469,31.40300178527832
2011-05-20,39.958492279052734,31.161334991455078
2011-05-23,39.76850128173828,30.521265029907227
2011-05-24,39.703712463378906,30.782516479492188
2011-05-25,39.703712463378906,30.854354858398438
2011-05-26,39.66914749145508,31.233184814453125
2011-05-27,39.790096282958984,31.546688079833984
2011-05-31,39.89801788330078,32.075740814208984
2011-06-01,39.666038513183594,31.611997604370117
2011-06-02,39.639976501464844,31.88632583618164
2011-06-03,39.483543395996094,31.69038200378418
2011-06-06,39.387962341308594,31.265838623046875
2011-06-07,39.357547760009766,31.514034271240234
2011-06-08,39.17075729370117,31.311553955078125
2011-06-09,39.19679641723633,31.4879093170166
2011-06-10,38.94049835205078,30.841299057006836
2011-06-13,38.79276657104492,30.782516479492188
2011-06-14,39.03606414794922,31.220115661621094
2011-06-15,38.87095642089844,30.60617446899414
2011-06-16,38.18017578125,30.364505767822266
2011-06-17,38.60159683227539,30.41675567626953
2011-06-20,38.87095642089844,30.33184814453125
2011-06-21,39.13163757324219,30.86089324951172
2011-06-22,38.8492317199707,30.619224548339844
2011-06-23,39.05780029296875,30.46246337890625
2011-06-24,38.87095642089844,30.46246337890625
2011-06-27,38.86225891113281,30.73679542541504
2011-06-28,39.018680572509766,31.135211944580078
2011-06-29,39.40531921386719,31.396461486816406
2011-06-30,39.67039108276367,31.755695343017578
2011-07-01,39.88109588623047,32.12145233154297
2011-07-05,39.933589935302734,32.03654098510742
2011-07-06,39.951053619384766,31.95163917541504
2011-07-07,40.10851287841797,32.33699035644531
2011-07-08,39.99917984008789,32.00387954711914
2011-07-11,39.605655670166016,31.0894775390625
2011-07-12,39.49633026123047,30.81517791748047
2011-07-13,39.802406311035156,31.278913497924805
2011-07-14,39.780548095703125,30.99805450439453
2011-07-15,39.76742172241211,31.17440414428711
2011-07-18,39.69744873046875,30.821699142456055
2011-07-19,39.87674331665039,31.265838623046875
2011-07-20,39.91175079345703,31.331157684326172
2011-07-21,40.104129791259766,31.768754959106445
2011-07-22,40.15657424926758,31.794879913330078
2011-07-25,39.94233703613281,31.755695343017578
2011-07-26,40.025428771972656,31.89284896850586
2011-07-27,39.71059799194336,31.389934539794922
2011-07-28,39.77181625366211,31.422592163085938
2011-07-29,39.81117630004883,31.55974578857422
2011-08-01,39.89958572387695,31.533632278442383
2011-08-02,39.406883239746094,30.61270523071289
2011-08-03,39.384883880615234,30.475536346435547
2011-08-04,38.249942779541016,28.731657028198242
2011-08-05,38.21036148071289,28.50959014892578
2011-08-08,36.58272171020508,26.210542678833008
2011-08-09,37.700035095214844,27.608259201049805
2011-08-10,37.06218338012695,26.18440818786621
2011-08-11,37.73525619506836,27.693164825439453
2011-08-12,37.55928039550781,27.673553466796875
2011-08-15,38.17072677612305,28.339773178100586
2011-08-16,37.92880630493164,28.02625846862793
2011-08-17,38.34670639038086,28.215675354003906
2011-08-18,37.88043212890625,27.02042579650879
2011-08-19,37.550472259521484,26.608957290649414
2011-08-22,37.594444274902344,26.582826614379883
2011-08-23,37.87600326538086,27.497236251831055
2011-08-24,37.704437255859375,27.307804107666016
2011-08-25,37.40091323852539,26.772232055664062
2011-08-26,37.77922439575195,27.170635223388672
2011-08-29,38.16194534301758,28.045856475830078
2011-08-30,38.23231887817383,28.085060119628906
2011-08-31,38.725040435791016,28.692474365234375
2011-09-01,38.69977569580078,28.555301666259766
2011-09-02,38.51826858520508,27.947895050048828
2011-09-06,38.06224822998047,27.614784240722656
2011-09-07,38.24822235107422,28.4246768951416
2011-09-08,38.367740631103516,27.843381881713867
2011-09-09,38.02239227294922,26.876737594604492
2011-09-12,37.69476318359375,26.778762817382812
2011-09-13,37.98255920410156,26.817951202392578
2011-09-14,38.234901428222656,26.706918716430664
2011-09-15,38.49171447753906,27.059621810913086
2011-09-16,38.46957015991211,27.12493324279785
2011-09-19,38.41201400756836,26.360755920410156
2011-09-20,38.4739875793457,26.26279067993164
2011-09-21,38.14192581176758,25.26348114013672
2011-09-22,37.62394714355469,23.513059616088867
2011-09-23,37.725772857666016,24.02904510498047
2011-09-26,37.86745071411133,24.26417350769043
2011-09-27,37.91170883178711,25.028348922729492
2011-09-28,37.4866828918457,24.414396286010742
2011-09-29,37.41584396362305,24.7017765045166
2011-09-30,36.67205047607422,23.402027130126953
2011-10-03,36.2299919128418,22.99055290222168
2011-10-04,36.11855697631836,23.284456253051758
2011-10-05,36.55974578857422,23.689409255981445
2011-10-06,37.125701904296875,24.47970962524414
2011-10-07,37.15690994262695,24.172725677490234
2011-10-10,37.95458221435547,25.26348114013672
2011-10-11,37.535682678222656,25.335325241088867
2011-10-12,38.40913772583008,26.04071807861328
2011-10-13,38.24868392944336,25.851308822631836
2011-10-14,38.516082763671875,26.26930809020996
2011-10-17,38.29327392578125,25.465951919555664
2011-10-18,38.49827575683594,26.119091033935547
2011-10-19,38.373504638671875,25.668432235717773
2011-10-20,38.71215057373047,25.165504455566406
2011-10-21,39.180076599121094,25.86436653137207
2011-10-24,40.24066925048828,26.817951202392578
2011-10-25,39.527687072753906,26.321563720703125
2011-10-26,39.697017669677734,26.791831970214844
2011-10-27,40.28078842163086,28.392017364501953
2011-10-28,40.16045379638672,28.23525619506836
2011-10-31,39.786128997802734,27.12493324279785
2011-11-01,39.07606506347656,26.524044036865234
2011-11-02,39.448143005371094,27.2359619140625
2011-11-03,39.8381233215332,27.536407470703125
2011-11-04,39.79779052734375,27.418834686279297
2011-11-07,39.66331481933594,27.614784240722656
2011-11-08,39.75297927856445,27.9609432220459
2011-11-09,38.91023254394531,26.426069259643555
2011-11-10,38.9505500793457,26.563230514526367
2011-11-11,39.46607208251953,27.170635223388672
2011-11-14,39.20158386230469,26.850614547729492
2011-11-15,39.0984992980957,26.987770080566406
2011-11-16,38.717445373535156,26.354223251342773
2011-11-17,38.5291633605957,25.70107650756836
2011-11-18,38.502281188964844,25.75986099243164
2011-11-21,38.06743621826172,24.963037490844727
2011-11-22,37.77607345581055,25.008756637573242
2011-11-23,37.094696044921875,24.283761978149414
2011-11-25,37.094696044921875,24.172725677490234
2011-11-28,37.92401885986328,25.23735237121582
2011-11-29,38.170562744140625,25.100196838378906
2011-11-30,38.82058334350586,26.66119956970215
2011-12-01,38.99153137207031,26.608957290649414
2011-12-02,39.21257400512695,26.543636322021484
2011-12-05,39.43362808227539,26.98123550415039
2011-12-06,39.609580993652344,26.582826614379883
2011-12-07,39.483238220214844,26.73304557800293
2011-12-08,39.22612380981445,25.825180053710938
2011-12-09,39.564483642578125,26.25625228881836
2011-12-12,39.352455139160156,25.328784942626953
2011-12-13,39.20355987548828,25.113256454467773
2011-12-14,39.135921478271484,24.7540225982666
2011-12-15,39.27571487426758,24.904247283935547
2011-12-16,39.460689544677734,25.080595016479492
2011-12-19,39.411102294921875,24.433988571166992
2011-12-20,39.90285110473633,25.400638580322266
2011-12-21,40.01560974121094,25.53170394897461
2011-12-22,40.168975830078125,25.785825729370117
2011-12-23,40.35395431518555,25.899505615234375
2011-12-27,40.51508331298828,25.69219970703125
2011-12-28,40.32444381713867,25.257532119750977
2011-12-29,40.564979553222656,25.518327713012695
2011-12-30,40.58769607543945,25.551774978637695
2012-01-03,40.719295501708984,26.300731658935547
2012-01-04,40.65123748779297,26.227176666259766
2012-01-05,40.47422409057617,26.100120544433594
2012-01-06,40.347137451171875,25.792503356933594
2012-01-09,40.40159606933594,25.999820709228516
2012-01-10,40.54231643676758,26.581594467163086
2012-01-11,40.501461029052734,26.588281631469727
2012-01-12,40.44700241088867,26.722026824951172
2012-01-13,40.40159606933594,26.494659423828125
2012-01-17,40.48332595825195,26.929340362548828
2012-01-18,40.596771240234375,27.591354370117188
2012-01-19,40.65575408935547,27.852155685424805
2012-01-20,40.65575408935547,27.885595321655273
2012-01-23,40.79644012451172,28.032712936401367
2012-01-24,40.90082550048828,28.08620834350586
2012-01-25,41.259376525878906,28.413888931274414
2012-01-26,41.359222412109375,28.300201416015625
2012-01-27,41.209495544433594,28.50750732421875
2012-01-30,41.077850341796875,28.079530715942383
2012-01-31,41.18223571777344,28.306896209716797
2012-02-01,41.2584342956543,28.962242126464844
2012-02-02,41.28584289550781,29.07592010498047
2012-02-03,41.4045295715332,29.56407356262207
2012-02-06,41.41362762451172,29.289899826049805
2012-02-07,41.495765686035156,29.350093841552734
2012-02-08,41.53230285644531,29.577451705932617
2012-02-09,41.550533294677734,29.56407356262207
2012-02-10,41.18998336791992,28.942174911499023
2012-02-13,41.30864715576172,29.376848220825195
2012-02-14,41.30864715576172,29.16284942626953
2012-02-15,41.17627716064453,29.243093490600586
2012-02-16,41.3497200012207,29.53733253479004
2012-02-17,41.33604049682617,29.61090087890625
2012-02-21,41.491207122802734,29.497209548950195
2012-02-22,41.623592376708984,29.59083366394043
2012-02-23,41.7741813659668,29.523958206176758
2012-02-24,41.90196228027344,29.764692306518555
2012-02-27,41.91114044189453,29.523958206176758
2012-02-28,41.993255615234375,29.898447036743164
2012-02-29,42.04801559448242,29.844953536987305
2012-03-01,42.12010192871094,30.152555465698242
2012-03-02,41.94562530517578,30.07230567932129
2012-03-05,41.711544036865234,29.624267578125
2012-03-06,41.156036376953125,28.5810604095459
2012-03-07,41.270809173583984,28.922103881835938
2012-03-08,41.59217834472656,29.55739974975586
2012-03-09,41.6380500793457,29.5306453704834
2012-03-12,41.6380500793457,29.256473541259766
2012-03-13,41.941062927246094,30.005430221557617
2012-03-14,41.835445404052734,29.497209548950195
2012-03-15,41.693145751953125,29.737953186035156
2012-03-16,41.54166793823242,29.724576950073242
2012-03-19,41.69773864746094,29.55739974975586
2012-03-20,41.66560363769531,29.142791748046875
2012-03-21,41.53249740600586,29.209667205810547
2012-03-22,41.63346481323242,28.75493812561035
2012-03-23,41.54624938964844,28.962242126464844
2012-03-26,41.79875183105469,29.410268783569336
2012-03-27,41.872188568115234,29.276535034179688
2012-03-28,41.7344856262207,28.861923217773438
2012-03-29,41.72987747192383,28.768312454223633
2012-03-30,41.647274017333984,29.069225311279297
2012-04-02,41.71879196166992,29.396907806396484
2012-04-03,41.68187713623047,29.28322982788086
2012-04-04,41.52946472167969,28.701433181762695
2012-04-05,41.4278450012207,28.868610382080078
2012-04-09,41.21542739868164,28.447322845458984
2012-04-10,41.01220703125,27.898977279663086
2012-04-11,41.261592864990234,28.17981719970703
2012-04-12,41.63106918334961,28.895374298095703
2012-04-13,41.49713897705078,28.467391967773438
2012-04-16,41.56181716918945,28.333635330200195
2012-04-17,41.741920471191406,28.62787437438965
2012-04-18,41.72808074951172,28.50082015991211
2012-04-19,41.64952850341797,28.407201766967773
2012-04-20,41.71421813964844,28.587753295898438
2012-04-23,41.626461029052734,28.066143035888672
2012-04-24,41.72343826293945,28.112960815429688
2012-04-25,42.02828598022461,28.353702545166016
2012-04-26,42.05598831176758,28.527578353881836
2012-04-27,42.0374870300293,28.54093360900879
2012-04-30,42.12063980102539,28.460697174072266
2012-05-01,42.152679443359375,28.661317825317383
2012-05-02,42.31526565551758,28.62787437438965
2012-05-03,42.287376403808594,28.353702545166016
2012-05-04,42.20377731323242,27.885595321655273
2012-05-07,42.27342224121094,27.945785522460938
2012-05-08,42.26416778564453,27.54454803466797
2012-05-09,42.11554718017578,27.17006492614746
2012-05-10,42.06911087036133,27.310497283935547
2012-05-11,42.1759033203125,26.936006546020508
2012-05-14,41.86472702026367,26.32748031616211
2012-05-15,41.660362243652344,26.126861572265625
2012-05-16,41.251670837402344,25.712257385253906
2012-05-17,40.68044662475586,25.377901077270508
2012-05-18,40.68044662475586,25.2174015045166
2012-05-21,41.103031158447266,25.799192428588867
2012-05-22,41.09840774536133,25.591896057128906
2012-05-23,41.05662155151367,25.38458824157715
2012-05-24,41.06586837768555,25.23078727722168
2012-05-25,40.93584060668945,25.123783111572266
2012-05-29,41.386356353759766,25.81926155090332
2012-05-30,41.20058059692383,25.344463348388672
2012-05-31,40.764015197753906,25.424711227416992
2012-06-01,40.40979766845703,24.79611587524414
2012-06-04,40.442474365234375,24.889741897583008
2012-06-05,40.69952392578125,24.983352661132812
2012-06-06,41.13414764404297,25.685516357421875
2012-06-07,41.288360595703125,25.80588150024414
2012-06-08,41.44725036621094,25.591896057128906
2012-06-11,41.17618942260742,25.277591705322266
2012-06-12,41.46593475341797,25.80588150024414
2012-06-13,41.34440612792969,25.6788272857666
2012-06-14,41.652854919433594,25.82594871520996
2012-06-15,41.727638244628906,26.240549087524414
2012-06-18,41.74166488647461,26.340852737426758
2012-06-19,42.03606033325195,26.742090225219727
2012-06-20,42.19963073730469,26.70196533203125
2012-06-21,41.85380554199219,25.72564125061035
2012-06-22,42.13886260986328,25.832632064819336
2012-06-25,42.07343292236328,25.364526748657227
2012-06-26,42.0127067565918,25.591896057128906
2012-06-27,42.265071868896484,25.73232650756836
2012-06-28,42.260398864746094,25.625329971313477
2012-06-29,42.66228485107422,26.70196533203125
2012-07-02,42.70835876464844,26.728713989257812
2012-07-03,42.863460540771484,27.21687889099121
2012-07-05,42.868141174316406,26.982824325561523
2012-07-06,42.81171798706055,26.494659423828125
2012-07-09,42.825836181640625,26.374286651611328
2012-07-10,42.637874603271484,26.113487243652344
2012-07-11,42.774166107177734,26.23386001586914
2012-07-12,42.68014144897461,25.81926155090332
2012-07-13,42.81171798706055,26.300731658935547
2012-07-16,42.647254943847656,26.24724006652832
2012-07-17,42.849342346191406,26.56153678894043
2012-07-18,43.027931213378906,26.46792221069336
2012-07-19,43.136024475097656,26.735397338867188
2012-07-20,42.93390655517578,26.33417320251465
2012-07-23,42.863460540771484,25.69219970703125
2012-07-24,42.6002311706543,25.585195541381836
2012-07-25,42.510948181152344,25.69219970703125
2012-07-26,42.94805145263672,26.240549087524414
2012-07-27,43.201839447021484,27.00957489013672
2012-07-30,43.201839447021484,26.849082946777344
2012-07-31,43.09843826293945,26.755455017089844
2012-08-01,43.332393646240234,26.842395782470703
2012-08-02,43.15750503540039,26.46792221069336
2012-08-03,43.33711242675781,27.257003784179688
2012-08-06,43.308746337890625,27.424182891845703
2012-08-07,43.22368621826172,27.477676391601562
2012-08-08,43.25206756591797,27.557931900024414
2012-08-09,43.25676345825195,27.69167137145996
2012-08-10,43.218955993652344,27.81871795654297
2012-08-13,43.24258804321289,27.591354370117188
2012-08-14,43.308746337890625,27.598047256469727
2012-08-15,43.10081481933594,27.524497985839844
2012-08-16,43.26148223876953,27.805355072021484
2012-08-17,43.26148223876953,27.65154266357422
2012-08-20,43.313480377197266,27.65154266357422
2012-08-21,43.40800094604492,27.591354370117188
2012-08-22,43.365455627441406,27.611433029174805
2012-08-23,43.35602569580078,27.370685577392578
2012-08-24,43.54977798461914,27.384052276611328
2012-08-27,43.516700744628906,27.10988426208496
2012-08-28,43.47888946533203,27.063077926635742
2012-08-29,43.54033660888672,26.929340362548828
2012-08-30,43.52145004272461,26.601652145385742
2012-08-31,43.63484573364258,26.822343826293945
2012-09-04,43.633907318115234,26.695280075073242
2012-09-05,43.63865661621094,26.554841995239258
2012-09-06,43.89524459838867,27.12326431274414
2012-09-07,43.97127914428711,27.758543014526367
2012-09-10,43.900020599365234,27.424182891845703
2012-09-11,44.19939422607422,27.725112915039062
2012-09-12,44.33243942260742,27.84547996520996
2012-09-13,44.61758804321289,28.55432891845703
2012-09-14,44.61283493041992,28.902053833007812
2012-09-17,44.574790954589844,28.64794158935547
2012-09-18,44.59381866455078,28.62787437438965
2012-09-19,44.53682327270508,28.621187210083008
2012-09-20,44.32768630981445,28.480749130249023
2012-09-21,44.265926361083984,28.52088165283203
2012-09-24,44.208919525146484,28.510726928710938
2012-09-25,43.814422607421875,28.09771728515625
2012-09-26,43.595863342285156,27.969085693359375
2012-09-27,44.07112121582031,28.415929794311523
2012-09-28,43.862003326416016,28.246679306030273
2012-10-01,43.78794860839844,28.54458236694336
2012-10-02,43.8978157043457,28.524272918701172
2012-10-03,44.00770950317383,28.375316619873047
2012-10-04,44.19398880004883,28.639368057250977
2012-10-05,44.170135498046875,28.619062423706055
2012-10-08,44.108009338378906,28.35500144958496
2012-10-09,43.98380661010742,28.12480354309082
2012-10-10,43.87872314453125,27.982620239257812
2012-10-11,44.11759567260742,28.246679306030273
2012-10-12,44.19398880004883,28.165420532226562
2012-10-15,44.39463806152344,28.35500144958496
2012-10-16,44.55708312988281,28.605514526367188
2012-10-17,44.657405853271484,28.835702896118164
2012-10-18,44.63351821899414,28.754480361938477
2012-10-19,44.40897750854492,28.307598114013672
2012-10-22,44.41853713989258,28.5987491607666
2012-10-23,44.25133514404297,28.00293731689453
2012-10-24,44.21309280395508,28.050331115722656
2012-10-25,44.28477478027344,28.327922821044922
2012-10-26,44.1796760559082,28.131576538085938
2012-10-31,44.232234954833984,28.090959548950195
2012-11-01,44.20833969116211,28.503971099853516
2012-11-02,44.146244049072266,28.327922821044922
2012-11-05,44.0745735168457,28.463329315185547
2012-11-06,44.14144515991211,28.64613914489746
2012-11-07,43.87872314453125,28.212820053100586
2012-11-08,43.73541259765625,27.867530822753906
2012-11-09,43.65895462036133,27.969085693359375
2012-11-12,43.673301696777344,28.050331115722656
2012-11-13,43.57297134399414,27.786287307739258
2012-11-14,43.334068298339844,27.38005256652832
2012-11-15,43.31501007080078,27.474836349487305
2012-11-16,43.43921661376953,27.54253578186035
2012-11-19,43.98859786987305,28.03002166748047
2012-11-20,43.993370056152344,27.962318420410156
2012-11-21,43.97903823852539,27.921693801879883
2012-11-23,44.12714385986328,28.35500144958496
2012-11-26,44.13669967651367,28.395620346069336
2012-11-27,44.1796760559082,28.15865707397461
2012-11-28,44.189231872558594,28.294071197509766
2012-11-29,44.385074615478516,28.49041748046875
2012-11-30,44.451969146728516,28.449790954589844
2012-12-03,44.677223205566406,28.456560134887695
2012-12-04,44.677223205566406,28.531021118164062
2012-12-05,44.74925231933594,28.85602378845215
2012-12-06,44.830894470214844,29.038822174072266
2012-12-07,44.763641357421875,29.140377044677734
2012-12-10,44.80205154418945,29.33673667907715
2012-12-11,44.84531021118164,29.485685348510742
2012-12-12,44.97976303100586,29.600786209106445
2012-12-13,44.821285247802734,29.458602905273438
2012-12-14,44.78765869140625,29.607547760009766
2012-12-17,44.960540771484375,29.68203353881836
2012-12-18,44.98460388183594,29.864830017089844
2012-12-19,44.93655014038086,29.824201583862305
2012-12-20,45.09508514404297,30.029415130615234
2012-12-21,44.965354919433594,29.701068878173828
2012-12-24,44.80205154418945,29.639516830444336
2012-12-26,44.91069793701172,29.714759826660156
2012-12-27,45.00244140625,29.926815032958984
2012-12-28,44.881736755371094,30.015727996826172
2012-12-31,45.074893951416016,30.46036720275879
2013-01-02,45.499839782714844,31.103364944458008
2013-01-03,45.35978698730469,30.918678283691406
2013-01-04,45.3887825012207,30.973400115966797
2013-01-07,45.42741012573242,30.706621170043945
2013-01-08,45.39357376098633,30.453521728515625
2013-01-09,45.480506896972656,30.631376266479492
2013-01-10,45.557743072509766,30.904985427856445
2013-01-11,45.63983154296875,30.672428131103516
2013-01-14,45.57706832885742,30.795547485351562
2013-01-15,45.586734771728516,30.67924690246582
2013-01-16,45.50944900512695,30.624542236328125
2013-01-17,45.67363739013672,30.83658790588379
2013-01-18,45.73639678955078,30.87078285217285
2013-01-22,45.76539611816406,30.843433380126953
2013-01-23,45.712242126464844,30.645051956176758
2013-01-24,45.813682556152344,30.556129455566406
2013-01-25,45.799171447753906,30.480894088745117
2013-01-28,45.775047302246094,30.255163192749023
2013-01-29,45.69774627685547,30.61085319519043
2013-01-30,45.369449615478516,30.453521728515625
2013-01-31,45.22944641113281,30.480894088745117
2013-02-01,45.37940979003906,30.686111450195312
2013-02-04,45.19007873535156,30.28935432434082
2013-02-05,45.29204177856445,30.37828826904297
2013-02-06,45.22407150268555,30.303041458129883
2013-02-07,45.136695861816406,30.056787490844727
2013-02-08,45.146400451660156,30.29620933532715
2013-02-11,45.14156723022461,30.282514572143555
2013-02-12,45.2968864440918,30.330400466918945
2013-02-13,45.36485290527344,30.453521728515625
2013-02-14,45.34543991088867,30.426172256469727
2013-02-15,45.350303649902344,30.37828826904297
2013-02-19,45.393978118896484,30.39196014404297
2013-02-20,45.350303649902344,30.111513137817383
2013-02-21,45.39883041381836,29.769481658935547
2013-02-22,45.51048278808594,29.88576889038086
2013-02-25,45.36968994140625,29.441146850585938
2013-02-26,45.593013763427734,29.639516830444336
2013-02-27,45.67069625854492,29.906293869018555
2013-02-28,45.65126037597656,29.76264190673828
2013-03-01,45.74205017089844,29.803691864013672
2013-03-04,45.746917724609375,29.543752670288086
2013-03-05,45.839656829833984,29.878942489624023
2013-03-06,45.81037521362305,30.0362548828125
2013-03-07,45.87869644165039,30.111513137817383
2013-03-08,45.932395935058594,30.38511848449707
2013-03-11,45.903099060058594,30.248323440551758
2013-03-12,45.88358688354492,29.94049644470215
2013-03-13,45.89335632324219,29.653217315673828
2013-03-14,46.069068908691406,29.803691864013672
2013-03-15,46.06415939331055,29.557435989379883
2013-03-18,46.07393264770508,29.22909927368164
2013-03-19,45.995849609375,29.00336265563965
2013-03-20,46.14712142944336,29.174365997314453
2013-03-21,46.06415939331055,28.9075870513916
2013-03-22,46.02997970581055,28.995283126831055
2013-03-25,45.96168518066406,28.933629989624023
2013-03-26,46.044654846191406,29.262414932250977
2013-03-27,45.96656799316406,29.372013092041016
2013-03-28,46.049537658691406,29.385705947875977
2013-04-01,46.13196563720703,29.12541389465332
2013-04-02,46.09761047363281,29.15281105041504
2013-04-03,46.09761047363281,28.789777755737305
2013-04-04,46.08290100097656,28.78292465209961
2013-04-05,46.1270637512207,28.741836547851562
2013-04-08,46.176109313964844,28.81718635559082
2013-04-09,46.32327651977539,29.11857032775879
2013-04-10,46.470489501953125,29.372013092041016
2013-04-11,46.470489501953125,29.365158081054688
2013-04-12,46.485206604003906,29.00211524963379
2013-04-15,46.19084167480469,28.241790771484375
2013-04-16,46.509727478027344,28.865108489990234
2013-04-17,46.43614196777344,28.44728660583496
2013-04-18,46.36253356933594,28.50893783569336
2013-04-19,46.3380012512207,28.919923782348633
2013-04-22,46.44594955444336,28.995283126831055
2013-04-23,46.62748336791992,29.139118194580078
2013-04-24,46.710853576660156,29.324066162109375
2013-04-25,46.838417053222656,29.570653915405273
2013-04-26,46.78935623168945,29.296661376953125
2013-04-29,46.87767028808594,29.60490608215332
2013-04-30,47.02484130859375,29.974794387817383
2013-05-01,46.93513488769531,29.65970802307129
2013-05-02,47.235870361328125,29.933692932128906
2013-05-03,47.30982971191406,30.139192581176758
2013-05-06,47.33940124511719,30.173431396484375
2013-05-07,47.30491256713867,30.413183212280273
2013-05-08,47.47249221801758,30.680335998535156
2013-05-09,47.33448028564453,30.440580368041992
2013-05-10,47.08797836303711,30.324138641357422
2013-05-13,46.895713806152344,30.050138473510742
2013-05-14,46.944969177246094,30.193988800048828
2013-05-15,46.949951171875,30.166593551635742
2013-05-16,47.06332015991211,30.050138473510742
2013-05-17,47.06332015991211,30.152891159057617
2013-05-20,47.11262893676758,30.221384048461914
2013-05-21,47.20138168334961,30.200841903686523
2013-05-22,46.91050720214844,29.858348846435547
2013-05-23,46.78230667114258,29.639162063598633
2013-05-24,46.693546295166016,29.34461212158203
2013-05-28,46.52099609375,29.48845672607422
2013-05-29,46.333614349365234,29.07746124267578
2013-05-30,46.42731857299805,29.008960723876953
2013-05-31,45.811065673828125,28.45413589477539
2013-06-03,45.77088165283203,28.906225204467773
2013-06-04,45.77088165283203,28.577428817749023
2013-06-05,45.374473571777344,27.995210647583008
2013-06-06,45.731292724609375,28.282896041870117
2013-06-07,45.76100158691406,28.159603118896484
2013-06-10,45.66682434082031,27.762292861938477
2013-06-11,45.38436508178711,27.21432113647461
2013-06-12,45.419063568115234,27.029376983642578
2013-06-13,45.93942642211914,27.6527042388916
2013-06-14,45.99393081665039,27.255430221557617
2013-06-17,45.98897171020508,27.447216033935547
2013-06-18,46.10295867919922,27.50885772705078
2013-06-19,45.414127349853516,26.632091522216797
2013-06-20,44.968109130859375,25.474472045898438
2013-06-21,44.675716400146484,25.92655372619629
2013-06-24,44.12565231323242,25.340600967407227
2013-06-25,44.75498580932617,25.82657814025879
2013-06-26,45.126670837402344,26.375049591064453
2013-06-27,45.3447380065918,26.777713775634766
2013-06-28,45.03746795654297,26.930452346801758
2013-07-01,45.28158950805664,26.97905731201172
2013-07-02,45.14210891723633,26.52084732055664
2013-07-03,45.24673843383789,26.312557220458984
2013-07-05,44.763431549072266,26.187597274780273
2013-07-08,45.38120651245117,26.22925567626953
2013-07-09,45.40614318847656,26.541671752929688
2013-07-10,45.58549880981445,26.2847957611084
2013-07-11,46.15843200683594,27.50669288635254
2013-07-12,46.11361312866211,27.215103149414062
2013-07-15,46.307865142822266,27.569177627563477
2013-07-16,46.19332504272461,27.617780685424805
2013-07-17,46.53203582763672,27.84688377380371
2013-07-18,46.811073303222656,27.57613182067871
2013-07-19,46.781211853027344,27.458101272583008
2013-07-22,46.81605529785156,27.749696731567383
2013-07-23,46.70144271850586,28.05516242980957
2013-07-24,46.307865142822266,27.7149715423584
2013-07-25,46.2032585144043,27.902429580688477
2013-07-26,46.22317886352539,27.812171936035156
2013-07-29,46.12354278564453,27.465036392211914
2013-07-30,46.18830871582031,27.27760124206543
2013-07-31,46.32284164428711,27.117916107177734
2013-08-01,45.88377380371094,27.617780685424805
2013-08-02,46.16413879394531,27.631668090820312
2013-08-05,45.928794860839844,27.423385620117188
2013-08-06,45.88377380371094,27.08319091796875
2013-08-07,45.73857498168945,26.770780563354492
2013-08-08,45.838722229003906,27.36783218383789
2013-08-09,45.843719482421875,27.478933334350586
2013-08-12,45.803688049316406,27.70109748840332
2013-08-13,45.803688049316406,27.812171936035156
2013-08-14,45.713558197021484,27.89548110961914
2013-08-15,45.478248596191406,27.569177627563477
2013-08-16,45.32307052612305,27.270654678344727
2013-08-19,45.022682189941406,26.73606300354004
2013-08-20,45.43820571899414,26.701345443725586
2013-08-21,45.27296447753906,26.111225128173828
2013-08-22,45.518310546875,26.53472900390625
2013-08-23,45.70852279663086,26.847143173217773
2013-08-26,45.713558197021484,26.52779197692871
2013-08-27,45.418182373046875,25.840473175048828
2013-08-28,45.58839416503906,25.81964111328125
2013-08-29,45.77364730834961,25.972373962402344
2013-08-30,45.73357009887695,26.187597274780273
2013-09-03,45.492008209228516,26.340335845947266
2013-09-04,45.663108825683594,26.74994659423828
2013-09-05,45.43159484863281,27.110963821411133
2013-09-06,45.58259582519531,27.478933334350586
2013-09-09,45.698326110839844,28.284265518188477
2013-09-10,45.859405517578125,28.506420135498047
2013-09-11,45.91980743408203,28.548086166381836
2013-09-12,45.86442947387695,28.17319107055664
2013-09-13,45.82920837402344,28.381460189819336
2013-09-16,46.08085632324219,28.693876266479492
2013-09-17,46.23182678222656,28.673053741455078
2013-09-18,46.67473220825195,29.832475662231445
2013-09-19,46.538822174072266,29.714452743530273
2013-09-20,46.48345184326172,29.00630760192871
2013-09-23,46.47843551635742,29.156818389892578
2013-09-24,46.37776565551758,28.862796783447266
2013-09-25,46.297245025634766,28.687788009643555
2013-09-26,46.272151947021484,28.771791458129883
2013-09-27,46.22175216674805,28.36576271057129
2013-09-30,46.09090805053711,28.092758178710938
2013-10-01,46.29070281982422,28.652786254882812
2013-10-02,46.31088638305664,28.743785858154297
2013-10-03,46.34125518798828,28.666776657104492
2013-10-04,46.42216491699219,29.051795959472656
2013-10-07,46.30080032348633,28.792795181274414
2013-10-08,46.28056716918945,28.519771575927734
2013-10-09,46.321006774902344,28.743785858154297
2013-10-10,46.53342056274414,29.3878231048584
2013-10-11,46.6193962097168,29.5068302154541
2013-10-14,46.69019317626953,29.695837020874023
2013-10-15,46.675052642822266,29.338815689086914
2013-10-16,46.9228630065918,29.548837661743164
2013-10-17,47.15044403076172,29.751850128173828
2013-10-18,47.24656677246094,29.751850128173828
2013-10-21,47.14033889770508,29.765853881835938
2013-10-22,47.28193664550781,30.038860321044922
2013-10-23,47.3223991394043,29.380823135375977
2013-10-24,47.33757019042969,29.317825317382812
2013-10-25,47.352745056152344,29.485822677612305
2013-10-28,47.34263229370117,29.569843292236328
2013-10-29,47.41850280761719,29.653850555419922
2013-10-30,47.22627258300781,29.5068302154541
2013-10-31,47.25157928466797,29.310821533203125
2013-11-01,47.1702766418457,29.296823501586914
2013-11-04,47.251590728759766,29.485822677612305
2013-11-05,47.124542236328125,28.89779281616211
2013-11-06,47.26174545288086,29.00281524658203
2013-11-07,47.29226303100586,28.498777389526367
2013-11-08,47.2109489440918,28.400781631469727
2013-11-11,47.03307342529297,28.26775550842285
2013-11-12,46.96699905395508,28.07174301147461
2013-11-13,47.14485549926758,28.183748245239258
2013-11-14,47.28207778930664,28.645788192749023
2013-11-15,47.353233337402344,29.12879753112793
2013-11-18,47.21603775024414,29.415830612182617
2013-11-19,47.195709228515625,29.13581657409668
2013-11-20,47.149932861328125,28.771791458129883
2013-11-21,47.312538146972656,28.764787673950195
2013-11-22,47.3481330871582,28.946802139282227
2013-11-25,47.41928482055664,28.596782684326172
2013-11-26,47.45484161376953,28.617778778076172
2013-11-27,47.424407958984375,28.799795150756836
2013-11-29,47.475215911865234,29.037803649902344
2013-12-02,47.49053192138672,28.49178123474121
2013-12-03,47.44457244873047,28.386756896972656
2013-12-04,47.32200622558594,28.393774032592773
2013-12-05,47.2862548828125,28.30276107788086
2013-12-06,47.41903305053711,28.932796478271484
2013-12-09,47.59263610839844,28.939800262451172
2013-12-10,47.59263610839844,28.995803833007812
2013-12-11,47.44967269897461,28.40776252746582
2013-12-12,47.362857818603516,28.155752182006836
2013-12-13,47.4394645690918,28.2397518157959
2013-12-16,47.48028564453125,28.37976837158203
2013-12-17,47.48540496826172,28.190757751464844
2013-12-18,47.567115783691406,28.652786254882812
2013-12-19,47.51606369018555,28.1767578125
2013-12-20,47.54668426513672,28.11764144897461
2013-12-23,47.582435607910156,28.32173728942871
2013-12-24,47.55689239501953,28.469547271728516
2013-12-26,47.60153579711914,28.28654670715332
2013-12-27,47.596431732177734,28.6243839263916
2013-12-30,47.637481689453125,28.729951858520508
2013-12-31,47.66825485229492,28.955171585083008
2014-01-02,47.75040054321289,27.941679000854492
2014-01-03,47.73497009277344,27.906482696533203
2014-01-06,47.83762741088867,27.63903045654297
2014-01-07,47.83762741088867,27.75164794921875
2014-01-08,47.806846618652344,27.702375411987305
2014-01-09,47.878684997558594,27.526418685913086
2014-01-10,48.02239227294922,28.061330795288086
2014-01-13,47.971065521240234,27.709413528442383
2014-01-14,48.04291534423828,28.01909065246582
2014-01-15,48.140419006347656,28.012062072753906
2014-01-16,48.11989974975586,27.857229232788086
2014-01-17,48.130149841308594,27.758684158325195
2014-01-21,48.191741943359375,27.674217224121094
2014-01-22,48.11989974975586,28.0261287689209
2014-01-23,48.0583381652832,27.385656356811523
2014-01-24,47.7401123046875,26.71702766418457
2014-01-27,47.7247200012207,26.541067123413086
2014-01-28,47.93513107299805,26.71702766418457
2014-01-29,47.791446685791016,26.245464324951172
2014-01-30,47.87354278564453,26.51995849609375
2014-01-31,47.858150482177734,26.512928009033203
2014-02-03,47.714786529541016,25.80909538269043
2014-02-04,47.77146911621094,26.40734100341797
2014-02-05,47.77146911621094,26.315853118896484
2014-02-06,47.941688537597656,26.836671829223633
2014-02-07,48.184146881103516,26.94225311279297
2014-02-10,48.21507263183594,26.639604568481445
2014-02-11,48.29762649536133,27.202669143676758
2014-02-12,48.2202262878418,27.160430908203125
2014-02-13,48.35948944091797,27.18858528137207
2014-02-14,48.436866760253906,27.51938247680664
2014-02-18,48.50390625,27.2871150970459
2014-02-19,48.38010787963867,27.16747283935547
2014-02-20,48.52967834472656,27.3082332611084
2014-02-21,48.570980072021484,27.498266220092773
2014-02-24,48.67927169799805,27.470117568969727
2014-02-25,48.736026763916016,27.125240325927734
2014-02-26,48.81852722167969,27.054859161376953
2014-02-27,48.91139221191406,27.589767456054688
2014-02-28,48.96294403076172,27.371578216552734
2014-03-03,48.9178581237793,26.89299774169922
2014-03-04,49.094078063964844,27.33639144897461
2014-03-05,49.005977630615234,27.420852661132812
2014-03-06,48.93339538574219,27.80091094970703
2014-03-07,48.7468147277832,27.413816452026367
2014-03-10,48.751991271972656,27.251924514770508
2014-03-11,48.700164794921875,26.935216903686523
2014-03-12,48.783103942871094,27.04078483581543
2014-03-13,48.65351486206055,26.57625961303711
2014-03-14,48.61723327636719,26.75221824645996
2014-03-17,48.68462371826172,27.04078483581543
2014-03-18,48.82975769042969,27.45603370666504
2014-03-19,48.58095169067383,26.914100646972656
2014-03-20,48.7468147277832,27.04078483581543
2014-03-21,48.71570587158203,27.202669143676758
2014-03-24,48.73125076293945,27.44196128845215
2014-03-25,48.82975769042969,27.86893653869629
2014-03-26,48.840152740478516,27.875980377197266
2014-03-27,48.76753616333008,28.200611114501953
2014-03-28,48.8504638671875,28.426437377929688
2014-03-31,48.923057556152344,28.63816261291504
2014-04-01,49.014183044433594,28.913393020629883
2014-04-02,48.962093353271484,29.019245147705078
2014-04-03,48.982913970947266,28.84987449645996
2014-04-04,49.09749221801758,28.800477981567383
2014-04-07,48.99336242675781,28.955738067626953
2014-04-08,49.107933044433594,29.22391128540039
2014-04-09,49.185997009277344,29.456802368164062
2014-04-10,49.04542541503906,29.17450714111328
2014-04-11,48.837100982666016,29.16039276123047
2014-04-14,48.99336242675781,29.1180477142334
2014-04-15,49.04542541503906,28.687564849853516
2014-04-16,49.071495056152344,28.983963012695312
2014-04-17,49.014183044433594,29.32977294921875
2014-04-21,49.014183044433594,29.139230728149414
2014-04-22,49.066219329833984,29.04042625427246
2014-04-23,49.08185577392578,28.885164260864258
2014-04-24,49.0922737121582,28.885164260864258
2014-04-25,49.07670974731445,28.553470611572266
2014-04-28,49.066219329833984,28.63816261291504
2014-04-29,49.139183044433594,28.913393020629883
2014-04-30,49.12875747680664,28.892223358154297
2014-05-01,49.078006744384766,28.913393020629883
2014-05-02,49.19307327270508,29.103931427001953
2014-05-05,49.172157287597656,28.976905822753906
2014-05-06,49.18260955810547,29.089818954467773
2014-05-07,49.25587463378906,29.273303985595703
2014-05-08,49.24539566040039,29.195682525634766
2014-05-09,49.29247283935547,29.17450714111328
2014-05-12,49.34477615356445,29.647340774536133
2014-05-13,49.42325973510742,29.774372100830078
2014-05-14,49.44944381713867,29.97197914123535
2014-05-15,49.402339935302734,29.70379638671875
2014-05-16,49.50174331665039,30.070777893066406
2014-05-19,49.57497787475586,30.084884643554688
2014-05-20,49.51218032836914,29.83083724975586
2014-05-21,49.5069465637207,30.04254913330078
2014-05-22,49.5435905456543,30.275434494018555
2014-05-23,49.55928421020508,30.275434494018555
2014-05-27,49.606353759765625,30.0284366607666
2014-05-28,49.62202453613281,30.14134407043457
2014-05-29,49.66909408569336,30.1766357421875
2014-05-30,49.72142791748047,29.788488388061523
2014-06-02,49.563270568847656,29.93668556213379
2014-06-03,49.568504333496094,30.106077194213867
2014-06-04,49.568504333496094,29.93668556213379
2014-06-05,49.68936538696289,30.275434494018555
2014-06-06,49.831268310546875,30.600067138671875
2014-06-09,49.88905334472656,30.790613174438477
2014-06-10,49.86276626586914,30.910581588745117
2014-06-11,49.8680534362793,30.804733276367188
2014-06-12,49.83650588989258,30.66358757019043
2014-06-13,49.89431381225586,30.77650260925293
2014-06-16,49.8680534362793,30.57890510559082
2014-06-17,49.831268310546875,30.600067138671875
2014-06-18,50.057220458984375,30.952926635742188
2014-06-19,50.046730041503906,30.762378692626953
2014-06-20,50.09397888183594,30.77650260925293
2014-06-23,50.08875274658203,30.635353088378906
2014-06-24,50.046730041503906,30.591169357299805
2014-06-25,50.120262145996094,30.719438552856445
2014-06-26,50.067718505859375,30.70519256591797
2014-06-27,50.067718505859375,30.7835693359375
2014-06-30,50.025699615478516,30.73368263244629
2014-07-01,50.03885269165039,31.011598587036133
2014-07-02,50.070560455322266,31.19686508178711
2014-07-03,49.996639251708984,31.360754013061523
2014-07-07,49.95968246459961,31.424909591674805
2014-07-08,49.97026443481445,31.289499282836914
2014-07-09,49.93333435058594,31.474773406982422
2014-07-10,49.78025436401367,31.282371520996094
2014-07-11,49.86472702026367,31.339391708374023
2014-07-14,49.84886169433594,31.581663131713867
2014-07-15,49.76972198486328,31.538911819458008
2014-07-16,49.69053268432617,31.638660430908203
2014-07-17,49.342220306396484,31.032970428466797
2014-07-18,49.548038482666016,31.517539978027344
2014-07-21,49.46359634399414,31.631549835205078
2014-07-22,49.53219223022461,31.959333419799805
2014-07-23,49.6272087097168,31.966461181640625
2014-07-24,49.716941833496094,32.12322235107422
2014-07-25,49.63249588012695,31.99496841430664
2014-07-28,49.484710693359375,32.16598129272461
2014-07-29,49.416099548339844,31.873811721801758
2014-07-30,49.210262298583984,31.709917068481445
2014-07-31,48.809146881103516,31.154096603393555
2014-08-01,48.80435562133789,31.339391708374023
2014-08-04,49.10133361816406,31.6956844329834
2014-08-05,49.005882263183594,31.218252182006836
2014-08-06,49.12252426147461,30.997333526611328
2014-08-07,49.15435791015625,30.854833602905273
2014-08-08,49.30813980102539,31.19686508178711
2014-08-11,49.54143142700195,31.645797729492188
2014-08-12,49.530818939208984,31.652921676635742
2014-08-13,49.67396926879883,31.788307189941406
2014-08-14,49.76944351196289,31.8096866607666
2014-08-15,49.87019348144531,31.766931533813477
2014-08-18,50.013343811035156,32.09471893310547
2014-08-19,49.99744415283203,32.279991149902344
2014-08-20,50.03456115722656,32.230106353759766
2014-08-21,50.03456115722656,32.20161437988281
2014-08-22,49.912620544433594,32.0590934753418
2014-08-25,50.01866912841797,32.32987594604492
2014-08-26,50.0557746887207,32.508018493652344
2014-08-27,50.00806427001953,32.67192077636719
2014-08-28,49.93382263183594,32.372615814208984
2014-08-29,49.97093963623047,32.35124588012695
2014-09-02,50.029544830322266,32.41537857055664
2014-09-03,49.901695251464844,32.956939697265625
2014-09-04,49.736549377441406,32.81442642211914
2014-09-05,49.677974700927734,33.12797164916992
2014-09-08,49.630008697509766,32.74317932128906
2014-09-09,49.40096664428711,32.344120025634766
2014-09-10,49.42226791381836,32.20161437988281
2014-09-11,49.42226791381836,31.973573684692383
2014-09-12,49.363677978515625,31.538911819458008
2014-09-15,49.27309799194336,31.403512954711914
2014-09-16,49.37434005737305,31.80257225036621
2014-09-17,49.53416061401367,31.49615478515625
2014-09-18,49.55010223388672,31.567411422729492
2014-09-19,49.62467956542969,31.33225440979004
2014-09-22,49.53416061401367,30.869083404541016
2014-09-23,49.28375244140625,30.66954803466797
2014-09-24,49.134639739990234,31.149112701416016
2014-09-25,48.79903030395508,30.429046630859375
2014-09-26,48.76708221435547,30.62347984313965
2014-09-29,48.66585159301758,29.96823501586914
2014-09-30,48.98014831542969,30.033037185668945
2014-10-01,49.03416061401367,29.457000732421875
2014-10-02,49.1305046081543,29.63701629638672
2014-10-03,49.296329498291016,29.881826400756836
2014-10-06,49.34979248046875,30.414669036865234
2014-10-07,49.16257095336914,30.11943817138672
2014-10-08,49.39794921875,30.580272674560547
2014-10-09,48.873687744140625,30.155441284179688
2014-10-10,48.477813720703125,29.471403121948242
2014-10-13,48.23707962036133,29.831430435180664
2014-10-14,48.397586822509766,29.96823501586914
2014-10-15,48.40825271606445,29.55060577392578
2014-10-16,48.681114196777344,29.25539207458496
2014-10-17,49.09297561645508,29.62981605529785
2014-10-20,49.44606399536133,29.651412963867188
2014-10-21,49.8473014831543,29.788217544555664
2014-10-22,49.52099609375,29.55060577392578
2014-10-23,49.49955749511719,29.579416275024414
2014-10-24,49.638668060302734,29.860225677490234
2014-10-27,49.43540954589844,29.55060577392578
2014-10-28,49.515655517578125,30.16983985900879
2014-10-29,49.478172302246094,30.112247467041016
2014-10-30,49.45677947998047,30.45787239074707
2014-10-31,49.49955749511719,30.702669143676758
2014-11-03,49.60380172729492,30.493850708007812
2014-11-04,49.448001861572266,30.52266502380371
2014-11-05,49.4372673034668,30.342647552490234
2014-11-06,49.56622314453125,29.910629272460938
2014-11-07,49.61457061767578,30.10503387451172
2014-11-10,49.63606643676758,30.12664031982422
2014-11-11,49.748905181884766,30.177045822143555
2014-11-12,49.58769607543945,30.090635299682617
2014-11-13,49.38352966308594,30.018648147583008
2014-11-14,49.136375427246094,30.335458755493164
2014-11-17,49.1309814453125,29.953828811645508
2014-11-18,49.03428268432617,30.10503387451172
2014-11-19,49.02354431152344,30.162654876708984
2014-11-20,49.028900146484375,30.112247467041016
2014-11-21,49.297576904296875,31.041099548339844
2014-11-24,49.29218673706055,30.803468704223633
2014-11-25,49.37278747558594,30.601877212524414
2014-11-26,49.4372673034668,30.91868782043457
2014-11-28,48.964439392089844,30.3642520904541
2014-12-01,48.47163391113281,29.809825897216797
2014-12-02,48.736083984375,29.79541778564453
2014-12-03,48.81708526611328,29.946622848510742
2014-12-04,48.78467559814453,29.910629272460938
2014-12-05,48.746917724609375,29.889034271240234
2014-12-08,48.49856185913086,29.40658950805664
2014-12-09,48.47163391113281,29.075376510620117
2014-12-10,47.9156494140625,28.657751083374023
2014-12-11,47.7429084777832,28.391342163085938
2014-12-12,47.09518814086914,27.966503143310547
2014-12-15,47.068206787109375,27.404874801635742
2014-12-16,46.90088653564453,27.152856826782227
2014-12-17,47.856266021728516,27.995317459106445
2014-12-18,48.23951721191406,28.427331924438477
2014-12-19,48.70372772216797,28.564149856567383
2014-12-22,48.58498001098633,28.935880661010742
2014-12-23,48.757694244384766,28.70444107055664
2014-12-24,48.9235725402832,28.76230812072754
2014-12-26,48.77178192138672,28.957571029663086
2014-12-29,48.798885345458984,28.863557815551758
2014-12-30,48.70134353637695,28.943113327026367
2014-12-31,48.57123947143555,28.943113327026367
2015-01-02,48.57123947143555,28.610435485839844
2015-01-05,48.12126922607422,28.15481185913086
2015-01-06,47.936973571777344,28.017404556274414
2015-01-07,48.23514175415039,28.661060333251953
2015-01-08,48.598331451416016,29.14560890197754
2015-01-09,48.84227752685547,29.000959396362305
2015-01-12,48.78266143798828,28.74061393737793
2015-01-13,48.78266143798828,28.943113327026367
2015-01-14,48.66878128051758,28.834632873535156
2015-01-15,48.370662689208984,28.92141342163086
2015-01-16,48.55493927001953,29.210702896118164
2015-01-20,48.468223571777344,29.109451293945312
2015-01-21,48.72840881347656,29.760353088378906
2015-01-22,48.793487548828125,30.389551162719727
2015-01-23,48.793487548828125,30.12917709350586
2015-01-26,49.01573944091797,30.165342330932617
2015-01-27,48.97777557373047,30.00624656677246
2015-01-28,48.874820709228516,29.651865005493164
2015-01-29,49.04826354980469,29.68079948425293
2015-01-30,48.91273498535156,28.88526153564453
2015-02-02,49.10049819946289,29.398746490478516
2015-02-03,49.37810134887695,29.919456481933594
2015-02-04,49.1712760925293,29.71693992614746
2015-02-05,49.459754943847656,29.941160202026367
2015-02-06,49.497859954833984,29.449365615844727
2015-02-09,49.37810134887695,29.413209915161133
2015-02-10,49.546852111816406,29.362571716308594
2015-02-11,49.53048324584961,29.232402801513672
2015-02-12,49.52508544921875,29.912227630615234
2015-02-13,49.595829010009766,30.215965270996094
2015-02-17,49.56317138671875,30.12196159362793
2015-02-18,49.73189926147461,30.150897979736328
2015-02-19,49.61760711669922,30.056867599487305
2015-02-20,49.75364303588867,30.208744049072266
2015-02-23,49.79178237915039,29.919456481933594
2015-02-24,49.84077072143555,30.331680297851562
2015-02-25,50.00404357910156,30.23042869567871
2015-02-26,49.99314498901367,30.208744049072266
2015-02-27,50.00404357910156,30.23042869567871
2015-03-02,49.99474334716797,30.187042236328125
2015-03-03,49.852638244628906,29.912227630615234
2015-03-04,49.759708404541016,29.565080642700195
2015-03-05,49.852638244628906,29.507217407226562
2015-03-06,49.53560256958008,29.029903411865234
2015-03-09,49.43173599243164,28.914180755615234
2015-03-10,49.24040603637695,28.31391716003418
2015-03-11,49.37704849243164,28.53811264038086
2015-03-12,49.47544479370117,28.697229385375977
2015-03-13,49.305973052978516,28.35007667541504
2015-03-16,49.25676345825195,28.68275260925293
2015-03-17,49.01081848144531,28.863557815551758
2015-03-18,49.44812774658203,29.608463287353516
2015-03-19,49.05453872680664,29.087757110595703
2015-03-20,49.437171936035156,29.449365615844727
2015-03-23,49.47544479370117,29.536151885986328
2015-03-24,49.5519905090332,29.651865005493164
2015-03-25,49.420799255371094,29.138208389282227
2015-03-26,49.41530227661133,28.971595764160156
2015-03-27,49.45358657836914,29.036792755126953
2015-03-30,49.59021759033203,29.63085174560547
2015-03-31,49.530128479003906,29.60912322998047
2015-04-01,49.63225555419922,30.007579803466797
2015-04-02,49.67068099975586,30.471242904663086
2015-04-06,49.796974182128906,30.84071922302246
2015-04-07,50.06053924560547,30.768287658691406
2015-04-08,50.04951477050781,31.391324996948242
2015-04-09,50.0001335144043,31.797014236450195
2015-04-10,50.115447998046875,31.731826782226562
2015-04-13,50.02210235595703,31.623146057128906
2015-04-14,50.044063568115234,31.71009063720703
2015-04-15,50.241756439208984,31.89845085144043
2015-04-16,50.13737106323242,32.188232421875
2015-04-17,49.98365783691406,31.528982162475586
2015-04-20,50.09346389770508,31.427549362182617
2015-04-21,50.12641906738281,31.67386817932129
2015-04-22,50.07701873779297,32.0433349609375
2015-04-23,50.06053924560547,32.202728271484375
2015-04-24,50.14287567138672,32.362098693847656
2015-04-27,50.15938949584961,32.4997444152832
2015-04-28,50.08252716064453,32.579437255859375
2015-04-29,49.989158630371094,32.2317008972168
2015-04-30,49.96169662475586,31.804271697998047
2015-05-01,50.07310485839844,31.992631912231445
2015-05-04,50.06206130981445,32.15201187133789
2015-05-05,49.995906829833984,31.818756103515625
2015-05-06,49.84699249267578,31.398563385009766
2015-05-07,49.841468811035156,31.355100631713867
2015-05-08,50.23303985595703,31.833236694335938
2015-05-11,49.91866683959961,31.528982162475586
2015-05-12,49.91316604614258,31.442035675048828
2015-05-13,49.841468811035156,31.52172088623047
2015-05-14,50.084129333496094,31.818756103515625
2015-05-15,50.19448471069336,32.144771575927734
2015-05-18,50.111717224121094,31.833236694335938
2015-05-19,50.03447341918945,31.90569305419922
2015-05-20,49.973838806152344,31.86223030090332
2015-05-21,50.045536041259766,31.768035888671875
2015-05-22,50.084129333496094,31.847728729248047
2015-05-26,49.97936248779297,31.376829147338867
2015-05-27,50.08967208862305,31.45651626586914
2015-05-28,50.06759262084961,31.01460075378418
2015-05-29,50.13930892944336,30.674091339111328
2015-06-01,50.2234992980957,30.652355194091797
2015-06-02,50.12930679321289,30.76102638244629
2015-06-03,49.85783767700195,30.6088924407959
2015-06-04,49.69721221923828,30.159717559814453
2015-06-05,49.54763412475586,30.014822006225586
2015-06-08,49.54763412475586,30.000335693359375
2015-06-09,49.46455764770508,29.782987594604492
2015-06-10,49.53102493286133,30.217683792114258
2015-06-11,49.630733489990234,30.094514846801758
2015-06-12,49.44792938232422,30.101760864257812
2015-06-15,49.21525955200195,29.797487258911133
2015-06-16,49.49223709106445,29.862680435180664
2015-06-17,49.44792938232422,30.05103874206543
2015-06-18,49.630733489990234,30.319103240966797
2015-06-19,49.65845489501953,30.04380226135254
2015-06-22,49.758148193359375,30.435012817382812
2015-06-23,49.72494888305664,30.710311889648438
2015-06-24,49.59198760986328,30.550935745239258
2015-06-25,49.44239807128906,30.44226837158203
2015-06-26,49.2983512878418,30.16148567199707
2015-06-29,48.96043014526367,29.496110916137695
2015-06-30,49.193119049072266,29.89093589782715
2015-07-01,49.20144271850586,29.89093589782715
2015-07-02,49.38505554199219,30.029865264892578
2015-07-06,49.22367858886719,29.196308135986328
2015-07-07,49.26266098022461,28.750289916992188
2015-07-08,49.0178108215332,27.690074920654297
2015-07-09,49.12910461425781,28.253080368041992
2015-07-10,49.41290283203125,29.050071716308594
2015-07-13,49.457420349121094,29.232879638671875
2015-07-14,49.407318115234375,29.305997848510742
2015-07-15,49.407318115234375,28.947711944580078
2015-07-16,49.48524475097656,29.29137420654297
2015-07-17,49.35169982910156,29.284061431884766
2015-07-20,49.12351608276367,29.10124969482422
2015-07-21,49.034523010253906,29.108570098876953
2015-07-22,48.71732711791992,28.72104835510254
2015-07-23,48.689510345458984,28.479753494262695
2015-07-24,48.550384521484375,28.070289611816406
2015-07-27,48.34450149536133,27.44146156311035
2015-07-28,48.606014251708984,27.704702377319336
2015-07-29,48.88984680175781,27.960613250732422
2015-07-30,49.034523010253906,27.785127639770508
2015-07-31,48.9510498046875,28.019102096557617
2015-08-03,48.859378814697266,27.558452606201172
2015-08-04,48.88731384277344,27.646202087402344
2015-08-05,48.82023239135742,27.675443649291992
2015-08-06,48.619022369384766,27.478017807006836
2015-08-07,48.468109130859375,27.44877815246582
2015-08-10,48.607845306396484,27.9167423248291
2015-08-11,48.38425827026367,27.317171096801758
2015-08-12,48.317161560058594,26.893083572387695
2015-08-13,48.25569152832031,26.84189224243164
2015-08-14,48.283607482910156,26.922313690185547
2015-08-17,48.283607482910156,26.637165069580078
2015-08-18,48.222145080566406,26.33006477355957
2015-08-19,48.17740249633789,25.971782684326172
2015-08-20,47.94266128540039,25.576942443847656
2015-08-21,47.769378662109375,24.75800895690918
2015-08-24,47.37811279296875,23.536930084228516
2015-08-25,47.47312927246094,23.8586483001709
2015-08-26,47.86998748779297,24.684892654418945
2015-08-27,48.22773361206055,25.679302215576172
2015-08-28,48.27246856689453,25.30640411376953
2015-08-31,48.20537185668945,25.255216598510742
2015-09-01,48.04986572265625,24.26810646057129
2015-09-02,48.246341705322266,24.633710861206055
2015-09-03,48.31374740600586,24.743385314941406
2015-09-04,48.263206481933594,23.968324661254883
2015-09-08,48.52709197998047,24.77263069152832
2015-09-09,48.46535110473633,24.633710861206055
2015-09-10,48.58322525024414,24.816511154174805
2015-09-11,48.56639862060547,24.911558151245117
2015-09-14,48.48216247558594,24.911558151245117
2015-09-15,48.470947265625,25.167470932006836
2015-09-16,48.2968864440918,25.752416610717773
2015-09-17,48.33620834350586,25.752416610717773
2015-09-18,48.20145034790039,25.123600006103516
2015-09-21,48.11161422729492,25.182086944580078
2015-09-22,47.76349639892578,24.69220542907715
2015-09-23,47.679264068603516,24.319297790527344
2015-09-24,47.4434700012207,24.275423049926758
2015-09-25,47.202022552490234,24.230947494506836
2015-09-28,46.47777557373047,23.689849853515625
2015-09-29,46.47214126586914,23.882572174072266
2015-09-30,46.76409912109375,24.527441024780273
2015-10-01,46.46397399902344,24.608980178833008
2015-10-02,46.50910568237305,25.25385284423828
2015-10-05,47.06765365600586,25.757898330688477
2015-10-06,47.327110290527344,25.691179275512695
2015-10-07,47.812320709228516,26.328645706176758
2015-10-08,48.0097770690918,26.669614791870117
2015-10-09,48.01540756225586,26.699256896972656
2015-10-12,47.92512512207031,26.55101776123047
2015-10-13,47.812320709228516,26.076627731323242
2015-10-14,47.77848434448242,26.276758193969727
2015-10-15,47.891292572021484,26.877155303955078
2015-10-16,48.111289978027344,26.958690643310547
2015-10-19,48.241058349609375,26.684432983398438
2015-10-20,48.28619384765625,26.62513542175293
2015-10-21,48.235416412353516,26.239696502685547
2015-10-22,48.25234603881836,26.810443878173828
2015-10-23,48.421566009521484,26.98834228515625
2015-10-26,48.370811462402344,26.684432983398438
2015-10-27,48.21286392211914,26.439828872680664
2015-10-28,48.34261703491211,26.15074348449707
2015-10-29,48.218502044677734,25.861671447753906
2015-10-30,48.274932861328125,25.824615478515625
2015-11-02,48.42454147338867,26.313814163208008
2015-11-03,48.47553634643555,26.639970779418945
2015-11-04,48.333858489990234,26.491716384887695
2015-11-05,48.146827697753906,26.528783798217773
2015-11-06,47.914459228515625,26.23228645324707
2015-11-09,47.7160530090332,25.6170597076416
2015-11-10,47.6083984375,25.55034828186035
2015-11-11,47.49505615234375,25.579992294311523
2015-11-12,47.17765426635742,25.313148498535156
2015-11-13,47.04163360595703,24.979598999023438
2015-11-16,47.26267623901367,25.520708084106445
2015-11-17,47.29668045043945,25.49105453491211
2015-11-18,47.3873405456543,25.691179275512695
2015-11-19,46.962276458740234,25.88390350341797
2015-11-20,46.950950622558594,26.106266021728516
2015-11-23,46.9112663269043,25.891313552856445
2015-11-24,46.9736213684082,25.95803451538086
2015-11-25,47.02462387084961,25.757898330688477
2015-11-27,47.09831237792969,25.194555282592773
2015-11-30,47.06999206542969,25.231616973876953
2015-12-01,47.40483474731445,25.379867553710938
2015-12-02,47.308021545410156,25.127849578857422
2015-12-03,47.1827278137207,25.0537166595459
2015-12-04,47.074520111083984,25.150087356567383
2015-12-07,46.74423599243164,24.794288635253906
2015-12-08,46.16331481933594,24.4977970123291
2015-12-09,46.40251541137695,24.319894790649414
2015-12-10,46.20890808105469,24.075292587280273
2015-12-11,45.286293029785156,23.393360137939453
2015-12-14,44.89335632324219,23.778799057006836
2015-12-15,45.628021240234375,24.12718391418457
2015-12-16,45.97539520263672,24.534860610961914
2015-12-17,45.46284866333008,24.319894790649414
2015-12-18,45.29199981689453,24.193889617919922
2015-12-21,45.149635314941406,24.364459991455078
2015-12-22,45.69634246826172,24.550682067871094
2015-12-23,45.98680114746094,24.91566276550293
2015-12-24,46.080684661865234,24.84116554260254
2015-12-28,45.805877685546875,24.71454620361328
2015-12-29,46.06924057006836,24.69965362548828
2015-12-30,46.10358810424805,24.357009887695312
2015-12-31,46.13220977783203,24.364459991455078
2016-01-04,45.857398986816406,23.67174530029297
2016-01-05,45.943275451660156,23.723876953125
2016-01-06,45.943275451660156,23.299306869506836
2016-01-07,45.645572662353516,22.546998977661133
2016-01-08,45.52533721923828,22.34589195251465
2016-01-11,45.4566535949707,22.249052047729492
2016-01-12,45.50246810913086,22.33098793029785
2016-01-13,44.998653411865234,22.07773208618164
2016-01-14,45.19901657104492,22.36078453063965
2016-01-15,44.6036262512207,21.422256469726562
2016-01-19,44.4490852355957,21.720195770263672
2016-01-20,44.1513557434082,21.26583480834961
2016-01-21,44.4490852355957,21.303077697753906
2016-01-22,45.13032531738281,22.025588989257812
2016-01-25,44.683780670166016,21.660612106323242
2016-01-26,45.08450698852539,21.97345733642578
2016-01-27,45.01583480834961,21.83193016052246
2016-01-28,45.24480438232422,22.182016372680664
2016-01-29,45.3936767578125,22.9641170501709
2016-02-01,45.12383270263672,22.73320960998535
2016-02-02,44.80165481567383,22.05539321899414
2016-02-03,45.02027130126953,22.643827438354492
2016-02-04,44.87645721435547,22.800251007080078
2016-02-05,44.53123092651367,22.56189727783203
2016-02-08,44.01342010498047,22.249052047729492
2016-02-09,43.84660720825195,21.96600914001465
2016-02-10,43.78327941894531,22.033037185668945
2016-02-11,43.489871978759766,21.712753295898438
2016-02-12,44.14000701904297,22.07028579711914
2016-02-16,44.180274963378906,22.591693878173828
2016-02-17,44.542755126953125,23.06095314025879
2016-02-18,44.58303451538086,22.949222564697266
2016-02-19,44.66936111450195,22.852392196655273
2016-02-22,45.05479049682617,23.418489456176758
2016-02-23,44.962738037109375,22.91197967529297
2016-02-24,45.037532806396484,22.91197967529297
2016-02-25,45.279197692871094,22.949222564697266
2016-02-26,45.584102630615234,22.74811363220215
2016-02-29,46.073143005371094,22.88963508605957
2016-03-01,46.80131912231445,23.723876953125
2016-03-02,46.48322296142578,24.088863372802734
2016-03-03,46.63936996459961,24.34956169128418
2016-03-04,46.77239227294922,24.8858642578125
2016-03-07,46.83021926879883,24.833724975585938
2016-03-08,46.50056838989258,24.401702880859375
2016-03-09,46.61626052856445,24.558128356933594
2016-03-10,46.940093994140625,24.49853515625
2016-03-11,47.50691604614258,25.03484535217285
2016-03-14,47.37387466430664,24.893314361572266
2016-03-15,46.93435287475586,24.473243713378906
2016-03-16,47.24664306640625,24.98807144165039
2016-03-17,47.54737854003906,25.495450973510742
2016-03-18,47.657291412353516,25.66706085205078
2016-03-21,47.6052360534668,25.771520614624023
2016-03-22,47.477989196777344,25.659595489501953
2016-03-23,47.25823211669922,25.264144897460938
2016-03-24,47.05000686645508,25.226839065551758
2016-03-28,46.83601379394531,25.29399299621582
2016-03-29,47.01532745361328,25.54021453857422
2016-03-30,47.18303298950195,25.831209182739258
2016-03-31,47.24664306640625,25.801366806030273
2016-04-01,47.28093338012695,25.875980377197266
2016-04-04,47.164695739746094,25.52529525756836
2016-04-05,46.990394592285156,25.047767639160156
2016-04-06,47.3855094909668,25.368608474731445
2016-04-07,47.15312576293945,24.83885383605957
2016-04-08,47.368080139160156,25.271608352661133
2016-04-11,47.4320068359375,25.607362747192383
2016-04-12,47.710914611816406,26.002817153930664
2016-04-13,48.02471923828125,26.487802505493164
2016-04-14,48.00725173950195,26.353500366210938
2016-04-15,47.931724548339844,26.196819305419922
2016-04-18,48.20484161376953,26.286352157592773
2016-04-19,48.408203125,26.68926239013672
2016-04-20,48.50114440917969,26.517648696899414
2016-04-21,48.3500862121582,26.226659774780273
2016-04-22,48.460514068603516,26.12965965270996
2016-04-25,48.274559020996094,25.920743942260742
2016-04-26,48.43724822998047,26.226659774780273
2016-04-27,48.72196960449219,26.383344650268555
2016-04-28,48.64063262939453,26.114734649658203
2016-04-29,48.72196960449219,26.06251335144043
2016-05-02,48.74065399169922,25.995363235473633
2016-05-03,48.425445556640625,25.271608352661133
2016-05-04,48.24451446533203,24.913454055786133
2016-05-05,48.20363235473633,24.913454055786133
2016-05-06,48.17442321777344,24.97315788269043
2016-05-09,48.08687973022461,24.592626571655273
2016-05-10,48.495487213134766,25.08506965637207
2016-05-11,48.4604606628418,25.010465621948242
2016-05-12,48.536346435546875,24.965696334838867
2016-05-13,48.320377349853516,24.51800537109375
2016-05-16,48.588890075683594,24.801542282104492
2016-05-17,48.489646911621094,24.697080612182617
2016-05-18,48.495487213134766,24.503084182739258
2016-05-19,48.36123275756836,24.204631805419922
2016-05-20,48.53049087524414,24.473243713378906
2016-05-23,48.54219436645508,24.421016693115234
2016-05-24,48.83403778076172,24.71200180053711
2016-05-25,48.9099235534668,24.995540618896484
2016-05-26,48.76983642578125,25.159692764282227
2016-05-27,48.85154342651367,25.15222930908203
2016-05-31,48.80482864379883,25.219379425048828
2016-06-01,48.882266998291016,25.19700050354004
2016-06-02,48.894004821777344,25.398452758789062
2016-06-03,48.98198318481445,25.793903350830078
2016-06-06,49.19899368286133,26.010284423828125
2016-06-07,49.41606903076172,26.263965606689453
2016-06-08,49.60371017456055,26.480344772338867
2016-06-09,49.4101448059082,26.181896209716797
2016-06-10,49.16969680786133,25.517831802368164
2016-06-13,48.84122085571289,25.19700050354004
2016-06-14,48.6769905090332,25.1241397857666
2016-06-15,48.70043182373047,25.35697364807129
2016-06-16,48.72978591918945,25.29688835144043
2016-06-17,48.75910186767578,25.40955924987793
2016-06-20,49.04652404785156,25.7775821685791
2016-06-21,49.234222412109375,25.972877502441406
2016-06-22,49.28113555908203,26.01043128967285
2016-06-23,49.644779205322266,26.656370162963867
2016-06-24,48.829505920410156,25.14666748046875
2016-06-27,48.12564468383789,24.8837890625
2016-06-28,48.72978591918945,25.597333908081055
2016-06-29,49.34564208984375,26.198209762573242
2016-06-30,49.67998123168945,26.46108627319336
2016-07-01,49.77838897705078,26.656370162963867
2016-07-05,49.49555206298828,26.13060188293457
2016-07-06,49.713592529296875,26.13060188293457
2016-07-07,49.77838897705078,26.01793098449707
2016-07-08,50.438419342041016,26.59627914428711
2016-07-11,50.467857360839844,26.814104080200195
2016-07-12,50.60930633544922,27.227205276489258
2016-07-13,50.46195983886719,27.182132720947266
2016-07-14,50.56216049194336,27.557687759399414
2016-07-15,50.46195983886719,27.46004295349121
2016-07-18,50.63285446166992,27.700395584106445
2016-07-19,50.497337341308594,27.46004295349121
2016-07-20,50.626991271972656,27.60274314880371
2016-07-21,50.55626678466797,27.527639389038086
2016-07-22,50.78020095825195,27.707904815673828
2016-07-25,50.53858947753906,27.482574462890625
2016-07-26,50.3441162109375,27.64781951904297
2016-07-27,50.497337341308594,27.685367584228516
2016-07-28,50.285194396972656,27.67034149169922
2016-07-29,50.332313537597656,27.820568084716797
2016-08-01,50.04998016357422,27.715412139892578
2016-08-02,49.97894287109375,27.565196990966797
2016-08-03,50.203861236572266,27.715412139892578
2016-08-04,50.523563385009766,27.850616455078125
2016-08-05,50.63601303100586,28.15856170654297
2016-08-08,50.843143463134766,28.338817596435547
2016-08-09,51.02076721191406,28.526596069335938
2016-08-10,50.92605972290039,28.458995819091797
2016-08-11,51.050384521484375,28.789480209350586
2016-08-12,51.091800689697266,28.67681312561035
2016-08-15,51.2457160949707,28.992279052734375
2016-08-16,51.139190673828125,28.842056274414062
2016-08-17,51.21022415161133,28.73689842224121
2016-08-18,51.41145706176758,28.969738006591797
2016-08-19,51.257572174072266,28.79698371887207
2016-08-22,51.1746940612793,28.436473846435547
2016-08-23,51.346336364746094,28.293752670288086
2016-08-24,51.20431137084961,28.376373291015625
2016-08-25,51.298980712890625,28.368871688842773
2016-08-26,51.23980712890625,28.14354133605957
2016-08-29,51.494319915771484,28.35384750366211
2016-08-30,51.52395248413086,28.308774948120117
2016-08-31,51.32267379760742,28.038381576538086
2016-09-01,51.42436981201172,28.18860626220703
2016-09-02,51.6621208190918,28.616735458374023
2016-09-06,51.72157669067383,29.112438201904297
2016-09-07,51.57889175415039,29.074892044067383
2016-09-08,51.4837760925293,29.01481056213379
2016-09-09,50.9903450012207,28.098468780517578
2016-09-12,51.168697357177734,28.331315994262695
2016-09-13,50.77630615234375,27.624351501464844
2016-09-14,50.76445007324219,27.723188400268555
2016-09-15,51.06167984008789,28.164087295532227
2016-09-16,51.07358932495117,27.974040985107422
2016-09-19,51.10331344604492,28.209688186645508
2016-09-20,51.04384994506836,28.21728515625
2016-09-21,51.46595764160156,28.90143585205078
2016-09-22,51.63835525512695,29.03066062927246
2016-09-23,51.57889175415039,28.650583267211914
2016-09-26,51.353004455566406,28.30091667175293
2016-09-27,51.50162887573242,28.59737777709961
2016-09-28,51.846439361572266,28.878631591796875
2016-09-29,51.650245666503906,28.399738311767578
2016-09-30,51.87615203857422,28.604976654052734
2016-10-03,51.84391403198242,28.795011520385742
2016-10-04,51.75433349609375,28.50615119934082
2016-10-05,51.89168167114258,28.939443588256836
2016-10-06,51.921546936035156,28.939443588256836
2016-10-07,52.04099655151367,28.840621948242188
2016-10-10,52.19025421142578,29.038265228271484
2016-10-11,51.89767837524414,28.498554229736328
2016-10-12,51.879756927490234,28.468143463134766
2016-10-13,51.74834060668945,28.293310165405273
2016-10-14,51.8677864074707,28.369314193725586
2016-10-17,51.79613494873047,28.31610679626465
2016-10-18,52.00511932373047,28.817813873291016
2016-10-19,52.15443420410156,28.9698486328125
2016-10-20,52.16037368774414,28.931833267211914
2016-10-21,52.172332763671875,28.939443588256836
2016-10-24,52.20220184326172,29.08387565612793
2016-10-25,52.172332763671875,29.061073303222656
2016-10-26,51.963340759277344,28.848224639892578
2016-10-27,51.77223587036133,28.627775192260742
2016-10-28,51.52144241333008,28.468143463134766
2016-10-31,51.366180419921875,28.69619369506836
2016-11-01,51.16583251953125,28.483348846435547
2016-11-02,50.937904357910156,28.156476974487305
2016-11-03,50.9499397277832,28.088058471679688
2016-11-04,50.973880767822266,27.791593551635742
2016-11-07,51.687713623046875,28.73419761657715
2016-11-08,51.57373046875,28.87102699279785
2016-11-09,51.213829040527344,28.110862731933594
2016-11-10,50.542015075683594,27.2974853515625
2016-11-11,50.068180084228516,26.795785903930664
2016-11-14,50.44004440307617,26.666553497314453
2016-11-15,51.10586166381836,27.16826629638672
2016-11-16,50.90193176269531,26.947813034057617
2016-11-17,50.763938903808594,26.955415725708008
2016-11-18,50.763938903808594,26.894617080688477
2016-11-21,51.17185592651367,27.160654067993164
2016-11-22,51.549766540527344,27.457130432128906
2016-11-23,51.3577995300293,27.19106674194336
2016-11-25,51.42378616333008,27.33549690246582
2016-11-28,51.41779708862305,27.472328186035156
2016-11-29,51.35182189941406,27.48753547668457
2016-11-30,51.37578582763672,27.533140182495117
2016-12-01,51.135414123535156,27.221477508544922
2016-12-02,51.442684173583984,27.19106674194336
2016-12-05,51.57521057128906,27.373504638671875
2016-12-06,51.834320068359375,27.48753547668457
2016-12-07,52.09339904785156,27.89801025390625
2016-12-08,52.08736038208008,28.027246475219727
2016-12-09,52.11146926879883,27.89801025390625
2016-12-12,52.03916931152344,27.66996955871582
2016-12-13,52.16572570800781,27.951234817504883
2016-12-14,51.77408218383789,27.14545440673828
2016-12-15,51.79816818237305,27.267080307006836
2016-12-16,51.84635925292969,27.099851608276367
2016-12-19,51.97892761230469,26.917404174804688
2016-12-20,52.051204681396484,26.963224411010742
2016-12-21,52.141578674316406,26.87921714782715
2016-12-22,52.25404739379883,26.627159118652344
2016-12-23,52.35076904296875,26.757001876831055
2016-12-27,52.30237579345703,26.886859893798828
2016-12-28,52.22983932495117,27.054899215698242
2016-12-29,52.30237579345703,27.475004196166992
2016-12-30,52.320533752441406,27.329870223999023
2017-01-03,52.538169860839844,27.627775192260742
2017-01-04,52.822269439697266,27.879831314086914
2017-01-05,52.743709564208984,28.170087814331055
2017-01-06,52.73158264160156,28.055522918701172
2017-01-09,52.71950912475586,28.009685516357422
2017-01-10,52.725555419921875,28.16245460510254
2017-01-11,52.75577926635742,28.406877517700195
2017-01-12,52.76787185668945,28.475627899169922
2017-01-13,52.786014556884766,28.445077896118164
2017-01-17,52.73158264160156,28.41451644897461
2017-01-18,52.77998352050781,28.307579040527344
2017-01-19,52.61070251464844,28.231191635131836
2017-01-20,52.71345901489258,28.277023315429688
2017-01-23,52.71345901489258,28.666584014892578
2017-01-24,52.74970245361328,28.87282371520996
2017-01-25,52.93714141845703,29.124876022338867
2017-01-26,52.9129524230957,29.00267219543457
2017-01-27,52.96133804321289,29.033218383789062
2017-01-30,52.85247802734375,28.888097763061523
2017-01-31,52.798072814941406,28.903366088867188
2017-02-01,52.99361038208008,28.96446990966797
2017-02-02,53.023956298828125,29.063764572143555
2017-02-03,53.115020751953125,29.247093200683594
2017-02-06,53.07860565185547,29.17835235595703
2017-02-07,52.999671936035156,29.071407318115234
2017-02-08,53.03607940673828,29.300561904907227
2017-02-09,53.10894012451172,29.453319549560547
2017-02-10,53.1453742980957,29.72066879272461
2017-02-13,53.22431564331055,29.835247039794922
2017-02-14,53.26075744628906,29.881065368652344
2017-02-15,53.278987884521484,30.102590560913086
2017-02-16,53.23646545410156,30.018571853637695
2017-02-17,53.2911262512207,29.919261932373047
2017-02-21,53.4671745300293,30.163692474365234
2017-02-22,53.49148178100586,30.24007797241211
2017-02-23,53.5400276184082,30.255352020263672
2017-02-24,53.58253479003906,29.934539794921875
2017-02-27,53.64934158325195,29.812332153320312
2017-02-28,53.60684585571289,29.552621841430664
2017-03-01,53.804412841796875,30.026199340820312
2017-03-02,53.63365173339844,29.49152374267578
2017-03-03,53.65803909301758,29.743576049804688
2017-03-06,53.48731231689453,29.789411544799805
2017-03-07,53.139739990234375,29.827604293823242
2017-03-08,52.78602600097656,29.52971649169922
2017-03-09,52.645782470703125,29.27765655517578
2017-03-10,52.62749481201172,29.522069931030273
2017-03-13,52.670169830322266,29.896347045898438
2017-03-14,52.51160430908203,29.72830581665039
2017-03-15,53.2372932434082,30.42339515686035
2017-03-16,53.08480453491211,30.629621505737305
2017-03-17,53.1031494140625,30.599075317382812
2017-03-20,52.99946212768555,30.896970748901367
2017-03-21,52.62137985229492,30.522703170776367
2017-03-22,52.749427795410156,30.668840408325195
2017-03-23,52.76772689819336,30.68414306640625
2017-03-24,52.95066833496094,30.7683162689209
2017-03-27,52.89579772949219,30.67648696899414
2017-03-28,53.18849563598633,30.753005981445312
2017-03-29,53.29825973510742,30.798927307128906
2017-03-30,53.54829025268555,30.622926712036133
2017-03-31,53.52996826171875,30.393375396728516
2017-04-03,53.50119400024414,30.63058090209961
2017-04-04,53.51958084106445,30.699438095092773
2017-04-05,53.47673416137695,30.645885467529297
2017-04-06,53.544105529785156,30.59233283996582
2017-04-07,53.51958084106445,30.584674835205078
2017-04-10,53.59307098388672,30.439285278320312
2017-04-11,53.488975524902344,30.469898223876953
2017-04-12,53.52572250366211,30.577022552490234
2017-04-13,53.415489196777344,30.41632652282715
2017-04-17,53.574710845947266,30.67648696899414
2017-04-18,53.56243896484375,30.316856384277344
2017-04-19,53.513465881347656,30.094942092895508
2017-04-20,53.691062927246094,30.408687591552734
2017-04-21,53.64820861816406,30.378063201904297
2017-04-24,53.8992919921875,30.730060577392578
2017-04-25,53.99726867675781,30.951961517333984
2017-04-26,53.948272705078125,30.837181091308594
2017-04-27,53.985008239746094,30.737722396850586
2017-04-28,53.9666633605957,30.867780685424805
2017-05-01,53.99435043334961,30.990222930908203
2017-05-02,54.01279830932617,31.143264770507812
2017-05-03,54.06196975708008,30.921361923217773
2017-05-04,53.772918701171875,30.59233283996582
2017-05-05,53.86518096923828,30.7683162689209
2017-05-08,53.92668533325195,30.577022552490234
2017-05-09,53.8897705078125,30.921361923217773
2017-05-10,54.12351989746094,31.166213989257812
2017-05-11,54.12964630126953,31.15091323852539
2017-05-12,54.111202239990234,31.319263458251953
2017-05-15,54.23419189453125,31.610027313232422
2017-05-16,54.31414031982422,31.640634536743164
2017-05-17,54.07430648803711,31.166213989257812
2017-05-18,54.13577651977539,30.59233283996582
2017-05-19,54.23419189453125,31.135602951049805
2017-05-22,54.40025329589844,31.12795066833496
2017-05-23,54.394100189208984,31.112653732299805
2017-05-24,54.48635482788086,31.21977424621582
2017-05-25,54.44331741333008,31.380462646484375
2017-05-26,54.474056243896484,31.456993103027344
2017-05-30,54.52941131591797,31.403425216674805
2017-05-31,54.523319244384766,31.17386245727539
2017-06-01,54.6820068359375,31.403425216674805
2017-06-02,54.712894439697266,31.502897262573242
2017-06-05,54.6634521484375,31.502897262573242
2017-06-06,54.577003479003906,31.52585792541504
2017-06-07,54.46583557128906,31.502897262573242
2017-06-08,54.50906753540039,31.56411361694336
2017-06-09,54.552303314208984,31.349870681762695
2017-06-12,54.644962310791016,31.23508644104004
2017-06-13,54.74379348754883,31.380462646484375
2017-06-14,54.74995040893555,31.357507705688477
2017-06-15,54.53993606567383,31.0820369720459
2017-06-16,54.44731903076172,31.181516647338867
2017-06-19,54.61405944824219,31.38811683654785
2017-06-20,54.422584533691406,31.013174057006836
2017-06-21,54.107574462890625,31.130977630615234
2017-06-22,54.255821228027344,31.246490478515625
2017-06-23,54.478206634521484,31.361988067626953
2017-06-26,54.552303314208984,31.693098068237305
2017-06-27,54.379337310791016,31.361988067626953
2017-06-28,54.60171890258789,31.546785354614258
2017-06-29,54.46583557128906,31.192583084106445
2017-06-30,54.59553146362305,31.43899917602539
2017-07-03,54.5688591003418,31.585289001464844
2017-07-05,54.52543640136719,31.5313720703125
2017-07-06,54.38896179199219,31.18487548828125
2017-07-07,54.339351654052734,31.269588470458984
2017-07-10,54.40138626098633,31.492874145507812
2017-07-11,54.36415100097656,31.716190338134766
2017-07-12,54.71775436401367,32.3167839050293
2017-07-13,54.76118469238281,32.4091796875
2017-07-14,54.9162712097168,32.74028396606445
2017-07-17,54.93482208251953,32.57088088989258
2017-07-18,54.95968246459961,32.624778747558594
2017-07-19,55.05268859863281,32.94047546386719
2017-07-20,55.08372497558594,32.871185302734375
2017-07-21,55.040287017822266,32.80187225341797
2017-07-24,55.08372497558594,32.92509078979492
2017-07-25,55.1085205078125,32.871185302734375
2017-07-26,55.189151763916016,33.109893798828125
2017-07-27,55.14578628540039,32.94047546386719
2017-07-28,55.151954650878906,33.063690185546875
2017-07-31,55.151954650878906,33.117584228515625
2017-08-01,55.206783294677734,33.25617218017578
2017-08-02,55.21923065185547,33.33318328857422
2017-08-03,55.11333465576172,33.20998001098633
2017-08-04,55.12577438354492,33.29468536376953
2017-08-07,55.10084533691406,33.556480407714844
2017-08-08,54.86421203613281,33.510276794433594
2017-08-09,54.65238952636719,33.32547378540039
2017-08-10,54.30358123779297,32.55548095703125
2017-08-11,54.39699172973633,32.655582427978516
2017-08-14,54.68354415893555,32.94047546386719
2017-08-15,54.70223617553711,32.917388916015625
2017-08-16,54.708438873291016,33.31777572631836
2017-08-17,54.403236389160156,32.894290924072266
2017-08-18,54.48421859741211,33.13297653198242
2017-08-21,54.54023361206055,33.217674255371094
2017-08-22,54.76454162597656,33.510276794433594
2017-08-23,54.7707405090332,33.67198181152344
2017-08-24,54.851741790771484,33.748985290527344
2017-08-25,54.951385498046875,34.03386688232422
2017-08-28,54.95758819580078,34.026180267333984
2017-08-29,54.88910675048828,33.95687484741211
2017-08-30,55.0385856628418,33.99537658691406
2017-08-31,55.18807601928711,34.11087417602539
2017-09-01,55.24436950683594,34.35728073120117
2017-09-05,55.119300842285156,34.09547424316406
2017-09-06,55.08175277709961,34.34187698364258
2017-09-07,55.08802795410156,34.51128005981445
2017-09-08,54.91287612915039,34.28797149658203
2017-09-11,55.08802795410156,34.68837356567383
2017-09-12,55.15678787231445,34.626766204833984
2017-09-13,55.17557907104492,34.395774841308594
2017-09-14,55.2506217956543,34.46507263183594
2017-09-15,55.30066680908203,34.696075439453125
2017-09-18,55.27568054199219,34.66527557373047
2017-09-19,55.33192825317383,34.696075439453125
2017-09-20,55.32569885253906,34.59634780883789
2017-09-21,55.256900787353516,34.62751770019531
2017-09-22,55.313194274902344,34.41718673706055
2017-09-25,55.34446334838867,33.77837371826172
2017-09-26,55.41325759887695,33.77059555053711
2017-09-27,55.43828201293945,33.58363342285156
2017-09-28,55.43828201293945,33.59922409057617
2017-09-29,55.51960372924805,33.941978454589844
2017-10-02,55.491329193115234,33.97314453125
2017-10-03,55.59182357788086,34.4405632019043
2017-10-04,55.53531265258789,34.47950744628906
2017-10-05,55.60441589355469,34.697635650634766
2017-10-06,55.522727966308594,34.56520080566406
2017-10-09,55.52901840209961,34.44834899902344
2017-10-10,55.57299041748047,34.7833251953125
2017-10-11,55.51648712158203,34.88459777832031
2017-10-12,55.45365524291992,34.88459777832031
2017-10-13,55.478759765625,35.196205139160156
2017-10-16,55.510169982910156,35.16503143310547
2017-10-17,55.59182357788086,34.99365997314453
2017-10-18,55.648319244384766,35.02482604980469
2017-10-19,55.65462112426758,34.76774215698242
2017-10-20,55.70488357543945,34.9079704284668
2017-10-23,55.642066955566406,34.59634780883789
2017-10-24,55.642066955566406,34.689842224121094
2017-10-25,55.485069274902344,34.61193084716797
2017-10-26,55.415958404541016,34.43276596069336
2017-10-27,55.56671142578125,34.85343933105469
2017-10-30,55.554141998291016,34.5729866027832
2017-10-31,55.56671142578125,34.76774215698242
2017-11-01,55.513736724853516,34.85343933105469
2017-11-02,55.482181549072266,34.962501525878906
2017-11-03,55.48848342895508,34.75996017456055
2017-11-06,55.494789123535156,35.09493637084961
2017-11-07,55.337127685546875,34.87681198120117
2017-11-08,55.09114074707031,35.00145721435547
2017-11-09,54.8199462890625,34.86901092529297
2017-11-10,54.939788818359375,34.73658752441406
2017-11-13,54.901939392089844,34.666465759277344
2017-11-14,54.66860580444336,34.43276596069336
2017-11-15,54.66860580444336,34.15231704711914
2017-11-16,55.20469284057617,34.75996017456055
2017-11-17,55.166847229003906,34.9547119140625
2017-11-20,55.179443359375,35.102725982666016
2017-11-21,55.2929801940918,35.538970947265625
2017-11-22,55.38127899169922,35.65583038330078
2017-11-24,55.419132232666016,35.523399353027344
2017-11-27,55.24882507324219,35.157249450683594
2017-11-28,55.419132232666016,35.36760330200195
2017-11-29,55.349735260009766,34.87681198120117
2017-11-30,55.36235046386719,34.65088653564453
2017-12-01,55.344642639160156,34.31591796875
2017-12-04,55.32561111450195,34.43276596069336
2017-12-05,55.293968200683594,34.378231048583984
2017-12-06,55.243263244628906,33.949771881103516
2017-12-07,55.26862335205078,33.99652099609375
2017-12-08,55.32561111450195,34.386024475097656
2017-12-11,55.33829879760742,34.61193084716797
2017-12-12,55.31296157836914,34.362648010253906
2017-12-13,55.344642639160156,34.73658752441406
2017-12-14,55.23061752319336,34.51845932006836
2017-12-15,55.2369384765625,34.61193084716797
2017-12-18,55.293968200683594,34.97029113769531
2017-12-19,55.17994689941406,34.87681198120117
2017-12-20,55.22426986694336,34.92354965209961
2017-12-21,55.28214645385742,35.26951599121094
2017-12-22,55.333072662353516,35.55911636352539
2017-12-26,55.41572570800781,35.5982666015625
2017-12-27,55.44117736816406,35.590431213378906
2017-12-28,55.41572570800781,35.762630462646484
2017-12-29,55.49840545654297,35.93482971191406
2018-01-02,55.54928207397461,36.55317687988281
2018-01-03,55.816402435302734,36.905418395996094
2018-01-04,55.91181182861328,37.132389068603516
2018-01-05,55.949954986572266,37.46115493774414
2018-01-08,55.90545654296875,37.468955993652344
2018-01-09,55.73373031616211,37.46115493774414
2018-01-10,55.61287307739258,37.29677200317383
2018-01-11,55.79732894897461,37.53941345214844
2018-01-12,55.70191192626953,37.9385986328125
2018-01-16,55.670135498046875,37.75074005126953
2018-01-17,55.6765022277832,38.28298568725586
2018-01-18,55.61924362182617,38.345611572265625
2018-01-19,55.6765022277832,38.70566940307617
2018-01-22,55.727352142333984,39.01874923706055
2018-01-23,55.8927116394043,39.159645080566406
2018-01-24,55.81006622314453,39.519691467285156
2018-01-25,55.7718620300293,39.37879943847656
2018-01-26,55.816402435302734,39.903236389160156
2018-01-29,55.61924362182617,39.27705383300781
2018-01-30,55.428443908691406,38.77611541748047
2018-01-31,55.52385330200195,39.010929107666016
2018-02-01,55.41912078857422,38.64305114746094
2018-02-02,55.06781768798828,37.774227142333984
2018-02-05,54.7612419128418,36.561004638671875
2018-02-06,55.09335708618164,37.468955993652344
2018-02-07,54.888999938964844,36.40445327758789
2018-02-08,54.40998840332031,35.19124984741211
2018-02-09,54.25669479370117,35.72349548339844
2018-02-12,54.627132415771484,36.21660614013672
2018-02-13,54.45468521118164,36.49839401245117
2018-02-14,54.55046463012695,37.24979782104492
2018-02-15,54.99118423461914,37.9464225769043
2018-02-16,55.21470260620117,37.805538177490234
2018-02-20,55.023094177246094,37.468955993652344
2018-02-21,54.77400588989258,37.4219970703125
2018-02-22,54.812355041503906,37.468955993652344
2018-02-23,55.1763801574707,38.07948303222656
2018-02-26,55.272212982177734,38.43955612182617
2018-02-27,55.125282287597656,37.406341552734375
2018-02-28,55.04225158691406,36.921058654785156
2018-03-01,54.67741775512695,36.91323471069336
2018-03-02,54.98521041870117,37.00716018676758
2018-03-05,54.98521041870117,37.116737365722656
2018-03-06,55.062129974365234,37.2263298034668
2018-03-07,54.927486419677734,37.2184944152832
2018-03-08,54.99158477783203,37.241973876953125
2018-03-09,55.1904296875,37.90729522705078
2018-03-12,55.10062026977539,38.04035949707031
2018-03-13,54.927486419677734,37.67246627807617
2018-03-14,54.86334228515625,37.71944046020508
2018-03-15,54.901832580566406,37.57072067260742
2018-03-16,55.01725769042969,37.45331954956055
2018-03-19,54.79283142089844,37.10108947753906
2018-03-20,54.901832580566406,37.4219970703125
2018-03-21,54.92107391357422,37.62550735473633
2018-03-22,54.594078063964844,36.435768127441406
2018-03-23,54.45297622680664,35.903533935546875
2018-03-26,54.80563735961914,36.9849967956543
2018-03-27,54.75436019897461,36.43601608276367
2018-03-28,54.728729248046875,36.18506622314453
2018-03-29,54.91468811035156,36.84382247924805
2018-04-02,54.70155715942383,36.30270767211914
2018-04-03,54.8560791015625,36.655601501464844
2018-04-04,54.9784049987793,36.77324676513672
2018-04-05,55.023460388183594,36.85166931152344
2018-04-06,54.901153564453125,36.200748443603516
2018-04-09,55.10719299316406,36.169368743896484
2018-04-10,55.30678939819336,36.84382247924805
2018-04-11,55.32608413696289,36.89088439941406
2018-04-12,55.52569580078125,36.8830451965332
2018-04-13,55.55787658691406,36.498748779296875
2018-04-16,55.641578674316406,36.5301399230957
2018-04-17,55.6673469543457,36.56150436401367
2018-04-18,55.60939025878906,36.82029724121094
2018-04-19,55.435543060302734,36.616390228271484
2018-04-20,55.300323486328125,36.18506622314453
2018-04-23,55.15224075317383,35.94194793701172
2018-04-24,55.042781829833984,35.777252197265625
2018-04-25,55.04925537109375,35.5106086730957
2018-04-26,55.242393493652344,35.87920379638672
2018-04-27,55.21660232543945,36.06742858886719
2018-04-30,55.17799377441406,35.82431411743164
2018-05-01,55.21873092651367,35.62040328979492
2018-05-02,55.199317932128906,35.3851318359375
2018-05-03,55.192874908447266,35.27534103393555
2018-05-04,55.2316780090332,35.447872161865234
2018-05-07,55.28339767456055,35.353759765625
2018-05-08,55.199317932128906,35.53413391113281
2018-05-09,55.289859771728516,35.58119583129883
2018-05-10,55.45148849487305,36.287010192871094
2018-05-11,55.432090759277344,36.161537170410156
2018-05-14,55.445064544677734,36.271331787109375
2018-05-15,55.173500061035156,35.58119583129883
2018-05-16,55.24460220336914,36.08311462402344
2018-05-17,55.27692794799805,35.58119583129883
2018-05-18,55.21873092651367,35.25181198120117
2018-05-21,55.296329498291016,35.479244232177734
2018-05-22,55.33512878417969,35.62040328979492
2018-05-23,55.38035583496094,35.46356201171875
2018-05-24,55.4127197265625,35.338077545166016
2018-05-25,55.322174072265625,35.424339294433594
2018-05-29,55.089393615722656,34.640098571777344
2018-05-30,55.25752639770508,34.945953369140625
2018-05-31,55.20578384399414,34.98516845703125
2018-06-01,55.33182144165039,35.377288818359375
2018-06-04,55.448699951171875,35.74590301513672
2018-06-05,55.51366424560547,35.43217849731445
2018-06-06,55.65006637573242,35.94194793701172
2018-06-07,55.66954040527344,35.392974853515625
2018-06-08,55.6370849609375,35.369441986083984
2018-06-11,55.740997314453125,35.3223991394043
2018-06-12,55.78643798828125,35.298866271972656
2018-06-13,55.80593490600586,35.040061950683594
2018-06-14,55.968318939208984,34.85185241699219
2018-06-15,55.93584442138672,34.66362380981445
2018-06-18,55.92937088012695,34.2636604309082
2018-06-19,55.85142135620117,33.87154006958008
2018-06-20,55.90985870361328,33.9813346862793
2018-06-21,55.7929801940918,33.50294876098633
2018-06-22,55.799461364746094,33.77526092529297
2018-06-25,55.66954040527344,33.33323669433594
2018-06-26,55.66305923461914,33.19905471801758
2018-06-27,55.5461540222168,32.4649772644043
2018-06-28,55.39026641845703,32.77281951904297
2018-06-29,55.2603874206543,33.3095588684082
2018-07-02,55.31321716308594,32.94647216796875
2018-07-03,55.31974792480469,32.97803497314453
2018-07-05,55.52851104736328,32.94647216796875
2018-07-06,55.67207717895508,33.349029541015625
2018-07-09,55.75685501098633,33.95680618286133
2018-07-10,55.76338195800781,33.92523956298828
2018-07-11,55.6785774230957,33.29376983642578
2018-07-12,55.85472869873047,33.75946807861328
2018-07-13,55.85472869873047,33.78316116333008
2018-07-16,55.81558609008789,33.593719482421875
2018-07-17,55.83516311645508,33.85417938232422
2018-07-18,55.86125564575195,33.82262420654297
2018-07-19,55.83516311645508,33.43584442138672
2018-07-20,55.86125564575195,33.869972229003906
2018-07-23,55.84169006347656,33.76736831665039
2018-07-24,55.959110260009766,34.27253341674805
2018-07-25,56.06350326538086,34.817161560058594
2018-07-26,56.07004928588867,34.47776412963867
2018-07-27,56.05046463012695,34.525115966796875
2018-07-30,56.07004928588867,34.47776412963867
2018-07-31,56.187461853027344,34.6356315612793
2018-08-01,56.237918853759766,34.37515640258789
2018-08-02,56.270687103271484,33.98048782348633
2018-08-03,56.316551208496094,34.193603515625
2018-08-06,56.4213981628418,33.9331169128418
2018-08-07,56.44758224487305,34.240970611572266
2018-08-08,56.41484451293945,34.16203689575195
2018-08-09,56.37553787231445,34.11466979980469
2018-08-10,56.27720642089844,33.43584442138672
2018-08-13,56.237918853759766,32.899105072021484
2018-08-14,56.33619689941406,33.09645080566406
2018-08-15,56.237918853759766,32.125572204589844
2018-08-16,56.31002426147461,32.35447311401367
2018-08-17,56.37553787231445,32.630741119384766
2018-08-20,56.401710510253906,32.77281951904297
2018-08-21,56.486900329589844,33.12801742553711
2018-08-22,56.50656509399414,33.32534408569336
2018-08-23,56.50003433227539,32.80438995361328
2018-08-24,56.598304748535156,33.29376983642578
2018-08-27,56.617950439453125,33.838409423828125
2018-08-28,56.5917854309082,33.67264938354492
2018-08-29,56.558990478515625,33.86207580566406
2018-08-30,56.51312255859375,32.962257385253906
2018-08-31,56.58516311645508,33.18326187133789
2018-09-04,56.46738815307617,32.4412956237793
2018-09-05,56.40819549560547,32.0940055847168
2018-09-06,56.45425033569336,32.07820510864258
2018-09-07,56.39501190185547,31.936128616333008
2018-09-10,56.50687026977539,31.557260513305664
2018-09-11,56.52001953125,31.596721649169922
2018-09-12,56.65163803100586,31.794055938720703
2018-09-13,56.756954193115234,32.19660949707031
2018-09-14,56.80959701538086,32.15715026855469
2018-09-17,56.77011489868164,31.904565811157227
2018-09-18,56.76354217529297,32.15715026855469
2018-09-19,56.65824890136719,32.59127426147461
2018-09-20,56.7371711730957,32.85964584350586
2018-09-21,56.750370025634766,32.993831634521484
2018-09-24,56.724037170410156,32.58339309692383
2018-09-25,56.677947998046875,32.78860092163086
2018-09-26,56.7371711730957,32.848487854003906
2018-09-27,56.84249496459961,32.94430160522461
2018-09-28,56.881980895996094,32.736698150634766
2018-10-01,57.04658508300781,32.81654357910156
2018-10-02,57.000301361083984,32.46523666381836
2018-10-03,56.8482551574707,32.193748474121094
2018-10-04,56.63673782348633,31.459165573120117
2018-10-05,56.38554382324219,31.315444946289062
2018-10-08,56.25996398925781,31.37133026123047
2018-10-09,56.34591293334961,31.291492462158203
2018-10-10,55.94264602661133,30.421178817749023
2018-10-11,55.988914489746094,30.149709701538086
2018-10-12,56.286376953125,30.916221618652344
2018-10-15,56.24671936035156,30.612810134887695
2018-10-16,56.43840789794922,31.315444946289062
2018-10-17,56.32604217529297,30.940181732177734
2018-10-18,56.08808135986328,30.133745193481445
2018-10-19,56.12113952636719,30.413188934326172
2018-10-22,56.147552490234375,30.732582092285156
2018-10-23,56.09465026855469,30.42915916442871
2018-10-24,55.81703567504883,29.542882919311523
2018-10-25,55.92942428588867,30.10179901123047
2018-10-26,55.678253173828125,29.87024688720703
2018-10-29,55.62533950805664,29.287378311157227
2018-10-30,55.75755310058594,29.886220932006836
2018-10-31,55.75755310058594,30.229549407958984
2018-11-01,56.01333999633789,31.315444946289062
2018-11-02,55.9801025390625,31.4272403717041
2018-11-05,56.026615142822266,31.570953369140625
2018-11-06,56.17274856567383,31.451194763183594
2018-11-07,56.49824905395508,32.010108947753906
2018-11-08,56.358734130859375,31.23560905456543
2018-11-09,56.0399169921875,30.700637817382812
2018-11-12,55.694454193115234,30.29342269897461
2018-11-13,55.60145568847656,30.65273094177246
2018-11-14,55.49517822265625,30.892255783081055
2018-11-15,55.48185729980469,31.49909782409668
2018-11-16,55.31578826904297,31.61088752746582
2018-11-19,55.14310836791992,31.219646453857422
2018-11-20,54.97038650512695,30.564903259277344
2018-11-21,55.24940872192383,31.139789581298828
2018-11-23,54.94379806518555,30.812427520751953
2018-11-26,55.2028923034668,31.028005599975586
2018-11-27,55.17628860473633,31.251575469970703
2018-11-28,55.63465881347656,31.946237564086914
2018-11-29,55.6479377746582,31.730649948120117
2018-11-30,55.535003662109375,31.69072723388672
2018-12-03,55.919403076171875,32.321502685546875
2018-12-04,55.57239532470703,31.7226619720459
2018-12-06,55.37885665893555,31.467159271240234
2018-12-07,55.27211380004883,30.836380004882812
2018-12-10,55.312164306640625,30.47707176208496
2018-12-11,55.41225814819336,30.788471221923828
2018-12-12,55.5924072265625,31.251575469970703
2018-12-13,55.72587585449219,31.29948616027832
2018-12-14,55.4923210144043,30.90822982788086
2018-12-17,55.131988525390625,30.572891235351562
2018-12-18,55.03204345703125,30.764511108398438
2018-12-19,54.53592300415039,30.253511428833008
2018-12-20,54.05989456176758,30.485055923461914
2018-12-21,53.791717529296875,30.237533569335938
2018-12-24,53.389408111572266,30.00358772277832
2018-12-26,54.2878532409668,30.534191131591797
2018-12-27,54.254329681396484,30.46987533569336
2018-12-28,54.33478927612305,30.686935424804688
2018-12-31,54.375,30.63066864013672
2019-01-02,54.301273345947266,30.76734161376953
2019-01-03,54.32810592651367,30.28496742248535
2019-01-04,55.23991775512695,31.241674423217773
2019-01-07,55.77629470825195,31.305994033813477
2019-01-08,56.138362884521484,31.482866287231445
2019-01-09,56.205379486083984,31.94110679626465
2019-01-10,56.42665100097656,32.182308197021484
2019-01-11,56.24560546875,31.98130989074707
2019-01-14,56.064598083496094,31.75621223449707
2019-01-15,56.25233840942383,31.965232849121094
2019-01-16,56.3394775390625,32.278785705566406
2019-01-17,56.49368667602539,32.43153381347656
2019-01-18,56.654624938964844,32.6003532409668
2019-01-22,56.27915954589844,32.053672790527344
2019-01-23,56.393123626708984,32.367210388183594
2019-01-24,56.45346450805664,32.64055633544922
2019-01-25,56.59425354003906,32.96213912963867
2019-01-28,56.5070915222168,32.61643600463867
2019-01-29,56.473594665527344,32.656639099121094
2019-01-30,56.922813415527344,33.23548126220703
2019-01-31,57.063621520996094,33.58921813964844
2019-02-01,57.03597640991211,33.34000015258789
2019-02-04,57.17068862915039,33.412353515625
2019-02-05,57.37273406982422,33.79021453857422
2019-02-06,57.318870544433594,33.38824462890625
2019-02-07,57.1235466003418,33.07469177246094
2019-02-08,57.11009216308594,32.9460563659668
2019-02-11,57.137020111083984,32.75311279296875
2019-02-12,57.41315841674805,33.07469177246094
2019-02-13,57.33235168457031,32.84154510498047
2019-02-14,57.33909606933594,32.90585708618164
2019-02-15,57.52092361450195,32.849578857421875
2019-02-19,57.54114532470703,33.1872444152832
2019-02-20,57.58829116821289,33.331947326660156
2019-02-21,57.534393310546875,33.259605407714844
2019-02-22,57.64893341064453,33.637474060058594
2019-02-25,57.696067810058594,34.087677001953125
2019-02-26,57.7701530456543,33.983154296875
2019-02-27,57.79035568237305,33.717857360839844
2019-02-28,57.75668716430664,33.46059036254883
2019-03-01,57.920406341552734,33.50078582763672
2019-03-04,57.83244705200195,33.62137985229492
2019-03-05,57.80537796020508,34.015316009521484
2019-03-06,57.7106819152832,33.84648895263672
2019-03-07,57.67007064819336,33.2997932434082
2019-03-08,57.575355529785156,33.058616638183594
2019-03-11,57.76478958129883,33.73393249511719
2019-03-12,57.86626052856445,33.87060546875
2019-03-13,58.021907806396484,33.94296646118164
2019-03-14,57.981292724609375,33.76609802246094
2019-03-15,58.035404205322266,34.22434997558594
2019-03-18,58.015132904052734,34.61024475097656
2019-03-19,58.04895782470703,34.61827850341797
2019-03-20,58.299285888671875,34.61024475097656
2019-03-21,58.285762786865234,34.690635681152344
2019-03-22,58.07598876953125,33.645503997802734
2019-03-25,58.055721282958984,33.80016326904297
2019-03-26,58.19778060913086,33.912933349609375
2019-03-27,58.23836135864258,33.54239273071289
2019-03-28,58.3533935546875,33.83238220214844
2019-03-29,58.50225067138672,34.235145568847656
2019-04-01,58.487979888916016,34.75069046020508
2019-04-02,58.51516342163086,34.645965576171875
2019-04-03,58.5355224609375,34.81513595581055
2019-04-04,58.62389373779297,35.040687561035156
2019-04-05,58.732601165771484,35.32261657714844
2019-04-08,58.69862365722656,35.29844665527344
2019-04-09,58.657867431640625,35.2501106262207
2019-04-10,58.91610336303711,35.419288635253906
2019-04-11,59.004451751708984,35.00846481323242
2019-04-12,59.0927619934082,35.22595977783203
2019-04-15,59.05198287963867,35.040687561035156
2019-04-16,59.01799392700195,35.32261657714844
2019-04-17,58.87530517578125,35.41122055053711
2019-04-18,58.902503967285156,35.451499938964844
2019-04-22,58.80054473876953,35.2420654296875
2019-04-23,59.004451751708984,35.32261657714844
2019-04-24,58.9228630065918,34.91180419921875
2019-04-25,58.95005798339844,34.84735107421875
2019-04-26,59.09960174560547,35.00846481323242
2019-04-29,59.072383880615234,34.94401931762695
2019-04-30,59.07919692993164,34.968177795410156
2019-05-01,58.88535690307617,34.77485275268555
2019-05-02,58.926307678222656,34.82318878173828
2019-05-03,59.07645797729492,35.274288177490234
2019-05-06,59.103763580322266,34.525146484375
2019-05-07,58.74887466430664,33.872657775878906
2019-05-08,58.76935577392578,33.78404998779297
2019-05-09,58.68067169189453,33.30878829956055
2019-05-10,58.84442901611328,33.582672119140625
2019-05-13,58.3053092956543,32.446861267089844
2019-05-14,58.43495559692383,32.897972106933594
2019-05-15,58.48955535888672,32.9865837097168
2019-05-16,58.66701889038086,32.9060173034668
2019-05-17,58.64656448364258,32.27770233154297
2019-05-20,58.59196472167969,32.16493606567383
2019-05-21,58.77619552612305,32.59992599487305
2019-05-22,58.8239631652832,32.46297836303711
2019-05-23,58.53050994873047,32.05215835571289
2019-05-24,58.44862747192383,32.10049057006836
2019-05-28,58.39403533935547,32.1971549987793
2019-05-29,58.23705291748047,32.471046447753906
2019-05-30,58.359920501708984,32.616031646728516
2019-05-31,57.93682098388672,32.736854553222656
2019-06-03,58.030059814453125,32.930179595947266
2019-06-04,58.61277389526367,32.93825149536133
2019-06-05,58.74985885620117,32.69658279418945
2019-06-06,58.873252868652344,32.68851852416992
2019-06-07,59.02406692504883,32.9221305847168
2019-06-10,59.11319351196289,33.22822952270508
2019-06-11,59.195438385009766,33.57461166381836
2019-06-12,59.0583381652832,33.21211624145508
2019-06-13,59.195438385009766,33.24434280395508
2019-06-14,59.154300689697266,32.833518981933594
2019-06-17,59.06519317626953,32.97059631347656
2019-06-18,59.47650909423828,33.716796875
2019-06-19,59.757591247558594,33.95201873779297
2019-06-20,60.05921173095703,34.479209899902344
2019-06-21,59.86726760864258,34.341331481933594
2019-06-24,59.86040496826172,34.36565399169922
2019-06-25,59.606781005859375,33.99256134033203
2019-06-26,59.57936096191406,34.32510757446289
2019-06-27,59.74384689331055,34.51976776123047
2019-06-28,59.76444625854492,34.49543380737305
2019-07-01,59.78229904174805,34.990196228027344
2019-07-02,59.91314697265625,34.9415283203125
2019-07-03,60.14039993286133,34.98208999633789
2019-07-05,59.89937973022461,34.738765716552734
2019-07-08,59.78229904174805,34.60087585449219
2019-07-09,59.7134895324707,34.511653900146484
2019-07-10,59.87873077392578,34.738765716552734
2019-07-11,59.7617073059082,34.6657600402832
2019-07-12,59.85808563232422,34.6657600402832
2019-07-15,59.89937973022461,34.82798385620117
2019-07-16,59.775447845458984,34.76309585571289
2019-07-17,59.699710845947266,34.68198013305664
2019-07-18,59.72725296020508,34.900970458984375
2019-07-19,59.62394714355469,34.67387008666992
2019-07-22,59.82364273071289,34.633323669433594
2019-07-23,59.92692947387695,34.633323669433594
2019-07-24,59.97514343261719,34.738765716552734
2019-07-25,59.892513275146484,34.53599548339844
2019-07-26,60.02336120605469,34.56843948364258
2019-07-29,59.933837890625,34.5603141784668
2019-07-30,59.96136474609375,34.21966552734375
2019-07-31,59.85808563232422,33.87089920043945
2019-08-01,59.828346252441406,33.25447463989258
2019-08-02,59.73843002319336,32.93815231323242
2019-08-05,59.116127014160156,31.778303146362305
2019-08-06,59.496429443359375,32.28117752075195
2019-08-07,59.48948287963867,32.41904830932617
2019-08-08,59.72460174560547,32.84082794189453
2019-08-09,59.64163589477539,32.516395568847656
2019-08-12,59.43418502807617,32.151397705078125
2019-08-13,59.69697570800781,32.53260040283203
2019-08-14,59.164527893066406,31.632308959960938
2019-08-15,59.33738327026367,31.810741424560547
2019-08-16,59.53790283203125,32.232505798339844
2019-08-19,59.710777282714844,32.33794021606445
2019-08-20,59.75918960571289,32.39473342895508
2019-08-21,60.01506805419922,32.646156311035156
2019-08-22,60.1257209777832,32.313621520996094
2019-08-23,59.84907913208008,31.851301193237305
2019-08-26,60.146427154541016,32.0540771484375
2019-08-27,60.118804931640625,32.070289611816406
2019-08-28,60.263980865478516,32.19194412231445
2019-08-29,60.32624435424805,32.565059661865234
2019-08-30,60.270912170410156,32.767826080322266
2019-09-03,60.097991943359375,32.597503662109375
2019-09-04,60.22297668457031,33.132808685302734
2019-09-05,60.459110260009766,33.38424301147461
2019-09-06,60.51466369628906,33.48969650268555
2019-09-09,60.577144622802734,33.57890319824219
2019-09-10,60.611881256103516,33.57890319824219
2019-09-11,60.60494613647461,33.83033752441406
2019-09-12,60.639678955078125,34.04123306274414
2019-09-13,60.52853775024414,34.21966552734375
2019-09-16,60.74382781982422,33.94389343261719
2019-09-17,60.7785530090332,33.98446273803711
2019-09-18,60.74382781982422,33.81412124633789
2019-09-19,60.674373626708984,33.60324478149414
2019-09-20,60.750797271728516,33.660011291503906
2019-09-23,60.72303009033203,33.78168487548828
2019-09-24,60.639678955078125,33.37020492553711
2019-09-25,60.577144622802734,33.40304946899414
2019-09-26,60.53547668457031,33.38663101196289
2019-09-27,60.466033935546875,32.96775817871094
2019-09-30,60.53547668457031,33.06630325317383
2019-10-01,60.39606475830078,32.83633804321289
2019-10-02,60.040470123291016,32.680294036865234
2019-10-03,60.07529830932617,33.074520111083984
2019-10-04,60.26357650756836,33.23057174682617
2019-10-07,60.214759826660156,32.975975036621094
2019-10-08,59.991641998291016,32.696720123291016
2019-10-09,60.172916412353516,32.94310760498047
2019-10-10,60.249610900878906,33.296287536621094
2019-10-11,60.500648498535156,33.73979187011719
2019-10-14,60.5424919128418,33.6658821105957
2019-10-15,60.67494583129883,33.89584732055664
2019-10-16,60.626136779785156,33.9861946105957
2019-10-17,60.70979309082031,34.09294891357422
2019-10-18,60.723758697509766,34.00261306762695
2019-10-21,60.74469757080078,34.2490119934082
2019-10-22,60.758602142333984,34.2243766784668
2019-10-23,60.814395904541016,34.24080276489258
2019-10-24,60.88410949707031,34.281856536865234
2019-10-25,60.93294906616211,34.43791198730469
2019-10-28,60.92595291137695,34.70893859863281
2019-10-29,60.814395904541016,34.511844635009766
2019-10-30,60.73768997192383,34.64324951171875
2019-10-31,60.52851867675781,34.37221145629883
2019-11-01,60.78829574584961,34.906063079833984
2019-11-04,60.914306640625,35.160675048828125
2019-11-05,60.85133361816406,35.33314895629883
2019-11-06,60.781272888183594,35.275657653808594
2019-11-07,60.75327682495117,35.51383972167969
2019-11-08,60.80930709838867,35.19352722167969
2019-11-11,60.77424621582031,34.99641036987305
2019-11-12,60.78829574584961,34.73358154296875
2019-11-13,60.72526550292969,34.511844635009766
2019-11-14,60.69027328491211,34.49541091918945
2019-11-15,60.87229537963867,34.725372314453125
2019-11-18,60.795310974121094,34.7171630859375
2019-11-19,60.578269958496094,34.840354919433594
2019-11-20,60.452171325683594,34.70893859863281
2019-11-21,60.46620559692383,34.7500114440918
2019-11-22,60.697242736816406,34.68431091308594
2019-11-25,60.858314514160156,34.99641036987305
2019-11-26,60.92830276489258,34.85678482055664
2019-11-27,61.00535202026367,34.96356201171875
2019-11-29,60.87229537963867,34.544681549072266
2019-12-02,60.83083724975586,34.55290222167969
2019-12-03,60.746490478515625,34.41327667236328
2019-12-04,60.92924499511719,34.7171630859375
2019-12-05,61.020606994628906,34.897865295410156
2019-12-06,61.10495376586914,35.02926254272461
2019-12-09,61.10495376586914,34.897865295410156
2019-12-10,61.252593994140625,34.971778869628906
2019-12-11,61.37909698486328,35.43992233276367
2019-12-12,61.519691467285156,35.92451095581055
2019-12-13,61.582984924316406,35.88344192504883
2019-12-16,61.702430725097656,36.18732452392578
2019-12-17,61.89224624633789,36.45836639404297
2019-12-18,62.004695892333984,36.65546798706055
2019-12-19,61.97225570678711,36.68011474609375
2019-12-20,61.88054275512695,36.71297836303711
2019-12-23,61.908790588378906,36.77867126464844
2019-12-24,61.95816421508789,36.74540710449219
2019-12-26,62.04987335205078,37.05315399169922
2019-12-27,62.02162551879883,37.103050231933594
2019-12-30,61.97932815551758,36.895118713378906
2019-12-31,62.0357551574707,36.986610412597656
2020-01-02,62.296756744384766,37.868221282958984
2020-01-03,62.23326110839844,37.19453430175781
2020-01-06,62.16979217529297,37.12800979614258
2020-01-07,62.113346099853516,37.111366271972656
2020-01-08,62.16979217529297,37.277706146240234
2020-01-09,62.33201217651367,37.468994140625
2020-01-10,62.35318374633789,37.6519660949707
2020-01-13,62.35318374633789,38.16764450073242
2020-01-14,62.34610366821289,37.992984771728516
2020-01-15,62.360260009765625,37.751792907714844
2020-01-16,62.381412506103516,37.943077087402344
2020-01-17,62.33201217651367,38.18428039550781
2020-01-21,62.197967529296875,37.236122131347656
2020-01-22,62.310874938964844,37.460693359375
2020-01-23,62.12038803100586,37.11968231201172
2020-01-24,61.859375,36.836891174316406
2020-01-27,61.443172454833984,35.59762954711914
2020-01-28,61.97225570678711,35.89704513549805
2020-01-29,61.9370002746582,36.063392639160156
2020-01-30,62.00047302246094,35.57267761230469
2020-01-31,61.746517181396484,34.94055938720703
2020-02-03,61.73661422729492,35.19009017944336
2020-02-04,62.104976654052734,36.030128479003906
2020-02-05,62.359981536865234,36.22974395751953
2020-02-06,62.40957260131836,36.21310806274414
2020-02-07,62.31745910644531,35.72238540649414
2020-02-10,62.402496337890625,35.94695281982422
2020-02-11,62.44499588012695,36.40439987182617
2020-02-12,62.607906341552734,36.87016296386719
2020-02-13,62.62919616699219,36.47926330566406
2020-02-14,62.622108459472656,36.40439987182617
2020-02-18,62.494571685791016,36.279640197753906
2020-02-19,62.52290344238281,36.57904815673828
2020-02-20,62.62919616699219,36.08003234863281
2020-02-21,62.572509765625,35.94695281982422
2020-02-24,61.8995475769043,34.6827507019043
2020-02-25,61.4674186706543,34.40827178955078
2020-02-26,61.531185150146484,34.62451934814453
2020-02-27,60.70234680175781,33.792808532714844
2020-02-28,60.95029830932617,33.70130157470703
2020-03-02,61.41278076171875,34.35004806518555
2020-03-03,61.14952850341797,34.18370819091797
2020-03-04,61.98915100097656,34.66609573364258
2020-03-05,61.20642852783203,34.000736236572266
2020-03-06,60.5162239074707,33.36029815673828
2020-03-09,57.912010192871094,30.873458862304688
2020-03-10,58.801448822021484,32.42877197265625
2020-03-11,57.52066421508789,31.023170471191406
2020-03-12,55.222415924072266,27.90422248840332
2020-03-13,56.95854949951172,29.8587646484375
2020-03-16,53.827789306640625,26.249094009399414
2020-03-17,54.3329963684082,27.895904541015625
2020-03-18,51.93511199951172,25.625303268432617
2020-03-19,50.76820373535156,25.766695022583008
2020-03-20,49.62972640991211,25.883140563964844
2020-03-23,48.83281326293945,25.381505966186523
2020-03-24,50.84646224975586,26.981395721435547
2020-03-25,52.27666473388672,27.864660263061523
2020-03-26,54.66741180419922,28.989578247070312
2020-03-27,54.80971908569336,27.423032760620117
2020-03-30,55.27935028076172,27.822996139526367
2020-03-31,54.83818054199219,27.95632553100586
2020-04-01,53.33287811279297,26.964723587036133
2020-04-02,53.74763488769531,27.756332397460938
2020-04-03,52.596336364746094,27.223039627075195
2020-04-06,53.87638473510742,28.564605712890625
2020-04-07,53.87638473510742,28.731266021728516
2020-04-08,55.27796936035156,29.0645751953125
2020-04-09,58.89643096923828,29.01458168029785
2020-04-13,58.05257797241211,29.122905731201172
2020-04-14,58.295745849609375,29.706201553344727
2020-04-15,57.75225067138672,29.047908782958984
2020-04-16,57.69505310058594,29.214567184448242
2020-04-17,57.988224029541016,29.68952751159668
2020-04-20,57.11579513549805,29.47288703918457
2020-04-21,56.07172775268555,28.656269073486328
2020-04-22,56.56519317626953,29.39788246154785
2020-04-23,56.53657913208008,29.28122901916504
2020-04-24,56.00739288330078,29.239559173583984
2020-04-27,56.23621368408203,29.789518356323242
2020-04-28,56.4078483581543,29.86452293395996
2020-04-29,57.40185546875,30.672792434692383
2020-04-30,57.51626968383789,30.139501571655273
2020-05-01,56.524166107177734,29.13123321533203
2020-05-04,56.44511032104492,29.497880935668945
2020-05-05,56.93363571166992,29.631200790405273
2020-05-06,56.61036682128906,29.55620765686035
2020-05-07,56.75407409667969,29.74785614013672
2020-05-08,57.29287338256836,30.414480209350586
2020-05-11,57.03419876098633,30.264476776123047
2020-05-12,56.962371826171875,30.172828674316406
2020-05-13,56.6606559753418,30.081165313720703
2020-05-14,56.46665573120117,30.172828674316406
2020-05-15,56.54568862915039,29.79785919189453
2020-05-18,57.54426574707031,30.922780990600586
2020-05-19,57.61610794067383,30.61446189880371
2020-05-20,58.22675704956055,30.997774124145508
2020-05-21,58.2123908996582,30.681123733520508
2020-05-22,58.35608673095703,30.097837448120117
2020-05-26,58.7943115234375,30.764448165893555
2020-05-27,58.91644287109375,30.79779052734375
2020-05-28,58.97392272949219,30.597808837890625
2020-05-29,59.210975646972656,31.131093978881836
2020-06-01,59.65884780883789,31.839372634887695
2020-06-02,60.25026321411133,32.580989837646484
2020-06-03,60.531524658203125,33.21428298950195
2020-06-04,60.34401321411133,32.79764175415039
2020-06-05,60.91377258300781,33.55591583251953
2020-06-08,60.98590087890625,33.822566986083984
2020-06-09,60.509883880615234,33.639244079589844
2020-06-10,60.4233283996582,33.8058967590332
2020-06-11,58.87273025512695,32.08102035522461
2020-06-12,59.4569206237793,32.81431198120117
2020-06-15,60.03388595581055,32.680992126464844
2020-06-16,60.27908706665039,32.80597686767578
2020-06-17,59.9978141784668,33.105960845947266
2020-06-18,59.9762077331543,33.114280700683594
2020-06-19,59.77425003051758,33.17262268066406
2020-06-22,59.730953216552734,33.53246307373047
2020-06-23,59.817535400390625,33.8671989440918
2020-06-24,59.20451354980469,33.35672378540039
2020-06-25,59.226131439208984,33.49898147583008
2020-06-26,58.663597106933594,33.097293853759766
2020-06-29,58.331809997558594,33.31488037109375
2020-06-30,58.86550521850586,33.14750671386719
2020-07-01,59.04875946044922,33.591041564941406
2020-07-02,59.48331832885742,34.386043548583984
2020-07-06,59.91060256958008,35.90074157714844
2020-07-07,59.51227951049805,35.3316764831543
2020-07-08,59.67161560058594,36.27730941772461
2020-07-09,59.54127883911133,36.30242156982422
2020-07-10,59.74405288696289,36.051368713378906
2020-07-13,59.41812515258789,35.87563705444336
2020-07-14,59.92512130737305,35.892364501953125
2020-07-15,60.2655029296875,35.925838470458984
2020-07-16,60.32347106933594,35.41537094116211
2020-07-17,60.490013122558594,35.574363708496094
2020-07-20,60.852176666259766,36.07646942138672
2020-07-21,61.134639739990234,36.34426498413086
2020-07-22,61.25776290893555,36.21873474121094
2020-07-23,61.21428680419922,35.976051330566406
2020-07-24,61.27223205566406,35.88399124145508
2020-07-27,61.417057037353516,36.38610076904297
2020-07-28,61.25776290893555,35.9927978515625
2020-07-29,61.5981330871582,36.62879180908203
2020-07-30,61.72850799560547,36.20199966430664
2020-07-31,61.84440231323242,35.9927978515625
2020-08-03,61.859683990478516,36.268943786621094
2020-08-04,61.8378791809082,36.67899703979492
2020-08-05,61.94691848754883,37.055580139160156
2020-08-06,62.085079193115234,37.10579299926758
2020-08-07,61.932403564453125,36.352630615234375
2020-08-10,61.96145248413086,36.34426498413086
2020-08-11,61.40155029296875,36.210365295410156
2020-08-12,61.41609573364258,36.653892517089844
2020-08-13,61.248863220214844,36.511634826660156
2020-08-14,61.13979721069336,36.56184768676758
2020-08-17,61.50339126586914,36.955169677734375
2020-08-18,61.59788131713867,37.089054107666016
2020-08-19,61.42338180541992,36.662261962890625
2020-08-20,61.62697982788086,36.56184768676758
2020-08-21,61.619712829589844,36.79616165161133
2020-08-24,61.903316497802734,37.16437530517578
2020-08-25,61.96875,37.50748062133789
2020-08-26,61.96145248413086,37.540958404541016
2020-08-27,61.866939544677734,37.3233757019043
2020-08-28,61.91782760620117,37.775272369384766
2020-08-31,61.830570220947266,36.98027038574219
2020-09-01,62.16712951660156,37.72505569458008
2020-09-02,62.24013137817383,37.62464141845703
2020-09-03,61.853240966796875,36.963531494140625
2020-09-04,61.6852912902832,36.896583557128906
2020-09-08,61.342166900634766,36.210365295410156
2020-09-09,61.824012756347656,36.67899703979492
2020-09-10,61.53199005126953,36.12667465209961
2020-09-11,61.65606689453125,36.39447021484375
2020-09-14,61.590396881103516,36.99700164794922
2020-09-15,61.75831985473633,37.41542434692383
2020-09-16,61.75831985473633,37.28154373168945
2020-09-17,61.692604064941406,37.2145881652832
2020-09-18,61.539302825927734,36.921688079833984
2020-09-21,61.04283142089844,36.614105224609375
2020-09-22,61.2545166015625,36.29300308227539
2020-09-23,60.633949279785156,35.72684097290039
2020-09-24,60.67045974731445,35.62545394897461
2020-09-25,60.56095504760742,35.61698913574219
2020-09-28,60.95520782470703,35.97190856933594
2020-09-29,61.006324768066406,35.95500183105469
2020-09-30,61.2545166015625,36.53805160522461
2020-10-01,61.464969635009766,36.85915756225586
2020-10-02,61.464969635009766,36.45355987548828
2020-10-05,61.9268798828125,36.9267578125
2020-10-06,61.78759002685547,37.03660202026367
2020-10-07,62.00754165649414,37.38307571411133
2020-10-08,62.14686965942383,37.66191101074219
2020-10-09,62.28619384765625,37.923866271972656
2020-10-12,62.601470947265625,38.2956657409668
2020-10-13,62.32284164428711,38.12666320800781
2020-10-14,62.16883850097656,37.957672119140625
2020-10-15,62.12485122680664,37.65346145629883
2020-10-16,62.051544189453125,37.80556869506836
2020-10-19,61.83156967163086,37.68726348876953
2020-10-20,62.051544189453125,38.0675163269043
2020-10-21,62.04420471191406,38.14356994628906
2020-10-22,62.15419006347656,38.15201187133789
2020-10-23,62.227500915527344,38.3294677734375
2020-10-26,61.6776008605957,37.83091354370117
2020-10-27,61.706939697265625,37.96611785888672
2020-10-28,61.193660736083984,37.01970672607422
2020-10-29,61.36964416503906,37.40840530395508
2020-10-30,61.501644134521484,37.01970672607422
2020-11-02,61.64816665649414,37.4929084777832
2020-11-03,62.17835998535156,37.59431076049805
2020-11-04,62.76008605957031,38.80267333984375
2020-11-05,62.980979919433594,39.461769104003906
2020-11-06,62.76008605957031,39.60541915893555
2020-11-09,63.23871612548828,39.901180267333984
2020-11-10,63.15034484863281,39.45331954956055
2020-11-11,63.12826156616211,39.62232208251953
2020-11-12,62.70112991333008,39.32658004760742
2020-11-13,62.91471481323242,39.82512664794922
2020-11-16,63.2681770324707,40.289878845214844
2020-11-17,63.29025650024414,40.230735778808594
2020-11-18,63.172401428222656,40.09553527832031
2020-11-19,63.38596725463867,40.196929931640625
2020-11-20,63.2681770324707,40.47578811645508
2020-11-23,63.36388397216797,40.46732711791992
2020-11-24,63.555320739746094,41.00812911987305
2020-11-25,63.525875091552734,40.822235107421875
2020-11-27,63.62900161743164,41.202484130859375
2020-11-30,63.56270217895508,40.1884765625
2020-12-01,63.72608184814453,41.02503204345703
2020-12-02,63.90351867675781,41.00812911987305
2020-12-03,63.94043731689453,41.413734436035156
2020-12-04,64.20663452148438,41.692596435546875
2020-12-07,64.17707824707031,41.692596435546875
2020-12-08,64.12529754638672,41.81089401245117
2020-12-09,64.02918243408203,41.32079315185547
2020-12-10,64.1474609375,41.87849044799805
2020-12-11,64.08094787597656,41.59962463378906
2020-12-14,64.09571838378906,41.447532653808594
2020-12-15,64.29534149169922,41.836246490478516
2020-12-16,64.19922637939453,42.064388275146484
2020-12-17,64.29498291015625,42.40239334106445
2020-12-18,64.3469467163086,42.2756462097168
2020-12-21,64.11685180664062,41.706905364990234
2020-12-22,64.19847869873047,41.40087127685547
2020-12-23,64.48799133300781,41.82593536376953
2020-12-24,64.62163543701172,41.587894439697266
2020-12-28,64.70328521728516,41.67291259765625
2020-12-29,64.62163543701172,42.12346649169922
2020-12-30,64.7552719116211,42.71005630493164
2020-12-31,64.80723571777344,42.599544525146484
2021-01-04,64.67359161376953,42.795066833496094
2021-01-05,64.69581604003906,43.78969955444336
2021-01-06,64.57707977294922,43.37314987182617
2021-01-07,64.76270294189453,43.713199615478516
2021-01-08,64.85916900634766,44.597320556640625
2021-01-11,64.51026916503906,44.0787467956543
2021-01-12,64.59190368652344,44.56331253051758
2021-01-13,64.78494262695312,44.70783615112305
2021-01-14,64.7701187133789,45.14990997314453
2021-01-15,64.66619110107422,44.631324768066406
2021-01-19,64.85174560546875,45.43894577026367
2021-01-20,64.97052764892578,46.22955322265625
2021-01-21,64.93338775634766,46.238059997558594
2021-01-22,64.80723571777344,45.90651321411133
2021-01-25,64.82206726074219,46.13603591918945
2021-01-26,64.72557830810547,45.84699630737305
2021-01-27,64.53995513916016,44.68233871459961
2021-01-28,64.73296356201172,44.89487838745117
2021-01-29,64.5622329711914,43.93422317504883
2021-02-01,64.76934814453125,45.04789733886719
2021-02-02,64.92583465576172,45.75349044799805
2021-02-03,64.97798919677734,45.92351150512695
2021-02-04,65.11209869384766,45.99150848388672
2021-02-05,65.20895385742188,46.331573486328125
2021-02-08,65.40267944335938,46.569602966308594
2021-02-09,65.2834701538086,47.08818054199219
2021-02-10,65.26856994628906,47.190185546875
2021-02-11,65.29840087890625,47.683265686035156
2021-02-12,65.40267944335938,47.768272399902344
2021-02-16,65.29840087890625,47.90428161621094
2021-02-17,65.27603149414062,48.023311614990234
2021-02-18,65.18661499023438,47.402713775634766
2021-02-19,65.19405364990234,47.65776062011719
2021-02-22,64.99291229248047,46.306068420410156
2021-02-23,65.14938354492188,46.569602966308594
2021-02-24,65.21641540527344,46.272056579589844
2021-02-25,64.59800720214844,45.26891326904297
2021-02-26,64.40428924560547,44.622825622558594
2021-03-01,65.12732696533203,45.84699630737305
2021-03-02,65.0301513671875,45.41342544555664
2021-03-03,64.82077026367188,45.37942886352539
2021-03-04,64.573974609375,44.40178680419922
2021-03-05,64.7684326171875,44.71634292602539
2021-03-08,64.2973403930664,43.55167007446289
2021-03-09,64.38709259033203,44.495304107666016
2021-03-10,64.58899688720703,44.418792724609375
2021-03-11,64.82825469970703,45.75349044799805
2021-03-12,64.64878845214844,44.94587707519531
2021-03-15,64.6562728881836,44.92036437988281
2021-03-16,64.50672912597656,45.11588668823242
2021-03-17,64.59642791748047,45.14990997314453
2021-03-18,64.10296630859375,44.452796936035156
2021-03-19,64.34967803955078,44.89487838745117
2021-03-22,64.58149719238281,44.79952621459961
2021-03-23,64.64878845214844,44.06748580932617
2021-03-24,64.68619537353516,43.03750991821289
2021-03-25,64.79833221435547,43.10560607910156
2021-03-26,64.99270629882812,44.17814254760742
2021-03-29,65.0301513671875,43.93129348754883
2021-03-30,64.87310791015625,44.11003875732422
2021-03-31,65.1871566772461,44.305824279785156
2021-04-01,65.3252182006836,44.705902099609375
2021-04-05,65.355224609375,44.79952621459961
2021-04-06,65.46773529052734,45.012332916259766
2021-04-07,65.44526672363281,44.35689926147461
2021-04-08,65.46773529052734,44.816558837890625
2021-04-09,65.42274475097656,44.433509826660156
2021-04-12,65.355224609375,44.144100189208984
2021-04-13,65.40020751953125,44.15260696411133
2021-04-14,65.37022399902344,44.39094924926758
2021-04-15,65.63282775878906,44.782508850097656
2021-04-16,65.49778747558594,44.927215576171875
2021-04-19,65.39273071289062,44.83357238769531
2021-04-20,65.28018188476562,44.49309539794922
2021-04-21,65.49778747558594,44.84208679199219
2021-04-22,65.37773895263672,44.76547622680664
2021-04-23,65.55028533935547,45.37835693359375
2021-04-26,65.52029418945312,45.43793487548828
2021-04-27,65.43022918701172,45.50604248046875
2021-04-28,65.55776977539062,45.872066497802734
2021-04-29,65.63282775878906,45.76992416381836
2021-04-30,65.60282897949219,45.09745788574219
2021-05-03,65.62838745117188,45.08042907714844
2021-05-04,65.59075927734375,44.52714157104492
2021-05-05,65.71874237060547,44.69737243652344
2021-05-06,65.6961669921875,45.14000701904297
2021-05-07,65.74134063720703,45.54008483886719
2021-05-10,65.59075927734375,44.688865661621094
2021-05-11,65.52300262451172,44.569698333740234
2021-05-12,65.20684051513672,43.429073333740234
2021-05-13,65.440185546875,43.37799835205078
2021-05-14,65.65096282958984,44.0930290222168
2021-05-17,65.53050994873047,44.11854934692383
2021-05-18,65.3724365234375,44.75697326660156
2021-05-19,65.19931030273438,44.63779830932617
2021-05-20,65.47784423828125,44.79952621459961
2021-05-21,65.57571411132812,44.32284927368164
2021-05-24,65.65096282958984,44.73994064331055
2021-05-25,65.65847778320312,45.20811462402344
2021-05-26,65.68109130859375,45.54008483886719
2021-05-27,65.65096282958984,45.625205993652344
2021-05-28,65.62838745117188,45.86354446411133
2021-06-01,65.82551574707031,46.82542419433594
2021-06-02,65.90859985351562,46.93608474731445
2021-06-03,65.77265930175781,46.408329010009766
2021-06-04,65.91617584228516,46.82542419433594
2021-06-07,65.9388427734375,46.638160705566406
2021-06-08,65.98414611816406,46.442378997802734
2021-06-09,66.03700256347656,46.408329010009766
2021-06-10,66.15786743164062,46.73179244995117
2021-06-11,66.18051147460938,46.527496337890625
2021-06-14,66.1201171875,46.71477127075195
2021-06-15,66.11255645751953,46.39982604980469
2021-06-16,66.02191162109375,45.76992416381836
2021-06-17,66.06722259521484,46.033790588378906
2021-06-18,66.03700256347656,45.67628860473633
2021-06-21,66.16543579101562,45.89875411987305
2021-06-22,66.21076202392578,45.70195388793945
2021-06-23,66.14275360107422,45.96721267700195
2021-06-24,66.3467025756836,46.309486389160156
2021-06-25,66.4146728515625,46.685997009277344
2021-06-28,66.4071044921875,46.79722595214844
2021-06-29,66.49019622802734,46.76299285888672
2021-06-30,66.49778747558594,46.472068786621094
2021-07-01,66.6280746459961,46.223915100097656
2021-07-02,66.73421478271484,46.17258071899414
2021-07-06,66.69632720947266,45.342567443847656
2021-07-07,66.71905517578125,45.38535690307617
2021-07-08,66.57504272460938,44.52110290527344
2021-07-09,66.6887435913086,45.334014892578125
2021-07-12,66.66598510742188,45.35967254638672
2021-07-13,66.46898651123047,45.38535690307617
2021-07-14,66.57504272460938,45.60783004760742
2021-07-15,66.52957153320312,45.650611877441406
2021-07-16,66.43862915039062,45.342567443847656
2021-07-19,65.99153137207031,44.675132751464844
2021-07-20,66.32498168945312,44.70935821533203
2021-07-21,66.48412322998047,45.09441375732422
2021-07-22,66.5219955444336,45.162879943847656
2021-07-23,66.65084838867188,44.46121597290039
2021-07-26,66.55233764648438,43.61408615112305
2021-07-27,66.4614028930664,42.67283630371094
2021-07-28,66.51444244384766,43.87934494018555
2021-07-29,66.65841674804688,44.03337860107422
2021-07-30,66.56747436523438,43.73387908935547
2021-08-02,66.40251159667969,44.08470916748047
2021-08-03,66.4785385131836,44.195953369140625
2021-08-04,66.35687255859375,44.30718994140625
2021-08-05,66.50894165039062,44.170284271240234
2021-08-06,66.43291473388672,43.870792388916016
2021-08-09,66.28089141845703,44.024818420410156
2021-08-10,66.12879180908203,44.18739318847656
2021-08-11,66.23523712158203,44.349979400634766
2021-08-12,66.34927368164062,44.059043884277344
2021-08-13,66.49378204345703,43.97347640991211
2021-08-16,66.51655578613281,43.62264633178711
2021-08-17,66.36447143554688,42.835426330566406
2021-08-18,66.2124252319336,42.886756896972656
2021-08-19,66.20484161376953,42.22788619995117
2021-08-20,66.36447143554688,42.22788619995117
2021-08-23,66.56973266601562,42.835426330566406
2021-08-24,66.6610107421875,43.793785095214844
2021-08-25,66.72943115234375,43.83656692504883
2021-08-26,66.69139099121094,43.47718811035156
2021-08-27,66.87384796142578,44.024818420410156
2021-08-30,66.95750427246094,44.15316390991211
2021-08-31,66.9726791381836,44.69224548339844
2021-09-01,67.02989959716797,45.23133087158203
2021-09-02,67.11380767822266,45.0516357421875
2021-09-03,67.12142181396484,45.25699996948242
2021-09-07,66.9460220336914,45.63349914550781
2021-09-08,67.02229309082031,44.957515716552734
2021-09-09,67.08326721191406,45.01740646362305
2021-09-10,66.98414611816406,44.94894790649414
2021-09-13,67.15191650390625,45.09441375732422
2021-09-14,67.12142181396484,44.675132751464844
2021-09-15,67.2205581665039,44.658016204833984
2021-09-16,67.19768524169922,44.195953369140625
2021-09-17,67.11380767822266,44.024818420410156
2021-09-20,66.87737274169922,42.82697677612305
2021-09-21,66.99178314208984,43.17242431640625
2021-09-22,67.11380767822266,43.79422378540039
2021-09-23,67.14431762695312,44.00149917602539
2021-09-24,67.0451431274414,43.517879486083984
2021-09-27,66.98414611816406,43.75104904174805
2021-09-28,66.6790771484375,43.241512298583984
2021-09-29,66.80110931396484,42.896060943603516
2021-09-30,66.724853515625,43.189693450927734
2021-10-01,66.88477325439453,43.21561050415039
2021-10-04,66.64757537841797,42.61970520019531
2021-10-05,66.61697387695312,43.025611877441406
2021-10-06,66.57872009277344,42.86151885986328
2021-10-07,66.58635711669922,43.69923400878906
2021-10-08,66.38739776611328,43.86332321166992
2021-10-11,66.18081665039062,43.74241638183594
2021-10-12,66.30323028564453,43.62150955200195
2021-10-13,66.47925567626953,44.191497802734375
2021-10-14,66.85416412353516,44.260597229003906
2021-10-15,66.73938751220703,44.73558044433594
2021-10-18,66.70877838134766,44.67512893676758
2021-10-19,66.7546615600586,45.184661865234375
2021-10-20,66.77765655517578,45.193302154541016
2021-10-21,66.6092758178711,44.83057403564453
2021-10-22,66.4486083984375,44.71830368041992
2021-10-25,66.56338500976562,44.88240051269531
2021-10-26,66.57872009277344,44.58012771606445
2021-10-27,66.5251235961914,44.346946716308594
2021-10-28,66.69347381591797,44.30376434326172
2021-10-29,66.51746368408203,43.75104904174805
2021-11-01,66.44608306884766,44.17422866821289
2021-11-02,66.60730743408203,43.70786666870117
2021-11-03,66.73778533935547,44.02741241455078
2021-11-04,66.9143295288086,43.932411193847656
2021-11-05,67.16765594482422,43.94968032836914
2021-11-08,67.08323669433594,44.40740203857422
2021-11-09,67.136962890625,44.30376434326172
2021-11-10,66.76081848144531,44.182857513427734
2021-11-11,66.6456527709961,44.942848205566406
2021-11-12,66.668701171875,44.97739028930664
2021-11-15,66.59193420410156,44.89103317260742
2021-11-16,66.62263488769531,44.87376403808594
2021-11-17,66.55353546142578,44.70967483520508
2021-11-18,66.49983215332031,44.17422866821289
2021-11-19,66.44608306884766,44.09650421142578
2021-11-22,66.19278717041016,43.6387825012207
2021-11-23,66.10066223144531,43.68195724487305
2021-11-24,66.08531188964844,43.63014602661133
2021-11-26,65.60934448242188,42.35197830200195
2021-11-29,66.01619720458984,42.41244125366211
2021-11-30,65.73986053466797,42.48152542114258
2021-12-01,65.74910736083984,42.45561218261719
2021-12-02,66.23429870605469,42.956520080566406
2021-12-03,66.23429870605469,42.360618591308594
2021-12-06,66.5269546508789,42.6369743347168
2021-12-07,66.8812484741211,43.2587890625
2021-12-08,66.86582946777344,43.517879486083984
2021-12-09,66.56546783447266,43.30196762084961
2021-12-10,66.71952819824219,43.37969207763672
2021-12-13,66.71952819824219,42.714698791503906
2021-12-14,66.60398864746094,42.61970520019531
2021-12-15,66.858154296875,42.46425247192383
2021-12-16,66.80867004394531,42.57651901245117
2021-12-17,66.74687194824219,42.28289794921875
2021-12-20,66.63094329833984,41.69681930541992
2021-12-21,66.98641967773438,42.40324783325195
2021-12-22,67.16414642333984,42.638729095458984
2021-12-23,67.35737609863281,42.89164352416992
2021-12-27,67.42692565917969,43.03118896484375
2021-12-28,67.3960189819336,42.8829231262207
2021-12-29,67.28782653808594,42.69977569580078
2021-12-30,67.25695037841797,43.24922561645508
2021-12-31,67.2414779663086,43.13583755493164
2022-01-03,67.21056365966797,43.441097259521484
2022-01-04,67.04051971435547,43.26667022705078
2022-01-05,66.52275848388672,42.62128829956055
2022-01-06,66.5304946899414,42.865474700927734
2022-01-07,66.36043548583984,43.0835075378418
2022-01-10,66.41458129882812,43.17073059082031
2022-01-11,66.72364807128906,44.00798034667969
2022-01-12,66.83187103271484,44.67952346801758
2022-01-13,66.59228515625,44.12135696411133
2022-01-14,66.5304946899414,44.20856857299805
2022-01-18,66.2059097290039,43.55445861816406
2022-01-19,66.14408111572266,43.72889709472656
2022-01-20,66.02043151855469,43.99925994873047
2022-01-21,66.02818298339844,43.310264587402344
2022-01-24,65.95858764648438,42.73466491699219
2022-01-25,65.76541900634766,42.7259521484375
2022-01-26,65.54130554199219,42.281150817871094
2022-01-27,65.25535583496094,41.906131744384766
2022-01-28,65.44084930419922,41.97590637207031
2022-01-31,65.4562759399414,43.31898880004883
2022-02-01,65.71612548828125,43.5719108581543
2022-02-02,65.81694793701172,43.49341583251953
2022-02-03,65.22747802734375,43.12712478637695
2022-02-04,64.97154998779297,43.153282165527344
2022-02-07,64.92503356933594,43.153282165527344
2022-02-08,64.85520935058594,43.545738220214844
2022-02-09,65.19647216796875,44.191131591796875
2022-02-10,64.3355484008789,43.94693374633789
2022-02-11,64.1106185913086,43.26667022705078
2022-02-14,64.00202941894531,42.9439697265625
2022-02-15,64.1106185913086,43.92076873779297
2022-02-16,64.46742248535156,44.25217056274414
2022-02-17,64.19596862792969,43.67656707763672
2022-02-18,64.28900146484375,43.33642578125
2022-02-22,64.14166259765625,42.66488265991211
2022-02-23,64.02531433105469,42.272430419921875
2022-02-24,64.48291015625,41.41773986816406
2022-02-25,64.84746551513672,42.185211181640625
2022-02-28,64.89398193359375,41.705543518066406
2022-03-01,64.7126235961914,41.13865280151367
2022-03-02,64.86830139160156,41.269474029541016
2022-03-03,64.67369842529297,40.69386672973633
2022-03-04,64.25332641601562,39.92638397216797
2022-03-07,63.69284439086914,38.513519287109375
2022-03-08,63.46706771850586,38.679222106933594
2022-03-09,63.99642562866211,39.6560173034668
2022-03-10,63.45928192138672,39.0455207824707
2022-03-11,63.00001907348633,38.25188446044922
2022-03-14,62.25270080566406,37.33613967895508
2022-03-15,62.719757080078125,37.318702697753906
2022-03-16,63.59942626953125,40.22290802001953
2022-03-17,64.03536987304688,39.92638397216797
2022-03-18,64.24554443359375,40.554317474365234
2022-03-21,63.50603103637695,40.041770935058594
2022-03-22,63.832977294921875,40.66278076171875
2022-03-23,63.63056564331055,40.38287353515625
2022-03-24,63.76290512084961,40.6277961730957
2022-03-25,63.30360794067383,40.31291580200195
2022-03-28,63.70063400268555,40.44411087036133
2022-03-29,64.48683166503906,41.06512451171875
2022-03-30,64.292236328125,41.012638092041016
2022-03-31,64.0586929321289,40.347896575927734
2022-04-01,64.05401611328125,41.11759948730469
2022-04-04,64.53864288330078,41.83481979370117
2022-04-05,63.702274322509766,41.10011291503906
2022-04-06,63.20206069946289,40.64529037475586
2022-04-07,63.10042953491211,40.347896575927734
2022-04-08,62.717430114746094,40.42661666870117
2022-04-11,62.287559509277344,39.919315338134766
2022-04-12,62.76434326171875,39.76188659667969
2022-04-13,63.1395149230957,40.190460205078125
2022-04-14,62.717430114746094,39.753143310546875
2022-04-18,62.61582565307617,39.58694839477539
2022-04-19,62.561134338378906,39.385780334472656
2022-04-20,62.75650405883789,39.13213348388672
2022-04-21,62.326637268066406,38.42366027832031
2022-04-22,61.95145034790039,38.11752700805664
2022-04-25,62.47513961791992,37.72393798828125
2022-04-26,62.10776138305664,36.962982177734375
2022-04-27,61.802921295166016,37.47902297973633
2022-04-28,62.14687728881836,37.96883773803711
2022-04-29,61.38086700439453,37.99507522583008
2022-05-02,61.38481140136719,37.91635513305664
2022-05-03,61.70649719238281,38.204994201660156
2022-05-04,62.3342399597168,38.581092834472656
2022-05-05,61.22785568237305,37.181640625
2022-05-06,60.88258743286133,36.674354553222656
2022-05-09,60.23916244506836,35.68598937988281
2022-05-10,60.58444595336914,35.83466720581055
2022-05-11,60.223472595214844,35.581016540527344
2022-05-12,60.1999397277832,35.40608596801758
2022-05-13,60.27054977416992,36.28074645996094
2022-05-16,60.18424606323242,36.202030181884766
2022-05-17,60.129329681396484,37.032958984375
2022-05-18,59.63497543334961,36.228267669677734
2022-05-19,60.0351676940918,36.75306701660156
2022-05-20,59.99592590332031,36.89300537109375
2022-05-23,60.2313232421875,37.1554069519043
2022-05-24,60.59228515625,36.49066925048828
2022-05-25,61.51034927368164,36.69184112548828
2022-05-26,62.36564254760742,37.24288558959961
2022-05-27,62.92274856567383,37.64521789550781
2022-05-31,62.381317138671875,38.17000961303711
2022-06-01,62.15049743652344,37.91635513305664
2022-06-02,62.410484313964844,38.598594665527344
2022-06-03,61.945701599121094,37.99507522583008
2022-06-06,61.48094940185547,38.204994201660156
2022-06-07,61.62277603149414,38.397422790527344
2022-06-08,61.09497833251953,38.5373649597168
2022-06-09,60.60660171508789,37.70643997192383
2022-06-10,59.574710845947266,37.409053802490234
2022-06-13,57.58179473876953,36.19327926635742
2022-06-14,57.95989990234375,36.71807861328125
2022-06-15,59.0863151550293,37.26036834716797
2022-06-16,58.14892578125,36.09707260131836
2022-06-17,58.33012390136719,36.254512786865234
2022-06-21,58.29072189331055,36.83255386352539
2022-06-22,58.27497863769531,36.22454071044922
2022-06-23,58.69245910644531,36.400787353515625
2022-06-24,59.10993957519531,37.176204681396484
2022-06-27,58.74760055541992,37.202640533447266
2022-06-28,58.101680755615234,36.95590591430664
2022-06-29,58.01503372192383,36.858985900878906
2022-06-30,57.98354721069336,36.70037841796875
2022-07-01,58.53661346435547,36.48008728027344
2022-07-05,58.48122024536133,36.189300537109375
2022-07-06,58.259674072265625,35.94258499145508
2022-07-07,59.20915222167969,36.69156265258789
2022-07-08,59.25664138793945,36.60344314575195
2022-07-11,58.9243278503418,35.69585037231445
2022-07-12,59.161678314208984,35.56367492675781
2022-07-13,59.0984001159668,35.45793914794922
2022-07-14,58.98761749267578,35.22002410888672
2022-07-15,59.739315032958984,35.343387603759766
2022-07-18,59.161678314208984,35.51079559326172
2022-07-19,59.945037841796875,36.01306915283203
2022-07-20,60.20612716674805,35.863277435302734
2022-07-21,60.918270111083984,36.303855895996094
2022-07-22,60.839115142822266,35.93376922607422
2022-07-25,60.82331085205078,36.10118865966797
2022-07-26,60.39604949951172,35.757537841796875
2022-07-27,61.06068801879883,36.46245574951172
2022-07-28,61.685752868652344,36.5770149230957
2022-07-29,61.86776351928711,36.40958786010742
2022-08-01,61.88682556152344,36.189300537109375
2022-08-02,61.600868225097656,35.97782516479492
2022-08-03,62.141021728515625,36.17168426513672
2022-08-04,62.30784225463867,36.471275329589844
2022-08-05,61.9901237487793,36.46245574951172
2022-08-08,62.045684814453125,36.541770935058594
2022-08-09,61.5849723815918,36.46245574951172
2022-08-10,62.506412506103516,36.92066192626953
2022-08-11,62.14894485473633,37.096893310546875
2022-08-12,62.704994201660156,37.484615325927734
2022-08-15,62.59379196166992,37.3436279296875
2022-08-16,62.29988098144531,37.36125183105469
2022-08-17,61.656490325927734,37.27313232421875
2022-08-18,61.75177001953125,37.03521728515625
2022-08-19,61.12429428100586,36.621070861816406
2022-08-22,60.433204650878906,36.36553192138672
2022-08-23,60.584102630615234,36.594635009765625
2022-08-24,60.65559768676758,36.621070861816406
2022-08-25,61.2275390625,37.2995719909668
2022-08-26,60.21871566772461,36.806114196777344
2022-08-29,59.98834991455078,36.6298828125
2022-08-30,59.52765655517578,36.189300537109375
2022-08-31,59.20198059082031,36.24217224121094
2022-09-01,59.358428955078125,36.07475280761719
2022-09-02,59.31853485107422,35.783973693847656
2022-09-06,59.15885543823242,35.475563049316406
2022-09-07,60.01301193237305,35.77515411376953
2022-09-08,60.276432037353516,35.66941452026367
2022-09-09,60.51589584350586,36.14524459838867
2022-09-12,60.69951248168945,36.70037841796875
2022-09-13,59.31853485107422,35.53724670410156
2022-09-14,59.40632247924805,35.71347427368164
2022-09-15,59.0311164855957,35.405067443847656
2022-09-16,59.23069763183594,34.95566940307617
2022-09-19,59.45420455932617,35.09767150878906
2022-09-20,58.8475456237793,34.9726448059082
2022-09-21,58.67192840576172,34.39215087890625
2022-09-22,58.32068634033203,34.293914794921875
2022-09-23,57.57832717895508,33.50801086425781
2022-09-26,56.89977264404297,33.043617248535156
2022-09-27,56.7800407409668,33.02574920654297
2022-09-28,57.79385757446289,33.28474426269531
2022-09-29,57.251014709472656,32.63279342651367
2022-09-30,56.987579345703125,32.58815002441406
2022-10-03,57.734458923339844,33.08826446533203
2022-10-04,58.977867126464844,34.01705551147461
2022-10-05,58.745201110839844,34.0795783996582
2022-10-06,58.568756103515625,33.83843994140625
2022-10-07,57.85478973388672,33.16864013671875
2022-10-10,57.14885330200195,32.71317672729492
2022-10-11,57.3253288269043,32.204124450683594
2022-10-12,57.42158889770508,32.19519805908203
2022-10-13,57.549949645996094,32.320228576660156
2022-10-14,57.365421295166016,31.846893310546875
2022-10-17,58.071380615234375,32.65958786010742
2022-10-18,58.480525970458984,32.66852569580078
2022-10-19,57.918949127197266,32.09695816040039
2022-10-20,57.59807205200195,32.347023010253906
2022-10-21,58.151554107666016,32.82033920288086
2022-10-24,58.19169998168945,31.54325294494629
2022-10-25,58.75323486328125,31.80224609375
2022-10-26,58.91370391845703,32.23091506958008
2022-10-27,59.346885681152344,31.998722076416016
2022-10-28,59.80414962768555,31.775453567504883
2022-10-31,58.905677795410156,31.65935707092285
2022-11-01,59.25997543334961,32.18626403808594
2022-11-02,58.720455169677734,31.94513511657715
2022-11-03,58.30171585083008,32.204124450683594
2022-11-04,58.70436477661133,33.51694107055664
2022-11-07,58.69630813598633,33.45442581176758
2022-11-08,58.63992691040039,33.597312927246094
2022-11-09,57.939334869384766,32.98109817504883
2022-11-10,59.7431640625,34.0885009765625
2022-11-11,59.952518463134766,34.77616882324219
2022-11-14,59.50960922241211,34.660072326660156
2022-11-15,60.033042907714844,35.42810821533203
2022-11-16,59.904178619384766,34.865474700927734
2022-11-17,59.646514892578125,35.053016662597656
2022-11-18,59.775367736816406,34.8029670715332
2022-11-21,59.75119400024414,34.48145294189453
2022-11-22,60.186058044433594,34.57076644897461
2022-11-23,60.5242805480957,34.758296966552734
2022-11-25,60.403465270996094,34.633277893066406
2022-11-28,59.76728820800781,34.552894592285156
2022-11-29,60.02497863769531,35.231632232666016
2022-11-30,60.926902770996094,36.187217712402344
2022-12-01,61.15253829956055,36.09791564941406
2022-12-02,61.10400390625,36.32117462158203
2022-12-05,60.52175521850586,35.95501708984375
2022-12-06,60.30341339111328,35.9818115234375
2022-12-07,60.63496017456055,35.767478942871094
2022-12-08,60.68346405029297,36.17828369140625
2022-12-09,60.68346405029297,35.87464141845703
2022-12-12,60.917991638183594,35.77640914916992
2022-12-13,61.54877853393555,35.963951110839844
2022-12-14,61.201053619384766,36.02646255493164
2022-12-15,60.97016906738281,35.329872131347656
2022-12-16,60.644996643066406,35.28521728515625
2022-12-19,60.33607482910156,35.353294372558594
2022-12-20,60.18161392211914,35.23529052734375
2022-12-21,60.693763732910156,35.56205368041992
2022-12-22,60.319820404052734,35.2443733215332
2022-12-23,60.47429275512695,35.171756744384766
2022-12-27,59.848323822021484,35.72543716430664
2022-12-28,59.04351043701172,35.20806884765625
2022-12-29,59.80767059326172,35.816200256347656
2022-12-30,59.856441497802734,35.380516052246094
2023-01-03,59.970245361328125,35.761741638183594
2023-01-04,60.6612663269043,36.687557220458984
2023-01-05,60.53932189941406,36.5786247253418
2023-01-06,61.401039123535156,37.204917907714844
2023-01-09,61.62054443359375,37.40460205078125
2023-01-10,61.54734802246094,37.667823791503906
2023-01-11,61.953819274902344,37.82212829589844
2023-01-12,62.30337142944336,37.99457931518555
2023-01-13,62.30337142944336,38.24872589111328
2023-01-17,62.09201431274414,38.049034118652344
2023-01-18,62.16519546508789,37.82212829589844
2023-01-19,61.79934310913086,38.121646881103516
2023-01-20,61.921287536621094,38.56640625
2023-01-23,61.913177490234375,38.847774505615234
2023-01-24,61.953819274902344,38.884090423583984
2023-01-25,61.945701599121094,38.893157958984375
2023-01-26,62.100162506103516,39.19268798828125
2023-01-27,61.913177490234375,38.9294548034668
2023-01-30,61.57173538208008,38.23057174682617
2023-01-31,62.05137252807617,38.33041000366211
2023-02-01,62.703243255615234,38.720699310302734
2023-02-02,63.06266403198242,38.44841003417969
2023-02-03,62.400997161865234,37.84027862548828
2023-02-06,62.0007438659668,37.449981689453125
2023-02-07,62.221256256103516,37.52259063720703
2023-02-08,61.95986557006836,37.449981689453125
2023-02-09,61.55963897705078,37.595211029052734
2023-02-10,61.085819244384766,37.277530670166016
2023-02-13,61.241031646728516,37.61336898803711
2023-02-14,61.25735855102539,37.50444030761719
2023-02-15,61.15934753417969,37.322906494140625
2023-02-16,60.66922378540039,37.250301361083984
2023-02-17,60.90611267089844,36.950767517089844
2023-02-21,59.96672439575195,36.542327880859375
2023-02-22,60.35881805419922,36.38801956176758
2023-02-23,60.95512771606445,36.51509475708008
2023-02-24,60.5875129699707,35.816200256347656
2023-02-27,60.99596405029297,35.99773025512695
2023-02-28,60.88161087036133,35.7798957824707
2023-03-01,60.70903015136719,36.4969367980957
2023-03-02,60.78300094604492,36.660316467285156
2023-03-03,61.407569885253906,36.93260955810547
2023-03-06,61.407569885253906,36.8055419921875
2023-03-07,60.97200393676758,36.26095199584961
2023-03-08,60.68436050415039,36.45156478881836
2023-03-09,60.347412109375,35.707275390625
2023-03-10,60.355655670166016,35.507598876953125
2023-03-13,60.026912689208984,35.47128677368164
2023-03-14,60.462459564208984,35.489437103271484
2023-03-15,60.265228271484375,34.89945602416992
2023-03-16,60.65971755981445,35.344215393066406
2023-03-17,60.298126220703125,35.16267776489258
2023-03-20,60.133731842041016,35.224449157714844
2023-03-21,60.79118728637695,35.596858978271484
2023-03-22,60.84873962402344,35.70586013793945
2023-03-23,60.61039733886719,36.141841888427734
2023-03-24,60.48712921142578,36.069183349609375
2023-03-27,60.33918762207031,35.896602630615234
2023-03-28,60.30632781982422,36.323509216308594
2023-03-29,61.062400817871094,36.45067596435547
2023-03-30,61.42403793334961,36.80492401123047
2023-03-31,62.0897102355957,36.695926666259766
2023-04-03,62.04183578491211,36.85033416748047
2023-04-04,61.86020278930664,36.88666534423828
2023-04-05,61.51344299316406,36.55967330932617
2023-04-06,61.78589630126953,36.77766418457031
2023-04-10,61.72811508178711,36.695926666259766
2023-04-11,61.86020278930664,36.96841812133789
2023-04-12,61.84371566772461,36.68683624267578
2023-04-13,62.264739990234375,37.13191223144531
2023-04-14,62.149169921875,36.93207931518555
2023-04-17,61.98404312133789,37.13191223144531
2023-04-18,62.02529525756836,37.059242248535156
2023-04-19,61.777626037597656,36.67775344848633
2023-04-20,61.7198486328125,36.6323356628418
2023-04-21,61.90974044799805,36.287174224853516
2023-04-24,62.08310317993164,36.24177169799805
2023-04-25,61.98404312133789,35.62411117553711
2023-04-26,61.744625091552734,35.86935043334961
2023-04-27,61.95098876953125,36.33259582519531
2023-04-28,62.2152099609375,36.550594329833984
2023-05-01,61.92995071411133,36.43251419067383
2023-05-02,61.87193298339844,36.05101776123047
2023-05-03,61.838748931884766,36.04193115234375
2023-05-04,61.65633010864258,36.35076141357422
2023-05-05,61.9880256652832,36.741336822509766
2023-05-08,61.813880920410156,36.75041961669922
2023-05-09,61.65633010864258,36.52334213256836
2023-05-10,62.02946853637695,36.53242492675781
2023-05-11,61.92995071411133,36.387088775634766
2023-05-12,61.706092834472656,35.978355407714844
2023-05-15,61.689510345458984,36.60508346557617
2023-05-16,61.25836181640625,36.35076141357422
2023-05-17,61.4241828918457,36.4779167175293
2023-05-18,61.457332611083984,36.25084686279297
2023-05-19,61.52367401123047,36.2326774597168
2023-05-22,61.79730224609375,36.46884536743164
2023-05-23,61.47392272949219,35.923851013183594
2023-05-24,61.04276657104492,35.66952133178711
2023-05-25,61.00130081176758,35.60594940185547
2023-05-26,61.37443923950195,36.19634246826172
2023-05-30,61.639739990234375,35.72402572631836
2023-05-31,61.44906234741211,35.46969223022461
2023-06-01,61.8181266784668,36.07826614379883
2023-06-02,62.13471221923828,36.650508880615234
2023-06-05,62.084716796875,36.614173889160156
2023-06-06,62.184715270996094,36.895748138427734
2023-06-07,61.84312438964844,36.813995361328125
2023-06-08,62.23470687866211,37.013832092285156
2023-06-09,62.25135803222656,37.113746643066406
2023-06-12,62.184715270996094,37.20457458496094
2023-06-13,62.25968933105469,37.51340103149414
2023-06-14,62.28470230102539,37.867645263671875
2023-06-15,62.5846061706543,38.230979919433594
2023-06-16,62.426307678222656,38.094722747802734
2023-06-20,62.25968933105469,37.416168212890625
2023-06-21,62.10137939453125,37.35224533081055
2023-06-22,61.91809844970703,37.187862396240234
2023-06-23,61.809814453125,36.667301177978516
2023-06-26,61.84312438964844,36.78601837158203
2023-06-27,62.05140686035156,37.1330680847168
2023-06-28,62.40964889526367,36.986934661865234
2023-06-29,62.243011474609375,36.831695556640625
2023-06-30,62.54295349121094,37.15133285522461
2023-07-03,62.44496154785156,37.51663589477539
2023-07-05,62.252296447753906,37.333984375
2023-07-06,61.79997634887695,36.62163543701172
2023-07-07,61.858604431152344,37.06000900268555
2023-07-10,62.16851043701172,37.06913757324219
2023-07-11,62.50357437133789,37.39790725708008
2023-07-12,62.98939514160156,38.11024475097656
2023-07-13,63.36632537841797,38.53034591674805
2023-07-14,62.905616760253906,38.292903900146484
2023-07-17,63.02291488647461,38.33856201171875
2023-07-18,63.198829650878906,38.06459045410156
2023-07-19,63.24906921386719,38.009788513183594
2023-07-20,62.972660064697266,37.7723503112793
2023-07-21,63.13179397583008,37.75408172607422
2023-07-24,63.02291488647461,38.256370544433594
2023-07-25,62.98102569580078,38.548614501953125
2023-07-26,63.232322692871094,38.78606414794922
2023-07-27,62.7297477722168,38.35683059692383
2023-07-28,63.089908599853516,39.288352966308594
2023-07-31,63.24067687988281,39.334014892578125
2023-08-01,62.9276008605957,38.78606414794922
2023-08-02,62.65831756591797,37.94586944580078
2023-08-03,62.45628356933594,38.11024475097656
2023-08-04,62.82661437988281,38.15591049194336
2023-08-07,62.9444465637207,38.09198760986328
2023-08-08,63.07910919189453,37.699283599853516
2023-08-09,63.087520599365234,37.763214111328125
2023-08-10,63.07069778442383,37.836273193359375
2023-08-11,62.978118896484375,37.2883186340332
2023-08-14,62.96968460083008,37.11479568481445
2023-08-15,62.7677001953125,36.72209548950195
2023-08-16,62.57413864135742,36.475521087646484
2023-08-17,62.313232421875,36.594242095947266
2023-08-18,62.35530090332031,36.365928649902344
2023-08-21,62.33849334716797,36.4481201171875
2023-08-22,62.372154235839844,36.384193420410156
2023-08-23,62.87712097167969,36.92301940917969
2023-08-24,62.53205871582031,36.767757415771484
2023-08-25,62.792945861816406,36.74036407470703
2023-08-28,63.02861404418945,37.10566329956055
2023-08-29,63.42416763305664,37.59883117675781
2023-08-30,63.39891815185547,37.46183776855469
2023-08-31,63.3568229675293,37.01434326171875
2023-09-01,63.47605514526367,37.416168212890625
2023-09-05,63.06173324584961,37.19698715209961
2023-09-06,62.90952682495117,37.02347946166992
2023-09-07,63.12091827392578,36.6399040222168
2023-09-08,63.09556198120117,36.71296691894531
2023-09-11,63.20549392700195,37.1330680847168
2023-09-12,63.10401153564453,37.03260803222656
2023-09-13,63.27313232421875,36.99606704711914
2023-09-14,63.34920883178711,37.21525573730469
2023-09-15,63.11248016357422,37.02347946166992
2023-09-18,63.15473175048828,36.966392517089844
2023-09-19,62.96027374267578,36.782249450683594
2023-09-20,62.90952682495117,36.6717643737793
2023-09-21,62.461395263671875,36.0825080871582
2023-09-22,62.571319580078125,36.506038665771484
2023-09-25,62.48676681518555,36.36792755126953
2023-09-26,62.21615982055664,35.94440841674805
2023-09-27,62.13161849975586,35.99044418334961
2023-09-28,62.42755126953125,36.06409454345703
2023-09-29,62.33454895019531,36.10092544555664
2023-10-02,61.95630645751953,35.97202682495117
2023-10-03,61.327335357666016,35.51166915893555
2023-10-04,61.64179992675781,35.36436080932617
2023-10-05,61.7013053894043,35.51166915893555
2023-10-06,61.78628921508789,35.9996452331543
2023-10-09,62.245304107666016,35.77867889404297
2023-10-10,62.228302001953125,36.349510192871094
2023-10-11,62.21982955932617,36.46000289916992
2023-10-12,61.8882942199707,36.073299407958984
2023-10-13,61.837303161621094,35.9351921081543
2023-10-16,61.82033157348633,36.19300079345703
2023-10-17,61.53131103515625,36.036476135253906
2023-10-18,61.23381423950195,35.44723129272461
2023-10-19,61.01280975341797,35.31832504272461
2023-10-20,61.14031982421875,34.89480209350586
2023-10-23,61.38680648803711,34.821144104003906
2023-10-24,61.7013053894043,35.253875732421875
2023-10-25,61.36980056762695,34.87639236450195
2023-10-26,61.58230972290039,34.74748611450195
2023-10-27,61.505802154541016,34.7843132019043
2023-10-30,61.522804260253906,35.097354888916016
2023-10-31,61.684295654296875,34.93162536621094
2023-11-01,62.272254943847656,35.18022155761719
2023-11-02,62.972991943359375,35.72343444824219
2023-11-03,63.588279724121094,36.377132415771484
2023-11-06,63.33189010620117,36.48761749267578
2023-11-07,63.34044647216797,36.496829986572266
2023-11-08,63.37464141845703,36.33110427856445
2023-11-09,62.98152542114258,36.00885772705078
2023-11-10,63.2891731262207,36.25745391845703
2023-11-13,63.22938919067383,36.321903228759766
2023-11-14,63.87027359008789,37.168941497802734
2023-11-15,63.665184020996094,37.42674255371094
2023-11-16,63.750640869140625,37.04004669189453
2023-11-17,63.89592742919922,37.187355041503906
2023-11-20,63.96427536010742,37.5832633972168
2023-11-21,64.04972076416016,37.36229705810547
2023-11-22,64.16083526611328,37.26102066040039
2023-11-24,64.09246826171875,37.380706787109375
2023-11-27,64.18648529052734,37.205772399902344
2023-11-28,64.4684829711914,37.50960922241211
2023-11-29,64.8188247680664,37.29783630371094
2023-11-30,64.69921875,37.408329010009766
2023-12-01,65.23491668701172,37.56484603881836
2023-12-04,65.0718002319336,37.23339080810547
2023-12-05,65.13188934326172,37.10449981689453
2023-12-06,65.14047241210938,37.0584602355957
2023-12-07,65.25205993652344,37.205772399902344
2023-12-08,65.1232681274414,37.021629333496094
2023-12-11,65.08036041259766,37.187355041503906
2023-12-12,65.22630310058594,37.187355041503906
2023-12-13,66.22211456298828,37.537235260009766
2023-12-14,66.51457214355469,38.03440475463867
2023-12-15,66.36795043945312,37.81344223022461
2023-12-18,66.41107940673828,37.80873489379883
2023-12-19,66.60086822509766,38.072078704833984
2023-12-20,66.60948181152344,37.27264404296875
2023-12-21,66.91144561767578,37.99684143066406
2023-12-22,66.83379364013672,37.865169525146484
2023-12-26,66.96319580078125,38.109703063964844
2023-12-27,67.2392578125,38.316619873046875
2023-12-28,67.02359771728516,38.5517463684082
2023-12-29,66.76478576660156,38.655208587646484
2024-01-02,66.54047393798828,38.20375442504883
2024-01-03,66.35929870605469,38.090885162353516
2024-01-04,66.10050201416016,38.025054931640625
2024-01-05,66.15225982666016,38.08148956298828
2024-01-08,66.52323150634766,38.1473274230957
2024-01-09,66.62673950195312,37.70528030395508
2024-01-10,66.74752807617188,37.66766357421875
2024-01-11,66.96319580078125,37.82754898071289
2024-01-12,67.03223419189453,38.00624084472656
2024-01-16,66.60948181152344,37.21621322631836
2024-01-17,66.32479095458984,36.717742919921875
2024-01-18,66.46283721923828,36.934059143066406
2024-01-19,66.57498931884766,37.27264404296875
2024-01-22,66.62673950195312,36.98109436035156
2024-01-23,66.54910278320312,37.18799591064453
2024-01-24,66.51457214355469,37.66766357421875
2024-01-25,67.02359771728516,37.761714935302734
2024-01-26,66.9718246459961,37.77111053466797
2024-01-29,67.11848449707031,37.780521392822266
2024-01-30,67.03223419189453,37.42313003540039
2024-01-31,66.84244537353516,37.28204345703125
2024-02-01,67.22736358642578,37.53598403930664
2024-02-02,66.9239273071289,37.27264404296875
2024-02-05,66.61180114746094,37.36669921875
2024-02-06,66.85455322265625,38.28839874267578
2024-02-07,66.96726989746094,38.26018142700195
2024-02-08,66.9325942993164,38.062679290771484
2024-02-09,67.07129669189453,38.21316146850586
2024-02-12,66.9239273071289,38.38245391845703
2024-02-13,66.38636016845703,37.677066802978516
2024-02-14,66.646484375,38.222564697265625
2024-02-15,66.88057708740234,38.457698822021484
2024-02-16,66.68116760253906,38.64579772949219
2024-02-20,66.81988525390625,38.721038818359375
2024-02-21,66.698486328125,38.75865936279297
2024-02-22,67.01929473876953,39.09724426269531
2024-02-23,67.06265258789062,39.106651306152344
2024-02-26,66.84586334228516,38.974979400634766
2024-02-27,66.9325942993164,39.09724426269531
2024-02-28,66.9239273071289,38.495323181152344
2024-02-29,67.04529571533203,38.579959869384766
2024-03-01,67.29642486572266,39.09724426269531
2024-03-04,67.27898406982422,38.93735885620117
2024-03-05,67.22664642333984,38.674015045166016
2024-03-06,67.39234924316406,39.15367889404297
2024-03-07,67.4708251953125,39.34177780151367
2024-03-08,67.4882583618164,39.275936126708984
2024-03-11,67.47952270507812,39.37940216064453
2024-03-12,67.54056549072266,39.717987060546875
2024-03-13,67.56669616699219,39.49226760864258
2024-03-14,67.24409484863281,39.275936126708984
2024-03-15,67.20050811767578,39.16203308105469
2024-03-18,67.3574447631836,39.24675369262695
2024-03-19,67.62775421142578,39.08672332763672
2024-03-20,67.85446166992188,39.39738082885742
2024-03-21,67.81959533691406,39.425628662109375
2024-03-22,67.74982452392578,39.17144775390625
2024-03-25,67.64517974853516,39.17144775390625
2024-03-26,67.56669616699219,39.08672332763672
2024-03-27,67.9242172241211,39.19027328491211
2024-03-28,67.77597045898438,39.32207107543945
2024-04-01,67.49992370605469,39.48210525512695
2024-04-02,67.3860092163086,39.6139030456543
2024-04-03,67.43858337402344,39.670387268066406
2024-04-04,67.3860092163086,39.52918243408203
2024-04-05,67.32464599609375,39.65155792236328
2024-04-08,67.48240661621094,39.896324157714844
2024-04-09,67.62260437011719,40.2446403503418
2024-04-10,67.02668762207031,39.802181243896484
2024-04-11,66.96531677246094,39.93397521972656
2024-04-12,66.93026733398438,39.16203308105469
2024-04-15,66.5446548461914,38.917266845703125
2024-04-16,66.32555389404297,38.437164306640625
2024-04-17,66.41320037841797,38.503055572509766
2024-04-18,66.46576690673828,38.60660934448242
2024-04-19,66.5884780883789,38.49364471435547
2024-04-22,66.95655822753906,38.82313537597656
2024-04-23,67.22823333740234,39.14320755004883
2024-04-24,67.07926177978516,39.265586853027344
2024-04-25,66.93903350830078,39.38796615600586
2024-04-26,67.14937591552734,39.83983612060547
2024-04-29,67.35093688964844,40.235225677490234
2024-04-30,66.86016845703125,39.69862747192383
2024-05-01,67.21255493164062,39.745697021484375
2024-05-02,67.62664794921875,40.715335845947266
2024-05-03,67.90856170654297,41.07306671142578
2024-05-06,67.98786163330078,40.99775314331055
2024-05-07,67.99665832519531,40.7059211730957
2024-05-08,67.83807373046875,40.66826629638672
2024-05-09,67.8556900024414,40.82830047607422
2024-05-10,67.74996948242188,40.91302490234375
2024-05-13,67.73236083984375,41.23310470581055
2024-05-14,67.83807373046875,41.440208435058594
2024-05-15,68.23454284667969,41.797943115234375
2024-05-16,68.0759506225586,41.957977294921875
2024-05-17,68.08475494384766,42.25922393798828
2024-05-20,68.1199951171875,42.16508102416992
2024-05-21,68.06714630126953,41.920318603515625
2024-05-22,67.91737365722656,41.797943115234375
2024-05-23,67.67950439453125,41.477867126464844
2024-05-24,67.91737365722656,41.60966110229492
2024-05-28,67.6442642211914,41.49669647216797
2024-05-29,67.4416275024414,40.97892761230469
2024-05-30,67.71472930908203,40.90361404418945
2024-05-31,67.95260620117188,40.5552978515625
2024-06-03,68.16328430175781,40.96009826660156
2024-06-04,68.12785339355469,40.319950103759766
2024-06-05,68.34915924072266,40.83771514892578
2024-06-06,68.23406219482422,41.025997161865234
2024-06-07,68.05705261230469,40.68709945678711
2024-06-10,68.1190185546875,40.90361404418945
2024-06-11,68.20752716064453,40.809471130371094
2024-06-12,68.48190307617188,41.129547119140625
2024-06-13,68.47307586669922,41.08247756958008
2024-06-14,68.20752716064453,41.19544219970703
2024-06-17,68.25178527832031,41.42137908935547
2024-06-18,68.46418762207031,41.75086212158203
2024-06-20,68.41995239257812,41.67556381225586
2024-06-21,68.49960327148438,41.5338020324707
2024-06-24,68.42881774902344,41.505455017089844
2024-06-25,68.51730346679688,41.382606506347656
2024-06-26,68.3668441772461,41.26919937133789
2024-06-27,68.44650268554688,41.25029754638672
2024-06-28,68.27835845947266,41.354251861572266
2024-07-01,68.26500701904297,41.44875717163086
2024-07-02,68.45185852050781,41.59994888305664
2024-07-03,68.69208526611328,42.2142219543457
2024-07-05,68.896728515625,42.20477294921875
2024-07-08,68.8789291381836,42.20477294921875
2024-07-09,68.79885864257812,42.38431930541992
2024-07-10,68.95905303955078,42.55442810058594
2024-07-11,69.20818328857422,42.885189056396484
2024-07-12,69.3861312866211,43.08364486694336
2024-07-15,69.3950424194336,42.63948440551758
2024-07-16,69.66197204589844,42.91353988647461
2024-07-17,69.58189392089844,42.28982925415039
2024-07-18,69.43951416015625,41.9212646484375
2024-07-19,69.3861312866211,41.5149040222168
2024-07-22,69.64417266845703,41.83620834350586
2024-07-23,69.65306854248047,41.4015007019043
2024-07-24,69.43061828613281,40.96678924560547
2024-07-25,69.43951416015625,40.86283874511719
2024-07-26,69.66197204589844,41.31645202636719
2024-07-29,69.59968566894531,41.1746940612793
2024-07-30,69.6352767944336,41.06129837036133
2024-07-31,69.88440704345703,41.85511779785156
2024-08-01,69.7314682006836,41.165245056152344
2024-08-02,69.49891662597656,40.72108840942383
2024-08-05,69.06956481933594,39.59650802612305
2024-08-06,69.32896423339844,39.87055969238281
2024-08-07,69.46314239501953,40.18241500854492
2024-08-08,69.74935150146484,41.05183792114258
2024-08-09,69.74041748046875,41.15579605102539
2024-08-12,69.78512573242188,41.33535385131836
2024-08-13,70.10712432861328,41.64720153808594
2024-08-14,70.23237609863281,41.382606506347656
2024-08-15,70.29496765136719,41.83620834350586
2024-08-16,70.51860046386719,42.27092361450195
2024-08-19,70.63485717773438,42.70563507080078
2024-08-20,70.57225036621094,42.28982925415039
2024-08-21,70.73326110839844,42.488277435302734
2024-08-22,70.64381408691406,41.98741912841797
2024-08-23,71.01950073242188,42.59223556518555
2024-08-26,70.8763656616211,42.318172454833984
2024-08-27,70.92108154296875,42.36542510986328
2024-08-28,70.88531494140625,42.091365814208984
2024-08-29,70.95687866210938,42.148067474365234
2024-08-30,70.9657974243164,42.261474609375
2024-09-03,70.71416473388672,41.618858337402344
2024-09-04,70.97479248046875,41.59994888305664
2024-09-05,71.21746826171875,41.71335220336914
2024-09-06,71.12759399414062,41.108543395996094
2024-09-09,71.29834747314453,41.39205551147461
2024-09-10,71.16353607177734,41.29754638671875
2024-09-11,71.27137756347656,41.55270767211914
2024-09-12,71.3702621459961,41.82676315307617
2024-09-13,71.56797790527344,42.01576232910156
2024-09-16,71.74771881103516,42.176429748535156
2024-09-17,71.76569366455078,42.22367858886719
2024-09-18,71.82861328125,42.072471618652344
2024-09-19,72.04432678222656,42.95134353637695
2024-09-20,72.13420104980469,42.926700592041016
2024-09-23,71.99937438964844,43.27739334106445
2024-09-24,72.00838470458984,44.784423828125
2024-09-25,71.9274673461914,44.3294677734375
2024-09-26,72.04432678222656,45.74171447753906
2024-09-27,72.22409057617188,45.732242584228516
2024-09-30,72.170166015625,45.35311508178711
2024-10-01,72.13402557373047,45.69432067871094
2024-10-02,72.1430435180664,46.642147064208984
2024-10-03,71.97145080566406,45.94076156616211
2024-10-04,71.8901596069336,46.499977111816406
2024-10-07,71.58309173583984,46.907535552978516
2024-10-08,71.75471496582031,45.533199310302734
2024-10-09,71.70955657958984,45.22041702270508
2024-10-10,71.67342376708984,45.31520080566406
2024-10-11,71.86309051513672,45.6374626159668
2024-10-14,71.89920806884766,45.41946029663086
2024-10-15,71.88114166259766,44.50955581665039
2024-10-16,72.00756072998047,44.92659378051758
2024-10-17,71.89920806884766,44.784423828125
2024-10-18,72.07080078125,45.33415985107422
2024-10-21,71.78180694580078,45.01190185546875
2024-10-22,71.68245697021484,44.95503234863281
2024-10-23,71.4656753540039,44.670684814453125
2024-10-24,71.67342376708984,44.623291015625
2024-10-25,71.60115814208984,44.58538055419922
2024-10-28,71.78180694580078,44.7275505065918
2024-10-29,71.79986572265625,44.55694580078125
2024-10-30,71.67342376708984,44.23468780517578
2024-10-31,71.47471618652344,44.13990783691406
2024-11-01,71.47927856445312,44.14938735961914
2024-11-04,71.678955078125,44.29155349731445
2024-11-05,71.87864685058594,44.93607711791992
2024-11-06,72.0057144165039,44.50955581665039
2024-11-07,72.31432342529297,45.4763298034668
2024-11-08,72.43231964111328,44.34842300415039
2024-11-11,72.35062408447266,44.0925178527832
2024-11-12,72.06018829345703,43.3437385559082
2024-11-13,72.07833099365234,43.11626434326172
2024-11-14,71.92401885986328,42.85087585449219
2024-11-15,71.9149398803711,42.765567779541016
2024-11-18,72.05110168457031,43.125736236572266
2024-11-19,72.16004180908203,43.19208526611328
2024-11-20,72.14187622070312,43.18260955810547
2024-11-21,72.16910552978516,43.03096008300781
2024-11-22,72.15094757080078,43.040435791015625
2024-11-25,72.42325592041016,43.059391021728516
2024-11-26,72.2870864868164,42.83191680908203
2024-11-27,72.50492095947266,42.993045806884766
2024-11-29,72.6501693725586,43.19208526611328
2024-12-02,72.62372589111328,43.41008377075195
2024-12-03,72.62372589111328,43.590171813964844
2024-12-04,72.79695892333984,43.656517028808594
2024-12-05,72.73312377929688,43.94086456298828
2024-12-06,72.8516616821289,43.95981979370117
2024-12-09,72.76048278808594,45.03085708618164
2024-12-10,72.79695892333984,44.196773529052734
2024-12-11,72.81520080566406,44.2725944519043
2024-12-12,72.61460876464844,44.00720977783203
2024-12-13,72.4048843383789,44.02616882324219
2024-12-16,72.54164123535156,43.79868698120117
2024-12-17,72.38664245605469,43.69443130493164
2024-12-18,71.64336395263672,42.68026351928711
2024-12-19,71.57005310058594,42.8603515625
2024-12-20,72.0191421508789,43.099143981933594
2024-12-23,71.82667541503906,43.28357696533203
2024-12-24,72.05579376220703,43.45830535888672
2024-12-26,72.23908996582031,43.35152816772461
2024-12-27,71.99163818359375,43.19620895385742
2024-12-30,72.09244537353516,42.81764221191406
2024-12-31,72.08328247070312,42.74968719482422
