Date,BTC-USD,QQQ
2015-01-01,314.2489929199219,
2015-01-02,315.0320129394531,94.56114196777344
2015-01-03,281.0820007324219,
2015-01-04,264.19500732421875,
2015-01-05,274.4739990234375,93.1740493774414
2015-01-06,286.1889953613281,91.92475128173828
2015-01-07,294.3370056152344,93.10974884033203
2015-01-08,283.3489990234375,94.89186096191406
2015-01-09,290.4079895019531,94.26720428466797
2015-01-10,274.7959899902344,
2015-01-11,265.6600036621094,
2015-01-12,267.7959899902344,93.28426361083984
2015-01-13,225.86099243164062,93.25669860839844
2015-01-14,178.10299682617188,92.7423324584961
2015-01-15,209.843994140625,91.53890991210938
2015-01-16,208.0970001220703,92.61370849609375
2015-01-17,199.25999450683594,
2015-01-18,210.33900451660156,
2015-01-19,214.86099243164062,
2015-01-20,211.31500244140625,93.34860229492188
2015-01-21,226.89700317382812,93.82628631591797
2015-01-22,233.406005859375,95.56242370605469
2015-01-23,232.87899780273438,95.77368927001953
2015-01-24,247.8470001220703,
2015-01-25,253.71800231933594,
2015-01-26,273.4729919433594,95.6634750366211
2015-01-27,263.4750061035156,93.18324279785156
2015-01-28,233.9149932861328,92.70558166503906
2015-01-29,233.51300048828125,93.59661102294922
2015-01-30,226.4250030517578,92.87089538574219
2015-01-31,217.46400451660156,
2015-02-01,226.9720001220703,
2015-02-02,238.22900390625,93.67928314208984
2015-02-03,227.26800537109375,94.57952117919922
2015-02-04,226.85299682617188,94.49683380126953
2015-02-05,217.11099243164062,95.31441497802734
2015-02-06,222.26600646972656,94.73564910888672
2015-02-07,227.75399780273438,
2015-02-08,223.41200256347656,
2015-02-09,220.11000061035156,94.43252563476562
2015-02-10,219.83900451660156,95.90231323242188
2015-02-11,219.18499755859375,96.25140380859375
2015-02-12,221.76400756835938,97.37205505371094
2015-02-13,235.427001953125,98.20801544189453
2015-02-14,257.3210144042969,
2015-02-15,234.8249969482422,
2015-02-16,233.84300231933594,
2015-02-17,243.61000061035156,98.29987335205078
2015-02-18,236.3260040283203,98.43766784667969
2015-02-19,240.2830047607422,98.92453002929688
2015-02-20,243.7790069580078,99.58587646484375
2015-02-21,244.53399658203125,
2015-02-22,235.9770050048828,
2015-02-23,238.89199829101562,99.68697357177734
2015-02-24,238.73500061035156,99.76045227050781
2015-02-25,237.47000122070312,99.51242065429688
2015-02-26,236.42599487304688,100.01766967773438
2015-02-27,253.8280029296875,99.57673645019531
2015-02-28,254.26300048828125,
2015-03-01,260.2019958496094,
2015-03-02,275.6700134277344,100.47695922851562
2015-03-03,281.7019958496094,100.00849914550781
2015-03-04,273.0920104980469,99.6226577758789
2015-03-05,276.1780090332031,99.79722595214844
2015-03-06,272.7229919433594,98.66731262207031
2015-03-07,276.260986328125,
2015-03-08,274.35400390625,
2015-03-09,289.60699462890625,98.95207977294922
2015-03-10,291.760009765625,97.11486053466797
2015-03-11,296.3789978027344,96.55452728271484
2015-03-12,294.35400390625,97.18836212158203
2015-03-13,285.3370056152344,96.76576232910156
2015-03-14,281.885009765625,
2015-03-15,286.39300537109375,
2015-03-16,290.5929870605469,98.01509857177734
2015-03-17,285.5050048828125,98.1712417602539
2015-03-18,256.29901123046875,99.13580322265625
2015-03-19,260.9280090332031,99.28277587890625
2015-03-20,261.7489929199219,99.9254150390625
2015-03-21,260.0249938964844,
2015-03-22,267.9599914550781,
2015-03-23,266.739990234375,99.73209381103516
2015-03-24,245.59500122070312,99.37301635742188
2015-03-25,246.19700622558594,97.09882354736328
2015-03-26,248.53199768066406,96.76737213134766
2015-03-27,247.0290069580078,97.1540756225586
2015-03-28,252.79800415039062,
2015-03-29,242.71299743652344,
2015-03-30,247.5260009765625,98.26815795898438
2015-03-31,244.2239990234375,97.22772979736328
2015-04-01,247.27200317382812,96.7213363647461
2015-04-02,253.0050048828125,96.78575897216797
2015-04-03,254.32200622558594,
2015-04-04,253.69700622558594,
2015-04-05,260.5979919433594,
2015-04-06,255.49200439453125,97.57762145996094
2015-04-07,253.17999267578125,97.41188049316406
2015-04-08,245.02200317382812,98.18529510498047
2015-04-09,243.67599487304688,98.80215454101562
2015-04-10,236.07200622558594,99.20722961425781
2015-04-11,236.552001953125,
2015-04-12,236.1529998779297,
2015-04-13,224.58700561523438,98.95867919921875
2015-04-14,219.15899658203125,98.67325592041016
2015-04-15,223.83299255371094,99.2901611328125
2015-04-16,228.572998046875,99.15203857421875
2015-04-17,222.8820037841797,97.605224609375
2015-04-18,223.3560028076172,
2015-04-19,222.60000610351562,
2015-04-20,224.62600708007812,99.06917572021484
2015-04-21,235.2689971923828,99.4926986694336
2015-04-22,234.17599487304688,100.03591918945312
2015-04-23,236.46200561523438,100.41339874267578
2015-04-24,231.26800537109375,101.77608489990234
2015-04-25,226.38999938964844,
2015-04-26,219.42999267578125,
2015-04-27,229.28599548339844,101.5182876586914
2015-04-28,225.85499572753906,101.31570434570312
2015-04-29,225.80799865722656,100.68042755126953
2015-04-30,236.14500427246094,99.09680938720703
2015-05-01,232.07899475097656,100.40422058105469
2015-05-02,234.92999267578125,
2015-05-03,240.35800170898438,
2015-05-04,239.01800537109375,100.56993865966797
2015-05-05,236.12100219726562,98.9310531616211
2015-05-06,229.78199768066406,98.2497329711914
2015-05-07,237.33399963378906,98.83899688720703
2015-05-08,243.86300659179688,100.07275390625
2015-05-09,241.83200073242188,
2015-05-10,240.29600524902344,
2015-05-11,242.1580047607422,99.68607330322266
2015-05-12,241.11199951171875,99.23490142822266
2015-05-13,236.3769989013672,99.43745422363281
2015-05-14,236.9290008544922,100.89219665527344
2015-05-15,237.60499572753906,100.89219665527344
2015-05-16,236.1529998779297,
2015-05-17,236.802001953125,
2015-05-18,233.1280059814453,101.33411407470703
2015-05-19,231.94700622558594,101.2236557006836
2015-05-20,234.01800537109375,101.28812408447266
2015-05-21,235.343994140625,101.81290435791016
2015-05-22,240.34800720214844,101.71162414550781
2015-05-23,238.8719940185547,
2015-05-24,240.9530029296875,
2015-05-25,237.11000061035156,
2015-05-26,237.11599731445312,100.54228210449219
2015-05-27,237.2830047607422,102.16277313232422
2015-05-28,237.4080047607422,101.9325942993164
2015-05-29,237.0959930419922,101.3249282836914
2015-05-30,233.34500122070312,
2015-05-31,230.19000244140625,
2015-06-01,222.92599487304688,101.66558837890625
2015-06-02,225.80299377441406,101.34333038330078
2015-06-03,225.87399291992188,101.64716339111328
2015-06-04,224.32400512695312,100.87377166748047
2015-06-05,224.95199584960938,100.63438415527344
2015-06-06,225.61900329589844,
2015-06-07,222.88099670410156,
2015-06-08,228.48899841308594,99.61238861083984
2015-06-09,229.04800415039062,99.4466552734375
2015-06-10,228.80299377441406,100.80934143066406
2015-06-11,229.7050018310547,100.9566650390625
2015-06-12,229.98199462890625,100.12799835205078
2015-06-13,232.40199279785156,
2015-06-14,233.54299926757812,
2015-06-15,236.822998046875,99.63081359863281
2015-06-16,250.89500427246094,100.1740493774414
2015-06-17,249.28399658203125,100.45024871826172
2015-06-18,249.0070037841797,101.9141845703125
2015-06-19,244.6060028076172,101.41031646728516
2015-06-20,245.21200561523438,
2015-06-21,243.94400024414062,
2015-06-22,246.99000549316406,102.15779876708984
2015-06-23,244.29600524902344,102.24089050292969
2015-06-24,240.51499938964844,101.7148666381836
2015-06-25,242.7989959716797,101.51183319091797
2015-06-26,243.593994140625,100.83815002441406
2015-06-27,250.99000549316406,
2015-06-28,249.01100158691406,
2015-06-29,257.0639953613281,98.4572525024414
2015-06-30,263.0719909667969,98.80793762207031
2015-07-01,258.6210021972656,99.59233856201172
2015-07-02,255.41200256347656,99.62002563476562
2015-07-03,256.33599853515625,
2015-07-04,260.885986328125,
2015-07-05,271.9129943847656,
2015-07-06,269.0299987792969,99.38929748535156
2015-07-07,266.2070007324219,99.63847351074219
2015-07-08,270.7850036621094,97.90355682373047
2015-07-09,269.2279968261719,97.84817504882812
2015-07-10,284.8940124511719,99.34318542480469
2015-07-11,293.114990234375,
2015-07-12,310.86700439453125,
2015-07-13,292.0539855957031,101.08733367919922
2015-07-14,287.4639892578125,101.75178527832031
2015-07-15,285.8290100097656,101.86251068115234
2015-07-16,278.0889892578125,103.30211639404297
2015-07-17,279.47198486328125,104.8248062133789
2015-07-18,274.9010009765625,
2015-07-19,273.614013671875,
2015-07-20,278.9809875488281,105.18472290039062
2015-07-21,275.8330078125,105.12010955810547
2015-07-22,277.22198486328125,103.92965698242188
2015-07-23,276.04901123046875,103.54206848144531
2015-07-24,288.27801513671875,102.5269546508789
2015-07-25,288.6969909667969,
2015-07-26,292.6860046386719,
2015-07-27,293.6239929199219,101.67794036865234
2015-07-28,294.427001953125,102.55463409423828
2015-07-29,289.5899963378906,102.94222259521484
2015-07-30,287.72198486328125,103.43135833740234
2015-07-31,284.6499938964844,103.31134796142578
2015-08-01,281.60101318359375,
2015-08-02,282.614013671875,
2015-08-03,281.22698974609375,102.98835754394531
2015-08-04,285.2179870605469,102.79456329345703
2015-08-05,281.8819885253906,103.58820343017578
2015-08-06,278.5769958496094,101.92711639404297
2015-08-07,279.5849914550781,101.79790496826172
2015-08-08,260.99700927734375,
2015-08-09,265.0830078125,
2015-08-10,264.4700012207031,102.96066284179688
2015-08-11,270.385986328125,101.6410140991211
2015-08-12,266.3760070800781,101.99169158935547
2015-08-13,264.0799865722656,101.82560729980469
2015-08-14,265.67999267578125,101.98246002197266
2015-08-15,261.5509948730469,
2015-08-16,258.5069885253906,
2015-08-17,257.97601318359375,102.83145904541016
2015-08-18,211.07899475097656,102.3054428100586
2015-08-19,226.6840057373047,101.63179016113281
2015-08-20,235.35000610351562,98.81714630126953
2015-08-21,232.56900024414062,94.498291015625
2015-08-22,230.38999938964844,
2015-08-23,228.16900634765625,
2015-08-24,210.4949951171875,90.86231231689453
2015-08-25,221.60899353027344,90.52086639404297
2015-08-26,225.83099365234375,95.07966613769531
2015-08-27,224.7689971923828,97.4882583618164
2015-08-28,231.39599609375,97.46983337402344
2015-08-29,229.77999877929688,
2015-08-30,228.76100158691406,
2015-08-31,230.05599975585938,96.26090240478516
2015-09-01,228.12100219726562,93.25245666503906
2015-09-02,229.28399658203125,95.882568359375
2015-09-03,227.18299865722656,95.4118881225586
2015-09-04,230.29800415039062,94.27679443359375
2015-09-05,235.0189971923828,
2015-09-06,239.83999633789062,
2015-09-07,239.8470001220703,
2015-09-08,243.60699462890625,96.93458557128906
2015-09-09,238.16799926757812,95.84563446044922
2015-09-10,238.4770050048828,96.88839721679688
2015-09-11,240.10699462890625,97.42369079589844
2015-09-12,235.22900390625,
2015-09-13,230.51199340820312,
2015-09-14,230.6439971923828,97.12836456298828
2015-09-15,230.3040008544922,98.27269744873047
2015-09-16,229.09100341796875,98.82635498046875
2015-09-17,229.80999755859375,98.86328887939453
2015-09-18,232.97500610351562,97.45716857910156
2015-09-19,231.4929962158203,
2015-09-20,231.21200561523438,
2015-09-21,227.0850067138672,97.7624282836914
2015-09-22,230.6179962158203,96.30085754394531
2015-09-23,230.2830047607422,96.37481689453125
2015-09-24,234.5290069580078,96.0232925415039
2015-09-25,235.1439971923828,95.20923614501953
2015-09-26,234.33999633789062,
2015-09-27,232.7570037841797,
2015-09-28,239.14199829101562,92.49874114990234
2015-09-29,236.68699645996094,92.01770782470703
2015-09-30,236.05999755859375,94.1361312866211
2015-10-01,237.5489959716797,94.56168365478516
2015-10-02,237.29299926757812,96.21757507324219
2015-10-03,238.72999572753906,
2015-10-04,238.25900268554688,
2015-10-05,240.38299560546875,97.59591674804688
2015-10-06,246.06300354003906,97.13341522216797
2015-10-07,242.968994140625,97.71617889404297
2015-10-08,242.3040008544922,98.1047592163086
2015-10-09,243.93099975585938,98.54878234863281
2015-10-10,244.9409942626953,
2015-10-11,247.0500030517578,
2015-10-12,245.30799865722656,98.78927612304688
2015-10-13,249.50799560546875,98.15097045898438
2015-10-14,251.98899841308594,97.99370574951172
2015-10-15,254.32000732421875,99.60334014892578
2015-10-16,262.8689880371094,100.01966094970703
2015-10-17,270.6400146484375,
2015-10-18,261.64300537109375,
2015-10-19,263.43701171875,100.59317779541016
2015-10-20,269.4630126953125,100.07514190673828
2015-10-21,266.2720031738281,99.464599609375
2015-10-22,274.02301025390625,101.49054718017578
2015-10-23,276.4960021972656,104.33052825927734
2015-10-24,281.65399169921875,
2015-10-25,283.67999267578125,
2015-10-26,285.29998779296875,104.3952865600586
2015-10-27,293.7879943847656,104.60803985595703
2015-10-28,304.6180114746094,105.47763061523438
2015-10-29,313.8550109863281,105.31111907958984
2015-10-30,328.0150146484375,104.83931732177734
2015-10-31,314.1659851074219,
2015-11-01,325.4309997558594,
2015-11-02,361.1889953613281,106.02339935302734
2015-11-03,403.4169921875,106.39344787597656
2015-11-04,411.56298828125,106.40266418457031
2015-11-05,386.35400390625,106.1159439086914
2015-11-06,374.4700012207031,106.18994140625
2015-11-07,386.48199462890625,
2015-11-08,373.3680114746094,
2015-11-09,380.2569885253906,105.06132507324219
2015-11-10,336.8190002441406,104.79304504394531
2015-11-11,311.0840148925781,104.6635513305664
2015-11-12,338.1520080566406,103.64598846435547
2015-11-13,336.75299072265625,101.61076354980469
2015-11-14,332.906005859375,
2015-11-15,320.1659851074219,
2015-11-16,330.7510070800781,103.07242584228516
2015-11-17,335.093994140625,103.13716888427734
2015-11-18,334.5899963378906,105.11682891845703
2015-11-19,326.14898681640625,105.19083404541016
2015-11-20,322.0220031738281,105.90315246582031
2015-11-21,326.927001953125,
2015-11-22,324.5360107421875,
2015-11-23,323.0459899902344,105.59790802001953
2015-11-24,320.0459899902344,105.50540161132812
2015-11-25,328.20599365234375,105.59790802001953
2015-11-26,352.6839904785156,
2015-11-27,358.0419921875,105.74589538574219
2015-11-28,357.3810119628906,
2015-11-29,371.29400634765625,
2015-11-30,377.3210144042969,105.47763061523438
2015-12-01,362.4880065917969,106.53221130371094
2015-12-02,359.18701171875,105.87541198730469
2015-12-03,361.0459899902344,104.08074951171875
2015-12-04,363.1830139160156,106.51370239257812
2015-12-05,388.9490051269531,
2015-12-06,388.7829895019531,
2015-12-07,395.5360107421875,106.0326919555664
2015-12-08,415.56298828125,106.04190826416016
2015-12-09,417.56298828125,104.43228912353516
2015-12-10,415.47900390625,104.9040756225586
2015-12-11,451.93798828125,102.4896240234375
2015-12-12,434.99700927734375,
2015-12-13,433.7550048828125,
2015-12-14,444.1820068359375,103.26668548583984
2015-12-15,465.3210144042969,103.8957290649414
2015-12-16,454.9339904785156,105.44062805175781
2015-12-17,456.0780029296875,103.90499114990234
2015-12-18,463.6159973144531,101.91183471679688
2015-12-19,462.3219909667969,
2015-12-20,442.68499755859375,
2015-12-21,438.6390075683594,103.04388427734375
2015-12-22,436.5719909667969,103.72128295898438
2015-12-23,442.4010009765625,104.49141693115234
2015-12-24,454.9849853515625,104.47285461425781
2015-12-25,455.65301513671875,
2015-12-26,417.27398681640625,
2015-12-27,422.822998046875,
2015-12-28,422.27899169921875,104.41715240478516
2015-12-29,432.9830017089844,106.05958557128906
2015-12-30,426.6199951171875,105.10385131835938
2015-12-31,430.5669860839844,103.7955093383789
2016-01-01,434.3340148925781,
2016-01-02,433.43798828125,
2016-01-03,430.010986328125,
2016-01-04,433.09100341796875,101.60562896728516
2016-01-05,431.9599914550781,101.42933654785156
2016-01-06,429.1050109863281,100.45504760742188
2016-01-07,458.0480041503906,97.30945587158203
2016-01-08,453.2300109863281,96.51140594482422
2016-01-09,447.6109924316406,
2016-01-10,447.9909973144531,
2016-01-11,448.4280090332031,96.808349609375
2016-01-12,435.69000244140625,97.93111419677734
2016-01-13,432.3710021972656,94.55354309082031
2016-01-14,430.3059997558594,96.56708526611328
2016-01-15,364.33099365234375,93.56997680664062
2016-01-16,387.5360107421875,
2016-01-17,382.29901123046875,
2016-01-18,387.1679992675781,
2016-01-19,380.14898681640625,93.77410125732422
2016-01-20,420.2300109863281,93.48646545410156
2016-01-21,410.2619934082031,93.57923126220703
2016-01-22,382.49200439453125,96.28874969482422
2016-01-23,387.4909973144531,
2016-01-24,402.97100830078125,
2016-01-25,391.72601318359375,94.85975646972656
2016-01-26,392.15301513671875,95.71340942382812
2016-01-27,394.97198486328125,93.32872009277344
2016-01-28,380.28900146484375,94.64634704589844
2016-01-29,379.4739990234375,96.6227798461914
2016-01-30,378.2550048828125,
2016-01-31,368.7669982910156,
2016-02-01,373.0559997558594,96.88261413574219
2016-02-02,374.447998046875,94.78553771972656
2016-02-03,369.9490051269531,94.33087158203125
2016-02-04,389.593994140625,94.32157897949219
2016-02-05,386.54901123046875,91.04607391357422
2016-02-06,376.5220031738281,
2016-02-07,376.6199951171875,
2016-02-08,373.4469909667969,89.65419006347656
2016-02-09,376.02899169921875,89.3758316040039
2016-02-10,381.64898681640625,89.71918487548828
2016-02-11,379.65399169921875,89.58927917480469
2016-02-12,384.26300048828125,90.9532699584961
2016-02-13,391.8599853515625,
2016-02-14,407.2300109863281,
2016-02-15,400.18499755859375,
2016-02-16,407.4880065917969,93.00395965576172
2016-02-17,416.3219909667969,95.11030578613281
2016-02-18,422.37298583984375,94.0246353149414
2016-02-19,420.7850036621094,94.30301666259766
2016-02-20,437.16400146484375,
2016-02-21,438.7980041503906,
2016-02-22,437.74798583984375,95.83405303955078
2016-02-23,420.7359924316406,94.25664520263672
2016-02-24,424.9549865722656,95.15669250488281
2016-02-25,424.54400634765625,96.0938720703125
2016-02-26,432.1520080566406,95.97322845458984
2016-02-27,432.5190124511719,
2016-02-28,433.5039978027344,
2016-02-29,437.6969909667969,95.11030578613281
2016-03-01,435.12298583984375,98.16309356689453
2016-03-02,423.989013671875,98.20022583007812
2016-03-03,421.6510009765625,98.0146255493164
2016-03-04,410.9389953613281,98.05175018310547
2016-03-05,400.57000732421875,
2016-03-06,407.7070007324219,
2016-03-07,414.3210144042969,97.4486083984375
2016-03-08,413.97198486328125,96.641357421875
2016-03-09,414.8599853515625,97.26305389404297
2016-03-10,417.1310119628906,97.11458587646484
2016-03-11,421.69000244140625,98.81265258789062
2016-03-12,411.6239929199219,
2016-03-13,414.06500244140625,
2016-03-14,416.43798828125,98.97966766357422
2016-03-15,416.8299865722656,98.94253540039062
2016-03-16,417.010986328125,99.82406616210938
2016-03-17,420.6210021972656,99.76836395263672
2016-03-18,409.5480041503906,99.92475128173828
2016-03-19,410.4440002441406,
2016-03-20,413.7550048828125,
2016-03-21,413.3070068359375,100.31559753417969
2016-03-22,418.0889892578125,100.62272644042969
2016-03-23,418.0409851074219,99.79443359375
2016-03-24,416.3940124511719,99.82235717773438
2016-03-25,417.177001953125,
2016-03-26,417.94500732421875,
2016-03-27,426.7650146484375,
2016-03-28,424.2309875488281,99.6827621459961
2016-03-29,416.5159912109375,101.28347778320312
2016-03-30,414.8160095214844,101.77672576904297
2016-03-31,416.72900390625,101.62782287597656
2016-04-01,417.9599914550781,102.70741271972656
2016-04-02,420.87298583984375,
2016-04-03,420.90399169921875,
2016-04-04,421.4440002441406,102.31652069091797
2016-04-05,424.0299987792969,101.33003997802734
2016-04-06,423.4129943847656,102.9958724975586
2016-04-07,422.7449951171875,101.51615905761719
2016-04-08,420.3489990234375,101.44170379638672
2016-04-09,419.4110107421875,
2016-04-10,421.5639953613281,
2016-04-11,422.4830017089844,101.06942749023438
2016-04-12,425.19000244140625,101.91634368896484
2016-04-13,423.7340087890625,103.21924591064453
2016-04-14,424.2820129394531,103.22857666015625
2016-04-15,429.7130126953125,102.96797943115234
2016-04-16,430.5719909667969,
2016-04-17,427.39898681640625,
2016-04-18,428.59100341796875,103.51705932617188
2016-04-19,435.5090026855469,102.88423156738281
2016-04-20,441.3890075683594,102.96797943115234
2016-04-21,449.42498779296875,102.97727966308594
2016-04-22,445.73699951171875,101.42311096191406
2016-04-23,450.2820129394531,
2016-04-24,458.55499267578125,
2016-04-25,461.4259948730469,101.42311096191406
2016-04-26,466.0889892578125,100.92982482910156
2016-04-27,444.68701171875,100.12017822265625
2016-04-28,449.010986328125,98.91030883789062
2016-04-29,455.09698486328125,98.38916015625
2016-04-30,448.3179931640625,
2016-05-01,451.875,
2016-05-02,444.66900634765625,99.31980895996094
2016-05-03,450.3039855957031,98.39844512939453
2016-05-04,446.72198486328125,97.76559448242188
2016-05-05,447.97601318359375,97.7376937866211
2016-05-06,459.6029968261719,98.25884246826172
2016-05-07,458.5360107421875,
2016-05-08,458.5480041503906,
2016-05-09,460.4830017089844,98.53805541992188
2016-05-10,450.8949890136719,99.88748168945312
2016-05-11,452.7279968261719,98.98475646972656
2016-05-12,454.7659912109375,98.54734802246094
2016-05-13,455.6700134277344,98.18438720703125
2016-05-14,455.6709899902344,
2016-05-15,457.5679931640625,
2016-05-16,454.1629943847656,99.4128646850586
2016-05-17,453.7829895019531,98.165771484375
2016-05-18,454.6189880371094,98.5194091796875
2016-05-19,438.7149963378906,98.00757598876953
2016-05-20,442.6759948730469,99.0871353149414
2016-05-21,443.18798828125,
2016-05-22,439.322998046875,
2016-05-23,444.1549987792969,98.95684051513672
2016-05-24,445.9809875488281,100.93916320800781
2016-05-25,449.5989990234375,101.66507720947266
2016-05-26,453.3840026855469,101.96285247802734
2016-05-27,473.4639892578125,102.49333953857422
2016-05-28,530.0399780273438,
2016-05-29,526.2329711914062,
2016-05-30,533.864013671875,
2016-05-31,531.385986328125,102.68879699707031
2016-06-01,536.9199829101562,102.69806671142578
2016-06-02,537.9719848632812,102.91214752197266
2016-06-03,569.1939697265625,102.42818450927734
2016-06-04,572.7269897460938,
2016-06-05,574.9769897460938,
2016-06-06,585.5369873046875,102.80044555664062
2016-06-07,576.5969848632812,102.53984832763672
2016-06-08,581.64501953125,102.71669006347656
2016-06-09,574.6300048828125,102.54920196533203
2016-06-10,577.469970703125,101.38585662841797
2016-06-11,606.7269897460938,
2016-06-12,672.7839965820312,
2016-06-13,704.3759765625,100.5389633178711
2016-06-14,685.5590209960938,100.5389633178711
2016-06-15,694.468994140625,100.25045776367188
2016-06-16,766.3079833984375,100.54827117919922
2016-06-17,748.9089965820312,99.36972045898438
2016-06-18,756.2269897460938,
2016-06-19,763.781005859375,
2016-06-20,737.2260131835938,99.99492645263672
2016-06-21,666.6519775390625,100.31220245361328
2016-06-22,596.1160278320312,100.069580078125
2016-06-23,623.9769897460938,101.49727630615234
2016-06-24,665.2990112304688,97.31682586669922
2016-06-25,665.1229858398438,
2016-06-26,629.3670043945312,
2016-06-27,655.2750244140625,95.38521575927734
2016-06-28,647.0009765625,97.47545623779297
2016-06-29,639.8900146484375,99.20175170898438
2016-06-30,673.3369750976562,100.34950256347656
2016-07-01,676.2960205078125,100.85338592529297
2016-07-02,703.7020263671875,
2016-07-03,658.6640014648438,
2016-07-04,683.6619873046875,
2016-07-05,670.6270141601562,100.23753356933594
2016-07-06,677.3309936523438,101.05870056152344
2016-07-07,640.56201171875,101.3573226928711
2016-07-08,666.5230102539062,102.92496490478516
2016-07-09,650.9600219726562,
2016-07-10,649.3599853515625,
2016-07-11,647.6589965820312,103.51284790039062
2016-07-12,664.551025390625,104.03539276123047
2016-07-13,654.468017578125,103.78343963623047
2016-07-14,658.0780029296875,104.49262237548828
2016-07-15,663.2550048828125,104.32466888427734
2016-07-16,660.7670288085938,
2016-07-17,679.458984375,
2016-07-18,673.1060180664062,105.01520538330078
2016-07-19,672.864013671875,104.63259887695312
2016-07-20,665.6849975585938,105.85498809814453
2016-07-21,665.0120239257812,105.6124038696289
2016-07-22,650.6190185546875,106.05097198486328
2016-07-23,655.5560302734375,
2016-07-24,661.2849731445312,
2016-07-25,654.0969848632812,106.06034088134766
2016-07-26,651.7839965820312,106.18163299560547
2016-07-27,654.3519897460938,106.91876983642578
2016-07-28,655.0349731445312,107.29205322265625
2016-07-29,656.9920043945312,107.52532958984375
2016-07-30,655.0469970703125,
2016-07-31,624.6810302734375,
2016-08-01,606.27197265625,108.09453582763672
2016-08-02,547.4650268554688,107.27339172363281
2016-08-03,566.35498046875,107.62796020507812
2016-08-04,578.2890014648438,107.9359359741211
2016-08-05,575.0430297851562,108.97171020507812
2016-08-06,587.7780151367188,
2016-08-07,592.6900024414062,
2016-08-08,591.0540161132812,108.85037231445312
2016-08-09,587.801025390625,109.10232543945312
2016-08-10,592.10302734375,108.82239532470703
2016-08-11,589.1199951171875,109.28893280029297
2016-08-12,587.5590209960938,109.36360168457031
2016-08-13,585.5880126953125,
2016-08-14,570.4730224609375,
2016-08-15,567.239990234375,109.8301773071289
2016-08-16,577.4390258789062,109.2236328125
2016-08-17,573.2160034179688,109.41960906982422
2016-08-18,574.3179931640625,109.44757080078125
2016-08-19,575.6300048828125,109.41960906982422
2016-08-20,581.697021484375,
2016-08-21,581.3079833984375,
2016-08-22,586.7529907226562,109.50358581542969
2016-08-23,583.4149780273438,109.69954681396484
2016-08-24,580.1820068359375,108.99034118652344
2016-08-25,577.760986328125,108.81305694580078
2016-08-26,579.6510009765625,108.97171020507812
2016-08-27,569.947021484375,
2016-08-28,573.9119873046875,
2016-08-29,574.1069946289062,109.12100219726562
2016-08-30,577.5029907226562,108.76636505126953
2016-08-31,575.4719848632812,108.65442657470703
2016-09-01,572.302978515625,108.93437194824219
2016-09-02,575.5369873046875,109.28893280029297
2016-09-03,598.2119750976562,
2016-09-04,608.6339721679688,
2016-09-05,606.5900268554688,
2016-09-06,610.4359741210938,109.97013854980469
2016-09-07,614.5440063476562,110.03547668457031
2016-09-08,626.3159790039062,109.3916244506836
2016-09-09,622.8610229492188,106.63883972167969
2016-09-10,623.5089721679688,
2016-09-11,606.718994140625,
2016-09-12,608.2429809570312,108.55177307128906
2016-09-13,609.2410278320312,107.58132934570312
2016-09-14,610.6840209960938,108.09453582763672
2016-09-15,607.155029296875,109.77418518066406
2016-09-16,606.9730224609375,109.72179412841797
2016-09-17,605.9840087890625,
2016-09-18,609.8740234375,
2016-09-19,609.2269897460938,109.24472045898438
2016-09-20,608.31201171875,109.45053100585938
2016-09-21,597.1489868164062,110.52632904052734
2016-09-22,596.2979736328125,111.4056625366211
2016-09-23,602.8419799804688,110.69468688964844
2016-09-24,602.625,
2016-09-25,600.8259887695312,
2016-09-26,608.0430297851562,109.76858520507812
2016-09-27,606.166015625,110.85371398925781
2016-09-28,604.72802734375,111.04080200195312
2016-09-29,605.6929931640625,110.23631286621094
2016-09-30,609.7349853515625,111.05952453613281
2016-10-01,613.9829711914062,
2016-10-02,610.8920288085938,
2016-10-03,612.1329956054688,110.90048217773438
2016-10-04,610.2039794921875,110.73210906982422
2016-10-05,612.510986328125,111.12503051757812
2016-10-06,613.02099609375,111.06888580322266
2016-10-07,617.1209716796875,110.82566833496094
2016-10-08,619.1079711914062,
2016-10-09,616.7520141601562,
2016-10-10,618.9940185546875,111.52726745605469
2016-10-11,641.072021484375,109.93695068359375
2016-10-12,636.1920166015625,109.84341430664062
2016-10-13,636.7860107421875,109.45053100585938
2016-10-14,640.3779907226562,109.58148956298828
2016-10-15,638.64599609375,
2016-10-16,641.6309814453125,
2016-10-17,639.1929931640625,109.28214263916016
2016-10-18,637.9600219726562,110.25502014160156
2016-10-19,630.52001953125,110.24565887451172
2016-10-20,630.8569946289062,110.11471557617188
2016-10-21,632.8280029296875,110.52632904052734
2016-10-22,657.2940063476562,
2016-10-23,657.0709838867188,
2016-10-24,653.760986328125,111.85469055175781
2016-10-25,657.5880126953125,111.49921417236328
2016-10-26,678.3040161132812,110.74148559570312
2016-10-27,688.31298828125,110.23631286621094
2016-10-28,689.6510009765625,109.54405975341797
2016-10-29,714.47900390625,
2016-10-30,701.864013671875,
2016-10-31,700.9719848632812,109.44114685058594
2016-11-01,729.7930297851562,108.61795043945312
2016-11-02,740.8289794921875,107.74794006347656
2016-11-03,688.7000122070312,106.69087219238281
2016-11-04,703.2349853515625,106.31666564941406
2016-11-05,703.4180297851562,
2016-11-06,711.52197265625,
2016-11-07,703.1309814453125,108.84245300292969
2016-11-08,709.8480224609375,109.55342102050781
2016-11-09,723.2730102539062,110.0585708618164
2016-11-10,715.5339965820312,108.28115844726562
2016-11-11,716.4110107421875,108.32794952392578
2016-11-12,705.0540161132812,
2016-11-13,702.031005859375,
2016-11-14,705.02099609375,107.23343658447266
2016-11-15,711.6190185546875,108.7208480834961
2016-11-16,744.197998046875,109.3663101196289
2016-11-17,740.9769897460938,110.16148376464844
2016-11-18,751.5850219726562,109.74984741210938
2016-11-19,751.6160278320312,
2016-11-20,731.0260009765625,
2016-11-21,739.2479858398438,110.89116668701172
2016-11-22,751.3469848632812,111.2279281616211
2016-11-23,744.593994140625,110.77888488769531
2016-11-24,740.2890014648438,
2016-11-25,741.6489868164062,111.13438415527344
2016-11-26,735.3820190429688,
2016-11-27,732.0349731445312,
2016-11-28,735.81298828125,110.88178253173828
2016-11-29,735.60400390625,111.26533508300781
2016-11-30,745.6909790039062,109.91827392578125
2016-12-01,756.7739868164062,108.01921081542969
2016-12-02,777.9439697265625,108.23441314697266
2016-12-03,771.155029296875,
2016-12-04,773.8720092773438,
2016-12-05,758.7000122070312,109.07630920410156
2016-12-06,764.2239990234375,109.3382568359375
2016-12-07,768.1320190429688,110.7227554321289
2016-12-08,770.8099975585938,110.91921997070312
2016-12-09,772.7940063476562,111.78919219970703
2016-12-10,774.6500244140625,
2016-12-11,769.7310180664062,
2016-12-12,780.0869750976562,111.2840576171875
2016-12-13,780.5560302734375,112.6872787475586
2016-12-14,781.4810180664062,112.453369140625
2016-12-15,778.0880126953125,112.6311264038086
2016-12-16,784.906982421875,112.21361541748047
2016-12-17,790.8289794921875,
2016-12-18,790.530029296875,
2016-12-19,792.7139892578125,112.67337036132812
2016-12-20,800.8759765625,113.1049575805664
2016-12-21,834.281005859375,113.02052307128906
2016-12-22,864.5399780273438,112.70149230957031
2016-12-23,921.9840087890625,112.77657318115234
2016-12-24,898.822021484375,
2016-12-25,896.1829833984375,
2016-12-26,907.6099853515625,
2016-12-27,933.197998046875,113.3582763671875
2016-12-28,975.9210205078125,112.47632598876953
2016-12-29,973.4970092773438,112.31683349609375
2016-12-30,961.2379760742188,111.16278076171875
2016-12-31,963.7429809570312,
2017-01-01,998.3250122070312,
2017-01-02,1021.75,
2017-01-03,1043.8399658203125,112.15734100341797
2017-01-04,1154.72998046875,112.7671890258789
2017-01-05,1013.3800048828125,113.4051742553711
2017-01-06,902.2009887695312,114.39971923828125
2017-01-07,908.5850219726562,
2017-01-08,911.198974609375,
2017-01-09,902.8280029296875,114.7750015258789
2017-01-10,907.6790161132812,115.02831268310547
2017-01-11,777.7570190429688,115.33795928955078
2017-01-12,804.833984375,115.1596908569336
2017-01-13,823.9840087890625,115.5537338256836
2017-01-14,818.4119873046875,
2017-01-15,821.7979736328125,
2017-01-16,831.5339965820312,
2017-01-17,907.93798828125,115.20658874511719
2017-01-18,886.6179809570312,115.441162109375
2017-01-19,899.072998046875,115.3848876953125
2017-01-20,895.0260009765625,115.63818359375
2017-01-21,921.7890014648438,
2017-01-22,924.6729736328125,
2017-01-23,921.0120239257812,115.73200225830078
2017-01-24,892.68701171875,116.51077270507812
2017-01-25,901.5419921875,117.6835708618164
2017-01-26,917.5859985351562,117.8055419921875
2017-01-27,919.75,118.03072357177734
2017-01-28,921.5900268554688,
2017-01-29,919.4959716796875,
2017-01-30,920.3820190429688,117.11122131347656
2017-01-31,970.4030151367188,116.8766860961914
2017-02-01,989.0230102539062,117.6835708618164
2017-02-02,1011.7999877929688,117.58036804199219
2017-02-03,1029.9100341796875,117.9181137084961
2017-02-04,1042.9000244140625,
2017-02-05,1027.3399658203125,
2017-02-06,1038.1500244140625,118.05884552001953
2017-02-07,1061.3499755859375,118.49043273925781
2017-02-08,1063.0699462890625,118.68748474121094
2017-02-09,994.3829956054688,119.11907196044922
2017-02-10,988.6740112304688,119.51313018798828
2017-02-11,1004.4500122070312,
2017-02-12,999.1810302734375,
2017-02-13,990.6420288085938,120.18865203857422
2017-02-14,1004.5499877929688,120.59209442138672
2017-02-15,1007.47998046875,121.3051528930664
2017-02-16,1027.43994140625,121.26764678955078
2017-02-17,1046.2099609375,121.79302978515625
2017-02-18,1054.4200439453125,
2017-02-19,1047.8699951171875,
2017-02-20,1079.97998046875,
2017-02-21,1115.300048828125,122.39354705810547
2017-02-22,1117.43994140625,122.44044494628906
2017-02-23,1166.719970703125,121.98070526123047
2017-02-24,1173.6800537109375,122.21526336669922
2017-02-25,1143.8399658203125,
2017-02-26,1165.199951171875,
2017-02-27,1179.969970703125,122.36540222167969
2017-02-28,1179.969970703125,121.99009704589844
2017-03-01,1222.5,123.3223876953125
2017-03-02,1251.010009765625,122.70317077636719
2017-03-03,1274.989990234375,122.9283447265625
2017-03-04,1255.1500244140625,
2017-03-05,1267.1199951171875,
2017-03-06,1272.8299560546875,122.65623474121094
2017-03-07,1223.5400390625,122.44981384277344
2017-03-08,1150.0,122.66563415527344
2017-03-09,1188.489990234375,122.75943756103516
2017-03-10,1116.719970703125,123.27547454833984
2017-03-11,1175.8299560546875,
2017-03-12,1221.3800048828125,
2017-03-13,1231.9200439453125,123.48186492919922
2017-03-14,1240.0,123.18165588378906
2017-03-15,1249.6099853515625,123.94165802001953
2017-03-16,1187.81005859375,123.85716247558594
2017-03-17,1100.22998046875,123.81392669677734
2017-03-18,973.8179931640625,
2017-03-19,1036.739990234375,
2017-03-20,1054.22998046875,123.92675018310547
2017-03-21,1120.5400390625,122.04637145996094
2017-03-22,1049.1400146484375,122.87374114990234
2017-03-23,1038.5899658203125,122.56349182128906
2017-03-24,937.52001953125,122.8173599243164
2017-03-25,972.7789916992188,
2017-03-26,966.7249755859375,
2017-03-27,1045.77001953125,123.0147705078125
2017-03-28,1047.1500244140625,123.76692199707031
2017-03-29,1039.969970703125,124.34046936035156
2017-03-30,1026.4300537109375,124.54728698730469
2017-03-31,1071.7900390625,124.46267700195312
2017-04-01,1080.5,
2017-04-02,1102.1700439453125,
2017-04-03,1143.81005859375,124.38743591308594
2017-04-04,1133.25,124.58489227294922
2017-04-05,1124.780029296875,124.07719421386719
2017-04-06,1182.6800537109375,124.14302825927734
2017-04-07,1176.9000244140625,124.07719421386719
2017-04-08,1175.949951171875,
2017-04-09,1187.8699951171875,
2017-04-10,1187.1300048828125,124.12419128417969
2017-04-11,1205.010009765625,123.58827209472656
2017-04-12,1200.3699951171875,123.08998107910156
2017-04-13,1169.280029296875,122.60105895996094
2017-04-14,1167.5400390625,
2017-04-15,1172.52001953125,
2017-04-16,1182.93994140625,
2017-04-17,1193.9100341796875,123.61649322509766
2017-04-18,1211.6700439453125,123.42845916748047
2017-04-19,1210.2900390625,123.62589263916016
2017-04-20,1229.0799560546875,124.66010284423828
2017-04-21,1222.050048828125,124.63192749023438
2017-04-22,1231.7099609375,
2017-04-23,1207.2099609375,
2017-04-24,1250.1500244140625,126.13619995117188
2017-04-25,1265.489990234375,127.04823303222656
2017-04-26,1281.0799560546875,126.8696060180664
2017-04-27,1317.72998046875,127.63109588623047
2017-04-28,1316.47998046875,127.8567886352539
2017-04-29,1321.7900390625,
2017-04-30,1347.8900146484375,
2017-05-01,1421.5999755859375,128.99440002441406
2017-05-02,1452.8199462890625,129.2106170654297
2017-05-03,1490.0899658203125,128.7969207763672
2017-05-04,1537.6700439453125,128.8439483642578
2017-05-05,1555.449951171875,129.31402587890625
2017-05-06,1578.800048828125,
2017-05-07,1596.7099609375,
2017-05-08,1723.3499755859375,129.5961456298828
2017-05-09,1755.3599853515625,130.0474395751953
2017-05-10,1787.1300048828125,130.12265014648438
2017-05-11,1848.5699462890625,130.01922607421875
2017-05-12,1724.239990234375,130.3106689453125
2017-05-13,1804.9100341796875,
2017-05-14,1808.9100341796875,
2017-05-15,1738.4300537109375,130.72433471679688
2017-05-16,1734.449951171875,131.26962280273438
2017-05-17,1839.0899658203125,127.9319839477539
2017-05-18,1888.6500244140625,129.0508270263672
2017-05-19,1987.7099609375,129.5961456298828
2017-05-20,2084.72998046875,
2017-05-21,2041.199951171875,
2017-05-22,2173.39990234375,130.68675231933594
2017-05-23,2320.419921875,130.81838989257812
2017-05-24,2443.639892578125,131.42005920410156
2017-05-25,2304.97998046875,132.53897094726562
2017-05-26,2202.419921875,132.77395629882812
2017-05-27,2038.8699951171875,
2017-05-28,2155.800048828125,
2017-05-29,2255.610107421875,
2017-05-30,2175.469970703125,132.88681030273438
2017-05-31,2286.409912109375,132.83981323242188
2017-06-01,2407.8798828125,133.35682678222656
2017-06-02,2488.550048828125,134.8800048828125
2017-06-03,2515.35009765625,
2017-06-04,2511.81005859375,
2017-06-05,2686.81005859375,134.85182189941406
2017-06-06,2863.199951171875,134.31591796875
2017-06-07,2732.159912109375,134.84239196777344
2017-06-08,2805.6201171875,134.98342895507812
2017-06-09,2823.81005859375,131.60812377929688
2017-06-10,2947.7099609375,
2017-06-11,2958.110107421875,
2017-06-12,2659.6298828125,130.90298461914062
2017-06-13,2717.02001953125,131.9654541015625
2017-06-14,2506.3701171875,131.39187622070312
2017-06-15,2464.580078125,130.8089599609375
2017-06-16,2518.56005859375,130.24142456054688
2017-06-17,2655.8798828125,
2017-06-18,2548.2900390625,
2017-06-19,2589.60009765625,132.41915893554688
2017-06-20,2721.7900390625,131.38211059570312
2017-06-21,2689.10009765625,132.6832275390625
2017-06-22,2705.409912109375,132.64541625976562
2017-06-23,2744.909912109375,133.15455627441406
2017-06-24,2608.719970703125,
2017-06-25,2589.409912109375,
2017-06-26,2478.449951171875,132.53231811523438
2017-06-27,2552.449951171875,130.12835693359375
2017-06-28,2574.7900390625,132.00439453125
2017-06-29,2539.320068359375,129.71347045898438
2017-06-30,2480.840087890625,129.7606201171875
2017-07-01,2434.550048828125,
2017-07-02,2506.469970703125,
2017-07-03,2564.06005859375,128.39364624023438
2017-07-04,2601.639892578125,
2017-07-05,2601.989990234375,129.65692138671875
2017-07-06,2608.56005859375,128.48789978027344
2017-07-07,2518.659912109375,129.87371826171875
2017-07-08,2571.340087890625,
2017-07-09,2518.43994140625,
2017-07-10,2372.56005859375,130.7222442626953
2017-07-11,2337.7900390625,131.08984375
2017-07-12,2398.840087890625,132.64541625976562
2017-07-13,2357.89990234375,132.9376678466797
2017-07-14,2233.340087890625,133.98416137695312
2017-07-15,1998.8599853515625,
2017-07-16,1929.8199462890625,
2017-07-17,2228.409912109375,134.05014038085938
2017-07-18,2318.8798828125,134.94581604003906
2017-07-19,2273.429931640625,135.73770141601562
2017-07-20,2817.60009765625,135.9168243408203
2017-07-21,2667.760009765625,135.8602752685547
2017-07-22,2810.1201171875,
2017-07-23,2730.39990234375,
2017-07-24,2754.860107421875,136.4824676513672
2017-07-25,2576.47998046875,136.13363647460938
2017-07-26,2529.449951171875,136.57676696777344
2017-07-27,2671.780029296875,135.71885681152344
2017-07-28,2809.010009765625,135.60569763183594
2017-07-29,2726.449951171875,
2017-07-30,2757.179931640625,
2017-07-31,2875.340087890625,135.03057861328125
2017-08-01,2718.260009765625,135.34173583984375
2017-08-02,2710.669921875,135.70941162109375
2017-08-03,2804.72998046875,135.1814422607422
2017-08-04,2895.889892578125,135.42657470703125
2017-08-05,3252.909912109375,
2017-08-06,3213.93994140625,
2017-08-07,3378.93994140625,136.28448486328125
2017-08-08,3419.93994140625,136.04881286621094
2017-08-09,3342.469970703125,135.8696746826172
2017-08-10,3381.280029296875,132.95660400390625
2017-08-11,3650.6201171875,133.96527099609375
2017-08-12,3884.7099609375,
2017-08-13,4073.260009765625,
2017-08-14,4325.1298828125,135.69058227539062
2017-08-15,4181.93017578125,135.78482055664062
2017-08-16,4376.6298828125,136.02052307128906
2017-08-17,4331.68994140625,133.23941040039062
2017-08-18,4160.6201171875,133.1451416015625
2017-08-19,4193.7001953125,
2017-08-20,4087.659912109375,
2017-08-21,4001.739990234375,132.97544860839844
2017-08-22,4100.52001953125,135.0023193359375
2017-08-23,4151.52001953125,134.52151489257812
2017-08-24,4334.68017578125,134.1256103515625
2017-08-25,4371.60009765625,133.84275817871094
2017-08-26,4352.39990234375,
2017-08-27,4382.8798828125,
2017-08-28,4382.66015625,134.25753784179688
2017-08-29,4579.02001953125,134.7855224609375
2017-08-30,4565.2998046875,136.36935424804688
2017-08-31,4703.39013671875,137.83058166503906
2017-09-01,4892.009765625,137.64202880859375
2017-09-02,4578.77001953125,
2017-09-03,4582.9599609375,
2017-09-04,4236.31005859375,
2017-09-05,4376.52978515625,136.4070587158203
2017-09-06,4597.1201171875,136.82188415527344
2017-09-07,4599.8798828125,137.1423797607422
2017-09-08,4228.75,135.9545440673828
2017-09-09,4226.06005859375,
2017-09-10,4122.93994140625,
2017-09-11,4161.27001953125,137.51947021484375
2017-09-12,4130.81005859375,137.8494415283203
2017-09-13,3882.590087890625,138.03794860839844
2017-09-14,3154.949951171875,137.22720336914062
2017-09-15,3637.52001953125,137.69859313964844
2017-09-16,3625.0400390625,
2017-09-17,3582.8798828125,
2017-09-18,4065.199951171875,137.5181121826172
2017-09-19,3924.969970703125,137.75436401367188
2017-09-20,3905.949951171875,137.32919311523438
2017-09-21,3631.0400390625,136.48831176757812
2017-09-22,3630.699951171875,136.3560333251953
2017-09-23,3792.39990234375,
2017-09-24,3682.840087890625,
2017-09-25,3926.070068359375,134.91990661621094
2017-09-26,3892.35009765625,135.2694854736328
2017-09-27,4200.669921875,136.48831176757812
2017-09-28,4174.72998046875,136.4410400390625
2017-09-29,4163.06982421875,137.42359924316406
2017-09-30,4338.7099609375,
2017-10-01,4403.740234375,
2017-10-02,4409.31982421875,137.54649353027344
2017-10-03,4317.47998046875,137.83938598632812
2017-10-04,4229.35986328125,137.97166442871094
2017-10-05,4328.41015625,139.32273864746094
2017-10-06,4370.81005859375,139.51174926757812
2017-10-07,4426.89013671875,
2017-10-08,4610.47998046875,
2017-10-09,4772.02001953125,139.35110473632812
2017-10-10,4781.990234375,139.45504760742188
2017-10-11,4826.47998046875,139.87071228027344
2017-10-12,5446.91015625,139.61563110351562
2017-10-13,5647.2099609375,140.15419006347656
2017-10-14,5831.7900390625,
2017-10-15,5678.18994140625,
2017-10-16,5725.58984375,140.6360626220703
2017-10-17,5605.509765625,140.8155517578125
2017-10-18,5590.68994140625,140.64549255371094
2017-10-19,5708.52001953125,140.12582397460938
2017-10-20,6011.4501953125,140.50372314453125
2017-10-21,6031.60009765625,
2017-10-22,6008.419921875,
2017-10-23,5930.31982421875,139.58734130859375
2017-10-24,5526.64013671875,139.82351684570312
2017-10-25,5750.7998046875,139.29443359375
2017-10-26,5904.830078125,138.85032653808594
2017-10-27,5780.89990234375,142.89414978027344
2017-10-28,5753.08984375,
2017-10-29,6153.85009765625,
2017-10-30,6130.52978515625,143.21542358398438
2017-10-31,6468.39990234375,143.7539520263672
2017-11-01,6767.31005859375,143.70668029785156
2017-11-02,7078.5,143.43270874023438
2017-11-03,7207.759765625,144.81216430664062
2017-11-04,7379.9501953125,
2017-11-05,7407.41015625,
2017-11-06,7022.759765625,145.30343627929688
2017-11-07,7144.3798828125,145.3884735107422
2017-11-08,7459.68994140625,145.97427368164062
2017-11-09,7143.580078125,145.208984375
2017-11-10,6618.14013671875,145.19952392578125
2017-11-11,6357.60009765625,
2017-11-12,5950.06982421875,
2017-11-13,6559.490234375,145.3790283203125
2017-11-14,6635.75,144.84991455078125
2017-11-15,7315.5400390625,144.169677734375
2017-11-16,7871.68994140625,146.01205444335938
2017-11-17,7708.990234375,145.45455932617188
2017-11-18,7790.14990234375,
2017-11-19,8036.490234375,
2017-11-20,8200.6396484375,145.3412628173828
2017-11-21,8071.259765625,146.91909790039062
2017-11-22,8253.5498046875,147.09860229492188
2017-11-23,8038.77001953125,
2017-11-24,8253.6904296875,147.63714599609375
2017-11-25,8790.919921875,
2017-11-26,9330.5498046875,
2017-11-27,9818.349609375,147.5709991455078
2017-11-28,10058.7998046875,147.94894409179688
2017-11-29,9888.6103515625,145.36961364746094
2017-11-30,10233.599609375,146.58839416503906
2017-12-01,10975.599609375,145.96482849121094
2017-12-02,11074.599609375,
2017-12-03,11323.2001953125,
2017-12-04,11657.2001953125,144.28309631347656
2017-12-05,11916.7001953125,144.37753295898438
2017-12-06,14291.5,145.0294952392578
2017-12-07,17899.69921875,145.520751953125
2017-12-08,16569.400390625,146.16322326660156
2017-12-09,15178.2001953125,
2017-12-10,15455.400390625,
2017-12-11,16936.80078125,147.29701232910156
2017-12-12,17415.400390625,147.09860229492188
2017-12-13,16408.19921875,147.38206481933594
2017-12-14,16564.0,147.27809143066406
2017-12-15,17706.900390625,148.95042419433594
2017-12-16,19497.400390625,
2017-12-17,19140.80078125,
2017-12-18,19114.19921875,150.19931030273438
2017-12-19,17776.69921875,149.30923461914062
2017-12-20,16624.599609375,149.1483154296875
2017-12-21,15802.900390625,149.1673126220703
2017-12-22,13831.7998046875,148.9967803955078
2017-12-23,14699.2001953125,
2017-12-24,13925.7998046875,
2017-12-25,14026.599609375,
2017-12-26,16099.7998046875,148.1920623779297
2017-12-27,15838.5,148.21099853515625
2017-12-28,14606.5,148.39093017578125
2017-12-29,14656.2001953125,147.4724884033203
2017-12-30,12952.2001953125,
2017-12-31,14156.400390625,
2018-01-01,13657.2001953125,
2018-01-02,14982.099609375,150.0572509765625
2018-01-03,15201.0,151.5153045654297
2018-01-04,15599.2001953125,151.78036499023438
2018-01-05,17429.5,153.30477905273438
2018-01-06,17527.0,
2018-01-07,16477.599609375,
2018-01-08,15170.099609375,153.9012451171875
2018-01-09,14595.400390625,153.9106903076172
2018-01-10,14973.2998046875,153.55084228515625
2018-01-11,13405.7998046875,154.601806640625
2018-01-12,13980.599609375,155.7379913330078
2018-01-13,14360.2001953125,
2018-01-14,13772.0,
2018-01-15,13819.7998046875,
2018-01-16,11490.5,155.2930145263672
2018-01-17,11188.599609375,156.96876525878906
2018-01-18,11474.900390625,156.9971923828125
2018-01-19,11607.400390625,157.48953247070312
2018-01-20,12899.2001953125,
2018-01-21,11600.099609375,
2018-01-22,10931.400390625,159.1748809814453
2018-01-23,10868.400390625,160.49090576171875
2018-01-24,11359.400390625,159.44943237304688
2018-01-25,11259.400390625,159.3926239013672
2018-01-26,11171.400390625,161.83531188964844
2018-01-27,11440.7001953125,
2018-01-28,11786.2998046875,
2018-01-29,11296.400390625,161.04954528808594
2018-01-30,10106.2998046875,159.7239532470703
2018-01-31,10221.099609375,160.38668823242188
2018-02-01,9170.5400390625,159.02337646484375
2018-02-02,8830.75,155.8516082763672
2018-02-03,9174.91015625,
2018-02-04,8277.009765625,
2018-02-05,6955.27001953125,149.7069549560547
2018-02-06,7754.0,153.67398071289062
2018-02-07,7621.2998046875,151.6857452392578
2018-02-08,8265.58984375,145.28546142578125
2018-02-09,8736.98046875,147.7943878173828
2018-02-10,8621.900390625,
2018-02-11,8129.97021484375,
2018-02-12,8926.5703125,150.4170379638672
2018-02-13,8598.3095703125,151.19338989257812
2018-02-14,9494.6298828125,154.0242919921875
2018-02-15,10166.400390625,156.8836212158203
2018-02-16,10233.900390625,156.18299865722656
2018-02-17,11112.7001953125,
2018-02-18,10551.7998046875,
2018-02-19,11225.2998046875,
2018-02-20,11403.7001953125,156.49542236328125
2018-02-21,10690.400390625,156.05043029785156
2018-02-22,10005.0,156.031494140625
2018-02-23,10301.099609375,159.22222900390625
2018-02-24,9813.0703125,
2018-02-25,9664.73046875,
2018-02-26,10366.7001953125,161.33355712890625
2018-02-27,10725.599609375,159.33575439453125
2018-02-28,10397.900390625,158.313232421875
2018-03-01,10951.0,155.728515625
2018-03-02,11086.400390625,157.15821838378906
2018-03-03,11489.7001953125,
2018-03-04,11512.599609375,
2018-03-05,11573.2998046875,158.90028381347656
2018-03-06,10779.900390625,159.57252502441406
2018-03-07,9965.5703125,159.94171142578125
2018-03-08,9395.009765625,160.8223114013672
2018-03-09,9337.5498046875,163.94668579101562
2018-03-10,8866.0,
2018-03-11,9578.6298828125,
2018-03-12,9205.1201171875,164.81771850585938
2018-03-13,9194.849609375,162.5738067626953
2018-03-14,8269.8095703125,162.54547119140625
2018-03-15,8300.8603515625,162.4034423828125
2018-03-16,8338.349609375,161.92056274414062
2018-03-17,7916.8798828125,
2018-03-18,8223.6796875,
2018-03-19,8630.650390625,158.46575927734375
2018-03-20,8913.4697265625,158.9874267578125
2018-03-21,8929.2802734375,158.2950897216797
2018-03-22,8728.4697265625,154.38795471191406
2018-03-23,8879.6201171875,150.31964111328125
2018-03-24,8668.1201171875,
2018-03-25,8495.7802734375,
2018-03-26,8209.400390625,155.90525817871094
2018-03-27,7833.0400390625,150.86019897460938
2018-03-28,7954.47998046875,149.12472534179688
2018-03-29,7165.7001953125,151.85594177246094
2018-03-30,6890.52001953125,
2018-03-31,6973.52978515625,
2018-04-01,6844.22998046875,
2018-04-02,7083.7998046875,147.4746856689453
2018-04-03,7456.10986328125,149.1342315673828
2018-04-04,6853.83984375,151.48611450195312
2018-04-05,6811.47021484375,152.3490447998047
2018-04-06,6636.31982421875,148.53680419921875
2018-04-07,6911.08984375,
2018-04-08,7023.52001953125,
2018-04-09,6770.72998046875,149.57997131347656
2018-04-10,6834.759765625,152.88014221191406
2018-04-11,6968.31982421875,151.99818420410156
2018-04-12,7889.25,153.82846069335938
2018-04-13,7895.9599609375,153.0318145751953
2018-04-14,7986.240234375,
2018-04-15,8329.1103515625,
2018-04-16,8058.669921875,154.1982879638672
2018-04-17,7902.08984375,157.51747131347656
2018-04-18,8163.419921875,157.83990478515625
2018-04-19,8294.3095703125,156.3889617919922
2018-04-20,8845.830078125,153.913818359375
2018-04-21,8895.580078125,
2018-04-22,8802.4599609375,
2018-04-23,8930.8798828125,153.52499389648438
2018-04-24,9697.5,150.27224731445312
2018-04-25,8845.740234375,150.452392578125
2018-04-26,9281.509765625,153.6198272705078
2018-04-27,8987.0498046875,153.7146453857422
2018-04-28,9348.48046875,
2018-04-29,9419.080078125,
2018-04-30,9240.5498046875,152.62408447265625
2018-05-01,9119.009765625,154.3690185546875
2018-05-02,9235.919921875,153.45858764648438
2018-05-03,9743.8603515625,153.43966674804688
2018-05-04,9700.759765625,156.3510284423828
2018-05-05,9858.150390625,
2018-05-06,9654.7998046875,
2018-05-07,9373.009765625,157.65023803710938
2018-05-08,9234.8203125,157.48899841308594
2018-05-09,9325.1796875,159.20547485351562
2018-05-10,9043.9404296875,160.8555908203125
2018-05-11,8441.490234375,160.703857421875
2018-05-12,8504.8896484375,
2018-05-13,8723.9404296875,
2018-05-14,8716.7900390625,160.9788818359375
2018-05-15,8510.3798828125,159.1959991455078
2018-05-16,8368.830078125,160.24864196777344
2018-05-17,8094.31982421875,159.63221740722656
2018-05-18,8250.9697265625,158.80722045898438
2018-05-19,8247.1796875,
2018-05-20,8513.25,
2018-05-21,8418.990234375,159.69862365722656
2018-05-22,8041.77978515625,159.4900360107422
2018-05-23,7557.81982421875,160.83665466308594
2018-05-24,7587.33984375,160.7891845703125
2018-05-25,7480.14013671875,160.95040893554688
2018-05-26,7355.8798828125,
2018-05-27,7368.22021484375,
2018-05-28,7135.990234375,
2018-05-29,7472.58984375,160.2391815185547
2018-05-30,7406.52001953125,161.38668823242188
2018-05-31,7494.169921875,161.28231811523438
2018-06-01,7541.4501953125,163.81434631347656
2018-06-02,7643.4501953125,
2018-06-03,7720.25,
2018-06-04,7514.47021484375,165.2937774658203
2018-06-05,7633.759765625,165.8058624267578
2018-06-06,7653.97998046875,166.77320861816406
2018-06-07,7678.240234375,165.41709899902344
2018-06-08,7624.919921875,165.426513671875
2018-06-09,7531.97998046875,
2018-06-10,6786.02001953125,
2018-06-11,6906.919921875,165.8722381591797
2018-06-12,6582.35986328125,166.74472045898438
2018-06-13,6349.89990234375,166.7351837158203
2018-06-14,6675.35009765625,168.4232635498047
2018-06-15,6456.580078125,167.8352508544922
2018-06-16,6550.16015625,
2018-06-17,6499.27001953125,
2018-06-18,6734.81982421875,167.7383270263672
2018-06-19,6769.93994140625,167.26315307617188
2018-06-20,6776.5498046875,168.45115661621094
2018-06-21,6729.740234375,166.98757934570312
2018-06-22,6083.68994140625,166.61691284179688
2018-06-23,6162.47998046875,
2018-06-24,6173.22998046875,
2018-06-25,6249.18017578125,162.8629913330078
2018-06-26,6093.669921875,163.52830505371094
2018-06-27,6157.1298828125,161.3044891357422
2018-06-28,5903.43994140625,162.69195556640625
2018-06-29,6218.2998046875,163.12908935546875
2018-06-30,6404.0,
2018-07-01,6385.81982421875,
2018-07-02,6614.18017578125,164.22201538085938
2018-07-03,6529.58984375,162.32127380371094
2018-07-04,6597.5498046875,
2018-07-05,6639.14013671875,164.3360595703125
2018-07-06,6673.5,166.8925323486328
2018-07-07,6856.93017578125,
2018-07-08,6773.8798828125,
2018-07-09,6741.75,168.3941192626953
2018-07-10,6329.9501953125,168.5176544189453
2018-07-11,6394.7099609375,167.662353515625
2018-07-12,6228.81005859375,170.5514373779297
2018-07-13,6238.0498046875,170.69393920898438
2018-07-14,6276.1201171875,
2018-07-15,6359.64013671875,
2018-07-16,6741.75,170.2852783203125
2018-07-17,7321.0400390625,171.3212127685547
2018-07-18,7370.77978515625,170.99806213378906
2018-07-19,7466.85986328125,170.14276123046875
2018-07-20,7354.1298828125,170.104736328125
2018-07-21,7419.2900390625,
2018-07-22,7418.490234375,
2018-07-23,7711.10986328125,170.6464080810547
2018-07-24,8424.26953125,171.34976196289062
2018-07-25,8181.39013671875,173.74459838867188
2018-07-26,7951.580078125,171.1121063232422
2018-07-27,8165.009765625,168.80270385742188
2018-07-28,8192.150390625,
2018-07-29,8218.4599609375,
2018-07-30,8180.47998046875,166.41734313964844
2018-07-31,7780.43994140625,167.6908416748047
2018-08-01,7624.91015625,168.32757568359375
2018-08-02,7567.14990234375,170.617919921875
2018-08-03,7434.39013671875,171.14059448242188
2018-08-04,7032.85009765625,
2018-08-05,7068.47998046875,
2018-08-06,6951.7998046875,172.14797973632812
2018-08-07,6753.1201171875,172.7752685546875
2018-08-08,6305.7998046875,172.98431396484375
2018-08-09,6568.22998046875,172.87979125976562
2018-08-10,6184.7099609375,171.55880737304688
2018-08-11,6295.72998046875,
2018-08-12,6322.68994140625,
2018-08-13,6297.56982421875,171.36874389648438
2018-08-14,6199.7099609375,172.44259643554688
2018-08-15,6308.52001953125,170.3328399658203
2018-08-16,6334.72998046875,170.89353942871094
2018-08-17,6580.6298828125,170.93153381347656
2018-08-18,6423.759765625,
2018-08-19,6506.06982421875,
2018-08-20,6308.52978515625,170.77952575683594
2018-08-21,6488.759765625,171.40673828125
2018-08-22,6376.7099609375,172.07192993164062
2018-08-23,6534.8798828125,171.8249053955078
2018-08-24,6719.9599609375,173.42149353027344
2018-08-25,6763.18994140625,
2018-08-26,6707.259765625,
2018-08-27,6884.64013671875,175.18914794921875
2018-08-28,7096.27978515625,175.44577026367188
2018-08-29,7047.16015625,177.47006225585938
2018-08-30,6978.22998046875,177.1564178466797
2018-08-31,7037.580078125,177.38446044921875
2018-09-01,7193.25,
2018-09-02,7272.72021484375,
2018-09-03,7260.06005859375,
2018-09-04,7361.66015625,176.62423706054688
2018-09-05,6792.830078125,174.3433380126953
2018-09-06,6529.169921875,172.78477478027344
2018-09-07,6467.06982421875,172.11949157714844
2018-09-08,6225.97998046875,
2018-09-09,6300.85986328125,
2018-09-10,6329.7001953125,172.69923400878906
2018-09-11,6321.2001953125,174.02969360351562
2018-09-12,6351.7998046875,173.51649475097656
2018-09-13,6517.31005859375,175.3697052001953
2018-09-14,6512.7099609375,174.8565216064453
2018-09-15,6543.2001953125,
2018-09-16,6517.18017578125,
2018-09-17,6281.2001953125,172.33810424804688
2018-09-18,6371.2998046875,173.7636260986328
2018-09-19,6398.5400390625,173.6305694580078
2018-09-20,6519.669921875,175.55030822753906
2018-09-21,6734.9501953125,174.59043884277344
2018-09-22,6721.97998046875,
2018-09-23,6710.6298828125,
2018-09-24,6595.41015625,175.0760040283203
2018-09-25,6446.47021484375,175.3140411376953
2018-09-26,6495.0,175.4378204345703
2018-09-27,6676.75,176.92298889160156
2018-09-28,6644.1298828125,176.88491821289062
2018-09-29,6601.9599609375,
2018-09-30,6625.56005859375,
2018-10-01,6589.6201171875,177.24671936035156
2018-10-02,6556.10009765625,176.84686279296875
2018-10-03,6502.58984375,177.0372314453125
2018-10-04,6576.68994140625,173.63836669921875
2018-10-05,6622.47998046875,171.5152587890625
2018-10-06,6588.31005859375,
2018-10-07,6602.9501953125,
2018-10-08,6652.22998046875,170.46795654296875
2018-10-09,6642.64013671875,171.02017211914062
2018-10-10,6585.52978515625,163.49879455566406
2018-10-11,6256.240234375,161.470947265625
2018-10-12,6274.580078125,165.96466064453125
2018-10-13,6285.990234375,
2018-10-14,6290.93017578125,
2018-10-15,6596.5400390625,163.955810546875
2018-10-16,6596.10986328125,168.72567749023438
2018-10-17,6544.43017578125,168.7923583984375
2018-10-18,6476.7099609375,164.87928771972656
2018-10-19,6465.41015625,164.72702026367188
2018-10-20,6489.18994140625,
2018-10-21,6482.35009765625,
2018-10-22,6487.16015625,165.57435607910156
2018-10-23,6475.740234375,164.9650421142578
2018-10-24,6495.83984375,157.41510009765625
2018-10-25,6476.2900390625,162.86097717285156
2018-10-26,6474.75,158.67185974121094
2018-10-27,6480.3798828125,
2018-10-28,6486.39013671875,
2018-10-29,6332.6298828125,155.40621948242188
2018-10-30,6334.27001953125,157.96731567382812
2018-10-31,6317.60986328125,161.68040466308594
2018-11-01,6377.77978515625,163.81298828125
2018-11-02,6388.43994140625,161.26145935058594
2018-11-03,6361.259765625,
2018-11-04,6376.1298828125,
2018-11-05,6419.66015625,160.86166381835938
2018-11-06,6461.009765625,162.0802459716797
2018-11-07,6530.14013671875,167.16433715820312
2018-11-08,6453.72021484375,166.09800720214844
2018-11-09,6385.6201171875,163.2989044189453
2018-11-10,6409.22021484375,
2018-11-11,6411.27001953125,
2018-11-12,6371.27001953125,158.35768127441406
2018-11-13,6359.490234375,158.49090576171875
2018-11-14,5738.35009765625,157.2818145751953
2018-11-15,5648.02978515625,160.03329467773438
2018-11-16,5575.5498046875,159.4716033935547
2018-11-17,5554.330078125,
2018-11-18,5623.5400390625,
2018-11-19,4871.490234375,154.2923126220703
2018-11-20,4451.8701171875,151.53134155273438
2018-11-21,4602.169921875,152.68328857421875
2018-11-22,4365.93994140625,
2018-11-23,4347.10986328125,151.5789337158203
2018-11-24,3880.760009765625,
2018-11-25,4009.969970703125,
2018-11-26,3779.1298828125,155.08251953125
2018-11-27,3820.719970703125,155.60618591308594
2018-11-28,4257.419921875,160.61404418945312
2018-11-29,4278.8466796875,160.0904083251953
2018-11-30,4017.2685546875,161.25193786621094
2018-12-01,4214.671875,
2018-12-02,4139.8779296875,
2018-12-03,3894.130859375,164.07009887695312
2018-12-04,3956.893798828125,157.7769012451172
2018-12-05,3753.994873046875,
2018-12-06,3521.101806640625,158.8907928466797
2018-12-07,3419.937255859375,153.64488220214844
2018-12-08,3476.11474609375,
2018-12-09,3614.234375,
2018-12-10,3502.656005859375,155.25389099121094
2018-12-11,3424.588134765625,155.76805114746094
2018-12-12,3486.9501953125,157.13900756835938
2018-12-13,3313.67724609375,157.18658447265625
2018-12-14,3242.48486328125,153.35931396484375
2018-12-15,3236.76171875,
2018-12-16,3252.839111328125,
2018-12-17,3545.86474609375,149.88424682617188
2018-12-18,3696.05908203125,150.82681274414062
2018-12-19,3745.95068359375,147.12327575683594
2018-12-20,4134.44140625,144.9906005859375
2018-12-21,3896.543701171875,140.4968719482422
2018-12-22,4014.1826171875,
2018-12-23,3998.980224609375,
2018-12-24,4078.59912109375,137.01284790039062
2018-12-25,3815.49072265625,
2018-12-26,3857.297607421875,145.56777954101562
2018-12-27,3654.83349609375,146.13104248046875
2018-12-28,3923.918701171875,146.05467224121094
2018-12-29,3820.40869140625,
2018-12-30,3865.95263671875,
2018-12-31,3742.700439453125,147.28636169433594
2019-01-01,3843.52001953125,
2019-01-02,3943.409423828125,147.8782958984375
2019-01-03,3836.7412109375,143.04710388183594
2019-01-04,3857.717529296875,149.1673583984375
2019-01-05,3845.194580078125,
2019-01-06,4076.632568359375,
2019-01-07,4025.248291015625,150.94320678710938
2019-01-08,4030.847900390625,152.30857849121094
2019-01-09,4035.29638671875,153.54981994628906
2019-01-10,3678.924560546875,153.98902893066406
2019-01-11,3687.365478515625,153.4256591796875
2019-01-12,3661.301025390625,
2019-01-13,3552.953125,
2019-01-14,3706.05224609375,152.06988525390625
2019-01-15,3630.67529296875,155.0392303466797
2019-01-16,3655.0068359375,155.01065063476562
2019-01-17,3678.56396484375,156.2327880859375
2019-01-18,3657.83935546875,157.779541015625
2019-01-19,3728.568359375,
2019-01-20,3601.013671875,
2019-01-21,3576.032470703125,
2019-01-22,3604.5771484375,154.61923217773438
2019-01-23,3585.123046875,154.81967163085938
2019-01-24,3600.865478515625,155.8222198486328
2019-01-25,3599.765869140625,157.68409729003906
2019-01-26,3602.46044921875,
2019-01-27,3583.9658203125,
2019-01-28,3470.450439453125,155.7362518310547
2019-01-29,3448.116943359375,154.26588439941406
2019-01-30,3486.181640625,158.19012451171875
2019-01-31,3457.792724609375,160.55801391601562
2019-02-01,3487.9453125,159.8800506591797
2019-02-02,3521.060791015625,
2019-02-03,3464.013427734375,
2019-02-04,3459.154052734375,161.8660125732422
2019-02-05,3466.357421875,163.29824829101562
2019-02-06,3413.767822265625,162.81129455566406
2019-02-07,3399.4716796875,160.62481689453125
2019-02-08,3666.7802734375,160.9398956298828
2019-02-09,3671.20361328125,
2019-02-10,3690.188232421875,
2019-02-11,3648.4306640625,160.7871551513672
2019-02-12,3653.528564453125,163.16458129882812
2019-02-13,3632.070556640625,163.2791290283203
2019-02-14,3616.880859375,163.47967529296875
2019-02-15,3620.810791015625,164.1671142578125
2019-02-16,3629.78759765625,
2019-02-17,3673.836181640625,
2019-02-18,3915.71435546875,
2019-02-19,3947.094482421875,164.49169921875
2019-02-20,3999.820556640625,164.4630889892578
2019-02-21,3954.1181640625,163.861572265625
2019-02-22,4005.526611328125,165.0741424560547
2019-02-23,4142.52685546875,
2019-02-24,3810.427490234375,
2019-02-25,3882.6962890625,165.6757049560547
2019-02-26,3854.35791015625,165.8475341796875
2019-02-27,3851.04736328125,165.74252319335938
2019-02-28,3854.785400390625,165.36061096191406
2019-03-01,3859.583740234375,166.50634765625
2019-03-02,3864.4150390625,
2019-03-03,3847.17578125,
2019-03-04,3761.55712890625,166.53500366210938
2019-03-05,3896.375,166.6591339111328
2019-03-06,3903.942626953125,165.71385192871094
2019-03-07,3911.484375,163.6801300048828
2019-03-08,3901.131591796875,163.43190002441406
2019-03-09,3963.313720703125,
2019-03-10,3951.599853515625,
2019-03-11,3905.227294921875,166.83099365234375
2019-03-12,3909.15625,167.74757385253906
2019-03-13,3906.71728515625,169.0079345703125
2019-03-14,3924.369140625,168.72145080566406
2019-03-15,3960.9111328125,170.28729248046875
2019-03-16,4048.725830078125,
2019-03-17,4025.22900390625,
2019-03-18,4032.50732421875,170.69290161132812
2019-03-19,4071.190185546875,171.266845703125
2019-03-20,4087.476318359375,171.94593811035156
2019-03-21,4029.326904296875,174.6338348388672
2019-03-22,4023.96826171875,170.7981414794922
2019-03-23,4035.826416015625,
2019-03-24,4022.168212890625,
2019-03-25,3963.070556640625,170.47288513183594
2019-03-26,3985.080810546875,171.266845703125
2019-03-27,4087.066162109375,170.16677856445312
2019-03-28,4069.107177734375,170.55897521972656
2019-03-29,4098.37451171875,171.85031127929688
2019-03-30,4106.66015625,
2019-03-31,4105.404296875,
2019-04-01,4158.18310546875,174.12681579589844
2019-04-02,4879.8779296875,174.78680419921875
2019-04-03,4973.02197265625,175.7911834716797
2019-04-04,4922.798828125,175.72422790527344
2019-04-05,5036.68115234375,176.6329803466797
2019-04-06,5059.8173828125,
2019-04-07,5198.89697265625,
2019-04-08,5289.77099609375,177.08248901367188
2019-04-09,5204.95849609375,176.46080017089844
2019-04-10,5324.5517578125,177.4077911376953
2019-04-11,5064.48779296875,176.98687744140625
2019-04-12,5089.5390625,177.75210571289062
2019-04-13,5096.58642578125,
2019-04-14,5167.72216796875,
2019-04-15,5067.1083984375,177.78079223632812
2019-04-16,5235.5595703125,178.3929443359375
2019-04-17,5251.93798828125,179.0146942138672
2019-04-18,5298.3857421875,179.24427795410156
2019-04-19,5303.8125,
2019-04-20,5337.88623046875,
2019-04-21,5314.53125,
2019-04-22,5399.365234375,179.751220703125
2019-04-23,5572.3623046875,182.03732299804688
2019-04-24,5464.86669921875,181.46343994140625
2019-04-25,5210.515625,182.19996643066406
2019-04-26,5279.34814453125,182.36257934570312
2019-04-27,5268.291015625,
2019-04-28,5285.13916015625,
2019-04-29,5247.3525390625,182.7164764404297
2019-04-30,5350.7265625,181.3008270263672
2019-05-01,5402.697265625,180.7173614501953
2019-05-02,5505.28369140625,179.93301391601562
2019-05-03,5768.28955078125,182.80258178710938
2019-05-04,5831.16748046875,
2019-05-05,5795.70849609375,
2019-05-06,5746.80712890625,181.68345642089844
2019-05-07,5829.50146484375,178.14427185058594
2019-05-08,5982.45751953125,177.6947021484375
2019-05-09,6174.52880859375,176.7382049560547
2019-05-10,6378.84912109375,176.9581756591797
2019-05-11,7204.771484375,
2019-05-12,6972.37158203125,
2019-05-13,7814.9150390625,170.81724548339844
2019-05-14,7994.416015625,172.69204711914062
2019-05-15,8205.16796875,175.13116455078125
2019-05-16,7884.9091796875,176.89120483398438
2019-05-17,7343.8955078125,175.08338928222656
2019-05-18,7271.2080078125,
2019-05-19,8197.689453125,
2019-05-20,7978.30908203125,172.12771606445312
2019-05-21,7963.32763671875,173.9259796142578
2019-05-22,7680.06640625,173.1511993408203
2019-05-23,7881.8466796875,170.5015869140625
2019-05-24,7987.37158203125,170.41552734375
2019-05-25,8052.5439453125,
2019-05-26,8673.2158203125,
2019-05-27,8805.7783203125,
2019-05-28,8719.9619140625,169.77464294433594
2019-05-29,8659.4873046875,168.37808227539062
2019-05-30,8319.47265625,169.08592224121094
2019-05-31,8574.501953125,166.3885040283203
2019-06-01,8564.0166015625,
2019-06-02,8742.9580078125,
2019-06-03,8208.9951171875,162.7249755859375
2019-06-04,7707.77099609375,167.30677795410156
2019-06-05,7824.2314453125,168.55027770996094
2019-06-06,7822.0234375,169.889404296875
2019-06-07,8043.951171875,173.17031860351562
2019-06-08,7954.1279296875,
2019-06-09,7688.0771484375,
2019-06-10,8000.32958984375,175.18858337402344
2019-06-11,7927.71435546875,175.42771911621094
2019-06-12,8145.857421875,174.41380310058594
2019-06-13,8230.923828125,175.4468994140625
2019-06-14,8693.8330078125,174.7007293701172
2019-06-15,8838.375,
2019-06-16,8994.48828125,
2019-06-17,9320.3525390625,175.75294494628906
2019-06-18,9081.7626953125,178.306884765625
2019-06-19,9273.521484375,178.9764404296875
2019-06-20,9527.16015625,180.6408233642578
2019-06-21,10144.556640625,180.37298583984375
2019-06-22,10701.69140625,
2019-06-23,10855.37109375,
2019-06-24,11011.1025390625,180.3787078857422
2019-06-25,11790.9169921875,177.2822723388672
2019-06-26,13016.2314453125,178.10675048828125
2019-06-27,11182.806640625,178.7873992919922
2019-06-28,12407.33203125,179.0174560546875
2019-06-29,11959.37109375,
2019-06-30,10817.1552734375,
2019-07-01,10583.134765625,181.43324279785156
2019-07-02,10801.677734375,182.15225219726562
2019-07-03,11961.26953125,183.52310180664062
2019-07-04,11215.4375,
2019-07-05,10978.4599609375,183.1492919921875
2019-07-06,11208.55078125,
2019-07-07,11450.8466796875,
2019-07-08,12285.9580078125,181.86465454101562
2019-07-09,12573.8125,182.77537536621094
2019-07-10,12156.5126953125,184.5967559814453
2019-07-11,11358.662109375,184.46255493164062
2019-07-12,11815.986328125,185.52667236328125
2019-07-13,11392.37890625,
2019-07-14,10256.05859375,
2019-07-15,10895.08984375,186.12098693847656
2019-07-16,9477.6416015625,185.16232299804688
2019-07-17,9693.802734375,184.25169372558594
2019-07-18,10666.482421875,184.46255493164062
2019-07-19,10530.732421875,183.11085510253906
2019-07-20,10767.1396484375,
2019-07-21,10599.10546875,
2019-07-22,10343.1064453125,184.56802368164062
2019-07-23,9900.767578125,185.77589416503906
2019-07-24,9811.92578125,187.07968139648438
2019-07-25,9911.841796875,185.30615234375
2019-07-26,9870.3037109375,187.2138671875
2019-07-27,9477.677734375,
2019-07-28,9552.8603515625,
2019-07-29,9519.1455078125,186.57159423828125
2019-07-30,9607.423828125,185.76632690429688
2019-07-31,10085.6279296875,183.1972198486328
2019-08-01,10399.6689453125,182.28643798828125
2019-08-02,10518.1748046875,179.6022491455078
2019-08-03,10821.7265625,
2019-08-04,10970.1845703125,
2019-08-05,11805.6533203125,173.25601196289062
2019-08-06,11478.1689453125,175.6813201904297
2019-08-07,11941.96875,176.63038635253906
2019-08-08,11966.4072265625,180.47459411621094
2019-08-09,11862.9365234375,178.77781677246094
2019-08-10,11354.0244140625,
2019-08-11,11523.5791015625,
2019-08-12,11382.6162109375,176.72633361816406
2019-08-13,10895.830078125,180.59922790527344
2019-08-14,10051.7041015625,175.2020263671875
2019-08-15,10311.5458984375,175.000732421875
2019-08-16,10374.3388671875,177.80960083007812
2019-08-17,10231.744140625,
2019-08-18,10345.810546875,
2019-08-19,10916.0537109375,180.63755798339844
2019-08-20,10763.232421875,179.2379608154297
2019-08-21,10138.0498046875,180.82931518554688
2019-08-22,10131.0556640625,180.2445526123047
2019-08-23,10407.96484375,174.5405731201172
2019-08-24,10159.9609375,
2019-08-25,10138.517578125,
2019-08-26,10370.8203125,177.1768798828125
2019-08-27,10185.5,176.80300903320312
2019-08-28,9754.4228515625,177.43568420410156
2019-08-29,9510.2001953125,180.14865112304688
2019-08-30,9598.173828125,179.71728515625
2019-08-31,9630.6640625,
2019-09-01,9757.970703125,
2019-09-02,10346.7607421875,
2019-09-03,10623.5400390625,177.97254943847656
2019-09-04,10594.4931640625,180.5417022705078
2019-09-05,10575.533203125,183.8490447998047
2019-09-06,10353.302734375,183.66688537597656
2019-09-07,10517.2548828125,
2019-09-08,10441.2763671875,
2019-09-09,10334.974609375,183.28346252441406
2019-09-10,10115.9755859375,182.75619506835938
2019-09-11,10178.3720703125,184.47215270996094
2019-09-12,10410.126953125,185.2390899658203
2019-09-13,10360.546875,184.57763671875
2019-09-14,10358.048828125,
2019-09-15,10347.712890625,
2019-09-16,10276.7939453125,183.753173828125
2019-09-17,10241.2724609375,184.63510131835938
2019-09-18,10198.248046875,184.5584259033203
2019-09-19,10266.4150390625,184.86517333984375
2019-09-20,10181.6416015625,182.9095916748047
2019-09-21,10019.716796875,
2019-09-22,10070.392578125,
2019-09-23,9729.32421875,182.99024963378906
2019-09-24,8620.56640625,180.55999755859375
2019-09-25,8486.9931640625,182.58680725097656
2019-09-26,8118.9677734375,181.91441345214844
2019-09-27,8251.845703125,179.65708923339844
2019-09-28,8245.9150390625,
2019-09-29,8104.185546875,
2019-09-30,8293.8681640625,181.3668670654297
2019-10-01,8343.2763671875,179.88760375976562
2019-10-02,8393.0419921875,176.7945098876953
2019-10-03,8259.9921875,178.73486328125
2019-10-04,8205.939453125,181.3668670654297
2019-10-05,8151.50048828125,
2019-10-06,7988.15576171875,
2019-10-07,8245.623046875,180.8193817138672
2019-10-08,8228.783203125,178.1105194091797
2019-10-09,8595.740234375,179.84913635253906
2019-10-10,8586.4736328125,181.241943359375
2019-10-11,8321.7568359375,183.57620239257812
2019-10-12,8336.5556640625,
2019-10-13,8321.005859375,
2019-10-14,8374.6865234375,183.55699157714844
2019-10-15,8205.369140625,185.89120483398438
2019-10-16,8047.52685546875,185.4300994873047
2019-10-17,8103.9111328125,185.9200439453125
2019-10-18,7973.20751953125,184.13331604003906
2019-10-19,7988.560546875,
2019-10-20,8222.078125,
2019-10-21,8243.720703125,185.76632690429688
2019-10-22,8078.203125,184.28704833984375
2019-10-23,7514.671875,184.64244079589844
2019-10-24,7493.48876953125,186.43875122070312
2019-10-25,8660.7001953125,187.9276123046875
2019-10-26,9244.97265625,
2019-10-27,9551.71484375,
2019-10-28,9256.1484375,189.7815704345703
2019-10-29,9427.6875,188.31187438964844
2019-10-30,9205.7265625,189.22439575195312
2019-10-31,9199.5849609375,189.31085205078125
2019-11-01,9261.1044921875,191.03028869628906
2019-11-02,9324.7177734375,
2019-11-03,9235.3544921875,
2019-11-04,9412.6123046875,192.21182250976562
2019-11-05,9342.52734375,192.31747436523438
2019-11-06,9360.8798828125,191.88522338867188
2019-11-07,9267.5615234375,192.52877807617188
2019-11-08,8804.880859375,193.2972412109375
2019-11-09,8813.58203125,
2019-11-10,9055.5263671875,
2019-11-11,8757.7880859375,193.03794860839844
2019-11-12,8815.662109375,193.5950164794922
2019-11-13,8808.2626953125,193.6431121826172
2019-11-14,8708.0947265625,193.48941040039062
2019-11-15,8491.9921875,194.91099548339844
2019-11-16,8550.7607421875,
2019-11-17,8577.9755859375,
2019-11-18,8309.2861328125,195.06472778320312
2019-11-19,8206.1455078125,195.35289001464844
2019-11-20,8027.26806640625,194.1809539794922
2019-11-21,7642.75,193.74868774414062
2019-11-22,7296.57763671875,193.87355041503906
2019-11-23,7397.796875,
2019-11-24,7047.9169921875,
2019-11-25,7146.1337890625,196.16940307617188
2019-11-26,7218.37109375,196.5440216064453
2019-11-27,7531.66357421875,197.91766357421875
2019-11-28,7463.10595703125,
2019-11-29,7761.24365234375,197.01466369628906
2019-11-30,7569.6298828125,
2019-12-01,7424.29248046875,
2019-12-02,7321.98828125,194.9974822998047
2019-12-03,7320.1455078125,193.47018432617188
2019-12-04,7252.03466796875,194.44996643066406
2019-12-05,7448.3076171875,194.83416748046875
2019-12-06,7546.99658203125,196.91864013671875
2019-12-07,7556.23779296875,
2019-12-08,7564.34521484375,
2019-12-09,7400.8994140625,196.0253143310547
2019-12-10,7278.11962890625,195.86196899414062
2019-12-11,7217.42724609375,196.8994140625
2019-12-12,7243.13427734375,198.369140625
2019-12-13,7269.6845703125,199.02230834960938
2019-12-14,7124.673828125,
2019-12-15,7152.3017578125,
2019-12-16,6932.48046875,201.0203094482422
2019-12-17,6640.51513671875,201.13558959960938
2019-12-18,7276.802734375,201.28927612304688
2019-12-19,7202.84423828125,202.54762268066406
2019-12-20,7218.81640625,203.36412048339844
2019-12-21,7191.15869140625,
2019-12-22,7511.5888671875,
2019-12-23,7355.62841796875,203.90127563476562
2019-12-24,7322.5322265625,204.00721740722656
2019-12-25,7275.15576171875,
2019-12-26,7238.966796875,205.807373046875
2019-12-27,7290.08837890625,205.63406372070312
2019-12-28,7317.990234375,
2019-12-29,7422.65283203125,
2019-12-30,7292.9951171875,204.286376953125
2019-12-31,7193.59912109375,204.6714324951172
2020-01-01,7200.17431640625,
2020-01-02,6985.47021484375,208.0888671875
2020-01-03,7344.88427734375,206.18280029296875
2020-01-04,7410.65673828125,
2020-01-05,7411.3173828125,
2020-01-06,7769.21923828125,207.51126098632812
2020-01-07,8163.6923828125,207.4823760986328
2020-01-08,8079.86279296875,209.04190063476562
2020-01-09,7879.0712890625,210.81321716308594
2020-01-10,8166.55419921875,210.2740936279297
2020-01-11,8037.53759765625,
2020-01-12,8192.494140625,
2020-01-13,8144.1943359375,212.6999969482422
2020-01-14,8827.7646484375,211.8625030517578
2020-01-15,8807.0107421875,211.94918823242188
2020-01-16,8723.7861328125,213.98033142089844
2020-01-17,8929.0380859375,215.039306640625
2020-01-18,8942.80859375,
2020-01-19,8706.2451171875,
2020-01-20,8657.642578125,
2020-01-21,8745.89453125,214.94305419921875
2020-01-22,8680.8759765625,215.510986328125
2020-01-23,8406.515625,216.20411682128906
2020-01-24,8445.4345703125,214.38470458984375
2020-01-25,8367.84765625,
2020-01-26,8596.830078125,
2020-01-27,8909.8193359375,209.95643615722656
2020-01-28,9358.58984375,213.1813507080078
2020-01-29,9316.6298828125,213.5279083251953
2020-01-30,9508.9931640625,214.2884063720703
2020-01-31,9350.529296875,210.89019775390625
2020-02-01,9392.875,
2020-02-02,9344.365234375,
2020-02-03,9293.521484375,214.0766143798828
2020-02-04,9180.962890625,218.9765625
2020-02-05,9613.423828125,219.69854736328125
2020-02-06,9729.8017578125,221.59500122070312
2020-02-07,9795.943359375,220.64198303222656
2020-02-08,9865.119140625,
2020-02-09,10116.673828125,
2020-02-10,9856.611328125,223.30856323242188
2020-02-11,10208.236328125,223.3470458984375
2020-02-12,10326.0546875,225.522705078125
2020-02-13,10214.3798828125,225.23385620117188
2020-02-14,10312.1162109375,225.87884521484375
2020-02-15,9889.4248046875,
2020-02-16,9934.43359375,
2020-02-17,9690.142578125,
2020-02-18,10141.99609375,225.96551513671875
2020-02-19,9633.38671875,228.13145446777344
2020-02-20,9608.4755859375,226.01364135742188
2020-02-21,9686.44140625,221.67201232910156
2020-02-22,9663.181640625,
2020-02-23,9924.515625,
2020-02-24,9650.1748046875,213.1236114501953
2020-02-25,9341.705078125,207.328369140625
2020-02-26,8820.5224609375,208.3968963623047
2020-02-27,8784.494140625,197.96168518066406
2020-02-28,8672.455078125,198.11569213867188
2020-02-29,8599.5087890625,
2020-03-01,8562.4541015625,
2020-03-02,8869.669921875,208.3391571044922
2020-03-03,8787.7861328125,201.65829467773438
2020-03-04,8755.24609375,210.07192993164062
2020-03-05,9078.7626953125,203.68946838378906
2020-03-06,9122.5458984375,200.25277709960938
2020-03-07,8909.9541015625,
2020-03-08,8108.1162109375,
2020-03-09,7923.64453125,186.34239196777344
2020-03-10,7909.7294921875,196.48876953125
2020-03-11,7911.43017578125,187.93075561523438
2020-03-12,4970.7880859375,170.69911193847656
2020-03-13,5563.70703125,185.15826416015625
2020-03-14,5200.3662109375,
2020-03-15,5392.31494140625,
2020-03-16,5014.47998046875,162.97860717773438
2020-03-17,5225.62939453125,175.3391571044922
2020-03-18,5238.4384765625,170.00601196289062
2020-03-19,6191.19287109375,171.02638244628906
2020-03-20,6198.7783203125,164.32627868652344
2020-03-21,6185.06640625,
2020-03-22,5830.2548828125,
2020-03-23,6416.31494140625,164.4449462890625
2020-03-24,6734.8037109375,177.1791534423828
2020-03-25,6681.06298828125,175.86715698242188
2020-03-26,6716.4404296875,185.1283721923828
2020-03-27,6469.79833984375,178.76129150390625
2020-03-28,6242.19384765625,
2020-03-29,5922.04296875,
2020-03-30,6429.841796875,185.26344299316406
2020-03-31,6438.64453125,183.68130493164062
2020-04-01,6606.7763671875,175.8767547607422
2020-04-02,6793.62451171875,179.44622802734375
2020-04-03,6733.38720703125,176.8993682861328
2020-04-04,6867.52734375,
2020-04-05,6791.12939453125,
2020-04-06,7271.78125,189.54676818847656
2020-04-07,7176.41455078125,189.4696044921875
2020-04-08,7334.0986328125,193.4924774169922
2020-04-09,7302.08935546875,193.772216796875
2020-04-10,6865.4931640625,
2020-04-11,6859.0830078125,
2020-04-12,6971.091796875,
2020-04-13,6845.03759765625,195.86563110351562
2020-04-14,6842.427734375,204.3840789794922
2020-04-15,6642.10986328125,202.039794921875
2020-04-16,7116.80419921875,205.72499084472656
2020-04-17,7096.1845703125,207.69302368164062
2020-04-18,7257.6650390625,
2020-04-19,7189.4248046875,
2020-04-20,6881.95849609375,205.23297119140625
2020-04-21,6880.3232421875,197.6600341796875
2020-04-22,7117.20751953125,203.52545166015625
2020-04-23,7429.724609375,203.09133911132812
2020-04-24,7550.90087890625,206.2941436767578
2020-04-25,7569.93603515625,
2020-04-26,7679.8671875,
2020-04-27,7795.60107421875,207.9534912109375
2020-04-28,7807.05859375,204.03677368164062
2020-04-29,8801.0380859375,211.27210998535156
2020-04-30,8658.5537109375,211.185302734375
2020-05-01,8864.7666015625,205.23297119140625
2020-05-02,8988.5966796875,
2020-05-03,8897.46875,
2020-05-04,8912.654296875,207.62548828125
2020-05-05,9003.0703125,209.9794158935547
2020-05-06,9268.76171875,211.27210998535156
2020-05-07,9951.5185546875,213.9925994873047
2020-05-08,9842.666015625,216.92530822753906
2020-05-09,9593.896484375,
2020-05-10,8756.4306640625,
2020-05-11,8601.7958984375,218.86439514160156
2020-05-12,8804.4775390625,214.281982421875
2020-05-13,9269.9873046875,211.60008239746094
2020-05-14,9733.7216796875,214.0022430419922
2020-05-15,9328.197265625,215.39144897460938
2020-05-16,9377.013671875,
2020-05-17,9670.7392578125,
2020-05-18,9726.5751953125,219.4046173095703
2020-05-19,9729.0380859375,218.85470581054688
2020-05-20,9522.9814453125,223.2248992919922
2020-05-21,9081.76171875,220.7938232421875
2020-05-22,9182.5771484375,221.55592346191406
2020-05-23,9209.287109375,
2020-05-24,8790.3681640625,
2020-05-25,8906.9345703125,
2020-05-26,8835.052734375,220.95779418945312
2020-05-27,9181.017578125,222.16368103027344
2020-05-28,9525.7509765625,221.87432861328125
2020-05-29,9439.1240234375,225.12539672851562
2020-05-30,9700.4140625,
2020-05-31,9461.05859375,
2020-06-01,10167.2685546875,225.80068969726562
2020-06-02,9529.8037109375,227.31527709960938
2020-06-03,9656.7177734375,228.33787536621094
2020-06-04,9800.63671875,226.73641967773438
2020-06-05,9665.533203125,231.2319793701172
2020-06-06,9653.6796875,
2020-06-07,9758.8525390625,
2020-06-08,9771.4892578125,233.02635192871094
2020-06-09,9795.7001953125,234.71461486816406
2020-06-10,9870.0947265625,237.53155517578125
2020-06-11,9321.78125,225.76206970214844
2020-06-12,9480.84375,227.55645751953125
2020-06-13,9475.27734375,
2020-06-14,9386.7880859375,
2020-06-15,9450.7021484375,230.3251953125
2020-06-16,9538.0244140625,234.28050231933594
2020-06-17,9480.2548828125,235.02333068847656
2020-06-18,9411.8408203125,235.6600341796875
2020-06-19,9288.0185546875,235.62139892578125
2020-06-20,9332.3408203125,
2020-06-21,9303.6298828125,
2020-06-22,9648.7177734375,238.44715881347656
2020-06-23,9629.658203125,240.4766082763672
2020-06-24,9313.6103515625,235.5189971923828
2020-06-25,9264.8134765625,237.7610626220703
2020-06-26,9162.91796875,232.14630126953125
2020-06-27,9045.390625,
2020-06-28,9143.58203125,
2020-06-29,9190.8544921875,234.67822265625
2020-06-30,9137.9931640625,239.27828979492188
2020-07-01,9228.3251953125,242.07115173339844
2020-07-02,9123.41015625,243.71400451660156
2020-07-03,9087.3037109375,
2020-07-04,9132.48828125,
2020-07-05,9073.9423828125,
2020-07-06,9375.474609375,249.7056427001953
2020-07-07,9252.27734375,247.98541259765625
2020-07-08,9428.3330078125,251.2517852783203
2020-07-09,9277.9677734375,253.3682403564453
2020-07-10,9278.8076171875,255.0980682373047
2020-07-11,9240.3466796875,
2020-07-12,9276.5,
2020-07-13,9243.6142578125,249.8505859375
2020-07-14,9243.2138671875,251.6190948486328
2020-07-15,9192.8369140625,252.1312255859375
2020-07-16,9132.2275390625,250.41107177734375
2020-07-17,9151.392578125,250.70101928710938
2020-07-18,9159.0400390625,
2020-07-19,9185.8173828125,
2020-07-20,9164.2314453125,257.8135681152344
2020-07-21,9374.8876953125,255.12705993652344
2020-07-22,9525.36328125,256.02581787109375
2020-07-23,9581.072265625,249.33840942382812
2020-07-24,9536.892578125,246.97068786621094
2020-07-25,9677.11328125,
2020-07-26,9905.1669921875,
2020-07-27,10990.873046875,251.37747192382812
2020-07-28,10912.8232421875,248.1787567138672
2020-07-29,11100.4677734375,251.03921508789062
2020-07-30,11111.2138671875,252.353515625
2020-07-31,11323.466796875,256.8569030761719
2020-08-01,11759.5927734375,
2020-08-02,11053.6142578125,
2020-08-03,11246.3486328125,260.3263244628906
2020-08-04,11205.892578125,261.2926025390625
2020-08-05,11747.0224609375,261.9400634765625
2020-08-06,11779.7734375,265.4094543457031
2020-08-07,11601.47265625,262.3460388183594
2020-08-08,11754.0458984375,
2020-08-09,11675.7392578125,
2020-08-10,11878.111328125,261.22503662109375
2020-08-11,11410.525390625,256.2770690917969
2020-08-12,11584.9345703125,262.7228698730469
2020-08-13,11784.1376953125,263.3221435546875
2020-08-14,11768.87109375,263.0127868652344
2020-08-15,11865.6982421875,
2020-08-16,11892.8037109375,
2020-08-17,12254.40234375,266.0665588378906
2020-08-18,11991.2333984375,268.6275634765625
2020-08-19,11758.283203125,266.82049560546875
2020-08-20,11878.3720703125,270.5216064453125
2020-08-21,11592.4892578125,272.396484375
2020-08-22,11681.8251953125,
2020-08-23,11664.84765625,
2020-08-24,11774.595703125,274.0972900390625
2020-08-25,11366.134765625,276.2523498535156
2020-08-26,11488.36328125,282.1473693847656
2020-08-27,11323.3974609375,281.2679443359375
2020-08-28,11542.5,282.6982421875
2020-08-29,11506.865234375,
2020-08-30,11711.505859375,
2020-08-31,11680.8203125,284.9692077636719
2020-09-01,11970.478515625,289.83984375
2020-09-02,11414.0341796875,292.58441162109375
2020-09-03,10245.296875,277.7503662109375
2020-09-04,10511.8134765625,274.04901123046875
2020-09-05,10169.5673828125,
2020-09-06,10280.3515625,
2020-09-07,10369.5634765625,
2020-09-08,10131.5166015625,260.8770751953125
2020-09-09,10242.34765625,268.54058837890625
2020-09-10,10363.138671875,263.186767578125
2020-09-11,10400.9150390625,261.36029052734375
2020-09-12,10442.1708984375,
2020-09-13,10323.755859375,
2020-09-14,10680.837890625,265.91204833984375
2020-09-15,10796.951171875,269.68096923828125
2020-09-16,10974.9052734375,265.38055419921875
2020-09-17,10948.990234375,261.23468017578125
2020-09-18,10944.5859375,257.9006042480469
2020-09-19,11094.3466796875,
2020-09-20,10938.271484375,
2020-09-21,10462.259765625,258.5191345214844
2020-09-22,10538.4599609375,263.3221435546875
2020-09-23,10246.1865234375,255.2816619873047
2020-09-24,10760.06640625,256.4704284667969
2020-09-25,10692.716796875,262.4329528808594
2020-09-26,10750.7236328125,
2020-09-27,10775.26953125,
2020-09-28,10709.65234375,267.8834533691406
2020-09-29,10844.640625,266.67547607421875
2020-09-30,10784.4912109375,268.5018310546875
2020-10-01,10619.4521484375,272.7637023925781
2020-10-02,10575.974609375,265.0905456542969
2020-10-03,10549.3291015625,
2020-10-04,10669.5830078125,
2020-10-05,10793.33984375,270.74395751953125
2020-10-06,10604.40625,265.91204833984375
2020-10-07,10668.96875,270.5120849609375
2020-10-08,10915.685546875,271.95184326171875
2020-10-09,11064.4580078125,276.10736083984375
2020-10-10,11296.361328125,
2020-10-11,11384.181640625,
2020-10-12,11555.36328125,284.6309509277344
2020-10-13,11425.8994140625,284.621337890625
2020-10-14,11429.5068359375,282.2439880371094
2020-10-15,11495.349609375,280.34991455078125
2020-10-16,11322.123046875,278.8133544921875
2020-10-17,11358.1015625,
2020-10-18,11483.359375,
2020-10-19,11742.037109375,274.2616271972656
2020-10-20,11916.3349609375,274.85107421875
2020-10-21,12823.689453125,274.6384582519531
2020-10-22,12965.8916015625,274.62884521484375
2020-10-23,12931.5390625,275.1699523925781
2020-10-24,13108.0625,
2020-10-25,13031.173828125,
2020-10-26,13075.248046875,271.04351806640625
2020-10-27,13654.21875,273.15997314453125
2020-10-28,13271.28515625,262.51025390625
2020-10-29,13437.8828125,267.10064697265625
2020-10-30,13546.5224609375,260.3263244628906
2020-10-31,13780.9951171875,
2020-11-01,13737.109375,
2020-11-02,13550.4892578125,260.9060974121094
2020-11-03,13950.30078125,265.4191589355469
2020-11-04,14133.70703125,277.2670593261719
2020-11-05,15579.8486328125,284.4956970214844
2020-11-06,15565.880859375,284.70831298828125
2020-11-07,14833.75390625,
2020-11-08,15479.5673828125,
2020-11-09,15332.3154296875,278.890625
2020-11-10,15290.90234375,273.8944091796875
2020-11-11,15701.33984375,280.0213317871094
2020-11-12,16276.34375,278.7069396972656
2020-11-13,16317.80859375,281.1519470214844
2020-11-14,16068.138671875,
2020-11-15,15955.587890625,
2020-11-16,16716.111328125,283.3456726074219
2020-11-17,17645.40625,282.4469299316406
2020-11-18,17804.005859375,280.3595275878906
2020-11-19,17817.08984375,282.5532531738281
2020-11-20,18621.314453125,280.6204833984375
2020-11-21,18642.232421875,
2020-11-22,18370.001953125,
2020-11-23,18364.12109375,280.6300964355469
2020-11-24,19107.46484375,284.5730895996094
2020-11-25,18732.12109375,286.3221130371094
2020-11-26,17150.623046875,
2020-11-27,17108.40234375,288.9603576660156
2020-11-28,17717.4140625,
2020-11-29,18177.484375,
2020-11-30,19625.8359375,289.5498962402344
2020-12-01,18802.998046875,293.2608642578125
2020-12-02,19201.091796875,293.63775634765625
2020-12-03,19445.3984375,294.0531921386719
2020-12-04,18699.765625,295.2515563964844
2020-12-05,19154.23046875,
2020-12-06,19345.12109375,
2020-12-07,19191.630859375,296.92340087890625
2020-12-08,18321.14453125,297.9284362792969
2020-12-09,18553.916015625,291.18310546875
2020-12-10,18264.9921875,292.35235595703125
2020-12-11,18058.904296875,291.70501708984375
2020-12-12,18803.65625,
2020-12-13,19142.3828125,
2020-12-14,19246.64453125,293.8214416503906
2020-12-15,19417.076171875,296.9621276855469
2020-12-16,21310.59765625,298.5953063964844
2020-12-17,22805.162109375,300.5473937988281
2020-12-18,23137.9609375,299.6390075683594
2020-12-19,23869.83203125,
2020-12-20,23477.294921875,
2020-12-21,22803.08203125,299.07843017578125
2020-12-22,23783.029296875,299.8916320800781
2020-12-23,23241.345703125,298.38140869140625
2020-12-24,23735.94921875,299.6980895996094
2020-12-25,24664.791015625,
2020-12-26,26437.037109375,
2020-12-27,26272.294921875,
2020-12-28,27084.80859375,302.7187194824219
2020-12-29,27362.4375,302.98974609375
2020-12-30,28840.953125,302.9994201660156
2020-12-31,29001.720703125,303.7449035644531
2021-01-01,29374.15234375,
2021-01-02,32127.267578125,
2021-01-03,32782.0234375,
2021-01-04,31971.9140625,299.4559631347656
2021-01-05,33992.4296875,301.9247131347656
2021-01-06,36824.36328125,297.7424011230469
2021-01-07,39371.04296875,304.94537353515625
2021-01-08,40797.609375,308.8663635253906
2021-01-09,40254.546875,
2021-01-10,38356.44140625,
2021-01-11,35566.65625,304.40325927734375
2021-01-12,33922.9609375,303.9190979003906
2021-01-13,37316.359375,305.97161865234375
2021-01-14,39187.328125,304.33538818359375
2021-01-15,36825.3671875,301.9247131347656
2021-01-16,36178.140625,
2021-01-17,35791.27734375,
2021-01-18,36630.07421875,
2021-01-19,36069.8046875,306.3298034667969
2021-01-20,35547.75,313.4553527832031
2021-01-21,30825.69921875,315.96282958984375
2021-01-22,33005.76171875,315.052734375
2021-01-23,32067.642578125,
2021-01-24,32289.37890625,
2021-01-25,32366.392578125,317.6571350097656
2021-01-26,32569.849609375,318.12176513671875
2021-01-27,30432.546875,309.25360107421875
2021-01-28,33466.09765625,311.0833740234375
2021-01-29,34316.38671875,304.5387878417969
2021-01-30,34269.5234375,
2021-01-31,33114.359375,
2021-02-01,33537.17578125,312.1484375
2021-02-02,35510.2890625,317.24078369140625
2021-02-03,37472.08984375,315.9822082519531
2021-02-04,36926.06640625,319.71929931640625
2021-02-05,38144.30859375,320.8035888671875
2021-02-06,39266.01171875,
2021-02-07,38903.44140625,
2021-02-08,46196.46484375,322.9527893066406
2021-02-09,46481.10546875,322.8851013183594
2021-02-10,44918.18359375,322.1492614746094
2021-02-11,47909.33203125,323.9208984375
2021-02-12,47504.8515625,325.73138427734375
2021-02-13,47105.515625,
2021-02-14,48717.2890625,
2021-02-15,47945.05859375,
2021-02-16,49199.87109375,324.8504638671875
2021-02-17,52149.0078125,323.2916564941406
2021-02-18,51679.796875,321.8781433105469
2021-02-19,55888.1328125,320.474365234375
2021-02-20,56099.51953125,
2021-02-21,57539.9453125,
2021-02-22,54207.3203125,312.1676940917969
2021-02-23,48824.42578125,311.2382507324219
2021-02-24,49705.33203125,313.80389404296875
2021-02-25,47093.8515625,302.8639221191406
2021-02-26,46339.76171875,304.1321105957031
2021-02-27,46188.453125,
2021-02-28,45137.76953125,
2021-03-01,49631.2421875,313.2810974121094
2021-03-02,48378.98828125,308.25640869140625
2021-03-03,50538.2421875,299.3107604980469
2021-03-04,48561.16796875,294.41204833984375
2021-03-05,48927.3046875,298.8461608886719
2021-03-06,48912.3828125,
2021-03-07,51206.69140625,
2021-03-08,52246.5234375,290.384521484375
2021-03-09,54824.1171875,301.837646484375
2021-03-10,56008.55078125,300.9759826660156
2021-03-11,57805.12109375,307.9079895019531
2021-03-12,57332.08984375,305.41015625
2021-03-13,61243.0859375,
2021-03-14,59302.31640625,
2021-03-15,55907.19921875,308.6727600097656
2021-03-16,56804.90234375,310.36700439453125
2021-03-17,58870.89453125,311.6448974609375
2021-03-18,57858.921875,302.09906005859375
2021-03-19,58346.65234375,303.16400146484375
2021-03-20,58313.64453125,
2021-03-21,57523.421875,
2021-03-22,54529.14453125,308.84930419921875
2021-03-23,54738.9453125,307.501953125
2021-03-24,52774.265625,302.3157958984375
2021-03-25,51704.16015625,301.79229736328125
2021-03-26,55137.3125,306.3192443847656
2021-03-27,55973.51171875,
2021-03-28,55950.74609375,
2021-03-29,57750.19921875,306.2320556640625
2021-03-30,58917.69140625,304.6908264160156
2021-03-31,58918.83203125,309.3533935546875
2021-04-01,59095.80859375,314.62677001953125
2021-04-02,59384.3125,
2021-04-03,57603.890625,
2021-04-04,58758.5546875,
2021-04-05,59057.87890625,320.9082946777344
2021-04-06,58192.359375,320.685302734375
2021-04-07,56048.9375,321.4608154296875
2021-04-08,58323.953125,324.8147888183594
2021-04-09,58245.00390625,326.7825622558594
2021-04-10,59793.234375,
2021-04-11,60204.96484375,
2021-04-12,59893.453125,326.35614013671875
2021-04-13,63503.45703125,330.1656799316406
2021-04-14,63109.6953125,326.20098876953125
2021-04-15,63314.01171875,331.1446838378906
2021-04-16,61572.7890625,331.5325622558594
2021-04-17,60683.8203125,
2021-04-18,56216.18359375,
2021-04-19,55724.265625,328.4983825683594
2021-04-20,56473.03125,326.10406494140625
2021-04-21,53906.08984375,328.89581298828125
2021-04-22,51762.2734375,324.9311218261719
2021-04-23,51093.65234375,329.0218505859375
2021-04-24,50050.8671875,
2021-04-25,49004.25390625,
2021-04-26,54021.75390625,331.1640930175781
2021-04-27,55033.1171875,329.72943115234375
2021-04-28,54824.703125,328.61468505859375
2021-04-29,53555.109375,329.79736328125
2021-04-30,57750.17578125,327.6356201171875
2021-05-01,57828.05078125,
2021-05-02,56631.078125,
2021-05-03,57200.29296875,325.8907470703125
2021-05-04,53333.5390625,320.0260925292969
2021-05-05,57424.0078125,318.95013427734375
2021-05-06,56396.515625,321.3541259765625
2021-05-07,57356.40234375,323.96173095703125
2021-05-08,58803.77734375,
2021-05-09,58232.31640625,
2021-05-10,55859.796875,315.7802734375
2021-05-11,56704.57421875,315.3441162109375
2021-05-12,49150.53515625,307.1820983886719
2021-05-13,49716.19140625,309.5569763183594
2021-05-14,49880.53515625,316.3910217285156
2021-05-15,46760.1875,
2021-05-16,46456.05859375,
2021-05-17,43537.51171875,314.4715881347656
2021-05-18,42909.40234375,312.3487548828125
2021-05-19,37002.44140625,312.7074890136719
2021-05-20,40782.73828125,318.7562255859375
2021-05-21,37304.69140625,316.99200439453125
2021-05-22,37536.6328125,
2021-05-23,34770.58203125,
2021-05-24,38705.98046875,322.3235778808594
2021-05-25,38402.22265625,322.7693786621094
2021-05-26,39294.19921875,323.89385986328125
2021-05-27,38436.96875,322.68218994140625
2021-05-28,35697.60546875,323.6999816894531
2021-05-29,34616.06640625,
2021-05-30,35678.12890625,
2021-05-31,37332.85546875,
2021-06-01,36684.92578125,322.6240234375
2021-06-02,37575.1796875,323.25408935546875
2021-06-03,39208.765625,319.8904113769531
2021-06-04,36894.40625,325.31878662109375
2021-06-05,35551.95703125,
2021-06-06,35862.37890625,
2021-06-07,33560.70703125,326.2882385253906
2021-06-08,33472.6328125,326.4433288574219
2021-06-09,37345.12109375,326.5208435058594
2021-06-10,36702.59765625,329.92333984375
2021-06-11,37334.3984375,330.7860412597656
2021-06-12,35552.515625,
2021-06-13,39097.859375,
2021-06-14,40218.4765625,333.9559631347656
2021-06-15,40406.26953125,331.77484130859375
2021-06-16,38347.0625,330.5631103515625
2021-06-17,38053.50390625,334.7604675292969
2021-06-18,35787.24609375,332.13348388671875
2021-06-19,35615.87109375,
2021-06-20,35698.296875,
2021-06-21,31676.693359375,334.19769287109375
2021-06-22,32505.66015625,337.31298828125
2021-06-23,33723.02734375,337.47802734375
2021-06-24,34662.4375,339.5645446777344
2021-06-25,31637.779296875,339.147216796875
2021-06-26,32186.27734375,
2021-06-27,34649.64453125,
2021-06-28,34434.3359375,343.27178955078125
2021-06-29,35867.77734375,344.5140075683594
2021-06-30,35040.8359375,343.9705505371094
2021-07-01,33572.1171875,344.10638427734375
2021-07-02,33897.046875,348.056396484375
2021-07-03,34668.546875,
2021-07-04,35287.78125,
2021-07-05,33746.00390625,
2021-07-06,34235.1953125,349.5605163574219
2021-07-07,33855.328125,350.29815673828125
2021-07-08,32877.37109375,348.18243408203125
2021-07-09,33798.01171875,350.3563232421875
2021-07-10,33520.51953125,
2021-07-11,34240.1875,
2021-07-12,33155.84765625,351.7247619628906
2021-07-13,32702.025390625,351.7247619628906
2021-07-14,32822.34765625,352.35552978515625
2021-07-15,31780.73046875,349.88079833984375
2021-07-16,31421.5390625,347.0470275878906
2021-07-17,31533.068359375,
2021-07-18,31796.810546875,
2021-07-19,30817.83203125,344.20343017578125
2021-07-20,29807.34765625,348.201904296875
2021-07-21,32110.693359375,350.89013671875
2021-07-22,32313.10546875,353.2095642089844
2021-07-23,33581.55078125,357.3341979980469
2021-07-24,34292.4453125,
2021-07-25,35350.1875,
2021-07-26,37337.53515625,357.6155700683594
2021-07-27,39406.94140625,353.6754455566406
2021-07-28,39995.90625,355.0341796875
2021-07-29,40008.421875,355.6648864746094
2021-07-30,42235.546875,353.8112487792969
2021-07-31,41626.1953125,
2021-08-01,39974.89453125,
2021-08-02,39201.9453125,353.84039306640625
2021-08-03,38152.98046875,355.985107421875
2021-08-04,39747.50390625,356.49945068359375
2021-08-05,40869.5546875,358.7608337402344
2021-08-06,42816.5,357.1886901855469
2021-08-07,44555.80078125,
2021-08-08,43798.1171875,
2021-08-09,46365.40234375,357.8485107421875
2021-08-10,45585.03125,356.01434326171875
2021-08-11,45593.63671875,355.4028625488281
2021-08-12,44428.2890625,356.68402099609375
2021-08-13,47793.3203125,357.9359130859375
2021-08-14,47096.9453125,
2021-08-15,47047.00390625,
2021-08-16,46004.484375,358.0911865234375
2021-08-17,44695.359375,354.9370422363281
2021-08-18,44801.1875,351.5209045410156
2021-08-19,46717.578125,353.21929931640625
2021-08-20,49339.17578125,356.8780517578125
2021-08-21,48905.4921875,
2021-08-22,49321.65234375,
2021-08-23,49546.1484375,362.2156677246094
2021-08-24,47706.1171875,363.3221130371094
2021-08-25,48960.7890625,363.7394104003906
2021-08-26,46942.21875,361.4295654296875
2021-08-27,49058.66796875,364.9427795410156
2021-08-28,48902.40234375,
2021-08-29,48829.83203125,
2021-08-30,47054.984375,369.0382385253906
2021-08-31,47166.6875,368.73736572265625
2021-09-01,48847.02734375,369.3487548828125
2021-09-02,49327.72265625,369.1740417480469
2021-09-03,50025.375,370.30963134765625
2021-09-04,49944.625,
2021-09-05,51753.41015625,
2021-09-06,52633.53515625,
2021-09-07,46811.12890625,370.8336486816406
2021-09-08,46091.390625,369.5429382324219
2021-09-09,46391.421875,368.27154541015625
2021-09-10,44883.91015625,365.4765625
2021-09-11,45201.45703125,
2021-09-12,46063.26953125,
2021-09-13,44963.07421875,365.2242126464844
2021-09-14,47092.4921875,364.18572998046875
2021-09-15,48176.34765625,366.89349365234375
2021-09-16,47783.359375,367.1457824707031
2021-09-17,47267.51953125,362.79803466796875
2021-09-18,48278.36328125,
2021-09-19,47260.21875,
2021-09-20,42843.80078125,355.3014221191406
2021-09-21,40693.67578125,355.7386474609375
2021-09-22,43574.5078125,359.0614013671875
2021-09-23,44895.09765625,362.3744812011719
2021-09-24,42839.75,362.7144470214844
2021-09-25,42716.59375,
2021-09-26,43208.5390625,
2021-09-27,42235.73046875,359.8193054199219
2021-09-28,41034.54296875,349.63720703125
2021-09-29,41564.36328125,349.0639343261719
2021-09-30,43790.89453125,347.7815246582031
2021-10-01,48116.94140625,349.9383850097656
2021-10-02,47711.48828125,
2021-10-03,48199.953125,
2021-10-04,49112.90234375,342.5933837890625
2021-10-05,51514.8125,347.2180480957031
2021-10-06,55361.44921875,349.4429016113281
2021-10-07,53805.984375,352.6490783691406
2021-10-08,53967.84765625,350.8905029296875
2021-10-09,54968.22265625,
2021-10-10,54771.578125,
2021-10-11,57484.7890625,348.19927978515625
2021-10-12,56041.05859375,346.9848327636719
2021-10-13,57401.09765625,349.7635192871094
2021-10-14,57321.5234375,356.2049865722656
2021-10-15,61593.94921875,358.44927978515625
2021-10-16,60892.1796875,
2021-10-17,61553.6171875,
2021-10-18,62026.078125,362.0538330078125
2021-10-19,64261.9921875,364.79364013671875
2021-10-20,65992.8359375,364.3175354003906
2021-10-21,62210.171875,366.54241943359375
2021-10-22,60692.265625,363.4625244140625
2021-10-23,61393.6171875,
2021-10-24,60930.8359375,
2021-10-25,63039.82421875,367.1836853027344
2021-10-26,60363.79296875,368.33978271484375
2021-10-27,58482.38671875,369.1947937011719
2021-10-28,60622.13671875,373.2948303222656
2021-10-29,62227.96484375,375.1310119628906
2021-10-30,61888.83203125,
2021-10-31,61318.95703125,
2021-11-01,61004.40625,376.4134826660156
2021-11-02,63226.40234375,377.9874267578125
2021-11-03,62970.046875,382.0000305175781
2021-11-04,61452.23046875,386.8967590332031
2021-11-05,61125.67578125,387.2659606933594
2021-11-06,61527.48046875,
2021-11-07,63326.98828125,
2021-11-08,67566.828125,386.74127197265625
2021-11-09,66971.828125,384.07916259765625
2021-11-10,64995.23046875,378.4344177246094
2021-11-11,64949.9609375,379.4836730957031
2021-11-12,64155.94140625,383.4767761230469
2021-11-13,64469.52734375,
2021-11-14,65466.83984375,
2021-11-15,63557.87109375,383.3893737792969
2021-11-16,60161.24609375,386.11944580078125
2021-11-17,60368.01171875,386.323486328125
2021-11-18,56942.13671875,390.32635498046875
2021-11-19,58119.578125,392.5026550292969
2021-11-20,59697.1953125,
2021-11-21,58730.4765625,
2021-11-22,56289.2890625,387.9460754394531
2021-11-23,57569.07421875,386.177734375
2021-11-24,56280.42578125,387.4213562011719
2021-11-25,57274.6796875,
2021-11-26,53569.765625,380.0763244628906
2021-11-27,54815.078125,
2021-11-28,57248.45703125,
2021-11-29,57806.56640625,388.32489013671875
2021-11-30,57005.42578125,382.62188720703125
2021-12-01,57229.828125,376.11236572265625
2021-12-02,56477.81640625,378.8230285644531
2021-12-03,53598.24609375,372.23577880859375
2021-12-04,49200.703125,
2021-12-05,49368.84765625,
2021-12-06,50582.625,375.218505859375
2021-12-07,50700.0859375,386.5178527832031
2021-12-08,50504.796875,388.24713134765625
2021-12-09,47672.12109375,382.5343933105469
2021-12-10,47243.3046875,386.6927185058594
2021-12-11,49362.5078125,
2021-12-12,50098.3359375,
2021-12-13,46737.48046875,381.10614013671875
2021-12-14,46612.6328125,377.16162109375
2021-12-15,48896.72265625,385.760009765625
2021-12-16,47665.42578125,375.84027099609375
2021-12-17,46202.14453125,373.9652404785156
2021-12-18,46848.77734375,
2021-12-19,46707.015625,
2021-12-20,46880.27734375,370.3375549316406
2021-12-21,48936.61328125,378.6259460449219
2021-12-22,48628.51171875,383.23699951171875
2021-12-23,50784.5390625,386.12628173828125
2021-12-24,50822.1953125,
2021-12-25,50429.859375,
2021-12-26,50809.515625,
2021-12-27,50640.41796875,392.5078125
2021-12-28,47588.85546875,390.688720703125
2021-12-29,46444.7109375,390.6302795410156
2021-12-30,47178.125,389.4629821777344
2021-12-31,46306.4453125,387.03094482421875
2022-01-01,47686.8125,
2022-01-02,47345.21875,
2022-01-03,46458.1171875,390.75677490234375
2022-01-04,45897.57421875,385.6883544921875
2022-01-05,43569.00390625,373.83978271484375
2022-01-06,43160.9296875,373.57696533203125
2022-01-07,41557.90234375,369.53009033203125
2022-01-08,41733.94140625,
2022-01-09,41911.6015625,
2022-01-10,41821.26171875,369.7733154296875
2022-01-11,42735.85546875,375.3280944824219
2022-01-12,43949.1015625,376.81640625
2022-01-13,42591.5703125,367.38995361328125
2022-01-14,43099.69921875,369.67608642578125
2022-01-15,43177.3984375,
2022-01-16,43113.87890625,
2022-01-17,42250.55078125,
2022-01-18,42375.6328125,360.4733581542969
2022-01-19,41744.328125,356.5140075683594
2022-01-20,40680.41796875,351.8834533691406
2022-01-21,36457.31640625,342.1261291503906
2022-01-22,35030.25,
2022-01-23,36276.8046875,
2022-01-24,36654.328125,343.69244384765625
2022-01-25,36954.00390625,335.7252197265625
2022-01-26,36852.12109375,335.1998291015625
2022-01-27,37138.234375,331.8242492675781
2022-01-28,37784.33203125,342.2332458496094
2022-01-29,38138.1796875,
2022-01-30,37917.6015625,
2022-01-31,38483.125,353.17718505859375
2022-02-01,38743.2734375,355.58013916015625
2022-02-02,36952.984375,358.4693603515625
2022-02-03,37154.6015625,343.9356689453125
2022-02-04,41500.875,348.27435302734375
2022-02-05,41441.1640625,
2022-02-06,42412.43359375,
2022-02-07,43840.28515625,345.4726867675781
2022-02-08,44118.4453125,349.3541259765625
2022-02-09,44338.796875,356.7571716308594
2022-02-10,43565.11328125,348.6829528808594
2022-02-11,42407.9375,337.6221008300781
2022-02-12,42244.46875,
2022-02-13,42197.515625,
2022-02-14,42586.91796875,338.0404357910156
2022-02-15,44575.203125,346.44549560546875
2022-02-16,43961.859375,346.35791015625
2022-02-17,40538.01171875,336.055908203125
2022-02-18,40030.9765625,332.2229919433594
2022-02-19,40122.15625,
2022-02-20,38431.37890625,
2022-02-21,37075.28125,
2022-02-22,38286.02734375,328.8863525390625
2022-02-23,37296.5703125,320.4617919921875
2022-02-24,38332.609375,331.2308044433594
2022-02-25,39214.21875,336.3671875
2022-02-26,39105.1484375,
2022-02-27,37709.78515625,
2022-02-28,43193.234375,337.36920166015625
2022-03-01,44354.63671875,332.2035827636719
2022-03-02,43924.1171875,337.7777099609375
2022-03-03,42451.7890625,332.9526062011719
2022-03-04,39137.60546875,328.1274719238281
2022-03-05,39400.5859375,
2022-03-06,38419.984375,
2022-03-07,38062.0390625,316.02581787109375
2022-03-08,38737.26953125,314.556884765625
2022-03-09,41982.92578125,325.88037109375
2022-03-10,39437.4609375,322.2615051269531
2022-03-11,38794.97265625,315.5783386230469
2022-03-12,38904.01171875,
2022-03-13,37849.6640625,
2022-03-14,39666.75390625,309.51776123046875
2022-03-15,39338.78515625,319.2263488769531
2022-03-16,41143.9296875,331.0654296875
2022-03-17,40951.37890625,335.07330322265625
2022-03-18,41801.15625,341.931640625
2022-03-19,42190.65234375,
2022-03-20,41247.82421875,
2022-03-21,41077.99609375,340.9810485839844
2022-03-22,42358.80859375,347.6822204589844
2022-03-23,42892.95703125,342.6855163574219
2022-03-24,43960.93359375,350.30230712890625
2022-03-25,44348.73046875,350.0101318359375
2022-03-26,44500.828125,
2022-03-27,46820.4921875,
2022-03-28,47128.00390625,355.4256286621094
2022-03-29,47465.73046875,361.54229736328125
2022-03-30,47062.6640625,357.54888916015625
2022-03-31,45538.67578125,353.1172180175781
2022-04-01,46281.64453125,352.4450988769531
2022-04-02,45868.94921875,
2022-04-03,46453.56640625,
2022-04-04,46622.67578125,359.7014465332031
2022-04-05,45555.9921875,351.7146301269531
2022-04-06,43206.73828125,344.078369140625
2022-04-07,43503.84765625,344.8965759277344
2022-04-08,42287.6640625,340.0752258300781
2022-04-09,42782.13671875,
2022-04-10,42207.671875,
2022-04-11,39521.90234375,332.0298767089844
2022-04-12,40127.18359375,330.6272888183594
2022-04-13,41166.73046875,337.3479309082031
2022-04-14,39935.515625,329.6337890625
2022-04-15,40553.46484375,
2022-04-16,40424.484375,
2022-04-17,39716.953125,
2022-04-18,40826.21484375,329.8870544433594
2022-04-19,41502.75,337.26031494140625
2022-04-20,41374.37890625,332.3415832519531
2022-04-21,40527.36328125,325.46502685546875
2022-04-22,39740.3203125,316.9425048828125
2022-04-23,39486.73046875,
2022-04-24,39469.29296875,
2022-04-25,40458.30859375,321.01385498046875
2022-04-26,38117.4609375,308.8971862792969
2022-04-27,39241.12109375,308.52703857421875
2022-04-28,39773.828125,319.4846496582031
2022-04-29,38609.82421875,305.10821533203125
2022-04-30,37714.875,
2022-05-01,38469.09375,
2022-05-02,38529.328125,310.202392578125
2022-05-03,37750.453125,310.5335388183594
2022-05-04,39698.37109375,321.03326416015625
2022-05-05,36575.140625,304.8647766113281
2022-05-06,36040.921875,301.21221923828125
2022-05-07,35501.953125,
2022-05-08,34059.265625,
2022-05-09,30296.953125,289.4267272949219
2022-05-10,31022.90625,292.94287109375
2022-05-11,28936.35546875,284.2547302246094
2022-05-12,29047.751953125,283.58270263671875
2022-05-13,29283.103515625,294.09222412109375
2022-05-14,30101.265625,
2022-05-15,31305.11328125,
2022-05-16,29862.91796875,290.6832275390625
2022-05-17,30425.857421875,298.2123107910156
2022-05-18,28720.271484375,283.5729675292969
2022-05-19,30314.333984375,282.05352783203125
2022-05-20,29200.740234375,281.1768493652344
2022-05-21,29432.2265625,
2022-05-22,30323.72265625,
2022-05-23,29098.91015625,285.8521728515625
2022-05-24,29655.5859375,279.7742919921875
2022-05-25,29562.361328125,283.6899108886719
2022-05-26,29267.224609375,291.55010986328125
2022-05-27,28627.57421875,301.0661315917969
2022-05-28,28814.900390625,
2022-05-29,29445.95703125,
2022-05-30,31726.390625,
2022-05-31,31792.310546875,300.2674560546875
2022-06-01,29799.080078125,298.0467529296875
2022-06-02,30467.48828125,306.20892333984375
2022-06-03,29704.390625,298.2414855957031
2022-06-04,29832.9140625,
2022-06-05,29906.662109375,
2022-06-06,31370.671875,299.2349853515625
2022-06-07,31155.478515625,301.816162109375
2022-06-08,30214.35546875,299.6440124511719
2022-06-09,30111.998046875,291.6182861328125
2022-06-10,29083.8046875,281.3326721191406
2022-06-11,28360.810546875,
2022-06-12,26762.6484375,
2022-06-13,22487.388671875,268.25177001953125
2022-06-14,22206.79296875,268.73876953125
2022-06-15,22572.83984375,275.44964599609375
2022-06-16,20381.650390625,264.3362731933594
2022-06-17,20471.482421875,267.5505676269531
2022-06-18,19017.642578125,
2022-06-19,20553.271484375,
2022-06-20,20599.537109375,
2022-06-21,20710.59765625,274.3006896972656
2022-06-22,19987.029296875,273.90057373046875
2022-06-23,21085.876953125,277.9797668457031
2022-06-24,21231.65625,287.5044250488281
2022-06-25,21502.337890625,
2022-06-26,21027.294921875,
2022-06-27,20735.478515625,285.3964538574219
2022-06-28,20280.634765625,276.70135498046875
2022-06-29,20104.0234375,276.9550476074219
2022-06-30,19784.7265625,273.51995849609375
2022-07-01,19269.3671875,275.3253173828125
2022-07-02,19242.255859375,
2022-07-03,19297.076171875,
2022-07-04,20231.26171875,
2022-07-05,20190.115234375,280.0388488769531
2022-07-06,20548.24609375,281.8345031738281
2022-07-07,21637.587890625,287.8653869628906
2022-07-08,21731.1171875,288.2265319824219
2022-07-09,21592.20703125,
2022-07-10,20860.44921875,
2022-07-11,19970.556640625,282.0687255859375
2022-07-12,19323.9140625,279.33624267578125
2022-07-13,20212.07421875,278.760498046875
2022-07-14,20569.919921875,279.7558288574219
2022-07-15,20836.328125,284.8304443359375
2022-07-16,21190.31640625,
2022-07-17,20779.34375,
2022-07-18,22485.689453125,282.419921875
2022-07-19,23389.43359375,291.1053466796875
2022-07-20,23231.732421875,295.7212829589844
2022-07-21,23164.62890625,299.96636962890625
2022-07-22,22714.978515625,294.7063293457031
2022-07-23,22465.478515625,
2022-07-24,22609.1640625,
2022-07-25,21361.701171875,293.02777099609375
2022-07-26,21239.75390625,287.2701721191406
2022-07-27,22930.548828125,299.41009521484375
2022-07-28,23843.88671875,302.3377380371094
2022-07-29,23804.6328125,307.8514404296875
2022-07-30,23656.20703125,
2022-07-31,23336.896484375,
2022-08-01,23314.19921875,307.666015625
2022-08-02,22978.1171875,306.7487487792969
2022-08-03,22846.5078125,315.102294921875
2022-08-04,22630.95703125,316.5758972167969
2022-08-05,23289.314453125,313.98974609375
2022-08-06,22961.279296875,
2022-08-07,23175.890625,
2022-08-08,23809.486328125,312.9748229980469
2022-08-09,23164.318359375,309.4324645996094
2022-08-10,23947.642578125,318.0689697265625
2022-08-11,23957.529296875,316.2635192871094
2022-08-12,24402.818359375,322.4214172363281
2022-08-13,24424.068359375,
2022-08-14,24319.333984375,
2022-08-15,24136.97265625,325.02691650390625
2022-08-16,23883.291015625,324.2657165527344
2022-08-17,23335.998046875,320.5672302246094
2022-08-18,23212.73828125,321.33819580078125
2022-08-19,20877.552734375,315.0730285644531
2022-08-20,21166.060546875,
2022-08-21,21534.12109375,
2022-08-22,21398.908203125,306.7779541015625
2022-08-23,21528.087890625,306.5242919921875
2022-08-24,21395.01953125,307.412353515625
2022-08-25,21600.904296875,312.8479919433594
2022-08-26,20260.01953125,300.0249328613281
2022-08-27,20041.73828125,
2022-08-28,19616.814453125,
2022-08-29,20297.994140625,297.0680236816406
2022-08-30,19796.80859375,293.7597351074219
2022-08-31,20049.763671875,292.052001953125
2022-09-01,20127.140625,292.1788330078125
2022-09-02,19969.771484375,288.05078125
2022-09-03,19832.087890625,
2022-09-04,19986.712890625,
2022-09-05,19812.37109375,
2022-09-06,18837.66796875,285.98193359375
2022-09-07,19290.32421875,291.7591552734375
2022-09-08,19329.833984375,293.2718505859375
2022-09-09,21381.15234375,299.6833801269531
2022-09-10,21680.5390625,
2022-09-11,21769.255859375,
2022-09-12,22370.44921875,303.2452697753906
2022-09-13,20296.70703125,286.61627197265625
2022-09-14,20241.08984375,288.89007568359375
2022-09-15,19701.2109375,284.07904052734375
2022-09-16,19772.583984375,282.3419189453125
2022-09-17,20127.576171875,
2022-09-18,19419.505859375,
2022-09-19,19544.12890625,284.54058837890625
2022-09-20,18890.7890625,282.2725524902344
2022-09-21,18547.400390625,277.2181701660156
2022-09-22,19413.55078125,273.80621337890625
2022-09-23,19297.638671875,269.34820556640625
2022-09-24,18937.01171875,
2022-09-25,18802.09765625,
2022-09-26,19222.671875,268.233642578125
2022-09-27,19110.546875,268.3412170410156
2022-09-28,19426.720703125,273.6791076660156
2022-09-29,19573.05078125,265.7895812988281
2022-09-30,19431.7890625,261.28271484375
2022-10-01,19312.095703125,
2022-10-02,19044.107421875,
2022-10-03,19623.580078125,267.41241455078125
2022-10-04,20336.84375,275.820068359375
2022-10-05,20160.716796875,275.673583984375
2022-10-06,19955.443359375,273.5031433105469
2022-10-07,19546.849609375,263.08154296875
2022-10-08,19416.568359375,
2022-10-09,19446.42578125,
2022-10-10,19141.484375,260.45166015625
2022-10-11,19051.41796875,256.87353515625
2022-10-12,19157.4453125,256.7856140136719
2022-10-13,19382.904296875,262.80792236328125
2022-10-14,19185.65625,254.9084930419922
2022-10-15,19067.634765625,
2022-10-16,19268.09375,
2022-10-17,19550.7578125,263.32598876953125
2022-10-18,19334.416015625,265.4083557128906
2022-10-19,19139.53515625,264.4404296875
2022-10-20,19053.740234375,263.09136962890625
2022-10-21,19172.46875,269.26019287109375
2022-10-22,19208.189453125,
2022-10-23,19567.0078125,
2022-10-24,19345.572265625,272.222412109375
2022-10-25,20095.857421875,277.85357666015625
2022-10-26,20770.44140625,271.7140808105469
2022-10-27,20285.8359375,266.7672119140625
2022-10-28,20595.3515625,274.9305419921875
2022-10-29,20818.4765625,
2022-10-30,20635.603515625,
2022-10-31,20495.7734375,271.7336730957031
2022-11-01,20485.2734375,268.95709228515625
2022-11-02,20159.50390625,259.73809814453125
2022-11-03,20209.98828125,254.66409301757812
2022-11-04,21147.23046875,258.7603759765625
2022-11-05,21282.69140625,
2022-11-06,20926.486328125,
2022-11-07,20602.81640625,261.6053466796875
2022-11-08,18541.271484375,263.51177978515625
2022-11-09,15880.7802734375,257.4308166503906
2022-11-10,17586.771484375,276.4263000488281
2022-11-11,17034.29296875,281.5197448730469
2022-11-12,16799.185546875,
2022-11-13,16353.365234375,
2022-11-14,16618.19921875,279.0560302734375
2022-11-15,16884.61328125,282.91778564453125
2022-11-16,16669.439453125,279.0560302734375
2022-11-17,16687.517578125,278.440185546875
2022-11-18,16697.77734375,278.4499816894531
2022-11-19,16711.546875,
2022-11-20,16291.83203125,
2022-11-21,15787.2841796875,275.5854187011719
2022-11-22,16189.76953125,279.55474853515625
2022-11-23,16610.70703125,282.3605041503906
2022-11-24,16604.46484375,
2022-11-25,16521.841796875,280.5030212402344
2022-11-26,16464.28125,
2022-11-27,16444.626953125,
2022-11-28,16217.322265625,276.3871154785156
2022-11-29,16444.982421875,274.2950134277344
2022-11-30,17168.56640625,286.79901123046875
2022-12-01,16967.1328125,287.15093994140625
2022-12-02,17088.66015625,286.0071105957031
2022-12-03,16908.236328125,
2022-12-04,17130.486328125,
2022-12-05,16974.826171875,281.2068786621094
2022-12-06,17089.50390625,275.3801574707031
2022-12-07,16848.126953125,274.25592041015625
2022-12-08,17233.474609375,277.50164794921875
2022-12-09,17133.15234375,275.7321472167969
2022-12-10,17128.724609375,
2022-12-11,17104.193359375,
2022-12-12,17206.4375,279.1929016113281
2022-12-13,17781.318359375,282.1943054199219
2022-12-14,17815.650390625,280.1021728515625
2022-12-15,17364.865234375,270.6973876953125
2022-12-16,16647.484375,268.1163635253906
2022-12-17,16795.091796875,
2022-12-18,16757.9765625,
2022-12-19,16439.6796875,264.3483581542969
2022-12-20,16906.3046875,264.14263916015625
2022-12-21,16817.53515625,267.97430419921875
2022-12-22,16830.341796875,261.4183044433594
2022-12-23,16796.953125,262.0061950683594
2022-12-24,16847.755859375,
2022-12-25,16841.986328125,
2022-12-26,16919.8046875,
2022-12-27,16717.173828125,258.3019714355469
2022-12-28,16552.572265625,254.8916778564453
2022-12-29,16642.341796875,261.10467529296875
2022-12-30,16602.5859375,260.9478454589844
2022-12-31,16547.49609375,
2023-01-01,16625.080078125,
2023-01-02,16688.470703125,
2023-01-03,16679.857421875,259.18389892578125
2023-01-04,16863.23828125,260.4186706542969
2023-01-05,16836.736328125,256.3420104980469
2023-01-06,16951.96875,263.4173889160156
2023-01-07,16955.078125,
2023-01-08,17091.14453125,
2023-01-09,17196.5546875,265.1225280761719
2023-01-10,17446.29296875,267.36663818359375
2023-01-11,17934.896484375,271.9921569824219
2023-01-12,18869.587890625,273.46209716796875
2023-01-13,19909.57421875,275.34375
2023-01-14,20976.298828125,
2023-01-15,20880.798828125,
2023-01-16,21169.6328125,
2023-01-17,21161.51953125,275.9023132324219
2023-01-18,20688.78125,272.3155517578125
2023-01-19,21086.79296875,269.6402282714844
2023-01-20,22676.552734375,277.0194396972656
2023-01-21,22777.625,
2023-01-22,22720.416015625,
2023-01-23,22934.431640625,283.17364501953125
2023-01-24,22636.46875,282.59552001953125
2023-01-25,23117.859375,281.96832275390625
2023-01-26,23032.77734375,287.4660339355469
2023-01-27,23078.728515625,290.3274841308594
2023-01-28,23031.08984375,
2023-01-29,23774.56640625,
2023-01-30,22840.138671875,284.45745849609375
2023-01-31,23139.283203125,288.7203369140625
2023-02-01,23723.76953125,294.8941650390625
2023-02-02,23471.87109375,305.4779357910156
2023-02-03,23449.322265625,300.0488586425781
2023-02-04,23331.84765625,
2023-02-05,22955.666015625,
2023-02-06,22760.109375,297.5107421875
2023-02-07,23264.291015625,303.6747741699219
2023-02-08,22939.3984375,298.2750244140625
2023-02-09,21819.0390625,295.6389465332031
2023-02-10,21651.18359375,293.69866943359375
2023-02-11,21870.875,
2023-02-12,21788.203125,
2023-02-13,21808.1015625,298.40252685546875
2023-02-14,22220.8046875,300.607421875
2023-02-15,24307.841796875,302.9104309082031
2023-02-16,23623.474609375,297.2265930175781
2023-02-17,24565.6015625,295.1293640136719
2023-02-18,24641.27734375,
2023-02-19,24327.642578125,
2023-02-20,24829.1484375,
2023-02-21,24436.353515625,288.14215087890625
2023-02-22,24188.84375,288.35772705078125
2023-02-23,23947.4921875,290.8762512207031
2023-02-24,23198.126953125,286.0058288574219
2023-02-25,23175.375,
2023-02-26,23561.212890625,
2023-02-27,23522.87109375,288.0540466308594
2023-02-28,23147.353515625,287.68157958984375
2023-03-01,23646.55078125,285.3688049316406
2023-03-02,23475.466796875,287.7305603027344
2023-03-03,22362.6796875,293.6790466308594
2023-03-04,22353.349609375,
2023-03-05,22435.513671875,
2023-03-06,22429.7578125,294.0122985839844
2023-03-07,22219.76953125,290.40594482421875
2023-03-08,21718.080078125,291.8562316894531
2023-03-09,20363.021484375,286.79962158203125
2023-03-10,20187.244140625,282.7718811035156
2023-03-11,20632.41015625,
2023-03-12,22163.94921875,
2023-03-13,24197.533203125,284.86907958984375
2023-03-14,24746.07421875,291.415283203125
2023-03-15,24375.9609375,292.9440002441406
2023-03-16,25052.7890625,300.6662292480469
2023-03-17,27423.9296875,299.2452392578125
2023-03-18,26965.87890625,
2023-03-19,28038.67578125,
2023-03-20,27767.236328125,300.3072814941406
2023-03-21,28175.81640625,304.59637451171875
2023-03-22,27307.4375,300.4544677734375
2023-03-23,28333.97265625,304.017333984375
2023-03-24,27493.28515625,305.1362609863281
2023-03-25,27494.70703125,
2023-03-26,27994.330078125,
2023-03-27,27139.888671875,303.0456237792969
2023-03-28,27268.130859375,301.4360046386719
2023-03-29,28348.44140625,306.93231201171875
2023-03-30,28033.5625,309.83758544921875
2023-03-31,28478.484375,314.9903564453125
2023-04-01,28411.03515625,
2023-04-02,28199.30859375,
2023-04-03,27790.220703125,314.224853515625
2023-04-04,28168.08984375,313.1648254394531
2023-04-05,28177.984375,310.0731506347656
2023-04-06,28044.140625,312.1636657714844
2023-04-07,27925.859375,
2023-04-08,27947.794921875,
2023-04-09,28333.05078125,
2023-04-10,29652.98046875,311.987060546875
2023-04-11,30235.05859375,309.9847412109375
2023-04-12,30139.052734375,307.2464599609375
2023-04-13,30399.06640625,313.26300048828125
2023-04-14,30485.69921875,312.67413330078125
2023-04-15,30318.49609375,
2023-04-16,30315.35546875,
2023-04-17,29445.044921875,312.9391174316406
2023-04-18,30397.552734375,312.9587097167969
2023-04-19,28822.6796875,312.8115234375
2023-04-20,28245.98828125,310.42645263671875
2023-04-21,27276.91015625,310.7503662109375
2023-04-22,27817.5,
2023-04-23,27591.384765625,
2023-04-24,27525.33984375,310.10260009765625
2023-04-25,28307.59765625,304.25286865234375
2023-04-26,28422.701171875,306.09808349609375
2023-04-27,29473.787109375,314.421142578125
2023-04-28,29340.26171875,316.59027099609375
2023-04-29,29248.48828125,
2023-04-30,29268.806640625,
2023-05-01,28091.568359375,316.22705078125
2023-05-02,28680.537109375,313.4691467285156
2023-05-03,29006.30859375,311.41778564453125
2023-05-04,28847.7109375,310.3185729980469
2023-05-05,29534.384765625,316.9142150878906
2023-05-06,28904.623046875,
2023-05-07,28454.978515625,
2023-05-08,27694.2734375,317.69927978515625
2023-05-09,27658.775390625,315.68731689453125
2023-05-10,27621.755859375,319.12249755859375
2023-05-11,27000.7890625,320.162841796875
2023-05-12,26804.990234375,319.0145568847656
2023-05-13,26784.078125,
2023-05-14,26930.638671875,
2023-05-15,27192.693359375,320.7419738769531
2023-05-16,27036.650390625,321.1051330566406
2023-05-17,27398.802734375,324.9917907714844
2023-05-18,26832.208984375,331.0279541015625
2023-05-19,26890.12890625,330.28204345703125
2023-05-20,27129.5859375,
2023-05-21,26753.826171875,
2023-05-22,26851.27734375,331.39117431640625
2023-05-23,27225.7265625,327.19036865234375
2023-05-24,26334.818359375,325.5119934082031
2023-05-25,26476.20703125,333.43267822265625
2023-05-26,26719.291015625,341.95196533203125
2023-05-27,26868.353515625,
2023-05-28,28085.646484375,
2023-05-29,27745.884765625,
2023-05-30,27702.349609375,343.5027770996094
2023-05-31,27219.658203125,341.549560546875
2023-06-01,26819.97265625,345.4952697753906
2023-06-02,27249.58984375,348.0863342285156
2023-06-03,27075.12890625,
2023-06-04,27119.06640625,
2023-06-05,25760.09765625,348.3316955566406
2023-06-06,27238.783203125,348.2728576660156
2023-06-07,26345.998046875,342.3642578125
2023-06-08,26508.216796875,346.614013671875
2023-06-09,26480.375,347.9391174316406
2023-06-10,25851.240234375,
2023-06-11,25940.16796875,
2023-06-12,25902.5,353.8182678222656
2023-06-13,25918.728515625,356.53704833984375
2023-06-14,25124.67578125,359.1280822753906
2023-06-15,25576.39453125,363.4074401855469
2023-06-16,26327.462890625,361.12054443359375
2023-06-17,26510.67578125,
2023-06-18,26336.212890625,
2023-06-19,26851.029296875,
2023-06-20,28327.48828125,360.60357666015625
2023-06-21,30027.296875,355.6894226074219
2023-06-22,29912.28125,359.88616943359375
2023-06-23,30695.46875,356.31842041015625
2023-06-24,30548.6953125,
2023-06-25,30480.26171875,
2023-06-26,30271.130859375,351.54180908203125
2023-06-27,30688.1640625,357.5863037109375
2023-06-28,30086.24609375,358.2840881347656
2023-06-29,30445.3515625,357.56658935546875
2023-06-30,30477.251953125,363.0802917480469
2023-07-01,30590.078125,
2023-07-02,30620.76953125,
2023-07-03,31156.439453125,363.9354248046875
2023-07-04,30777.58203125,
2023-07-05,30514.166015625,363.92559814453125
2023-07-06,29909.337890625,361.1539306640625
2023-07-07,30342.265625,359.95489501953125
2023-07-08,30292.541015625,
2023-07-09,30171.234375,
2023-07-10,30414.470703125,360.0728454589844
2023-07-11,30620.951171875,361.8517761230469
2023-07-12,30391.646484375,366.4219665527344
2023-07-13,31476.048828125,372.64337158203125
2023-07-14,30334.068359375,372.564697265625
2023-07-15,30295.806640625,
2023-07-16,30249.1328125,
2023-07-17,30145.888671875,376.04400634765625
2023-07-18,29856.5625,379.1202697753906
2023-07-19,29913.923828125,379.03179931640625
2023-07-20,29792.015625,370.29437255859375
2023-07-21,29908.744140625,369.1837463378906
2023-07-22,29771.802734375,
2023-07-23,30084.5390625,
2023-07-24,29176.916015625,369.7735290527344
2023-07-25,29227.390625,372.2796936035156
2023-07-26,29354.97265625,371.0412902832031
2023-07-27,29210.689453125,370.15673828125
2023-07-28,29319.24609375,376.8990478515625
2023-07-29,29356.91796875,
2023-07-30,29275.30859375,
2023-07-31,29230.111328125,377.0956115722656
2023-08-01,29675.732421875,376.22088623046875
2023-08-02,29151.958984375,367.965087890625
2023-08-03,29178.6796875,367.3753662109375
2023-08-04,29074.091796875,365.6553955078125
2023-08-05,29042.126953125,
2023-08-06,29041.85546875,
2023-08-07,29180.578125,368.7513122558594
2023-08-08,29765.4921875,365.61602783203125
2023-08-09,29561.494140625,361.5962829589844
2023-08-10,29429.591796875,362.26458740234375
2023-08-11,29397.71484375,359.95489501953125
2023-08-12,29415.96484375,
2023-08-13,29282.9140625,
2023-08-14,29408.443359375,363.9944152832031
2023-08-15,29170.34765625,360.1318054199219
2023-08-16,28701.779296875,356.31842041015625
2023-08-17,26664.55078125,352.4263000488281
2023-08-18,26049.556640625,351.984130859375
2023-08-19,26096.205078125,
2023-08-20,26189.583984375,
2023-08-21,26124.140625,357.6550598144531
2023-08-22,26031.65625,357.1439514160156
2023-08-23,26431.640625,362.775634765625
2023-08-24,26162.373046875,355.02105712890625
2023-08-25,26047.66796875,357.77301025390625
2023-08-26,26008.462890625,
2023-08-27,26089.693359375,
2023-08-28,26106.150390625,360.46600341796875
2023-08-29,27727.392578125,368.3385009765625
2023-08-30,27297.265625,370.3926696777344
2023-08-31,25931.47265625,371.5032958984375
2023-09-01,25800.724609375,371.1101379394531
2023-09-02,25868.798828125,
2023-09-03,25969.56640625,
2023-09-04,25812.416015625,
2023-09-05,25779.982421875,371.5819091796875
2023-09-06,25753.236328125,368.3090515136719
2023-09-07,26240.1953125,365.675048828125
2023-09-08,25905.654296875,366.18609619140625
2023-09-09,25895.677734375,
2023-09-10,25832.2265625,
2023-09-11,25162.654296875,370.500732421875
2023-09-12,25833.34375,366.39251708984375
2023-09-13,26228.32421875,367.7880859375
2023-09-14,26539.673828125,370.7956848144531
2023-09-15,26608.693359375,364.446533203125
2023-09-16,26568.28125,
2023-09-17,26534.1875,
2023-09-18,26754.28125,364.82635498046875
2023-09-19,27211.1171875,364.0488586425781
2023-09-20,27132.0078125,358.802734375
2023-09-21,26567.6328125,352.22784423828125
2023-09-22,26579.568359375,352.277099609375
2023-09-23,26579.390625,
2023-09-24,26256.826171875,
2023-09-25,26298.48046875,353.95037841796875
2023-09-26,26217.25,348.63525390625
2023-09-27,26352.716796875,349.4522705078125
2023-09-28,27021.546875,352.37548828125
2023-09-29,26911.720703125,352.63140869140625
2023-09-30,26967.916015625,
2023-10-01,27983.75,
2023-10-02,27530.78515625,355.5743103027344
2023-10-03,27429.978515625,349.33416748046875
2023-10-04,27799.39453125,354.088134765625
2023-10-05,27415.912109375,353.0447692871094
2023-10-06,27946.59765625,358.9602355957031
2023-10-07,27968.83984375,
2023-10-08,27935.08984375,
2023-10-09,27583.677734375,360.7908935546875
2023-10-10,27391.01953125,362.7890319824219
2023-10-11,26873.3203125,365.3775329589844
2023-10-12,26756.798828125,364.10791015625
2023-10-13,26862.375,359.5310363769531
2023-10-14,26861.70703125,
2023-10-15,27159.65234375,
2023-10-16,28519.466796875,363.5960388183594
2023-10-17,28415.748046875,362.4051818847656
2023-10-18,28328.341796875,357.651123046875
2023-10-19,28719.806640625,354.3046875
2023-10-20,29682.94921875,349.0191650390625
2023-10-21,29918.412109375,
2023-10-22,29993.896484375,
2023-10-23,33086.234375,350.0723571777344
2023-10-24,33901.52734375,353.4778747558594
2023-10-25,34502.8203125,344.82623291015625
2023-10-26,34156.6484375,338.25128173828125
2023-10-27,33909.80078125,339.8753662109375
2023-10-28,34089.57421875,
2023-10-29,34538.48046875,
2023-10-30,34502.36328125,343.70416259765625
2023-10-31,34667.78125,345.34783935546875
2023-11-01,35437.25390625,351.3420104980469
2023-11-02,34938.2421875,357.7200012207031
2023-11-03,34732.32421875,361.9228210449219
2023-11-04,35082.1953125,
2023-11-05,35049.35546875,
2023-11-06,35037.37109375,363.399169921875
2023-11-07,35443.5625,366.8343200683594
2023-11-08,35655.27734375,367.0705261230469
2023-11-09,36693.125,364.2456970214844
2023-11-10,37313.96875,372.4347229003906
2023-11-11,37138.05078125,
2023-11-12,37054.51953125,
2023-11-13,36502.35546875,371.2733154296875
2023-11-14,35537.640625,379.2654724121094
2023-11-15,37880.58203125,379.55096435546875
2023-11-16,36154.76953125,379.87579345703125
2023-11-17,36596.68359375,379.96435546875
2023-11-18,36585.703125,
2023-11-19,37386.546875,
2023-11-20,37476.95703125,384.5904235839844
2023-11-21,35813.8125,382.3561096191406
2023-11-22,37432.33984375,383.92108154296875
2023-11-23,37289.62109375,
2023-11-24,37720.28125,383.3797912597656
2023-11-25,37796.79296875,
2023-11-26,37479.12109375,
2023-11-27,37254.16796875,383.0450744628906
2023-11-28,37831.0859375,384.04901123046875
2023-11-29,37858.4921875,383.675048828125
2023-11-30,37712.74609375,382.7104797363281
2023-12-01,38688.75,383.80291748046875
2023-12-02,39476.33203125,
2023-12-03,39978.390625,
2023-12-04,41980.09765625,380.23992919921875
2023-12-05,44080.6484375,381.1946716308594
2023-12-06,43746.4453125,378.9899597167969
2023-12-07,43292.6640625,384.2852783203125
2023-12-08,44166.6015625,385.9978332519531
2023-12-09,43725.984375,
2023-12-10,43779.69921875,
2023-12-11,41243.83203125,389.295166015625
2023-12-12,41450.22265625,392.3955383300781
2023-12-13,42890.7421875,397.38580322265625
2023-12-14,43023.97265625,397.0413513183594
2023-12-15,41929.7578125,398.9606018066406
2023-12-16,42240.1171875,
2023-12-17,41364.6640625,
2023-12-18,42623.5390625,401.4735107421875
2023-12-19,42270.52734375,403.5248718261719
2023-12-20,43652.25,397.528564453125
2023-12-21,43869.15234375,402.1540222167969
2023-12-22,43997.90234375,402.7556457519531
2023-12-23,43739.54296875,
2023-12-24,43016.1171875,
2023-12-25,43613.140625,
2023-12-26,42520.40234375,405.22119140625
2023-12-27,43442.85546875,406.0461120605469
2023-12-28,42627.85546875,405.84869384765625
2023-12-29,42099.40234375,404.0923156738281
2023-12-30,42156.90234375,
2023-12-31,42265.1875,
2024-01-01,44167.33203125,
2024-01-02,44957.96875,397.2541809082031
2024-01-03,42848.17578125,393.0506591796875
2024-01-04,44179.921875,391.0278015136719
2024-01-05,44162.69140625,391.49163818359375
2024-01-06,43989.1953125,
2024-01-07,43943.09765625,
2024-01-08,46970.50390625,399.5828857421875
2024-01-09,46139.73046875,400.3723449707031
2024-01-10,46627.77734375,403.0858154296875
2024-01-11,46368.5859375,403.9245910644531
2024-01-12,42853.16796875,404.1318054199219
2024-01-13,42842.3828125,
2024-01-14,41796.26953125,
2024-01-15,42511.96875,
2024-01-16,43154.9453125,404.0923156738281
2024-01-17,42742.65234375,401.81298828125
2024-01-18,41262.05859375,407.51629638671875
2024-01-19,41618.40625,415.5977478027344
2024-01-20,41665.5859375,
2024-01-21,41545.78515625,
2024-01-22,39507.3671875,416.1405334472656
2024-01-23,39845.55078125,417.8673095703125
2024-01-24,40077.07421875,420.1861267089844
2024-01-25,39933.80859375,420.6993103027344
2024-01-26,41816.87109375,418.1929626464844
2024-01-27,42120.0546875,
2024-01-28,42035.59375,
2024-01-29,43288.24609375,422.4754333496094
2024-01-30,42952.609375,419.6631774902344
2024-01-31,42582.60546875,411.443603515625
2024-02-01,43075.7734375,416.28857421875
2024-02-02,43185.859375,423.32403564453125
2024-02-03,42992.25,
2024-02-04,42583.58203125,
2024-02-05,42658.66796875,422.7714538574219
2024-02-06,43084.671875,421.9228820800781
2024-02-07,44318.22265625,426.2644958496094
2024-02-08,45301.56640625,427.053955078125
2024-02-09,47147.19921875,431.2574157714844
2024-02-10,47771.27734375,
2024-02-11,48293.91796875,
2024-02-12,49958.22265625,429.57012939453125
2024-02-13,49742.44140625,422.8701171875
2024-02-14,51826.6953125,427.4782409667969
2024-02-15,51938.5546875,428.7511291503906
2024-02-16,52160.203125,424.86334228515625
2024-02-17,51662.99609375,
2024-02-18,52122.546875,
2024-02-19,51779.14453125,
2024-02-20,52284.875,421.6564636230469
2024-02-21,51839.1796875,419.96905517578125
2024-02-22,51304.97265625,432.2640075683594
2024-02-23,50731.94921875,430.9910583496094
2024-02-24,51571.1015625,
2024-02-25,51733.23828125,
2024-02-26,54522.40234375,430.7640075683594
2024-02-27,57085.37109375,431.8001708984375
2024-02-28,62504.7890625,429.5010070800781
2024-02-29,61198.3828125,433.181640625
2024-03-01,62440.6328125,439.7039794921875
2024-03-02,62029.84765625,
2024-03-03,63167.37109375,
2024-03-04,68330.4140625,438.13507080078125
2024-03-05,63801.19921875,430.27069091796875
2024-03-06,66106.8046875,432.97442626953125
2024-03-07,66925.484375,439.5461730957031
2024-03-08,68300.09375,433.20135498046875
2024-03-09,68498.8828125,
2024-03-10,69019.7890625,
2024-03-11,72123.90625,431.59295654296875
2024-03-12,71481.2890625,437.7798767089844
2024-03-13,73083.5,434.4150390625
2024-03-14,71396.59375,433.3197937011719
2024-03-15,69403.7734375,428.1689758300781
2024-03-16,65315.1171875,
2024-03-17,68390.625,
2024-03-18,67548.59375,432.2525634765625
2024-03-19,61912.7734375,433.3295593261719
2024-03-20,67913.671875,438.4674072265625
2024-03-21,65491.390625,440.54229736328125
2024-03-22,63778.76171875,441.0462646484375
2024-03-23,64062.203125,
2024-03-24,67234.171875,
2024-03-25,69958.8125,439.44561767578125
2024-03-26,69987.8359375,438.0227966308594
2024-03-27,69455.34375,439.51470947265625
2024-03-28,70744.953125,438.7044982910156
2024-03-29,69892.828125,
2024-03-30,69645.3046875,
2024-03-31,71333.6484375,
2024-04-01,69702.1484375,439.63336181640625
2024-04-02,65446.97265625,435.8392333984375
2024-04-03,65980.8125,436.8173828125
2024-04-04,68508.84375,430.1381530761719
2024-04-05,67837.640625,435.2068786621094
2024-04-06,68896.109375,
2024-04-07,69362.5546875,
2024-04-08,71631.359375,435.3352966308594
2024-04-09,69139.015625,436.9458312988281
2024-04-10,70587.8828125,433.1319885253906
2024-04-11,70060.609375,440.0483093261719
2024-04-12,67195.8671875,433.03314208984375
2024-04-13,63821.47265625,
2024-04-14,65738.7265625,
2024-04-15,63426.2109375,425.9092712402344
2024-04-16,63811.86328125,425.94879150390625
2024-04-17,61276.69140625,420.75164794921875
2024-04-18,63512.75390625,418.3507080078125
2024-04-19,63843.5703125,409.69537353515625
2024-04-20,64994.44140625,
2024-04-21,64926.64453125,
2024-04-22,66837.6796875,413.8155517578125
2024-04-23,66407.2734375,419.9908752441406
2024-04-24,64276.8984375,421.41363525390625
2024-04-25,64481.70703125,419.3782653808594
2024-04-26,63755.3203125,425.85003662109375
2024-04-27,63419.140625,
2024-04-28,63113.23046875,
2024-04-29,63841.12109375,427.57916259765625
2024-04-30,60636.85546875,419.5165710449219
2024-05-01,58254.01171875,416.4832763671875
2024-05-02,59123.43359375,421.7989807128906
2024-05-03,62889.8359375,430.2765197753906
2024-05-04,63891.47265625,
2024-05-05,64031.1328125,
2024-05-06,63161.94921875,434.989501953125
2024-05-07,62334.81640625,435.05859375
2024-05-08,61187.94140625,434.8017272949219
2024-05-09,63049.9609375,435.750244140625
2024-05-10,60792.77734375,436.77789306640625
2024-05-11,60793.7109375,
2024-05-12,61448.39453125,
2024-05-13,62901.44921875,437.78564453125
2024-05-14,61552.7890625,440.6015930175781
2024-05-15,66267.4921875,447.4883117675781
2024-05-16,65231.58203125,446.579345703125
2024-05-17,67051.875,446.3619689941406
2024-05-18,66940.8046875,
2024-05-19,66278.3671875,
2024-05-20,71448.1953125,449.4742736816406
2024-05-21,70136.53125,450.35369873046875
2024-05-22,69122.3359375,450.26470947265625
2024-05-23,67929.5625,448.2392272949219
2024-05-24,68526.1015625,452.47802734375
2024-05-25,69265.9453125,
2024-05-26,68518.09375,
2024-05-27,69394.5546875,
2024-05-28,68296.21875,454.1873474121094
2024-05-29,67578.09375,450.9860534667969
2024-05-30,68364.9921875,446.15447998046875
2024-05-31,67491.4140625,445.32452392578125
2024-06-01,67706.9375,
2024-06-02,67751.6015625,
2024-06-03,68804.78125,447.7155456542969
2024-06-04,70567.765625,448.94073486328125
2024-06-05,71082.8203125,457.99127197265625
2024-06-06,70757.1640625,457.8332214355469
2024-06-07,69342.5859375,457.42816162109375
2024-06-08,69305.7734375,
2024-06-09,69647.9921875,
2024-06-10,69512.28125,459.2757568359375
2024-06-11,67332.03125,462.4276428222656
2024-06-12,68241.1875,468.48443603515625
2024-06-13,66756.3984375,471.0237121582031
2024-06-14,66011.09375,473.4642028808594
2024-06-15,66191.0,
2024-06-16,66639.046875,
2024-06-17,66490.296875,479.26397705078125
2024-06-18,65140.74609375,479.4122619628906
2024-06-19,64960.296875,
2024-06-20,64828.65625,475.71697998046875
2024-06-21,64096.19921875,474.4423522949219
2024-06-22,64252.578125,
2024-06-23,63180.796875,
2024-06-24,60277.4140625,469.041015625
2024-06-25,61804.640625,474.40478515625
2024-06-26,60811.27734375,475.38446044921875
2024-06-27,61604.80078125,476.61163330078125
2024-06-28,60320.13671875,474.1375427246094
2024-06-29,60887.37890625,
2024-06-30,62678.29296875,
2024-07-01,62851.98046875,476.91839599609375
2024-07-02,62029.015625,481.9259033203125
2024-07-03,60173.921875,485.9437255859375
2024-07-04,56977.703125,
2024-07-05,56662.375,491.0106201171875
2024-07-06,58303.5390625,
2024-07-07,55849.109375,
2024-07-08,56705.09765625,492.1783752441406
2024-07-09,58009.2265625,492.6038818359375
2024-07-10,57742.49609375,497.739990234375
2024-07-11,57344.9140625,486.8244934082031
2024-07-12,57899.46484375,489.6845397949219
2024-07-13,59231.953125,
2024-07-14,60787.79296875,
2024-07-15,64870.15234375,491.0007019042969
2024-07-16,65097.1484375,491.188720703125
2024-07-17,64118.79296875,476.7699279785156
2024-07-18,63974.06640625,474.51361083984375
2024-07-19,66710.15625,470.3077392578125
2024-07-20,67163.6484375,
2024-07-21,68154.5234375,
2024-07-22,67585.25,477.3142395019531
2024-07-23,65927.671875,475.63189697265625
2024-07-24,65372.1328125,458.5708312988281
2024-07-25,65777.2265625,453.51385498046875
2024-07-26,67912.0625,458.1650390625
2024-07-27,67813.3359375,
2024-07-28,68255.8671875,
2024-07-29,66819.9140625,459.08538818359375
2024-07-30,66201.015625,452.7815246582031
2024-07-31,64619.25,466.1809997558594
2024-08-01,65357.5,454.889404296875
2024-08-02,61415.06640625,444.0926818847656
2024-08-03,60680.09375,
2024-08-04,58116.9765625,
2024-08-05,53991.45703125,430.8515319824219
2024-08-06,56034.31640625,434.96832275390625
2024-08-07,55027.4609375,430.25775146484375
2024-08-08,61710.13671875,443.4197082519531
2024-08-09,60880.11328125,445.7354736328125
2024-08-10,60945.8125,
2024-08-11,58719.484375,
2024-08-12,59354.515625,446.6953430175781
2024-08-13,60609.56640625,457.7790222167969
2024-08-14,58737.26953125,457.9276123046875
2024-08-15,57560.09765625,469.4962463378906
2024-08-16,58894.10546875,470.0998840332031
2024-08-17,59478.97265625,
2024-08-18,58483.96484375,
2024-08-19,59493.453125,476.2751159667969
2024-08-20,59012.79296875,475.2756652832031
2024-08-21,61175.19140625,477.49237060546875
2024-08-22,60381.9140625,469.9218444824219
2024-08-23,64094.35546875,475.0183410644531
2024-08-24,64178.9921875,
2024-08-25,64333.54296875,
2024-08-26,62880.66015625,470.40667724609375
2024-08-27,59504.1328125,471.8119201660156
2024-08-28,59027.625,466.45806884765625
2024-08-29,59388.1796875,465.7752685546875
2024-08-30,59119.4765625,471.3270263671875
2024-08-31,58969.8984375,
2024-09-01,57325.48828125,
2024-09-02,59112.48046875,
2024-09-03,57431.0234375,457.01715087890625
2024-09-04,57971.5390625,455.82952880859375
2024-09-05,56160.48828125,456.2550964355469
2024-09-06,53948.75390625,444.03326416015625
2024-09-07,54139.6875,
2024-09-08,54841.56640625,
2024-09-09,57019.53515625,449.743408203125
2024-09-10,57648.7109375,453.8998107910156
2024-09-11,57343.171875,463.7564392089844
2024-09-12,58127.01171875,468.30865478515625
2024-09-13,60571.30078125,470.40667724609375
2024-09-14,60005.12109375,
2024-09-15,59182.8359375,
2024-09-16,58192.5078125,468.3284912109375
2024-09-17,60308.5390625,468.5758972167969
2024-09-18,61649.6796875,466.5471496582031
2024-09-19,62940.45703125,478.34344482421875
2024-09-20,63192.9765625,477.4329833984375
2024-09-21,63394.83984375,
2024-09-22,63648.7109375,
2024-09-23,63329.80078125,478.6985168457031
2024-09-24,64301.96875,481.007568359375
2024-09-25,63143.14453125,481.4535217285156
2024-09-26,65181.01953125,485.0707092285156
2024-09-27,65790.6640625,482.3751525878906
2024-09-28,65887.6484375,
2024-09-29,65635.3046875,
2024-09-30,63329.5,483.6833190917969
2024-10-01,60837.0078125,476.94439697265625
2024-10-02,60632.78515625,477.6182861328125
2024-10-03,60759.40234375,477.2615661621094
2024-10-04,62067.4765625,482.9400939941406
2024-10-05,62089.94921875,
2024-10-06,62818.953125,
2024-10-07,62236.66015625,477.7669677734375
2024-10-08,62131.96875,484.90228271484375
2024-10-09,60582.1015625,488.7176818847656
2024-10-10,60274.5,488.1626892089844
2024-10-11,62445.08984375,488.92578125
2024-10-12,63193.0234375,
2024-10-13,62851.375,
2024-10-14,66046.125,493.02850341796875
2024-10-15,67041.109375,486.43829345703125
2024-10-16,67612.71875,486.497802734375
2024-10-17,67399.8359375,486.834716796875
2024-10-18,68418.7890625,490.0257873535156
2024-10-19,68362.734375,
2024-10-20,69001.703125,
2024-10-21,67367.8515625,490.96728515625
2024-10-22,67361.40625,491.50244140625
2024-10-23,66432.1953125,483.97064208984375
2024-10-24,68161.0546875,487.8951110839844
2024-10-25,66642.4140625,490.8681945800781
2024-10-26,67014.6953125,
2024-10-27,67929.296875,
2024-10-28,69907.7578125,490.9474182128906
2024-10-29,72720.4921875,495.6646728515625
2024-10-30,72339.5390625,491.9186096191406
2024-10-31,70215.1875,479.5012512207031
2024-11-01,69482.46875,483.0490417480469
2024-11-02,69289.2734375,
2024-11-03,68741.1171875,
2024-11-04,67811.5078125,481.6418762207031
2024-11-05,69359.5625,487.78607177734375
2024-11-06,75639.078125,501.0359191894531
2024-11-07,75904.859375,508.92437744140625
2024-11-08,76545.4765625,509.5190734863281
2024-11-09,76778.8671875,
2024-11-10,80474.1875,
2024-11-11,88701.484375,509.2216796875
2024-11-12,87955.8125,508.300048828125
2024-11-13,90584.1640625,507.64593505859375
2024-11-14,87250.4296875,504.11798095703125
2024-11-15,91066.0078125,492.10693359375
2024-11-16,90558.4765625,
2024-11-17,89845.8515625,
2024-11-18,90542.640625,495.5259094238281
2024-11-19,92343.7890625,498.93499755859375
2024-11-20,94339.4921875,498.6476135253906
2024-11-21,98504.7265625,500.4413757324219
2024-11-22,98997.6640625,501.2440185546875
2024-11-23,97777.28125,
2024-11-24,98013.8203125,
2024-11-25,93102.296875,502.036865234375
2024-11-26,91985.3203125,504.73236083984375
2024-11-27,95962.53125,500.7583923339844
2024-11-28,95652.46875,
2024-11-29,97461.5234375,505.1585388183594
2024-11-30,96449.0546875,
2024-12-01,97279.7890625,
2024-12-02,95865.3046875,510.65869140625
2024-12-03,96002.1640625,512.2244873046875
2024-12-04,98768.53125,518.5569458007812
2024-12-05,96593.5703125,517.1201171875
2024-12-06,99920.7109375,521.7481079101562
2024-12-07,99923.3359375,
2024-12-08,101236.015625,
2024-12-09,97432.71875,517.6849975585938
2024-12-10,96675.4296875,515.9208984375
2024-12-11,101173.03125,525.1571655273438
2024-12-12,100043.0,521.7678833007812
2024-12-13,101459.2578125,525.76171875
2024-12-14,101372.96875,
2024-12-15,104298.6953125,
2024-12-16,106029.71875,533.3330078125
2024-12-17,106140.6015625,530.984375
2024-12-18,100041.5390625,511.82806396484375
2024-12-19,97490.953125,509.5487060546875
2024-12-20,97755.9296875,513.9983520507812
2024-12-21,97224.7265625,
2024-12-22,95104.9375,
2024-12-23,94686.2421875,519.0061645507812
2024-12-24,98676.09375,526.0438232421875
2024-12-25,99299.1953125,
2024-12-26,95795.515625,525.6863403320312
2024-12-27,94164.859375,518.6983642578125
2024-12-28,95163.9296875,
2024-12-29,93530.2265625,
2024-12-30,92643.2109375,511.79974365234375
2024-12-31,93429.203125,507.4521179199219
