Date,EWA,EWC
2010-01-04,11.621557235717773,19.11954116821289
2010-01-05,11.655855178833008,19.2260799407959
2010-01-06,11.699950218200684,19.37523078918457
2010-01-07,11.646055221557617,19.311309814453125
2010-01-08,11.783242225646973,19.410737991333008
2010-01-11,11.900827407836914,19.353923797607422
2010-01-12,11.508866310119629,19.01300811767578
2010-01-13,11.68525218963623,19.20476722717285
2010-01-14,11.832236289978027,19.2615909576416
2010-01-15,11.582362174987793,18.977497100830078
2010-01-19,11.753847122192383,18.998802185058594
2010-01-20,11.405983924865723,18.56555938720703
2010-01-21,11.023825645446777,18.182031631469727
2010-01-22,10.798441886901855,17.812707901000977
2010-01-25,10.9650239944458,17.862422943115234
2010-01-26,10.769050598144531,17.805606842041016
2010-01-27,10.72005558013916,17.720380783081055
2010-01-28,10.622063636779785,17.535717010498047
2010-01-29,10.337894439697266,17.358154296875
2010-02-01,10.587770462036133,17.684871673583984
2010-02-02,10.661261558532715,17.897937774658203
2010-02-03,10.528976440429688,17.81981086730957
2010-02-04,10.029231071472168,17.2800350189209
2010-02-05,10.088019371032715,17.407873153686523
2010-02-08,10.024328231811523,17.223217010498047
2010-02-09,10.31829833984375,17.56412696838379
2010-02-10,10.254602432250977,17.69907569885254
2010-02-11,10.612264633178711,18.103904724121094
2010-02-12,10.426088333129883,18.111011505126953
2010-02-16,10.847437858581543,18.5229434967041
2010-02-17,10.9650239944458,18.544252395629883
2010-02-18,11.048320770263672,18.764429092407227
2010-02-19,10.9650239944458,18.77863121032715
2010-02-22,11.11201286315918,18.664993286132812
2010-02-23,10.886634826660156,18.196239471435547
2010-02-24,10.94543170928955,18.267261505126953
2010-02-25,10.69066047668457,18.345386505126953
2010-02-26,10.847437858581543,18.402206420898438
2010-03-01,11.156107902526855,18.77863121032715
2010-03-02,11.214902877807617,19.055620193481445
2010-03-03,11.342286109924316,19.19766616821289
2010-03-04,11.278595924377441,19.140851974487305
2010-03-05,11.567667007446289,19.43204689025879
2010-03-08,11.503968238830566,19.474660873413086
2010-03-09,11.621557235717773,19.43204689025879
2010-03-10,11.660755157470703,19.467559814453125
2010-03-11,11.626456260681152,19.538578033447266
2010-03-12,11.621557235717773,19.666423797607422
2010-03-15,11.499070167541504,19.638017654418945
2010-03-16,11.704848289489746,19.922107696533203
2010-03-17,11.837135314941406,20.021547317504883
2010-03-18,11.748943328857422,19.82977867126465
2010-03-19,11.63625717163086,19.694833755493164
2010-03-22,11.71464729309082,19.652223587036133
2010-03-23,11.881230354309082,19.82977867126465
2010-03-24,11.641157150268555,19.510177612304688
2010-03-25,11.670554161071777,19.545684814453125
2010-03-26,11.675453186035156,19.517276763916016
2010-03-29,11.866531372070312,19.75875473022461
2010-03-30,11.886130332946777,19.822677612304688
2010-03-31,11.763644218444824,19.822677612304688
2010-04-01,11.989017486572266,20.18489646911621
2010-04-05,12.06251049041748,20.33404541015625
2010-04-06,12.140904426574707,20.31983757019043
2010-04-07,12.052716255187988,20.149389266967773
2010-04-08,12.047811508178711,20.213306427001953
2010-04-09,12.145798683166504,20.32694435119629
2010-04-12,12.106605529785156,20.291431427001953
2010-04-13,12.082109451293945,20.227510452270508
2010-04-14,12.30748176574707,20.44057846069336
2010-04-15,12.282986640930176,20.412172317504883
2010-04-16,11.993918418884277,19.936315536499023
2010-04-19,11.91552734375,19.964725494384766
2010-04-20,12.087007522583008,20.341148376464844
2010-04-21,12.028214454650879,20.291431427001953
2010-04-22,11.944924354553223,20.348249435424805
2010-04-23,11.900827407836914,20.433475494384766
2010-04-26,11.87632942199707,20.49030113220215
2010-04-27,11.440279006958008,19.915008544921875
2010-04-28,11.63625717163086,19.964725494384766
2010-04-29,11.739141464233398,20.32694435119629
2010-04-30,11.484373092651367,20.04994773864746
2010-05-03,11.626456260681152,20.213306427001953
2010-05-04,11.01892375946045,19.623811721801758
2010-05-05,10.925832748413086,19.275793075561523
2010-05-06,10.195809364318848,18.74311637878418
2010-05-07,10.2105073928833,18.721811294555664
2010-05-10,10.989523887634277,19.538578033447266
2010-05-11,10.739651679992676,19.652223587036133
2010-05-12,10.818045616149902,20.0002384185791
2010-05-13,10.754349708557129,19.78716468811035
2010-05-14,10.391790390014648,19.43204689025879
2010-05-17,10.288900375366211,19.20476722717285
2010-05-18,10.014531135559082,19.041418075561523
2010-05-19,9.666666984558105,18.814144134521484
2010-05-20,9.049332618713379,17.897937774658203
2010-05-21,9.451091766357422,18.238849639892578
2010-05-24,9.431493759155273,18.025775909423828
2010-05-25,9.358000755310059,18.061290740966797
2010-05-26,9.279608726501465,18.089698791503906
2010-05-27,9.91654109954834,18.74311637878418
2010-05-28,9.8528470993042,18.58686637878418
2010-06-01,9.544179916381836,18.36669158935547
2010-06-02,9.828349113464355,18.977497100830078
2010-06-03,9.857747077941895,18.941986083984375
2010-06-04,9.348200798034668,18.25305938720703
2010-06-07,9.137523651123047,18.0968017578125
2010-06-08,9.519683837890625,18.402206420898438
2010-06-09,9.544179916381836,18.31697654724121
2010-06-10,10.05372428894043,18.885164260864258
2010-06-11,10.107619285583496,18.885164260864258
2010-06-14,10.181114196777344,18.93488121032715
2010-06-15,10.401589393615723,19.44625473022461
2010-06-16,10.33299446105957,19.481760025024414
2010-06-17,10.30849838256836,19.481760025024414
2010-06-18,10.401589393615723,19.61670684814453
2010-06-21,10.514274597167969,19.538578033447266
2010-06-22,10.31829833984375,19.23318099975586
2010-06-23,10.260418891906738,19.0544376373291
2010-06-24,10.05263614654541,18.732694625854492
2010-06-25,10.112000465393066,18.897132873535156
2010-06-28,9.973482131958008,18.768444061279297
2010-06-29,9.498556137084961,17.896154403686523
2010-06-30,9.389713287353516,17.78175926208496
2010-07-01,9.394661903381348,17.595855712890625
2010-07-02,9.389713287353516,17.595855712890625
2010-07-06,9.538130760192871,17.746004104614258
2010-07-07,9.834957122802734,18.18929672241211
2010-07-08,10.06747817993164,18.339447021484375
2010-07-09,10.141682624816895,18.73984146118164
2010-07-12,10.07242488861084,18.689790725708008
2010-07-13,10.2010498046875,18.904287338256836
2010-07-14,10.255471229553223,18.81134033203125
2010-07-15,10.245573997497559,18.925735473632812
2010-07-16,9.914114952087402,18.36089515686035
2010-07-19,9.943800926208496,18.289400100708008
2010-07-20,10.285151481628418,18.632591247558594
2010-07-21,10.05263614654541,18.339447021484375
2010-07-22,10.369253158569336,18.754138946533203
2010-07-23,10.542403221130371,18.86853790283203
2010-07-26,10.690821647644043,19.004383087158203
2010-07-27,10.6512451171875,18.904287338256836
2010-07-28,10.577034950256348,18.832786560058594
2010-07-29,10.666080474853516,18.961484909057617
2010-07-30,10.66113567352295,19.061580657958984
2010-08-02,11.012386322021484,19.40477752685547
2010-08-03,10.893653869628906,19.297529220581055
2010-08-04,11.007437705993652,19.469131469726562
2010-08-05,10.923335075378418,19.369029998779297
2010-08-06,10.918391227722168,19.2188777923584
2010-08-09,11.022281646728516,19.290380477905273
2010-08-10,10.829338073730469,19.183134078979492
2010-08-11,10.334625244140625,18.51819610595703
2010-08-12,10.309886932373047,18.446697235107422
2010-08-13,10.389039039611816,18.42524528503418
2010-08-16,10.502825736999512,18.39664649963379
2010-08-17,10.690821647644043,18.918588638305664
2010-08-18,10.616612434387207,19.075885772705078
2010-08-19,10.408831596374512,18.81134033203125
2010-08-20,10.438514709472656,18.6540470123291
2010-08-23,10.339570999145508,18.546791076660156
2010-08-24,10.097155570983887,18.182147979736328
2010-08-25,10.07242488861084,18.282245635986328
2010-08-26,10.116950988769531,18.332298278808594
2010-08-27,10.473142623901367,18.81848907470703
2010-08-30,10.398938179016113,18.73984146118164
2010-08-31,10.418726921081543,18.661191940307617
2010-09-01,10.997541427612305,19.04728126525879
2010-09-02,11.007437705993652,19.204580307006836
2010-09-03,11.09153938293457,19.469131469726562
2010-09-07,10.992596626281738,19.31183624267578
2010-09-08,11.09648323059082,19.390478134155273
2010-09-09,11.254794120788574,19.440526962280273
2010-09-10,11.230061531066895,19.476276397705078
2010-09-13,11.492259979248047,19.740827560424805
2010-09-14,11.58625316619873,19.798023223876953
2010-09-15,11.581308364868164,19.733675003051758
2010-09-16,11.477417945861816,19.78372573852539
2010-09-17,11.43783950805664,19.69077491760254
2010-09-20,11.695093154907227,19.86237144470215
2010-09-21,11.645618438720703,19.81232261657715
2010-09-22,11.655518531799316,19.655027389526367
2010-09-23,11.541731834411621,19.51917839050293
2010-09-24,11.848455429077148,19.876670837402344
2010-09-27,11.863293647766113,19.776575088500977
2010-09-28,12.06118392944336,19.88382339477539
2010-09-29,11.937501907348633,19.941022872924805
2010-09-30,11.744562149047852,20.041118621826172
2010-10-01,11.868247032165527,20.2556095123291
2010-10-04,11.764352798461914,20.12691307067871
2010-10-05,12.031499862670898,20.534460067749023
2010-10-06,12.135390281677246,20.66316032409668
2010-10-07,12.105707168579102,20.41290855407715
2010-10-08,12.298649787902832,20.670305252075195
2010-10-11,12.234334945678711,20.734657287597656
2010-10-12,12.125497817993164,20.741806030273438
2010-10-13,12.209598541259766,21.020647048950195
2010-10-14,12.313492774963379,20.92770767211914
2010-10-15,12.288752555847168,20.791854858398438
2010-10-18,12.249176979064941,20.741806030273438
2010-10-19,11.828665733337402,20.31281089782715
2010-10-20,12.105707168579102,20.59881019592285
2010-10-21,11.972132682800293,20.477262496948242
2010-10-22,12.04139518737793,20.441513061523438
2010-10-25,12.308542251586914,20.648860931396484
2010-10-26,12.199703216552734,20.59881019592285
2010-10-27,11.977080345153809,20.3557071685791
2010-10-28,12.10075855255127,20.44866180419922
2010-10-29,12.105707168579102,20.677459716796875
2010-11-01,12.18980884552002,20.756103515625
2010-11-02,12.456957817077637,20.891958236694336
2010-11-03,12.560847282409668,20.93485450744629
2010-11-04,12.981355667114258,21.39959716796875
2010-11-05,12.996197700500488,21.4567928314209
2010-11-08,12.872519493103027,21.556896209716797
2010-11-09,12.595478057861328,21.342395782470703
2010-11-10,12.649896621704102,21.49254035949707
2010-11-11,12.506424903869629,21.421043395996094
2010-11-12,12.264015197753906,21.013504028320312
2010-11-15,12.273911476135254,20.999204635620117
2010-11-16,12.031499862670898,20.484413146972656
2010-11-17,12.031499862670898,20.534460067749023
2010-11-18,12.27885913848877,20.9062557220459
2010-11-19,12.179914474487305,21.12789535522461
2010-11-22,12.16507339477539,21.12789535522461
2010-11-23,11.729720115661621,20.77041244506836
2010-11-24,12.031499862670898,21.17795181274414
2010-11-26,11.700041770935059,21.006351470947266
2010-11-29,11.833612442016602,21.049253463745117
2010-11-30,11.63572883605957,20.970603942871094
2010-12-01,11.957293510437012,21.478246688842773
2010-12-02,12.239278793334961,21.76424217224121
2010-12-03,12.392643928527832,21.807140350341797
2010-12-06,12.318434715270996,21.85003662109375
2010-12-07,12.338228225708008,21.74279022216797
2010-12-08,12.25907039642334,21.599790573120117
2010-12-09,12.372855186462402,21.64269256591797
2010-12-10,12.466854095458984,21.807140350341797
2010-12-13,12.615266799926758,21.914386749267578
2010-12-14,12.674633026123047,21.90009117126465
2010-12-15,12.43716812133789,21.857189178466797
2010-12-16,12.57073974609375,21.778535842895508
2010-12-17,12.511370658874512,21.721338272094727
2010-12-20,12.511370658874512,21.614089965820312
2010-12-21,12.651897430419922,21.836650848388672
2010-12-22,12.727993965148926,21.923362731933594
2010-12-23,12.783793449401855,22.038970947265625
2010-12-27,12.768573760986328,22.01007080078125
2010-12-28,12.804085731506348,22.161813735961914
2010-12-29,12.900470733642578,22.3641414642334
2010-12-30,12.895397186279297,22.349685668945312
2010-12-31,12.905543327331543,22.4002685546875
2011-01-03,12.981635093688965,22.580917358398438
2011-01-04,12.646822929382324,22.34246826171875
2011-01-05,12.560583114624023,22.38581085205078
2011-01-06,12.433760643005371,22.277429580688477
2011-01-07,12.388102531433105,22.291881561279297
2011-01-10,12.403322219848633,22.205169677734375
2011-01-11,12.38303279876709,22.53033447265625
2011-01-12,12.535221099853516,22.718212127685547
2011-01-13,12.621458053588867,22.573686599731445
2011-01-14,12.626530647277832,22.63149642944336
2011-01-18,12.733064651489258,22.754337310791016
2011-01-19,12.722916603088379,22.494199752807617
2011-01-20,12.509851455688477,22.291881561279297
2011-01-21,12.49970817565918,22.34246826171875
2011-01-24,12.697550773620605,22.4002685546875
2011-01-25,12.636679649353027,22.197946548461914
2011-01-26,12.733064651489258,22.573686599731445
2011-01-27,12.697550773620605,22.537561416625977
2011-01-28,12.464194297790527,22.407495498657227
2011-01-31,12.61638355255127,22.609819412231445
2011-02-01,12.870034217834473,23.065052032470703
2011-02-02,12.829448699951172,23.101177215576172
2011-02-03,13.001928329467773,23.274600982666016
2011-02-04,13.118606567382812,23.274600982666016
2011-02-07,13.164260864257812,23.26015281677246
2011-02-08,13.240355491638184,23.289051055908203
2011-02-09,13.174406051635742,23.130083084106445
2011-02-10,13.118606567382812,23.20956802368164
2011-02-11,13.083093643188477,23.281831741333008
2011-02-14,13.204845428466797,23.469701766967773
2011-02-15,13.07295036315918,23.46247673034668
2011-02-16,13.199769020080566,23.809316635131836
2011-02-17,13.34688663482666,23.9249324798584
2011-02-18,13.326594352722168,23.9249324798584
2011-02-22,12.8446683883667,23.55640983581543
2011-02-23,12.895397186279297,23.5925350189209
2011-02-24,12.951199531555176,23.563634872436523
2011-02-25,13.204845428466797,23.97551727294922
2011-02-28,13.245430946350098,24.329574584960938
2011-03-01,12.951199531555176,24.185070037841797
2011-03-02,13.1084566116333,24.30068588256836
2011-03-03,13.245430946350098,24.48855209350586
2011-03-04,13.164260864257812,24.553585052490234
2011-03-07,12.956274032592773,24.228422164916992
2011-03-08,13.052653312683105,24.13448715209961
2011-03-09,12.966418266296387,24.00441551208496
2011-03-10,12.519999504089355,23.375762939453125
2011-03-11,12.667113304138184,23.54918098449707
2011-03-14,12.535221099853516,23.448022842407227
2011-03-15,12.175040245056152,23.065052032470703
2011-03-16,11.89603042602539,22.855497360229492
2011-03-17,12.043143272399902,23.346860885620117
2011-03-18,12.377960205078125,23.469701766967773
2011-03-21,12.656970024108887,23.97551727294922
2011-03-22,12.656970024108887,23.953842163085938
2011-03-23,12.758429527282715,24.026094436645508
2011-03-24,13.017148971557617,24.0694522857666
2011-03-25,13.07295036315918,23.939382553100586
2011-03-28,13.0628023147583,23.75873374938965
2011-03-29,13.270792007446289,23.896032333374023
2011-03-30,13.4635648727417,24.23565101623535
2011-03-31,13.504148483276367,24.286226272583008
2011-04-01,13.661412239074707,24.5174560546875
2011-04-04,13.646188735961914,24.56804656982422
2011-04-05,13.630970001220703,24.712553024291992
2011-04-06,13.849108695983887,24.71977996826172
2011-04-07,13.838964462280273,24.546356201171875
2011-04-08,13.981002807617188,24.777585983276367
2011-04-11,14.011445045471191,24.394620895385742
2011-04-12,13.742578506469727,23.932157516479492
2011-04-13,13.849108695983887,23.968284606933594
2011-04-14,13.879544258117676,23.982736587524414
2011-04-15,13.81359577178955,23.9249324798584
2011-04-18,13.630970001220703,23.672027587890625
2011-04-19,13.651264190673828,23.9249324798584
2011-04-20,14.057096481323242,24.264551162719727
2011-04-21,14.224506378173828,24.45242691040039
2011-04-25,14.239725112915039,24.29345703125
2011-04-26,14.315817832946777,24.36571502685547
2011-04-27,14.346254348754883,24.37293815612793
2011-04-28,14.38176441192627,24.35848617553711
2011-04-29,14.34118366241455,24.351261138916016
2011-05-02,14.168705940246582,24.430740356445312
2011-05-03,13.950569152832031,23.953842163085938
2011-05-04,13.605607032775879,23.672027587890625
2011-05-05,13.397614479064941,23.151763916015625
2011-05-06,13.636042594909668,23.32518768310547
2011-05-09,13.793306350708008,23.5925350189209
2011-05-10,13.864326477050781,23.69370460510254
2011-05-11,13.59039306640625,23.22402000427246
2011-05-12,13.509221076965332,23.151763916015625
2011-05-13,13.296156883239746,22.9566593170166
2011-05-16,13.29108715057373,22.949440002441406
2011-05-17,13.397614479064941,23.05782699584961
2011-05-18,13.519370079040527,23.411897659301758
2011-05-19,13.636042594909668,23.46247673034668
2011-05-20,13.504148483276367,23.368541717529297
2011-05-23,13.07295036315918,22.949440002441406
2011-05-24,13.164260864257812,23.187891006469727
2011-05-25,13.118606567382812,23.426342010498047
2011-05-26,13.341814994812012,23.520278930664062
2011-05-27,13.4635648727417,23.54196548461914
2011-05-31,13.554876327514648,23.773183822631836
2011-06-01,13.240355491638184,23.101177215576172
2011-06-02,13.225138664245605,23.079504013061523
2011-06-03,13.133824348449707,23.01447105407715
2011-06-06,13.078022003173828,22.63149642944336
2011-06-07,13.17947769165039,22.660396575927734
2011-06-08,12.941055297851562,22.45807647705078
2011-06-09,13.113533973693848,22.68208122253418
2011-06-10,12.84974479675293,22.284656524658203
2011-06-13,12.885248184204102,22.190715789794922
2011-06-14,13.220067024230957,22.59537124633789
2011-06-15,12.854809761047363,22.132915496826172
2011-06-16,12.738134384155273,21.894458770751953
2011-06-17,12.890324592590332,21.85110092163086
2011-06-20,12.799009323120117,21.916135787963867
2011-06-21,13.027295112609863,22.4364013671875
2011-06-22,12.921507835388184,22.389848709106445
2011-06-23,12.849260330200195,22.135244369506836
2011-06-24,12.715087890625,21.82245635986328
2011-06-27,12.694451332092285,21.931570053100586
2011-06-28,12.947312355041504,22.309833526611328
2011-06-29,13.14856243133545,22.731733322143555
2011-06-30,13.442700386047363,23.037240982055664
2011-07-01,13.540750503540039,23.204547882080078
2011-07-05,13.318855285644531,23.27001953125
2011-07-06,13.231123924255371,23.160903930664062
2011-07-07,13.458182334899902,23.29911231994629
2011-07-08,13.391096115112305,23.233640670776367
2011-07-11,13.01439380645752,22.746278762817383
2011-07-12,12.828619003295898,22.84084129333496
2011-07-13,13.07115650177002,23.153635025024414
2011-07-14,12.900863647460938,22.97905158996582
2011-07-15,12.82345962524414,23.248191833496094
2011-07-18,12.694451332092285,22.986318588256836
2011-07-19,12.998908042907715,23.35003089904785
2011-07-20,13.14856243133545,23.45186996459961
2011-07-21,13.36529541015625,23.706462860107422
2011-07-22,13.458182334899902,23.721010208129883
2011-07-25,13.282729148864746,23.691913604736328
2011-07-26,13.406578063964844,23.488243103027344
2011-07-27,13.251769065856934,22.84084129333496
2011-07-28,13.1382417678833,22.81174659729004
2011-07-29,13.009230613708496,22.506229400634766
2011-08-01,13.0247163772583,22.549877166748047
2011-08-02,12.632527351379395,21.997037887573242
2011-08-03,12.493194580078125,22.106151580810547
2011-08-04,11.61077880859375,21.044126510620117
2011-08-05,11.497251510620117,20.680419921875
2011-08-08,10.573548316955566,19.55291748046875
2011-08-09,11.605619430541992,20.6440486907959
2011-08-10,11.058622360229492,20.316709518432617
2011-08-11,11.719144821166992,21.145967483520508
2011-08-12,11.786233901977539,21.109590530395508
2011-08-15,12.286783218383789,21.59695816040039
2011-08-16,12.033926963806152,21.284175872802734
2011-08-17,12.245498657226562,21.415109634399414
2011-08-18,11.667543411254883,20.53493309020996
2011-08-19,11.523053169250488,20.222145080566406
2011-08-22,11.538536071777344,20.294885635375977
2011-08-23,12.070050239562988,20.818626403808594
2011-08-24,12.013287544250488,20.92046546936035
2011-08-25,11.817192077636719,20.745885848999023
2011-08-26,12.111331939697266,20.876819610595703
2011-08-29,12.457074165344238,21.30599594116211
2011-08-30,12.446755409240723,21.49512481689453
2011-08-31,12.560279846191406,21.74244499206543
2011-09-01,12.4312744140625,21.713346481323242
2011-09-02,12.11648941040039,21.32781410217285
2011-09-06,11.837833404541016,21.07322120666504
2011-09-07,12.297102928161621,21.487850189208984
2011-09-08,12.033926963806152,21.34236717224121
2011-09-09,11.652063369750977,20.687692642211914
2011-09-12,11.476611137390137,20.36035919189453
2011-09-13,11.50241470336914,20.55675506591797
2011-09-14,11.39920425415039,20.60040283203125
2011-09-15,11.600459098815918,21.015029907226562
2011-09-16,11.69334602355957,20.862266540527344
2011-09-19,11.363081932067871,20.44036865234375
2011-09-20,11.295997619628906,20.425823211669922
2011-09-21,10.88316822052002,19.698413848876953
2011-09-22,10.284568786621094,18.650924682617188
2011-09-23,10.356813430786133,18.4981689453125
2011-09-26,10.6303129196167,18.93462371826172
2011-09-27,10.96057415008545,19.291053771972656
2011-09-28,10.666436195373535,18.738218307495117
2011-09-29,10.707717895507812,18.8546085357666
2011-09-30,10.351654052734375,18.54181671142578
2011-10-03,10.011070251464844,17.865318298339844
2011-10-04,10.238125801086426,17.7198429107666
2011-10-05,10.53226375579834,18.49090003967285
2011-10-06,10.991538047790527,19.051006317138672
2011-10-07,11.058622360229492,18.7309513092041
2011-10-10,11.56949520111084,19.480180740356445
2011-10-11,11.543692588806152,19.341968536376953
2011-10-12,11.75010871887207,19.78569793701172
2011-10-13,11.79139232635498,19.51655387878418
2011-10-14,12.033926963806152,20.01119613647461
2011-10-17,11.703662872314453,19.50200843811035
2011-10-18,11.87911319732666,19.822072982788086
2011-10-19,11.66238021850586,19.400171279907227
2011-10-20,11.631421089172363,19.451082229614258
2011-10-21,11.87911319732666,19.807519912719727
2011-10-24,12.260985374450684,20.25124168395996
2011-10-25,11.930723190307617,19.894804000854492
2011-10-26,12.101012229919434,20.265792846679688
2011-10-27,12.983430862426758,21.058673858642578
2011-10-28,12.833781242370605,21.0877685546875
2011-10-31,12.250659942626953,20.54220962524414
2011-11-01,11.796551704406738,19.872983932495117
2011-11-02,11.941038131713867,20.134859085083008
2011-11-03,12.188736915588379,20.65132713317871
2011-11-04,12.131972312927246,20.404001235961914
2011-11-07,12.2145357131958,20.54220962524414
2011-11-08,12.369351387023926,20.665870666503906
2011-11-09,11.744945526123047,19.85116195678711
2011-11-10,11.93587875366211,19.865711212158203
2011-11-11,12.281622886657715,20.280338287353516
2011-11-14,11.992642402648926,20.062110900878906
2011-11-15,12.018447875976562,19.945728302001953
2011-11-16,11.755267143249512,19.84389305114746
2011-11-17,11.50757122039795,19.320152282714844
2011-11-18,11.486929893493652,19.34925079345703
2011-11-21,11.130865097045898,18.905527114868164
2011-11-22,11.136026382446289,18.920068740844727
2011-11-23,10.743841171264648,18.37451171875
2011-11-25,10.681915283203125,18.15628433227539
2011-11-28,11.161827087402344,18.723669052124023
2011-11-29,11.295997619628906,19.014633178710938
2011-11-30,12.002963066101074,19.974824905395508
2011-12-01,11.88943862915039,19.931182861328125
2011-12-02,12.028764724731445,19.778427124023438
2011-12-05,12.224860191345215,19.93844985961914
2011-12-06,12.075209617614746,19.945728302001953
2011-12-07,12.142293930053711,20.062110900878906
2011-12-08,11.744945526123047,19.45836067199707
2011-12-09,11.946199417114258,19.72023582458496
2011-12-12,11.579817771911621,19.312875747680664
2011-12-13,11.440485954284668,18.93462371826172
2011-12-14,11.285676956176758,18.4981689453125
2011-12-15,11.295997619628906,18.505441665649414
2011-12-16,11.295997619628906,18.738218307495117
2011-12-19,11.022499084472656,18.476354598999023
2011-12-20,11.422775268554688,18.899032592773438
2011-12-21,11.428094863891602,19.076072692871094
2011-12-22,11.53455638885498,19.38589096069336
2011-12-23,11.598429679870605,19.474416732788086
2011-12-27,11.57713794708252,19.40802574157715
2011-12-28,11.236478805541992,19.10558319091797
2011-12-29,11.417451858520508,19.319503784179688
2011-12-30,11.412131309509277,19.6219482421875
2012-01-03,11.752790451049805,20.212080001831055
2012-01-04,11.891183853149414,20.17519760131836
2012-01-05,11.736821174621582,20.049795150756836
2012-01-06,11.5824613571167,19.84324836730957
2012-01-09,11.619719505310059,19.902257919311523
2012-01-10,11.843278884887695,20.160442352294922
2012-01-11,11.91247272491455,20.06454849243164
2012-01-12,11.965703964233398,20.16781997680664
2012-01-13,11.869890213012695,20.012907028198242
2012-01-17,11.965703964233398,20.130935668945312
2012-01-18,12.178617477416992,20.381742477416992
2012-01-19,12.157325744628906,20.499771118164062
2012-01-20,12.210554122924805,20.47026252746582
2012-01-23,12.25313663482666,20.83172035217285
2012-01-24,12.157325744628906,20.55140495300293
2012-01-25,12.471370697021484,20.91286277770996
2012-01-26,12.50862979888916,20.794841766357422
2012-01-27,12.561861038208008,20.846471786499023
2012-01-30,12.439433097839355,20.706315994262695
2012-01-31,12.466049194335938,20.735822677612305
2012-02-01,12.593796730041504,20.920246124267578
2012-02-02,12.599119186401367,20.994007110595703
2012-02-03,12.785419464111328,21.230058670043945
2012-02-06,12.705574989318848,21.104658126831055
2012-02-07,12.7002534866333,21.023517608642578
2012-02-08,12.72154426574707,21.03089141845703
2012-02-09,12.710898399353027,20.97925567626953
2012-02-10,12.386209487915039,20.654680252075195
2012-02-13,12.588475227355957,20.757953643798828
2012-02-14,12.418144226074219,20.67681312561035
2012-02-15,12.380885124206543,20.7210750579834
2012-02-16,12.439433097839355,21.008760452270508
2012-02-17,12.343621253967285,20.934995651245117
2012-02-21,12.519275665283203,21.20793342590332
2012-02-22,12.497983932495117,21.296451568603516
2012-02-23,12.625733375549316,21.39234733581543
2012-02-24,12.647027015686035,21.318578720092773
2012-02-27,12.668313026428223,21.281700134277344
2012-02-28,12.673637390136719,21.46611785888672
2012-02-29,12.641700744628906,21.407102584838867
2012-03-01,12.72154426574707,21.628402709960938
2012-03-02,12.625733375549316,21.429231643676758
2012-03-05,12.513954162597656,21.119409561157227
2012-03-06,12.104097366333008,20.58829116821289
2012-03-07,12.173294067382812,20.64730453491211
2012-03-08,12.348946571350098,21.008760452270508
2012-03-09,12.322331428527832,21.089902877807617
2012-03-12,12.221199989318848,20.905492782592773
2012-03-13,12.48201847076416,21.237442016601562
2012-03-14,12.338303565979004,20.89073371887207
2012-03-15,12.497983932495117,21.045642852783203
2012-03-16,12.572507858276367,21.18579864501953
2012-03-19,12.631057739257812,21.21530532836914
2012-03-20,12.35959243774414,21.045642852783203
2012-03-21,12.301041603088379,21.060394287109375
2012-03-22,12.178617477416992,20.735822677612305
2012-03-23,12.348946571350098,20.927614212036133
2012-03-26,12.540568351745605,21.296451568603516
2012-03-27,12.428788185119629,21.119409561157227
2012-03-28,12.444758415222168,20.920246124267578
2012-03-29,12.450078010559082,20.8759822845459
2012-03-30,12.513954162597656,20.905492782592773
2012-04-02,12.577826499938965,21.244813919067383
2012-04-03,12.380885124206543,20.927614212036133
2012-04-04,12.231842994689941,20.55878257751465
2012-04-05,12.306366920471191,20.440759658813477
2012-04-09,12.20522689819336,20.25634002685547
2012-04-10,12.034897804260254,19.93914031982422
2012-04-11,12.157325744628906,20.094051361083984
2012-04-12,12.48201847076416,20.62516975402832
2012-04-13,12.322331428527832,20.241586685180664
2012-04-16,12.37023639678955,20.219459533691406
2012-04-17,12.503307342529297,20.617799758911133
2012-04-18,12.487340927124023,20.580913543701172
2012-04-19,12.503307342529297,20.529279708862305
2012-04-20,12.567181587219238,20.59566879272461
2012-04-23,12.375557899475098,20.337478637695312
2012-04-24,12.476693153381348,20.389118194580078
2012-04-25,12.657670974731445,20.71368980407715
2012-04-26,12.678960800170898,20.735822677612305
2012-04-27,12.74815845489502,20.986631393432617
2012-04-30,12.689610481262207,20.920246124267578
2012-05-01,12.753477096557617,21.038272857666016
2012-05-02,12.72154426574707,20.846471786499023
2012-05-03,12.609762191772461,20.418628692626953
2012-05-04,12.295719146728516,19.998159408569336
2012-05-07,12.290393829345703,20.06454849243164
2012-05-08,12.04022216796875,19.66620445251465
2012-05-09,11.944412231445312,19.555557250976562
2012-05-10,12.093450546264648,19.629323959350586
2012-05-11,11.981675148010254,19.61456871032715
2012-05-14,11.864572525024414,19.22360610961914
2012-05-15,11.747468948364258,18.943296432495117
2012-05-16,11.48664665222168,18.803133010864258
2012-05-17,11.273734092712402,18.640851974487305
2012-05-18,11.098085403442383,18.530197143554688
2012-05-21,11.374870300292969,18.90640640258789
2012-05-22,11.300352096557617,18.817890167236328
2012-05-23,11.156636238098145,18.980180740356445
2012-05-24,11.098085403442383,18.943296432495117
2012-05-25,10.954367637634277,18.84002113342285
2012-05-29,11.289704322814941,19.0908260345459
2012-05-30,10.991626739501953,18.633474349975586
2012-05-31,11.050175666809082,18.677732467651367
2012-06-01,10.842583656311035,18.33102798461914
2012-06-04,10.949044227600098,18.294145584106445
2012-06-05,11.06614875793457,18.574462890625
2012-06-06,11.449392318725586,19.002307891845703
2012-06-07,11.454712867736816,18.958045959472656
2012-06-08,11.438745498657227,18.817890167236328
2012-06-11,11.252447128295898,18.51544761657715
2012-06-12,11.438745498657227,18.825271606445312
2012-06-13,11.316322326660156,18.766252517700195
2012-06-14,11.374870300292969,18.86214828491211
2012-06-15,11.53455638885498,19.009689331054688
2012-06-18,11.678271293640137,19.076072692871094
2012-06-19,11.880539894104004,19.481788635253906
2012-06-20,11.81134033203125,19.430147171020508
2012-06-21,11.396147727966309,18.68341827392578
2012-06-22,11.472227096557617,18.817289352416992
2012-06-25,11.260284423828125,18.5346622467041
2012-06-26,11.41244888305664,18.646224975585938
2012-06-27,11.559178352355957,18.772663116455078
2012-06-28,11.439621925354004,18.661102294921875
2012-06-29,11.874382019042969,19.21892738342285
2012-07-02,11.97220230102539,19.300739288330078
2012-07-03,12.053722381591797,19.77674674987793
2012-07-05,12.031982421875,19.702369689941406
2012-07-06,11.896119117736816,19.30817413330078
2012-07-09,11.868948936462402,19.25611114501953
2012-07-10,11.705913543701172,19.003232955932617
2012-07-11,11.820036888122559,19.107358932495117
2012-07-12,11.646130561828613,18.921417236328125
2012-07-13,11.852640151977539,19.151981353759766
2012-07-16,11.874382019042969,19.159420013427734
2012-07-17,12.048287391662598,19.278427124023438
2012-07-18,12.124368667602539,19.337923049926758
2012-07-19,12.330880165100098,19.538747787475586
2012-07-20,12.184146881103516,19.360240936279297
2012-07-23,11.955902099609375,19.151981353759766
2012-07-24,11.885249137878418,18.951168060302734
2012-07-25,12.031982421875,19.07761001586914
2012-07-26,12.260231018066406,19.43461036682129
2012-07-27,12.591733932495117,19.732128143310547
2012-07-30,12.602602005004883,19.7841854095459
2012-07-31,12.597168922424316,19.553617477416992
2012-08-01,12.564565658569336,19.464366912841797
2012-08-02,12.53738784790039,19.263551712036133
2012-08-03,12.781942367553711,19.635435104370117
2012-08-06,12.781942367553711,19.680055618286133
2012-08-07,12.836286544799805,20.03706932067871
2012-08-08,12.923240661621094,19.97012710571289
2012-08-09,12.917803764343262,20.133760452270508
2012-08-10,12.912373542785645,20.22300910949707
2012-08-13,12.776508331298828,20.074256896972656
2012-08-14,12.754770278930664,20.163511276245117
2012-08-15,12.72216510772705,20.27507781982422
2012-08-16,12.901501655578613,20.565143585205078
2012-08-17,12.863459587097168,20.609766006469727
2012-08-20,12.955846786499023,20.646953582763672
2012-08-21,13.06997299194336,20.676706314086914
2012-08-22,13.091712951660156,20.632078170776367
2012-08-23,12.928674697875977,20.453575134277344
2012-08-24,12.912373542785645,20.550264358520508
2012-08-27,12.825419425964355,20.5205135345459
2012-08-28,12.868892669677734,20.513078689575195
2012-08-29,12.836286544799805,20.49077033996582
2012-08-30,12.597168922424316,20.267637252807617
2012-08-31,12.754770278930664,20.453575134277344
2012-09-04,12.526520729064941,20.47589111328125
2012-09-05,12.493914604187012,20.468454360961914
2012-09-06,12.798246383666992,20.870086669921875
2012-09-07,12.89606761932373,21.227094650268555
2012-09-10,12.743902206420898,21.14527702331543
2012-09-11,12.939541816711426,21.241968154907227
2012-09-12,12.988451957702637,21.256847381591797
2012-09-13,13.222139358520508,21.63616371154785
2012-09-14,13.309090614318848,21.859296798706055
2012-09-17,13.156922340393066,21.695667266845703
2012-09-18,13.12974739074707,21.658479690551758
2012-09-19,13.222139358520508,21.651037216186523
2012-09-20,13.135185241699219,21.554353713989258
2012-09-21,13.12974739074707,21.4799747467041
2012-09-24,13.059103012084961,21.31633949279785
2012-09-25,12.879764556884766,21.13784408569336
2012-09-26,12.836286544799805,21.0560302734375
2012-09-27,13.07540512084961,21.346097946166992
2012-09-28,12.928674697875977,21.189905166625977
2012-10-01,13.053668975830078,21.346097946166992
2012-10-02,13.03736400604248,21.368406295776367
2012-10-03,12.939541816711426,21.219655990600586
2012-10-04,13.059103012084961,21.539474487304688
2012-10-05,13.048233985900879,21.494848251342773
2012-10-08,13.048233985900879,21.44278335571289
2012-10-09,13.026493072509766,21.294031143188477
2012-10-10,13.048233985900879,21.10065269470215
2012-10-11,13.124311447143555,21.212223052978516
2012-10-12,13.08083724975586,21.093217849731445
2012-10-15,13.21126651763916,21.152713775634766
2012-10-16,13.298222541809082,21.346097946166992
2012-10-17,13.526468276977539,21.613853454589844
2012-10-18,13.48842716217041,21.509719848632812
2012-10-19,13.347131729125977,21.249404907226562
2012-10-22,13.374300956726074,21.241968154907227
2012-10-23,13.18409252166748,20.922149658203125
2012-10-24,13.271047592163086,20.84033203125
2012-10-25,13.368870735168457,21.04859161376953
2012-10-26,13.309090614318848,20.96677589416504
2012-10-31,13.358002662658691,21.189905166625977
2012-11-01,13.358002662658691,21.338655471801758
2012-11-02,13.1514892578125,21.115524291992188
2012-11-05,13.238439559936523,21.063465118408203
2012-11-06,13.43408489227295,21.18246841430664
2012-11-07,13.314521789550781,20.89240264892578
2012-11-08,13.260183334350586,20.691579818725586
2012-11-09,13.314521789550781,20.71389389038086
2012-11-12,13.330825805664062,20.736204147338867
2012-11-13,13.173225402832031,20.609766006469727
2012-11-14,12.966715812683105,20.20813751220703
2012-11-15,12.923240661621094,20.03706932067871
2012-11-16,12.928674697875977,20.15607261657715
2012-11-19,13.156922340393066,20.557697296142578
2012-11-20,13.097146034240723,20.54283332824707
2012-11-21,13.091712951660156,20.66183090209961
2012-11-23,13.347131729125977,20.959341049194336
2012-11-26,13.309090614318848,20.89240264892578
2012-11-27,13.336264610290527,20.736204147338867
2012-11-28,13.439513206481934,20.86264991760254
2012-11-29,13.521035194396973,20.959341049194336
2012-11-30,13.56994342803955,20.90727424621582
2012-12-03,13.580815315246582,20.86264991760254
2012-12-04,13.607988357543945,20.82546043395996
2012-12-05,13.624290466308594,20.89983558654785
2012-12-06,13.68406867980957,20.922149658203125
2012-12-07,13.803625106811523,20.937023162841797
2012-12-10,13.836235046386719,21.13040542602539
2012-12-11,13.923188209533691,21.227094650268555
2012-12-12,13.966666221618652,21.390722274780273
2012-12-13,13.896015167236328,21.286596298217773
2012-12-14,13.912318229675293,21.197343826293945
2012-12-17,13.972098350524902,21.286596298217773
2012-12-18,14.019956588745117,21.389850616455078
2012-12-19,13.980544090270996,21.427539825439453
2012-12-20,14.048111915588379,21.465221405029297
2012-12-21,13.935498237609863,21.34462547302246
2012-12-24,13.879193305969238,21.299407958984375
2012-12-26,13.856673240661621,21.261722564697266
2012-12-27,13.952393531799316,21.254186630249023
2012-12-28,13.901718139648438,21.103445053100586
2012-12-31,14.1550874710083,21.404924392700195
2013-01-02,14.352156639099121,21.766700744628906
2013-01-03,14.284590721130371,21.570737838745117
2013-01-04,14.346528053283691,21.691328048706055
2013-01-07,14.301480293273926,21.646106719970703
2013-01-08,14.205763816833496,21.63103675842285
2013-01-09,14.295853614807129,21.691328048706055
2013-01-10,14.459135055541992,21.879756927490234
2013-01-11,14.335260391235352,21.89482879638672
2013-01-14,14.374680519104004,21.947587966918945
2013-01-15,14.36341381072998,21.99280548095703
2013-01-16,14.46476936340332,21.887292861938477
2013-01-17,14.537964820861816,21.977731704711914
2013-01-18,14.50981616973877,22.000343322753906
2013-01-22,14.577376365661621,22.143543243408203
2013-01-23,14.594269752502441,21.940046310424805
2013-01-24,14.583003997802734,21.917436599731445
2013-01-25,14.633681297302246,21.842065811157227
2013-01-28,14.605527877807617,21.857139587402344
2013-01-29,14.75755500793457,21.977731704711914
2013-01-30,14.701247215270996,21.902360916137695
2013-01-31,14.706881523132324,21.7591609954834
2013-02-01,14.81949234008789,21.917436599731445
2013-02-04,14.667464256286621,21.79684829711914
2013-02-05,14.712512016296387,21.909902572631836
2013-02-06,14.706881523132324,21.970197677612305
2013-02-07,14.628050804138184,21.842065811157227
2013-02-08,14.808231353759766,21.842065811157227
2013-02-11,14.75755500793457,21.766700744628906
2013-02-12,14.774445533752441,21.864675521850586
2013-02-13,14.943364143371582,21.834531784057617
2013-02-14,15.067237854003906,21.78177261352539
2013-02-15,15.055970191955566,21.57827377319336
2013-02-19,15.354386329650879,21.661182403564453
2013-02-20,15.11790943145752,21.404924392700195
2013-02-21,14.85327434539795,21.269256591796875
2013-02-22,15.140427589416504,21.322017669677734
2013-02-25,14.977141380310059,21.073299407958984
2013-02-26,14.977141380310059,21.141128540039062
2013-02-27,15.151690483093262,21.329557418823242
2013-02-28,15.134800910949707,21.269256591796875
2013-03-01,15.168580055236816,21.329557418823242
2013-03-04,15.084123611450195,21.246646881103516
2013-03-05,15.326231956481934,21.269256591796875
2013-03-06,15.405061721801758,21.322017669677734
2013-03-07,15.455737113952637,21.38231658935547
2013-03-08,15.444477081298828,21.389850616455078
2013-03-11,15.534564018249512,21.495372772216797
2013-03-12,15.523301124572754,21.53305435180664
2013-03-13,15.405061721801758,21.269256591796875
2013-03-14,15.348760604858398,21.502904891967773
2013-03-15,15.590868949890137,21.60842514038086
2013-03-18,15.376910209655762,21.41246223449707
2013-03-19,15.101015090942383,21.306947708129883
2013-03-20,15.146060943603516,21.442611694335938
2013-03-21,15.067237854003906,21.329557418823242
2013-03-22,15.253040313720703,21.389850616455078
2013-03-25,15.17984390258789,21.254186630249023
2013-03-26,15.241777420043945,21.41246223449707
2013-03-27,15.258673667907715,21.389850616455078
2013-03-28,15.224884986877441,21.487829208374023
2013-04-01,15.162954330444336,21.41246223449707
2013-04-02,15.247406959533691,21.450143814086914
2013-04-03,15.050342559814453,20.990394592285156
2013-04-04,15.055970191955566,20.88487434387207
2013-04-05,14.875795364379883,20.756742477416992
2013-04-08,14.999661445617676,20.756742477416992
2013-04-09,15.269930839538574,21.028076171875
2013-04-10,15.410696983337402,21.17127799987793
2013-04-11,15.517668724060059,21.148672103881836
2013-04-12,15.405061721801758,20.84718894958496
2013-04-15,14.825119972229004,19.995519638061523
2013-04-16,15.17984390258789,20.3271427154541
2013-04-17,15.022188186645508,19.935218811035156
2013-04-18,14.892683982849121,19.995519638061523
2013-04-19,14.903943061828613,20.11610984802246
2013-04-22,15.005298614501953,20.131183624267578
2013-04-23,15.253040313720703,20.13871955871582
2013-04-24,15.472627639770508,20.47787857055664
2013-04-25,15.517668724060059,20.643693923950195
2013-04-26,15.450106620788574,20.538175582885742
2013-04-29,15.68658447265625,20.817045211791992
2013-04-30,15.821718215942383,21.118526458740234
2013-05-01,15.55145263671875,20.93010139465332
2013-05-02,15.557084083557129,20.9979305267334
2013-05-03,15.754152297973633,21.110986709594727
2013-05-06,15.61902141571045,21.17881202697754
2013-05-07,15.461366653442383,21.269256591796875
2013-05-08,15.590868949890137,21.563199996948242
2013-05-09,15.39380168914795,21.36724090576172
2013-05-10,15.331863403320312,21.34462547302246
2013-05-13,15.286824226379395,21.2918701171875
2013-05-14,15.303712844848633,21.239112854003906
2013-05-15,15.168580055236816,21.058225631713867
2013-05-16,14.971511840820312,21.043153762817383
2013-05-17,14.93773365020752,21.050687789916992
2013-05-20,15.129169464111328,21.28433609008789
2013-05-21,14.971511840820312,21.306947708129883
2013-05-22,14.678723335266113,21.17127799987793
2013-05-23,14.594269752502441,21.118526458740234
2013-05-24,14.104414939880371,21.103445053100586
2013-05-28,14.115677833557129,21.118526458740234
2013-05-29,14.059370994567871,21.201427459716797
2013-05-30,14.110048294067383,21.322017669677734
2013-05-31,13.744062423706055,20.89995002746582
2013-06-03,14.048111915588379,21.110986709594727
2013-06-04,13.879193305969238,20.945167541503906
2013-06-05,13.423126220703125,20.65876579284668
2013-06-06,13.530105590820312,20.786897659301758
2013-06-07,13.445647239685059,20.84718894958496
2013-06-10,13.316145896911621,20.907485961914062
2013-06-11,13.107816696166992,20.643693923950195
2013-06-12,13.102187156677246,20.417587280273438
2013-06-13,13.513212203979492,20.824581146240234
2013-06-14,13.4794282913208,20.636159896850586
2013-06-17,13.693387985229492,20.809511184692383
2013-06-18,13.6145601272583,20.89241600036621
2013-06-19,13.271101951599121,20.590932846069336
2013-06-20,12.674269676208496,19.912612915039062
2013-06-21,12.792508125305176,19.837242126464844
2013-06-24,12.724939346313477,19.528226852416992
2013-06-25,12.955793380737305,19.739255905151367
2013-06-26,13.107816696166992,19.822166442871094
2013-06-27,13.293441772460938,19.901470184326172
2013-06-28,13.016731262207031,19.93959617614746
2013-07-01,12.947556495666504,19.992971420288086
2013-07-02,13.005205154418945,19.96247100830078
2013-07-03,12.7976713180542,19.909090042114258
2013-07-05,12.901436805725098,19.8557186126709
2013-07-08,13.034028053283691,20.023469924926758
2013-07-09,13.304969787597656,20.25984764099121
2013-07-10,13.189674377441406,20.275096893310547
2013-07-11,13.547089576721191,20.869853973388672
2013-07-12,13.368383407592773,20.770723342895508
2013-07-15,13.449089050292969,20.869853973388672
2013-07-16,13.633557319641113,20.930856704711914
2013-07-17,13.650850296020508,20.9537296295166
2013-07-18,13.604734420776367,21.17486000061035
2013-07-19,13.575909614562988,21.281604766845703
2013-07-22,13.679676055908203,21.441736221313477
2013-07-23,13.731559753417969,21.487483978271484
2013-07-24,13.633557319641113,21.30448341369629
2013-07-25,13.760381698608398,21.434110641479492
2013-07-26,13.864148139953613,21.3807373046875
2013-07-29,13.754617691040039,21.464611053466797
2013-07-30,13.552852630615234,21.17486000061035
2013-07-31,13.408733367919922,21.068105697631836
2013-08-01,13.414499282836914,21.121482849121094
2013-08-02,13.495206832885742,21.045228958129883
2013-08-05,13.460618019104004,20.976604461669922
2013-08-06,13.500968933105469,20.83172607421875
2013-08-07,13.270381927490234,20.63347625732422
2013-08-08,13.650850296020508,21.075727462768555
2013-08-09,13.737324714660645,21.113859176635742
2013-08-12,13.82379150390625,21.17486000061035
2013-08-13,13.933323860168457,21.205354690551758
2013-08-14,13.933323860168457,21.235858917236328
2013-08-15,13.841089248657227,21.37310791015625
2013-08-16,13.881440162658691,21.37310791015625
2013-08-19,13.760381698608398,21.090978622436523
2013-08-20,13.685441017150879,21.129104614257812
2013-08-21,13.524028778076172,20.808853149414062
2013-08-22,13.622028350830078,20.915603637695312
2013-08-23,13.794970512390137,21.10622787475586
2013-08-26,13.708500862121582,21.09860610961914
2013-08-27,13.570146560668945,20.862228393554688
2013-08-28,13.524028778076172,20.90035057067871
2013-08-29,13.500968933105469,20.930856704711914
2013-08-30,13.53555679321289,20.88510513305664
2013-09-03,13.933323860168457,21.02998161315918
2013-09-04,14.129328727722168,21.136734008789062
2013-09-05,14.04861831665039,21.281604766845703
2013-09-06,14.135090827941895,21.41885757446289
2013-09-09,14.348384857177734,21.540861129760742
2013-09-10,14.57896900177002,21.548484802246094
2013-09-11,14.625091552734375,21.655235290527344
2013-09-12,14.480969429016113,21.40361213684082
2013-09-13,14.47520637512207,21.40361213684082
2013-09-16,14.584733009338379,21.61711311340332
2013-09-17,14.723090171813965,21.693363189697266
2013-09-18,15.109329223632812,22.005990982055664
2013-09-19,14.930618286132812,21.88399314880371
2013-09-20,14.757678985595703,21.647613525390625
2013-09-23,14.80379581451416,21.639986038208008
2013-09-24,14.723090171813965,21.647613525390625
2013-09-25,14.757678985595703,21.61711311340332
2013-09-26,14.872968673706055,21.655235290527344
2013-09-27,14.769209861755371,21.678115844726562
2013-09-30,14.567441940307617,21.586612701416016
2013-10-01,14.688504219055176,21.678115844726562
2013-10-02,14.682738304138184,21.639986038208008
2013-10-03,14.653912544250488,21.4798583984375
2013-10-04,14.780735969543457,21.586612701416016
2013-10-07,14.521326065063477,21.578989028930664
2013-10-08,14.429088592529297,21.319730758666992
2013-10-09,14.486739158630371,21.342609405517578
2013-10-10,14.746150970458984,21.655235290527344
2013-10-11,14.942152976989746,21.739110946655273
2013-10-14,14.97097110748291,21.78486442565918
2013-10-15,14.919089317321777,21.723861694335938
2013-10-16,15.109329223632812,21.861114501953125
2013-10-17,15.328386306762695,22.06698989868164
2013-10-18,15.507091522216797,22.24999237060547
2013-10-21,15.48979663848877,22.295747756958008
2013-10-22,15.708857536315918,22.448246002197266
2013-10-23,15.472502708435059,22.257617950439453
2013-10-24,15.524389266967773,22.295747756958008
2013-10-25,15.593562126159668,22.35674476623535
2013-10-28,15.645442962646484,22.35674476623535
2013-10-29,15.472502708435059,22.402490615844727
2013-10-30,15.386031150817871,22.402490615844727
2013-10-31,15.374500274658203,22.387239456176758
2013-11-01,15.362974166870117,22.318618774414062
2013-11-04,15.42638874053955,22.387239456176758
2013-11-05,15.443676948547363,22.295747756958008
2013-11-06,15.570500373840332,22.448246002197266
2013-11-07,15.362974166870117,22.219493865966797
2013-11-08,15.420619010925293,22.35674476623535
2013-11-11,15.276503562927246,22.32624626159668
2013-11-12,15.09203052520752,22.2347412109375
2013-11-13,15.0055570602417,22.387239456176758
2013-11-14,15.063207626342773,22.478744506835938
2013-11-15,15.264970779418945,22.577869415283203
2013-11-18,15.178502082824707,22.593122482299805
2013-11-19,15.161211013793945,22.47112274169922
2013-11-20,14.942152976989746,22.501615524291992
2013-11-21,14.838382720947266,22.448246002197266
2013-11-22,14.832615852355957,22.455869674682617
2013-11-25,14.821091651916504,22.379621505737305
2013-11-26,14.746150970458984,22.211870193481445
2013-11-27,14.688504219055176,22.097490310668945
2013-11-29,14.619324684143066,22.181373596191406
2013-12-02,14.45214557647705,22.097490310668945
2013-12-03,14.417560577392578,21.88399314880371
2013-12-04,14.406031608581543,21.800119400024414
2013-12-05,14.221556663513184,21.716238021850586
2013-12-06,14.319561004638672,21.81536293029785
2013-12-09,14.12355899810791,21.929738998413086
2013-12-10,14.117791175842285,21.99836540222168
2013-12-11,13.904500961303711,21.670490264892578
2013-12-12,13.570146560668945,21.571359634399414
2013-12-13,13.72579288482666,21.647613525390625
2013-12-16,13.829559326171875,21.807737350463867
2013-12-17,13.679676055908203,21.746742248535156
2013-12-18,13.736394882202148,21.86887550354004
2013-12-19,13.954996109008789,22.023481369018555
2013-12-20,14.179505348205566,22.093053817749023
2013-12-23,14.350841522216797,22.247657775878906
2013-12-24,14.398107528686523,22.355880737304688
2013-12-26,14.374470710754395,22.471834182739258
2013-12-27,14.3236083984375,22.309497833251953
2013-12-30,14.365011215209961,22.433181762695312
2013-12-31,14.412322998046875,22.541404724121094
2014-01-02,14.299957275390625,22.38680076599121
2014-01-03,14.441888809204102,22.371341705322266
2014-01-06,14.39458179473877,22.224464416503906
2014-01-07,14.370925903320312,22.139429092407227
2014-01-08,14.282215118408203,22.123971939086914
2014-01-09,14.25855827331543,22.062131881713867
2014-01-10,14.400494575500488,22.162626266479492
2014-01-13,14.329527854919434,22.139429092407227
2014-01-14,14.140280723571777,21.992563247680664
2014-01-15,14.134368896484375,22.093053817749023
2014-01-16,14.104795455932617,22.21674156188965
2014-01-17,14.021997451782227,22.209003448486328
2014-01-21,14.116619110107422,22.332687377929688
2014-01-22,14.12845516204834,22.185819625854492
2014-01-23,13.850495338439941,22.108516693115234
2014-01-24,13.548883438110352,21.760648727416992
2014-01-27,13.608025550842285,21.443710327148438
2014-01-28,13.708560943603516,21.567394256591797
2014-01-29,13.56662654876709,21.443710327148438
2014-01-30,13.773615837097168,21.60604476928711
2014-01-31,13.62576675415039,21.590585708618164
2014-02-03,13.41877555847168,21.31229591369629
2014-02-04,13.744046211242676,21.3741397857666
2014-02-05,13.637593269348145,21.459169387817383
2014-02-06,13.980605125427246,21.7529239654541
2014-02-07,14.081138610839844,21.915260314941406
2014-02-10,14.075225830078125,21.915260314941406
2014-02-11,14.406411170959473,22.116241455078125
2014-02-12,14.506942749023438,22.209003448486328
2014-02-13,14.47146224975586,22.371341705322266
2014-02-14,14.708020210266113,22.464101791381836
2014-02-18,14.773075103759766,22.541404724121094
2014-02-19,14.708020210266113,22.371341705322266
2014-02-20,14.861780166625977,22.464101791381836
2014-02-21,14.790814399719238,22.40999412536621
2014-02-24,14.968236923217773,22.52594757080078
2014-02-25,14.838126182556152,22.502756118774414
2014-02-26,14.80264663696289,22.402263641357422
2014-02-27,14.808557510375977,22.433181762695312
2014-02-28,14.75533390045166,22.556865692138672
2014-03-03,14.642965316772461,22.502756118774414
2014-03-04,14.855870246887207,22.595521926879883
2014-03-05,14.909095764160156,22.719207763671875
2014-03-06,15.092425346374512,22.796504974365234
2014-03-07,15.074681282043457,22.634172439575195
2014-03-10,14.885440826416016,22.626440048217773
2014-03-11,14.737586975097656,22.572328567504883
2014-03-12,14.737586975097656,22.680551528930664
2014-03-13,14.73167896270752,22.634172439575195
2014-03-14,14.613396644592285,22.518217086791992
2014-03-17,14.820383071899414,22.610980987548828
2014-03-18,14.926836967468262,22.672819137573242
2014-03-19,14.690279960632324,22.40999412536621
2014-03-20,14.6607084274292,22.4409122467041
2014-03-21,14.702102661132812,22.487300872802734
2014-03-24,14.80264663696289,22.4409122467041
2014-03-25,14.98597526550293,22.54913902282715
2014-03-26,15.0569429397583,22.518217086791992
2014-03-27,15.116083145141602,22.595521926879883
2014-03-28,15.187053680419922,22.69601058959961
2014-03-31,15.299419403076172,22.842885971069336
2014-04-01,15.317158699035645,22.958839416503906
2014-04-02,15.334901809692383,23.06706428527832
2014-04-03,15.263932228088379,22.943382263183594
2014-04-04,15.311243057250977,23.06706428527832
2014-04-07,15.317158699035645,22.850616455078125
2014-04-08,15.58919906616211,23.136634826660156
2014-04-09,15.84941577911377,23.345359802246094
2014-04-10,15.61285400390625,22.997488021850586
2014-04-11,15.54780101776123,22.804237365722656
2014-04-14,15.518229484558105,22.920190811157227
2014-04-15,15.411778450012207,22.927915573120117
2014-04-16,15.595111846923828,23.05933380126953
2014-04-17,15.642428398132324,23.144363403320312
2014-04-21,15.63651180267334,23.136634826660156
2014-04-22,15.79027271270752,23.206207275390625
2014-04-23,15.72522258758545,23.1752872467041
2014-04-24,15.695648193359375,23.190746307373047
2014-04-25,15.654253005981445,23.159826278686523
2014-04-28,15.772533416748047,23.190746307373047
2014-04-29,15.66016960144043,23.484495162963867
2014-04-30,15.642428398132324,23.608184814453125
2014-05-01,15.500489234924316,23.56953239440918
2014-05-02,15.535975456237793,23.677753448486328
2014-05-05,15.55963134765625,23.61591148376465
2014-05-06,15.630596160888672,23.63137435913086
2014-05-07,15.618772506713867,23.670026779174805
2014-05-08,15.719310760498047,23.65456199645996
2014-05-09,15.695648193359375,23.492229461669922
2014-05-12,15.742962837219238,23.685483932495117
2014-05-13,15.754789352416992,23.70094871520996
2014-05-14,15.802102088928223,23.739591598510742
2014-05-15,15.772533416748047,23.61591148376465
2014-05-16,15.808014869689941,23.54633903503418
2014-05-19,15.601024627685547,23.592723846435547
2014-05-20,15.358555793762207,23.45357894897461
2014-05-21,15.488663673400879,23.65456199645996
2014-05-22,15.583288192749023,23.7705135345459
2014-05-23,15.642428398132324,23.85554313659668
2014-05-27,15.731133460998535,23.762784957885742
2014-05-28,15.671992301940918,23.670026779174805
2014-05-29,15.813928604125977,23.69321632385254
2014-05-30,15.707479476928711,23.731863021850586
2014-06-02,15.695648193359375,23.708677291870117
2014-06-03,15.606939315795898,23.7705135345459
2014-06-04,15.524147033691406,23.785978317260742
2014-06-05,15.64833927154541,23.80916404724121
2014-06-06,15.707479476928711,23.8864688873291
2014-06-09,15.808014869689941,24.002424240112305
2014-06-10,15.808014869689941,24.048810958862305
2014-06-11,15.713394165039062,24.14156723022461
2014-06-12,15.64833927154541,24.1956787109375
2014-06-13,15.64833927154541,24.365745544433594
2014-06-16,15.642428398132324,24.46623992919922
2014-06-17,15.488663673400879,24.404396057128906
2014-06-18,15.61285400390625,24.520349502563477
2014-06-19,15.778446197509766,24.613109588623047
2014-06-20,15.72522258758545,24.76772689819336
2014-06-23,15.808014869689941,24.82956314086914
2014-06-24,15.58919906616211,24.574464797973633
2014-06-25,15.651031494140625,24.632869720458984
2014-06-26,15.86716079711914,24.81199073791504
2014-06-27,15.86716079711914,25.01447296142578
2014-06-30,15.687057495117188,25.084564208984375
2014-07-01,15.759099960327148,25.20917320251465
2014-07-02,15.909185409545898,25.224746704101562
2014-07-03,15.933196067810059,25.34156608581543
2014-07-07,15.933196067810059,25.139076232910156
2014-07-08,15.873165130615234,25.139076232910156
2014-07-09,15.861151695251465,25.287052154541016
2014-07-10,15.771106719970703,25.146867752075195
2014-07-11,15.939202308654785,24.975534439086914
2014-07-14,16.01124382019043,25.092355728149414
2014-07-15,15.933196067810059,24.921024322509766
2014-07-16,15.981224060058594,25.146867752075195
2014-07-17,15.86716079711914,25.084564208984375
2014-07-18,16.047264099121094,25.271472930908203
2014-07-21,15.981224060058594,25.248109817504883
2014-07-22,16.095291137695312,25.37272071838379
2014-07-23,16.269393920898438,25.497318267822266
2014-07-24,16.22136688232422,25.481746673583984
2014-07-25,16.119306564331055,25.427228927612305
2014-07-28,16.17934226989746,25.450599670410156
2014-07-29,16.155323028564453,25.318199157714844
2014-07-30,16.16733741760254,25.39607810974121
2014-07-31,15.963218688964844,25.045621871948242
2014-08-01,15.861151695251465,24.804203033447266
2014-08-04,15.927193641662598,24.95217514038086
2014-08-05,15.753094673156738,24.648447036743164
2014-08-06,15.837141990661621,24.780839920043945
2014-08-07,15.657038688659668,24.609508514404297
2014-08-08,15.621018409729004,24.61729621887207
2014-08-11,15.621018409729004,24.850929260253906
2014-08-12,15.753094673156738,24.858720779418945
2014-08-13,15.861151695251465,24.858720779418945
2014-08-14,15.987228393554688,24.944379806518555
2014-08-15,16.01124382019043,25.01447296142578
2014-08-18,16.119306564331055,25.076780319213867
2014-08-19,16.13731575012207,25.185806274414062
2014-08-20,16.25137710571289,25.248109817504883
2014-08-21,16.239377975463867,25.31041145324707
2014-08-22,16.17333984375,25.26368522644043
2014-08-25,16.203351974487305,25.287052154541016
2014-08-26,16.22136688232422,25.39607810974121
2014-08-27,16.281400680541992,25.582983016967773
2014-08-28,16.293407440185547,25.567419052124023
2014-08-29,16.30541229248047,25.59077262878418
2014-09-02,16.30541229248047,25.489534378051758
2014-09-03,16.413475036621094,25.66086196899414
2014-09-04,16.359445571899414,25.54404640197754
2014-09-05,16.32942771911621,25.575197219848633
2014-09-08,16.095291137695312,25.248109817504883
2014-09-09,15.99924087524414,25.302621841430664
2014-09-10,15.981224060058594,25.26368522644043
2014-09-11,15.723076820373535,25.15465545654297
2014-09-12,15.55497932434082,25.06119728088379
2014-09-15,15.404892921447754,25.084564208984375
2014-09-16,15.518960952758789,25.325986862182617
2014-09-17,15.110726356506348,25.17023277282715
2014-09-18,15.21878719329834,25.287052154541016
2014-09-19,15.068699836730957,24.983325958251953
2014-09-22,14.828561782836914,24.61729621887207
2014-09-23,14.84056568145752,24.500476837158203
2014-09-24,14.978650093078613,24.477113723754883
2014-09-25,14.576416969299316,23.978700637817383
2014-09-26,14.528388023376465,24.134450912475586
2014-09-29,14.288249015808105,24.03321075439453
2014-09-30,14.372299194335938,23.90081787109375
2014-10-01,14.396312713623047,23.713912963867188
2014-10-02,14.456343650817871,23.659395217895508
2014-10-03,14.42032527923584,23.573726654052734
2014-10-06,14.492364883422852,23.729480743408203
2014-10-07,14.312261581420898,23.355669021606445
2014-10-08,14.594426155090332,23.636030197143555
2014-10-09,14.330269813537598,23.145397186279297
2014-10-10,13.916034698486328,22.70927619934082
2014-10-13,14.018095016479492,22.460067749023438
2014-10-14,14.114150047302246,22.234228134155273
2014-10-15,14.318266868591309,22.039531707763672
2014-10-16,14.390307426452637,22.374404907226562
2014-10-17,14.588422775268555,22.608043670654297
2014-10-20,14.678473472595215,22.732643127441406
2014-10-21,14.774531364440918,23.20769691467285
2014-10-22,14.720499992370605,22.7637939453125
2014-10-23,14.798542976379395,23.08309555053711
2014-10-24,14.94863224029541,23.22327423095703
2014-10-27,14.966643333435059,23.07530975341797
2014-10-28,15.224790573120117,23.456911087036133
2014-10-29,14.960634231567383,23.270002365112305
2014-10-30,15.188770294189453,23.176549911499023
2014-10-31,15.266814231872559,23.30115509033203
2014-11-03,14.966643333435059,22.942914962768555
2014-11-04,15.050689697265625,22.615829467773438
2014-11-05,14.88259220123291,22.91954803466797
2014-11-06,14.822554588317871,22.849458694458008
2014-11-07,14.996659278869629,23.24663734436035
2014-11-10,14.996659278869629,23.20769691467285
2014-11-11,15.044683456420898,23.371248245239258
2014-11-12,14.972644805908203,23.558155059814453
2014-11-13,14.87658977508545,23.363460540771484
2014-11-14,14.996659278869629,23.612667083740234
2014-11-17,14.828561782836914,23.620454788208008
2014-11-18,14.84056568145752,23.768423080444336
2014-11-19,14.462346076965332,23.706125259399414
2014-11-20,14.402315139770508,23.931968688964844
2014-11-21,14.5584077835083,24.165599822998047
2014-11-24,14.462346076965332,23.908607482910156
2014-11-25,14.342281341552734,24.0721492767334
2014-11-26,14.498371124267578,24.09551239013672
2014-11-28,14.18619155883789,23.316728591918945
2014-12-01,13.97607135772705,23.24663734436035
2014-12-02,14.036101341247559,23.13761329650879
2014-12-03,14.096138954162598,23.386823654174805
2014-12-04,14.132158279418945,22.942914962768555
2014-12-05,14.006083488464355,22.802734375
2014-12-08,13.916034698486328,22.195287704467773
2014-12-09,13.759943962097168,22.319887161254883
2014-12-10,13.567835807800293,21.728012084960938
2014-12-11,13.549825668334961,21.696863174438477
2014-12-12,13.345702171325684,21.33863067626953
2014-12-15,13.207623481750488,21.151718139648438
2014-12-16,13.261653900146484,21.455442428588867
2014-12-17,13.30318832397461,22.004364013671875
2014-12-18,13.551152229309082,22.304502487182617
2014-12-19,13.724725723266602,22.557239532470703
2014-12-22,13.86110782623291,22.39137840270996
2014-12-23,13.71233081817627,22.675710678100586
2014-12-24,13.718527793884277,22.715200424194336
2014-12-26,13.755722045898438,22.809980392456055
2014-12-29,13.966490745544434,22.7941837310791
2014-12-30,13.885903358459473,22.7941837310791
2014-12-31,13.743325233459473,22.7941837310791
2015-01-02,13.699929237365723,22.659915924072266
2015-01-05,13.569753646850586,22.051753997802734
2015-01-06,13.513957977294922,21.72792625427246
2015-01-07,13.637938499450684,21.75162124633789
2015-01-08,13.817710876464844,22.020164489746094
2015-01-09,13.947891235351562,21.83060646057129
2015-01-12,13.786717414855957,21.48308563232422
2015-01-13,13.786717414855957,21.3883056640625
2015-01-14,13.60074520111084,21.25403594970703
2015-01-15,13.681333541870117,21.135570526123047
2015-01-16,13.836310386657715,21.530473709106445
2015-01-20,13.656538009643555,21.277734756469727
2015-01-21,13.780518531799316,21.340919494628906
2015-01-22,13.774319648742676,21.5225772857666
2015-01-23,13.637938499450684,21.530473709106445
2015-01-26,13.687532424926758,21.475189208984375
2015-01-27,13.71233081817627,21.633148193359375
2015-01-28,13.637938499450684,21.088171005249023
2015-01-29,13.66893482208252,20.993396759033203
2015-01-30,13.588346481323242,20.882823944091797
2015-02-02,13.867307662963867,21.435693740844727
2015-02-03,14.164856910705566,22.01226806640625
2015-02-04,14.090471267700195,21.601560592651367
2015-02-05,14.344632148742676,22.02806282043457
2015-02-06,14.251644134521484,21.806913375854492
2015-02-09,14.233050346374512,21.956979751586914
2015-02-10,14.226850509643555,21.79901123046875
2015-02-11,14.016083717346191,21.735828399658203
2015-02-12,14.102869033813477,22.09914779663086
2015-02-13,14.400424003601074,22.178125381469727
2015-02-17,14.493412017822266,22.407176971435547
2015-02-18,14.561600685119629,22.162330627441406
2015-02-19,14.49960994720459,21.980674743652344
2015-02-20,14.58019733428955,21.885892868041992
2015-02-23,14.543000221252441,21.885892868041992
2015-02-24,14.679384231567383,22.01226806640625
2015-02-25,14.77856731414795,22.233413696289062
2015-02-26,14.58019733428955,22.08334732055664
2015-02-27,14.679384231567383,22.130739212036133
2015-03-02,14.691780090332031,22.13863754272461
2015-03-03,14.697980880737305,22.01226806640625
2015-03-04,14.617389678955078,22.02806282043457
2015-03-05,14.543000221252441,21.917482376098633
2015-03-06,14.288839340209961,21.538375854492188
2015-03-09,14.288839340209961,21.451496124267578
2015-03-10,13.960291862487793,21.00129508972168
2015-03-11,13.923094749450684,21.00919532775879
2015-03-12,14.326037406921387,21.159259796142578
2015-03-13,14.047078132629395,20.97760009765625
2015-03-16,14.171059608459473,21.24613380432129
2015-03-17,14.127668380737305,21.26983642578125
2015-03-18,14.549202919006348,21.72792625427246
2015-03-19,14.406625747680664,21.206647872924805
2015-03-20,14.83436107635498,21.680538177490234
2015-03-23,14.939743995666504,21.791114807128906
2015-03-24,14.945941925048828,21.964876174926758
2015-03-25,14.77856731414795,21.74372673034668
2015-03-26,14.635991096496582,21.696338653564453
2015-03-27,14.493412017822266,21.380409240722656
2015-03-30,14.338433265686035,21.39620590209961
2015-03-31,14.171059608459473,21.4672908782959
2015-04-01,14.195856094360352,21.56206703186035
2015-04-02,14.245447158813477,21.822710037231445
2015-04-06,14.375629425048828,22.035959243774414
2015-04-07,14.450017929077148,22.11494255065918
2015-04-08,14.60499382019043,22.11494255065918
2015-04-09,14.56779670715332,22.209718704223633
2015-04-10,14.598794937133789,22.312395095825195
2015-04-13,14.350831031799316,22.28080177307129
2015-04-14,14.431419372558594,22.48615837097168
2015-04-15,14.474817276000977,22.9284610748291
2015-04-16,14.704177856445312,23.0311336517334
2015-04-17,14.431419372558594,22.912656784057617
2015-04-20,14.406625747680664,22.999536514282227
2015-04-21,14.363228797912598,22.809980392456055
2015-04-22,14.400424003601074,22.85737419128418
2015-04-23,14.50580883026123,23.157499313354492
2015-04-24,14.83436107635498,23.12590980529785
2015-04-27,14.908746719360352,23.133808135986328
2015-04-28,15.119515419006348,23.29966926574707
2015-04-29,14.759969711303711,23.33126449584961
2015-04-30,14.456218719482422,22.999536514282227
2015-05-01,14.536805152893066,23.015336990356445
2015-05-04,14.512006759643555,23.165403366088867
2015-05-05,14.493412017822266,22.90475845336914
2015-05-06,14.245447158813477,22.730993270874023
2015-05-07,14.06567668914795,22.644121170043945
2015-05-08,14.220649719238281,22.849468231201172
2015-05-11,13.960291862487793,22.7941837310791
2015-05-12,14.295040130615234,22.77838706970215
2015-05-13,14.592597007751465,22.754695892333984
2015-05-14,14.697980880737305,22.786287307739258
2015-05-15,14.691780090332031,22.849468231201172
2015-05-18,14.400424003601074,22.675710678100586
2015-05-19,14.127668380737305,22.494054794311523
2015-05-20,14.06567668914795,22.478256225585938
2015-05-21,14.214454650878906,22.659915924072266
2015-05-22,14.090471267700195,22.494054794311523
2015-05-26,14.109070777893066,22.035959243774414
2015-05-27,14.115266799926758,22.067554473876953
2015-05-28,13.923094749450684,22.10704231262207
2015-05-29,13.97269058227539,21.94118309020996
2015-06-01,13.867307662963867,21.870100021362305
2015-06-02,13.923094749450684,22.09914779663086
2015-06-03,13.817710876464844,22.122838973999023
2015-06-04,13.3961763381958,21.838502883911133
2015-06-05,13.321789741516113,21.878000259399414
2015-06-08,13.377577781677246,21.601560592651367
2015-06-09,13.321789741516113,21.814815521240234
2015-06-10,13.619342803955078,22.05965232849121
2015-06-11,13.71233081817627,22.01226806640625
2015-06-12,13.582148551940918,21.767419815063477
2015-06-15,13.650339126586914,21.791114807128906
2015-06-16,13.749524116516113,21.814815521240234
2015-06-17,13.780518531799316,21.901687622070312
2015-06-18,13.830110549926758,21.964876174926758
2015-06-19,13.848706245422363,21.696338653564453
2015-06-22,13.873505592346191,21.854299545288086
2015-06-23,14.009882926940918,21.9964656829834
2015-06-24,13.947891235351562,21.94118309020996
2015-06-25,13.871709823608398,21.96664810180664
2015-06-26,13.61141586303711,21.91093635559082
2015-06-29,13.268592834472656,21.29014015197754
2015-06-30,13.351123809814453,21.226470947265625
2015-07-01,13.49714183807373,21.138917922973633
2015-07-02,13.579670906066895,21.25034523010254
2015-07-06,13.198760032653809,21.01953125
2015-07-07,13.230500221252441,20.971784591674805
2015-07-08,12.855931282043457,20.613630294799805
2015-07-09,12.976555824279785,20.510169982910156
2015-07-10,13.141617774963379,20.725051879882812
2015-07-13,13.147970199584961,20.8205623626709
2015-07-14,13.300336837768555,20.9001522064209
2015-07-15,13.268592834472656,20.725051879882812
2015-07-16,13.427305221557617,20.748933792114258
2015-07-17,13.357474327087402,20.613630294799805
2015-07-20,13.446354866027832,20.327110290527344
2015-07-21,13.478096008300781,20.295270919799805
2015-07-22,13.211455345153809,20.10426139831543
2015-07-23,13.052739143371582,20.000791549682617
2015-07-24,12.83688735961914,19.921201705932617
2015-07-27,12.868629455566406,19.69835090637207
2015-07-28,13.160664558410645,20.000791549682617
2015-07-29,13.198760032653809,20.295270919799805
2015-07-30,13.236849784851074,20.319149017333984
2015-07-31,13.281291961669922,20.33506965637207
2015-08-03,13.167012214660645,20.088340759277344
2015-08-04,13.389216423034668,20.215686798095703
2015-08-05,13.357474327087402,20.223644256591797
2015-08-06,13.02734661102295,20.207725524902344
2015-08-07,12.913069725036621,20.02467155456543
2015-08-10,13.109875679016113,20.43853187561035
2015-08-11,12.659126281738281,20.18384552001953
2015-08-12,12.665474891662598,20.271392822265625
2015-08-13,12.6273832321167,20.016708374023438
2015-08-14,12.608339309692383,20.02467155456543
2015-08-17,12.652778625488281,19.992834091186523
2015-08-18,12.50676155090332,19.929168701171875
2015-08-19,12.601988792419434,19.626720428466797
2015-08-20,12.240117073059082,19.220813751220703
2015-08-21,11.948080062866211,18.71144676208496
2015-08-24,11.0084867477417,18.0269832611084
2015-08-25,11.662394523620605,18.08268928527832
2015-08-26,11.986174583435059,18.464719772338867
2015-08-27,12.221073150634766,19.133272171020508
2015-08-28,12.157588005065918,19.2606143951416
2015-08-31,11.840155601501465,19.316322326660156
2015-09-01,11.29417610168457,18.703487396240234
2015-09-02,11.548120498657227,18.7432804107666
2015-09-03,11.389405250549316,18.894500732421875
2015-09-04,11.135458946228027,18.600021362304688
2015-09-08,11.64334774017334,18.918380737304688
2015-09-09,11.605257987976074,18.75124168395996
2015-09-10,11.656047821044922,18.838790893554688
2015-09-11,11.63699722290039,18.655733108520508
2015-09-14,11.706831932067871,18.504514694213867
2015-09-15,11.694137573242188,18.655733108520508
2015-09-16,11.998869895935059,19.22877311706543
2015-09-17,11.878246307373047,19.220813751220703
2015-09-18,11.814760208129883,18.974090576171875
2015-09-21,11.71318244934082,19.069595336914062
2015-09-22,11.55446720123291,18.600021362304688
2015-09-23,11.319567680358887,18.3453369140625
2015-09-24,11.490982055664062,18.33737564086914
2015-09-25,11.421146392822266,18.369213104248047
2015-09-28,11.243382453918457,17.764331817626953
2015-09-29,11.103717803955078,17.77229118347168
2015-09-30,11.376703262329102,18.305540084838867
2015-10-01,11.471936225891113,18.305540084838867
2015-10-02,11.586209297180176,18.5841007232666
2015-10-05,11.916339874267578,18.974090576171875
2015-10-06,11.986174583435059,19.19693946838379
2015-10-07,12.176633834838867,19.491418838500977
2015-10-08,12.354390144348145,19.72222900390625
2015-10-09,12.468666076660156,19.833656311035156
2015-10-12,12.424226760864258,19.658559799194336
2015-10-13,12.157588005065918,19.491418838500977
2015-10-14,12.227416038513184,19.72222900390625
2015-10-15,12.455968856811523,19.762027740478516
2015-10-16,12.424226760864258,19.69835090637207
2015-10-19,12.316300392150879,19.395919799804688
2015-10-20,12.240117073059082,19.578969955444336
2015-10-21,12.15123462677002,19.12531280517578
2015-10-22,12.398833274841309,19.44367218017578
2015-10-23,12.563897132873535,19.44367218017578
2015-10-26,12.525803565979004,19.22877311706543
2015-10-27,12.41152572631836,18.997970581054688
2015-10-28,12.30994987487793,19.33224105834961
2015-10-29,11.95443058013916,19.268573760986328
2015-10-30,12.011567115783691,18.942249298095703
2015-11-02,11.97982406616211,19.07755470275879
2015-11-03,12.195677757263184,19.32428550720215
2015-11-04,12.056005477905273,19.08551788330078
2015-11-05,11.941733360290527,18.902463912963867
2015-11-06,11.833807945251465,18.719404220581055
2015-11-09,11.529073715209961,18.63185691833496
2015-11-10,11.516376495361328,18.56022834777832
2015-11-11,11.64334774017334,18.47267723083496
2015-11-12,11.649696350097656,18.130441665649414
2015-11-13,11.497330665588379,17.97126579284668
2015-11-16,11.592558860778809,18.329421997070312
2015-11-17,11.719528198242188,18.313505172729492
2015-11-18,11.890942573547363,18.48859405517578
2015-11-19,12.189327239990234,18.63185691833496
2015-11-20,12.284560203552246,18.496557235717773
2015-11-23,12.208374977111816,18.361248016357422
2015-11-24,12.284560203552246,18.520435333251953
2015-11-25,12.163933753967285,18.496557235717773
2015-11-27,12.075055122375488,18.393089294433594
2015-11-30,12.11949348449707,18.520435333251953
2015-12-01,12.46231746673584,18.783079147338867
2015-12-02,12.335348129272461,18.528390884399414
2015-12-03,12.252814292907715,18.353294372558594
2015-12-04,12.30994987487793,18.3851261138916
2015-12-07,12.068705558776855,17.756378173828125
2015-12-08,11.8274564743042,17.485769271850586
2015-12-09,11.808412551879883,17.573320388793945
2015-12-10,11.814760208129883,17.573320388793945
2015-12-11,11.484633445739746,17.167415618896484
2015-12-14,11.490982055664062,17.055988311767578
2015-12-15,11.510025978088379,17.374347686767578
2015-12-16,11.840155601501465,17.61311149597168
2015-12-17,11.62430191040039,17.215164184570312
2015-12-18,11.763972282409668,17.215164184570312
2015-12-21,11.906933784484863,17.20709991455078
2015-12-22,11.998322486877441,17.30390739440918
2015-12-23,12.2202730178833,17.683059692382812
2015-12-24,12.226799964904785,17.73145866394043
2015-12-28,12.200690269470215,17.46525001525879
2015-12-29,12.533612251281738,17.66692543029785
2015-12-30,12.507501602172852,17.473312377929688
2015-12-31,12.376940727233887,17.344242095947266
2016-01-04,12.207220077514648,17.094161987304688
2016-01-05,12.024436950683594,17.01348876953125
2016-01-06,11.67845630645752,16.64240264892578
2016-01-07,11.182334899902344,16.247119903564453
2016-01-08,11.019135475158691,16.174510955810547
2016-01-11,11.110526084899902,15.956703186035156
2016-01-12,11.175806045532227,15.988970756530762
2016-01-13,10.97996711730957,15.634016990661621
2016-01-14,11.208444595336914,15.835695266723633
2016-01-15,10.607877731323242,15.303266525268555
2016-01-19,10.862467765808105,15.238729476928711
2016-01-20,10.823298454284668,15.045119285583496
2016-01-21,11.032190322875977,15.52914810180664
2016-01-22,11.2345552444458,16.142242431640625
2016-01-25,11.058304786682129,15.714691162109375
2016-01-26,11.280252456665039,16.158374786376953
2016-01-27,11.15622329711914,16.18258285522461
2016-01-28,11.358587265014648,16.569801330566406
2016-01-29,11.51525592803955,16.868282318115234
2016-02-01,11.534843444824219,16.787609100341797
2016-02-02,11.169279098510742,16.376192092895508
2016-02-03,11.325948715209961,16.860212326049805
2016-02-04,11.521787643432617,17.150632858276367
2016-02-05,11.221503257751465,16.924755096435547
2016-02-08,11.208444595336914,16.60206413269043
2016-02-09,10.993025779724121,16.295520782470703
2016-02-10,10.953855514526367,16.12610626220703
2016-02-11,10.914689064025879,15.972834587097168
2016-02-12,11.058304786682129,16.46492576599121
2016-02-16,11.306363105773926,16.715007781982422
2016-02-17,11.48914623260498,17.38457679748535
2016-02-18,11.528311729431152,17.37651252746582
2016-02-19,11.502201080322266,17.182897567749023
2016-02-22,11.822071075439453,17.30390739440918
2016-02-23,11.600123405456543,17.086091995239258
2016-02-24,11.476090431213379,17.12643051147461
2016-02-25,11.48914623260498,17.336172103881836
2016-02-26,11.293306350708008,17.44911003112793
2016-02-29,11.280252456665039,17.44911003112793
2016-03-01,11.645816802978516,17.83633041381836
2016-03-02,11.985269546508789,17.86859893798828
2016-03-03,12.2202730178833,18.062213897705078
2016-03-04,12.43569564819336,18.24775505065918
2016-03-07,12.611947059631348,18.58656883239746
2016-03-08,12.376940727233887,18.296161651611328
2016-03-09,12.670701026916504,18.634971618652344
2016-03-10,12.57931137084961,18.48976707458496
2016-03-11,12.905706405639648,18.868919372558594
2016-03-14,12.735980033874512,18.772117614746094
2016-03-15,12.448752403259277,18.54623794555664
2016-03-16,12.735980033874512,18.9495906829834
2016-03-17,13.016679763793945,19.320674896240234
2016-03-18,12.944873809814453,19.12706756591797
2016-03-21,12.873066902160645,19.12706756591797
2016-03-22,12.853483200073242,19.119001388549805
2016-03-23,12.57931137084961,18.71564483642578
2016-03-24,12.553199768066406,18.626909255981445
2016-03-28,12.592366218566895,18.739843368530273
2016-03-29,12.559723854064941,18.933456420898438
2016-03-30,12.618474960327148,19.199668884277344
2016-03-31,12.611947059631348,19.12706756591797
2016-04-01,12.533612251281738,19.04639434814453
2016-04-04,12.376940727233887,18.812450408935547
2016-04-05,12.011380195617676,18.618839263916016
2016-04-06,12.272496223449707,18.780181884765625
2016-04-07,12.01791000366211,18.5704402923584
2016-04-08,12.141939163208008,18.957660675048828
2016-04-11,12.148467063903809,19.1351375579834
2016-04-12,12.52708625793457,19.58689308166504
2016-04-13,12.722923278808594,19.667564392089844
2016-04-14,12.853483200073242,19.619163513183594
2016-04-15,12.97751235961914,19.554622650146484
2016-04-18,13.140710830688477,19.724035263061523
2016-04-19,13.343076705932617,20.151588439941406
2016-04-20,13.356131553649902,20.2645263671875
2016-04-21,13.271267890930176,20.111249923706055
2016-04-22,13.225573539733887,20.216123580932617
2016-04-25,13.153767585754395,20.078983306884766
2016-04-26,13.251683235168457,20.216123580932617
2016-04-27,12.931815147399902,20.312929153442383
2016-04-28,12.970987319946289,20.377466201782227
2016-04-29,13.010153770446777,20.490406036376953
2016-05-02,13.108071327209473,20.369401931762695
2016-05-03,12.944873809814453,19.86923599243164
2016-05-04,12.742506980895996,19.490083694458008
2016-05-05,12.735980033874512,19.482013702392578
2016-05-06,12.709868431091309,19.5062198638916
2016-05-09,12.644590377807617,19.199668884277344
2016-05-10,12.925291061401367,19.554622650146484
2016-05-11,12.879591941833496,19.635295867919922
2016-05-12,12.846954345703125,19.691761016845703
2016-05-13,12.664172172546387,19.473947525024414
2016-05-16,12.866539001464844,19.76436996459961
2016-05-17,12.846954345703125,19.80470085144043
2016-05-18,12.683757781982422,19.522354125976562
2016-05-19,12.644590377807617,19.377147674560547
2016-05-20,12.696810722351074,19.490083694458008
2016-05-23,12.611947059631348,19.45781707763672
2016-05-24,12.644590377807617,19.490083694458008
2016-05-25,12.722923278808594,19.853105545043945
2016-05-26,12.7686185836792,19.949909210205078
2016-05-27,12.781673431396484,19.949909210205078
2016-05-31,12.696810722351074,19.74822998046875
2016-06-01,12.677229881286621,19.796634674072266
2016-06-02,12.57931137084961,19.853105545043945
2016-06-03,12.820838928222656,20.20805549621582
2016-06-06,12.964460372924805,20.482337951660156
2016-06-07,13.095016479492188,20.692081451416016
2016-06-08,13.179879188537598,20.708215713500977
2016-06-09,13.010153770446777,20.554943084716797
2016-06-10,12.683757781982422,20.20805549621582
2016-06-13,12.566253662109375,20.087051391601562
2016-06-14,12.455281257629395,19.82890510559082
2016-06-15,12.461804389953613,19.76436996459961
2016-06-16,12.370416641235352,19.667564392089844
2016-06-17,12.474862098693848,19.82890510559082
2016-06-20,12.788204193115234,20.103185653686523
2016-06-21,12.879591941833496,20.11932373046875
2016-06-22,12.883563995361328,20.042884826660156
2016-06-23,13.241070747375488,20.368125915527344
2016-06-24,12.526057243347168,19.628210067749023
2016-06-27,12.155306816101074,19.205398559570312
2016-06-28,12.499574661254883,19.498111724853516
2016-06-29,12.658470153808594,19.815223693847656
2016-06-30,12.876947402954102,19.92905044555664
2016-07-01,12.936532974243164,20.189245223999023
2016-07-05,12.678329467773438,19.985973358154297
2016-07-06,12.83060073852539,20.107934951782227
2016-07-07,12.737913131713867,19.91279411315918
2016-07-08,13.049077987670898,20.034761428833008
2016-07-11,13.181488990783691,20.05101776123047
2016-07-12,13.419830322265625,20.38439178466797
2016-07-13,13.399968147277832,20.449440002441406
2016-07-14,13.53900146484375,20.66084098815918
2016-07-15,13.492656707763672,20.555139541625977
2016-07-18,13.55886173248291,20.636445999145508
2016-07-19,13.380105018615723,20.49009132385254
2016-07-20,13.452935218811035,20.49009132385254
2016-07-21,13.466174125671387,20.441307067871094
2016-07-22,13.452935218811035,20.41691780090332
2016-07-25,13.492656707763672,20.156723022460938
2016-07-26,13.605204582214355,20.294944763183594
2016-07-27,13.598583221435547,20.286821365356445
2016-07-28,13.644927978515625,20.31121063232422
2016-07-29,13.830297470092773,20.522613525390625
2016-08-01,13.67802906036377,20.27055549621582
2016-08-02,13.664790153503418,20.246164321899414
2016-08-03,13.611824035644531,20.408781051635742
2016-08-04,13.67802906036377,20.43317222595215
2016-08-05,13.777338981628418,20.41691780090332
2016-08-08,13.850162506103516,20.59579849243164
2016-08-09,13.922992706298828,20.717761993408203
2016-08-10,13.929611206054688,20.758411407470703
2016-08-11,13.969334602355957,20.994211196899414
2016-08-12,13.810441970825195,20.921037673950195
2016-08-15,13.903129577636719,21.026737213134766
2016-08-16,13.896506309509277,21.051130294799805
2016-08-17,13.896506309509277,21.026737213134766
2016-08-18,13.903129577636719,21.173095703125
2016-08-19,13.777338981628418,21.034873962402344
2016-08-22,13.790578842163086,20.969818115234375
2016-08-23,13.876643180847168,21.091785430908203
2016-08-24,13.876643180847168,20.921037673950195
2016-08-25,13.87002944946289,20.888513565063477
2016-08-26,13.684652328491211,20.81533432006836
2016-08-29,13.671408653259277,20.855985641479492
2016-08-30,13.552239418029785,20.758411407470703
2016-08-31,13.386727333068848,20.579530715942383
2016-09-01,13.459551811218262,20.725889205932617
2016-09-02,13.466174125671387,21.026737213134766
2016-09-06,13.704511642456055,21.278799057006836
2016-09-07,13.671408653259277,21.197486877441406
2016-09-08,13.519139289855957,21.156837463378906
2016-09-09,13.088804244995117,20.6120548248291
2016-09-12,13.214593887329102,20.68523406982422
2016-09-13,12.764397621154785,20.14045524597168
2016-09-14,12.870326042175293,20.124195098876953
2016-09-15,13.115283966064453,20.40065574645996
2016-09-16,13.102044105529785,20.254291534423828
2016-09-19,13.155009269714355,20.32747459411621
2016-09-20,13.234457015991211,20.343734741210938
2016-09-21,13.532377243041992,20.766550064086914
2016-09-22,13.618443489074707,20.953561782836914
2016-09-23,13.598583221435547,20.677104949951172
2016-09-26,13.585347175598145,20.49009132385254
2016-09-27,13.730995178222656,20.47382926940918
2016-09-28,13.889883995056152,20.880380630493164
2016-09-29,13.730995178222656,20.823463439941406
2016-09-30,13.83692455291748,20.888513565063477
2016-10-03,13.86340618133545,20.847856521606445
2016-10-04,13.757478713989258,20.514482498168945
2016-10-05,13.83692455291748,20.69336700439453
2016-10-06,13.843544960021973,20.6120548248291
2016-10-07,13.790578842163086,20.441307067871094
2016-10-10,13.896506309509277,20.66084098815918
2016-10-11,13.631685256958008,20.50635528564453
2016-10-12,13.724372863769531,20.547008514404297
2016-10-13,13.684652328491211,20.636445999145508
2016-10-14,13.704511642456055,20.668975830078125
2016-10-17,13.664790153503418,20.725889205932617
2016-10-18,13.83692455291748,20.929162979125977
2016-10-19,13.942849159240723,21.075525283813477
2016-10-20,13.803821563720703,20.929162979125977
2016-10-21,13.724372863769531,20.896644592285156
2016-10-24,13.697892189025879,20.799068450927734
2016-10-25,13.810441970825195,20.78281021118164
2016-10-26,13.644927978515625,20.709627151489258
2016-10-27,13.413209915161133,20.742149353027344
2016-10-28,13.347003936767578,20.69336700439453
2016-10-31,13.426448822021484,20.6120548248291
2016-11-01,13.373488426208496,20.636445999145508
2016-11-02,13.234457015991211,20.408781051635742
2016-11-03,13.280797958374023,20.38439178466797
2016-11-04,13.1748685836792,20.27055549621582
2016-11-07,13.55886173248291,20.530746459960938
2016-11-08,13.691275596618652,20.66084098815918
2016-11-09,13.591962814331055,20.69336700439453
2016-11-10,13.565478324890137,20.5714054107666
2016-11-11,13.5257568359375,20.205509185791016
2016-11-14,13.55886173248291,20.238025665283203
2016-11-15,13.611824035644531,20.628320693969727
2016-11-16,13.347003936767578,20.587661743164062
2016-11-17,13.373488426208496,20.668975830078125
2016-11-18,13.260936737060547,20.701496124267578
2016-11-21,13.373488426208496,21.124305725097656
2016-11-22,13.519139289855957,21.124305725097656
2016-11-23,13.644927978515625,21.08365821838379
2016-11-25,13.790578842163086,21.042999267578125
2016-11-28,13.737614631652832,21.059263229370117
2016-11-29,13.757478713989258,21.01860809326172
2016-11-30,13.532377243041992,21.148700714111328
2016-12-01,13.67802906036377,21.23001480102539
2016-12-02,13.697892189025879,21.32758331298828
2016-12-05,13.724372863769531,21.4007625579834
2016-12-06,13.737614631652832,21.433286666870117
2016-12-07,13.929611206054688,21.669086456298828
2016-12-08,13.969334602355957,21.839839935302734
2016-12-09,14.002436637878418,21.90488624572754
2016-12-12,14.035537719726562,21.953670501708984
2016-12-13,14.114985466003418,22.091896057128906
2016-12-14,13.850162506103516,21.612167358398438
2016-12-15,13.757478713989258,21.571516036987305
2016-12-16,13.618443489074707,21.62030029296875
2016-12-19,13.591962814331055,21.498334884643555
2016-12-20,13.724372863769531,21.612167358398438
2016-12-21,13.717577934265137,21.598207473754883
2016-12-22,13.731172561645508,21.524295806884766
2016-12-23,13.629205703735352,21.409326553344727
2016-12-27,13.690387725830078,21.409326553344727
2016-12-28,13.744766235351562,21.368267059326172
2016-12-29,13.85352897644043,21.49144744873047
2016-12-30,13.75156307220459,21.475025177001953
2017-01-03,13.9962797164917,21.598207473754883
2017-01-04,14.173015594482422,21.959550857543945
2017-01-05,14.308969497680664,22.123794555664062
2017-01-06,14.234193801879883,22.082731246948242
2017-01-09,14.390539169311523,21.92669677734375
2017-01-10,14.417728424072266,21.959550857543945
2017-01-11,14.567280769348145,22.164854049682617
2017-01-12,14.628457069396973,22.173065185546875
2017-01-13,14.567280769348145,22.279823303222656
2017-01-17,14.533288955688477,22.304460525512695
2017-01-18,14.410934448242188,21.934911727905273
2017-01-19,14.472113609313965,21.861000061035156
2017-01-20,14.472113609313965,22.03345489501953
2017-01-23,14.431326866149902,22.025245666503906
2017-01-24,14.540088653564453,22.41943359375
2017-01-25,14.587669372558594,22.616525650024414
2017-01-26,14.506098747253418,22.55904197692871
2017-01-27,14.546889305114746,22.386581420898438
2017-01-30,14.431326866149902,22.181276321411133
2017-01-31,14.438121795654297,22.32088279724121
2017-02-01,14.512896537780762,22.25518798828125
2017-02-02,14.662446022033691,22.312671661376953
2017-02-03,14.676040649414062,22.39479637145996
2017-02-06,14.540088653564453,22.238765716552734
2017-02-07,14.506098747253418,22.173065185546875
2017-02-08,14.58087158203125,22.25518798828125
2017-02-09,14.655646324157715,22.411222457885742
2017-02-10,14.85278034210205,22.6575870513916
2017-02-13,14.92755126953125,22.73149871826172
2017-02-14,14.941145896911621,22.805410385131836
2017-02-15,15.145074844360352,22.85468292236328
2017-02-16,15.145074844360352,22.862892150878906
2017-02-17,15.117880821228027,22.813623428344727
2017-02-21,15.179065704345703,22.85468292236328
2017-02-22,15.206254959106445,22.73149871826172
2017-02-23,15.206254959106445,22.665803909301758
2017-02-24,15.009125709533691,22.35373306274414
2017-02-27,14.995526313781738,22.312671661376953
2017-02-28,14.920755386352539,21.91848373413086
2017-03-01,15.090696334838867,22.074514389038086
2017-03-02,14.920755386352539,21.91027069091797
2017-03-03,14.941145896911621,22.04166603088379
2017-03-06,14.900358200073242,22.074514389038086
2017-03-07,14.961544036865234,22.03345489501953
2017-03-08,14.859574317932129,21.7624568939209
2017-03-09,14.859574317932129,21.7624568939209
2017-03-10,14.988730430603027,21.787090301513672
2017-03-13,15.036314010620117,21.89384651184082
2017-03-14,14.934347152709961,21.614633560180664
2017-03-15,15.396585464477539,22.049880981445312
2017-03-16,15.260632514953613,22.066307067871094
2017-03-17,15.287827491760254,21.934911727905273
2017-03-20,15.315016746520996,21.852787017822266
2017-03-21,15.104290008544922,21.606420516967773
2017-03-22,15.022716522216797,21.737817764282227
2017-03-23,14.968338966369629,21.8199405670166
2017-03-24,15.070300102233887,21.787090301513672
2017-03-27,15.070300102233887,21.861000061035156
2017-03-28,15.287827491760254,22.03345489501953
2017-03-29,15.46456241607666,22.205915451049805
2017-03-30,15.484959602355957,22.074514389038086
2017-03-31,15.369396209716797,22.074514389038086
2017-04-03,15.32181453704834,21.992395401000977
2017-04-04,15.281021118164062,22.074514389038086
2017-04-05,15.260632514953613,21.984182357788086
2017-04-06,15.240240097045898,22.09915542602539
2017-04-07,15.165467262268066,22.066307067871094
2017-04-10,15.219847679138184,22.25518798828125
2017-04-11,15.32861042022705,22.230548858642578
2017-04-12,15.287827491760254,22.214130401611328
2017-04-13,15.247038841247559,21.91848373413086
2017-04-17,15.335407257080078,22.19770050048828
2017-04-18,15.131482124328613,22.00882339477539
2017-04-19,14.98193645477295,21.754243850708008
2017-04-20,15.138275146484375,21.885637283325195
2017-04-21,15.179065704345703,21.8199405670166
2017-04-24,15.342204093933105,22.017030715942383
2017-04-25,15.376193046569824,21.992395401000977
2017-04-26,15.233443260192871,21.754243850708008
2017-04-27,15.226643562316895,21.524295806884766
2017-04-28,15.267434120178223,21.56536102294922
2017-05-01,15.416980743408203,21.532508850097656
2017-05-02,15.4033842086792,21.532508850097656
2017-05-03,15.063504219055176,21.45859718322754
2017-05-04,14.954739570617676,21.19580841064453
2017-05-05,15.022716522216797,21.589994430541992
2017-05-08,14.92755126953125,21.614633560180664
2017-05-09,14.744016647338867,21.45859718322754
2017-05-10,14.873169898986816,21.65569496154785
2017-05-11,14.85278034210205,21.475025177001953
2017-05-12,14.78480052947998,21.44217300415039
2017-05-15,14.88676643371582,21.65569496154785
2017-05-16,14.961544036865234,21.63105583190918
2017-05-17,14.58087158203125,21.18759536743164
2017-05-18,14.614861488342285,21.19580841064453
2017-05-19,14.744016647338867,21.581783294677734
2017-05-22,14.85278034210205,21.70496368408203
2017-05-23,14.85278034210205,21.672119140625
2017-05-24,14.873169898986816,21.688541412353516
2017-05-25,14.825590133666992,21.606420516967773
2017-05-26,14.73041820526123,21.663908004760742
2017-05-30,14.655646324157715,21.589994430541992
2017-05-31,14.608060836791992,21.483234405517578
2017-06-01,14.58087158203125,21.639270782470703
2017-06-02,14.764409065246582,21.63105583190918
2017-06-05,14.77120590209961,21.639270782470703
2017-06-06,14.608060836791992,21.754243850708008
2017-06-07,14.608060836791992,21.49966049194336
2017-06-08,14.676040649414062,21.598207473754883
2017-06-09,14.662446022033691,21.77066421508789
2017-06-12,14.648846626281738,21.828149795532227
2017-06-13,14.968338966369629,21.967756271362305
2017-06-14,15.111087799072266,21.69675636291504
2017-06-15,14.995526313781738,21.614633560180664
2017-06-16,15.063504219055176,21.80351448059082
2017-06-19,15.117880821228027,21.869213104248047
2017-06-20,14.840108871459961,21.60841941833496
2017-06-21,14.694276809692383,21.50906753540039
2017-06-22,14.728998184204102,21.74088478088379
2017-06-23,14.83316421508789,21.823678970336914
2017-06-26,14.847052574157715,21.88163185119629
2017-06-27,14.798442840576172,21.97270393371582
2017-06-28,15.110940933227539,22.328704833984375
2017-06-29,15.138716697692871,22.179676055908203
2017-06-30,15.055386543273926,22.15484046936035
2017-07-03,14.985941886901855,22.303863525390625
2017-07-05,15.055386543273926,22.15484046936035
2017-07-06,14.916497230529785,22.063772201538086
2017-07-07,14.916497230529785,22.15484046936035
2017-07-10,14.951223373413086,22.270748138427734
2017-07-11,14.985941886901855,22.254186630249023
2017-07-12,15.048439025878906,22.5936336517334
2017-07-13,15.208162307739258,22.62674903869629
2017-07-14,15.458158493041992,22.808889389038086
2017-07-17,15.402603149414062,22.70954132080078
2017-07-18,15.451214790344238,22.800609588623047
2017-07-19,15.728987693786621,23.00758934020996
2017-07-20,15.77065658569336,23.06553840637207
2017-07-21,15.54843521118164,23.015865325927734
2017-07-24,15.555380821228027,23.032428741455078
2017-07-25,15.722044944763184,23.13177490234375
2017-07-26,15.888705253601074,23.164888381958008
2017-07-27,15.805373191833496,22.991031646728516
2017-07-28,15.708158493041992,23.098655700683594
2017-07-31,15.763711929321289,23.098655700683594
2017-08-01,15.819265365600586,23.04070472717285
2017-08-02,15.77065658569336,23.098655700683594
2017-08-03,15.645655632019043,22.991031646728516
2017-08-04,15.659544944763184,22.991031646728516
2017-08-07,15.694265365600586,22.9661922454834
2017-08-08,15.62482738494873,22.933076858520508
2017-08-09,15.58315658569336,22.808889389038086
2017-08-10,15.402603149414062,22.494285583496094
2017-08-11,15.444267272949219,22.52739906311035
2017-08-14,15.513713836669922,22.601913452148438
2017-08-15,15.47204875946045,22.52739906311035
2017-08-16,15.826211929321289,22.692981719970703
2017-08-17,15.62482738494873,22.535675048828125
2017-08-18,15.701211929321289,22.577072143554688
2017-08-21,15.687318801879883,22.610191345214844
2017-08-22,15.78454303741455,22.684701919555664
2017-08-23,15.708158493041992,22.833728790283203
2017-08-24,15.680378913879395,22.883399963378906
2017-08-25,15.763711929321289,22.949634552001953
2017-08-28,15.728987693786621,22.86684226989746
2017-08-29,15.617877960205078,22.891681671142578
2017-08-30,15.541487693786621,22.79233169555664
2017-08-31,15.728987693786621,23.073820114135742
2017-09-01,15.847043991088867,23.27251625061035
2017-09-05,15.749820709228516,23.090377807617188
2017-09-06,15.805373191833496,23.35530662536621
2017-09-07,15.895652770996094,23.49605369567871
2017-09-08,15.840095520019531,23.413265228271484
2017-09-11,15.978982925415039,23.57884407043457
2017-09-12,16.083152770996094,23.59540367126465
2017-09-13,15.951205253601074,23.587127685546875
2017-09-14,15.951205253601074,23.678192138671875
2017-09-15,15.902595520019531,23.6699161529541
2017-09-18,15.853985786437988,23.587127685546875
2017-09-19,15.958151817321777,23.711313247680664
2017-09-20,15.923434257507324,23.752704620361328
2017-09-21,15.659544944763184,23.868608474731445
2017-09-22,15.77065658569336,23.8520565032959
2017-09-25,15.722044944763184,23.876890182495117
2017-09-26,15.603989601135254,23.8520565032959
2017-09-27,15.54843521118164,23.868608474731445
2017-09-28,15.520659446716309,23.959684371948242
2017-09-29,15.58315658569336,23.959684371948242
2017-10-02,15.652605056762695,23.976242065429688
2017-10-03,15.58315658569336,24.075593948364258
2017-10-04,15.499821662902832,24.100433349609375
2017-10-05,15.430378913879395,24.00107765197754
2017-10-06,15.430378913879395,23.967960357666016
2017-10-09,15.437325477600098,23.976242065429688
2017-10-10,15.562324523925781,24.100433349609375
2017-10-11,15.603989601135254,24.24117660522461
2017-10-12,15.71509838104248,24.158382415771484
2017-10-13,15.94426441192627,24.22461700439453
2017-10-16,15.965099334716797,24.150102615356445
2017-10-17,16.02065086364746,24.141817092895508
2017-10-18,16.02065086364746,24.24117660522461
2017-10-19,16.048425674438477,24.282564163208008
2017-10-20,16.048425674438477,24.092147827148438
2017-10-23,15.951205253601074,24.034196853637695
2017-10-24,15.972042083740234,24.0424747467041
2017-10-25,15.756765365600586,23.777544021606445
2017-10-26,15.756765365600586,23.719589233398438
2017-10-27,15.833152770996094,23.868608474731445
2017-10-30,15.805373191833496,23.943124771118164
2017-10-31,15.763711929321289,23.835498809814453
2017-11-01,15.840095520019531,23.918283462524414
2017-11-02,15.958151817321777,23.984519958496094
2017-11-03,15.867875099182129,24.100433349609375
2017-11-06,15.930375099182129,24.282564163208008
2017-11-07,15.902595520019531,24.232892990112305
2017-11-08,16.055374145507812,24.29912567138672
2017-11-09,16.0900936126709,24.348798751831055
2017-11-10,16.0900936126709,24.274288177490234
2017-11-13,15.978982925415039,24.174942016601562
2017-11-14,15.798432350158691,24.01763343811035
2017-11-15,15.749820709228516,23.92656707763672
2017-11-16,15.853985786437988,24.02591896057129
2017-11-17,15.71509838104248,24.050750732421875
2017-11-20,15.749820709228516,24.0424747467041
2017-11-21,15.847043991088867,24.158382415771484
2017-11-22,15.930375099182129,24.33224105834961
2017-11-24,15.923434257507324,24.348798751831055
2017-11-27,15.853985786437988,24.141817092895508
2017-11-28,15.94426441192627,24.067312240600586
2017-11-29,15.853985786437988,23.89344596862793
2017-11-30,15.812321662902832,23.959684371948242
2017-12-01,15.867875099182129,24.315685272216797
2017-12-04,15.763711929321289,24.18321418762207
2017-12-05,15.735932350158691,24.116985321044922
2017-12-06,15.694265365600586,23.93484115600586
2017-12-07,15.687318801879883,24.0424747467041
2017-12-08,15.735932350158691,24.12526512145996
2017-12-11,15.77065658569336,24.141817092895508
2017-12-12,15.853985786437988,24.174942016601562
2017-12-13,16.0900936126709,24.24117660522461
2017-12-14,16.048425674438477,24.166658401489258
2017-12-15,16.069263458251953,24.009357452392578
2017-12-18,16.180368423461914,24.166658401489258
2017-12-19,16.151199340820312,24.140668869018555
2017-12-20,16.151199340820312,24.241283416748047
2017-12-21,16.26504135131836,24.442527770996094
2017-12-22,16.34330940246582,24.459300994873047
2017-12-26,16.34330940246582,24.53476905822754
2017-12-27,16.42868995666504,24.6353816986084
2017-12-28,16.49983787536621,24.836631774902344
2017-12-29,16.48560333251953,24.853397369384766
2018-01-02,16.59233283996582,25.07979393005371
2018-01-03,16.699060440063477,25.172033309936523
2018-01-04,16.763093948364258,25.34811782836914
2018-01-05,16.862707138061523,25.440353393554688
2018-01-08,16.77020835876465,25.356504440307617
2018-01-09,16.79155921936035,25.2894229888916
2018-01-10,16.64925193786621,25.037874221801758
2018-01-11,16.748865127563477,25.163650512695312
2018-01-12,16.84136199951172,25.24749755859375
2018-01-16,16.69194221496582,25.34811782836914
2018-01-17,16.784440994262695,25.40681266784668
2018-01-18,16.798673629760742,25.34811782836914
2018-01-19,16.834243774414062,25.27264976501465
2018-01-22,16.8555908203125,25.373271942138672
2018-01-23,16.89116859436035,25.431970596313477
2018-01-24,16.99077606201172,25.50743865966797
2018-01-25,16.94097328186035,25.322965621948242
2018-01-26,17.15442657470703,25.423583984375
2018-01-29,17.033466339111328,25.188804626464844
2018-01-30,16.89828109741211,25.02948760986328
2018-01-31,16.912511825561523,25.054637908935547
2018-02-01,16.99077606201172,24.970788955688477
2018-02-02,16.73463249206543,24.283214569091797
2018-02-05,16.172548294067383,23.60402488708496
2018-02-06,16.32907485961914,23.70464324951172
2018-02-07,15.987549781799316,23.528553009033203
2018-02-08,15.539304733276367,22.991905212402344
2018-02-09,15.738526344299316,23.03383445739746
2018-02-12,15.987549781799316,23.318925857543945
2018-02-13,16.08005142211914,23.3356990814209
2018-02-14,16.364652633666992,23.662715911865234
2018-02-15,16.48560333251953,23.813644409179688
2018-02-16,16.350419998168945,23.70464324951172
2018-02-20,16.307735443115234,23.57886505126953
2018-02-21,16.26504135131836,23.612401962280273
2018-02-22,16.393112182617188,23.56209373474121
2018-02-23,16.521183013916016,23.86396026611328
2018-02-26,16.699060440063477,23.981348037719727
2018-02-27,16.43580436706543,23.754953384399414
2018-02-28,16.23657989501953,23.30215835571289
2018-03-01,16.12985610961914,23.151226043701172
2018-03-02,16.17966079711914,23.042219161987305
2018-03-05,16.250810623168945,23.109296798706055
2018-03-06,16.378883361816406,23.26023292541504
2018-03-07,16.27215576171875,23.167997360229492
2018-03-08,16.29350471496582,23.26023292541504
2018-03-09,16.585220336914062,23.49501609802246
2018-03-12,16.578102111816406,23.478240966796875
2018-03-13,16.364652633666992,23.285388946533203
2018-03-14,16.43580436706543,23.360849380493164
2018-03-15,16.25792694091797,23.23507308959961
2018-03-16,16.201005935668945,23.2015380859375
2018-03-19,16.072935104370117,23.05898666381836
2018-03-20,16.016014099121094,23.142839431762695
2018-03-21,16.17966079711914,23.49501609802246
2018-03-22,15.766988754272461,23.02545166015625
2018-03-23,15.560650825500488,22.799053192138672
2018-03-26,15.838138580322266,22.95836639404297
2018-03-27,15.532188415527344,22.790664672851562
2018-03-28,15.539304733276367,22.706817626953125
2018-03-29,15.66737174987793,23.109296798706055
2018-04-02,15.397000312805176,22.782283782958984
2018-04-03,15.574882507324219,22.924829483032227
2018-04-04,15.681604385375977,23.000295639038086
2018-04-05,15.695834159851074,23.3105411529541
2018-04-06,15.51795768737793,23.05898666381836
2018-04-09,15.695834159851074,23.218305587768555
2018-04-10,15.980439186096191,23.453086853027344
2018-04-11,15.873713493347168,23.48662567138672
2018-04-12,15.923515319824219,23.48662567138672
2018-04-13,15.923515319824219,23.436315536499023
2018-04-16,15.994664192199707,23.53693962097168
2018-04-17,16.016014099121094,23.679489135742188
2018-04-18,16.108509063720703,23.796876907348633
2018-04-19,15.937747955322266,23.612401962280273
2018-04-20,15.774105072021484,23.51178550720215
2018-04-23,15.781219482421875,23.427934646606445
2018-04-24,15.781219482421875,23.377620697021484
2018-04-25,15.752756118774414,23.394392013549805
2018-04-26,15.831022262573242,23.553709030151367
2018-04-27,15.923515319824219,23.654329299926758
2018-04-30,15.788329124450684,23.587251663208008
2018-05-01,15.866598129272461,23.587251663208008
2018-05-02,16.001779556274414,23.553709030151367
2018-05-03,16.151199340820312,23.570478439331055
2018-05-04,16.172548294067383,23.73818016052246
2018-05-07,16.087167739868164,23.805261611938477
2018-05-08,16.016014099121094,23.780107498168945
2018-05-09,16.087167739868164,24.031660079956055
2018-05-10,16.27927017211914,24.35029411315918
2018-05-11,16.25792694091797,24.333526611328125
2018-05-14,16.29350471496582,24.46768569946289
2018-05-15,16.094284057617188,24.38383674621582
2018-05-16,16.243696212768555,24.50960922241211
2018-05-17,16.26504135131836,24.58507537841797
2018-05-18,16.151199340820312,24.434144973754883
2018-05-21,16.357540130615234,24.660539627075195
2018-05-22,16.243696212768555,24.53476905822754
2018-05-23,16.158315658569336,24.459300994873047
2018-05-24,16.17966079711914,24.291597366333008
2018-05-25,16.08005142211914,24.115509033203125
2018-05-29,15.85948371887207,23.754953384399414
2018-05-30,16.2081241607666,24.207748413085938
2018-05-31,16.058706283569336,24.098737716674805
2018-06-01,16.165428161621094,24.065202713012695
2018-06-04,16.26504135131836,23.629173278808594
2018-06-05,16.193891525268555,24.1490478515625
2018-06-06,16.421571731567383,24.266443252563477
2018-06-07,16.29350471496582,24.249671936035156
2018-06-08,16.2863826751709,24.35867691040039
2018-06-11,16.371767044067383,24.35029411315918
2018-06-12,16.158315658569336,24.32513427734375
2018-06-13,16.13697052001953,24.35867691040039
2018-06-14,15.987549781799316,24.291597366333008
2018-06-15,16.001779556274414,24.065202713012695
2018-06-18,16.13697052001953,24.165821075439453
2018-06-19,16.007863998413086,23.881877899169922
2018-06-20,16.167434692382812,24.01708984375
2018-06-21,16.2254581451416,23.86497688293457
2018-06-22,16.457565307617188,24.093141555786133
2018-06-25,16.123916625976562,23.64525032043457
2018-06-26,16.239965438842773,23.82271957397461
2018-06-27,16.094898223876953,23.628353118896484
2018-06-28,16.312496185302734,23.763565063476562
2018-06-29,16.399539947509766,24.093141555786133
2018-07-02,16.181941986083984,23.96638298034668
2018-07-03,16.26897621154785,24.03399085998535
2018-07-05,16.44305419921875,24.093141555786133
2018-07-06,16.66790199279785,24.321313858032227
2018-07-09,16.805715560913086,24.448074340820312
2018-07-10,16.71142578125,24.608640670776367
2018-07-11,16.30524444580078,24.270610809326172
2018-07-12,16.61713218688965,24.55793571472168
2018-07-13,16.55910873413086,24.566389083862305
2018-07-16,16.45030975341797,24.498783111572266
2018-07-17,16.38503074645996,24.448074340820312
2018-07-18,16.479320526123047,24.40582275390625
2018-07-19,16.38503074645996,24.36356544494629
2018-07-20,16.566362380981445,24.422725677490234
2018-07-23,16.40679168701172,24.321313858032227
2018-07-24,16.588119506835938,24.388917922973633
2018-07-25,16.638893127441406,24.608640670776367
2018-07-26,16.472070693969727,24.61709213256836
2018-07-27,16.566362380981445,24.54103660583496
2018-07-30,16.551855087280273,24.566389083862305
2018-07-31,16.624387741088867,24.684696197509766
2018-08-01,16.4865779876709,24.600196838378906
2018-08-02,16.435802459716797,24.676250457763672
2018-08-03,16.479320526123047,24.71005630493164
2018-08-06,16.472070693969727,24.7945556640625
2018-08-07,16.522846221923828,24.388917922973633
2018-08-08,16.60988426208496,24.49032974243164
2018-08-09,16.5736141204834,24.608640670776367
2018-08-10,16.30524444580078,24.321313858032227
2018-08-13,16.210956573486328,24.23680877685547
2018-08-14,16.27623176574707,24.49032974243164
2018-08-15,16.254472732543945,24.050893783569336
2018-08-16,16.457565307617188,24.143850326538086
2018-08-17,16.68241310119629,24.464977264404297
2018-08-20,16.696916580200195,24.464977264404297
2018-08-21,16.544599533081055,24.40582275390625
2018-08-22,16.501081466674805,24.583290100097656
2018-08-23,16.189191818237305,24.372020721435547
2018-08-24,16.334259033203125,24.498783111572266
2018-08-27,16.493825912475586,24.77765655517578
2018-08-28,16.4865779876709,24.69314956665039
2018-08-29,16.64614486694336,24.77765655517578
2018-08-30,16.472070693969727,24.650896072387695
2018-08-31,16.312496185302734,24.338211059570312
2018-09-04,16.131168365478516,23.94103240966797
2018-09-05,15.993351936340332,23.9072265625
2018-09-06,15.826533317565918,23.89032745361328
2018-09-07,15.565413475036621,23.79736328125
2018-09-10,15.674216270446777,23.772014617919922
2018-09-11,15.717732429504395,23.924129486083984
2018-09-12,15.877307891845703,24.03399085998535
2018-09-13,15.877307891845703,24.00864028930664
2018-09-14,15.85554313659668,23.949485778808594
2018-09-17,15.877307891845703,24.03399085998535
2018-09-18,16.051382064819336,24.346668243408203
2018-09-19,16.123916625976562,24.39737319946289
2018-09-20,16.2254581451416,24.524137496948242
2018-09-21,16.1746883392334,24.549488067626953
2018-09-24,16.109403610229492,24.448074340820312
2018-09-25,16.138418197631836,24.346668243408203
2018-09-26,16.116662979125977,24.253711700439453
2018-09-27,16.04412841796875,24.312862396240234
2018-09-28,16.04412841796875,24.321313858032227
2018-10-01,16.02236557006836,24.608640670776367
2018-10-02,15.833786964416504,24.40582275390625
2018-10-03,15.739493370056152,24.464977264404297
2018-10-04,15.652451515197754,24.253711700439453
2018-10-05,15.58717155456543,24.110048294067383
2018-10-08,15.478378295898438,24.025537490844727
2018-10-09,15.420351028442383,23.98328399658203
2018-10-10,15.093955039978027,23.239614486694336
2018-10-11,14.854599952697754,22.92694091796875
2018-10-12,14.934386253356934,23.04524803161621
2018-10-15,14.963398933410645,23.053699493408203
2018-10-16,15.1954984664917,23.40863609313965
2018-10-17,15.159233093261719,23.248064041137695
2018-10-18,15.021422386169434,22.901586532592773
2018-10-19,15.166486740112305,22.977645874023438
2018-10-22,15.021422386169434,22.935388565063477
2018-10-23,14.861852645874023,22.74947166442871
2018-10-24,14.513697624206543,22.267780303955078
2018-10-25,14.571722984313965,22.276229858398438
2018-10-26,14.477431297302246,22.191722869873047
2018-10-29,14.441165924072266,21.92974853515625
2018-10-30,14.818333625793457,22.25087547302246
2018-10-31,14.941638946533203,22.40298843383789
2018-11-01,15.180994033813477,22.639610290527344
2018-11-02,15.14472770690918,22.597360610961914
2018-11-05,15.202753067016602,22.724117279052734
2018-11-06,15.347820281982422,22.783275604248047
2018-11-07,15.558161735534668,22.92694091796875
2018-11-08,15.507387161254883,22.82552719116211
2018-11-09,15.376834869384766,22.631162643432617
2018-11-12,15.275287628173828,22.40298843383789
2018-11-13,15.25352954864502,22.377635955810547
2018-11-14,15.079452514648438,22.445241928100586
2018-11-15,15.1954984664917,22.555103302001953
2018-11-16,15.246271133422852,22.60580825805664
2018-11-19,14.956141471862793,22.436796188354492
2018-11-20,14.673270225524902,21.9128475189209
2018-11-21,14.948895454406738,22.41144561767578
2018-11-23,14.927131652832031,22.10721206665039
2018-11-26,15.093955039978027,22.276229858398438
2018-11-27,15.086702346801758,22.09876251220703
2018-11-28,15.318807601928711,22.470598220825195
2018-11-29,15.246271133422852,22.50440216064453
2018-11-30,15.086702346801758,22.512847900390625
2018-12-03,15.347820281982422,22.74102210998535
2018-12-04,14.934386253356934,22.343835830688477
2018-12-06,14.818333625793457,21.921297073364258
2018-12-07,14.731295585632324,21.802988052368164
2018-12-10,14.535462379455566,21.583267211914062
2018-12-11,14.651510238647461,21.498756408691406
2018-12-12,14.796571731567383,21.735380172729492
2018-12-13,14.789319038391113,21.69312858581543
2018-12-14,14.535462379455566,21.439605712890625
2018-12-17,14.535462379455566,21.00861930847168
2018-12-18,14.539223670959473,21.007755279541016
2018-12-19,14.373494148254395,20.758583068847656
2018-12-20,14.215292930603027,20.560962677001953
2018-12-21,13.883830070495605,20.131357192993164
2018-12-24,13.87629508972168,19.847820281982422
2018-12-26,14.35089111328125,20.466449737548828
2018-12-27,14.396095275878906,20.37193489074707
2018-12-28,14.501559257507324,20.492225646972656
2018-12-31,14.501559257507324,20.586740493774414
2019-01-02,14.388558387756348,20.775766372680664
2019-01-03,14.283092498779297,20.646888732910156
2019-01-04,14.787823677062988,21.179595947265625
2019-01-07,14.833024024963379,21.411582946777344
2019-01-08,14.946020126342773,21.643571853637695
2019-01-09,15.156954765319824,22.047409057617188
2019-01-10,15.22475528717041,22.141916275024414
2019-01-11,15.22475528717041,22.098955154418945
2019-01-14,15.1644868850708,22.184877395629883
2019-01-15,15.262421607971191,22.305164337158203
2019-01-16,15.30008602142334,22.373903274536133
2019-01-17,15.443218231201172,22.554338455200195
2019-01-18,15.503483772277832,22.70040512084961
2019-01-22,15.119284629821777,22.477008819580078
2019-01-23,15.187088012695312,22.43404769897461
2019-01-24,15.194619178771973,22.562931060791016
2019-01-25,15.465815544128418,22.87224769592285
2019-01-28,15.390484809875488,22.829286575317383
2019-01-29,15.337750434875488,22.96676254272461
2019-01-30,15.58635425567627,23.164377212524414
2019-01-31,15.511019706726074,23.24170684814453
2019-02-01,15.48841667175293,23.310441970825195
2019-02-04,15.616480827331543,23.37059211730957
2019-02-05,15.872615814208984,23.5080623626709
2019-02-06,15.691818237304688,23.37059211730957
2019-02-07,15.68428897857666,23.207338333129883
2019-02-08,15.654151916503906,23.155790328979492
2019-02-11,15.608953475952148,22.94098472595215
2019-02-12,15.767149925231934,23.207338333129883
2019-02-13,15.624015808105469,23.164377212524414
2019-02-14,15.631549835205078,23.24170684814453
2019-02-15,15.88015079498291,23.551023483276367
2019-02-19,15.978083610534668,23.722869873046875
2019-02-20,15.925349235534668,23.96344566345215
2019-02-21,15.857550621032715,23.843156814575195
2019-02-22,16.038349151611328,23.972036361694336
2019-02-25,16.1212100982666,23.954856872558594
2019-02-26,16.1212100982666,23.99781608581543
2019-02-27,16.053417205810547,24.05795669555664
2019-02-28,16.03081512451172,23.9290771484375
2019-03-01,16.14381217956543,23.817380905151367
2019-03-04,16.060945510864258,23.75723648071289
2019-03-05,16.113677978515625,23.740055084228516
2019-03-06,16.12874412536621,23.611167907714844
2019-03-07,16.083547592163086,23.482290267944336
2019-03-08,16.015748977661133,23.47369384765625
2019-03-11,16.158878326416016,23.679908752441406
2019-03-12,16.053417205810547,23.80019760131836
2019-03-13,16.136280059814453,23.9290771484375
2019-03-14,16.091079711914062,23.82597541809082
2019-03-15,16.158878326416016,23.85175132751465
2019-03-18,16.21161651611328,24.023588180541992
2019-03-19,16.151348114013672,24.006406784057617
2019-03-20,16.158878326416016,23.98063087463379
2019-03-21,16.25680923461914,23.937671661376953
2019-03-22,15.993148803710938,23.568208694458008
2019-03-25,16.068483352661133,23.559614181518555
2019-03-26,16.14381217956543,23.73145866394043
2019-03-27,15.978083610534668,23.636947631835938
2019-03-28,16.098613739013672,23.697092056274414
2019-03-29,16.21161651611328,23.748641967773438
2019-04-01,16.392410278320312,24.05795669555664
2019-04-02,16.30954360961914,24.05795669555664
2019-04-03,16.445144653320312,24.083736419677734
2019-04-04,16.294477462768555,24.100921630859375
2019-04-05,16.219146728515625,24.186840057373047
2019-04-08,16.32461166381836,24.367273330688477
2019-04-09,16.241744995117188,24.221208572387695
2019-04-10,16.35474395751953,24.324317932128906
2019-04-11,16.30954360961914,24.281360626220703
2019-04-12,16.467744827270508,24.478975296020508
2019-04-15,16.430076599121094,24.478975296020508
2019-04-16,16.512941360473633,24.50475311279297
2019-04-17,16.49787712097168,24.60785484313965
2019-04-18,16.512941360473633,24.625041961669922
2019-04-22,16.490345001220703,24.625041961669922
2019-04-23,16.558141708374023,24.625041961669922
2019-04-24,16.475278854370117,24.384462356567383
2019-04-25,16.482810974121094,24.358686447143555
2019-04-26,16.520477294921875,24.453197479248047
2019-04-29,16.49787712097168,24.50475311279297
2019-04-30,16.399944305419922,24.5305233001709
2019-05-01,16.339679718017578,24.358686447143555
2019-05-02,16.31707763671875,24.20402717590332
2019-05-03,16.445144653320312,24.384462356567383
2019-05-06,16.28694725036621,24.350095748901367
2019-05-07,16.1212100982666,24.083736419677734
2019-05-08,16.1212100982666,24.118106842041016
2019-05-09,16.158878326416016,24.05795669555664
2019-05-10,16.35474395751953,24.04077911376953
2019-05-13,16.023283004760742,23.740055084228516
2019-05-14,16.008216857910156,23.937671661376953
2019-05-15,16.12874412536621,24.01500129699707
2019-05-16,16.264345169067383,24.186840057373047
2019-05-17,16.136280059814453,24.126693725585938
2019-05-20,16.482810974121094,24.049365997314453
2019-05-21,16.625944137573242,24.272762298583984
2019-05-22,16.618408203125,24.07514190673828
2019-05-23,16.512941360473633,23.73145866394043
2019-05-24,16.59581184387207,23.911893844604492
2019-05-28,16.490345001220703,23.86893653869629
2019-05-29,16.399944305419922,23.645538330078125
2019-05-30,16.430076599121094,23.57680320739746
2019-05-31,16.422542572021484,23.482290267944336
2019-06-03,16.35474395751953,23.542428970336914
2019-06-04,16.603343963623047,23.886117935180664
2019-06-05,16.53554344177246,23.911893844604492
2019-06-06,16.641008377075195,24.05795669555664
2019-06-07,16.836875915527344,24.186840057373047
2019-06-10,16.836875915527344,24.229801177978516
2019-06-11,17.010143280029297,24.229801177978516
2019-06-12,16.836875915527344,24.05795669555664
2019-06-13,16.844411849975586,24.143882751464844
2019-06-14,16.73140525817871,24.07514190673828
2019-06-17,16.664539337158203,24.147111892700195
2019-06-18,16.918193817138672,24.48525619506836
2019-06-19,17.02580451965332,24.667333602905273
2019-06-20,17.217971801757812,24.944786071777344
2019-06-21,17.118045806884766,24.78872299194336
2019-06-24,17.24102783203125,24.84074592590332
2019-06-25,17.17953872680664,24.658662796020508
2019-06-26,17.248716354370117,24.684673309326172
2019-06-27,17.364015579223633,24.693342208862305
2019-06-28,17.325584411621094,24.81473159790039
2019-07-01,17.29483413696289,24.875423431396484
2019-07-02,17.287147521972656,24.927446365356445
2019-07-03,17.50237464904785,25.144207000732422
2019-07-05,17.51006507873535,25.109525680541992
2019-07-08,17.287147521972656,24.97079849243164
2019-07-09,17.225656509399414,25.0488338470459
2019-07-10,17.29483413696289,25.118194580078125
2019-07-11,17.348644256591797,25.135536193847656
2019-07-12,17.379390716552734,25.135536193847656
2019-07-15,17.402446746826172,25.126867294311523
2019-07-16,17.287147521972656,25.066173553466797
2019-07-17,17.364015579223633,25.0314884185791
2019-07-18,17.456256866455078,25.118194580078125
2019-07-19,17.487001419067383,24.996807098388672
2019-07-22,17.456256866455078,24.996807098388672
2019-07-23,17.525436401367188,24.996807098388672
2019-07-24,17.53312110900879,25.074846267700195
2019-07-25,17.471630096435547,24.83207130432129
2019-07-26,17.433195114135742,24.88409423828125
2019-07-29,17.517751693725586,24.84074592590332
2019-07-30,17.364015579223633,24.780048370361328
2019-07-31,17.225656509399414,24.615312576293945
2019-08-01,17.133419036865234,24.48525619506836
2019-08-02,17.064241409301758,24.329185485839844
2019-08-05,16.441621780395508,23.878328323364258
2019-08-06,16.326326370239258,23.96502685546875
2019-08-07,16.334014892578125,24.129770278930664
2019-08-08,16.610733032226562,24.45924186706543
2019-08-09,16.51848602294922,24.424560546875
2019-08-12,16.3878173828125,24.199129104614258
2019-08-13,16.60304069519043,24.424560546875
2019-08-14,16.211027145385742,23.77427864074707
2019-08-15,16.149532318115234,23.722259521484375
2019-08-16,16.318639755249023,24.03439712524414
2019-08-19,16.38013458251953,24.181791305541992
2019-08-20,16.433935165405273,24.017053604125977
2019-08-21,16.456995010375977,24.242483139038086
2019-08-22,16.4031925201416,24.147111892700195
2019-08-23,16.20334243774414,23.77427864074707
2019-08-26,16.31095314025879,23.999711990356445
2019-08-27,16.295581817626953,24.017053604125977
2019-08-28,16.341699600219727,24.155780792236328
2019-08-29,16.480058670043945,24.398550033569336
2019-08-30,16.664539337158203,24.441904067993164
2019-09-03,16.579978942871094,24.26849365234375
2019-09-04,16.76445960998535,24.545948028564453
2019-09-05,16.964313507080078,24.797391891479492
2019-09-06,17.087299346923828,24.823400497436523
2019-09-09,17.14110565185547,24.83207130432129
2019-09-10,17.14110565185547,24.936119079589844
2019-09-11,17.217971801757812,24.988136291503906
2019-09-12,17.287147521972656,24.996807098388672
2019-09-13,17.34095573425293,25.005477905273438
2019-09-16,17.287147521972656,25.126867294311523
2019-09-17,17.39476203918457,25.256921768188477
2019-09-18,17.264089584350586,25.17021942138672
2019-09-19,17.310213088989258,25.28293228149414
2019-09-20,17.202594757080078,25.28293228149414
2019-09-23,17.217971801757812,25.274263381958008
2019-09-24,17.156476974487305,25.178892135620117
2019-09-25,17.156476974487305,25.152873992919922
2019-09-26,17.125730514526367,25.109525680541992
2019-09-27,17.133419036865234,25.0401611328125
2019-09-30,17.10266876220703,25.05750274658203
2019-10-01,16.887447357177734,24.7367000579834
2019-10-02,16.487743377685547,24.346527099609375
2019-10-03,16.595355987548828,24.346527099609375
2019-10-04,16.77214813232422,24.52860450744629
2019-10-07,16.70296859741211,24.467910766601562
2019-10-08,16.579978942871094,24.242483139038086
2019-10-09,16.679908752441406,24.398550033569336
2019-10-10,16.818267822265625,24.545948028564453
2019-10-11,17.01811981201172,24.7540340423584
2019-10-14,16.8797607421875,24.676006317138672
2019-10-15,17.094987869262695,24.762706756591797
2019-10-16,17.156476974487305,24.771377563476562
2019-10-17,17.17953872680664,24.875423431396484
2019-10-18,17.156476974487305,24.78872299194336
2019-10-21,17.302522659301758,24.97079849243164
2019-10-22,17.302522659301758,24.944786071777344
2019-10-23,17.387081146240234,24.927446365356445
2019-10-24,17.39476203918457,24.979469299316406
2019-10-25,17.44856834411621,25.066173553466797
2019-10-28,17.525436401367188,25.05750274658203
2019-10-29,17.479312896728516,25.014150619506836
2019-10-30,17.46394157409668,24.996807098388672
2019-10-31,17.31789779663086,24.953458786010742
2019-11-01,17.494686126708984,25.17021942138672
2019-11-04,17.44088363647461,25.352296829223633
2019-11-05,17.471630096435547,25.343626022338867
2019-11-06,17.371702194213867,25.404321670532227
2019-11-07,17.55617904663086,25.525705337524414
2019-11-08,17.50237464904785,25.543046951293945
2019-11-11,17.60230255126953,25.525705337524414
2019-11-12,17.571552276611328,25.543046951293945
2019-11-13,17.387081146240234,25.621076583862305
2019-11-14,17.379390716552734,25.621076583862305
2019-11-15,17.53312110900879,25.77714729309082
2019-11-18,17.479312896728516,25.803159713745117
2019-11-19,17.563867568969727,25.655759811401367
2019-11-20,17.248716354370117,25.551713943481445
2019-11-21,17.225656509399414,25.603736877441406
2019-11-22,17.302522659301758,25.508363723754883
2019-11-25,17.387081146240234,25.62974739074707
2019-11-26,17.44088363647461,25.681772232055664
2019-11-27,17.65610694885254,25.71645164489746
2019-11-29,17.54849624633789,25.690441131591797
2019-12-02,17.471630096435547,25.525705337524414
2019-12-03,17.16416358947754,25.33495330810547
2019-12-04,17.29483413696289,25.51703453063965
2019-12-05,17.264089584350586,25.491024017333984
2019-12-06,17.417821884155273,25.560388565063477
2019-12-09,17.333269119262695,25.560388565063477
2019-12-10,17.279460906982422,25.560388565063477
2019-12-11,17.487001419067383,25.655759811401367
2019-12-12,17.59461212158203,25.69911003112793
2019-12-13,17.579238891601562,25.733793258666992
2019-12-16,17.897663116455078,25.930622100830078
2019-12-17,17.73296546936035,25.96577262878418
2019-12-18,17.740808486938477,25.956985473632812
2019-12-19,17.725120544433594,25.983348846435547
2019-12-20,17.73296546936035,26.03607177734375
2019-12-23,17.74864387512207,26.03607177734375
2019-12-24,17.764333724975586,26.06243133544922
2019-12-26,17.87413787841797,26.20302391052246
2019-12-27,17.842761993408203,26.194236755371094
2019-12-30,17.819232940673828,26.106365203857422
2019-12-31,17.756488800048828,26.2645320892334
2020-01-02,17.83492088317871,26.343612670898438
2020-01-03,17.64668846130371,26.211811065673828
2020-01-06,17.740808486938477,26.343612670898438
2020-01-07,17.717275619506836,26.369979858398438
2020-01-08,17.819232940673828,26.343612670898438
2020-01-09,17.827075958251953,26.38755226135254
2020-01-10,17.921194076538086,26.369979858398438
2020-01-13,18.062368392944336,26.510570526123047
2020-01-14,18.172164916992188,26.528146743774414
2020-01-15,18.25844383239746,26.668739318847656
2020-01-16,18.462356567382812,26.80933380126953
2020-01-17,18.446670532226562,26.87083625793457
2020-01-21,18.29765510559082,26.879629135131836
2020-01-22,18.399612426757812,26.739032745361328
2020-01-23,18.383928298950195,26.844480514526367
2020-01-24,18.234914779663086,26.72146224975586
2020-01-27,17.842761993408203,26.38755226135254
2020-01-28,17.99178123474121,26.58965301513672
2020-01-29,17.913347244262695,26.44906234741211
2020-01-30,17.90550994873047,26.49299430847168
2020-01-31,17.458459854125977,26.071216583251953
2020-02-03,17.49767303466797,26.027284622192383
2020-02-04,17.80354881286621,26.369979858398438
2020-02-05,17.913347244262695,26.563291549682617
2020-02-06,17.944719314575195,26.686315536499023
2020-02-07,17.717275619506836,26.475419998168945
2020-02-10,17.780019760131836,26.563291549682617
2020-02-11,17.90550994873047,26.739032745361328
2020-02-12,18.132953643798828,26.897201538085938
2020-02-13,18.030996322631836,26.80054473876953
2020-02-14,18.078054428100586,26.897201538085938
2020-02-18,18.023147583007812,26.81812286376953
2020-02-19,18.117267608642578,27.04658317565918
2020-02-20,17.976097106933594,27.01143455505371
2020-02-21,17.83492088317871,26.914775848388672
2020-02-24,17.07415199279785,26.290895462036133
2020-02-25,16.831022262573242,25.7373104095459
2020-02-26,16.619260787963867,25.482486724853516
2020-02-27,16.227113723754883,24.568628311157227
2020-02-28,15.78006362915039,24.243511199951172
2020-03-02,16.015352249145508,24.753158569335938
2020-03-03,15.858489990234375,24.454397201538086
2020-03-04,16.289854049682617,24.902542114257812
2020-03-05,15.811434745788574,24.515907287597656
2020-03-06,15.51340103149414,23.98868179321289
2020-03-09,13.678145408630371,21.009868621826172
2020-03-10,14.85459041595459,21.528310775756836
2020-03-11,13.693829536437988,20.579301834106445
2020-03-12,11.858574867248535,17.837739944458008
2020-03-13,13.536972999572754,19.770893096923828
2020-03-16,11.3566255569458,17.521408081054688
2020-03-17,12.203665733337402,17.18749237060547
2020-03-18,10.760558128356934,16.36151123046875
2020-03-19,10.940945625305176,16.704208374023438
2020-03-20,10.493897438049316,16.484529495239258
2020-03-23,10.054691314697266,15.50916862487793
2020-03-24,11.286039352416992,17.50383186340332
2020-03-25,11.75661563873291,18.523128509521484
2020-03-26,12.297782897949219,19.138227462768555
2020-03-27,11.372310638427734,18.154075622558594
2020-03-30,12.352684020996094,18.63736343383789
2020-03-31,12.187981605529785,19.199735641479492
2020-04-01,11.772302627563477,18.268308639526367
2020-04-02,12.164451599121094,18.602216720581055
2020-04-03,11.63113021850586,18.461620330810547
2020-04-06,12.61150074005127,19.419410705566406
2020-04-07,12.258566856384277,19.56000518798828
2020-04-08,12.360526084899902,19.981781005859375
2020-04-09,13.042864799499512,20.333267211914062
2020-04-13,12.995805740356445,20.385990142822266
2020-04-14,13.442854881286621,20.579301834106445
2020-04-15,12.784046173095703,19.8587589263916
2020-04-16,12.870316505432129,19.718172073364258
2020-04-17,13.199724197387695,20.544153213500977
2020-04-20,12.729145050048828,20.42113494873047
2020-04-21,12.156608581542969,19.76210594177246
2020-04-22,12.697773933410645,20.227821350097656
2020-04-23,12.619342803955078,20.306907653808594
2020-04-24,12.870316505432129,20.57051658630371
2020-04-27,13.027179718017578,20.9132080078125
2020-04-28,13.027179718017578,21.194398880004883
2020-04-29,13.442854881286621,22.064319610595703
2020-04-30,13.364428520202637,21.334991455078125
2020-05-01,12.697773933410645,20.860490798950195
2020-05-04,12.987964630126953,21.053804397583008
2020-05-05,13.113449096679688,21.203184127807617
2020-05-06,12.870316505432129,21.036230087280273
2020-05-07,13.08207893371582,21.21196937561035
2020-05-08,13.270309448242188,21.58102798461914
2020-05-11,13.309526443481445,21.651323318481445
2020-05-12,12.980120658874512,21.22075653076172
2020-05-13,12.933062553405762,20.67596435546875
2020-05-14,12.956591606140137,20.781402587890625
2020-05-15,13.066393852233887,20.851701736450195
2020-05-18,13.646773338317871,21.624961853027344
2020-05-19,13.435013771057129,21.440439224243164
2020-05-20,13.835003852844238,21.686473846435547
2020-05-21,13.62324333190918,21.431650161743164
2020-05-22,13.599714279174805,21.431650161743164
2020-05-26,14.242838859558105,22.125825881958008
2020-05-27,14.415384292602539,22.345502853393555
2020-05-28,14.501657485961914,22.301565170288086
2020-05-29,14.164408683776855,22.09067726135254
2020-06-01,14.862436294555664,22.538816452026367
2020-06-02,15.097724914550781,22.943021774291992
2020-06-03,15.536930084228516,23.224212646484375
2020-06-04,15.51340103149414,23.109973907470703
2020-06-05,15.936918258666992,23.672348022460938
2020-06-08,16.20357894897461,23.97110939025879
2020-06-09,15.921235084533691,23.73386001586914
2020-06-10,15.929078102111816,23.531757354736328
2020-06-11,14.784004211425781,22.178546905517578
2020-06-12,15.05850887298584,22.5651798248291
2020-06-15,15.268672943115234,22.76755714416504
2020-06-16,15.427886962890625,23.0427188873291
2020-06-17,15.40400218963623,22.874074935913086
2020-06-18,15.324398040771484,22.91845703125
2020-06-19,15.141300201416016,22.803062438964844
2020-06-22,15.48360824584961,23.0427188873291
2020-06-23,15.507494926452637,23.095977783203125
2020-06-24,15.06965446472168,22.545652389526367
2020-06-25,15.212947845458984,22.77643394470215
2020-06-26,14.958205223083496,22.314870834350586
2020-06-29,15.244789123535156,22.63441276550293
2020-06-30,15.34031867980957,22.971708297729492
2020-07-01,15.491572380065918,23.007217407226562
2020-07-02,15.78612232208252,23.122602462768555
2020-07-06,15.802038192749023,23.264629364013672
2020-07-07,15.563217163085938,23.0427188873291
2020-07-08,15.60302448272705,23.229122161865234
2020-07-09,15.45176887512207,22.98946189880371
2020-07-10,15.626904487609863,23.237998962402344
2020-07-13,15.40400218963623,23.095977783203125
2020-07-14,15.634862899780273,23.5397891998291
2020-07-15,15.977173805236816,23.877090454101562
2020-07-16,15.770196914672852,23.74394416809082
2020-07-17,15.85776424407959,23.859331130981445
2020-07-20,15.921453475952148,24.010229110717773
2020-07-21,16.303565979003906,24.125621795654297
2020-07-22,16.263763427734375,24.241012573242188
2020-07-23,16.048824310302734,23.992477416992188
2020-07-24,15.945334434509277,23.930347442626953
2020-07-27,16.208036422729492,24.28539276123047
2020-07-28,16.040861129760742,24.187755584716797
2020-07-29,16.303565979003906,24.51618003845215
2020-07-30,16.160274505615234,24.35640525817871
2020-07-31,15.84980583190918,24.241012573242188
2020-08-03,16.072702407836914,24.303146362304688
2020-08-04,16.176191329956055,24.649324417114258
2020-08-05,16.239877700805664,24.93336296081543
2020-08-06,16.351327896118164,25.03099822998047
2020-08-07,16.23192024230957,24.809093475341797
2020-08-10,16.407060623168945,24.977741241455078
2020-08-11,16.422975540161133,24.96886444091797
2020-08-12,16.62995719909668,25.19964599609375
2020-08-13,16.367250442504883,25.137514114379883
2020-08-14,16.37520980834961,25.084259033203125
2020-08-17,16.534427642822266,25.41267967224121
2020-08-18,16.606077194213867,25.386049270629883
2020-08-19,16.62199592590332,25.252906799316406
2020-08-20,16.566267013549805,25.323915481567383
2020-08-21,16.399093627929688,25.226274490356445
2020-08-24,16.55034828186035,25.297285079956055
2020-08-25,16.502578735351562,25.39492416381836
2020-08-26,16.590152740478516,25.741100311279297
2020-08-27,16.574234008789062,25.696720123291016
2020-08-28,16.63791275024414,25.678966522216797
2020-08-31,16.55034828186035,25.483686447143555
2020-09-01,16.534427642822266,25.652334213256836
2020-09-02,16.813051223754883,25.741100311279297
2020-09-03,16.359291076660156,25.23515510559082
2020-09-04,16.152311325073242,25.039875030517578
2020-09-08,15.993098258972168,24.489553451538086
2020-09-09,16.311527252197266,25.075382232666016
2020-09-10,15.881648063659668,24.675949096679688
2020-09-11,16.040861129760742,24.746957778930664
2020-09-14,16.18415641784668,24.977741241455078
2020-09-15,16.303565979003906,25.01324462890625
2020-09-16,16.319486618041992,24.80021858215332
2020-09-17,16.215999603271484,24.80021858215332
2020-09-18,16.024938583374023,24.59606170654297
2020-09-21,15.642828941345215,24.152250289916992
2020-09-22,15.810002326965332,24.427410125732422
2020-09-23,15.5871000289917,23.868209838867188
2020-09-24,15.57913875579834,24.027986526489258
2020-09-25,15.825920104980469,24.152250289916992
2020-09-28,15.969213485717773,24.471797943115234
2020-09-29,15.802038192749023,24.3475284576416
2020-09-30,15.698551177978516,24.329774856567383
2020-10-01,15.825920104980469,24.471797943115234
2020-10-02,15.802038192749023,24.44516944885254
2020-10-05,16.12047004699707,24.91560935974121
2020-10-06,15.921453475952148,24.533931732177734
2020-10-07,16.23192024230957,24.89785385131836
2020-10-08,16.47074317932129,25.261781692504883
2020-10-09,16.574234008789062,25.386049270629883
2020-10-12,16.685678482055664,25.45705795288086
2020-10-13,16.55830955505371,25.23515510559082
2020-10-14,16.542388916015625,25.164142608642578
2020-10-15,16.518503189086914,25.0931339263916
2020-10-16,16.518503189086914,25.03099822998047
2020-10-19,16.3831729888916,24.80021858215332
2020-10-20,16.367250442504883,24.888978958129883
2020-10-21,16.359291076660156,24.782466888427734
2020-10-22,16.502578735351562,24.871225357055664
2020-10-23,16.62199592590332,24.951112747192383
2020-10-26,16.37520980834961,24.489553451538086
2020-10-27,16.18415641784668,24.418537139892578
2020-10-28,15.746315956115723,23.52203941345215
2020-10-29,15.817962646484375,23.628551483154297
2020-10-30,15.738354682922363,23.495405197143555
2020-11-02,15.825920104980469,23.797203063964844
2020-11-03,16.33540916442871,24.329774856567383
2020-11-04,16.343368530273438,24.45404052734375
2020-11-05,16.876741409301758,25.048748016357422
2020-11-06,16.908580780029297,25.039875030517578
2020-11-09,17.577280044555664,25.430429458618164
2020-11-10,17.5374813079834,25.670087814331055
2020-11-11,17.77630043029785,25.847612380981445
2020-11-12,17.44194793701172,25.430429458618164
2020-11-13,17.664846420288086,25.554697036743164
2020-11-16,17.92755699157715,26.016258239746094
2020-11-17,17.95939826965332,26.14052963256836
2020-11-18,17.983280181884766,26.06951904296875
2020-11-19,18.118610382080078,26.17603302001953
2020-11-20,18.150455474853516,26.291425704956055
2020-11-23,18.15841293334961,26.46007537841797
2020-11-24,18.636062622070312,26.92163848876953
2020-11-25,18.6519775390625,26.983774185180664
2020-11-27,18.54848861694336,27.072534561157227
2020-11-30,18.08676528930664,26.877254486083984
2020-12-01,18.44499969482422,27.028154373168945
2020-12-02,18.516647338867188,27.214553833007812
2020-12-03,18.604215621948242,27.400951385498047
2020-12-04,18.763427734375,27.818138122558594
2020-12-07,18.71566390991211,27.83588981628418
2020-12-08,18.843040466308594,27.898025512695312
2020-12-09,18.874881744384766,27.827014923095703
2020-12-10,18.994291305541992,28.040040969848633
2020-12-11,18.906723022460938,27.898025512695312
2020-12-14,18.96292495727539,27.66887664794922
2020-12-15,19.187713623046875,27.9833927154541
2020-12-16,19.243913650512695,27.965421676635742
2020-12-17,19.500818252563477,28.15413475036621
2020-12-18,19.25996971130371,27.83961296081543
2020-12-21,19.107433319091797,27.632925033569336
2020-12-22,18.98700714111328,27.596981048583984
2020-12-23,19.211801528930664,27.785696029663086
2020-12-24,19.219825744628906,27.9115047454834
2020-12-28,19.30813980102539,27.72279167175293
2020-12-29,19.235883712768555,27.7946834564209
2020-12-30,19.34025764465332,27.90251922607422
2020-12-31,19.227855682373047,27.713808059692383
2021-01-04,19.292085647583008,27.80367088317871
2021-01-05,19.56505012512207,28.324874877929688
2021-01-06,19.829980850219727,28.58547592163086
2021-01-07,19.838010787963867,28.89101791381836
2021-01-08,19.934349060058594,28.855070114135742
2021-01-11,19.605188369750977,28.558521270751953
2021-01-12,19.725610733032227,28.7562198638916
2021-01-13,19.653358459472656,28.711288452148438
2021-01-14,19.886180877685547,28.90898323059082
2021-01-15,19.629274368286133,28.603450775146484
2021-01-19,19.725610733032227,28.66635513305664
2021-01-20,20.070829391479492,28.926958084106445
2021-01-21,20.118999481201172,28.810136795043945
2021-01-22,19.966461181640625,28.432708740234375
2021-01-25,20.054777145385742,28.513587951660156
2021-01-26,20.070829391479492,28.414737701416016
2021-01-27,19.516876220703125,27.659889221191406
2021-01-28,19.653358459472656,27.9833927154541
2021-01-29,19.067289352416992,27.49813461303711
2021-02-01,19.396451950073242,27.80367088317871
2021-02-02,19.637300491333008,28.29791831970215
2021-02-03,19.71758460998535,28.396766662597656
2021-02-04,19.709556579589844,28.504602432250977
2021-02-05,19.918292999267578,28.79216194152832
2021-02-08,20.062803268432617,29.169588088989258
2021-02-09,20.04674530029297,29.36728858947754
2021-02-10,20.006607055664062,29.439176559448242
2021-02-11,20.1511173248291,29.466140747070312
2021-02-12,20.17519760131836,29.547014236450195
2021-02-16,20.335769653320312,29.681806564331055
2021-02-17,20.223369598388672,29.466140747070312
2021-02-18,20.28759765625,29.38526153564453
2021-02-19,20.303651809692383,29.690797805786133
2021-02-22,20.37590789794922,29.762685775756836
2021-02-23,20.568588256835938,29.708772659301758
2021-02-24,20.713096618652344,30.167068481445312
2021-02-25,20.25547981262207,29.529041290283203
2021-02-26,19.67744255065918,28.90898323059082
2021-03-01,20.367881774902344,29.556001663208008
2021-03-02,20.335769653320312,29.87052345275879
2021-03-03,20.20731544494629,29.636877059936523
2021-03-04,20.070829391479492,29.322359085083008
2021-03-05,20.19125747680664,29.74471092224121
2021-03-08,20.01463508605957,29.84356689453125
2021-03-09,20.231399536132812,30.104169845581055
2021-03-10,20.070829391479492,30.319839477539062
2021-03-11,20.223369598388672,30.814088821411133
2021-03-12,20.1832275390625,30.984821319580078
2021-03-15,20.247451782226562,31.182525634765625
2021-03-16,20.215341567993164,31.137598037719727
2021-03-17,20.25547981262207,31.398193359375
2021-03-18,19.902238845825195,30.903945922851562
2021-03-19,19.81392478942871,30.91293716430664
2021-03-22,19.95843505859375,30.769155502319336
2021-03-23,19.709556579589844,30.427675247192383
2021-03-24,19.701534271240234,30.427675247192383
2021-03-25,19.773780822753906,30.364770889282227
2021-03-26,20.110973358154297,30.66131591796875
2021-03-29,20.02266502380371,30.607402801513672
2021-03-30,19.854068756103516,30.481590270996094
2021-03-31,19.902238845825195,30.59841537475586
2021-04-01,20.17519760131836,31.12860679626465
2021-04-05,20.46422004699707,31.24542808532715
2021-04-06,20.263511657714844,31.182525634765625
2021-04-07,20.31970977783203,31.182525634765625
2021-04-08,20.45619010925293,31.41616439819336
2021-04-09,20.488304138183594,31.515018463134766
2021-04-12,20.4240779876709,31.407182693481445
2021-04-13,20.51239013671875,31.524009704589844
2021-04-14,20.672956466674805,31.524009704589844
2021-04-15,21.058319091796875,31.721704483032227
2021-04-16,21.082401275634766,31.79360008239746
2021-04-19,20.978031158447266,31.55994987487793
2021-04-20,20.576614379882812,30.984821319580078
2021-04-21,20.945919036865234,31.497039794921875
2021-04-22,20.80944061279297,31.290363311767578
2021-04-23,21.06634521484375,31.47907257080078
2021-04-26,21.178743362426758,31.802568435668945
2021-04-27,21.058319091796875,31.838531494140625
2021-04-28,21.242965698242188,32.377708435058594
2021-04-29,21.138599395751953,32.350738525390625
2021-04-30,20.777324676513672,32.00028610229492
2021-05-03,21.050289154052734,32.180015563964844
2021-05-04,20.92183494567871,32.12609100341797
2021-05-05,21.210853576660156,32.42264175415039
2021-05-06,21.242965698242188,32.70121383666992
2021-05-07,21.48381805419922,33.078643798828125
2021-05-10,21.540016174316406,33.078643798828125
2021-05-11,21.355365753173828,32.88094711303711
2021-05-12,20.986059188842773,32.54844665527344
2021-05-13,21.074373245239258,32.61134719848633
2021-05-14,21.275081634521484,33.1055908203125
2021-05-17,21.234943389892578,33.42012023925781
2021-05-18,21.170713424682617,33.474037170410156
2021-05-19,20.80140495300293,33.159515380859375
2021-05-20,21.30719566345215,33.55490493774414
2021-05-21,21.114511489868164,33.50997543334961
2021-05-24,21.267051696777344,33.77058792114258
2021-05-25,21.315223693847656,33.545928955078125
2021-05-26,21.347333908081055,33.72565460205078
2021-05-27,21.46776008605957,33.977272033691406
2021-05-28,21.46776008605957,34.03118133544922
2021-06-01,21.56410026550293,34.26483154296875
2021-06-02,21.77284049987793,34.34571075439453
2021-06-03,21.628328323364258,34.112060546875
2021-06-04,21.9815731048584,34.33671951293945
2021-06-07,21.941436767578125,34.34571075439453
2021-06-08,21.97354507446289,34.3007698059082
2021-06-09,21.764812469482422,34.148006439208984
2021-06-10,21.9895076751709,34.24113845825195
2021-06-11,21.97322654724121,34.19593811035156
2021-06-14,22.022071838378906,34.349639892578125
2021-06-15,21.9895076751709,34.376766204833984
2021-06-16,21.891813278198242,34.14167785644531
2021-06-17,21.712705612182617,33.77096939086914
2021-06-18,21.175384521484375,33.33696365356445
2021-06-21,21.4603271484375,33.798091888427734
2021-06-22,21.4603271484375,33.98796081542969
2021-06-23,21.2730770111084,33.924678802490234
2021-06-24,21.444047927856445,33.97893524169922
2021-06-25,21.4603271484375,34.08742904663086
2021-06-28,21.305644989013672,33.834259033203125
2021-06-29,21.321928024291992,33.74384307861328
2021-06-30,21.150959014892578,33.69863510131836
2021-07-01,21.077688217163086,34.02413558959961
2021-07-02,21.28936004638672,34.02413558959961
2021-07-06,21.004417419433594,33.76192855834961
2021-07-07,21.232370376586914,33.644378662109375
2021-07-08,20.906723022460938,33.1651611328125
2021-07-09,21.264938354492188,33.6895866394043
2021-07-12,21.232370376586914,33.68054962158203
2021-07-13,21.110252380371094,33.57205581665039
2021-07-14,21.191667556762695,33.382171630859375
2021-07-15,20.98813819885254,33.23750305175781
2021-07-16,20.84159278869629,32.84870910644531
2021-07-19,20.40196418762207,32.09823989868164
2021-07-20,20.654346466064453,32.613624572753906
2021-07-21,20.963712692260742,33.22846221923828
2021-07-22,20.93114471435547,33.19229507446289
2021-07-23,21.077688217163086,33.39122009277344
2021-07-26,21.102113723754883,33.382171630859375
2021-07-27,21.061405181884766,33.27367401123047
2021-07-28,21.004417419433594,33.50876235961914
2021-07-29,21.18352699279785,33.85234451293945
2021-07-30,20.97999382019043,33.752891540527344
2021-08-02,21.134675979614258,33.68054962158203
2021-08-03,21.305644989013672,33.69863510131836
2021-08-04,21.28936004638672,33.62630081176758
2021-08-05,21.444047927856445,33.84330368041992
2021-08-06,21.444047927856445,33.897560119628906
2021-08-09,21.362634658813477,33.78905487060547
2021-08-10,21.47661018371582,34.01509475708008
2021-08-11,21.582447052001953,34.1868896484375
2021-08-12,21.517316818237305,34.11455535888672
2021-08-13,21.663856506347656,34.09647750854492
2021-08-16,21.435903549194336,33.897560119628906
2021-08-17,20.91486167907715,33.544918060302734
2021-08-18,20.752037048339844,33.355045318603516
2021-08-19,20.581071853637695,32.74020767211914
2021-08-20,20.621780395507812,32.98433303833008
2021-08-23,20.825307846069336,33.65342330932617
2021-08-24,21.004417419433594,33.897560119628906
2021-08-25,21.061405181884766,33.94276428222656
2021-08-26,20.86601448059082,33.517799377441406
2021-08-27,21.175384521484375,33.960845947265625
2021-08-30,21.1672420501709,33.90659713745117
2021-08-31,21.102113723754883,33.76192855834961
2021-09-01,21.313783645629883,33.97893524169922
2021-09-02,21.492889404296875,34.376766204833984
2021-09-03,21.606870651245117,34.449100494384766
2021-09-07,21.492889404296875,34.051265716552734
2021-09-08,21.370773315429688,33.834259033203125
2021-09-09,21.159101486206055,33.90659713745117
2021-09-10,21.004417419433594,33.6715087890625
2021-09-13,21.175384521484375,33.7800178527832
2021-09-14,20.963712692260742,33.517799377441406
2021-09-15,21.1672420501709,33.96988296508789
2021-09-16,21.102113723754883,33.6715087890625
2021-09-17,20.711332321166992,33.23750305175781
2021-09-20,20.174007415771484,32.55936813354492
2021-09-21,20.410106658935547,32.69499969482422
2021-09-22,20.540361404418945,33.10187911987305
2021-09-23,20.849735260009766,33.517799377441406
2021-09-24,20.621780395507812,33.36408996582031
2021-09-27,20.743892669677734,33.63534164428711
2021-09-28,20.133302688598633,33.002418518066406
2021-09-29,20.076316833496094,32.830631256103516
2021-09-30,20.206575393676758,32.82158279418945
2021-10-01,20.304271697998047,33.11996841430664
2021-10-04,20.39382553100586,33.1380500793457
2021-10-05,20.613637924194336,33.36408996582031
2021-10-06,20.458951950073242,33.33696365356445
2021-10-07,20.719472885131836,33.861385345458984
2021-10-08,20.73575782775879,34.09647750854492
2021-10-11,20.752037048339844,34.00605392456055
2021-10-12,20.874155044555664,34.13264083862305
2021-10-13,20.963712692260742,34.50334930419922
2021-10-14,21.19980812072754,35.00064468383789
2021-10-15,21.297502517700195,35.253814697265625
2021-10-18,21.191667556762695,35.308067321777344
2021-10-19,21.48474884033203,35.561241149902344
2021-10-20,21.680137634277344,35.85057830810547
2021-10-21,21.47661018371582,35.714942932128906
2021-10-22,21.606870651245117,35.76920700073242
2021-10-25,21.737131118774414,35.82345199584961
2021-10-26,21.696420669555664,35.55220031738281
2021-10-27,21.623151779174805,35.26285934448242
2021-10-28,21.859251022338867,35.80536651611328
2021-10-29,21.541738510131836,35.42560958862305
2021-11-01,21.549880981445312,35.84153747558594
2021-11-02,21.305644989013672,35.561241149902344
2021-11-03,21.468469619750977,35.81440734863281
2021-11-04,21.362634658813477,35.669742584228516
2021-11-05,21.517316818237305,35.85961151123047
2021-11-08,21.558021545410156,36.04044723510742
2021-11-09,21.39519691467285,36.04044723510742
2021-11-10,21.134675979614258,35.696861267089844
2021-11-11,21.0369815826416,35.67877960205078
2021-11-12,21.224227905273438,36.16703796386719
2021-11-15,21.24051284790039,36.07661437988281
2021-11-16,21.11839485168457,36.0042839050293
2021-11-17,20.77646255493164,35.742069244384766
2021-11-18,20.792747497558594,35.83249282836914
2021-11-19,20.621780395507812,35.48890686035156
2021-11-22,20.597354888916016,35.12723159790039
2021-11-23,20.86601448059082,35.36231994628906
2021-11-24,20.784605026245117,35.543155670166016
2021-11-26,19.994901657104492,34.53047561645508
2021-11-29,20.14958953857422,34.60280990600586
2021-11-30,19.913488388061523,33.798091888427734
2021-12-01,19.742521286010742,33.327911376953125
2021-12-02,20.076316833496094,33.924678802490234
2021-12-03,19.791370391845703,33.59917449951172
2021-12-06,20.076316833496094,34.23210144042969
2021-12-07,20.458951950073242,35.03681182861328
2021-12-08,20.638059616088867,34.801734924316406
2021-12-09,20.51594352722168,34.42197799682617
2021-12-10,20.548507690429688,34.385807037353516
2021-12-13,20.320219039916992,33.816261291503906
2021-12-14,20.236597061157227,33.64227294921875
2021-12-15,20.462373733520508,33.94445037841797
2021-12-16,20.345304489135742,34.05432891845703
2021-12-17,20.111162185668945,33.688053131103516
2021-12-20,20.127887725830078,33.21189880371094
2021-12-21,20.47073745727539,33.9719123840332
2021-12-22,20.771780014038086,34.420597076416016
2021-12-23,20.905576705932617,34.7502555847168
2021-12-27,21.0477352142334,35.07990264892578
2021-12-28,20.989198684692383,35.01580047607422
2021-12-29,21.08118438720703,34.91507339477539
2021-12-30,21.088775634765625,35.024959564208984
2021-12-31,20.945369720458984,35.18978500366211
2022-01-03,20.97911262512207,35.3179817199707
2022-01-04,21.29966163635254,34.97001647949219
2022-01-05,21.038162231445312,34.539642333984375
2022-01-06,20.6669979095459,34.8051872253418
2022-01-07,20.768224716186523,35.07990264892578
2022-01-10,20.607952117919922,34.95170211791992
2022-01-11,20.869449615478516,35.583526611328125
2022-01-12,21.063465118408203,36.04136657714844
2022-01-13,20.987546920776367,35.73918914794922
2022-01-14,20.75135040283203,35.83076095581055
2022-01-18,20.405498504638672,35.757503509521484
2022-01-19,20.498287200927734,35.66593551635742
2022-01-20,20.34644889831543,35.35460662841797
2022-01-21,19.772836685180664,34.42976379394531
2022-01-24,19.612558364868164,34.21915054321289
2022-01-25,19.561946868896484,34.402286529541016
2022-01-26,19.384798049926758,34.18252944946289
2022-01-27,18.954586029052734,33.9169807434082
2022-01-28,19.038944244384766,34.17336654663086
2022-01-31,19.26670265197754,34.97001647949219
2022-02-01,19.519765853881836,35.418697357177734
2022-02-02,19.637866973876953,35.56521224975586
2022-02-03,19.41854476928711,34.96085739135742
2022-02-04,19.494461059570312,35.15315246582031
2022-02-07,19.65473747253418,35.308815002441406
2022-02-08,20.02589988708496,35.4919548034668
2022-02-09,20.34644889831543,35.968109130859375
2022-02-10,20.16086769104004,35.638465881347656
2022-02-11,19.95841407775879,35.56521224975586
2022-02-14,20.000593185424805,35.26303482055664
2022-02-15,20.32957649230957,35.574363708496094
2022-02-16,20.548900604248047,35.45532989501953
2022-02-17,20.388626098632812,34.98833084106445
2022-02-18,20.228347778320312,34.56711196899414
2022-02-22,20.34644889831543,34.374820709228516
2022-02-23,20.21991539001465,34.13673782348633
2022-02-24,20.068077087402344,33.9719123840332
2022-02-25,20.430801391601562,34.93339157104492
2022-02-28,20.287399291992188,34.99748992919922
2022-03-01,20.110254287719727,34.52132797241211
2022-03-02,20.75978660583496,35.32712936401367
2022-03-03,20.565773010253906,35.198936462402344
2022-03-04,20.894752502441406,35.290504455566406
2022-03-07,20.489850997924805,34.850975036621094
2022-03-08,20.169301986694336,34.512176513671875
2022-03-09,20.59951400756836,35.208091735839844
2022-03-10,20.78509521484375,35.45532989501953
2022-03-11,20.565773010253906,35.27219009399414
2022-03-14,20.312705993652344,34.722782135009766
2022-03-15,20.506723403930664,34.88759994506836
2022-03-16,21.190000534057617,35.574363708496094
2022-03-17,21.400890350341797,36.28860092163086
2022-03-18,21.670825958251953,36.42595291137695
2022-03-21,21.670825958251953,36.819698333740234
2022-03-22,21.915451049804688,36.975364685058594
2022-03-23,21.932323455810547,36.68233871459961
2022-03-24,22.23600196838379,36.80138397216797
2022-03-25,22.354101181030273,37.16765594482422
2022-03-28,22.24444007873535,36.96620559692383
2022-03-29,22.505939483642578,37.16765594482422
2022-03-30,22.522811889648438,37.23175811767578
2022-03-31,22.29505157470703,36.819698333740234
2022-04-01,22.514375686645508,36.828857421875
2022-04-04,22.67464828491211,37.195133209228516
2022-04-05,22.55655288696289,36.92958068847656
2022-04-06,22.404714584350586,36.53583526611328
2022-04-07,22.379409790039062,36.43511199951172
2022-04-08,22.38783836364746,36.52668380737305
2022-04-11,22.151647567749023,36.23365783691406
2022-04-12,22.23600196838379,36.077999114990234
2022-04-13,22.354101181030273,36.453426361083984
2022-04-14,22.261308670043945,36.33437728881836
2022-04-18,22.19382667541504,36.36185836791992
2022-04-19,22.47219467163086,36.645721435546875
2022-04-20,22.60716438293457,36.938743591308594
2022-04-21,22.16851806640625,36.123783111572266
2022-04-22,21.333402633666992,34.96085739135742
2022-04-25,20.970678329467773,34.649532318115234
2022-04-26,20.5826416015625,33.88950729370117
2022-04-27,20.768224716186523,33.9627685546875
2022-04-28,21.0718994140625,34.6861572265625
2022-04-29,20.734481811523438,33.9261360168457
2022-05-02,20.675434112548828,33.84372329711914
2022-05-03,20.91162872314453,34.30155944824219
2022-05-04,21.400890350341797,35.06158447265625
2022-05-05,20.624820709228516,33.94445037841797
2022-05-06,20.321142196655273,33.71553039550781
2022-05-09,19.646303176879883,32.40609359741211
2022-05-10,19.663171768188477,32.19548797607422
2022-05-11,19.604124069213867,32.222957611083984
2022-05-12,19.232961654663086,31.939096450805664
2022-05-13,19.93310546875,32.87309646606445
2022-05-16,20.00902557373047,33.18443298339844
2022-05-17,20.34644889831543,33.73383712768555
2022-05-18,19.84031867980957,32.88225173950195
2022-05-19,20.101818084716797,33.25768280029297
2022-05-20,20.27896499633789,33.15695571899414
2022-05-23,20.54046630859375,33.73383712768555
2022-05-24,20.51515769958496,33.39503860473633
2022-05-25,20.5826416015625,33.55986404418945
2022-05-26,20.607952117919922,33.90781784057617
2022-05-27,21.046598434448242,34.44807815551758
2022-05-31,20.818836212158203,34.64036560058594
2022-06-01,20.88631820678711,34.56711196899414
2022-06-02,21.375581741333008,35.32712936401367
2022-06-03,21.0718994140625,34.81435012817383
2022-06-06,21.038162231445312,34.94253921508789
2022-06-07,20.987546920776367,35.23556137084961
2022-06-08,20.624820709228516,34.905914306640625
2022-06-09,20.0184383392334,34.14589309692383
2022-06-10,19.4703426361084,33.4172248840332
2022-06-13,18.62645721435547,32.282718658447266
2022-06-14,18.47855567932129,31.89532470703125
2022-06-15,18.85265350341797,32.18125915527344
2022-06-16,18.426359176635742,31.07441520690918
2022-06-17,18.104463577270508,30.723920822143555
2022-06-21,18.53945541381836,31.57249641418457
2022-06-22,18.33066177368164,31.092863082885742
2022-06-23,18.304563522338867,30.49333381652832
2022-06-24,18.80045509338379,31.29578399658203
2022-06-27,18.756954193115234,31.673954010009766
2022-06-28,18.722152709960938,31.627838134765625
2022-06-29,18.669954299926758,31.351131439208984
2022-06-30,18.461158752441406,31.065196990966797
2022-07-01,18.348060607910156,31.397247314453125
2022-07-05,18.113162994384766,30.622461318969727
2022-07-06,18.24365997314453,30.45643424987793
2022-07-07,18.62645721435547,31.138986587524414
2022-07-08,18.54815673828125,31.129756927490234
2022-07-11,18.052261352539062,30.687028884887695
2022-07-12,18.13056182861328,30.43798828125
2022-07-13,18.15666389465332,30.44721031188965
2022-07-14,17.973966598510742,29.561742782592773
2022-07-15,18.33066177368164,29.87534523010254
2022-07-18,18.321958541870117,30.336530685424805
2022-07-19,18.756954193115234,31.138986587524414
2022-07-20,18.748252868652344,31.258893966674805
2022-07-21,18.922250747680664,31.323457717895508
2022-07-22,18.922250747680664,31.111310958862305
2022-07-25,19.157150268554688,31.535602569580078
2022-07-26,18.913551330566406,31.148210525512695
2022-07-27,19.444244384765625,31.86764907836914
2022-07-28,19.531246185302734,32.153587341308594
2022-07-29,19.783540725708008,32.56864547729492
2022-08-01,19.774843215942383,32.245819091796875
2022-08-02,19.522546768188477,32.06134796142578
2022-08-03,19.618242263793945,32.25504684448242
2022-08-04,19.60954475402832,32.22737121582031
2022-08-05,19.4703426361084,32.06134796142578
2022-08-08,19.653043746948242,32.33806228637695
2022-08-09,19.496442794799805,32.116695404052734
2022-08-10,20.027141571044922,32.91914367675781
2022-08-11,20.044536590576172,33.10361862182617
2022-08-12,20.227235794067383,33.426448822021484
2022-08-15,19.99233627319336,33.06672286987305
2022-08-16,20.09673500061035,33.44489669799805
2022-08-17,19.844438552856445,33.094398498535156
2022-08-18,19.93143653869629,33.18662643432617
2022-08-19,19.6617431640625,32.771575927734375
2022-08-22,19.461647033691406,32.430294036865234
2022-08-23,19.505144119262695,32.68855285644531
2022-08-24,19.557342529296875,32.660884857177734
2022-08-25,19.89664077758789,33.03904724121094
2022-08-26,19.522546768188477,32.245819091796875
2022-08-29,19.452945709228516,32.2642707824707
2022-08-30,19.183246612548828,31.480260848999023
2022-08-31,19.061452865600586,31.07441520690918
2022-09-01,18.90485191345215,30.770038604736328
2022-09-02,18.939653396606445,31.046754837036133
2022-09-06,18.678651809692383,30.696250915527344
2022-09-07,18.669954299926758,31.055967330932617
2022-09-08,18.84395408630371,31.397247314453125
2022-09-09,19.444244384765625,32.18125915527344
2022-09-12,19.653043746948242,32.63321304321289
2022-09-13,18.809154510498047,31.600160598754883
2022-09-14,18.774354934692383,31.766189575195312
2022-09-15,18.62645721435547,31.34190559387207
2022-09-16,18.47855567932129,30.954513549804688
2022-09-19,18.652557373046875,31.332683563232422
2022-09-20,18.44375991821289,30.74237060546875
2022-09-21,18.069664001464844,30.21662139892578
2022-09-22,18.034862518310547,29.866127014160156
2022-09-23,17.356271743774414,28.869970321655273
2022-09-26,17.21707534790039,28.344223022460938
2022-09-27,17.069175720214844,28.334999084472656
2022-09-28,17.5650691986084,29.091339111328125
2022-09-29,17.399770736694336,28.667051315307617
2022-09-30,17.069175720214844,28.37189483642578
2022-10-03,17.55636978149414,29.441837310791016
2022-10-04,18.13056182861328,30.474884033203125
2022-10-05,18.078367233276367,30.01370620727539
2022-10-06,17.799964904785156,29.312705993652344
2022-10-07,17.521568298339844,28.750062942504883
2022-10-10,17.31277084350586,28.464130401611328
2022-10-11,17.069175720214844,28.076740264892578
2022-10-12,17.069175720214844,27.99372673034668
2022-10-13,17.478069305419922,28.78696060180664
2022-10-14,17.03437614440918,28.104408264160156
2022-10-17,17.373672485351562,28.860748291015625
2022-10-18,17.46067237854004,29.119009017944336
2022-10-19,17.347572326660156,28.897640228271484
2022-10-20,17.33017349243164,28.750062942504883
2022-10-21,17.747766494750977,29.478729248046875
2022-10-24,17.60856819152832,29.414165496826172
2022-10-25,17.956562042236328,29.91223907470703
2022-10-26,18.15666389465332,30.29963493347168
2022-10-27,18.06096649169922,30.42876625061035
2022-10-28,18.087064743041992,30.548669815063477
2022-10-31,18.026165008544922,30.465660095214844
2022-11-01,18.278459548950195,30.58556365966797
2022-11-02,17.947864532470703,30.022924423217773
2022-11-03,17.67816734313965,29.8292293548584
2022-11-04,18.55685806274414,30.760812759399414
2022-11-07,18.513357162475586,30.871501922607422
2022-11-08,18.696056365966797,31.185108184814453
2022-11-09,18.31325912475586,30.45643424987793
2022-11-10,19.426847457885742,31.99678611755371
2022-11-11,19.835739135742188,32.31961441040039
2022-11-14,19.592144012451172,31.88609504699707
2022-11-15,19.905338287353516,32.10746383666992
2022-11-16,19.76613998413086,31.969106674194336
2022-11-17,19.731340408325195,31.86764907836914
2022-11-18,19.800941467285156,31.858434677124023
2022-11-21,19.58344268798828,31.692405700683594
2022-11-22,19.887941360473633,32.32883071899414
2022-11-23,20.15763282775879,32.439510345458984
2022-11-25,20.2446346282959,32.58709716796875
2022-11-28,19.87923812866211,31.99678611755371
2022-11-29,20.070636749267578,31.89532470703125
2022-11-30,20.610029220581055,32.45796203613281
2022-12-01,20.64482879638672,32.660884857177734
2022-12-02,20.566532135009766,32.46718978881836
2022-12-05,20.166336059570312,31.756973266601562
2022-12-06,20.061939239501953,31.258893966674805
2022-12-07,20.09673500061035,31.231218338012695
2022-12-08,20.183734893798828,31.443368911743164
2022-12-09,20.15763282775879,31.22199249267578
2022-12-12,20.201135635375977,31.36957550048828
2022-12-13,20.475921630859375,31.56704330444336
2022-12-14,20.4227352142334,31.407949447631836
2022-12-15,19.76679801940918,30.67796516418457
2022-12-16,19.68701934814453,30.341049194335938
2022-12-19,19.669294357299805,30.08836555480957
2022-12-20,19.545194625854492,30.35976791381836
2022-12-21,19.85543441772461,30.780914306640625
2022-12-22,19.527469635009766,30.35976791381836
2022-12-23,19.78452491760254,30.74347686767578
2022-12-27,19.864303588867188,30.91193389892578
2022-12-28,19.598379135131836,30.322338104248047
2022-12-29,19.811119079589844,30.865137100219727
2022-12-30,19.704750061035156,30.631174087524414
2023-01-03,19.47428321838379,30.453359603881836
2023-01-04,19.988399505615234,31.089752197265625
2023-01-05,19.704750061035156,30.790271759033203
2023-01-06,20.405006408691406,31.57640838623047
2023-01-09,20.39614486694336,31.772937774658203
2023-01-10,20.4227352142334,31.716787338256836
2023-01-11,20.706384658813477,32.05370330810547
2023-01-12,21.122995376586914,32.4748420715332
2023-01-13,21.282546997070312,32.577789306640625
2023-01-17,21.388912200927734,32.70881652832031
2023-01-18,21.14958953857422,32.34382247924805
2023-01-19,21.326866149902344,32.39997482299805
2023-01-20,21.610515594482422,32.84919357299805
2023-01-23,21.76120376586914,33.06444549560547
2023-01-24,21.823253631591797,33.06444549560547
2023-01-25,22.035991668701172,32.970855712890625
2023-01-26,22.17781639099121,33.33584976196289
2023-01-27,22.106903076171875,33.38264083862305
2023-01-30,21.88530158996582,32.94278335571289
2023-01-31,22.035991668701172,33.532386779785156
2023-02-01,22.266456604003906,33.532386779785156
2023-02-02,22.106903076171875,33.43880081176758
2023-02-03,21.743478775024414,33.24225997924805
2023-02-06,21.53960609436035,32.87727355957031
2023-02-07,21.752344131469727,33.24225997924805
2023-02-08,21.583925247192383,33.02701187133789
2023-02-09,21.521879196166992,32.83047866821289
2023-02-10,21.42437171936035,33.21418762207031
2023-02-13,21.690290451049805,33.43880081176758
2023-02-14,21.654836654663086,33.38264083862305
2023-02-15,21.22049903869629,33.28905487060547
2023-02-16,21.131858825683594,32.91469955444336
2023-02-17,20.998897552490234,32.746246337890625
2023-02-21,20.795026779174805,32.15665054321289
2023-02-22,20.697521209716797,32.00690841674805
2023-02-23,20.706384658813477,32.03498458862305
2023-02-24,20.316368103027344,31.913318634033203
2023-02-27,20.39614486694336,32.0817756652832
2023-02-28,20.280908584594727,31.86652374267578
2023-03-01,20.467056274414062,32.04434585571289
2023-03-02,20.475921630859375,32.17536544799805
2023-03-03,20.812753677368164,32.605873107910156
2023-03-06,20.60887908935547,32.43740463256836
2023-03-07,20.156816482543945,31.72614860534668
2023-03-08,20.316368103027344,31.73550033569336
2023-03-09,20.077037811279297,31.23949432373047
2023-03-10,19.72247886657715,30.762195587158203
2023-03-13,19.598379135131836,30.640533447265625
2023-03-14,19.873165130615234,30.93065071105957
2023-03-15,19.359052658081055,30.247461318969727
2023-03-16,19.589515686035156,30.60309600830078
2023-03-17,19.47428321838379,30.284900665283203
2023-03-20,19.660429000854492,30.706043243408203
2023-03-21,19.731340408325195,30.818349838256836
2023-03-22,19.624975204467773,30.62181282043457
2023-03-23,19.536333084106445,30.481430053710938
2023-03-24,19.518604278564453,30.528226852416992
2023-03-27,19.624975204467773,30.874500274658203
2023-03-28,19.811119079589844,31.06167221069336
2023-03-29,19.99726104736328,31.445383071899414
2023-03-30,20.254318237304688,31.707429885864258
2023-03-31,20.334095001220703,31.988189697265625
2023-04-03,20.679792404174805,32.56843566894531
2023-04-04,20.520240783691406,32.493560791015625
2023-04-05,20.467056274414062,32.29703140258789
2023-04-06,20.467056274414062,32.28766632080078
2023-04-10,20.431598663330078,32.35317611694336
2023-04-11,20.60887908935547,32.65266418457031
2023-04-12,20.72411346435547,32.7836799621582
2023-04-13,20.998897552490234,33.21418762207031
2023-04-14,20.795026779174805,33.176753997802734
2023-04-17,20.786163330078125,33.232906341552734
2023-04-18,20.874801635742188,33.31713104248047
2023-04-19,20.812753677368164,33.148677825927734
2023-04-20,20.830480575561523,32.998931884765625
2023-04-21,20.60887908935547,32.96150207519531
2023-04-24,20.679792404174805,32.970855712890625
2023-04-25,20.3075008392334,32.325111389160156
2023-04-26,20.24545669555664,32.23151397705078
2023-04-27,20.493648529052734,32.61522674560547
2023-04-28,20.511375427246094,32.94278335571289
2023-05-01,20.449329376220703,32.88663101196289
2023-05-02,20.254318237304688,32.36254119873047
2023-05-03,20.1036319732666,32.23151397705078
2023-05-04,20.085901260375977,32.28766632080078
2023-05-05,20.6531982421875,33.176753997802734
2023-05-08,20.662063598632812,33.26097869873047
2023-05-09,20.5379695892334,33.232906341552734
2023-05-10,20.600017547607422,33.09252166748047
2023-05-11,20.369550704956055,32.6994514465332
2023-05-12,20.28977394104004,32.56843566894531
2023-05-15,20.520240783691406,32.980224609375
2023-05-16,20.147951126098633,32.446773529052734
2023-05-17,20.316368103027344,32.605873107910156
2023-05-18,20.227725982666016,32.493560791015625
2023-05-19,20.38728141784668,32.54971694946289
2023-05-22,20.38728141784668,32.59650802612305
2023-05-23,20.13908576965332,32.222164154052734
2023-05-24,19.74907112121582,31.641921997070312
2023-05-25,19.554059982299805,31.342437744140625
2023-05-26,19.873165130615234,31.613840103149414
2023-05-30,19.72247886657715,31.370515823364258
2023-05-31,19.385644912719727,31.127182006835938
2023-06-01,19.828845977783203,31.56704330444336
2023-06-02,20.130224227905273,32.23151397705078
2023-06-05,19.988399505615234,32.02562713623047
2023-06-06,20.121360778808594,32.31574630737305
2023-06-07,19.910961151123047,32.283607482910156
2023-06-08,20.208948135375977,32.274147033691406
2023-06-09,20.190889358520508,32.236331939697266
2023-06-12,20.272159576416016,32.255245208740234
2023-06-13,20.524993896484375,32.491580963134766
2023-06-14,20.59723472595215,32.51994705200195
2023-06-15,20.976491928100586,32.86971664428711
2023-06-16,21.066789627075195,32.831905364990234
2023-06-20,21.030670166015625,32.38759231567383
2023-06-21,20.958431243896484,32.47267532348633
2023-06-22,20.51596450805664,32.3214225769043
2023-06-23,20.010290145874023,31.962188720703125
2023-06-26,20.028352737426758,32.35923385620117
2023-06-27,20.190889358520508,32.57666015625
2023-06-28,20.064470291137695,32.491580963134766
2023-06-29,20.17283058166504,32.69955825805664
2023-06-30,20.362457275390625,33.077693939208984
2023-07-03,20.47081756591797,33.27621841430664
2023-07-05,20.29924774169922,32.89807891845703
2023-07-06,19.79357147216797,32.217430114746094
2023-07-07,19.956111907958984,32.453773498535156
2023-07-10,19.856782913208008,32.406494140625
2023-07-11,20.136709213256836,32.56720733642578
2023-07-12,20.61529541015625,33.03042984008789
2023-07-13,21.15709114074707,33.58818435668945
2023-07-14,21.039701461791992,33.31403732299805
2023-07-17,20.949403762817383,33.361297607421875
2023-07-18,21.030670166015625,33.63545227050781
2023-07-19,20.94037437438965,33.852882385253906
2023-07-20,20.96746063232422,33.729984283447266
2023-07-21,20.895221710205078,33.843421936035156
2023-07-24,20.931344985961914,34.04194259643555
2023-07-25,21.1299991607666,33.93796157836914
2023-07-26,21.19321060180664,33.9190559387207
2023-07-27,20.994550704956055,33.60708999633789
2023-07-28,20.886192321777344,33.824520111083984
2023-07-31,21.093881607055664,34.108123779296875
2023-08-01,20.678503036499023,33.67325973510742
2023-08-02,20.17283058166504,33.00206756591797
2023-08-03,20.17283058166504,32.831905364990234
2023-08-04,20.290218353271484,32.91698455810547
2023-08-07,20.371488571166992,33.03988265991211
2023-08-08,20.236038208007812,32.831905364990234
2023-08-09,20.272159576416016,32.907535552978516
2023-08-10,20.26313018798828,32.97370910644531
2023-08-11,20.09156036376953,33.04933166503906
2023-08-14,19.99222755432129,32.85081100463867
2023-08-15,19.748424530029297,32.14180374145508
2023-08-16,19.53170394897461,32.037811279296875
2023-08-17,19.360136032104492,31.886558532714844
2023-08-18,19.378196716308594,31.886558532714844
2023-08-21,19.42334747314453,31.839292526245117
2023-08-22,19.32401466369629,31.650222778320312
2023-08-23,19.640064239501953,31.9999942779541
2023-08-24,19.287899017333984,31.763662338256836
2023-08-25,19.432376861572266,31.773117065429688
2023-08-28,19.60394287109375,32.0661735534668
2023-08-29,19.974172592163086,32.59556579589844
2023-08-30,20.09156036376953,32.756282806396484
2023-08-31,20.05544090270996,32.79409408569336
2023-09-01,20.09156036376953,33.020973205566406
2023-09-05,19.910961151123047,32.70900344848633
2023-09-06,19.739395141601562,32.406494140625
2023-09-07,19.640064239501953,32.1512565612793
2023-09-08,19.59491539001465,32.1512565612793
2023-09-11,19.910961151123047,32.491580963134766
2023-09-12,19.865812301635742,32.59556579589844
2023-09-13,19.775514602661133,32.70900344848633
2023-09-14,20.163799285888672,33.31403732299805
2023-09-15,20.082530975341797,33.34239196777344
2023-09-18,20.01932144165039,33.24785232543945
2023-09-19,20.010290145874023,32.945343017578125
2023-09-20,19.910961151123047,32.860267639160156
2023-09-21,19.278867721557617,32.1512565612793
2023-09-22,19.540739059448242,32.09453582763672
2023-09-25,19.522674560546875,32.236331939697266
2023-09-26,19.26983642578125,31.72585105895996
2023-09-27,19.188570022583008,31.565139770507812
2023-09-28,19.53170394897461,31.886558532714844
2023-09-29,19.42334747314453,31.631319046020508
2023-10-02,19.026031494140625,30.903396606445312
2023-10-03,18.773191452026367,30.534709930419922
2023-10-04,18.872522354125977,30.449628829956055
2023-10-05,19.044090270996094,30.704875946044922
2023-10-06,19.342079162597656,30.97903060913086
2023-10-09,19.378196716308594,31.328800201416016
2023-10-10,19.62200355529785,31.584047317504883
2023-10-11,19.62200355529785,31.82038688659668
2023-10-12,19.161476135253906,31.394975662231445
2023-10-13,19.107297897338867,31.366613388061523
2023-10-16,19.405284881591797,31.763662338256836
2023-10-17,19.486555099487305,31.782569885253906
2023-10-18,19.17050552368164,31.196453094482422
2023-10-19,18.95379066467285,31.07356071472168
2023-10-20,18.62871551513672,30.704875946044922
2023-10-23,18.664833068847656,30.638702392578125
2023-10-24,18.890581130981445,30.430721282958984
2023-10-25,18.646774291992188,30.241655349731445
2023-10-26,18.610652923583984,30.08094596862793
2023-10-27,18.556472778320312,29.7595272064209
2023-10-30,18.782222747802734,30.08094596862793
2023-10-31,18.728042602539062,30.00531768798828
2023-11-01,19.071178436279297,30.31728172302246
2023-11-02,19.45946502685547,31.5084228515625
2023-11-03,19.694244384765625,31.952733993530273
2023-11-06,19.612972259521484,31.79202651977539
2023-11-07,19.38722801208496,31.38552474975586
2023-11-08,19.432376861572266,31.281538009643555
2023-11-09,19.32401466369629,31.366613388061523
2023-11-10,19.305957794189453,31.470605850219727
2023-11-13,19.405284881591797,31.631319046020508
2023-11-14,20.03738021850586,32.33087158203125
2023-11-15,20.03738021850586,32.41595458984375
2023-11-16,19.84775161743164,32.22688674926758
2023-11-17,20.05544090270996,32.58612060546875
2023-11-20,20.190889358520508,32.6428337097168
2023-11-21,20.163799285888672,32.51994705200195
2023-11-22,20.09156036376953,32.538841247558594
2023-11-24,20.272159576416016,32.73737335205078
2023-11-27,20.100587844848633,32.55775451660156
2023-11-28,20.326337814331055,32.67119216918945
2023-11-29,20.227008819580078,32.76573181152344
2023-11-30,20.272159576416016,33.06824493408203
2023-12-01,20.705595016479492,33.55036926269531
2023-12-04,20.362457275390625,33.38020324707031
2023-12-05,20.17283058166504,33.210044860839844
2023-12-06,20.35342788696289,33.03042984008789
2023-12-07,20.534027099609375,33.01152038574219
2023-12-08,20.606266021728516,33.14387130737305
2023-12-11,20.59723472595215,33.210044860839844
2023-12-12,20.65141487121582,33.01152038574219
2023-12-13,21.328659057617188,33.8339729309082
2023-12-14,21.662763595581055,34.29719543457031
2023-12-15,21.518287658691406,33.9852294921875
2023-12-18,21.67179298400879,34.127037048339844
2023-12-19,22.14134979248047,34.60915756225586
2023-12-20,21.83547019958496,34.16461181640625
2023-12-21,22.277706146240234,34.64365005493164
2023-12-22,22.33298683166504,34.90232849121094
2023-12-26,22.51725196838379,35.285560607910156
2023-12-27,22.627811431884766,35.32387161254883
2023-12-28,22.56332015991211,35.16100311279297
2023-12-29,22.42511749267578,35.141841888427734
2024-01-02,22.25006675720215,34.77777862548828
2024-01-03,22.01973533630371,34.662811279296875
2024-01-04,21.946027755737305,34.72029495239258
2024-01-05,21.927602767944336,34.84484100341797
2024-01-08,22.084228515625,35.113101959228516
2024-01-09,21.853897094726562,34.82567596435547
2024-01-10,21.817041397094727,34.90232849121094
2024-01-11,21.79861831665039,34.73945999145508
2024-01-12,21.844684600830078,34.7873649597168
2024-01-16,21.282672882080078,34.46161651611328
2024-01-17,21.052339553833008,34.011322021484375
2024-01-18,21.245819091796875,34.1741943359375
2024-01-19,21.448511123657227,34.57658386230469
2024-01-22,21.448511123657227,34.4903564453125
2024-01-23,21.63277816772461,34.672386169433594
2024-01-24,21.651203155517578,34.57658386230469
2024-01-25,21.780189514160156,34.835262298583984
2024-01-26,21.826255798339844,34.94065475463867
2024-01-29,21.982881546020508,35.16100311279297
2024-01-30,21.927602767944336,35.266395568847656
2024-01-31,21.761764526367188,34.82567596435547
2024-02-01,21.8723201751709,35.06519317626953
2024-02-02,21.743337631225586,34.8640022277832
2024-02-05,21.522216796875,34.317901611328125
2024-02-06,21.77097511291504,34.59574890136719
2024-02-07,21.697269439697266,34.691551208496094
2024-02-08,21.669628143310547,34.681976318359375
2024-02-09,21.78940200805664,34.81610107421875
2024-02-12,21.77097511291504,34.92148971557617
2024-02-13,21.1721134185791,33.81013107299805
2024-02-14,21.531431198120117,34.41371154785156
2024-02-15,21.881534576416016,35.16100311279297
2024-02-16,21.863107681274414,35.141841888427734
2024-02-20,21.881534576416016,35.007713317871094
2024-02-21,21.77097511291504,34.95981216430664
2024-02-22,21.982881546020508,35.295135498046875
2024-02-23,22.028945922851562,35.43885040283203
2024-02-26,21.955244064331055,35.30471420288086
2024-02-27,22.10265350341797,35.218482971191406
2024-02-28,21.844684600830078,35.007713317871094
2024-02-29,22.038162231445312,35.22806930541992
2024-03-01,22.286922454833984,35.553810119628906
2024-03-04,22.130294799804688,35.467586517333984
2024-03-05,22.06580352783203,35.429264068603516
2024-03-06,22.4527587890625,35.70709991455078
2024-03-07,22.812076568603516,36.20529556274414
2024-03-08,22.821290969848633,36.032840728759766
2024-03-11,22.489612579345703,36.13823699951172
2024-03-12,22.489612579345703,36.234039306640625
2024-03-13,22.65545082092285,36.550201416015625
2024-03-14,22.222427368164062,36.186134338378906
2024-03-15,22.139509201049805,36.14780807495117
2024-03-18,22.185575485229492,36.13823699951172
2024-03-19,22.222427368164062,36.13823699951172
2024-03-20,22.49882698059082,36.655582427978516
2024-03-21,22.49882698059082,36.598106384277344
2024-03-22,22.35141372680664,36.22445297241211
2024-03-25,22.443546295166016,36.214874267578125
2024-03-26,22.36983871459961,36.13823699951172
2024-03-27,22.71994400024414,36.47355270385742
2024-03-28,22.71994400024414,36.67474365234375
2024-04-01,22.646240234375,36.61726760864258
2024-04-02,22.590957641601562,36.44481658935547
2024-04-03,22.63702392578125,36.598106384277344
2024-04-04,22.508039474487305,36.43523025512695
2024-04-05,22.627811431884766,36.684326171875
2024-04-08,22.756797790527344,36.73222732543945
2024-04-09,22.894996643066406,36.904685974121094
2024-04-10,22.379053115844727,36.3681640625
2024-04-11,22.4343318939209,36.176551818847656
2024-04-12,22.01973533630371,35.592140197753906
2024-04-15,21.863107681274414,35.333457946777344
2024-04-16,21.411657333374023,35.0843620300293
2024-04-17,21.651203155517578,35.22806930541992
2024-04-18,21.466938018798828,35.30471420288086
2024-04-19,21.522216796875,35.553810119628906
2024-04-22,21.78940200805664,35.793331146240234
2024-04-23,21.982881546020508,36.11907196044922
2024-04-24,21.853897094726562,35.793331146240234
2024-04-25,21.724910736083984,35.927459716796875
2024-04-26,21.853897094726562,36.052005767822266
2024-04-29,22.047374725341797,36.09991455078125
2024-04-30,21.50379180908203,35.37177276611328
2024-05-01,21.54985809326172,35.39093780517578
2024-05-02,21.946027755737305,35.774166107177734
2024-05-03,22.259279251098633,35.99452209472656
2024-05-06,22.49882698059082,36.521453857421875
2024-05-07,22.692304611206055,36.41606903076172
2024-05-08,22.572532653808594,36.31068801879883
2024-05-09,22.56332015991211,36.67474365234375
2024-05-10,22.55410385131836,36.58852767944336
2024-05-13,22.590957641601562,36.51187515258789
2024-05-14,22.71994400024414,36.540618896484375
2024-05-15,23.051624298095703,36.69390869140625
2024-05-16,23.152965545654297,36.69390869140625
2024-05-17,23.254314422607422,36.97174835205078
2024-05-20,23.11611557006836,37.00048828125
2024-05-21,23.143754959106445,36.904685974121094
2024-05-22,22.70151710510254,36.578941345214844
2024-05-23,22.572532653808594,36.243621826171875
2024-05-24,22.766008377075195,36.62684631347656
2024-05-28,22.683090209960938,36.540618896484375
2024-05-29,22.29613494873047,35.74542999267578
2024-05-30,22.508039474487305,36.11907196044922
2024-05-31,22.710729598999023,36.655582427978516
2024-06-03,22.858144760131836,36.349002838134766
2024-06-04,22.710729598999023,36.032840728759766
2024-06-05,22.98712921142578,36.253204345703125
2024-06-06,23.125328063964844,36.396907806396484
2024-06-07,22.793649673461914,35.88913345336914
2024-06-10,22.821290969848633,35.956199645996094
2024-06-11,22.585573196411133,35.67478561401367
2024-06-12,22.914260864257812,35.88753890991211
2024-06-13,22.782787322998047,35.39433670043945
2024-06-14,22.623140335083008,35.3363151550293
2024-06-17,22.688875198364258,35.27829360961914
2024-06-18,22.94243621826172,35.31697463989258
2024-06-20,22.970609664916992,35.3363151550293
2024-06-21,22.886089324951172,35.2879638671875
2024-06-24,22.970609664916992,35.85852813720703
2024-06-25,23.026954650878906,35.80050277709961
2024-06-26,22.764001846313477,35.71346664428711
2024-06-27,22.970609664916992,35.99391174316406
2024-06-28,22.94243621826172,35.868194580078125
2024-07-01,22.8579158782959,35.71346664428711
2024-07-02,22.93304443359375,36.09061813354492
2024-07-03,23.280515670776367,36.58382034301758
2024-07-05,23.43077278137207,36.3807373046875
2024-07-08,23.224164962768555,36.4194221496582
2024-07-09,23.26173210144043,36.303375244140625
2024-07-10,23.609203338623047,36.86426544189453
2024-07-11,23.721895217895508,37.115699768066406
2024-07-12,24.069364547729492,37.33812713623047
2024-07-15,23.984848022460938,37.32844924926758
2024-07-16,24.031801223754883,37.74428939819336
2024-07-17,23.862762451171875,37.473514556884766
2024-07-18,23.581029891967773,37.18339920043945
2024-07-19,23.43077278137207,37.115699768066406
2024-07-22,23.505901336669922,37.37681198120117
2024-07-23,23.37442398071289,37.12537384033203
2024-07-24,22.961217880249023,36.79656982421875
2024-07-25,22.84852409362793,36.74821853637695
2024-07-26,23.17721176147461,37.067352294921875
2024-07-29,23.01756477355957,36.96097183227539
2024-07-30,23.167821884155273,37.08668899536133
2024-07-31,23.496511459350586,37.63791275024414
2024-08-01,22.94243621826172,36.79656982421875
2024-08-02,22.557401657104492,35.974571228027344
2024-08-05,21.796720504760742,35.31697463989258
2024-08-06,22.172365188598633,35.81984329223633
2024-08-07,22.125410079956055,35.80050277709961
2024-08-08,22.64192008972168,36.4194221496582
2024-08-09,22.81096076965332,36.58382034301758
2024-08-12,22.773395538330078,36.65151596069336
2024-08-13,23.13025665283203,37.16405487060547
2024-08-14,22.989389419555664,37.386478424072266
2024-08-15,23.19599723815918,37.811981201171875
2024-08-16,23.43077278137207,37.976383209228516
2024-08-19,23.853370666503906,38.24715805053711
2024-08-20,23.721895217895508,38.150455474853516
2024-08-21,23.9754581451416,38.334197998046875
2024-08-22,23.731287002563477,38.16012191772461
2024-08-23,24.322925567626953,38.88541793823242
2024-08-26,24.29475212097168,39.04014587402344
2024-08-27,24.24779510498047,39.02080154418945
2024-08-28,24.21962547302246,38.73068618774414
2024-08-29,24.46379280090332,38.904762268066406
2024-08-30,24.29475212097168,39.15619659423828
2024-09-03,23.947280883789062,38.47925567626953
2024-09-04,23.91910743713379,38.57596206665039
2024-09-05,24.022411346435547,38.469581604003906
2024-09-06,23.59041976928711,38.01506423950195
2024-09-09,24.00362777709961,38.44057083129883
2024-09-10,23.900325775146484,38.24715805053711
2024-09-11,24.050582885742188,38.73068618774414
2024-09-12,24.46379280090332,39.06916427612305
2024-09-13,24.379270553588867,39.20454788208008
2024-09-16,24.745525360107422,39.45598220825195
2024-09-17,24.604658126831055,39.339935302734375
2024-09-18,24.557703018188477,39.15619659423828
2024-09-19,25.186904907226562,39.794456481933594
2024-09-20,24.895782470703125,39.755775451660156
2024-09-23,25.027257919311523,39.98786163330078
2024-09-24,25.243249893188477,40.287654876708984
2024-09-25,24.83004379272461,40.05555725097656
2024-09-26,25.32777214050293,40.287654876708984
2024-09-27,25.40290069580078,40.084571838378906
2024-09-30,25.459247589111328,40.15226364135742
2024-10-01,25.271427154541016,40.268314361572266
2024-10-02,25.262035369873047,40.22962951660156
2024-10-03,25.008474349975586,40.05555725097656
2024-10-04,24.848825454711914,40.29732131958008
2024-10-07,24.764307022094727,40.06522750854492
2024-10-08,24.689180374145508,39.78478240966797
2024-10-09,24.62343978881836,39.997535705566406
2024-10-10,24.717350006103516,40.03622055053711
2024-10-11,24.886390686035156,40.22962951660156
2024-10-14,24.914566040039062,40.23930358886719
2024-10-15,24.764307022094727,40.113582611083984
2024-10-16,24.848825454711914,40.4907341003418
2024-10-17,24.848825454711914,40.50040817260742
2024-10-18,24.94273567199707,40.65513610839844
2024-10-21,24.61404800415039,40.3940315246582
2024-10-22,24.548311233520508,40.442378997802734
2024-10-23,24.266578674316406,40.15226364135742
2024-10-24,24.40744400024414,40.074893951416016
2024-10-25,24.21962547302246,39.80412292480469
2024-10-28,24.322925567626953,40.06522750854492
2024-10-29,24.153884887695312,39.91050338745117
2024-10-30,24.022411346435547,39.87181854248047
2024-10-31,23.806415557861328,39.29158401489258
2024-11-01,23.900325775146484,39.33026123046875
2024-11-04,23.928499221801758,39.55269241333008
2024-11-05,24.29475212097168,39.997535705566406
2024-11-06,24.144493103027344,40.21029281616211
2024-11-07,24.858217239379883,40.771183013916016
2024-11-08,24.360488891601562,40.3166618347168
2024-11-11,24.351099014282227,40.4907341003418
2024-11-12,23.947280883789062,40.858219146728516
2024-11-13,23.956674575805664,40.7518424987793
2024-11-14,24.00362777709961,40.69382095336914
2024-11-15,24.013017654418945,40.34567642211914
2024-11-18,24.34170913696289,40.64546203613281
2024-11-19,24.548311233520508,40.887229919433594
2024-11-20,24.398054122924805,40.81953430175781
2024-11-21,24.642223358154297,41.52548599243164
2024-11-22,24.717350006103516,41.554500579833984
2024-11-25,24.717350006103516,41.47713851928711
2024-11-26,24.388662338256836,41.196685791015625
2024-11-27,24.651613235473633,41.41911315917969
2024-11-29,24.820653915405273,41.82527542114258
2024-12-02,24.75491714477539,41.680213928222656
2024-12-03,24.689180374145508,41.58351135253906
2024-12-04,24.53891944885254,41.544830322265625
2024-12-05,24.501358032226562,41.85429000854492
2024-12-06,24.135103225708008,41.467464447021484
2024-12-09,24.43562126159668,41.29339599609375
2024-12-10,24.022411346435547,41.12899398803711
2024-12-11,24.069364547729492,41.351417541503906
2024-12-12,23.66554832458496,40.761512756347656
2024-12-13,23.571638107299805,40.62612533569336
2024-12-16,23.618593215942383,40.42304229736328
2024-12-17,23.682573318481445,40.17805480957031
2024-12-18,22.899520874023438,39.05110549926758
2024-12-19,22.75628089904785,38.84531784057617
2024-12-20,22.698984146118164,39.12950134277344
2024-12-23,23.014114379882812,39.345096588134766
2024-12-24,23.10961151123047,39.64888000488281
2024-12-26,23.22420310974121,39.60968017578125
2024-12-27,22.97591781616211,39.413692474365234
2024-12-30,22.889972686767578,39.28629684448242
2024-12-31,22.784929275512695,39.492088317871094
